1000000000
10000
2 3 2 3 2 2 2 2 3 2 3 3 2 2 2 2 2 2 3 2 3 3 3 3 2 2 2 2 3 3 2 2 2 3 3 2 2 2 2 3 3 3 3 2 2 3 3 3 2 2 2 2 2 2 2 2 2 3 2 3 2 2 3 2 3 3 3 3 2 3 3 3 3 2 3 3 2 3 3 2 3 2 3 3 3 3 2 3 3 3 3 3 2 3 3 2 3 2 2 2 2 3 3 2 2 3 2 3 2 3 3 3 3 3 3 2 3 3 2 3 2 2 2 2 3 2 3 2 2 3 2 3 2 3 2 3 3 3 3 3 3 3 2 2 2 2 3 3 3 2 3 3 3 2 3 3 3 2 3 2 3 3 3 2 3 3 2 3 2 2 2 2 2 2 3 2 2 3 2 2 2 3 3 3 3 2 3 2 2 3 3 3 3 2 2 2 3 3 2 3 3 2 3 2 2 2 3 3 3 2 2 2 3 2 3 2 2 3 2 2 2 2 2 2 3 3 3 3 3 3 2 2 2 2 3 2 2 3 2 2 3 2 2 3 2 3 3 3 2 3 3 3 2 3 3 2 3 2 3 3 3 3 2 2 3 2 3 2 3 2 3 2 3 3 3 3 2 3 3 3 2 2 3 3 2 3 2 3 3 3 2 2 3 2 3 3 3 2 3 2 3 3 2 2 3 3 3 2 3 3 2 2 2 2 2 3 3 3 2 3 2 3 3 3 3 2 2 2 3 2 3 3 2 2 2 3 3 2 2 3 3 2 3 3 3 2 2 3 3 2 3 3 2 2 3 3 2 3 3 3 3 2 2 3 2 2 2 2 3 3 3 3 2 3 2 2 2 3 3 3 3 3 2 2 3 2 3 2 3 2 2 3 3 3 2 2 2 2 3 3 3 3 2 3 2 2 3 3 2 2 2 2 2 2 2 3 3 3 2 3 2 2 3 3 3 2 3 3 2 3 2 2 2 2 2 3 2 2 2 3 3 2 3 2 3 3 3 2 3 2 2 3 2 2 2 3 3 2 2 2 2 3 3 2 2 3 3 2 2 2 3 3 2 2 2 3 3 2 3 3 3 2 3 2 3 2 3 2 2 2 3 2 3 3 2 2 3 2 3 3 3 2 3 3 2 3 2 2 3 2 2 3 3 3 3 2 3 3 2 2 2 3 3 2 3 2 2 2 2 3 3 3 2 3 2 2 2 3 2 3 3 3 2 3 3 3 2 2 3 2 3 2 3 3 3 3 3 3 2 3 3 3 3 3 3 2 2 3 2 3 2 2 3 2 2 3 3 2 2 3 2 2 2 3 3 2 3 2 3 2 2 3 2 2 3 2 2 2 2 3 3 3 2 3 3 2 2 2 2 3 3 3 2 3 3 3 3 2 2 3 3 2 2 2 3 3 3 2 2 3 2 2 3 2 2 3 3 3 3 3 2 2 3 3 2 2 3 3 2 3 2 2 3 2 2 2 2 2 2 2 2 3 2 3 3 3 2 3 2 3 2 3 3 2 2 2 3 3 3 2 3 2 2 2 3 3 2 3 3 2 3 3 3 3 3 2 2 3 3 2 3 3 3 2 3 3 2 3 2 2 3 3 2 2 2 2 3 2 3 2 2 3 3 2 3 3 2 2 3 3 3 3 2 2 3 3 2 2 3 2 3 3 2 3 3 2 2 2 3 3 2 3 3 3 3 2 2 3 2 3 3 3 2 3 2 2 2 2 3 2 2 3 2 3 2 2 2 2 3 2 2 2 2 2 2 3 2 2 2 3 2 2 3 2 2 3 2 2 3 3 2 2 2 2 3 3 2 2 3 3 2 2 2 3 2 3 2 2 2 3 3 3 3 2 2 2 3 2 3 3 2 3 2 3 3 3 2 3 3 3 3 2 2 2 2 3 3 2 3 3 2 3 2 2 2 3 3 3 2 3 3 2 2 2 3 3 3 3 2 3 3 3 2 3 2 2 2 3 3 2 3 2 3 2 2 3 2 3 3 2 2 2 3 3 2 3 3 2 3 2 3 3 2 3 3 3 2 2 2 2 2 2 2 3 3 2 2 3 2 2 2 2 2 3 3 2 2 2 3 3 2 3 2 3 3 2 3 3 3 3 3 3 3 3 2 2 3 2 2 3 3 2 3 2 3 2 3 2 2 3 2 3 3 3 3 2 3 2 3 3 3 2 3 3 2 3 2 2 2 2 3 3 3 3 3 2 3 3 2 2 3 3 3 3 2 3 2 2 3 3 3 3 2 3 3 3 3 3 2 3 2 3 3 3 2 3 2 2 2 3 2 3 2 2 3 3 2 2 2 2 3 2 2 3 3 3 2 3 3 3 2 2 2 3 2 3 2 2 3 2 2 2 2 3 2 3 2 3 2 2 3 2 3 3 3 2 3 2 2 2 2 2 3 2 2 3 3 3 3 2 2 3 2 3 2 3 2 2 3 2 3 2 2 2 3 2 2 3 3 2 3 3 2 3 3 3 3 3 3 3 3 3 3 2 2 2 3 3 3 2 2 3 2 2 2 2 3 2 3 3 3 2 3 3 3 3 3 3 3 2 2 3 3 2 3 3 3 3 2 2 2 3 3 3 2 3 2 2 3 2 3 2 3 3 2 3 3 3 3 3 3 3 2 3 3 3 3 3 2 3 2 3 2 3 3 2 2 2 3 3 2 3 3 2 2 3 2 3 3 3 3 3 3 2 2 2 3 2 2 2 2 3 3 3 2 2 3 2 3 3 3 2 3 3 3 2 2 2 3 3 3 3 3 3 2 2 3 3 3 2 3 3 2 2 2 3 3 2 2 3 2 2 3 2 3 3 2 2 3 3 2 2 2 2 2 2 3 3 2 2 3 3 2 2 2 2 2 2 2 2 2 2 3 2 3 3 3 2 3 3 3 3 3 3 2 2 2 2 3 3 2 3 3 3 3 3 2 3 3 3 3 2 3 3 2 2 3 2 2 3 2 3 3 3 3 3 3 2 2 3 3 3 3 2 2 3 2 2 2 3 3 3 2 2 3 3 3 2 2 3 3 3 2 3 3 3 2 3 2 3 3 2 2 3 2 2 2 3 3 2 3 2 3 2 3 2 2 2 2 2 3 2 2 2 3 3 3 2 3 2 2 2 3 2 3 2 2 3 3 2 3 2 2 2 2 2 3 2 2 2 3 2 2 3 3 3 3 3 3 3 2 2 3 3 3 2 2 3 2 2 2 3 2 2 2 3 3 2 2 2 3 2 3 3 3 2 2 3 2 2 3 2 3 2 2 2 2 3 2 3 2 2 3 2 2 3 2 3 2 2 3 2 2 2 2 2 2 3 2 3 3 3 3 3 3 3 2 2 3 2 3 3 3 2 2 3 2 2 2 2 3 3 2 2 2 3 3 3 3 3 3 2 3 3 2 3 2 2 3 2 3 2 2 2 2 2 3 2 3 3 3 2 2 3 3 2 2 3 3 3 2 3 3 2 3 2 3 2 2 2 2 3 3 3 3 3 2 3 3 3 2 2 2 2 2 3 2 2 3 2 3 2 3 2 3 3 2 3 2 2 3 3 2 2 2 2 2 3 2 3 2 2 3 2 2 2 3 2 2 2 2 2 3 2 3 2 2 3 2 2 2 2 2 3 2 3 3 3 3 3 3 2 3 2 3 2 3 3 3 2 2 2 2 2 3 3 3 2 3 3 3 2 2 2 2 2 3 3 2 3 2 2 2 2 3 3 2 3 3 3 2 2 3 2 3 3 3 3 2 3 2 2 3 3 2 2 2 3 2 2 3 3 2 2 2 2 2 2 3 2 3 3 3 2 3 2 2 3 2 2 3 3 3 3 2 3 2 3 2 2 2 2 3 3 3 2 2 2 3 2 3 2 3 3 2 3 2 2 3 2 3 2 3 2 2 2 2 3 2 3 3 2 2 2 2 3 3 2 3 2 2 3 2 2 3 2 3 2 2 3 2 3 3 2 2 3 2 3 2 3 3 2 2 3 2 3 2 2 3 3 3 2 2 3 2 3 3 2 2 3 2 3 3 2 3 2 2 2 3 3 2 3 3 3 3 3 3 3 3 3 2 2 2 2 3 3 3 3 2 3 3 3 3 3 2 2 2 2 3 3 3 3 3 3 3 3 3 3 3 2 2 3 2 2 3 2 2 3 2 2 2 2 3 3 2 3 2 3 2 2 3 2 3 2 3 3 2 2 3 3 2 2 2 3 2 2 3 2 3 3 2 2 2 3 3 2 3 2 3 2 3 2 3 2 3 3 2 2 3 2 2 2 2 2 2 2 2 3 2 2 3 3 2 2 3 2 3 3 2 2 2 2 3 2 3 3 3 2 2 2 2 2 2 3 2 2 2 2 3 2 3 3 3 3 2 2 3 2 3 2 2 2 2 3 2 3 3 3 2 2 3 2 3 2 2 3 2 2 2 2 2 2 2 2 3 3 3 3 2 2 3 2 2 2 2 3 3 2 3 2 2 3 2 2 3 3 2 3 3 3 3 2 3 2 3 2 3 2 3 2 3 2 2 2 2 2 3 2 2 2 2 2 3 2 3 2 2 3 3 3 2 2 3 3 2 3 3 3 3 3 2 2 2 2 2 2 3 2 3 2 2 2 2 2 3 2 2 3 2 2 2 3 2 3 3 2 2 2 3 3 2 3 2 3 3 2 3 2 2 3 2 3 2 2 3 2 2 3 3 3 2 3 3 2 3 3 3 2 2 3 3 2 2 2 2 3 2 2 3 3 3 3 2 2 2 2 3 3 3 2 3 2 2 2 2 3 2 2 3 2 3 3 2 3 3 3 3 3 2 3 2 2 2 2 2 3 3 3 3 2 2 3 2 3 3 3 2 3 2 2 3 2 3 2 2 3 2 2 2 3 2 2 2 2 2 3 2 3 3 3 3 3 3 3 2 3 3 3 2 2 2 3 3 3 2 3 3 3 3 3 2 3 2 3 2 2 3 3 3 2 3 2 2 2 2 2 3 2 3 2 2 2 3 2 3 2 3 3 3 2 2 3 3 2 2 2 3 3 2 3 2 2 3 3 2 2 3 3 2 2 3 2 3 3 3 3 2 3 2 3 3 2 3 2 3 2 3 3 2 2 3 2 3 3 2 3 2 2 2 2 3 2 2 2 3 2 2 3 2 3 2 2 3 3 3 3 3 2 2 3 2 2 2 2 3 3 2 2 2 3 3 2 3 2 2 3 2 2 2 2 2 3 3 3 3 3 3 3 2 3 3 2 2 2 2 3 2 3 2 2 3 2 2 3 3 3 3 3 3 3 3 3 2 2 2 3 3 3 2 3 2 2 3 2 2 2 2 3 3 2 3 2 3 2 3 3 3 2 2 3 2 2 2 2 2 2 2 2 3 3 2 3 2 3 2 3 2 2 3 3 3 3 2 3 3 2 2 2 3 2 3 2 2 3 3 2 3 3 3 3 2 2 3 3 3 3 2 3 2 2 3 3 2 2 2 2 2 2 3 3 2 2 3 3 3 2 3 3 2 3 3 3 3 2 3 2 3 2 3 3 3 2 2 3 2 3 2 3 2 3 3 2 3 3 3 3 3 3 3 2 2 3 2 3 3 2 3 3 2 3 2 2 3 3 2 2 3 2 3 2 3 2 3 3 3 3 2 2 2 3 2 3 3 2 2 2 2 3 2 3 3 2 2 2 2 3 2 3 3 2 2 3 2 3 2 2 3 2 3 3 2 2 3 2 3 3 3 3 2 3 3 2 2 2 2 3 3 2 2 2 3 2 2 2 2 3 3 3 3 3 2 3 3 2 2 3 2 2 3 2 3 3 2 3 3 2 2 2 3 3 3 2 2 3 3 2 3 2 2 3 2 3 2 2 2 3 2 2 2 2 3 2 2 3 2 2 3 2 2 3 2 3 3 3 3 3 3 3 2 2 2 2 3 3 2 3 2 3 2 3 3 2 3 2 2 2 2 3 2 3 3 2 3 3 3 2 2 2 2 2 2 2 2 2 3 2 2 2 2 3 3 3 2 2 2 3 3 3 2 3 2 2 2 3 3 3 3 3 3 3 2 3 3 2 2 3 2 2 3 3 3 2 2 2 3 3 3 3 2 2 3 3 2 3 3 2 3 3 3 3 3 3 3 2 3 2 3 3 2 3 2 2 3 3 2 3 2 2 2 3 3 3 2 3 2 3 3 3 2 3 2 3 2 2 2 2 3 2 3 2 3 2 3 3 2 2 2 2 2 2 3 2 2 3 2 2 2 2 3 2 3 3 2 2 2 3 3 2 2 2 2 2 3 3 3 3 2 3 3 2 2 3 2 2 2 3 3 2 3 2 2 2 2 2 2 2 2 3 2 2 3 2 2 2 2 2 3 2 2 3 3 2 2 2 2 3 2 3 3 3 2 3 2 3 3 3 3 3 2 2 3 2 3 3 2 3 2 3 2 3 2 3 2 2 2 2 2 2 3 3 3 2 3 3 3 2 3 3 2 3 3 3 2 3 3 3 2 2 2 3 2 2 2 2 3 3 2 3 3 3 2 2 3 3 2 2 3 3 2 3 3 2 3 3 2 3 3 3 3 2 2 3 2 3 2 3 3 3 2 3 3 3 3 2 3 3 3 3 3 2 2 2 3 2 2 2 2 3 2 2 2 2 2 3 3 2 2 3 3 2 3 3 2 3 3 3 3 2 3 2 3 3 3 2 2 3 2 2 2 3 2 2 2 2 2 3 3 2 3 3 3 2 3 2 3 3 3 3 2 2 2 2 2 2 3 2 3 3 2 3 3 2 3 2 2 2 2 3 2 2 2 2 3 3 2 3 3 3 3 3 3 2 2 2 2 2 2 3 2 2 3 3 3 2 3 2 3 3 3 3 3 3 3 2 2 3 3 2 2 3 3 3 3 3 3 3 3 2 3 3 2 3 2 3 3 3 3 3 3 2 3 3 3 3 2 2 2 3 2 2 3 3 3 3 2 3 2 3 3 2 2 2 2 3 3 2 3 3 3 3 3 3 3 2 2 2 3 3 2 2 2 3 2 3 2 2 2 3 3 3 3 3 2 2 3 2 2 3 3 3 2 2 2 2 2 2 3 2 3 3 3 2 3 3 3 3 3 3 2 2 2 2 3 3 3 3 3 3 3 2 2 3 2 2 2 2 3 2 2 2 2 2 3 3 2 3 2 3 2 3 3 3 2 2 3 3 2 3 3 3 3 3 3 3 3 3 2 2 2 2 3 3 2 2 3 2 3 3 3 3 3 2 2 3 2 3 2 3 3 2 3 2 3 3 2 2 3 2 3 2 2 3 3 2 3 3 2 3 2 3 2 2 3 2 2 3 2 2 2 3 3 3 3 3 3 2 3 2 2 3 3 3 2 3 2 3 3 2 3 2 3 2 3 3 2 3 3 3 2 2 2 2 2 2 2 3 2 3 2 3 3 3 3 2 2 3 2 2 3 2 3 3 2 2 3 2 2 2 2 2 3 2 2 3 2 2 2 3 2 3 3 2 3 2 2 3 3 3 3 2 3 2 2 3 2 3 3 2 3 2 3 3 2 3 2 2 2 2 2 2 2 3 3 3 2 2 2 2 2 3 2 3 3 3 3 3 2 3 3 3 3 2 2 2 3 3 3 2 2 3 3 2 2 2 2 3 2 2 3 3 2 3 3 3 2 3 3 3 3 2 3 2 3 3 2 3 2 2 3 2 3 2 3 2 3 2 3 2 3 2 2 3 3 2 2 3 3 3 3 3 2 2 3 2 3 3 2 3 3 3 2 2 2 3 3 3 2 2 3 3 2 2 2 2 2 2 3 3 3 2 2 2 2 2 2 2 2 2 2 2 3 2 2 3 3 2 3 2 3 2 2 3 2 3 2 3 3 3 3 3 2 2 2 3 3 3 3 2 2 2 2 2 3 3 3 2 3 3 2 3 2 3 3 2 3 3 2 2 2 3 3 2 3 3 3 3 2 3 2 2 2 2 3 3 2 2 2 2 3 3 2 2 2 3 2 2 2 2 2 2 2 3 2 2 2 2 2 3 3 3 2 2 2 3 2 2 2 3 3 2 3 3 2 2 3 3 3 2 3 3 2 2 3 2 3 3 3 3 3 3 3 3 2 2 3 2 3 3 2 2 3 2 2 3 2 3 2 3 3 2 2 2 2 2 3 3 2 3 3 3 3 2 2 3 3 3 2 3 3 2 3 2 3 2 3 3 2 2 3 2 3 2 2 2 2 2 2 3 3 3 3 3 2 3 2 2 3 3 3 2 3 2 3 3 3 3 3 2 2 3 3 3 3 2 2 2 2 2 2 3 2 3 3 2 2 2 3 3 2 2 3 3 3 2 2 2 3 3 2 3 3 2 3 2 2 3 2 3 2 3 2 3 2 3 2 3 3 3 3 2 2 2 2 3 2 3 2 2 2 3 2 2 2 3 2 2 2 3 3 3 2 3 2 3 3 3 2 2 3 3 2 3 2 2 3 2 2 3 2 2 3 3 2 3 2 2 2 3 3 3 2 3 2 2 2 2 3 2 2 3 2 3 2 2 2 3 2 2 3 3 3 2 2 2 2 2 3 3 3 2 2 3 2 3 2 2 3 2 3 2 3 2 2 2 2 3 3 3 3 2 2 3 2 3 2 3 3 3 3 3 2 3 2 2 3 2 3 2 2 2 2 2 2 2 2 2 2 3 2 2 2 3 2 3 2 3 2 3 3 3 3 3 2 2 2 3 3 3 3 2 2 2 2 3 2 3 2 2 2 2 3 3 2 3 2 3 3 2 3 2 3 3 2 2 3 2 3 3 2 3 2 3 3 3 3 3 2 2 3 3 2 2 3 3 3 3 3 2 3 2 2 2 2 2 2 3 3 3 3 3 3 3 3 2 2 2 3 2 2 2 2 3 3 3 2 3 3 2 3 3 3 2 3 2 3 3 2 2 2 2 3 2 3 3 2 3 2 3 2 2 3 3 2 2 2 3 2 3 3 2 2 3 3 2 3 3 3 2 2 2 2 2 3 2 3 3 2 2 3 2 2 2 3 3 2 2 3 2 2 2 2 2 2 2 2 3 2 3 2 3 2 3 3 3 2 2 2 3 3 3 2 2 2 2 2 2 3 3 2 2 2 2 2 3 3 2 3 2 3 2 3 2 2 3 3 2 2 3 3 3 2 3 2 2 2 3 3 2 2 3 3 3 2 2 3 3 3 2 3 3 2 2 3 2 3 2 2 3 3 3 3 2 2 3 2 2 2 2 2 2 3 3 3 2 2 2 3 3 3 3 2 3 3 3 3 3 3 2 2 2 3 2 3 3 2 3 3 2 3 2 2 2 3 2 2 3 2 3 2 2 2 2 2 2 2 3 3 2 3 2 3 2 2 2 2 3 3 2 2 3 2 2 3 2 3 3 2 3 3 2 3 2 2 2 3 3 3 2 2 3 2 2 2 3 3 2 3 3 2 3 2 3 2 3 2 2 2 3 3 2 2 2 2 3 2 3 3 2 2 2 3 3 2 3 3 3 3 3 2 3 3 2 3 3 3 2 3 2 2 3 2 3 3 3 3 3 3 2 2 3 3 3 2 3 3 3 2 2 2 3 3 3 2 3 3 3 2 3 2 2 3 3 2 2 3 3 3 3 3 2 2 3 3 3 2 3 2 2 2 2 2 2 2 3 2 2 2 3 2 3 2 3 3 2 3 3 3 3 3 3 2 3 2 3 2 3 3 2 2 3 2 3 3 2 3 3 2 2 3 3 3 3 3 2 3 3 3 2 3 3 3 2 3 3 3 2 3 2 3 3 3 2 3 3 3 2 2 2 3 2 2 3 3 3 2 2 3 3 2 3 3 3 3 3 3 3 3 3 3 3 2 2 3 3 2 2 2 2 2 2 2 2 2 3 2 2 3 2 3 3 2 3 2 2 3 2 2 3 3 2 2 2 2 3 3 3 3 2 2 3 3 3 2 3 2 3 3 3 3 2 3 2 3 3 2 2 3 2 2 2 2 2 2 2 2 3 3 2 3 3 3 2 3 3 2 2 3 3 3 3 2 2 2 2 2 2 2 2 3 2 3 3 2 2 3 3 3 3 2 2 2 3 2 3 3 2 3 3 2 2 2 3 2 3 3 3 3 3 2 2 2 2 3 3 2 3 2 3 3 3 2 2 2 3 2 2 3 2 2 2 2 2 3 3 2 2 2 3 2 2 3 3 2 3 2 3 2 3 2 2 2 3 3 3 2 3 2 3 3 3 3 3 3 2 3 3 3 3 3 2 2 3 3 2 3 3 3 3 3 3 2 2 2 2 2 2 3 3 3 2 3 2 3 3 2 3 3 3 2 2 2 2 2 2 2 2 2 3 3 2 3 3 3 3 3 2 2 2 2 3 3 3 3 2 3 2 3 3 3 3 3 3 2 2 3 2 2 2 3 2 3 3 2 3 2 3 3 2 3 2 2 2 3 3 3 2 3 3 2 2 3 2 3 2 2 3 3 3 2 3 2 3 3 3 2 2 3 2 2 3 3 2 2 3 2 2 2 3 2 2 3 2 3 3 2 3 3 3 3 2 2 3 3 3 2 2 2 2 2 2 2 2 2 3 2 2 2 3 2 2 2 2 2 3 2 2 2 2 3 2 2 3 3 3 3 2 3 2 2 3 2 2 2 3 2 3 3 2 3 3 3 2 3 2 3 3 2 3 3 3 3 3 2 3 2 3 3 3 2 2 2 2 2 3 3 3 3 2 3 2 2 2 3 2 3 3 2 2 3 2 3 3 2 3 3 2 3 3 3 3 2 3 2 2 3 2 2 2 3 2 2 3 3 2 3 3 2 3 3 2 3 3 3 3 2 3 2 3 3 3 3 2 2 3 2 3 2 2 3 2 3 2 2 2 2 2 3 2 2 3 3 3 3 3 2 2 2 3 2 3 2 3 2 2 3 3 3 3 3 2 3 3 3 2 2 2 2 3 2 2 2 3 3 3 2 2 2 3 2 3 3 2 2 2 3 3 3 2 2 2 3 3 3 2 3 3 3 2 3 2 2 2 2 3 2 3 3 2 3 3 2 2 2 3 3 2 2 3 3 3 2 3 3 2 2 3 2 2 2 2 2 2 3 3 2 2 3 3 2 2 2 3 2 3 2 2 2 2 2 3 2 3 2 3 2 2 2 2 3 3 2 2 3 2 3 2 3 2 3 3 3 3 2 2 2 3 2 2 3 3 2 3 3 2 2 2 3 2 3 2 2 3 2 2 2 2 3 2 2 2 3 2 3 3 2 3 2 3 2 3 3 3 3 3 2 2 3 3 3 3 3 3 3 3 2 3 2 2 3 3 3 3 2 3 2 2 3 3 2 2 3 2 2 2 3 2 2 2 3 3 3 3 3 2 3 2 2 3 2 3 2 3 3 2 2 3 3 2 3 3 2 3 2 3 2 3 3 2 2 3 3 3 2 2 2 2 3 2 2 2 2 3 3 3 3 3 3 3 2 3 2 3 2 2 3 2 3 3 3 2 2 3 2 2 2 3 2 2 2 2 3 3 2 2 3 3 2 3 3 3 2 2 3 2 2 3 3 3 2 3 2 2 3 2 2 2 2 3 2 2 2 2 2 2 3 3 3 3 3 3 2 3 3 2 3 2 2 2 2 2 2 3 3 2 2 2 3 2 3 2 2 2 2 2 2 3 2 2 2 2 3 2 2 2 3 3 2 3 3 3 2 3 2 2 2 3 3 3 2 3 2 2 3 2 3 2 3 3 2 2 2 2 2 3 3 2 3 3 3 2 2 3 2 2 2 3 2 3 2 2 3 3 3 3 2 2 2 3 3 3 3 3 3 3 2 3 3 3 3 3 3 3 3 2 2 2 3 2 2 2 2 2 3 2 2 3 3 3 3 2 3 3 2 2 2 2 3 3 3 2 2 3 2 2 3 3 3 2 3 2 2 3 3 2 3 2 3 3 2 3 2 2 3 2 3 3 3 2 2 3 2 2 3 3 3 3 2 2 2 2 2 2 2 3 3 2 3 2 2 3 2 2 2 3 3 3 3 3 2 3 3 3 3 2 3 3 2 3 3 2 3 2 2 3 3 2 2 2 3 3 2 3 3 2 2 3 2 3 3 2 2 2 2 3 2 3 2 3 3 2 3 3 2 2 2 2 3 3 3 2 3 3 3 2 2 2 3 3 2 3 3 3 3 3 3 3 3 2 3 3 2 2 3 2 3 3 2 3 2 3 3 2 2 2 2 2 3 3 3 2 2 3 3 3 2 3 2 2 3 3 2 2 2 3 3 2 3 2 2 3 3 3 3 2 3 3 3 2 2 2 3 3 3 3 3 2 2 2 3 3 2 3 2 2 2 3 3 3 2 3 3 3 3 3 2 3 2 3 3 3 3 3 2 2 3 3 2 3 3 2 3 3 2 3 3 2 2 2 3 3 2 3 2 2 2 3 2 2 2 3 3 3 3 3 3 2 3 2 2 2 3 3 2 2 2 2 3 3 3 2 3 3 3 2 2 3 3 2 3 2 3 3 3 3 3 3 2 2 3 2 3 3 3 2 2 2 2 2 2 3 2 2 3 2 3 2 2 2 2 3 2 3 3 3 3 3 2 3 3 2 3 2 3 3 2 2 2 3 2 2 3 3 2 2 3 3 2 3 2 2 3 2 2 3 2 3 3 2 2 3 2 3 3 3 3 3 3 2 3 3 3 3 2 3 2 3 2 2 2 2 3 3 3 2 3 2 2 3 3 2 2 2 3 2 2 2 2 2 3 2 2 3 3 2 2 3 3 2 3 3 3 3 3 2 2 3 2 2 3 3 3 2 2 3 2 3 3 3 2 2 2 3 3 3 2 2 3 3 2 3 2 2 2 3 3 3 2 3 3 2 2 3 2 3 3 2 3 3 2 2 3 2 2 3 2 3 2 3 2 2 2 3 3 2 3 2 3 2 2 3 3 2 3 2 2 3 2 3 2 3 3 2 3 2 2 2 3 2 3 2 2 3 2 3 3 3 3 2 2 2 3 3 3 2 3 3 3 3 2 3 2 3 2 2 2 3 2 3 2 2 3 3 3 2 2 2 3 3 2 3 2 2 3 3 3 3 2 2 2 2 3 3 3 3 2 2 3 2 3 3 3 3 2 3 2 3 3 2 2 3 2 2 2 2 3 2 2 2 2 2 2 2 2 3 2 2 3 2 3 2 3 2 3 3 3 2 2 3 2 3 3 3 2 3 3 3 3 3 3 2 2 3 3 3 3 3 3 2 2 3 2 2 2 3 3 2 3 2 2 2 2 2 2 2 3 3 2 3 3 2 3 3 2 3 2 3 3 2 3 3 3 2 2 2 3 2 2 3 3 2 2 3 2 2 3 2 2 2 2 3 3 3 2 2 3 3 2 2 2 3 3 2 3 2 2 2 2 3 3 2 2 2 2 3 2 2 3 2 2 3 3 3 2 3 2 2 2 3 3 2 3 3 2 3 2 2 3 3 3 3 3 2 3 2 3 2 3 3 2 3 3 2 3 2 3 2 2 2 3 2 3 2 3 3 3 3 2 2 2 2 2 2 3 2 2 3 3 2 3 2 3 3 2 2 2 3 2 2 3 2 2 2 3 2 3 2 3 2 2 2 2 3 2 2 2 3 2 3 3 3 3 2 2 2 3 3 3 3 2 2 2 3 3 3 3 3 3 3 2 3 2 2 3 2 3 3 2 3 3 2 3 2 3 2 2 2 3 2 3 2 2 2 3 3 3 2 3 2 2 3 2 3 3 2 2 2 2 2 3 3 2 3 3 2 3 3 3 3 3 3 2 3 3 3 3 2 3 2 2 3 3 2 3 3 3 3 2 2 2 2 2 2 2 2 3 2 2 3 2 3 3 2 2 2 2 2 2 2 3 3 3 3 3 2 2 2 2 3 3 2 2 2 2 3 3 2 2 3 2 2 3 2 3 3 3 2 2 2 2 3 3 3 3 3 2 2 3 2 3 3 3 3 2 3 3 3 3 3 3 3 3 2 3 2 3 3 3 3 3 2 3 2 2 3 2 3 2 3 2 3 3 2 2 3 3 3 3 2 3 3 2 3 2 2 2 2 2 2 2 3 2 3 2 2 2 3 3 3 2 2 2 3 2 2 2 3 3 2 2 2 3 2 2 3 3 3 3 2 3 3 3 2 3 2 3 3 3 2 2 2 3 3 2 2 2 3 2 2 2 3 3 2 2 3 2 2 3 2 3 2 2 2 3 3 2 2 2 3 2 3 3 2 3 2 2 3 2 3 2 2 2 2 3 3 2 3 2 2 2 3 3 2 3 2 3 3 2 3 3 2 2 3 2 3 2 2 2 3 2 2 2 2 2 3 3 2 2 3 2 2 3 3 3 2 2 2 3 2 2 2 2 3 2 2 2 3 3 3 2 2 3 2 3 3 2 3 2 3 3 3 3 2 2 2 2 3 2 2 2 2 3 3 2 2 3 3 3 2 3 3 3 3 3 3 3 3 2 3 2 2 3 3 3 3 3 2 2 2 3 3 3 3 3 3 2 3 2 2 2 2 2 2 3 2 2 2 3 2 3 2 3 3 3 3 2 2 3 3 2 2 3 3 3 3 2 2 3 3 2 3 2 3 3 2 2 3 3 3 3 3 2 3 2 2 2 2 3 2 3 3 2 2 2 3 2 2 2 2 2 2 2 3 2 3 2 3 2 3 3 2 3 3 2 2 2 3 3 2 2 3 3 3 3 2 2 2 3 3 2 3 3 3 2 2 2 3 3 3 3 3 3 2 3 3 3 2 3 2 3 2 2 2 2 3 2 3 2 3 3 2 2 2 2 2 3 3 3 2 3 2 3 2 3 3 3 2 3 3 3 3 2 2 3 2 3 2 3 2 3 3 3 3 2 2 2 3 3 3 3 3 3 2 3 2 2 3 2 3 3 3 3 2 3 3 2 2 3 2 3 2 3 3 3 3 3 3 2 2 2 2 2 2 3 3 2 3 3 2 3 2 3 3 3 2 2 2 2 3 3 3 3 2 2 3 3 2 2 3 2 2 3 3 3 2 2 3 2 2 2 2 2 3 2 3 3 3 2 2 2 2 3 2 2 2 2 2 2 3 3 2 2 2 2 2 2 2 2 2 2 3 3 3 2 2 2 3 3 3 3 2 2 3 3 3 2 2 2 2 2 2 2 3 2 2 3 2 3 3 2 3 3 2 3 3 2 2 2 3 3 3 2 2 2 3 2 2 2 3 2 2 2 3 2 2 2 3 2 3 3 2 2 2 2 2 3 3 3 3 2 2 2 3 3 2 3 3 3 2 3 2 2 3 3 3 3 2 3 2 3 2 2 3 2 2 3 2 3 3 2 2 2 3 3 2 2 2 3 3 2 3 3 2 2 3 2 2 3 3 2 2 3 2 2 2 2 2 2 3 3 2 3 2 3 2 3 2 3 2 3 3 2 2 3 3 3 2 2 2 3 3 3 3 2 3 3 3 3 3 2 2 3 3 2 2 2 2 3 2 3 3 2 2 3 2 2 2 3 3 2 2 3 2 3 3 2 2 3 3 2 2 3 2 2 3 2 2 3 2 2 2 2 2 2 3 2 3 2 3 3 3 3 3 3 2 2 2 3 2 3 3 3 2 3 2 3 2 3 3 3 2 2 2 3 2 3 2 2 3 3 2 3 3 3 2 2 3 3 3 2 2 2 3 3 2 2 2 2 2 2 2 2 2 2 2 2 2 3 2 3 3 3 3 2 3 3 2 3 3 2 2 3 2 3 3 3 2 2 3 2 2 3 2 2 2 3 3 3 2 3 2 3 2 3 3 3 2 2 2 2 2 2 3 3 2 3 2 2 2 2 2 3 3 3 2 2 2 2 2 3 2 2 3 3 3 3 2 2 3 2 3 3 2 3 3 2 3 3 3 2 3 3 2 2 2 3 2 2 2 3 3 2 3 2 2 2 2 2 2 2 2 3 3 3 3 2 3 2 2 3 2 2 3 3 2 3 3 2 3 3 2 3 2 2 3 2 3 3 3 3 3 2 2 3 3 3 3 3 3 3 2 2 3 3 2 2 2 3 2 3 3 3 2 2 3 2 2 3 2 3 3 3 3 2 2 2 3 3 2 3 2 3 3 3 2 2 2 2 2 3 2 2 3 2 2 3 3 2 3 2 3 2 3 3 3 3 2 3 3 3 2 3 3 3 3 3 2 3 2 3 3 2 2 2 3 3 3 3 2 3 3 3 3 2 2 3 3 2 3 2 3 2 3 3 3 2 3 3 2 2 3 3 3 2 2 3 3 3 3 3 2 2 2 3 2 2 2 3 3 2 3 3 3 2 2 3 2 2 2 2 2 2 3 3 2 3 3 2 3 2 2 2 3 2 2 3 2 2 3 2 2 3 2 2 2 3 2 3 2 2 2 3 3 3 3 3 3 2 2 2 3 3 2 2 3 3 3 3 2 3 2 3 2 3 2 3 2 2 2 2 2 3 3 3 2 3 3 3 2 3 3 3 3 3 2 3 3 2 3 2 3 2 3 2 3 2 3 3 2 2 2 2 3 2 3 3 2 3 3 3 2 2 2 2 2 2 2 3 3 2 3 3 2 2 3 3 3 2 3 3 2 3 2 3 3 3 3 2 2 2 3 2 2 2 3 2 2 3 2 3 2 3 2 3 3 2 3 2 3 2 3 3 3 2 2 3 2 3 2 3 2 2 2 3 2 2 2 3 2 3 3 3 2 2 2 2 2 3 3 3 2 2 3 2 3 2 3 3 3 2 2 2 2 2 3 2 2 3 2 2 3 2 3 3 3 2 2 2 2 2 3 2 3 3 3 3 3 3 2 3 2 3 3 3 3 2 2 2 2 2 2 2 3 2 2 2 2 2 2 3 2 2 2 2 3 3 3 3 3 3 3 3 2 3 2 2 2 3 2 2 2 3 3 2 3 2 3 3 3 2 2 3 2 3 3 2 2 2 3 3 3 2 3 3 2 2 2 2 2 3 3 3 2 3 2 2 2 2 2 2 3 3 2 2 3 2 3 2 2 2 3 3 3 2 2 3 3 3 3 3 2 3 2 2 3 3 2 3 3 3 3 2 3 2 2 3 3 2 2 2 3 2 2 3 2 3 2 3 3 2 2 2 2 2 3 2 3 2 2 3 2 2 3 2 2 2 3 2 2 3 3 3 2 2 2 2 2 2 3 2 3 2 2 2 2 2 3 2 2 3 3 3 3 2 2 3 2 3 3 2 3 2 3 3 2 3 2 2 3 2 3 2 3 3 2 3 2 2 2 3 2 2 3 3 2 2 3 3 3 3 3 3 2 2 2 3 2 3 2 2 3 2 2 3 2 2 2 2 3 3 2 3 2 3 3 3 2 2 2 2 3 2 2 2 2 2 3 2 3 2 3 3 2 2 3 2 3 2 2 3 2 2 3 2 3 2 2 3 3 3 3 3 2 2 3 2 3 3 3 3 3 3 2 3 3 3 3 3 2 3 3 3 3 2 3 3 2 3 3 2 3 3 3 3 2 2 3 3 2 2 2 2 2 2 3 3 2 3 3 3 2 3 3 3 2 3 2 3 2 3 3 3 3 3 3 3 2 2 2 3 2 3 3 2 2 3 2 2 3 3 3 3 3 3 3 3 2 3 3 2 3 3 2 2 2 2 3 2 3 2 3 2 3 3 2 2 3 3 3 3 3 3 3 2 2 3 2 2 3 2 2 2 3 2 2 3 2 3 3 3 2 3 3 2 2 2 2 2 2 3 2 3 3 2 2 3 2 3 3 3 3 2 2 2 3 2 2 3 3 3 3 2 2 2 3 3 3 2 2 3 2 3 3 3 2 3 2 2 2 2 2 3 2 2 2 2 3 2 2 2 3 3 3 3 3 3 2 3 3 3 2 3 2 3 3 2 2 3 2 3 2 2 3 2 3 2 2 3 2 2 2 3 2 2 2 2 2 2 2 3 3 3 3 2 2 3 3 3 2 3 2 3 3 2 2 3 3 2 2 2 2 2 2 3 3 3 2 3 3 2 3 2 2 3 3 2 2 2 3 3 3 3 2 3 2 3 2 2 2 3 2 2 3 2 3 3 3 3 3 3 3 3 2 3 2 3 2 3 3 3 2 3 2 2 3 3 2 2 2 2 2 3 3 2 3 3 2 3 3 3 3 2 3 2 3 2 3 2 3 3 3 2 3 2 3 3 3 3 3 3 2 3 2 3 2 2 2 2 3 3 2 3 3 3 2 2 2 2 3 3 2 2 2 2 3 3 3 2 2 3 2 3 3 3 3 2 3 3 3 2 3 2 3 3 3 2 3 3 3 2 2 3 3 3 3 3 3 3 2 3 2 3 2 2 2 2 2 3 3 3 2 2 3 3 3 2 3 2 3 3 3 2 2 3 2 2 3 3 2 3 3 2 2 3 2 3 3 2 3 2 3 2 3 2 2 2 2 3 2 2 2 2 2 3 3 3 2 3 2 3 3 2 2 2 2 2 3 3 3 3 2 2 3 3 2 2 2 2 2 2 3 3 3 2 2 2 3 3 3 3 3 2 2 3 2 3 2 3 3 2 2 3 3 3 2 3 3 3 2 2 2 2 2 2 3 2 2 3 2 2 2 3 3 2 3 3 2 2 3 3 3 2 2 2 2 3 3 2 2 3 3 3 2 3 3 2 2 2 3 2 2 3 2 3 2 3 2 3 2 3 2 3 2 2 2 3 2 2 3 3 2 2 3 2 3 3 3 3 2 2 2 2 3 2 3 3 2 2 3 2 2 3 2 3 3 3 3 2 3 3 3 2 2 3 3 2 3 2 2 3 3 2 3 3 3 3 2 3 3 2 2 2 2 2 2 3 2 2 2 3 2 2 3 2 2 3 2 2 2 2 3 3 3 3 3 3 2 3 3 3 2 3 3 2 3 2 2 3 2 3 3 3 2 2 2 2 3 2 2 2 2 2 2 3 3 2 3 3 3 2 2 2 2 2 3 2 3 2 3 3 2 2 2 3 2 3 2 3 2 3 3 3 2 2 3 3 2 3 3 2 3 2 2 3 3 3 3 3 2 2 3 3 2 2 2 3 2 3 3 2 2 3 3 3 3 2 3 3 2 3 3 2 3 2 2 3 3 3 3 2 2 2 2 2 2 3 2 2 2 2 2 2 3 3 2 3 2 2 3 2 2 3 3 2 2 2 2 3 2 3 2 3 2 3 2 2 2 3 2 3 2 3 2 2 2 3 3 2 3 3 2 2 2 3 2 2 2 2 2 2 3 2 3 3 3 3 2 2 3 2 3 3 3 2 2 3 2 3 2 3 2 3 3 2 3 3 3 3 3 2 2 3 2 2 2 3 2 3 2 2 2 3 3 2 2 3 3 3 2 2 2 3 2 3 2 2 2 3 3 2 3 2 2 2 2 2 3 2 3 3 3 3 2 3 3 2 3 3 3 3 3 2 3 2 2 2 3 3 2 2 3 3 3 2 3 3 2 3 2 2 3 3 2 3 3 3 3 2 3 3 2 3 3 3 3 3 2 3 2 2 3 2 3 3 2 3 3 3 2 2 3 3 3 2 3 3 2 3 3 2 3 3 3 2 3 2 2 2 3 2 2 3 3 3 3 2 2 2 3 3 2 3 3 2 2 2 3 2 2 2 3 2 3 2 3 2 2 3 2 2 3 3 2 3 2 3 2 3 3 2 3 3 2 2 3 3 2 3 2 2 3 3 2 3 2 2 3 3 2 3 2 2 3 2 2 3 3 3 3 2 2 3 2 3 2 3 3 3 3 2 2 2 3 2 2 2 2 3 3 2 3 3 3 3 3 2 3 3 2 2 2 2 2 3 3 3 2 3 2 3 2 2 3 2 2 2 2 2 3 3 3 3 3 3 2 3 3 3 2 3 3 3 3 2 2 3 3 3 2 2 3 3 2 3 2 2 2 2 3 3 3 2 2 3 2 3 2 2 3 2 3 3 3 2 3 3 2 2 3 3 3 3 2 3 3 2 3 3 2 3 3 2 2 3 2 3 3 2 3 3 3 2 3 2 2 2 2 3 3 3 2 2 3 2 3 2 3 2 3 2 2 2 2 3 3 2 2 2 2 2 3 3 3 2 3 3 2 2 2 2 3 2 3 3 2 2 2 3 2 2 3 2 3 3 2 3 3 3 3 3 2 3 3 2 3 2 2 3 3 2 2 2 3 2 2 2 2 3 3 2 3 2 3 3 2 2 3 3 2 3 2 3 3 3 2 2 3 2 3 2 2 3 3 3 2 2 2 2 3 3 2 2 3 2 2 3 3 2 3 2 2 3 2 3 3 2 2 2 2 3 3 3 2 3 3 3 2 3 3 2 2 2 2 3 3 2 3 2 3 2 2 3 2 3 2 2 3 2 2 2 2 2 3 2 3 3 3 3 3 2 2 3 3 2 2 2 2 2 2 2 3 3 3 3 2 2 3 3 2 2 3 3 3 3 2 2 3 2 2 2 3 2 3 2 3 2 2 3 3 2 2 3 3 3 2 3 2 3 2 3 3 3 3 3 2 3 2 2 3 3 3 2 3 2 2 3 3 3 3 2 2 3 2 3 3 2 3 3 3 2 2 3 3 2 2 3 3 2 2 2 2 3 2 2 2 3 2 2 2 3 3 3 2 3 2 3 3 2 3 3 3 3 2 3 2 3 3 3 2 3 3 3 2 3 3 3 3 2 2 2 3 2 2 2 3 3 2 2 2 2 3 3 2 3 3 3 3 3 2 3 2 3 2 2 2 2 2 2 2 3 3 3 3 2 2 2 2 2 3 2 2 2 3 3 3 3 2 3 3 2 3 3 2 2 3 3 3 2 2 2 2 2 2 3 2 3 3 2 3 2 3 2 2 3 3 2 3 2 3 2 3 2 2 3 3 3 2 2 2 3 2 3 3 2 2 2 2 2 2 3 3 3 3 2 2 2 2 2 3 3 3 2 2 2 2 2 2 3 2 2 2 3 2 2 2 3 3 2 3 2 2 2 3 3 2 2 3 2 2 3 2 2 3 3 3 2 2 3 2 3 3 3 3 3 2 2 2 3 3 3 2 2 2 2 3 2 2 2 3 2 2 3 2 3 3 3 2 2 2 3 3 2 2 3 3 3 2 3 2 3 3 2 3 2 3 2 3 2 2 2 3 3 2 2 3 3 2 2 3 2 2 3 2 3 2 3 2 3 2 2 3 2 3 3 3 2 2 3 3 3 2 3 2 2 3 2 3 2 2 3 3 2 3 2 3 2 2 3 2 2 3 3 2 3 3 3 2 3 2 3 3 2 3 2 3 3 2 3 2 3 3 2 2 2 3 2 3 3 3 3 3 3 3 3 3 2 2 2 3 3 3 2 3 2 3 2 3 2 2 3 3 3 2 3 2 2 3 2 2 3 2 2 3 3 2 3 3 2 3 2 3 2 3 2 2 2 3 3 3 2 2 3 2 2 3 3 2 2 3 3 2 2 2 2 2 2 2 3 2 2 3 2 3 3 3 2 2 3 2 3 2 3 3 2 3 3 3 2 3 2 2 2 2 3 2 2 3 3 2 3 3 3 3 2 2 3 2 3 3 2 2 3 3 3 2 2 3 2 2 3 3 3 3 2 3 3 2 3 3 2 3 2 2 2 3 2 3 2 2 2 2 2 2 3 3 2 2 2 2 3 3 3 2 2 2 2 3 3 2 2 3 2 3 3 3 2 2 3 3 3 3 3 3 3 2 2 2 3 3 3 2 3 2 2 3 3 2 3 2 2 2 3 2 2 2 3 3 2 2 2 2 3 3 2 3 3 3 2 3 2 2 3 3 2 3 2 2 3 2 2 2 2 2 3 2 2 3 3 3 2 3 2 3 3 2 2 2 2 2 3 3 2 2 3 3 2 3 2 2 3 3 3 2 2 2 3 2 2 3 2 2 2 3 3 3 3 3 2 3 2 2 2 2 3 2 2 3 2 3 2 3 2 3 2 2 2 2 2 3 2 2 2 2 3 3 2 3 3 2 3 2 3 2 2 2 2 2 2 3 3 2 2 3 2 2 3 3 3 3 3 3 2 3 2 2 2 3 2 3 3 2 2 2 3 2 2 3 2 3 2 3 3 2 2 3 3 2 3 2 3 3 3 2 3 3 2 3 2 2 3 2 2 3 3 3 3 3 3 2 2 3 3 3 3 3 2 2 3 3 2 3 2 2 3 2 3 2 3 2 3 3 3 3 2 2 3 3 3 3 3 3 2 3 3 2 2 2 2 2 3 2 3 3 3 2 2 2 3 3 3 2 2 2 3 3 2 3 3 3 3 2 3 3 3 2 3 3 2 3 2 3 2 3 3 3 2 2 3 3 2 2 2 2 2 3 2 2 2 2 3 3 2 3 2 2 2 3 2 2 2 2 3 2 2 2 3 3 2 2 3 2 2 3 2 3 3 2 2 3 2 2 3 3 3 3 2 3 3 3 2 3 2 2 2 2 3 2 2 2 3 2 3 3 2 3 3 3 2 2 2 2
24998
1 1
2 1
3 2
4 2
5 2
6 3
7 3
8 4
9 4
10 4
11 5
12 5
13 6
14 6
15 7
16 7
17 8
18 8
19 9
20 9
21 9
22 10
23 10
24 11
25 11
26 11
27 12
28 12
29 12
30 13
31 13
32 14
33 14
34 15
35 15
36 16
37 16
38 17
39 17
40 18
41 18
42 19
43 19
44 19
45 20
46 20
47 21
48 21
49 21
50 22
51 22
52 22
53 23
54 23
55 23
56 24
57 24
58 24
59 25
60 25
61 26
62 26
63 27
64 27
65 28
66 28
67 29
68 29
69 29
70 30
71 30
72 30
73 31
74 31
75 32
76 32
77 33
78 33
79 34
80 34
81 34
82 35
83 35
84 35
85 36
86 36
87 37
88 37
89 38
90 38
91 39
92 39
93 40
94 40
95 40
96 41
97 41
98 41
99 42
100 42
101 42
102 43
103 43
104 43
105 44
106 44
107 45
108 45
109 46
110 46
111 46
112 47
113 47
114 47
115 48
116 48
117 48
118 49
119 49
120 50
121 50
122 51
123 51
124 52
125 52
126 53
127 53
128 54
129 54
130 55
131 55
132 56
133 56
134 57
135 57
136 58
137 58
138 58
139 59
140 59
141 60
142 60
143 60
144 61
145 61
146 62
147 62
148 63
149 63
150 63
151 64
152 64
153 65
154 65
155 65
156 66
157 66
158 66
159 67
160 67
161 67
162 68
163 68
164 68
165 69
166 69
167 70
168 70
169 70
170 71
171 71
172 71
173 72
174 72
175 72
176 73
177 73
178 73
179 74
180 74
181 75
182 75
183 75
184 76
185 76
186 76
187 77
188 77
189 78
190 78
191 78
192 79
193 79
194 79
195 80
196 80
197 81
198 81
199 81
200 82
201 82
202 83
203 83
204 83
205 84
206 84
207 84
208 85
209 85
210 85
211 86
212 86
213 86
214 87
215 87
216 88
217 88
218 88
219 89
220 89
221 89
222 90
223 90
224 90
225 91
226 91
227 91
228 92
229 92
230 92
231 93
232 93
233 94
234 94
235 94
236 95
237 95
238 95
239 96
240 96
241 97
242 97
243 97
244 98
245 98
246 99
247 99
248 100
249 100
250 101
251 101
252 102
253 102
254 102
255 103
256 103
257 103
258 104
259 104
260 105
261 105
262 106
263 106
264 106
265 107
266 107
267 108
268 108
269 108
270 109
271 109
272 110
273 110
274 110
275 111
276 111
277 111
278 112
279 112
280 112
281 113
282 113
283 113
284 114
285 114
286 114
287 115
288 115
289 115
290 116
291 116
292 117
293 117
294 117
295 118
296 118
297 118
298 119
299 119
300 120
301 120
302 120
303 121
304 121
305 122
306 122
307 123
308 123
309 124
310 124
311 125
312 125
313 125
314 126
315 126
316 127
317 127
318 127
319 128
320 128
321 129
322 129
323 130
324 130
325 130
326 131
327 131
328 132
329 132
330 132
331 133
332 133
333 134
334 134
335 134
336 135
337 135
338 136
339 136
340 136
341 137
342 137
343 137
344 138
345 138
346 138
347 139
348 139
349 139
350 140
351 140
352 140
353 141
354 141
355 141
356 142
357 142
358 142
359 143
360 143
361 144
362 144
363 145
364 145
365 146
366 146
367 147
368 147
369 147
370 148
371 148
372 148
373 149
374 149
375 149
376 150
377 150
378 151
379 151
380 151
381 152
382 152
383 152
384 153
385 153
386 153
387 154
388 154
389 155
390 155
391 155
392 156
393 156
394 156
395 157
396 157
397 157
398 158
399 158
400 159
401 159
402 159
403 160
404 160
405 161
406 161
407 161
408 162
409 162
410 162
411 163
412 163
413 163
414 164
415 164
416 165
417 165
418 165
419 166
420 166
421 166
422 167
423 167
424 168
425 168
426 168
427 169
428 169
429 170
430 170
431 171
432 171
433 172
434 172
435 173
436 173
437 174
438 174
439 175
440 175
441 175
442 176
443 176
444 177
445 177
446 178
447 178
448 178
449 179
450 179
451 180
452 180
453 181
454 181
455 182
456 182
457 182
458 183
459 183
460 183
461 184
462 184
463 184
464 185
465 185
466 185
467 186
468 186
469 187
470 187
471 187
472 188
473 188
474 189
475 189
476 190
477 190
478 190
479 191
480 191
481 191
482 192
483 192
484 192
485 193
486 193
487 193
488 194
489 194
490 195
491 195
492 196
493 196
494 197
495 197
496 197
497 198
498 198
499 198
500 199
501 199
502 200
503 200
504 200
505 201
506 201
507 201
508 202
509 202
510 203
511 203
512 203
513 204
514 204
515 205
516 205
517 206
518 206
519 207
520 207
521 207
522 208
523 208
524 208
525 209
526 209
527 209
528 210
529 210
530 211
531 211
532 212
533 212
534 213
535 213
536 213
537 214
538 214
539 215
540 215
541 215
542 216
543 216
544 217
545 217
546 218
547 218
548 218
549 219
550 219
551 220
552 220
553 221
554 221
555 222
556 222
557 223
558 223
559 224
560 224
561 225
562 225
563 225
564 226
565 226
566 226
567 227
568 227
569 227
570 228
571 228
572 228
573 229
574 229
575 229
576 230
577 230
578 230
579 231
580 231
581 232
582 232
583 233
584 233
585 234
586 234
587 235
588 235
589 235
590 236
591 236
592 237
593 237
594 238
595 238
596 238
597 239
598 239
599 240
600 240
601 241
602 241
603 241
604 242
605 242
606 243
607 243
608 244
609 244
610 244
611 245
612 245
613 246
614 246
615 246
616 247
617 247
618 247
619 248
620 248
621 248
622 249
623 249
624 250
625 250
626 250
627 251
628 251
629 251
630 252
631 252
632 252
633 253
634 253
635 254
636 254
637 254
638 255
639 255
640 255
641 256
642 256
643 257
644 257
645 257
646 258
647 258
648 259
649 259
650 259
651 260
652 260
653 260
654 261
655 261
656 261
657 262
658 262
659 262
660 263
661 263
662 264
663 264
664 265
665 265
666 265
667 266
668 266
669 267
670 267
671 267
672 268
673 268
674 269
675 269
676 269
677 270
678 270
679 271
680 271
681 271
682 272
683 272
684 273
685 273
686 273
687 274
688 274
689 274
690 275
691 275
692 275
693 276
694 276
695 276
696 277
697 277
698 278
699 278
700 278
701 279
702 279
703 279
704 280
705 280
706 280
707 281
708 281
709 282
710 282
711 283
712 283
713 283
714 284
715 284
716 284
717 285
718 285
719 286
720 286
721 286
722 287
723 287
724 288
725 288
726 288
727 289
728 289
729 289
730 290
731 290
732 290
733 291
734 291
735 292
736 292
737 293
738 293
739 293
740 294
741 294
742 295
743 295
744 295
745 296
746 296
747 296
748 297
749 297
750 297
751 298
752 298
753 299
754 299
755 299
756 300
757 300
758 301
759 301
760 301
761 302
762 302
763 302
764 303
765 303
766 304
767 304
768 305
769 305
770 305
771 306
772 306
773 306
774 307
775 307
776 307
777 308
778 308
779 309
780 309
781 309
782 310
783 310
784 310
785 311
786 311
787 312
788 312
789 313
790 313
791 314
792 314
793 315
794 315
795 316
796 316
797 316
798 317
799 317
800 317
801 318
802 318
803 318
804 319
805 319
806 320
807 320
808 320
809 321
810 321
811 322
812 322
813 322
814 323
815 323
816 323
817 324
818 324
819 324
820 325
821 325
822 325
823 326
824 326
825 327
826 327
827 328
828 328
829 329
830 329
831 329
832 330
833 330
834 331
835 331
836 331
837 332
838 332
839 332
840 333
841 333
842 334
843 334
844 335
845 335
846 336
847 336
848 336
849 337
850 337
851 337
852 338
853 338
854 339
855 339
856 340
857 340
858 340
859 341
860 341
861 341
862 342
863 342
864 343
865 343
866 343
867 344
868 344
869 344
870 345
871 345
872 345
873 346
874 346
875 347
876 347
877 348
878 348
879 348
880 349
881 349
882 349
883 350
884 350
885 351
886 351
887 351
888 352
889 352
890 352
891 353
892 353
893 354
894 354
895 355
896 355
897 355
898 356
899 356
900 356
901 357
902 357
903 358
904 358
905 358
906 359
907 359
908 359
909 360
910 360
911 360
912 361
913 361
914 361
915 362
916 362
917 363
918 363
919 364
920 364
921 364
922 365
923 365
924 366
925 366
926 367
927 367
928 368
929 368
930 369
931 369
932 369
933 370
934 370
935 370
936 371
937 371
938 371
939 372
940 372
941 372
942 373
943 373
944 374
945 374
946 374
947 375
948 375
949 376
950 376
951 377
952 377
953 378
954 378
955 378
956 379
957 379
958 379
959 380
960 380
961 380
962 381
963 381
964 381
965 382
966 382
967 382
968 383
969 383
970 384
971 384
972 385
973 385
974 385
975 386
976 386
977 387
978 387
979 387
980 388
981 388
982 389
983 389
984 389
985 390
986 390
987 391
988 391
989 392
990 392
991 392
992 393
993 393
994 393
995 394
996 394
997 394
998 395
999 395
1000 396
1001 396
1002 397
1003 397
1004 398
1005 398
1006 399
1007 399
1008 399
1009 400
1010 400
1011 400
1012 401
1013 401
1014 401
1015 402
1016 402
1017 402
1018 403
1019 403
1020 404
1021 404
1022 404
1023 405
1024 405
1025 406
1026 406
1027 407
1028 407
1029 407
1030 408
1031 408
1032 408
1033 409
1034 409
1035 410
1036 410
1037 411
1038 411
1039 412
1040 412
1041 413
1042 413
1043 414
1044 414
1045 415
1046 415
1047 416
1048 416
1049 416
1050 417
1051 417
1052 417
1053 418
1054 418
1055 418
1056 419
1057 419
1058 420
1059 420
1060 420
1061 421
1062 421
1063 422
1064 422
1065 423
1066 423
1067 423
1068 424
1069 424
1070 424
1071 425
1072 425
1073 425
1074 426
1075 426
1076 427
1077 427
1078 427
1079 428
1080 428
1081 428
1082 429
1083 429
1084 430
1085 430
1086 430
1087 431
1088 431
1089 432
1090 432
1091 433
1092 433
1093 434
1094 434
1095 435
1096 435
1097 436
1098 436
1099 436
1100 437
1101 437
1102 438
1103 438
1104 439
1105 439
1106 440
1107 440
1108 440
1109 441
1110 441
1111 441
1112 442
1113 442
1114 443
1115 443
1116 443
1117 444
1118 444
1119 445
1120 445
1121 445
1122 446
1123 446
1124 446
1125 447
1126 447
1127 447
1128 448
1129 448
1130 449
1131 449
1132 449
1133 450
1134 450
1135 451
1136 451
1137 452
1138 452
1139 452
1140 453
1141 453
1142 454
1143 454
1144 455
1145 455
1146 456
1147 456
1148 456
1149 457
1150 457
1151 457
1152 458
1153 458
1154 459
1155 459
1156 460
1157 460
1158 461
1159 461
1160 462
1161 462
1162 462
1163 463
1164 463
1165 463
1166 464
1167 464
1168 465
1169 465
1170 466
1171 466
1172 466
1173 467
1174 467
1175 467
1176 468
1177 468
1178 469
1179 469
1180 470
1181 470
1182 471
1183 471
1184 471
1185 472
1186 472
1187 472
1188 473
1189 473
1190 474
1191 474
1192 475
1193 475
1194 476
1195 476
1196 476
1197 477
1198 477
1199 477
1200 478
1201 478
1202 479
1203 479
1204 479
1205 480
1206 480
1207 480
1208 481
1209 481
1210 481
1211 482
1212 482
1213 483
1214 483
1215 483
1216 484
1217 484
1218 485
1219 485
1220 485
1221 486
1222 486
1223 487
1224 487
1225 487
1226 488
1227 488
1228 489
1229 489
1230 490
1231 490
1232 491
1233 491
1234 491
1235 492
1236 492
1237 493
1238 493
1239 493
1240 494
1241 494
1242 494
1243 495
1244 495
1245 496
1246 496
1247 497
1248 497
1249 497
1250 498
1251 498
1252 499
1253 499
1254 499
1255 500
1256 500
1257 500
1258 501
1259 501
1260 501
1261 502
1262 502
1263 503
1264 503
1265 503
1266 504
1267 504
1268 504
1269 505
1270 505
1271 506
1272 506
1273 506
1274 507
1275 507
1276 508
1277 508
1278 509
1279 509
1280 509
1281 510
1282 510
1283 511
1284 511
1285 512
1286 512
1287 512
1288 513
1289 513
1290 513
1291 514
1292 514
1293 514
1294 515
1295 515
1296 515
1297 516
1298 516
1299 517
1300 517
1301 517
1302 518
1303 518
1304 518
1305 519
1306 519
1307 520
1308 520
1309 521
1310 521
1311 522
1312 522
1313 522
1314 523
1315 523
1316 523
1317 524
1318 524
1319 525
1320 525
1321 525
1322 526
1323 526
1324 527
1325 527
1326 528
1327 528
1328 529
1329 529
1330 530
1331 530
1332 530
1333 531
1334 531
1335 531
1336 532
1337 532
1338 532
1339 533
1340 533
1341 534
1342 534
1343 534
1344 535
1345 535
1346 536
1347 536
1348 537
1349 537
1350 538
1351 538
1352 538
1353 539
1354 539
1355 540
1356 540
1357 540
1358 541
1359 541
1360 541
1361 542
1362 542
1363 542
1364 543
1365 543
1366 544
1367 544
1368 544
1369 545
1370 545
1371 545
1372 546
1373 546
1374 546
1375 547
1376 547
1377 548
1378 548
1379 549
1380 549
1381 549
1382 550
1383 550
1384 551
1385 551
1386 551
1387 552
1388 552
1389 553
1390 553
1391 553
1392 554
1393 554
1394 554
1395 555
1396 555
1397 555
1398 556
1399 556
1400 556
1401 557
1402 557
1403 557
1404 558
1405 558
1406 558
1407 559
1408 559
1409 560
1410 560
1411 560
1412 561
1413 561
1414 561
1415 562
1416 562
1417 562
1418 563
1419 563
1420 563
1421 564
1422 564
1423 564
1424 565
1425 565
1426 565
1427 566
1428 566
1429 567
1430 567
1431 568
1432 568
1433 568
1434 569
1435 569
1436 570
1437 570
1438 570
1439 571
1440 571
1441 572
1442 572
1443 573
1444 573
1445 573
1446 574
1447 574
1448 575
1449 575
1450 576
1451 576
1452 576
1453 577
1454 577
1455 577
1456 578
1457 578
1458 579
1459 579
1460 580
1461 580
1462 580
1463 581
1464 581
1465 582
1466 582
1467 583
1468 583
1469 584
1470 584
1471 584
1472 585
1473 585
1474 585
1475 586
1476 586
1477 587
1478 587
1479 587
1480 588
1481 588
1482 589
1483 589
1484 589
1485 590
1486 590
1487 591
1488 591
1489 592
1490 592
1491 592
1492 593
1493 593
1494 594
1495 594
1496 595
1497 595
1498 595
1499 596
1500 596
1501 597
1502 597
1503 598
1504 598
1505 599
1506 599
1507 600
1508 600
1509 600
1510 601
1511 601
1512 601
1513 602
1514 602
1515 602
1516 603
1517 603
1518 604
1519 604
1520 604
1521 605
1522 605
1523 605
1524 606
1525 606
1526 607
1527 607
1528 608
1529 608
1530 609
1531 609
1532 610
1533 610
1534 610
1535 611
1536 611
1537 611
1538 612
1539 612
1540 612
1541 613
1542 613
1543 614
1544 614
1545 614
1546 615
1547 615
1548 615
1549 616
1550 616
1551 616
1552 617
1553 617
1554 617
1555 618
1556 618
1557 619
1558 619
1559 620
1560 620
1561 620
1562 621
1563 621
1564 621
1565 622
1566 622
1567 623
1568 623
1569 624
1570 624
1571 625
1572 625
1573 625
1574 626
1575 626
1576 626
1577 627
1578 627
1579 627
1580 628
1581 628
1582 629
1583 629
1584 630
1585 630
1586 630
1587 631
1588 631
1589 632
1590 632
1591 633
1592 633
1593 633
1594 634
1595 634
1596 635
1597 635
1598 636
1599 636
1600 636
1601 637
1602 637
1603 637
1604 638
1605 638
1606 638
1607 639
1608 639
1609 639
1610 640
1611 640
1612 640
1613 641
1614 641
1615 642
1616 642
1617 643
1618 643
1619 643
1620 644
1621 644
1622 644
1623 645
1624 645
1625 646
1626 646
1627 647
1628 647
1629 647
1630 648
1631 648
1632 648
1633 649
1634 649
1635 650
1636 650
1637 650
1638 651
1639 651
1640 652
1641 652
1642 653
1643 653
1644 653
1645 654
1646 654
1647 655
1648 655
1649 656
1650 656
1651 657
1652 657
1653 658
1654 658
1655 659
1656 659
1657 660
1658 660
1659 661
1660 661
1661 662
1662 662
1663 662
1664 663
1665 663
1666 664
1667 664
1668 664
1669 665
1670 665
1671 665
1672 666
1673 666
1674 666
1675 667
1676 667
1677 668
1678 668
1679 668
1680 669
1681 669
1682 670
1683 670
1684 670
1685 671
1686 671
1687 672
1688 672
1689 672
1690 673
1691 673
1692 673
1693 674
1694 674
1695 675
1696 675
1697 676
1698 676
1699 677
1700 677
1701 677
1702 678
1703 678
1704 678
1705 679
1706 679
1707 679
1708 680
1709 680
1710 681
1711 681
1712 681
1713 682
1714 682
1715 683
1716 683
1717 684
1718 684
1719 685
1720 685
1721 685
1722 686
1723 686
1724 686
1725 687
1726 687
1727 688
1728 688
1729 688
1730 689
1731 689
1732 689
1733 690
1734 690
1735 691
1736 691
1737 691
1738 692
1739 692
1740 692
1741 693
1742 693
1743 693
1744 694
1745 694
1746 694
1747 695
1748 695
1749 695
1750 696
1751 696
1752 697
1753 697
1754 698
1755 698
1756 698
1757 699
1758 699
1759 699
1760 700
1761 700
1762 701
1763 701
1764 701
1765 702
1766 702
1767 702
1768 703
1769 703
1770 703
1771 704
1772 704
1773 705
1774 705
1775 705
1776 706
1777 706
1778 706
1779 707
1780 707
1781 708
1782 708
1783 708
1784 709
1785 709
1786 710
1787 710
1788 711
1789 711
1790 711
1791 712
1792 712
1793 712
1794 713
1795 713
1796 714
1797 714
1798 715
1799 715
1800 716
1801 716
1802 717
1803 717
1804 717
1805 718
1806 718
1807 719
1808 719
1809 719
1810 720
1811 720
1812 721
1813 721
1814 722
1815 722
1816 722
1817 723
1818 723
1819 723
1820 724
1821 724
1822 725
1823 725
1824 725
1825 726
1826 726
1827 726
1828 727
1829 727
1830 728
1831 728
1832 729
1833 729
1834 729
1835 730
1836 730
1837 730
1838 731
1839 731
1840 731
1841 732
1842 732
1843 732
1844 733
1845 733
1846 734
1847 734
1848 735
1849 735
1850 735
1851 736
1852 736
1853 736
1854 737
1855 737
1856 738
1857 738
1858 739
1859 739
1860 739
1861 740
1862 740
1863 741
1864 741
1865 741
1866 742
1867 742
1868 742
1869 743
1870 743
1871 744
1872 744
1873 744
1874 745
1875 745
1876 745
1877 746
1878 746
1879 747
1880 747
1881 748
1882 748
1883 749
1884 749
1885 749
1886 750
1887 750
1888 750
1889 751
1890 751
1891 752
1892 752
1893 752
1894 753
1895 753
1896 753
1897 754
1898 754
1899 754
1900 755
1901 755
1902 755
1903 756
1904 756
1905 757
1906 757
1907 758
1908 758
1909 758
1910 759
1911 759
1912 760
1913 760
1914 760
1915 761
1916 761
1917 761
1918 762
1919 762
1920 762
1921 763
1922 763
1923 764
1924 764
1925 764
1926 765
1927 765
1928 766
1929 766
1930 767
1931 767
1932 768
1933 768
1934 769
1935 769
1936 769
1937 770
1938 770
1939 771
1940 771
1941 772
1942 772
1943 772
1944 773
1945 773
1946 774
1947 774
1948 774
1949 775
1950 775
1951 776
1952 776
1953 777
1954 777
1955 778
1956 778
1957 779
1958 779
1959 779
1960 780
1961 780
1962 781
1963 781
1964 782
1965 782
1966 783
1967 783
1968 784
1969 784
1970 785
1971 785
1972 786
1973 786
1974 786
1975 787
1976 787
1977 788
1978 788
1979 789
1980 789
1981 790
1982 790
1983 790
1984 791
1985 791
1986 792
1987 792
1988 793
1989 793
1990 793
1991 794
1992 794
1993 795
1994 795
1995 796
1996 796
1997 796
1998 797
1999 797
2000 798
2001 798
2002 799
2003 799
2004 799
2005 800
2006 800
2007 800
2008 801
2009 801
2010 802
2011 802
2012 803
2013 803
2014 804
2015 804
2016 805
2017 805
2018 805
2019 806
2020 806
2021 806
2022 807
2023 807
2024 808
2025 808
2026 809
2027 809
2028 809
2029 810
2030 810
2031 810
2032 811
2033 811
2034 812
2035 812
2036 813
2037 813
2038 814
2039 814
2040 814
2041 815
2042 815
2043 816
2044 816
2045 816
2046 817
2047 817
2048 818
2049 818
2050 819
2051 819
2052 820
2053 820
2054 820
2055 821
2056 821
2057 821
2058 822
2059 822
2060 822
2061 823
2062 823
2063 823
2064 824
2065 824
2066 825
2067 825
2068 826
2069 826
2070 827
2071 827
2072 827
2073 828
2074 828
2075 829
2076 829
2077 829
2078 830
2079 830
2080 830
2081 831
2082 831
2083 832
2084 832
2085 832
2086 833
2087 833
2088 834
2089 834
2090 834
2091 835
2092 835
2093 835
2094 836
2095 836
2096 836
2097 837
2098 837
2099 838
2100 838
2101 838
2102 839
2103 839
2104 839
2105 840
2106 840
2107 840
2108 841
2109 841
2110 841
2111 842
2112 842
2113 843
2114 843
2115 844
2116 844
2117 845
2118 845
2119 846
2120 846
2121 846
2122 847
2123 847
2124 847
2125 848
2126 848
2127 849
2128 849
2129 849
2130 850
2131 850
2132 850
2133 851
2134 851
2135 852
2136 852
2137 852
2138 853
2139 853
2140 854
2141 854
2142 855
2143 855
2144 856
2145 856
2146 856
2147 857
2148 857
2149 857
2150 858
2151 858
2152 858
2153 859
2154 859
2155 860
2156 860
2157 860
2158 861
2159 861
2160 861
2161 862
2162 862
2163 863
2164 863
2165 864
2166 864
2167 865
2168 865
2169 865
2170 866
2171 866
2172 866
2173 867
2174 867
2175 867
2176 868
2177 868
2178 868
2179 869
2180 869
2181 870
2182 870
2183 870
2184 871
2185 871
2186 871
2187 872
2188 872
2189 872
2190 873
2191 873
2192 874
2193 874
2194 874
2195 875
2196 875
2197 876
2198 876
2199 877
2200 877
2201 878
2202 878
2203 878
2204 879
2205 879
2206 879
2207 880
2208 880
2209 881
2210 881
2211 881
2212 882
2213 882
2214 883
2215 883
2216 883
2217 884
2218 884
2219 885
2220 885
2221 886
2222 886
2223 886
2224 887
2225 887
2226 888
2227 888
2228 888
2229 889
2230 889
2231 889
2232 890
2233 890
2234 891
2235 891
2236 892
2237 892
2238 893
2239 893
2240 893
2241 894
2242 894
2243 894
2244 895
2245 895
2246 896
2247 896
2248 896
2249 897
2250 897
2251 897
2252 898
2253 898
2254 899
2255 899
2256 899
2257 900
2258 900
2259 901
2260 901
2261 901
2262 902
2263 902
2264 902
2265 903
2266 903
2267 904
2268 904
2269 904
2270 905
2271 905
2272 905
2273 906
2274 906
2275 906
2276 907
2277 907
2278 908
2279 908
2280 909
2281 909
2282 910
2283 910
2284 911
2285 911
2286 912
2287 912
2288 913
2289 913
2290 914
2291 914
2292 914
2293 915
2294 915
2295 915
2296 916
2297 916
2298 917
2299 917
2300 918
2301 918
2302 918
2303 919
2304 919
2305 920
2306 920
2307 921
2308 921
2309 922
2310 922
2311 923
2312 923
2313 924
2314 924
2315 924
2316 925
2317 925
2318 925
2319 926
2320 926
2321 927
2322 927
2323 928
2324 928
2325 929
2326 929
2327 929
2328 930
2329 930
2330 930
2331 931
2332 931
2333 932
2334 932
2335 932
2336 933
2337 933
2338 934
2339 934
2340 934
2341 935
2342 935
2343 935
2344 936
2345 936
2346 937
2347 937
2348 937
2349 938
2350 938
2351 938
2352 939
2353 939
2354 939
2355 940
2356 940
2357 940
2358 941
2359 941
2360 941
2361 942
2362 942
2363 942
2364 943
2365 943
2366 943
2367 944
2368 944
2369 944
2370 945
2371 945
2372 946
2373 946
2374 947
2375 947
2376 947
2377 948
2378 948
2379 949
2380 949
2381 950
2382 950
2383 950
2384 951
2385 951
2386 951
2387 952
2388 952
2389 953
2390 953
2391 953
2392 954
2393 954
2394 955
2395 955
2396 955
2397 956
2398 956
2399 957
2400 957
2401 957
2402 958
2403 958
2404 959
2405 959
2406 960
2407 960
2408 960
2409 961
2410 961
2411 962
2412 962
2413 962
2414 963
2415 963
2416 963
2417 964
2418 964
2419 964
2420 965
2421 965
2422 965
2423 966
2424 966
2425 967
2426 967
2427 967
2428 968
2429 968
2430 969
2431 969
2432 969
2433 970
2434 970
2435 970
2436 971
2437 971
2438 971
2439 972
2440 972
2441 973
2442 973
2443 973
2444 974
2445 974
2446 974
2447 975
2448 975
2449 976
2450 976
2451 976
2452 977
2453 977
2454 978
2455 978
2456 979
2457 979
2458 980
2459 980
2460 981
2461 981
2462 981
2463 982
2464 982
2465 982
2466 983
2467 983
2468 983
2469 984
2470 984
2471 984
2472 985
2473 985
2474 985
2475 986
2476 986
2477 987
2478 987
2479 987
2480 988
2481 988
2482 988
2483 989
2484 989
2485 990
2486 990
2487 991
2488 991
2489 991
2490 992
2491 992
2492 992
2493 993
2494 993
2495 993
2496 994
2497 994
2498 994
2499 995
2500 995
2501 996
2502 996
2503 996
2504 997
2505 997
2506 998
2507 998
2508 999
2509 999
2510 999
2511 1000
2512 1000
2513 1000
2514 1001
2515 1001
2516 1001
2517 1002
2518 1002
2519 1002
2520 1003
2521 1003
2522 1004
2523 1004
2524 1004
2525 1005
2526 1005
2527 1005
2528 1006
2529 1006
2530 1006
2531 1007
2532 1007
2533 1007
2534 1008
2535 1008
2536 1008
2537 1009
2538 1009
2539 1010
2540 1010
2541 1010
2542 1011
2543 1011
2544 1012
2545 1012
2546 1012
2547 1013
2548 1013
2549 1013
2550 1014
2551 1014
2552 1014
2553 1015
2554 1015
2555 1016
2556 1016
2557 1016
2558 1017
2559 1017
2560 1018
2561 1018
2562 1019
2563 1019
2564 1020
2565 1020
2566 1020
2567 1021
2568 1021
2569 1022
2570 1022
2571 1022
2572 1023
2573 1023
2574 1024
2575 1024
2576 1025
2577 1025
2578 1025
2579 1026
2580 1026
2581 1026
2582 1027
2583 1027
2584 1028
2585 1028
2586 1029
2587 1029
2588 1030
2589 1030
2590 1031
2591 1031
2592 1031
2593 1032
2594 1032
2595 1033
2596 1033
2597 1034
2598 1034
2599 1034
2600 1035
2601 1035
2602 1035
2603 1036
2604 1036
2605 1036
2606 1037
2607 1037
2608 1038
2609 1038
2610 1038
2611 1039
2612 1039
2613 1039
2614 1040
2615 1040
2616 1040
2617 1041
2618 1041
2619 1042
2620 1042
2621 1043
2622 1043
2623 1044
2624 1044
2625 1044
2626 1045
2627 1045
2628 1046
2629 1046
2630 1046
2631 1047
2632 1047
2633 1048
2634 1048
2635 1049
2636 1049
2637 1049
2638 1050
2639 1050
2640 1051
2641 1051
2642 1052
2643 1052
2644 1053
2645 1053
2646 1054
2647 1054
2648 1054
2649 1055
2650 1055
2651 1056
2652 1056
2653 1056
2654 1057
2655 1057
2656 1058
2657 1058
2658 1058
2659 1059
2660 1059
2661 1060
2662 1060
2663 1061
2664 1061
2665 1061
2666 1062
2667 1062
2668 1063
2669 1063
2670 1063
2671 1064
2672 1064
2673 1064
2674 1065
2675 1065
2676 1065
2677 1066
2678 1066
2679 1067
2680 1067
2681 1067
2682 1068
2683 1068
2684 1069
2685 1069
2686 1070
2687 1070
2688 1071
2689 1071
2690 1072
2691 1072
2692 1073
2693 1073
2694 1073
2695 1074
2696 1074
2697 1075
2698 1075
2699 1076
2700 1076
2701 1076
2702 1077
2703 1077
2704 1077
2705 1078
2706 1078
2707 1078
2708 1079
2709 1079
2710 1079
2711 1080
2712 1080
2713 1081
2714 1081
2715 1082
2716 1082
2717 1082
2718 1083
2719 1083
2720 1084
2721 1084
2722 1084
2723 1085
2724 1085
2725 1086
2726 1086
2727 1086
2728 1087
2729 1087
2730 1088
2731 1088
2732 1089
2733 1089
2734 1089
2735 1090
2736 1090
2737 1091
2738 1091
2739 1091
2740 1092
2741 1092
2742 1093
2743 1093
2744 1094
2745 1094
2746 1095
2747 1095
2748 1095
2749 1096
2750 1096
2751 1097
2752 1097
2753 1098
2754 1098
2755 1098
2756 1099
2757 1099
2758 1099
2759 1100
2760 1100
2761 1101
2762 1101
2763 1101
2764 1102
2765 1102
2766 1102
2767 1103
2768 1103
2769 1104
2770 1104
2771 1104
2772 1105
2773 1105
2774 1105
2775 1106
2776 1106
2777 1106
2778 1107
2779 1107
2780 1107
2781 1108
2782 1108
2783 1108
2784 1109
2785 1109
2786 1109
2787 1110
2788 1110
2789 1110
2790 1111
2791 1111
2792 1111
2793 1112
2794 1112
2795 1112
2796 1113
2797 1113
2798 1113
2799 1114
2800 1114
2801 1115
2802 1115
2803 1116
2804 1116
2805 1117
2806 1117
2807 1117
2808 1118
2809 1118
2810 1118
2811 1119
2812 1119
2813 1119
2814 1120
2815 1120
2816 1121
2817 1121
2818 1122
2819 1122
2820 1122
2821 1123
2822 1123
2823 1124
2824 1124
2825 1125
2826 1125
2827 1126
2828 1126
2829 1127
2830 1127
2831 1127
2832 1128
2833 1128
2834 1129
2835 1129
2836 1129
2837 1130
2838 1130
2839 1130
2840 1131
2841 1131
2842 1131
2843 1132
2844 1132
2845 1133
2846 1133
2847 1133
2848 1134
2849 1134
2850 1134
2851 1135
2852 1135
2853 1135
2854 1136
2855 1136
2856 1136
2857 1137
2858 1137
2859 1137
2860 1138
2861 1138
2862 1138
2863 1139
2864 1139
2865 1139
2866 1140
2867 1140
2868 1141
2869 1141
2870 1142
2871 1142
2872 1142
2873 1143
2874 1143
2875 1143
2876 1144
2877 1144
2878 1145
2879 1145
2880 1145
2881 1146
2882 1146
2883 1146
2884 1147
2885 1147
2886 1147
2887 1148
2888 1148
2889 1148
2890 1149
2891 1149
2892 1150
2893 1150
2894 1151
2895 1151
2896 1152
2897 1152
2898 1152
2899 1153
2900 1153
2901 1153
2902 1154
2903 1154
2904 1154
2905 1155
2906 1155
2907 1156
2908 1156
2909 1156
2910 1157
2911 1157
2912 1158
2913 1158
2914 1159
2915 1159
2916 1159
2917 1160
2918 1160
2919 1161
2920 1161
2921 1161
2922 1162
2923 1162
2924 1163
2925 1163
2926 1163
2927 1164
2928 1164
2929 1164
2930 1165
2931 1165
2932 1166
2933 1166
2934 1166
2935 1167
2936 1167
2937 1167
2938 1168
2939 1168
2940 1168
2941 1169
2942 1169
2943 1169
2944 1170
2945 1170
2946 1170
2947 1171
2948 1171
2949 1171
2950 1172
2951 1172
2952 1172
2953 1173
2954 1173
2955 1174
2956 1174
2957 1174
2958 1175
2959 1175
2960 1175
2961 1176
2962 1176
2963 1176
2964 1177
2965 1177
2966 1177
2967 1178
2968 1178
2969 1178
2970 1179
2971 1179
2972 1180
2973 1180
2974 1180
2975 1181
2976 1181
2977 1182
2978 1182
2979 1182
2980 1183
2981 1183
2982 1184
2983 1184
2984 1184
2985 1185
2986 1185
2987 1185
2988 1186
2989 1186
2990 1187
2991 1187
2992 1188
2993 1188
2994 1189
2995 1189
2996 1189
2997 1190
2998 1190
2999 1190
3000 1191
3001 1191
3002 1192
3003 1192
3004 1192
3005 1193
3006 1193
3007 1193
3008 1194
3009 1194
3010 1195
3011 1195
3012 1196
3013 1196
3014 1196
3015 1197
3016 1197
3017 1198
3018 1198
3019 1198
3020 1199
3021 1199
3022 1199
3023 1200
3024 1200
3025 1200
3026 1201
3027 1201
3028 1201
3029 1202
3030 1202
3031 1202
3032 1203
3033 1203
3034 1203
3035 1204
3036 1204
3037 1205
3038 1205
3039 1206
3040 1206
3041 1207
3042 1207
3043 1207
3044 1208
3045 1208
3046 1209
3047 1209
3048 1210
3049 1210
3050 1211
3051 1211
3052 1212
3053 1212
3054 1212
3055 1213
3056 1213
3057 1213
3058 1214
3059 1214
3060 1214
3061 1215
3062 1215
3063 1216
3064 1216
3065 1217
3066 1217
3067 1217
3068 1218
3069 1218
3070 1219
3071 1219
3072 1219
3073 1220
3074 1220
3075 1220
3076 1221
3077 1221
3078 1221
3079 1222
3080 1222
3081 1223
3082 1223
3083 1223
3084 1224
3085 1224
3086 1224
3087 1225
3088 1225
3089 1225
3090 1226
3091 1226
3092 1227
3093 1227
3094 1228
3095 1228
3096 1229
3097 1229
3098 1229
3099 1230
3100 1230
3101 1230
3102 1231
3103 1231
3104 1231
3105 1232
3106 1232
3107 1232
3108 1233
3109 1233
3110 1233
3111 1234
3112 1234
3113 1234
3114 1235
3115 1235
3116 1236
3117 1236
3118 1237
3119 1237
3120 1237
3121 1238
3122 1238
3123 1238
3124 1239
3125 1239
3126 1239
3127 1240
3128 1240
3129 1241
3130 1241
3131 1241
3132 1242
3133 1242
3134 1242
3135 1243
3136 1243
3137 1244
3138 1244
3139 1245
3140 1245
3141 1246
3142 1246
3143 1246
3144 1247
3145 1247
3146 1247
3147 1248
3148 1248
3149 1249
3150 1249
3151 1250
3152 1250
3153 1250
3154 1251
3155 1251
3156 1252
3157 1252
3158 1253
3159 1253
3160 1253
3161 1254
3162 1254
3163 1255
3164 1255
3165 1255
3166 1256
3167 1256
3168 1256
3169 1257
3170 1257
3171 1258
3172 1258
3173 1259
3174 1259
3175 1259
3176 1260
3177 1260
3178 1260
3179 1261
3180 1261
3181 1262
3182 1262
3183 1263
3184 1263
3185 1264
3186 1264
3187 1265
3188 1265
3189 1266
3190 1266
3191 1267
3192 1267
3193 1267
3194 1268
3195 1268
3196 1268
3197 1269
3198 1269
3199 1270
3200 1270
3201 1271
3202 1271
3203 1271
3204 1272
3205 1272
3206 1272
3207 1273
3208 1273
3209 1274
3210 1274
3211 1275
3212 1275
3213 1276
3214 1276
3215 1277
3216 1277
3217 1278
3218 1278
3219 1279
3220 1279
3221 1280
3222 1280
3223 1281
3224 1281
3225 1282
3226 1282
3227 1283
3228 1283
3229 1283
3230 1284
3231 1284
3232 1285
3233 1285
3234 1285
3235 1286
3236 1286
3237 1286
3238 1287
3239 1287
3240 1287
3241 1288
3242 1288
3243 1289
3244 1289
3245 1289
3246 1290
3247 1290
3248 1290
3249 1291
3250 1291
3251 1291
3252 1292
3253 1292
3254 1292
3255 1293
3256 1293
3257 1293
3258 1294
3259 1294
3260 1294
3261 1295
3262 1295
3263 1296
3264 1296
3265 1297
3266 1297
3267 1298
3268 1298
3269 1299
3270 1299
3271 1299
3272 1300
3273 1300
3274 1300
3275 1301
3276 1301
3277 1302
3278 1302
3279 1302
3280 1303
3281 1303
3282 1303
3283 1304
3284 1304
3285 1304
3286 1305
3287 1305
3288 1305
3289 1306
3290 1306
3291 1306
3292 1307
3293 1307
3294 1308
3295 1308
3296 1308
3297 1309
3298 1309
3299 1309
3300 1310
3301 1310
3302 1310
3303 1311
3304 1311
3305 1311
3306 1312
3307 1312
3308 1313
3309 1313
3310 1313
3311 1314
3312 1314
3313 1314
3314 1315
3315 1315
3316 1316
3317 1316
3318 1317
3319 1317
3320 1317
3321 1318
3322 1318
3323 1319
3324 1319
3325 1320
3326 1320
3327 1320
3328 1321
3329 1321
3330 1322
3331 1322
3332 1322
3333 1323
3334 1323
3335 1323
3336 1324
3337 1324
3338 1324
3339 1325
3340 1325
3341 1325
3342 1326
3343 1326
3344 1326
3345 1327
3346 1327
3347 1327
3348 1328
3349 1328
3350 1329
3351 1329
3352 1330
3353 1330
3354 1330
3355 1331
3356 1331
3357 1331
3358 1332
3359 1332
3360 1332
3361 1333
3362 1333
3363 1333
3364 1334
3365 1334
3366 1335
3367 1335
3368 1336
3369 1336
3370 1336
3371 1337
3372 1337
3373 1338
3374 1338
3375 1339
3376 1339
3377 1340
3378 1340
3379 1340
3380 1341
3381 1341
3382 1341
3383 1342
3384 1342
3385 1342
3386 1343
3387 1343
3388 1344
3389 1344
3390 1345
3391 1345
3392 1345
3393 1346
3394 1346
3395 1346
3396 1347
3397 1347
3398 1347
3399 1348
3400 1348
3401 1349
3402 1349
3403 1350
3404 1350
3405 1350
3406 1351
3407 1351
3408 1351
3409 1352
3410 1352
3411 1352
3412 1353
3413 1353
3414 1354
3415 1354
3416 1354
3417 1355
3418 1355
3419 1355
3420 1356
3421 1356
3422 1356
3423 1357
3424 1357
3425 1358
3426 1358
3427 1358
3428 1359
3429 1359
3430 1360
3431 1360
3432 1360
3433 1361
3434 1361
3435 1361
3436 1362
3437 1362
3438 1363
3439 1363
3440 1364
3441 1364
3442 1364
3443 1365
3444 1365
3445 1366
3446 1366
3447 1367
3448 1367
3449 1368
3450 1368
3451 1368
3452 1369
3453 1369
3454 1369
3455 1370
3456 1370
3457 1371
3458 1371
3459 1371
3460 1372
3461 1372
3462 1373
3463 1373
3464 1373
3465 1374
3466 1374
3467 1375
3468 1375
3469 1375
3470 1376
3471 1376
3472 1377
3473 1377
3474 1378
3475 1378
3476 1379
3477 1379
3478 1380
3479 1380
3480 1381
3481 1381
3482 1381
3483 1382
3484 1382
3485 1383
3486 1383
3487 1384
3488 1384
3489 1385
3490 1385
3491 1385
3492 1386
3493 1386
3494 1386
3495 1387
3496 1387
3497 1387
3498 1388
3499 1388
3500 1389
3501 1389
3502 1389
3503 1390
3504 1390
3505 1391
3506 1391
3507 1392
3508 1392
3509 1393
3510 1393
3511 1393
3512 1394
3513 1394
3514 1395
3515 1395
3516 1395
3517 1396
3518 1396
3519 1397
3520 1397
3521 1398
3522 1398
3523 1398
3524 1399
3525 1399
3526 1399
3527 1400
3528 1400
3529 1401
3530 1401
3531 1401
3532 1402
3533 1402
3534 1403
3535 1403
3536 1404
3537 1404
3538 1405
3539 1405
3540 1406
3541 1406
3542 1407
3543 1407
3544 1407
3545 1408
3546 1408
3547 1409
3548 1409
3549 1410
3550 1410
3551 1411
3552 1411
3553 1411
3554 1412
3555 1412
3556 1413
3557 1413
3558 1414
3559 1414
3560 1414
3561 1415
3562 1415
3563 1415
3564 1416
3565 1416
3566 1416
3567 1417
3568 1417
3569 1417
3570 1418
3571 1418
3572 1418
3573 1419
3574 1419
3575 1419
3576 1420
3577 1420
3578 1420
3579 1421
3580 1421
3581 1422
3582 1422
3583 1423
3584 1423
3585 1423
3586 1424
3587 1424
3588 1424
3589 1425
3590 1425
3591 1425
3592 1426
3593 1426
3594 1427
3595 1427
3596 1428
3597 1428
3598 1428
3599 1429
3600 1429
3601 1430
3602 1430
3603 1431
3604 1431
3605 1432
3606 1432
3607 1432
3608 1433
3609 1433
3610 1434
3611 1434
3612 1435
3613 1435
3614 1436
3615 1436
3616 1436
3617 1437
3618 1437
3619 1437
3620 1438
3621 1438
3622 1439
3623 1439
3624 1440
3625 1440
3626 1441
3627 1441
3628 1441
3629 1442
3630 1442
3631 1443
3632 1443
3633 1443
3634 1444
3635 1444
3636 1444
3637 1445
3638 1445
3639 1445
3640 1446
3641 1446
3642 1447
3643 1447
3644 1448
3645 1448
3646 1448
3647 1449
3648 1449
3649 1450
3650 1450
3651 1451
3652 1451
3653 1451
3654 1452
3655 1452
3656 1453
3657 1453
3658 1453
3659 1454
3660 1454
3661 1455
3662 1455
3663 1456
3664 1456
3665 1457
3666 1457
3667 1458
3668 1458
3669 1458
3670 1459
3671 1459
3672 1460
3673 1460
3674 1460
3675 1461
3676 1461
3677 1462
3678 1462
3679 1463
3680 1463
3681 1463
3682 1464
3683 1464
3684 1465
3685 1465
3686 1466
3687 1466
3688 1466
3689 1467
3690 1467
3691 1468
3692 1468
3693 1468
3694 1469
3695 1469
3696 1470
3697 1470
3698 1471
3699 1471
3700 1471
3701 1472
3702 1472
3703 1473
3704 1473
3705 1474
3706 1474
3707 1475
3708 1475
3709 1476
3710 1476
3711 1477
3712 1477
3713 1478
3714 1478
3715 1478
3716 1479
3717 1479
3718 1480
3719 1480
3720 1480
3721 1481
3722 1481
3723 1481
3724 1482
3725 1482
3726 1482
3727 1483
3728 1483
3729 1483
3730 1484
3731 1484
3732 1484
3733 1485
3734 1485
3735 1485
3736 1486
3737 1486
3738 1486
3739 1487
3740 1487
3741 1488
3742 1488
3743 1489
3744 1489
3745 1489
3746 1490
3747 1490
3748 1491
3749 1491
3750 1491
3751 1492
3752 1492
3753 1492
3754 1493
3755 1493
3756 1493
3757 1494
3758 1494
3759 1495
3760 1495
3761 1496
3762 1496
3763 1496
3764 1497
3765 1497
3766 1498
3767 1498
3768 1499
3769 1499
3770 1500
3771 1500
3772 1501
3773 1501
3774 1501
3775 1502
3776 1502
3777 1502
3778 1503
3779 1503
3780 1504
3781 1504
3782 1505
3783 1505
3784 1506
3785 1506
3786 1506
3787 1507
3788 1507
3789 1507
3790 1508
3791 1508
3792 1508
3793 1509
3794 1509
3795 1509
3796 1510
3797 1510
3798 1510
3799 1511
3800 1511
3801 1511
3802 1512
3803 1512
3804 1513
3805 1513
3806 1513
3807 1514
3808 1514
3809 1514
3810 1515
3811 1515
3812 1516
3813 1516
3814 1516
3815 1517
3816 1517
3817 1518
3818 1518
3819 1519
3820 1519
3821 1519
3822 1520
3823 1520
3824 1521
3825 1521
3826 1521
3827 1522
3828 1522
3829 1523
3830 1523
3831 1524
3832 1524
3833 1525
3834 1525
3835 1526
3836 1526
3837 1527
3838 1527
3839 1527
3840 1528
3841 1528
3842 1529
3843 1529
3844 1529
3845 1530
3846 1530
3847 1530
3848 1531
3849 1531
3850 1531
3851 1532
3852 1532
3853 1533
3854 1533
3855 1534
3856 1534
3857 1534
3858 1535
3859 1535
3860 1535
3861 1536
3862 1536
3863 1537
3864 1537
3865 1538
3866 1538
3867 1538
3868 1539
3869 1539
3870 1539
3871 1540
3872 1540
3873 1540
3874 1541
3875 1541
3876 1542
3877 1542
3878 1542
3879 1543
3880 1543
3881 1543
3882 1544
3883 1544
3884 1545
3885 1545
3886 1545
3887 1546
3888 1546
3889 1547
3890 1547
3891 1547
3892 1548
3893 1548
3894 1549
3895 1549
3896 1550
3897 1550
3898 1551
3899 1551
3900 1552
3901 1552
3902 1552
3903 1553
3904 1553
3905 1553
3906 1554
3907 1554
3908 1554
3909 1555
3910 1555
3911 1555
3912 1556
3913 1556
3914 1556
3915 1557
3916 1557
3917 1558
3918 1558
3919 1558
3920 1559
3921 1559
3922 1559
3923 1560
3924 1560
3925 1560
3926 1561
3927 1561
3928 1562
3929 1562
3930 1563
3931 1563
3932 1564
3933 1564
3934 1565
3935 1565
3936 1566
3937 1566
3938 1566
3939 1567
3940 1567
3941 1568
3942 1568
3943 1569
3944 1569
3945 1569
3946 1570
3947 1570
3948 1571
3949 1571
3950 1571
3951 1572
3952 1572
3953 1573
3954 1573
3955 1573
3956 1574
3957 1574
3958 1575
3959 1575
3960 1575
3961 1576
3962 1576
3963 1576
3964 1577
3965 1577
3966 1578
3967 1578
3968 1578
3969 1579
3970 1579
3971 1580
3972 1580
3973 1581
3974 1581
3975 1581
3976 1582
3977 1582
3978 1582
3979 1583
3980 1583
3981 1584
3982 1584
3983 1585
3984 1585
3985 1586
3986 1586
3987 1587
3988 1587
3989 1588
3990 1588
3991 1588
3992 1589
3993 1589
3994 1590
3995 1590
3996 1590
3997 1591
3998 1591
3999 1592
4000 1592
4001 1593
4002 1593
4003 1593
4004 1594
4005 1594
4006 1595
4007 1595
4008 1596
4009 1596
4010 1597
4011 1597
4012 1597
4013 1598
4014 1598
4015 1599
4016 1599
4017 1600
4018 1600
4019 1601
4020 1601
4021 1602
4022 1602
4023 1603
4024 1603
4025 1603
4026 1604
4027 1604
4028 1605
4029 1605
4030 1605
4031 1606
4032 1606
4033 1607
4034 1607
4035 1608
4036 1608
4037 1608
4038 1609
4039 1609
4040 1610
4041 1610
4042 1611
4043 1611
4044 1612
4045 1612
4046 1613
4047 1613
4048 1614
4049 1614
4050 1614
4051 1615
4052 1615
4053 1616
4054 1616
4055 1616
4056 1617
4057 1617
4058 1617
4059 1618
4060 1618
4061 1618
4062 1619
4063 1619
4064 1619
4065 1620
4066 1620
4067 1620
4068 1621
4069 1621
4070 1621
4071 1622
4072 1622
4073 1623
4074 1623
4075 1623
4076 1624
4077 1624
4078 1625
4079 1625
4080 1625
4081 1626
4082 1626
4083 1627
4084 1627
4085 1627
4086 1628
4087 1628
4088 1628
4089 1629
4090 1629
4091 1629
4092 1630
4093 1630
4094 1631
4095 1631
4096 1632
4097 1632
4098 1633
4099 1633
4100 1634
4101 1634
4102 1635
4103 1635
4104 1635
4105 1636
4106 1636
4107 1636
4108 1637
4109 1637
4110 1637
4111 1638
4112 1638
4113 1639
4114 1639
4115 1639
4116 1640
4117 1640
4118 1640
4119 1641
4120 1641
4121 1641
4122 1642
4123 1642
4124 1643
4125 1643
4126 1644
4127 1644
4128 1645
4129 1645
4130 1646
4131 1646
4132 1647
4133 1647
4134 1647
4135 1648
4136 1648
4137 1648
4138 1649
4139 1649
4140 1650
4141 1650
4142 1650
4143 1651
4144 1651
4145 1652
4146 1652
4147 1653
4148 1653
4149 1654
4150 1654
4151 1655
4152 1655
4153 1655
4154 1656
4155 1656
4156 1656
4157 1657
4158 1657
4159 1658
4160 1658
4161 1658
4162 1659
4163 1659
4164 1659
4165 1660
4166 1660
4167 1660
4168 1661
4169 1661
4170 1662
4171 1662
4172 1663
4173 1663
4174 1663
4175 1664
4176 1664
4177 1665
4178 1665
4179 1665
4180 1666
4181 1666
4182 1666
4183 1667
4184 1667
4185 1667
4186 1668
4187 1668
4188 1668
4189 1669
4190 1669
4191 1670
4192 1670
4193 1670
4194 1671
4195 1671
4196 1672
4197 1672
4198 1673
4199 1673
4200 1673
4201 1674
4202 1674
4203 1674
4204 1675
4205 1675
4206 1676
4207 1676
4208 1677
4209 1677
4210 1678
4211 1678
4212 1678
4213 1679
4214 1679
4215 1680
4216 1680
4217 1681
4218 1681
4219 1681
4220 1682
4221 1682
4222 1682
4223 1683
4224 1683
4225 1684
4226 1684
4227 1685
4228 1685
4229 1686
4230 1686
4231 1687
4232 1687
4233 1688
4234 1688
4235 1689
4236 1689
4237 1689
4238 1690
4239 1690
4240 1691
4241 1691
4242 1691
4243 1692
4244 1692
4245 1692
4246 1693
4247 1693
4248 1693
4249 1694
4250 1694
4251 1695
4252 1695
4253 1695
4254 1696
4255 1696
4256 1697
4257 1697
4258 1698
4259 1698
4260 1698
4261 1699
4262 1699
4263 1700
4264 1700
4265 1701
4266 1701
4267 1701
4268 1702
4269 1702
4270 1702
4271 1703
4272 1703
4273 1703
4274 1704
4275 1704
4276 1704
4277 1705
4278 1705
4279 1706
4280 1706
4281 1706
4282 1707
4283 1707
4284 1708
4285 1708
4286 1708
4287 1709
4288 1709
4289 1710
4290 1710
4291 1711
4292 1711
4293 1712
4294 1712
4295 1713
4296 1713
4297 1713
4298 1714
4299 1714
4300 1714
4301 1715
4302 1715
4303 1715
4304 1716
4305 1716
4306 1717
4307 1717
4308 1718
4309 1718
4310 1719
4311 1719
4312 1719
4313 1720
4314 1720
4315 1721
4316 1721
4317 1721
4318 1722
4319 1722
4320 1723
4321 1723
4322 1723
4323 1724
4324 1724
4325 1724
4326 1725
4327 1725
4328 1726
4329 1726
4330 1726
4331 1727
4332 1727
4333 1728
4334 1728
4335 1729
4336 1729
4337 1729
4338 1730
4339 1730
4340 1731
4341 1731
4342 1731
4343 1732
4344 1732
4345 1733
4346 1733
4347 1733
4348 1734
4349 1734
4350 1735
4351 1735
4352 1736
4353 1736
4354 1737
4355 1737
4356 1738
4357 1738
4358 1738
4359 1739
4360 1739
4361 1740
4362 1740
4363 1740
4364 1741
4365 1741
4366 1741
4367 1742
4368 1742
4369 1743
4370 1743
4371 1744
4372 1744
4373 1745
4374 1745
4375 1746
4376 1746
4377 1746
4378 1747
4379 1747
4380 1747
4381 1748
4382 1748
4383 1749
4384 1749
4385 1749
4386 1750
4387 1750
4388 1751
4389 1751
4390 1752
4391 1752
4392 1752
4393 1753
4394 1753
4395 1754
4396 1754
4397 1755
4398 1755
4399 1755
4400 1756
4401 1756
4402 1757
4403 1757
4404 1757
4405 1758
4406 1758
4407 1759
4408 1759
4409 1760
4410 1760
4411 1760
4412 1761
4413 1761
4414 1762
4415 1762
4416 1762
4417 1763
4418 1763
4419 1763
4420 1764
4421 1764
4422 1765
4423 1765
4424 1766
4425 1766
4426 1766
4427 1767
4428 1767
4429 1768
4430 1768
4431 1768
4432 1769
4433 1769
4434 1770
4435 1770
4436 1770
4437 1771
4438 1771
4439 1771
4440 1772
4441 1772
4442 1773
4443 1773
4444 1774
4445 1774
4446 1774
4447 1775
4448 1775
4449 1776
4450 1776
4451 1776
4452 1777
4453 1777
4454 1778
4455 1778
4456 1779
4457 1779
4458 1779
4459 1780
4460 1780
4461 1780
4462 1781
4463 1781
4464 1781
4465 1782
4466 1782
4467 1783
4468 1783
4469 1784
4470 1784
4471 1784
4472 1785
4473 1785
4474 1786
4475 1786
4476 1786
4477 1787
4478 1787
4479 1787
4480 1788
4481 1788
4482 1789
4483 1789
4484 1790
4485 1790
4486 1790
4487 1791
4488 1791
4489 1792
4490 1792
4491 1792
4492 1793
4493 1793
4494 1793
4495 1794
4496 1794
4497 1795
4498 1795
4499 1795
4500 1796
4501 1796
4502 1797
4503 1797
4504 1798
4505 1798
4506 1799
4507 1799
4508 1799
4509 1800
4510 1800
4511 1800
4512 1801
4513 1801
4514 1802
4515 1802
4516 1802
4517 1803
4518 1803
4519 1803
4520 1804
4521 1804
4522 1804
4523 1805
4524 1805
4525 1805
4526 1806
4527 1806
4528 1806
4529 1807
4530 1807
4531 1807
4532 1808
4533 1808
4534 1808
4535 1809
4536 1809
4537 1809
4538 1810
4539 1810
4540 1810
4541 1811
4542 1811
4543 1812
4544 1812
4545 1813
4546 1813
4547 1814
4548 1814
4549 1815
4550 1815
4551 1815
4552 1816
4553 1816
4554 1816
4555 1817
4556 1817
4557 1817
4558 1818
4559 1818
4560 1818
4561 1819
4562 1819
4563 1820
4564 1820
4565 1820
4566 1821
4567 1821
4568 1821
4569 1822
4570 1822
4571 1822
4572 1823
4573 1823
4574 1823
4575 1824
4576 1824
4577 1824
4578 1825
4579 1825
4580 1826
4581 1826
4582 1827
4583 1827
4584 1828
4585 1828
4586 1829
4587 1829
4588 1829
4589 1830
4590 1830
4591 1830
4592 1831
4593 1831
4594 1831
4595 1832
4596 1832
4597 1832
4598 1833
4599 1833
4600 1833
4601 1834
4602 1834
4603 1834
4604 1835
4605 1835
4606 1835
4607 1836
4608 1836
4609 1836
4610 1837
4611 1837
4612 1837
4613 1838
4614 1838
4615 1838
4616 1839
4617 1839
4618 1839
4619 1840
4620 1840
4621 1841
4622 1841
4623 1842
4624 1842
4625 1842
4626 1843
4627 1843
4628 1844
4629 1844
4630 1845
4631 1845
4632 1845
4633 1846
4634 1846
4635 1847
4636 1847
4637 1848
4638 1848
4639 1848
4640 1849
4641 1849
4642 1850
4643 1850
4644 1851
4645 1851
4646 1852
4647 1852
4648 1853
4649 1853
4650 1853
4651 1854
4652 1854
4653 1854
4654 1855
4655 1855
4656 1856
4657 1856
4658 1856
4659 1857
4660 1857
4661 1858
4662 1858
4663 1858
4664 1859
4665 1859
4666 1860
4667 1860
4668 1861
4669 1861
4670 1861
4671 1862
4672 1862
4673 1863
4674 1863
4675 1863
4676 1864
4677 1864
4678 1865
4679 1865
4680 1865
4681 1866
4682 1866
4683 1866
4684 1867
4685 1867
4686 1868
4687 1868
4688 1869
4689 1869
4690 1869
4691 1870
4692 1870
4693 1870
4694 1871
4695 1871
4696 1872
4697 1872
4698 1873
4699 1873
4700 1874
4701 1874
4702 1874
4703 1875
4704 1875
4705 1876
4706 1876
4707 1877
4708 1877
4709 1877
4710 1878
4711 1878
4712 1879
4713 1879
4714 1879
4715 1880
4716 1880
4717 1880
4718 1881
4719 1881
4720 1882
4721 1882
4722 1883
4723 1883
4724 1884
4725 1884
4726 1884
4727 1885
4728 1885
4729 1885
4730 1886
4731 1886
4732 1887
4733 1887
4734 1887
4735 1888
4736 1888
4737 1889
4738 1889
4739 1889
4740 1890
4741 1890
4742 1891
4743 1891
4744 1891
4745 1892
4746 1892
4747 1893
4748 1893
4749 1893
4750 1894
4751 1894
4752 1895
4753 1895
4754 1895
4755 1896
4756 1896
4757 1896
4758 1897
4759 1897
4760 1898
4761 1898
4762 1899
4763 1899
4764 1899
4765 1900
4766 1900
4767 1901
4768 1901
4769 1902
4770 1902
4771 1903
4772 1903
4773 1904
4774 1904
4775 1905
4776 1905
4777 1906
4778 1906
4779 1907
4780 1907
4781 1908
4782 1908
4783 1908
4784 1909
4785 1909
4786 1910
4787 1910
4788 1911
4789 1911
4790 1911
4791 1912
4792 1912
4793 1912
4794 1913
4795 1913
4796 1914
4797 1914
4798 1915
4799 1915
4800 1915
4801 1916
4802 1916
4803 1917
4804 1917
4805 1917
4806 1918
4807 1918
4808 1918
4809 1919
4810 1919
4811 1920
4812 1920
4813 1921
4814 1921
4815 1922
4816 1922
4817 1923
4818 1923
4819 1923
4820 1924
4821 1924
4822 1925
4823 1925
4824 1925
4825 1926
4826 1926
4827 1926
4828 1927
4829 1927
4830 1927
4831 1928
4832 1928
4833 1929
4834 1929
4835 1930
4836 1930
4837 1931
4838 1931
4839 1932
4840 1932
4841 1933
4842 1933
4843 1934
4844 1934
4845 1934
4846 1935
4847 1935
4848 1936
4849 1936
4850 1937
4851 1937
4852 1938
4853 1938
4854 1939
4855 1939
4856 1939
4857 1940
4858 1940
4859 1941
4860 1941
4861 1941
4862 1942
4863 1942
4864 1942
4865 1943
4866 1943
4867 1943
4868 1944
4869 1944
4870 1944
4871 1945
4872 1945
4873 1946
4874 1946
4875 1947
4876 1947
4877 1947
4878 1948
4879 1948
4880 1949
4881 1949
4882 1949
4883 1950
4884 1950
4885 1951
4886 1951
4887 1952
4888 1952
4889 1953
4890 1953
4891 1954
4892 1954
4893 1954
4894 1955
4895 1955
4896 1956
4897 1956
4898 1956
4899 1957
4900 1957
4901 1957
4902 1958
4903 1958
4904 1958
4905 1959
4906 1959
4907 1960
4908 1960
4909 1961
4910 1961
4911 1961
4912 1962
4913 1962
4914 1963
4915 1963
4916 1963
4917 1964
4918 1964
4919 1965
4920 1965
4921 1966
4922 1966
4923 1966
4924 1967
4925 1967
4926 1968
4927 1968
4928 1969
4929 1969
4930 1970
4931 1970
4932 1971
4933 1971
4934 1972
4935 1972
4936 1973
4937 1973
4938 1974
4939 1974
4940 1975
4941 1975
4942 1975
4943 1976
4944 1976
4945 1976
4946 1977
4947 1977
4948 1977
4949 1978
4950 1978
4951 1978
4952 1979
4953 1979
4954 1980
4955 1980
4956 1981
4957 1981
4958 1981
4959 1982
4960 1982
4961 1983
4962 1983
4963 1984
4964 1984
4965 1985
4966 1985
4967 1986
4968 1986
4969 1986
4970 1987
4971 1987
4972 1987
4973 1988
4974 1988
4975 1989
4976 1989
4977 1989
4978 1990
4979 1990
4980 1991
4981 1991
4982 1992
4983 1992
4984 1992
4985 1993
4986 1993
4987 1994
4988 1994
4989 1995
4990 1995
4991 1995
4992 1996
4993 1996
4994 1996
4995 1997
4996 1997
4997 1998
4998 1998
4999 1998
5000 1999
5001 1999
5002 1999
5003 2000
5004 2000
5005 2000
5006 2001
5007 2001
5008 2001
5009 2002
5010 2002
5011 2003
5012 2003
5013 2003
5014 2004
5015 2004
5016 2005
5017 2005
5018 2005
5019 2006
5020 2006
5021 2007
5022 2007
5023 2007
5024 2008
5025 2008
5026 2009
5027 2009
5028 2009
5029 2010
5030 2010
5031 2011
5032 2011
5033 2011
5034 2012
5035 2012
5036 2013
5037 2013
5038 2014
5039 2014
5040 2015
5041 2015
5042 2016
5043 2016
5044 2017
5045 2017
5046 2017
5047 2018
5048 2018
5049 2019
5050 2019
5051 2020
5052 2020
5053 2021
5054 2021
5055 2022
5056 2022
5057 2023
5058 2023
5059 2023
5060 2024
5061 2024
5062 2025
5063 2025
5064 2025
5065 2026
5066 2026
5067 2027
5068 2027
5069 2028
5070 2028
5071 2028
5072 2029
5073 2029
5074 2029
5075 2030
5076 2030
5077 2030
5078 2031
5079 2031
5080 2032
5081 2032
5082 2033
5083 2033
5084 2033
5085 2034
5086 2034
5087 2034
5088 2035
5089 2035
5090 2036
5091 2036
5092 2036
5093 2037
5094 2037
5095 2037
5096 2038
5097 2038
5098 2038
5099 2039
5100 2039
5101 2039
5102 2040
5103 2040
5104 2040
5105 2041
5106 2041
5107 2042
5108 2042
5109 2043
5110 2043
5111 2044
5112 2044
5113 2045
5114 2045
5115 2046
5116 2046
5117 2047
5118 2047
5119 2047
5120 2048
5121 2048
5122 2049
5123 2049
5124 2049
5125 2050
5126 2050
5127 2051
5128 2051
5129 2052
5130 2052
5131 2053
5132 2053
5133 2054
5134 2054
5135 2055
5136 2055
5137 2055
5138 2056
5139 2056
5140 2057
5141 2057
5142 2058
5143 2058
5144 2058
5145 2059
5146 2059
5147 2060
5148 2060
5149 2061
5150 2061
5151 2062
5152 2062
5153 2062
5154 2063
5155 2063
5156 2064
5157 2064
5158 2064
5159 2065
5160 2065
5161 2065
5162 2066
5163 2066
5164 2067
5165 2067
5166 2068
5167 2068
5168 2069
5169 2069
5170 2069
5171 2070
5172 2070
5173 2070
5174 2071
5175 2071
5176 2072
5177 2072
5178 2072
5179 2073
5180 2073
5181 2074
5182 2074
5183 2074
5184 2075
5185 2075
5186 2075
5187 2076
5188 2076
5189 2077
5190 2077
5191 2077
5192 2078
5193 2078
5194 2079
5195 2079
5196 2080
5197 2080
5198 2080
5199 2081
5200 2081
5201 2082
5202 2082
5203 2082
5204 2083
5205 2083
5206 2084
5207 2084
5208 2085
5209 2085
5210 2085
5211 2086
5212 2086
5213 2087
5214 2087
5215 2088
5216 2088
5217 2088
5218 2089
5219 2089
5220 2089
5221 2090
5222 2090
5223 2090
5224 2091
5225 2091
5226 2092
5227 2092
5228 2092
5229 2093
5230 2093
5231 2093
5232 2094
5233 2094
5234 2095
5235 2095
5236 2095
5237 2096
5238 2096
5239 2096
5240 2097
5241 2097
5242 2097
5243 2098
5244 2098
5245 2099
5246 2099
5247 2100
5248 2100
5249 2100
5250 2101
5251 2101
5252 2101
5253 2102
5254 2102
5255 2103
5256 2103
5257 2104
5258 2104
5259 2105
5260 2105
5261 2106
5262 2106
5263 2106
5264 2107
5265 2107
5266 2108
5267 2108
5268 2109
5269 2109
5270 2109
5271 2110
5272 2110
5273 2110
5274 2111
5275 2111
5276 2111
5277 2112
5278 2112
5279 2112
5280 2113
5281 2113
5282 2114
5283 2114
5284 2115
5285 2115
5286 2116
5287 2116
5288 2117
5289 2117
5290 2117
5291 2118
5292 2118
5293 2118
5294 2119
5295 2119
5296 2119
5297 2120
5298 2120
5299 2121
5300 2121
5301 2121
5302 2122
5303 2122
5304 2123
5305 2123
5306 2124
5307 2124
5308 2125
5309 2125
5310 2126
5311 2126
5312 2126
5313 2127
5314 2127
5315 2128
5316 2128
5317 2129
5318 2129
5319 2129
5320 2130
5321 2130
5322 2131
5323 2131
5324 2131
5325 2132
5326 2132
5327 2132
5328 2133
5329 2133
5330 2134
5331 2134
5332 2134
5333 2135
5334 2135
5335 2135
5336 2136
5337 2136
5338 2136
5339 2137
5340 2137
5341 2137
5342 2138
5343 2138
5344 2138
5345 2139
5346 2139
5347 2140
5348 2140
5349 2140
5350 2141
5351 2141
5352 2142
5353 2142
5354 2143
5355 2143
5356 2144
5357 2144
5358 2145
5359 2145
5360 2146
5361 2146
5362 2146
5363 2147
5364 2147
5365 2147
5366 2148
5367 2148
5368 2148
5369 2149
5370 2149
5371 2149
5372 2150
5373 2150
5374 2151
5375 2151
5376 2152
5377 2152
5378 2152
5379 2153
5380 2153
5381 2154
5382 2154
5383 2154
5384 2155
5385 2155
5386 2155
5387 2156
5388 2156
5389 2156
5390 2157
5391 2157
5392 2158
5393 2158
5394 2158
5395 2159
5396 2159
5397 2160
5398 2160
5399 2161
5400 2161
5401 2161
5402 2162
5403 2162
5404 2163
5405 2163
5406 2163
5407 2164
5408 2164
5409 2165
5410 2165
5411 2166
5412 2166
5413 2166
5414 2167
5415 2167
5416 2168
5417 2168
5418 2169
5419 2169
5420 2170
5421 2170
5422 2170
5423 2171
5424 2171
5425 2172
5426 2172
5427 2173
5428 2173
5429 2174
5430 2174
5431 2175
5432 2175
5433 2176
5434 2176
5435 2176
5436 2177
5437 2177
5438 2178
5439 2178
5440 2178
5441 2179
5442 2179
5443 2179
5444 2180
5445 2180
5446 2180
5447 2181
5448 2181
5449 2181
5450 2182
5451 2182
5452 2182
5453 2183
5454 2183
5455 2183
5456 2184
5457 2184
5458 2184
5459 2185
5460 2185
5461 2186
5462 2186
5463 2186
5464 2187
5465 2187
5466 2187
5467 2188
5468 2188
5469 2188
5470 2189
5471 2189
5472 2190
5473 2190
5474 2191
5475 2191
5476 2192
5477 2192
5478 2192
5479 2193
5480 2193
5481 2193
5482 2194
5483 2194
5484 2194
5485 2195
5486 2195
5487 2196
5488 2196
5489 2196
5490 2197
5491 2197
5492 2197
5493 2198
5494 2198
5495 2198
5496 2199
5497 2199
5498 2199
5499 2200
5500 2200
5501 2200
5502 2201
5503 2201
5504 2202
5505 2202
5506 2202
5507 2203
5508 2203
5509 2204
5510 2204
5511 2204
5512 2205
5513 2205
5514 2206
5515 2206
5516 2207
5517 2207
5518 2207
5519 2208
5520 2208
5521 2208
5522 2209
5523 2209
5524 2209
5525 2210
5526 2210
5527 2211
5528 2211
5529 2211
5530 2212
5531 2212
5532 2213
5533 2213
5534 2214
5535 2214
5536 2215
5537 2215
5538 2216
5539 2216
5540 2217
5541 2217
5542 2217
5543 2218
5544 2218
5545 2219
5546 2219
5547 2219
5548 2220
5549 2220
5550 2221
5551 2221
5552 2222
5553 2222
5554 2223
5555 2223
5556 2223
5557 2224
5558 2224
5559 2225
5560 2225
5561 2225
5562 2226
5563 2226
5564 2227
5565 2227
5566 2227
5567 2228
5568 2228
5569 2228
5570 2229
5571 2229
5572 2229
5573 2230
5574 2230
5575 2231
5576 2231
5577 2232
5578 2232
5579 2232
5580 2233
5581 2233
5582 2233
5583 2234
5584 2234
5585 2235
5586 2235
5587 2236
5588 2236
5589 2237
5590 2237
5591 2237
5592 2238
5593 2238
5594 2238
5595 2239
5596 2239
5597 2240
5598 2240
5599 2240
5600 2241
5601 2241
5602 2242
5603 2242
5604 2243
5605 2243
5606 2243
5607 2244
5608 2244
5609 2244
5610 2245
5611 2245
5612 2246
5613 2246
5614 2247
5615 2247
5616 2247
5617 2248
5618 2248
5619 2248
5620 2249
5621 2249
5622 2250
5623 2250
5624 2251
5625 2251
5626 2251
5627 2252
5628 2252
5629 2253
5630 2253
5631 2253
5632 2254
5633 2254
5634 2254
5635 2255
5636 2255
5637 2255
5638 2256
5639 2256
5640 2256
5641 2257
5642 2257
5643 2258
5644 2258
5645 2258
5646 2259
5647 2259
5648 2260
5649 2260
5650 2260
5651 2261
5652 2261
5653 2261
5654 2262
5655 2262
5656 2263
5657 2263
5658 2263
5659 2264
5660 2264
5661 2265
5662 2265
5663 2265
5664 2266
5665 2266
5666 2267
5667 2267
5668 2267
5669 2268
5670 2268
5671 2268
5672 2269
5673 2269
5674 2270
5675 2270
5676 2271
5677 2271
5678 2271
5679 2272
5680 2272
5681 2273
5682 2273
5683 2273
5684 2274
5685 2274
5686 2274
5687 2275
5688 2275
5689 2276
5690 2276
5691 2276
5692 2277
5693 2277
5694 2278
5695 2278
5696 2279
5697 2279
5698 2280
5699 2280
5700 2281
5701 2281
5702 2281
5703 2282
5704 2282
5705 2283
5706 2283
5707 2284
5708 2284
5709 2285
5710 2285
5711 2285
5712 2286
5713 2286
5714 2287
5715 2287
5716 2288
5717 2288
5718 2288
5719 2289
5720 2289
5721 2290
5722 2290
5723 2290
5724 2291
5725 2291
5726 2292
5727 2292
5728 2293
5729 2293
5730 2293
5731 2294
5732 2294
5733 2294
5734 2295
5735 2295
5736 2295
5737 2296
5738 2296
5739 2296
5740 2297
5741 2297
5742 2297
5743 2298
5744 2298
5745 2299
5746 2299
5747 2300
5748 2300
5749 2300
5750 2301
5751 2301
5752 2302
5753 2302
5754 2303
5755 2303
5756 2304
5757 2304
5758 2305
5759 2305
5760 2305
5761 2306
5762 2306
5763 2306
5764 2307
5765 2307
5766 2308
5767 2308
5768 2309
5769 2309
5770 2310
5771 2310
5772 2310
5773 2311
5774 2311
5775 2311
5776 2312
5777 2312
5778 2313
5779 2313
5780 2313
5781 2314
5782 2314
5783 2315
5784 2315
5785 2316
5786 2316
5787 2316
5788 2317
5789 2317
5790 2318
5791 2318
5792 2319
5793 2319
5794 2320
5795 2320
5796 2321
5797 2321
5798 2322
5799 2322
5800 2322
5801 2323
5802 2323
5803 2323
5804 2324
5805 2324
5806 2324
5807 2325
5808 2325
5809 2325
5810 2326
5811 2326
5812 2326
5813 2327
5814 2327
5815 2327
5816 2328
5817 2328
5818 2328
5819 2329
5820 2329
5821 2330
5822 2330
5823 2330
5824 2331
5825 2331
5826 2331
5827 2332
5828 2332
5829 2333
5830 2333
5831 2334
5832 2334
5833 2335
5834 2335
5835 2336
5836 2336
5837 2336
5838 2337
5839 2337
5840 2338
5841 2338
5842 2338
5843 2339
5844 2339
5845 2340
5846 2340
5847 2341
5848 2341
5849 2341
5850 2342
5851 2342
5852 2343
5853 2343
5854 2344
5855 2344
5856 2344
5857 2345
5858 2345
5859 2345
5860 2346
5861 2346
5862 2346
5863 2347
5864 2347
5865 2347
5866 2348
5867 2348
5868 2348
5869 2349
5870 2349
5871 2349
5872 2350
5873 2350
5874 2350
5875 2351
5876 2351
5877 2351
5878 2352
5879 2352
5880 2352
5881 2353
5882 2353
5883 2354
5884 2354
5885 2355
5886 2355
5887 2356
5888 2356
5889 2356
5890 2357
5891 2357
5892 2357
5893 2358
5894 2358
5895 2358
5896 2359
5897 2359
5898 2360
5899 2360
5900 2360
5901 2361
5902 2361
5903 2362
5904 2362
5905 2363
5906 2363
5907 2363
5908 2364
5909 2364
5910 2365
5911 2365
5912 2366
5913 2366
5914 2367
5915 2367
5916 2368
5917 2368
5918 2368
5919 2369
5920 2369
5921 2369
5922 2370
5923 2370
5924 2371
5925 2371
5926 2371
5927 2372
5928 2372
5929 2373
5930 2373
5931 2373
5932 2374
5933 2374
5934 2375
5935 2375
5936 2375
5937 2376
5938 2376
5939 2376
5940 2377
5941 2377
5942 2377
5943 2378
5944 2378
5945 2379
5946 2379
5947 2380
5948 2380
5949 2380
5950 2381
5951 2381
5952 2382
5953 2382
5954 2383
5955 2383
5956 2384
5957 2384
5958 2385
5959 2385
5960 2386
5961 2386
5962 2387
5963 2387
5964 2388
5965 2388
5966 2389
5967 2389
5968 2389
5969 2390
5970 2390
5971 2390
5972 2391
5973 2391
5974 2392
5975 2392
5976 2392
5977 2393
5978 2393
5979 2394
5980 2394
5981 2394
5982 2395
5983 2395
5984 2396
5985 2396
5986 2396
5987 2397
5988 2397
5989 2398
5990 2398
5991 2399
5992 2399
5993 2399
5994 2400
5995 2400
5996 2400
5997 2401
5998 2401
5999 2401
6000 2402
6001 2402
6002 2402
6003 2403
6004 2403
6005 2404
6006 2404
6007 2404
6008 2405
6009 2405
6010 2405
6011 2406
6012 2406
6013 2407
6014 2407
6015 2408
6016 2408
6017 2409
6018 2409
6019 2409
6020 2410
6021 2410
6022 2411
6023 2411
6024 2411
6025 2412
6026 2412
6027 2413
6028 2413
6029 2414
6030 2414
6031 2414
6032 2415
6033 2415
6034 2415
6035 2416
6036 2416
6037 2417
6038 2417
6039 2417
6040 2418
6041 2418
6042 2418
6043 2419
6044 2419
6045 2419
6046 2420
6047 2420
6048 2420
6049 2421
6050 2421
6051 2422
6052 2422
6053 2423
6054 2423
6055 2423
6056 2424
6057 2424
6058 2424
6059 2425
6060 2425
6061 2425
6062 2426
6063 2426
6064 2426
6065 2427
6066 2427
6067 2428
6068 2428
6069 2428
6070 2429
6071 2429
6072 2430
6073 2430
6074 2431
6075 2431
6076 2431
6077 2432
6078 2432
6079 2432
6080 2433
6081 2433
6082 2434
6083 2434
6084 2435
6085 2435
6086 2436
6087 2436
6088 2437
6089 2437
6090 2438
6091 2438
6092 2439
6093 2439
6094 2439
6095 2440
6096 2440
6097 2440
6098 2441
6099 2441
6100 2442
6101 2442
6102 2443
6103 2443
6104 2443
6105 2444
6106 2444
6107 2444
6108 2445
6109 2445
6110 2445
6111 2446
6112 2446
6113 2447
6114 2447
6115 2447
6116 2448
6117 2448
6118 2448
6119 2449
6120 2449
6121 2450
6122 2450
6123 2450
6124 2451
6125 2451
6126 2451
6127 2452
6128 2452
6129 2452
6130 2453
6131 2453
6132 2453
6133 2454
6134 2454
6135 2455
6136 2455
6137 2455
6138 2456
6139 2456
6140 2457
6141 2457
6142 2457
6143 2458
6144 2458
6145 2459
6146 2459
6147 2459
6148 2460
6149 2460
6150 2460
6151 2461
6152 2461
6153 2461
6154 2462
6155 2462
6156 2463
6157 2463
6158 2464
6159 2464
6160 2464
6161 2465
6162 2465
6163 2466
6164 2466
6165 2466
6166 2467
6167 2467
6168 2468
6169 2468
6170 2468
6171 2469
6172 2469
6173 2470
6174 2470
6175 2470
6176 2471
6177 2471
6178 2471
6179 2472
6180 2472
6181 2473
6182 2473
6183 2473
6184 2474
6185 2474
6186 2474
6187 2475
6188 2475
6189 2475
6190 2476
6191 2476
6192 2476
6193 2477
6194 2477
6195 2477
6196 2478
6197 2478
6198 2478
6199 2479
6200 2479
6201 2479
6202 2480
6203 2480
6204 2481
6205 2481
6206 2482
6207 2482
6208 2482
6209 2483
6210 2483
6211 2484
6212 2484
6213 2484
6214 2485
6215 2485
6216 2485
6217 2486
6218 2486
6219 2487
6220 2487
6221 2487
6222 2488
6223 2488
6224 2488
6225 2489
6226 2489
6227 2490
6228 2490
6229 2490
6230 2491
6231 2491
6232 2492
6233 2492
6234 2493
6235 2493
6236 2493
6237 2494
6238 2494
6239 2494
6240 2495
6241 2495
6242 2496
6243 2496
6244 2497
6245 2497
6246 2497
6247 2498
6248 2498
6249 2499
6250 2499
6251 2499
6252 2500
6253 2500
6254 2501
6255 2501
6256 2501
6257 2502
6258 2502
6259 2503
6260 2503
6261 2503
6262 2504
6263 2504
6264 2504
6265 2505
6266 2505
6267 2505
6268 2506
6269 2506
6270 2506
6271 2507
6272 2507
6273 2508
6274 2508
6275 2509
6276 2509
6277 2510
6278 2510
6279 2510
6280 2511
6281 2511
6282 2512
6283 2512
6284 2512
6285 2513
6286 2513
6287 2513
6288 2514
6289 2514
6290 2515
6291 2515
6292 2516
6293 2516
6294 2517
6295 2517
6296 2518
6297 2518
6298 2518
6299 2519
6300 2519
6301 2520
6302 2520
6303 2520
6304 2521
6305 2521
6306 2521
6307 2522
6308 2522
6309 2523
6310 2523
6311 2524
6312 2524
6313 2525
6314 2525
6315 2526
6316 2526
6317 2526
6318 2527
6319 2527
6320 2528
6321 2528
6322 2528
6323 2529
6324 2529
6325 2529
6326 2530
6327 2530
6328 2531
6329 2531
6330 2532
6331 2532
6332 2532
6333 2533
6334 2533
6335 2534
6336 2534
6337 2534
6338 2535
6339 2535
6340 2536
6341 2536
6342 2537
6343 2537
6344 2537
6345 2538
6346 2538
6347 2539
6348 2539
6349 2539
6350 2540
6351 2540
6352 2540
6353 2541
6354 2541
6355 2542
6356 2542
6357 2543
6358 2543
6359 2543
6360 2544
6361 2544
6362 2545
6363 2545
6364 2545
6365 2546
6366 2546
6367 2546
6368 2547
6369 2547
6370 2547
6371 2548
6372 2548
6373 2548
6374 2549
6375 2549
6376 2550
6377 2550
6378 2550
6379 2551
6380 2551
6381 2551
6382 2552
6383 2552
6384 2553
6385 2553
6386 2554
6387 2554
6388 2555
6389 2555
6390 2556
6391 2556
6392 2556
6393 2557
6394 2557
6395 2557
6396 2558
6397 2558
6398 2559
6399 2559
6400 2560
6401 2560
6402 2561
6403 2561
6404 2561
6405 2562
6406 2562
6407 2563
6408 2563
6409 2564
6410 2564
6411 2565
6412 2565
6413 2566
6414 2566
6415 2566
6416 2567
6417 2567
6418 2567
6419 2568
6420 2568
6421 2568
6422 2569
6423 2569
6424 2569
6425 2570
6426 2570
6427 2570
6428 2571
6429 2571
6430 2572
6431 2572
6432 2572
6433 2573
6434 2573
6435 2573
6436 2574
6437 2574
6438 2575
6439 2575
6440 2576
6441 2576
6442 2576
6443 2577
6444 2577
6445 2578
6446 2578
6447 2579
6448 2579
6449 2579
6450 2580
6451 2580
6452 2581
6453 2581
6454 2581
6455 2582
6456 2582
6457 2582
6458 2583
6459 2583
6460 2584
6461 2584
6462 2584
6463 2585
6464 2585
6465 2585
6466 2586
6467 2586
6468 2587
6469 2587
6470 2588
6471 2588
6472 2589
6473 2589
6474 2589
6475 2590
6476 2590
6477 2590
6478 2591
6479 2591
6480 2591
6481 2592
6482 2592
6483 2593
6484 2593
6485 2594
6486 2594
6487 2594
6488 2595
6489 2595
6490 2595
6491 2596
6492 2596
6493 2597
6494 2597
6495 2597
6496 2598
6497 2598
6498 2599
6499 2599
6500 2600
6501 2600
6502 2600
6503 2601
6504 2601
6505 2602
6506 2602
6507 2602
6508 2603
6509 2603
6510 2604
6511 2604
6512 2605
6513 2605
6514 2606
6515 2606
6516 2606
6517 2607
6518 2607
6519 2608
6520 2608
6521 2609
6522 2609
6523 2610
6524 2610
6525 2611
6526 2611
6527 2611
6528 2612
6529 2612
6530 2613
6531 2613
6532 2614
6533 2614
6534 2614
6535 2615
6536 2615
6537 2616
6538 2616
6539 2617
6540 2617
6541 2617
6542 2618
6543 2618
6544 2619
6545 2619
6546 2620
6547 2620
6548 2620
6549 2621
6550 2621
6551 2622
6552 2622
6553 2622
6554 2623
6555 2623
6556 2623
6557 2624
6558 2624
6559 2624
6560 2625
6561 2625
6562 2625
6563 2626
6564 2626
6565 2626
6566 2627
6567 2627
6568 2627
6569 2628
6570 2628
6571 2628
6572 2629
6573 2629
6574 2630
6575 2630
6576 2631
6577 2631
6578 2632
6579 2632
6580 2633
6581 2633
6582 2633
6583 2634
6584 2634
6585 2634
6586 2635
6587 2635
6588 2636
6589 2636
6590 2636
6591 2637
6592 2637
6593 2638
6594 2638
6595 2638
6596 2639
6597 2639
6598 2640
6599 2640
6600 2640
6601 2641
6602 2641
6603 2641
6604 2642
6605 2642
6606 2643
6607 2643
6608 2643
6609 2644
6610 2644
6611 2645
6612 2645
6613 2646
6614 2646
6615 2647
6616 2647
6617 2648
6618 2648
6619 2648
6620 2649
6621 2649
6622 2650
6623 2650
6624 2650
6625 2651
6626 2651
6627 2651
6628 2652
6629 2652
6630 2653
6631 2653
6632 2653
6633 2654
6634 2654
6635 2654
6636 2655
6637 2655
6638 2655
6639 2656
6640 2656
6641 2657
6642 2657
6643 2658
6644 2658
6645 2659
6646 2659
6647 2660
6648 2660
6649 2661
6650 2661
6651 2662
6652 2662
6653 2663
6654 2663
6655 2664
6656 2664
6657 2665
6658 2665
6659 2665
6660 2666
6661 2666
6662 2667
6663 2667
6664 2668
6665 2668
6666 2669
6667 2669
6668 2670
6669 2670
6670 2670
6671 2671
6672 2671
6673 2671
6674 2672
6675 2672
6676 2672
6677 2673
6678 2673
6679 2674
6680 2674
6681 2675
6682 2675
6683 2676
6684 2676
6685 2676
6686 2677
6687 2677
6688 2677
6689 2678
6690 2678
6691 2678
6692 2679
6693 2679
6694 2680
6695 2680
6696 2680
6697 2681
6698 2681
6699 2682
6700 2682
6701 2683
6702 2683
6703 2684
6704 2684
6705 2684
6706 2685
6707 2685
6708 2685
6709 2686
6710 2686
6711 2686
6712 2687
6713 2687
6714 2687
6715 2688
6716 2688
6717 2688
6718 2689
6719 2689
6720 2689
6721 2690
6722 2690
6723 2690
6724 2691
6725 2691
6726 2692
6727 2692
6728 2692
6729 2693
6730 2693
6731 2693
6732 2694
6733 2694
6734 2695
6735 2695
6736 2696
6737 2696
6738 2696
6739 2697
6740 2697
6741 2698
6742 2698
6743 2699
6744 2699
6745 2699
6746 2700
6747 2700
6748 2700
6749 2701
6750 2701
6751 2701
6752 2702
6753 2702
6754 2703
6755 2703
6756 2704
6757 2704
6758 2705
6759 2705
6760 2705
6761 2706
6762 2706
6763 2706
6764 2707
6765 2707
6766 2707
6767 2708
6768 2708
6769 2708
6770 2709
6771 2709
6772 2710
6773 2710
6774 2711
6775 2711
6776 2711
6777 2712
6778 2712
6779 2712
6780 2713
6781 2713
6782 2714
6783 2714
6784 2714
6785 2715
6786 2715
6787 2715
6788 2716
6789 2716
6790 2717
6791 2717
6792 2717
6793 2718
6794 2718
6795 2718
6796 2719
6797 2719
6798 2719
6799 2720
6800 2720
6801 2720
6802 2721
6803 2721
6804 2721
6805 2722
6806 2722
6807 2722
6808 2723
6809 2723
6810 2723
6811 2724
6812 2724
6813 2725
6814 2725
6815 2725
6816 2726
6817 2726
6818 2727
6819 2727
6820 2727
6821 2728
6822 2728
6823 2728
6824 2729
6825 2729
6826 2730
6827 2730
6828 2730
6829 2731
6830 2731
6831 2732
6832 2732
6833 2733
6834 2733
6835 2733
6836 2734
6837 2734
6838 2734
6839 2735
6840 2735
6841 2736
6842 2736
6843 2736
6844 2737
6845 2737
6846 2738
6847 2738
6848 2739
6849 2739
6850 2740
6851 2740
6852 2740
6853 2741
6854 2741
6855 2741
6856 2742
6857 2742
6858 2742
6859 2743
6860 2743
6861 2744
6862 2744
6863 2744
6864 2745
6865 2745
6866 2746
6867 2746
6868 2746
6869 2747
6870 2747
6871 2747
6872 2748
6873 2748
6874 2748
6875 2749
6876 2749
6877 2750
6878 2750
6879 2750
6880 2751
6881 2751
6882 2752
6883 2752
6884 2752
6885 2753
6886 2753
6887 2754
6888 2754
6889 2755
6890 2755
6891 2756
6892 2756
6893 2757
6894 2757
6895 2757
6896 2758
6897 2758
6898 2759
6899 2759
6900 2759
6901 2760
6902 2760
6903 2761
6904 2761
6905 2761
6906 2762
6907 2762
6908 2763
6909 2763
6910 2763
6911 2764
6912 2764
6913 2764
6914 2765
6915 2765
6916 2766
6917 2766
6918 2767
6919 2767
6920 2768
6921 2768
6922 2769
6923 2769
6924 2770
6925 2770
6926 2771
6927 2771
6928 2771
6929 2772
6930 2772
6931 2773
6932 2773
6933 2774
6934 2774
6935 2774
6936 2775
6937 2775
6938 2776
6939 2776
6940 2777
6941 2777
6942 2778
6943 2778
6944 2779
6945 2779
6946 2779
6947 2780
6948 2780
6949 2781
6950 2781
6951 2781
6952 2782
6953 2782
6954 2782
6955 2783
6956 2783
6957 2784
6958 2784
6959 2785
6960 2785
6961 2786
6962 2786
6963 2786
6964 2787
6965 2787
6966 2787
6967 2788
6968 2788
6969 2789
6970 2789
6971 2790
6972 2790
6973 2791
6974 2791
6975 2792
6976 2792
6977 2793
6978 2793
6979 2793
6980 2794
6981 2794
6982 2794
6983 2795
6984 2795
6985 2795
6986 2796
6987 2796
6988 2796
6989 2797
6990 2797
6991 2798
6992 2798
6993 2798
6994 2799
6995 2799
6996 2799
6997 2800
6998 2800
6999 2801
7000 2801
7001 2802
7002 2802
7003 2802
7004 2803
7005 2803
7006 2804
7007 2804
7008 2805
7009 2805
7010 2806
7011 2806
7012 2806
7013 2807
7014 2807
7015 2807
7016 2808
7017 2808
7018 2809
7019 2809
7020 2809
7021 2810
7022 2810
7023 2811
7024 2811
7025 2812
7026 2812
7027 2813
7028 2813
7029 2814
7030 2814
7031 2815
7032 2815
7033 2816
7034 2816
7035 2817
7036 2817
7037 2818
7038 2818
7039 2818
7040 2819
7041 2819
7042 2820
7043 2820
7044 2821
7045 2821
7046 2821
7047 2822
7048 2822
7049 2823
7050 2823
7051 2824
7052 2824
7053 2825
7054 2825
7055 2826
7056 2826
7057 2827
7058 2827
7059 2827
7060 2828
7061 2828
7062 2829
7063 2829
7064 2830
7065 2830
7066 2830
7067 2831
7068 2831
7069 2831
7070 2832
7071 2832
7072 2833
7073 2833
7074 2834
7075 2834
7076 2835
7077 2835
7078 2836
7079 2836
7080 2836
7081 2837
7082 2837
7083 2838
7084 2838
7085 2838
7086 2839
7087 2839
7088 2839
7089 2840
7090 2840
7091 2840
7092 2841
7093 2841
7094 2842
7095 2842
7096 2842
7097 2843
7098 2843
7099 2844
7100 2844
7101 2844
7102 2845
7103 2845
7104 2845
7105 2846
7106 2846
7107 2846
7108 2847
7109 2847
7110 2847
7111 2848
7112 2848
7113 2848
7114 2849
7115 2849
7116 2850
7117 2850
7118 2851
7119 2851
7120 2851
7121 2852
7122 2852
7123 2853
7124 2853
7125 2853
7126 2854
7127 2854
7128 2854
7129 2855
7130 2855
7131 2856
7132 2856
7133 2856
7134 2857
7135 2857
7136 2858
7137 2858
7138 2858
7139 2859
7140 2859
7141 2860
7142 2860
7143 2860
7144 2861
7145 2861
7146 2862
7147 2862
7148 2862
7149 2863
7150 2863
7151 2864
7152 2864
7153 2865
7154 2865
7155 2866
7156 2866
7157 2867
7158 2867
7159 2868
7160 2868
7161 2869
7162 2869
7163 2869
7164 2870
7165 2870
7166 2870
7167 2871
7168 2871
7169 2871
7170 2872
7171 2872
7172 2873
7173 2873
7174 2873
7175 2874
7176 2874
7177 2874
7178 2875
7179 2875
7180 2875
7181 2876
7182 2876
7183 2877
7184 2877
7185 2877
7186 2878
7187 2878
7188 2878
7189 2879
7190 2879
7191 2880
7192 2880
7193 2880
7194 2881
7195 2881
7196 2881
7197 2882
7198 2882
7199 2882
7200 2883
7201 2883
7202 2884
7203 2884
7204 2884
7205 2885
7206 2885
7207 2885
7208 2886
7209 2886
7210 2886
7211 2887
7212 2887
7213 2888
7214 2888
7215 2889
7216 2889
7217 2890
7218 2890
7219 2890
7220 2891
7221 2891
7222 2892
7223 2892
7224 2893
7225 2893
7226 2894
7227 2894
7228 2895
7229 2895
7230 2895
7231 2896
7232 2896
7233 2896
7234 2897
7235 2897
7236 2898
7237 2898
7238 2898
7239 2899
7240 2899
7241 2899
7242 2900
7243 2900
7244 2900
7245 2901
7246 2901
7247 2902
7248 2902
7249 2903
7250 2903
7251 2903
7252 2904
7253 2904
7254 2904
7255 2905
7256 2905
7257 2906
7258 2906
7259 2907
7260 2907
7261 2907
7262 2908
7263 2908
7264 2908
7265 2909
7266 2909
7267 2910
7268 2910
7269 2910
7270 2911
7271 2911
7272 2911
7273 2912
7274 2912
7275 2913
7276 2913
7277 2913
7278 2914
7279 2914
7280 2914
7281 2915
7282 2915
7283 2916
7284 2916
7285 2916
7286 2917
7287 2917
7288 2917
7289 2918
7290 2918
7291 2918
7292 2919
7293 2919
7294 2919
7295 2920
7296 2920
7297 2921
7298 2921
7299 2922
7300 2922
7301 2922
7302 2923
7303 2923
7304 2924
7305 2924
7306 2924
7307 2925
7308 2925
7309 2926
7310 2926
7311 2926
7312 2927
7313 2927
7314 2927
7315 2928
7316 2928
7317 2928
7318 2929
7319 2929
7320 2930
7321 2930
7322 2930
7323 2931
7324 2931
7325 2931
7326 2932
7327 2932
7328 2932
7329 2933
7330 2933
7331 2933
7332 2934
7333 2934
7334 2935
7335 2935
7336 2935
7337 2936
7338 2936
7339 2936
7340 2937
7341 2937
7342 2937
7343 2938
7344 2938
7345 2938
7346 2939
7347 2939
7348 2939
7349 2940
7350 2940
7351 2941
7352 2941
7353 2942
7354 2942
7355 2943
7356 2943
7357 2943
7358 2944
7359 2944
7360 2945
7361 2945
7362 2946
7363 2946
7364 2947
7365 2947
7366 2948
7367 2948
7368 2948
7369 2949
7370 2949
7371 2950
7372 2950
7373 2951
7374 2951
7375 2952
7376 2952
7377 2953
7378 2953
7379 2954
7380 2954
7381 2954
7382 2955
7383 2955
7384 2955
7385 2956
7386 2956
7387 2957
7388 2957
7389 2958
7390 2958
7391 2958
7392 2959
7393 2959
7394 2959
7395 2960
7396 2960
7397 2961
7398 2961
7399 2961
7400 2962
7401 2962
7402 2962
7403 2963
7404 2963
7405 2964
7406 2964
7407 2964
7408 2965
7409 2965
7410 2965
7411 2966
7412 2966
7413 2966
7414 2967
7415 2967
7416 2967
7417 2968
7418 2968
7419 2969
7420 2969
7421 2969
7422 2970
7423 2970
7424 2971
7425 2971
7426 2971
7427 2972
7428 2972
7429 2972
7430 2973
7431 2973
7432 2973
7433 2974
7434 2974
7435 2975
7436 2975
7437 2976
7438 2976
7439 2976
7440 2977
7441 2977
7442 2978
7443 2978
7444 2979
7445 2979
7446 2980
7447 2980
7448 2980
7449 2981
7450 2981
7451 2982
7452 2982
7453 2983
7454 2983
7455 2984
7456 2984
7457 2985
7458 2985
7459 2986
7460 2986
7461 2986
7462 2987
7463 2987
7464 2987
7465 2988
7466 2988
7467 2989
7468 2989
7469 2989
7470 2990
7471 2990
7472 2990
7473 2991
7474 2991
7475 2991
7476 2992
7477 2992
7478 2993
7479 2993
7480 2993
7481 2994
7482 2994
7483 2995
7484 2995
7485 2995
7486 2996
7487 2996
7488 2996
7489 2997
7490 2997
7491 2997
7492 2998
7493 2998
7494 2998
7495 2999
7496 2999
7497 3000
7498 3000
7499 3001
7500 3001
7501 3002
7502 3002
7503 3003
7504 3003
7505 3004
7506 3004
7507 3005
7508 3005
7509 3005
7510 3006
7511 3006
7512 3007
7513 3007
7514 3007
7515 3008
7516 3008
7517 3008
7518 3009
7519 3009
7520 3010
7521 3010
7522 3010
7523 3011
7524 3011
7525 3011
7526 3012
7527 3012
7528 3013
7529 3013
7530 3013
7531 3014
7532 3014
7533 3015
7534 3015
7535 3016
7536 3016
7537 3017
7538 3017
7539 3018
7540 3018
7541 3018
7542 3019
7543 3019
7544 3020
7545 3020
7546 3021
7547 3021
7548 3022
7549 3022
7550 3023
7551 3023
7552 3023
7553 3024
7554 3024
7555 3024
7556 3025
7557 3025
7558 3026
7559 3026
7560 3026
7561 3027
7562 3027
7563 3027
7564 3028
7565 3028
7566 3028
7567 3029
7568 3029
7569 3029
7570 3030
7571 3030
7572 3030
7573 3031
7574 3031
7575 3031
7576 3032
7577 3032
7578 3033
7579 3033
7580 3034
7581 3034
7582 3035
7583 3035
7584 3036
7585 3036
7586 3037
7587 3037
7588 3038
7589 3038
7590 3038
7591 3039
7592 3039
7593 3040
7594 3040
7595 3041
7596 3041
7597 3041
7598 3042
7599 3042
7600 3042
7601 3043
7602 3043
7603 3043
7604 3044
7605 3044
7606 3045
7607 3045
7608 3045
7609 3046
7610 3046
7611 3047
7612 3047
7613 3047
7614 3048
7615 3048
7616 3048
7617 3049
7618 3049
7619 3049
7620 3050
7621 3050
7622 3050
7623 3051
7624 3051
7625 3051
7626 3052
7627 3052
7628 3052
7629 3053
7630 3053
7631 3053
7632 3054
7633 3054
7634 3055
7635 3055
7636 3056
7637 3056
7638 3056
7639 3057
7640 3057
7641 3057
7642 3058
7643 3058
7644 3059
7645 3059
7646 3060
7647 3060
7648 3060
7649 3061
7650 3061
7651 3061
7652 3062
7653 3062
7654 3062
7655 3063
7656 3063
7657 3063
7658 3064
7659 3064
7660 3064
7661 3065
7662 3065
7663 3065
7664 3066
7665 3066
7666 3066
7667 3067
7668 3067
7669 3067
7670 3068
7671 3068
7672 3069
7673 3069
7674 3069
7675 3070
7676 3070
7677 3070
7678 3071
7679 3071
7680 3072
7681 3072
7682 3072
7683 3073
7684 3073
7685 3074
7686 3074
7687 3074
7688 3075
7689 3075
7690 3075
7691 3076
7692 3076
7693 3076
7694 3077
7695 3077
7696 3077
7697 3078
7698 3078
7699 3078
7700 3079
7701 3079
7702 3079
7703 3080
7704 3080
7705 3081
7706 3081
7707 3081
7708 3082
7709 3082
7710 3082
7711 3083
7712 3083
7713 3083
7714 3084
7715 3084
7716 3084
7717 3085
7718 3085
7719 3086
7720 3086
7721 3087
7722 3087
7723 3088
7724 3088
7725 3088
7726 3089
7727 3089
7728 3090
7729 3090
7730 3091
7731 3091
7732 3091
7733 3092
7734 3092
7735 3092
7736 3093
7737 3093
7738 3093
7739 3094
7740 3094
7741 3094
7742 3095
7743 3095
7744 3096
7745 3096
7746 3096
7747 3097
7748 3097
7749 3098
7750 3098
7751 3098
7752 3099
7753 3099
7754 3099
7755 3100
7756 3100
7757 3101
7758 3101
7759 3102
7760 3102
7761 3103
7762 3103
7763 3104
7764 3104
7765 3104
7766 3105
7767 3105
7768 3105
7769 3106
7770 3106
7771 3107
7772 3107
7773 3107
7774 3108
7775 3108
7776 3108
7777 3109
7778 3109
7779 3109
7780 3110
7781 3110
7782 3110
7783 3111
7784 3111
7785 3111
7786 3112
7787 3112
7788 3112
7789 3113
7790 3113
7791 3113
7792 3114
7793 3114
7794 3115
7795 3115
7796 3116
7797 3116
7798 3117
7799 3117
7800 3117
7801 3118
7802 3118
7803 3118
7804 3119
7805 3119
7806 3120
7807 3120
7808 3121
7809 3121
7810 3122
7811 3122
7812 3122
7813 3123
7814 3123
7815 3124
7816 3124
7817 3124
7818 3125
7819 3125
7820 3126
7821 3126
7822 3127
7823 3127
7824 3128
7825 3128
7826 3128
7827 3129
7828 3129
7829 3129
7830 3130
7831 3130
7832 3130
7833 3131
7834 3131
7835 3131
7836 3132
7837 3132
7838 3132
7839 3133
7840 3133
7841 3134
7842 3134
7843 3135
7844 3135
7845 3135
7846 3136
7847 3136
7848 3137
7849 3137
7850 3138
7851 3138
7852 3138
7853 3139
7854 3139
7855 3139
7856 3140
7857 3140
7858 3140
7859 3141
7860 3141
7861 3142
7862 3142
7863 3143
7864 3143
7865 3144
7866 3144
7867 3145
7868 3145
7869 3146
7870 3146
7871 3147
7872 3147
7873 3147
7874 3148
7875 3148
7876 3149
7877 3149
7878 3149
7879 3150
7880 3150
7881 3150
7882 3151
7883 3151
7884 3151
7885 3152
7886 3152
7887 3153
7888 3153
7889 3153
7890 3154
7891 3154
7892 3154
7893 3155
7894 3155
7895 3155
7896 3156
7897 3156
7898 3156
7899 3157
7900 3157
7901 3157
7902 3158
7903 3158
7904 3158
7905 3159
7906 3159
7907 3160
7908 3160
7909 3161
7910 3161
7911 3162
7912 3162
7913 3163
7914 3163
7915 3163
7916 3164
7917 3164
7918 3164
7919 3165
7920 3165
7921 3165
7922 3166
7923 3166
7924 3166
7925 3167
7926 3167
7927 3167
7928 3168
7929 3168
7930 3168
7931 3169
7932 3169
7933 3169
7934 3170
7935 3170
7936 3171
7937 3171
7938 3172
7939 3172
7940 3172
7941 3173
7942 3173
7943 3174
7944 3174
7945 3175
7946 3175
7947 3176
7948 3176
7949 3177
7950 3177
7951 3177
7952 3178
7953 3178
7954 3179
7955 3179
7956 3180
7957 3180
7958 3181
7959 3181
7960 3182
7961 3182
7962 3183
7963 3183
7964 3183
7965 3184
7966 3184
7967 3184
7968 3185
7969 3185
7970 3186
7971 3186
7972 3186
7973 3187
7974 3187
7975 3188
7976 3188
7977 3188
7978 3189
7979 3189
7980 3190
7981 3190
7982 3190
7983 3191
7984 3191
7985 3191
7986 3192
7987 3192
7988 3192
7989 3193
7990 3193
7991 3194
7992 3194
7993 3195
7994 3195
7995 3195
7996 3196
7997 3196
7998 3196
7999 3197
8000 3197
8001 3198
8002 3198
8003 3198
8004 3199
8005 3199
8006 3199
8007 3200
8008 3200
8009 3200
8010 3201
8011 3201
8012 3201
8013 3202
8014 3202
8015 3202
8016 3203
8017 3203
8018 3203
8019 3204
8020 3204
8021 3204
8022 3205
8023 3205
8024 3205
8025 3206
8026 3206
8027 3206
8028 3207
8029 3207
8030 3208
8031 3208
8032 3209
8033 3209
8034 3210
8035 3210
8036 3211
8037 3211
8038 3211
8039 3212
8040 3212
8041 3212
8042 3213
8043 3213
8044 3214
8045 3214
8046 3215
8047 3215
8048 3215
8049 3216
8050 3216
8051 3217
8052 3217
8053 3217
8054 3218
8055 3218
8056 3218
8057 3219
8058 3219
8059 3219
8060 3220
8061 3220
8062 3220
8063 3221
8064 3221
8065 3221
8066 3222
8067 3222
8068 3223
8069 3223
8070 3224
8071 3224
8072 3224
8073 3225
8074 3225
8075 3226
8076 3226
8077 3226
8078 3227
8079 3227
8080 3228
8081 3228
8082 3228
8083 3229
8084 3229
8085 3229
8086 3230
8087 3230
8088 3231
8089 3231
8090 3231
8091 3232
8092 3232
8093 3233
8094 3233
8095 3233
8096 3234
8097 3234
8098 3234
8099 3235
8100 3235
8101 3236
8102 3236
8103 3237
8104 3237
8105 3237
8106 3238
8107 3238
8108 3239
8109 3239
8110 3239
8111 3240
8112 3240
8113 3241
8114 3241
8115 3242
8116 3242
8117 3242
8118 3243
8119 3243
8120 3243
8121 3244
8122 3244
8123 3245
8124 3245
8125 3245
8126 3246
8127 3246
8128 3246
8129 3247
8130 3247
8131 3248
8132 3248
8133 3248
8134 3249
8135 3249
8136 3250
8137 3250
8138 3250
8139 3251
8140 3251
8141 3252
8142 3252
8143 3253
8144 3253
8145 3253
8146 3254
8147 3254
8148 3255
8149 3255
8150 3256
8151 3256
8152 3256
8153 3257
8154 3257
8155 3258
8156 3258
8157 3259
8158 3259
8159 3260
8160 3260
8161 3260
8162 3261
8163 3261
8164 3261
8165 3262
8166 3262
8167 3262
8168 3263
8169 3263
8170 3263
8171 3264
8172 3264
8173 3264
8174 3265
8175 3265
8176 3265
8177 3266
8178 3266
8179 3267
8180 3267
8181 3267
8182 3268
8183 3268
8184 3269
8185 3269
8186 3270
8187 3270
8188 3270
8189 3271
8190 3271
8191 3271
8192 3272
8193 3272
8194 3272
8195 3273
8196 3273
8197 3274
8198 3274
8199 3274
8200 3275
8201 3275
8202 3276
8203 3276
8204 3276
8205 3277
8206 3277
8207 3277
8208 3278
8209 3278
8210 3279
8211 3279
8212 3279
8213 3280
8214 3280
8215 3281
8216 3281
8217 3281
8218 3282
8219 3282
8220 3283
8221 3283
8222 3283
8223 3284
8224 3284
8225 3284
8226 3285
8227 3285
8228 3286
8229 3286
8230 3286
8231 3287
8232 3287
8233 3287
8234 3288
8235 3288
8236 3288
8237 3289
8238 3289
8239 3290
8240 3290
8241 3291
8242 3291
8243 3292
8244 3292
8245 3293
8246 3293
8247 3294
8248 3294
8249 3295
8250 3295
8251 3296
8252 3296
8253 3296
8254 3297
8255 3297
8256 3298
8257 3298
8258 3298
8259 3299
8260 3299
8261 3300
8262 3300
8263 3300
8264 3301
8265 3301
8266 3301
8267 3302
8268 3302
8269 3302
8270 3303
8271 3303
8272 3303
8273 3304
8274 3304
8275 3305
8276 3305
8277 3306
8278 3306
8279 3306
8280 3307
8281 3307
8282 3308
8283 3308
8284 3309
8285 3309
8286 3309
8287 3310
8288 3310
8289 3311
8290 3311
8291 3311
8292 3312
8293 3312
8294 3312
8295 3313
8296 3313
8297 3314
8298 3314
8299 3315
8300 3315
8301 3315
8302 3316
8303 3316
8304 3317
8305 3317
8306 3318
8307 3318
8308 3319
8309 3319
8310 3320
8311 3320
8312 3321
8313 3321
8314 3321
8315 3322
8316 3322
8317 3323
8318 3323
8319 3324
8320 3324
8321 3324
8322 3325
8323 3325
8324 3326
8325 3326
8326 3327
8327 3327
8328 3328
8329 3328
8330 3328
8331 3329
8332 3329
8333 3330
8334 3330
8335 3330
8336 3331
8337 3331
8338 3331
8339 3332
8340 3332
8341 3333
8342 3333
8343 3333
8344 3334
8345 3334
8346 3335
8347 3335
8348 3336
8349 3336
8350 3336
8351 3337
8352 3337
8353 3337
8354 3338
8355 3338
8356 3338
8357 3339
8358 3339
8359 3339
8360 3340
8361 3340
8362 3341
8363 3341
8364 3341
8365 3342
8366 3342
8367 3343
8368 3343
8369 3344
8370 3344
8371 3344
8372 3345
8373 3345
8374 3346
8375 3346
8376 3346
8377 3347
8378 3347
8379 3347
8380 3348
8381 3348
8382 3349
8383 3349
8384 3349
8385 3350
8386 3350
8387 3351
8388 3351
8389 3351
8390 3352
8391 3352
8392 3352
8393 3353
8394 3353
8395 3354
8396 3354
8397 3354
8398 3355
8399 3355
8400 3356
8401 3356
8402 3357
8403 3357
8404 3358
8405 3358
8406 3359
8407 3359
8408 3360
8409 3360
8410 3361
8411 3361
8412 3362
8413 3362
8414 3362
8415 3363
8416 3363
8417 3363
8418 3364
8419 3364
8420 3364
8421 3365
8422 3365
8423 3366
8424 3366
8425 3367
8426 3367
8427 3368
8428 3368
8429 3369
8430 3369
8431 3370
8432 3370
8433 3370
8434 3371
8435 3371
8436 3372
8437 3372
8438 3372
8439 3373
8440 3373
8441 3373
8442 3374
8443 3374
8444 3374
8445 3375
8446 3375
8447 3375
8448 3376
8449 3376
8450 3376
8451 3377
8452 3377
8453 3378
8454 3378
8455 3378
8456 3379
8457 3379
8458 3379
8459 3380
8460 3380
8461 3380
8462 3381
8463 3381
8464 3381
8465 3382
8466 3382
8467 3383
8468 3383
8469 3384
8470 3384
8471 3385
8472 3385
8473 3385
8474 3386
8475 3386
8476 3386
8477 3387
8478 3387
8479 3387
8480 3388
8481 3388
8482 3389
8483 3389
8484 3390
8485 3390
8486 3390
8487 3391
8488 3391
8489 3391
8490 3392
8491 3392
8492 3393
8493 3393
8494 3394
8495 3394
8496 3395
8497 3395
8498 3396
8499 3396
8500 3396
8501 3397
8502 3397
8503 3398
8504 3398
8505 3399
8506 3399
8507 3399
8508 3400
8509 3400
8510 3400
8511 3401
8512 3401
8513 3402
8514 3402
8515 3402
8516 3403
8517 3403
8518 3403
8519 3404
8520 3404
8521 3404
8522 3405
8523 3405
8524 3406
8525 3406
8526 3406
8527 3407
8528 3407
8529 3407
8530 3408
8531 3408
8532 3408
8533 3409
8534 3409
8535 3409
8536 3410
8537 3410
8538 3411
8539 3411
8540 3411
8541 3412
8542 3412
8543 3413
8544 3413
8545 3413
8546 3414
8547 3414
8548 3414
8549 3415
8550 3415
8551 3416
8552 3416
8553 3416
8554 3417
8555 3417
8556 3418
8557 3418
8558 3419
8559 3419
8560 3419
8561 3420
8562 3420
8563 3421
8564 3421
8565 3421
8566 3422
8567 3422
8568 3423
8569 3423
8570 3423
8571 3424
8572 3424
8573 3425
8574 3425
8575 3425
8576 3426
8577 3426
8578 3427
8579 3427
8580 3427
8581 3428
8582 3428
8583 3429
8584 3429
8585 3429
8586 3430
8587 3430
8588 3431
8589 3431
8590 3432
8591 3432
8592 3432
8593 3433
8594 3433
8595 3433
8596 3434
8597 3434
8598 3435
8599 3435
8600 3436
8601 3436
8602 3436
8603 3437
8604 3437
8605 3437
8606 3438
8607 3438
8608 3438
8609 3439
8610 3439
8611 3439
8612 3440
8613 3440
8614 3440
8615 3441
8616 3441
8617 3442
8618 3442
8619 3443
8620 3443
8621 3443
8622 3444
8623 3444
8624 3445
8625 3445
8626 3445
8627 3446
8628 3446
8629 3446
8630 3447
8631 3447
8632 3448
8633 3448
8634 3448
8635 3449
8636 3449
8637 3449
8638 3450
8639 3450
8640 3450
8641 3451
8642 3451
8643 3452
8644 3452
8645 3453
8646 3453
8647 3454
8648 3454
8649 3454
8650 3455
8651 3455
8652 3455
8653 3456
8654 3456
8655 3456
8656 3457
8657 3457
8658 3458
8659 3458
8660 3459
8661 3459
8662 3459
8663 3460
8664 3460
8665 3460
8666 3461
8667 3461
8668 3462
8669 3462
8670 3463
8671 3463
8672 3464
8673 3464
8674 3465
8675 3465
8676 3466
8677 3466
8678 3467
8679 3467
8680 3467
8681 3468
8682 3468
8683 3468
8684 3469
8685 3469
8686 3469
8687 3470
8688 3470
8689 3471
8690 3471
8691 3472
8692 3472
8693 3473
8694 3473
8695 3474
8696 3474
8697 3475
8698 3475
8699 3476
8700 3476
8701 3477
8702 3477
8703 3478
8704 3478
8705 3479
8706 3479
8707 3480
8708 3480
8709 3481
8710 3481
8711 3481
8712 3482
8713 3482
8714 3483
8715 3483
8716 3484
8717 3484
8718 3484
8719 3485
8720 3485
8721 3485
8722 3486
8723 3486
8724 3487
8725 3487
8726 3487
8727 3488
8728 3488
8729 3489
8730 3489
8731 3489
8732 3490
8733 3490
8734 3491
8735 3491
8736 3492
8737 3492
8738 3492
8739 3493
8740 3493
8741 3494
8742 3494
8743 3494
8744 3495
8745 3495
8746 3496
8747 3496
8748 3496
8749 3497
8750 3497
8751 3497
8752 3498
8753 3498
8754 3498
8755 3499
8756 3499
8757 3499
8758 3500
8759 3500
8760 3500
8761 3501
8762 3501
8763 3502
8764 3502
8765 3503
8766 3503
8767 3504
8768 3504
8769 3504
8770 3505
8771 3505
8772 3505
8773 3506
8774 3506
8775 3506
8776 3507
8777 3507
8778 3507
8779 3508
8780 3508
8781 3509
8782 3509
8783 3510
8784 3510
8785 3511
8786 3511
8787 3512
8788 3512
8789 3513
8790 3513
8791 3513
8792 3514
8793 3514
8794 3514
8795 3515
8796 3515
8797 3515
8798 3516
8799 3516
8800 3517
8801 3517
8802 3517
8803 3518
8804 3518
8805 3518
8806 3519
8807 3519
8808 3520
8809 3520
8810 3520
8811 3521
8812 3521
8813 3522
8814 3522
8815 3522
8816 3523
8817 3523
8818 3523
8819 3524
8820 3524
8821 3525
8822 3525
8823 3525
8824 3526
8825 3526
8826 3526
8827 3527
8828 3527
8829 3528
8830 3528
8831 3529
8832 3529
8833 3530
8834 3530
8835 3530
8836 3531
8837 3531
8838 3531
8839 3532
8840 3532
8841 3533
8842 3533
8843 3533
8844 3534
8845 3534
8846 3534
8847 3535
8848 3535
8849 3535
8850 3536
8851 3536
8852 3536
8853 3537
8854 3537
8855 3538
8856 3538
8857 3538
8858 3539
8859 3539
8860 3540
8861 3540
8862 3541
8863 3541
8864 3542
8865 3542
8866 3543
8867 3543
8868 3543
8869 3544
8870 3544
8871 3544
8872 3545
8873 3545
8874 3546
8875 3546
8876 3547
8877 3547
8878 3548
8879 3548
8880 3549
8881 3549
8882 3549
8883 3550
8884 3550
8885 3550
8886 3551
8887 3551
8888 3552
8889 3552
8890 3553
8891 3553
8892 3554
8893 3554
8894 3554
8895 3555
8896 3555
8897 3556
8898 3556
8899 3557
8900 3557
8901 3558
8902 3558
8903 3559
8904 3559
8905 3560
8906 3560
8907 3561
8908 3561
8909 3562
8910 3562
8911 3562
8912 3563
8913 3563
8914 3564
8915 3564
8916 3565
8917 3565
8918 3566
8919 3566
8920 3567
8921 3567
8922 3568
8923 3568
8924 3568
8925 3569
8926 3569
8927 3569
8928 3570
8929 3570
8930 3570
8931 3571
8932 3571
8933 3572
8934 3572
8935 3573
8936 3573
8937 3574
8938 3574
8939 3574
8940 3575
8941 3575
8942 3576
8943 3576
8944 3577
8945 3577
8946 3578
8947 3578
8948 3578
8949 3579
8950 3579
8951 3579
8952 3580
8953 3580
8954 3581
8955 3581
8956 3581
8957 3582
8958 3582
8959 3582
8960 3583
8961 3583
8962 3584
8963 3584
8964 3585
8965 3585
8966 3585
8967 3586
8968 3586
8969 3586
8970 3587
8971 3587
8972 3587
8973 3588
8974 3588
8975 3589
8976 3589
8977 3589
8978 3590
8979 3590
8980 3590
8981 3591
8982 3591
8983 3592
8984 3592
8985 3593
8986 3593
8987 3593
8988 3594
8989 3594
8990 3595
8991 3595
8992 3595
8993 3596
8994 3596
8995 3596
8996 3597
8997 3597
8998 3597
8999 3598
9000 3598
9001 3598
9002 3599
9003 3599
9004 3599
9005 3600
9006 3600
9007 3600
9008 3601
9009 3601
9010 3601
9011 3602
9012 3602
9013 3602
9014 3603
9015 3603
9016 3604
9017 3604
9018 3605
9019 3605
9020 3605
9021 3606
9022 3606
9023 3607
9024 3607
9025 3607
9026 3608
9027 3608
9028 3608
9029 3609
9030 3609
9031 3610
9032 3610
9033 3611
9034 3611
9035 3611
9036 3612
9037 3612
9038 3613
9039 3613
9040 3614
9041 3614
9042 3614
9043 3615
9044 3615
9045 3616
9046 3616
9047 3616
9048 3617
9049 3617
9050 3618
9051 3618
9052 3618
9053 3619
9054 3619
9055 3619
9056 3620
9057 3620
9058 3621
9059 3621
9060 3622
9061 3622
9062 3623
9063 3623
9064 3624
9065 3624
9066 3625
9067 3625
9068 3625
9069 3626
9070 3626
9071 3626
9072 3627
9073 3627
9074 3628
9075 3628
9076 3628
9077 3629
9078 3629
9079 3629
9080 3630
9081 3630
9082 3630
9083 3631
9084 3631
9085 3631
9086 3632
9087 3632
9088 3633
9089 3633
9090 3634
9091 3634
9092 3634
9093 3635
9094 3635
9095 3635
9096 3636
9097 3636
9098 3636
9099 3637
9100 3637
9101 3638
9102 3638
9103 3638
9104 3639
9105 3639
9106 3639
9107 3640
9108 3640
9109 3641
9110 3641
9111 3641
9112 3642
9113 3642
9114 3643
9115 3643
9116 3643
9117 3644
9118 3644
9119 3645
9120 3645
9121 3645
9122 3646
9123 3646
9124 3646
9125 3647
9126 3647
9127 3648
9128 3648
9129 3649
9130 3649
9131 3649
9132 3650
9133 3650
9134 3651
9135 3651
9136 3651
9137 3652
9138 3652
9139 3653
9140 3653
9141 3654
9142 3654
9143 3655
9144 3655
9145 3656
9146 3656
9147 3657
9148 3657
9149 3658
9150 3658
9151 3658
9152 3659
9153 3659
9154 3659
9155 3660
9156 3660
9157 3660
9158 3661
9159 3661
9160 3661
9161 3662
9162 3662
9163 3662
9164 3663
9165 3663
9166 3664
9167 3664
9168 3664
9169 3665
9170 3665
9171 3666
9172 3666
9173 3667
9174 3667
9175 3667
9176 3668
9177 3668
9178 3668
9179 3669
9180 3669
9181 3669
9182 3670
9183 3670
9184 3671
9185 3671
9186 3671
9187 3672
9188 3672
9189 3673
9190 3673
9191 3673
9192 3674
9193 3674
9194 3674
9195 3675
9196 3675
9197 3675
9198 3676
9199 3676
9200 3676
9201 3677
9202 3677
9203 3677
9204 3678
9205 3678
9206 3679
9207 3679
9208 3680
9209 3680
9210 3680
9211 3681
9212 3681
9213 3681
9214 3682
9215 3682
9216 3682
9217 3683
9218 3683
9219 3683
9220 3684
9221 3684
9222 3685
9223 3685
9224 3686
9225 3686
9226 3687
9227 3687
9228 3688
9229 3688
9230 3689
9231 3689
9232 3690
9233 3690
9234 3690
9235 3691
9236 3691
9237 3692
9238 3692
9239 3692
9240 3693
9241 3693
9242 3693
9243 3694
9244 3694
9245 3695
9246 3695
9247 3696
9248 3696
9249 3697
9250 3697
9251 3697
9252 3698
9253 3698
9254 3698
9255 3699
9256 3699
9257 3700
9258 3700
9259 3701
9260 3701
9261 3701
9262 3702
9263 3702
9264 3702
9265 3703
9266 3703
9267 3703
9268 3704
9269 3704
9270 3705
9271 3705
9272 3706
9273 3706
9274 3707
9275 3707
9276 3707
9277 3708
9278 3708
9279 3708
9280 3709
9281 3709
9282 3710
9283 3710
9284 3710
9285 3711
9286 3711
9287 3711
9288 3712
9289 3712
9290 3713
9291 3713
9292 3713
9293 3714
9294 3714
9295 3715
9296 3715
9297 3716
9298 3716
9299 3716
9300 3717
9301 3717
9302 3718
9303 3718
9304 3718
9305 3719
9306 3719
9307 3720
9308 3720
9309 3720
9310 3721
9311 3721
9312 3722
9313 3722
9314 3722
9315 3723
9316 3723
9317 3724
9318 3724
9319 3724
9320 3725
9321 3725
9322 3726
9323 3726
9324 3726
9325 3727
9326 3727
9327 3727
9328 3728
9329 3728
9330 3728
9331 3729
9332 3729
9333 3729
9334 3730
9335 3730
9336 3731
9337 3731
9338 3732
9339 3732
9340 3733
9341 3733
9342 3734
9343 3734
9344 3734
9345 3735
9346 3735
9347 3736
9348 3736
9349 3736
9350 3737
9351 3737
9352 3738
9353 3738
9354 3739
9355 3739
9356 3740
9357 3740
9358 3740
9359 3741
9360 3741
9361 3742
9362 3742
9363 3743
9364 3743
9365 3744
9366 3744
9367 3744
9368 3745
9369 3745
9370 3746
9371 3746
9372 3747
9373 3747
9374 3748
9375 3748
9376 3748
9377 3749
9378 3749
9379 3749
9380 3750
9381 3750
9382 3750
9383 3751
9384 3751
9385 3752
9386 3752
9387 3752
9388 3753
9389 3753
9390 3754
9391 3754
9392 3754
9393 3755
9394 3755
9395 3755
9396 3756
9397 3756
9398 3756
9399 3757
9400 3757
9401 3758
9402 3758
9403 3759
9404 3759
9405 3759
9406 3760
9407 3760
9408 3760
9409 3761
9410 3761
9411 3762
9412 3762
9413 3762
9414 3763
9415 3763
9416 3764
9417 3764
9418 3765
9419 3765
9420 3765
9421 3766
9422 3766
9423 3767
9424 3767
9425 3768
9426 3768
9427 3768
9428 3769
9429 3769
9430 3770
9431 3770
9432 3771
9433 3771
9434 3771
9435 3772
9436 3772
9437 3772
9438 3773
9439 3773
9440 3774
9441 3774
9442 3774
9443 3775
9444 3775
9445 3776
9446 3776
9447 3777
9448 3777
9449 3778
9450 3778
9451 3778
9452 3779
9453 3779
9454 3779
9455 3780
9456 3780
9457 3780
9458 3781
9459 3781
9460 3782
9461 3782
9462 3782
9463 3783
9464 3783
9465 3784
9466 3784
9467 3785
9468 3785
9469 3786
9470 3786
9471 3787
9472 3787
9473 3787
9474 3788
9475 3788
9476 3789
9477 3789
9478 3790
9479 3790
9480 3790
9481 3791
9482 3791
9483 3792
9484 3792
9485 3792
9486 3793
9487 3793
9488 3794
9489 3794
9490 3795
9491 3795
9492 3796
9493 3796
9494 3796
9495 3797
9496 3797
9497 3798
9498 3798
9499 3799
9500 3799
9501 3799
9502 3800
9503 3800
9504 3800
9505 3801
9506 3801
9507 3801
9508 3802
9509 3802
9510 3803
9511 3803
9512 3804
9513 3804
9514 3805
9515 3805
9516 3806
9517 3806
9518 3807
9519 3807
9520 3807
9521 3808
9522 3808
9523 3808
9524 3809
9525 3809
9526 3809
9527 3810
9528 3810
9529 3811
9530 3811
9531 3812
9532 3812
9533 3812
9534 3813
9535 3813
9536 3814
9537 3814
9538 3814
9539 3815
9540 3815
9541 3816
9542 3816
9543 3817
9544 3817
9545 3817
9546 3818
9547 3818
9548 3819
9549 3819
9550 3819
9551 3820
9552 3820
9553 3821
9554 3821
9555 3821
9556 3822
9557 3822
9558 3823
9559 3823
9560 3824
9561 3824
9562 3825
9563 3825
9564 3826
9565 3826
9566 3826
9567 3827
9568 3827
9569 3827
9570 3828
9571 3828
9572 3828
9573 3829
9574 3829
9575 3829
9576 3830
9577 3830
9578 3831
9579 3831
9580 3832
9581 3832
9582 3832
9583 3833
9584 3833
9585 3834
9586 3834
9587 3834
9588 3835
9589 3835
9590 3836
9591 3836
9592 3836
9593 3837
9594 3837
9595 3837
9596 3838
9597 3838
9598 3838
9599 3839
9600 3839
9601 3839
9602 3840
9603 3840
9604 3840
9605 3841
9606 3841
9607 3842
9608 3842
9609 3842
9610 3843
9611 3843
9612 3844
9613 3844
9614 3845
9615 3845
9616 3845
9617 3846
9618 3846
9619 3847
9620 3847
9621 3847
9622 3848
9623 3848
9624 3849
9625 3849
9626 3850
9627 3850
9628 3851
9629 3851
9630 3852
9631 3852
9632 3853
9633 3853
9634 3854
9635 3854
9636 3855
9637 3855
9638 3856
9639 3856
9640 3857
9641 3857
9642 3858
9643 3858
9644 3858
9645 3859
9646 3859
9647 3860
9648 3860
9649 3861
9650 3861
9651 3862
9652 3862
9653 3862
9654 3863
9655 3863
9656 3864
9657 3864
9658 3864
9659 3865
9660 3865
9661 3866
9662 3866
9663 3866
9664 3867
9665 3867
9666 3868
9667 3868
9668 3868
9669 3869
9670 3869
9671 3869
9672 3870
9673 3870
9674 3870
9675 3871
9676 3871
9677 3871
9678 3872
9679 3872
9680 3872
9681 3873
9682 3873
9683 3874
9684 3874
9685 3875
9686 3875
9687 3876
9688 3876
9689 3876
9690 3877
9691 3877
9692 3877
9693 3878
9694 3878
9695 3878
9696 3879
9697 3879
9698 3879
9699 3880
9700 3880
9701 3881
9702 3881
9703 3882
9704 3882
9705 3883
9706 3883
9707 3884
9708 3884
9709 3884
9710 3885
9711 3885
9712 3886
9713 3886
9714 3886
9715 3887
9716 3887
9717 3888
9718 3888
9719 3889
9720 3889
9721 3890
9722 3890
9723 3891
9724 3891
9725 3891
9726 3892
9727 3892
9728 3892
9729 3893
9730 3893
9731 3894
9732 3894
9733 3894
9734 3895
9735 3895
9736 3896
9737 3896
9738 3896
9739 3897
9740 3897
9741 3897
9742 3898
9743 3898
9744 3899
9745 3899
9746 3899
9747 3900
9748 3900
9749 3901
9750 3901
9751 3901
9752 3902
9753 3902
9754 3902
9755 3903
9756 3903
9757 3904
9758 3904
9759 3905
9760 3905
9761 3905
9762 3906
9763 3906
9764 3907
9765 3907
9766 3907
9767 3908
9768 3908
9769 3908
9770 3909
9771 3909
9772 3910
9773 3910
9774 3910
9775 3911
9776 3911
9777 3912
9778 3912
9779 3912
9780 3913
9781 3913
9782 3913
9783 3914
9784 3914
9785 3914
9786 3915
9787 3915
9788 3915
9789 3916
9790 3916
9791 3916
9792 3917
9793 3917
9794 3918
9795 3918
9796 3919
9797 3919
9798 3919
9799 3920
9800 3920
9801 3920
9802 3921
9803 3921
9804 3922
9805 3922
9806 3923
9807 3923
9808 3923
9809 3924
9810 3924
9811 3924
9812 3925
9813 3925
9814 3925
9815 3926
9816 3926
9817 3926
9818 3927
9819 3927
9820 3927
9821 3928
9822 3928
9823 3929
9824 3929
9825 3929
9826 3930
9827 3930
9828 3931
9829 3931
9830 3932
9831 3932
9832 3933
9833 3933
9834 3934
9835 3934
9836 3935
9837 3935
9838 3936
9839 3936
9840 3936
9841 3937
9842 3937
9843 3937
9844 3938
9845 3938
9846 3938
9847 3939
9848 3939
9849 3939
9850 3940
9851 3940
9852 3940
9853 3941
9854 3941
9855 3941
9856 3942
9857 3942
9858 3942
9859 3943
9860 3943
9861 3943
9862 3944
9863 3944
9864 3945
9865 3945
9866 3946
9867 3946
9868 3947
9869 3947
9870 3947
9871 3948
9872 3948
9873 3949
9874 3949
9875 3950
9876 3950
9877 3951
9878 3951
9879 3952
9880 3952
9881 3952
9882 3953
9883 3953
9884 3953
9885 3954
9886 3954
9887 3954
9888 3955
9889 3955
9890 3956
9891 3956
9892 3956
9893 3957
9894 3957
9895 3957
9896 3958
9897 3958
9898 3959
9899 3959
9900 3959
9901 3960
9902 3960
9903 3960
9904 3961
9905 3961
9906 3961
9907 3962
9908 3962
9909 3963
9910 3963
9911 3963
9912 3964
9913 3964
9914 3965
9915 3965
9916 3965
9917 3966
9918 3966
9919 3966
9920 3967
9921 3967
9922 3968
9923 3968
9924 3969
9925 3969
9926 3970
9927 3970
9928 3971
9929 3971
9930 3971
9931 3972
9932 3972
9933 3973
9934 3973
9935 3973
9936 3974
9937 3974
9938 3974
9939 3975
9940 3975
9941 3976
9942 3976
9943 3976
9944 3977
9945 3977
9946 3978
9947 3978
9948 3978
9949 3979
9950 3979
9951 3980
9952 3980
9953 3981
9954 3981
9955 3981
9956 3982
9957 3982
9958 3982
9959 3983
9960 3983
9961 3984
9962 3984
9963 3985
9964 3985
9965 3986
9966 3986
9967 3986
9968 3987
9969 3987
9970 3988
9971 3988
9972 3988
9973 3989
9974 3989
9975 3989
9976 3990
9977 3990
9978 3991
9979 3991
9980 3992
9981 3992
9982 3992
9983 3993
9984 3993
9985 3993
9986 3994
9987 3994
9988 3995
9989 3995
9990 3995
9991 3996
9992 3996
9993 3996
9994 3997
9995 3997
9996 3997
9997 3998
9998 3998
9999 3999
10000 3999
10001 4000
10002 4000
10003 4001
10004 4001
10005 4002
10006 4002
10007 4003
10008 4003
10009 4003
10010 4004
10011 4004
10012 4005
10013 4005
10014 4005
10015 4006
10016 4006
10017 4006
10018 4007
10019 4007
10020 4008
10021 4008
10022 4009
10023 4009
10024 4009
10025 4010
10026 4010
10027 4011
10028 4011
10029 4012
10030 4012
10031 4013
10032 4013
10033 4013
10034 4014
10035 4014
10036 4014
10037 4015
10038 4015
10039 4016
10040 4016
10041 4017
10042 4017
10043 4017
10044 4018
10045 4018
10046 4019
10047 4019
10048 4020
10049 4020
10050 4021
10051 4021
10052 4022
10053 4022
10054 4023
10055 4023
10056 4024
10057 4024
10058 4025
10059 4025
10060 4026
10061 4026
10062 4026
10063 4027
10064 4027
10065 4028
10066 4028
10067 4028
10068 4029
10069 4029
10070 4030
10071 4030
10072 4030
10073 4031
10074 4031
10075 4032
10076 4032
10077 4032
10078 4033
10079 4033
10080 4033
10081 4034
10082 4034
10083 4034
10084 4035
10085 4035
10086 4036
10087 4036
10088 4037
10089 4037
10090 4038
10091 4038
10092 4038
10093 4039
10094 4039
10095 4039
10096 4040
10097 4040
10098 4040
10099 4041
10100 4041
10101 4042
10102 4042
10103 4043
10104 4043
10105 4044
10106 4044
10107 4045
10108 4045
10109 4046
10110 4046
10111 4047
10112 4047
10113 4047
10114 4048
10115 4048
10116 4048
10117 4049
10118 4049
10119 4050
10120 4050
10121 4051
10122 4051
10123 4052
10124 4052
10125 4053
10126 4053
10127 4054
10128 4054
10129 4054
10130 4055
10131 4055
10132 4055
10133 4056
10134 4056
10135 4057
10136 4057
10137 4057
10138 4058
10139 4058
10140 4059
10141 4059
10142 4059
10143 4060
10144 4060
10145 4061
10146 4061
10147 4061
10148 4062
10149 4062
10150 4063
10151 4063
10152 4064
10153 4064
10154 4064
10155 4065
10156 4065
10157 4065
10158 4066
10159 4066
10160 4067
10161 4067
10162 4068
10163 4068
10164 4068
10165 4069
10166 4069
10167 4069
10168 4070
10169 4070
10170 4070
10171 4071
10172 4071
10173 4072
10174 4072
10175 4072
10176 4073
10177 4073
10178 4074
10179 4074
10180 4075
10181 4075
10182 4076
10183 4076
10184 4076
10185 4077
10186 4077
10187 4077
10188 4078
10189 4078
10190 4079
10191 4079
10192 4080
10193 4080
10194 4080
10195 4081
10196 4081
10197 4081
10198 4082
10199 4082
10200 4082
10201 4083
10202 4083
10203 4084
10204 4084
10205 4085
10206 4085
10207 4085
10208 4086
10209 4086
10210 4086
10211 4087
10212 4087
10213 4087
10214 4088
10215 4088
10216 4089
10217 4089
10218 4089
10219 4090
10220 4090
10221 4090
10222 4091
10223 4091
10224 4092
10225 4092
10226 4093
10227 4093
10228 4093
10229 4094
10230 4094
10231 4095
10232 4095
10233 4095
10234 4096
10235 4096
10236 4097
10237 4097
10238 4098
10239 4098
10240 4098
10241 4099
10242 4099
10243 4099
10244 4100
10245 4100
10246 4100
10247 4101
10248 4101
10249 4101
10250 4102
10251 4102
10252 4103
10253 4103
10254 4104
10255 4104
10256 4104
10257 4105
10258 4105
10259 4106
10260 4106
10261 4107
10262 4107
10263 4108
10264 4108
10265 4109
10266 4109
10267 4110
10268 4110
10269 4111
10270 4111
10271 4111
10272 4112
10273 4112
10274 4112
10275 4113
10276 4113
10277 4113
10278 4114
10279 4114
10280 4115
10281 4115
10282 4116
10283 4116
10284 4117
10285 4117
10286 4117
10287 4118
10288 4118
10289 4118
10290 4119
10291 4119
10292 4119
10293 4120
10294 4120
10295 4120
10296 4121
10297 4121
10298 4122
10299 4122
10300 4122
10301 4123
10302 4123
10303 4123
10304 4124
10305 4124
10306 4124
10307 4125
10308 4125
10309 4125
10310 4126
10311 4126
10312 4126
10313 4127
10314 4127
10315 4127
10316 4128
10317 4128
10318 4129
10319 4129
10320 4130
10321 4130
10322 4131
10323 4131
10324 4131
10325 4132
10326 4132
10327 4133
10328 4133
10329 4133
10330 4134
10331 4134
10332 4134
10333 4135
10334 4135
10335 4136
10336 4136
10337 4136
10338 4137
10339 4137
10340 4137
10341 4138
10342 4138
10343 4139
10344 4139
10345 4139
10346 4140
10347 4140
10348 4141
10349 4141
10350 4142
10351 4142
10352 4143
10353 4143
10354 4143
10355 4144
10356 4144
10357 4145
10358 4145
10359 4146
10360 4146
10361 4146
10362 4147
10363 4147
10364 4148
10365 4148
10366 4148
10367 4149
10368 4149
10369 4150
10370 4150
10371 4151
10372 4151
10373 4152
10374 4152
10375 4153
10376 4153
10377 4154
10378 4154
10379 4155
10380 4155
10381 4156
10382 4156
10383 4156
10384 4157
10385 4157
10386 4157
10387 4158
10388 4158
10389 4159
10390 4159
10391 4159
10392 4160
10393 4160
10394 4161
10395 4161
10396 4161
10397 4162
10398 4162
10399 4163
10400 4163
10401 4164
10402 4164
10403 4165
10404 4165
10405 4166
10406 4166
10407 4166
10408 4167
10409 4167
10410 4167
10411 4168
10412 4168
10413 4169
10414 4169
10415 4170
10416 4170
10417 4170
10418 4171
10419 4171
10420 4172
10421 4172
10422 4173
10423 4173
10424 4173
10425 4174
10426 4174
10427 4175
10428 4175
10429 4175
10430 4176
10431 4176
10432 4176
10433 4177
10434 4177
10435 4178
10436 4178
10437 4178
10438 4179
10439 4179
10440 4179
10441 4180
10442 4180
10443 4181
10444 4181
10445 4181
10446 4182
10447 4182
10448 4183
10449 4183
10450 4184
10451 4184
10452 4185
10453 4185
10454 4185
10455 4186
10456 4186
10457 4186
10458 4187
10459 4187
10460 4187
10461 4188
10462 4188
10463 4189
10464 4189
10465 4190
10466 4190
10467 4190
10468 4191
10469 4191
10470 4192
10471 4192
10472 4193
10473 4193
10474 4194
10475 4194
10476 4194
10477 4195
10478 4195
10479 4195
10480 4196
10481 4196
10482 4197
10483 4197
10484 4197
10485 4198
10486 4198
10487 4198
10488 4199
10489 4199
10490 4200
10491 4200
10492 4200
10493 4201
10494 4201
10495 4202
10496 4202
10497 4202
10498 4203
10499 4203
10500 4204
10501 4204
10502 4204
10503 4205
10504 4205
10505 4206
10506 4206
10507 4207
10508 4207
10509 4208
10510 4208
10511 4208
10512 4209
10513 4209
10514 4209
10515 4210
10516 4210
10517 4211
10518 4211
10519 4212
10520 4212
10521 4213
10522 4213
10523 4214
10524 4214
10525 4214
10526 4215
10527 4215
10528 4216
10529 4216
10530 4216
10531 4217
10532 4217
10533 4217
10534 4218
10535 4218
10536 4219
10537 4219
10538 4220
10539 4220
10540 4221
10541 4221
10542 4221
10543 4222
10544 4222
10545 4222
10546 4223
10547 4223
10548 4224
10549 4224
10550 4224
10551 4225
10552 4225
10553 4225
10554 4226
10555 4226
10556 4226
10557 4227
10558 4227
10559 4227
10560 4228
10561 4228
10562 4228
10563 4229
10564 4229
10565 4230
10566 4230
10567 4230
10568 4231
10569 4231
10570 4231
10571 4232
10572 4232
10573 4233
10574 4233
10575 4233
10576 4234
10577 4234
10578 4234
10579 4235
10580 4235
10581 4235
10582 4236
10583 4236
10584 4237
10585 4237
10586 4237
10587 4238
10588 4238
10589 4239
10590 4239
10591 4240
10592 4240
10593 4240
10594 4241
10595 4241
10596 4242
10597 4242
10598 4242
10599 4243
10600 4243
10601 4243
10602 4244
10603 4244
10604 4244
10605 4245
10606 4245
10607 4245
10608 4246
10609 4246
10610 4246
10611 4247
10612 4247
10613 4247
10614 4248
10615 4248
10616 4249
10617 4249
10618 4250
10619 4250
10620 4250
10621 4251
10622 4251
10623 4251
10624 4252
10625 4252
10626 4252
10627 4253
10628 4253
10629 4254
10630 4254
10631 4254
10632 4255
10633 4255
10634 4255
10635 4256
10636 4256
10637 4256
10638 4257
10639 4257
10640 4258
10641 4258
10642 4259
10643 4259
10644 4260
10645 4260
10646 4260
10647 4261
10648 4261
10649 4261
10650 4262
10651 4262
10652 4262
10653 4263
10654 4263
10655 4264
10656 4264
10657 4264
10658 4265
10659 4265
10660 4265
10661 4266
10662 4266
10663 4266
10664 4267
10665 4267
10666 4268
10667 4268
10668 4268
10669 4269
10670 4269
10671 4270
10672 4270
10673 4271
10674 4271
10675 4271
10676 4272
10677 4272
10678 4272
10679 4273
10680 4273
10681 4274
10682 4274
10683 4275
10684 4275
10685 4275
10686 4276
10687 4276
10688 4276
10689 4277
10690 4277
10691 4277
10692 4278
10693 4278
10694 4278
10695 4279
10696 4279
10697 4279
10698 4280
10699 4280
10700 4281
10701 4281
10702 4282
10703 4282
10704 4282
10705 4283
10706 4283
10707 4283
10708 4284
10709 4284
10710 4284
10711 4285
10712 4285
10713 4286
10714 4286
10715 4286
10716 4287
10717 4287
10718 4288
10719 4288
10720 4289
10721 4289
10722 4290
10723 4290
10724 4291
10725 4291
10726 4292
10727 4292
10728 4293
10729 4293
10730 4294
10731 4294
10732 4294
10733 4295
10734 4295
10735 4296
10736 4296
10737 4297
10738 4297
10739 4298
10740 4298
10741 4298
10742 4299
10743 4299
10744 4300
10745 4300
10746 4300
10747 4301
10748 4301
10749 4302
10750 4302
10751 4302
10752 4303
10753 4303
10754 4303
10755 4304
10756 4304
10757 4305
10758 4305
10759 4305
10760 4306
10761 4306
10762 4306
10763 4307
10764 4307
10765 4307
10766 4308
10767 4308
10768 4308
10769 4309
10770 4309
10771 4309
10772 4310
10773 4310
10774 4310
10775 4311
10776 4311
10777 4312
10778 4312
10779 4312
10780 4313
10781 4313
10782 4314
10783 4314
10784 4314
10785 4315
10786 4315
10787 4316
10788 4316
10789 4316
10790 4317
10791 4317
10792 4317
10793 4318
10794 4318
10795 4319
10796 4319
10797 4320
10798 4320
10799 4320
10800 4321
10801 4321
10802 4322
10803 4322
10804 4322
10805 4323
10806 4323
10807 4323
10808 4324
10809 4324
10810 4325
10811 4325
10812 4325
10813 4326
10814 4326
10815 4326
10816 4327
10817 4327
10818 4328
10819 4328
10820 4329
10821 4329
10822 4329
10823 4330
10824 4330
10825 4330
10826 4331
10827 4331
10828 4331
10829 4332
10830 4332
10831 4332
10832 4333
10833 4333
10834 4333
10835 4334
10836 4334
10837 4335
10838 4335
10839 4335
10840 4336
10841 4336
10842 4336
10843 4337
10844 4337
10845 4337
10846 4338
10847 4338
10848 4339
10849 4339
10850 4339
10851 4340
10852 4340
10853 4340
10854 4341
10855 4341
10856 4341
10857 4342
10858 4342
10859 4343
10860 4343
10861 4343
10862 4344
10863 4344
10864 4344
10865 4345
10866 4345
10867 4345
10868 4346
10869 4346
10870 4347
10871 4347
10872 4347
10873 4348
10874 4348
10875 4349
10876 4349
10877 4349
10878 4350
10879 4350
10880 4350
10881 4351
10882 4351
10883 4351
10884 4352
10885 4352
10886 4353
10887 4353
10888 4353
10889 4354
10890 4354
10891 4354
10892 4355
10893 4355
10894 4355
10895 4356
10896 4356
10897 4357
10898 4357
10899 4358
10900 4358
10901 4359
10902 4359
10903 4359
10904 4360
10905 4360
10906 4361
10907 4361
10908 4362
10909 4362
10910 4362
10911 4363
10912 4363
10913 4363
10914 4364
10915 4364
10916 4364
10917 4365
10918 4365
10919 4366
10920 4366
10921 4367
10922 4367
10923 4367
10924 4368
10925 4368
10926 4368
10927 4369
10928 4369
10929 4370
10930 4370
10931 4370
10932 4371
10933 4371
10934 4371
10935 4372
10936 4372
10937 4372
10938 4373
10939 4373
10940 4373
10941 4374
10942 4374
10943 4374
10944 4375
10945 4375
10946 4375
10947 4376
10948 4376
10949 4376
10950 4377
10951 4377
10952 4377
10953 4378
10954 4378
10955 4378
10956 4379
10957 4379
10958 4379
10959 4380
10960 4380
10961 4380
10962 4381
10963 4381
10964 4382
10965 4382
10966 4383
10967 4383
10968 4383
10969 4384
10970 4384
10971 4384
10972 4385
10973 4385
10974 4386
10975 4386
10976 4387
10977 4387
10978 4388
10979 4388
10980 4389
10981 4389
10982 4390
10983 4390
10984 4391
10985 4391
10986 4392
10987 4392
10988 4393
10989 4393
10990 4394
10991 4394
10992 4394
10993 4395
10994 4395
10995 4396
10996 4396
10997 4397
10998 4397
10999 4397
11000 4398
11001 4398
11002 4399
11003 4399
11004 4399
11005 4400
11006 4400
11007 4400
11008 4401
11009 4401
11010 4402
11011 4402
11012 4402
11013 4403
11014 4403
11015 4404
11016 4404
11017 4405
11018 4405
11019 4405
11020 4406
11021 4406
11022 4407
11023 4407
11024 4408
11025 4408
11026 4408
11027 4409
11028 4409
11029 4409
11030 4410
11031 4410
11032 4411
11033 4411
11034 4412
11035 4412
11036 4413
11037 4413
11038 4414
11039 4414
11040 4414
11041 4415
11042 4415
11043 4415
11044 4416
11045 4416
11046 4416
11047 4417
11048 4417
11049 4417
11050 4418
11051 4418
11052 4419
11053 4419
11054 4420
11055 4420
11056 4420
11057 4421
11058 4421
11059 4421
11060 4422
11061 4422
11062 4422
11063 4423
11064 4423
11065 4424
11066 4424
11067 4424
11068 4425
11069 4425
11070 4426
11071 4426
11072 4426
11073 4427
11074 4427
11075 4427
11076 4428
11077 4428
11078 4428
11079 4429
11080 4429
11081 4429
11082 4430
11083 4430
11084 4431
11085 4431
11086 4431
11087 4432
11088 4432
11089 4433
11090 4433
11091 4433
11092 4434
11093 4434
11094 4434
11095 4435
11096 4435
11097 4436
11098 4436
11099 4437
11100 4437
11101 4437
11102 4438
11103 4438
11104 4439
11105 4439
11106 4440
11107 4440
11108 4441
11109 4441
11110 4442
11111 4442
11112 4443
11113 4443
11114 4444
11115 4444
11116 4445
11117 4445
11118 4446
11119 4446
11120 4446
11121 4447
11122 4447
11123 4447
11124 4448
11125 4448
11126 4449
11127 4449
11128 4449
11129 4450
11130 4450
11131 4450
11132 4451
11133 4451
11134 4451
11135 4452
11136 4452
11137 4453
11138 4453
11139 4453
11140 4454
11141 4454
11142 4454
11143 4455
11144 4455
11145 4456
11146 4456
11147 4457
11148 4457
11149 4457
11150 4458
11151 4458
11152 4458
11153 4459
11154 4459
11155 4459
11156 4460
11157 4460
11158 4460
11159 4461
11160 4461
11161 4462
11162 4462
11163 4463
11164 4463
11165 4464
11166 4464
11167 4465
11168 4465
11169 4466
11170 4466
11171 4467
11172 4467
11173 4468
11174 4468
11175 4469
11176 4469
11177 4469
11178 4470
11179 4470
11180 4471
11181 4471
11182 4471
11183 4472
11184 4472
11185 4472
11186 4473
11187 4473
11188 4474
11189 4474
11190 4475
11191 4475
11192 4475
11193 4476
11194 4476
11195 4476
11196 4477
11197 4477
11198 4477
11199 4478
11200 4478
11201 4478
11202 4479
11203 4479
11204 4480
11205 4480
11206 4481
11207 4481
11208 4482
11209 4482
11210 4482
11211 4483
11212 4483
11213 4484
11214 4484
11215 4484
11216 4485
11217 4485
11218 4485
11219 4486
11220 4486
11221 4487
11222 4487
11223 4487
11224 4488
11225 4488
11226 4488
11227 4489
11228 4489
11229 4490
11230 4490
11231 4491
11232 4491
11233 4492
11234 4492
11235 4492
11236 4493
11237 4493
11238 4494
11239 4494
11240 4494
11241 4495
11242 4495
11243 4495
11244 4496
11245 4496
11246 4496
11247 4497
11248 4497
11249 4497
11250 4498
11251 4498
11252 4498
11253 4499
11254 4499
11255 4500
11256 4500
11257 4501
11258 4501
11259 4502
11260 4502
11261 4503
11262 4503
11263 4503
11264 4504
11265 4504
11266 4504
11267 4505
11268 4505
11269 4506
11270 4506
11271 4506
11272 4507
11273 4507
11274 4508
11275 4508
11276 4508
11277 4509
11278 4509
11279 4509
11280 4510
11281 4510
11282 4510
11283 4511
11284 4511
11285 4512
11286 4512
11287 4513
11288 4513
11289 4514
11290 4514
11291 4514
11292 4515
11293 4515
11294 4516
11295 4516
11296 4517
11297 4517
11298 4517
11299 4518
11300 4518
11301 4519
11302 4519
11303 4520
11304 4520
11305 4521
11306 4521
11307 4522
11308 4522
11309 4523
11310 4523
11311 4523
11312 4524
11313 4524
11314 4524
11315 4525
11316 4525
11317 4526
11318 4526
11319 4527
11320 4527
11321 4528
11322 4528
11323 4528
11324 4529
11325 4529
11326 4530
11327 4530
11328 4531
11329 4531
11330 4531
11331 4532
11332 4532
11333 4532
11334 4533
11335 4533
11336 4534
11337 4534
11338 4534
11339 4535
11340 4535
11341 4536
11342 4536
11343 4536
11344 4537
11345 4537
11346 4538
11347 4538
11348 4538
11349 4539
11350 4539
11351 4540
11352 4540
11353 4541
11354 4541
11355 4542
11356 4542
11357 4542
11358 4543
11359 4543
11360 4543
11361 4544
11362 4544
11363 4544
11364 4545
11365 4545
11366 4546
11367 4546
11368 4546
11369 4547
11370 4547
11371 4548
11372 4548
11373 4548
11374 4549
11375 4549
11376 4549
11377 4550
11378 4550
11379 4550
11380 4551
11381 4551
11382 4551
11383 4552
11384 4552
11385 4552
11386 4553
11387 4553
11388 4553
11389 4554
11390 4554
11391 4555
11392 4555
11393 4555
11394 4556
11395 4556
11396 4556
11397 4557
11398 4557
11399 4557
11400 4558
11401 4558
11402 4558
11403 4559
11404 4559
11405 4559
11406 4560
11407 4560
11408 4561
11409 4561
11410 4562
11411 4562
11412 4562
11413 4563
11414 4563
11415 4563
11416 4564
11417 4564
11418 4565
11419 4565
11420 4565
11421 4566
11422 4566
11423 4566
11424 4567
11425 4567
11426 4567
11427 4568
11428 4568
11429 4568
11430 4569
11431 4569
11432 4569
11433 4570
11434 4570
11435 4570
11436 4571
11437 4571
11438 4572
11439 4572
11440 4573
11441 4573
11442 4574
11443 4574
11444 4575
11445 4575
11446 4576
11447 4576
11448 4577
11449 4577
11450 4577
11451 4578
11452 4578
11453 4578
11454 4579
11455 4579
11456 4579
11457 4580
11458 4580
11459 4581
11460 4581
11461 4581
11462 4582
11463 4582
11464 4583
11465 4583
11466 4583
11467 4584
11468 4584
11469 4584
11470 4585
11471 4585
11472 4586
11473 4586
11474 4586
11475 4587
11476 4587
11477 4587
11478 4588
11479 4588
11480 4588
11481 4589
11482 4589
11483 4590
11484 4590
11485 4591
11486 4591
11487 4592
11488 4592
11489 4593
11490 4593
11491 4594
11492 4594
11493 4595
11494 4595
11495 4596
11496 4596
11497 4597
11498 4597
11499 4598
11500 4598
11501 4598
11502 4599
11503 4599
11504 4599
11505 4600
11506 4600
11507 4601
11508 4601
11509 4601
11510 4602
11511 4602
11512 4602
11513 4603
11514 4603
11515 4603
11516 4604
11517 4604
11518 4604
11519 4605
11520 4605
11521 4605
11522 4606
11523 4606
11524 4607
11525 4607
11526 4608
11527 4608
11528 4609
11529 4609
11530 4610
11531 4610
11532 4610
11533 4611
11534 4611
11535 4611
11536 4612
11537 4612
11538 4612
11539 4613
11540 4613
11541 4613
11542 4614
11543 4614
11544 4615
11545 4615
11546 4615
11547 4616
11548 4616
11549 4617
11550 4617
11551 4617
11552 4618
11553 4618
11554 4618
11555 4619
11556 4619
11557 4619
11558 4620
11559 4620
11560 4620
11561 4621
11562 4621
11563 4621
11564 4622
11565 4622
11566 4622
11567 4623
11568 4623
11569 4624
11570 4624
11571 4625
11572 4625
11573 4625
11574 4626
11575 4626
11576 4627
11577 4627
11578 4628
11579 4628
11580 4629
11581 4629
11582 4629
11583 4630
11584 4630
11585 4631
11586 4631
11587 4631
11588 4632
11589 4632
11590 4632
11591 4633
11592 4633
11593 4634
11594 4634
11595 4634
11596 4635
11597 4635
11598 4636
11599 4636
11600 4636
11601 4637
11602 4637
11603 4637
11604 4638
11605 4638
11606 4639
11607 4639
11608 4639
11609 4640
11610 4640
11611 4641
11612 4641
11613 4642
11614 4642
11615 4643
11616 4643
11617 4643
11618 4644
11619 4644
11620 4644
11621 4645
11622 4645
11623 4645
11624 4646
11625 4646
11626 4647
11627 4647
11628 4647
11629 4648
11630 4648
11631 4648
11632 4649
11633 4649
11634 4650
11635 4650
11636 4651
11637 4651
11638 4651
11639 4652
11640 4652
11641 4653
11642 4653
11643 4653
11644 4654
11645 4654
11646 4655
11647 4655
11648 4656
11649 4656
11650 4656
11651 4657
11652 4657
11653 4657
11654 4658
11655 4658
11656 4658
11657 4659
11658 4659
11659 4660
11660 4660
11661 4660
11662 4661
11663 4661
11664 4662
11665 4662
11666 4662
11667 4663
11668 4663
11669 4663
11670 4664
11671 4664
11672 4664
11673 4665
11674 4665
11675 4666
11676 4666
11677 4667
11678 4667
11679 4667
11680 4668
11681 4668
11682 4669
11683 4669
11684 4670
11685 4670
11686 4670
11687 4671
11688 4671
11689 4671
11690 4672
11691 4672
11692 4673
11693 4673
11694 4674
11695 4674
11696 4674
11697 4675
11698 4675
11699 4676
11700 4676
11701 4677
11702 4677
11703 4678
11704 4678
11705 4678
11706 4679
11707 4679
11708 4680
11709 4680
11710 4681
11711 4681
11712 4681
11713 4682
11714 4682
11715 4683
11716 4683
11717 4683
11718 4684
11719 4684
11720 4684
11721 4685
11722 4685
11723 4686
11724 4686
11725 4686
11726 4687
11727 4687
11728 4687
11729 4688
11730 4688
11731 4688
11732 4689
11733 4689
11734 4689
11735 4690
11736 4690
11737 4691
11738 4691
11739 4692
11740 4692
11741 4692
11742 4693
11743 4693
11744 4693
11745 4694
11746 4694
11747 4694
11748 4695
11749 4695
11750 4696
11751 4696
11752 4697
11753 4697
11754 4698
11755 4698
11756 4699
11757 4699
11758 4700
11759 4700
11760 4701
11761 4701
11762 4702
11763 4702
11764 4703
11765 4703
11766 4704
11767 4704
11768 4704
11769 4705
11770 4705
11771 4706
11772 4706
11773 4707
11774 4707
11775 4708
11776 4708
11777 4708
11778 4709
11779 4709
11780 4710
11781 4710
11782 4711
11783 4711
11784 4712
11785 4712
11786 4713
11787 4713
11788 4714
11789 4714
11790 4714
11791 4715
11792 4715
11793 4716
11794 4716
11795 4717
11796 4717
11797 4718
11798 4718
11799 4719
11800 4719
11801 4719
11802 4720
11803 4720
11804 4721
11805 4721
11806 4722
11807 4722
11808 4722
11809 4723
11810 4723
11811 4723
11812 4724
11813 4724
11814 4724
11815 4725
11816 4725
11817 4725
11818 4726
11819 4726
11820 4727
11821 4727
11822 4727
11823 4728
11824 4728
11825 4729
11826 4729
11827 4730
11828 4730
11829 4730
11830 4731
11831 4731
11832 4732
11833 4732
11834 4733
11835 4733
11836 4734
11837 4734
11838 4734
11839 4735
11840 4735
11841 4736
11842 4736
11843 4736
11844 4737
11845 4737
11846 4737
11847 4738
11848 4738
11849 4739
11850 4739
11851 4739
11852 4740
11853 4740
11854 4740
11855 4741
11856 4741
11857 4741
11858 4742
11859 4742
11860 4743
11861 4743
11862 4743
11863 4744
11864 4744
11865 4745
11866 4745
11867 4745
11868 4746
11869 4746
11870 4746
11871 4747
11872 4747
11873 4748
11874 4748
11875 4748
11876 4749
11877 4749
11878 4749
11879 4750
11880 4750
11881 4750
11882 4751
11883 4751
11884 4751
11885 4752
11886 4752
11887 4752
11888 4753
11889 4753
11890 4754
11891 4754
11892 4754
11893 4755
11894 4755
11895 4756
11896 4756
11897 4756
11898 4757
11899 4757
11900 4757
11901 4758
11902 4758
11903 4758
11904 4759
11905 4759
11906 4760
11907 4760
11908 4761
11909 4761
11910 4762
11911 4762
11912 4763
11913 4763
11914 4764
11915 4764
11916 4764
11917 4765
11918 4765
11919 4765
11920 4766
11921 4766
11922 4766
11923 4767
11924 4767
11925 4767
11926 4768
11927 4768
11928 4769
11929 4769
11930 4769
11931 4770
11932 4770
11933 4771
11934 4771
11935 4772
11936 4772
11937 4773
11938 4773
11939 4773
11940 4774
11941 4774
11942 4775
11943 4775
11944 4775
11945 4776
11946 4776
11947 4776
11948 4777
11949 4777
11950 4778
11951 4778
11952 4779
11953 4779
11954 4779
11955 4780
11956 4780
11957 4781
11958 4781
11959 4781
11960 4782
11961 4782
11962 4782
11963 4783
11964 4783
11965 4784
11966 4784
11967 4784
11968 4785
11969 4785
11970 4785
11971 4786
11972 4786
11973 4787
11974 4787
11975 4787
11976 4788
11977 4788
11978 4788
11979 4789
11980 4789
11981 4789
11982 4790
11983 4790
11984 4790
11985 4791
11986 4791
11987 4792
11988 4792
11989 4792
11990 4793
11991 4793
11992 4794
11993 4794
11994 4795
11995 4795
11996 4795
11997 4796
11998 4796
11999 4797
12000 4797
12001 4798
12002 4798
12003 4799
12004 4799
12005 4799
12006 4800
12007 4800
12008 4801
12009 4801
12010 4802
12011 4802
12012 4802
12013 4803
12014 4803
12015 4803
12016 4804
12017 4804
12018 4805
12019 4805
12020 4805
12021 4806
12022 4806
12023 4806
12024 4807
12025 4807
12026 4808
12027 4808
12028 4808
12029 4809
12030 4809
12031 4809
12032 4810
12033 4810
12034 4811
12035 4811
12036 4811
12037 4812
12038 4812
12039 4812
12040 4813
12041 4813
12042 4813
12043 4814
12044 4814
12045 4814
12046 4815
12047 4815
12048 4816
12049 4816
12050 4816
12051 4817
12052 4817
12053 4818
12054 4818
12055 4818
12056 4819
12057 4819
12058 4819
12059 4820
12060 4820
12061 4820
12062 4821
12063 4821
12064 4821
12065 4822
12066 4822
12067 4823
12068 4823
12069 4824
12070 4824
12071 4824
12072 4825
12073 4825
12074 4826
12075 4826
12076 4826
12077 4827
12078 4827
12079 4828
12080 4828
12081 4829
12082 4829
12083 4829
12084 4830
12085 4830
12086 4831
12087 4831
12088 4831
12089 4832
12090 4832
12091 4833
12092 4833
12093 4834
12094 4834
12095 4835
12096 4835
12097 4836
12098 4836
12099 4837
12100 4837
12101 4837
12102 4838
12103 4838
12104 4839
12105 4839
12106 4840
12107 4840
12108 4840
12109 4841
12110 4841
12111 4841
12112 4842
12113 4842
12114 4842
12115 4843
12116 4843
12117 4843
12118 4844
12119 4844
12120 4844
12121 4845
12122 4845
12123 4846
12124 4846
12125 4847
12126 4847
12127 4848
12128 4848
12129 4848
12130 4849
12131 4849
12132 4850
12133 4850
12134 4850
12135 4851
12136 4851
12137 4852
12138 4852
12139 4852
12140 4853
12141 4853
12142 4854
12143 4854
12144 4855
12145 4855
12146 4855
12147 4856
12148 4856
12149 4856
12150 4857
12151 4857
12152 4857
12153 4858
12154 4858
12155 4858
12156 4859
12157 4859
12158 4859
12159 4860
12160 4860
12161 4861
12162 4861
12163 4861
12164 4862
12165 4862
12166 4862
12167 4863
12168 4863
12169 4863
12170 4864
12171 4864
12172 4865
12173 4865
12174 4866
12175 4866
12176 4867
12177 4867
12178 4868
12179 4868
12180 4868
12181 4869
12182 4869
12183 4870
12184 4870
12185 4871
12186 4871
12187 4872
12188 4872
12189 4872
12190 4873
12191 4873
12192 4873
12193 4874
12194 4874
12195 4874
12196 4875
12197 4875
12198 4876
12199 4876
12200 4877
12201 4877
12202 4878
12203 4878
12204 4878
12205 4879
12206 4879
12207 4880
12208 4880
12209 4880
12210 4881
12211 4881
12212 4881
12213 4882
12214 4882
12215 4883
12216 4883
12217 4884
12218 4884
12219 4885
12220 4885
12221 4885
12222 4886
12223 4886
12224 4886
12225 4887
12226 4887
12227 4887
12228 4888
12229 4888
12230 4889
12231 4889
12232 4890
12233 4890
12234 4891
12235 4891
12236 4891
12237 4892
12238 4892
12239 4892
12240 4893
12241 4893
12242 4893
12243 4894
12244 4894
12245 4895
12246 4895
12247 4895
12248 4896
12249 4896
12250 4896
12251 4897
12252 4897
12253 4897
12254 4898
12255 4898
12256 4899
12257 4899
12258 4899
12259 4900
12260 4900
12261 4901
12262 4901
12263 4902
12264 4902
12265 4903
12266 4903
12267 4904
12268 4904
12269 4904
12270 4905
12271 4905
12272 4906
12273 4906
12274 4906
12275 4907
12276 4907
12277 4907
12278 4908
12279 4908
12280 4909
12281 4909
12282 4909
12283 4910
12284 4910
12285 4910
12286 4911
12287 4911
12288 4912
12289 4912
12290 4913
12291 4913
12292 4914
12293 4914
12294 4914
12295 4915
12296 4915
12297 4915
12298 4916
12299 4916
12300 4917
12301 4917
12302 4918
12303 4918
12304 4918
12305 4919
12306 4919
12307 4919
12308 4920
12309 4920
12310 4920
12311 4921
12312 4921
12313 4922
12314 4922
12315 4922
12316 4923
12317 4923
12318 4923
12319 4924
12320 4924
12321 4925
12322 4925
12323 4926
12324 4926
12325 4926
12326 4927
12327 4927
12328 4928
12329 4928
12330 4929
12331 4929
12332 4930
12333 4930
12334 4931
12335 4931
12336 4932
12337 4932
12338 4933
12339 4933
12340 4933
12341 4934
12342 4934
12343 4934
12344 4935
12345 4935
12346 4936
12347 4936
12348 4937
12349 4937
12350 4937
12351 4938
12352 4938
12353 4938
12354 4939
12355 4939
12356 4940
12357 4940
12358 4941
12359 4941
12360 4942
12361 4942
12362 4942
12363 4943
12364 4943
12365 4944
12366 4944
12367 4944
12368 4945
12369 4945
12370 4946
12371 4946
12372 4947
12373 4947
12374 4948
12375 4948
12376 4949
12377 4949
12378 4950
12379 4950
12380 4950
12381 4951
12382 4951
12383 4952
12384 4952
12385 4952
12386 4953
12387 4953
12388 4954
12389 4954
12390 4954
12391 4955
12392 4955
12393 4956
12394 4956
12395 4957
12396 4957
12397 4958
12398 4958
12399 4959
12400 4959
12401 4959
12402 4960
12403 4960
12404 4960
12405 4961
12406 4961
12407 4962
12408 4962
12409 4963
12410 4963
12411 4963
12412 4964
12413 4964
12414 4965
12415 4965
12416 4965
12417 4966
12418 4966
12419 4967
12420 4967
12421 4967
12422 4968
12423 4968
12424 4969
12425 4969
12426 4969
12427 4970
12428 4970
12429 4970
12430 4971
12431 4971
12432 4971
12433 4972
12434 4972
12435 4972
12436 4973
12437 4973
12438 4974
12439 4974
12440 4975
12441 4975
12442 4976
12443 4976
12444 4976
12445 4977
12446 4977
12447 4978
12448 4978
12449 4979
12450 4979
12451 4979
12452 4980
12453 4980
12454 4980
12455 4981
12456 4981
12457 4982
12458 4982
12459 4982
12460 4983
12461 4983
12462 4983
12463 4984
12464 4984
12465 4985
12466 4985
12467 4986
12468 4986
12469 4987
12470 4987
12471 4987
12472 4988
12473 4988
12474 4989
12475 4989
12476 4989
12477 4990
12478 4990
12479 4991
12480 4991
12481 4992
12482 4992
12483 4992
12484 4993
12485 4993
12486 4994
12487 4994
12488 4995
12489 4995
12490 4996
12491 4996
12492 4997
12493 4997
12494 4997
12495 4998
12496 4998
12497 4999
12498 4999
12499 5000
12500 5000
12501 5001
12502 5001
12503 5001
12504 5002
12505 5002
12506 5003
12507 5003
12508 5003
12509 5004
12510 5004
12511 5004
12512 5005
12513 5005
12514 5006
12515 5006
12516 5006
12517 5007
12518 5007
12519 5008
12520 5008
12521 5008
12522 5009
12523 5009
12524 5010
12525 5010
12526 5010
12527 5011
12528 5011
12529 5011
12530 5012
12531 5012
12532 5012
12533 5013
12534 5013
12535 5013
12536 5014
12537 5014
12538 5014
12539 5015
12540 5015
12541 5016
12542 5016
12543 5017
12544 5017
12545 5017
12546 5018
12547 5018
12548 5018
12549 5019
12550 5019
12551 5019
12552 5020
12553 5020
12554 5020
12555 5021
12556 5021
12557 5021
12558 5022
12559 5022
12560 5022
12561 5023
12562 5023
12563 5023
12564 5024
12565 5024
12566 5024
12567 5025
12568 5025
12569 5026
12570 5026
12571 5026
12572 5027
12573 5027
12574 5028
12575 5028
12576 5029
12577 5029
12578 5029
12579 5030
12580 5030
12581 5030
12582 5031
12583 5031
12584 5031
12585 5032
12586 5032
12587 5032
12588 5033
12589 5033
12590 5034
12591 5034
12592 5034
12593 5035
12594 5035
12595 5036
12596 5036
12597 5037
12598 5037
12599 5037
12600 5038
12601 5038
12602 5038
12603 5039
12604 5039
12605 5040
12606 5040
12607 5041
12608 5041
12609 5041
12610 5042
12611 5042
12612 5043
12613 5043
12614 5044
12615 5044
12616 5045
12617 5045
12618 5045
12619 5046
12620 5046
12621 5047
12622 5047
12623 5048
12624 5048
12625 5049
12626 5049
12627 5049
12628 5050
12629 5050
12630 5050
12631 5051
12632 5051
12633 5051
12634 5052
12635 5052
12636 5052
12637 5053
12638 5053
12639 5053
12640 5054
12641 5054
12642 5055
12643 5055
12644 5055
12645 5056
12646 5056
12647 5057
12648 5057
12649 5058
12650 5058
12651 5058
12652 5059
12653 5059
12654 5060
12655 5060
12656 5060
12657 5061
12658 5061
12659 5062
12660 5062
12661 5062
12662 5063
12663 5063
12664 5063
12665 5064
12666 5064
12667 5065
12668 5065
12669 5066
12670 5066
12671 5066
12672 5067
12673 5067
12674 5067
12675 5068
12676 5068
12677 5069
12678 5069
12679 5069
12680 5070
12681 5070
12682 5070
12683 5071
12684 5071
12685 5072
12686 5072
12687 5072
12688 5073
12689 5073
12690 5074
12691 5074
12692 5074
12693 5075
12694 5075
12695 5076
12696 5076
12697 5076
12698 5077
12699 5077
12700 5077
12701 5078
12702 5078
12703 5079
12704 5079
12705 5080
12706 5080
12707 5080
12708 5081
12709 5081
12710 5081
12711 5082
12712 5082
12713 5082
12714 5083
12715 5083
12716 5084
12717 5084
12718 5085
12719 5085
12720 5086
12721 5086
12722 5087
12723 5087
12724 5087
12725 5088
12726 5088
12727 5089
12728 5089
12729 5090
12730 5090
12731 5091
12732 5091
12733 5092
12734 5092
12735 5092
12736 5093
12737 5093
12738 5093
12739 5094
12740 5094
12741 5094
12742 5095
12743 5095
12744 5095
12745 5096
12746 5096
12747 5096
12748 5097
12749 5097
12750 5097
12751 5098
12752 5098
12753 5098
12754 5099
12755 5099
12756 5100
12757 5100
12758 5100
12759 5101
12760 5101
12761 5102
12762 5102
12763 5102
12764 5103
12765 5103
12766 5104
12767 5104
12768 5105
12769 5105
12770 5105
12771 5106
12772 5106
12773 5107
12774 5107
12775 5107
12776 5108
12777 5108
12778 5108
12779 5109
12780 5109
12781 5109
12782 5110
12783 5110
12784 5111
12785 5111
12786 5112
12787 5112
12788 5112
12789 5113
12790 5113
12791 5114
12792 5114
12793 5115
12794 5115
12795 5116
12796 5116
12797 5116
12798 5117
12799 5117
12800 5118
12801 5118
12802 5119
12803 5119
12804 5120
12805 5120
12806 5121
12807 5121
12808 5121
12809 5122
12810 5122
12811 5122
12812 5123
12813 5123
12814 5124
12815 5124
12816 5125
12817 5125
12818 5125
12819 5126
12820 5126
12821 5126
12822 5127
12823 5127
12824 5128
12825 5128
12826 5128
12827 5129
12828 5129
12829 5129
12830 5130
12831 5130
12832 5130
12833 5131
12834 5131
12835 5132
12836 5132
12837 5133
12838 5133
12839 5133
12840 5134
12841 5134
12842 5135
12843 5135
12844 5136
12845 5136
12846 5136
12847 5137
12848 5137
12849 5137
12850 5138
12851 5138
12852 5138
12853 5139
12854 5139
12855 5140
12856 5140
12857 5140
12858 5141
12859 5141
12860 5142
12861 5142
12862 5143
12863 5143
12864 5143
12865 5144
12866 5144
12867 5145
12868 5145
12869 5146
12870 5146
12871 5147
12872 5147
12873 5148
12874 5148
12875 5148
12876 5149
12877 5149
12878 5150
12879 5150
12880 5151
12881 5151
12882 5152
12883 5152
12884 5153
12885 5153
12886 5154
12887 5154
12888 5155
12889 5155
12890 5155
12891 5156
12892 5156
12893 5156
12894 5157
12895 5157
12896 5157
12897 5158
12898 5158
12899 5158
12900 5159
12901 5159
12902 5159
12903 5160
12904 5160
12905 5160
12906 5161
12907 5161
12908 5162
12909 5162
12910 5162
12911 5163
12912 5163
12913 5163
12914 5164
12915 5164
12916 5165
12917 5165
12918 5165
12919 5166
12920 5166
12921 5167
12922 5167
12923 5168
12924 5168
12925 5169
12926 5169
12927 5170
12928 5170
12929 5171
12930 5171
12931 5172
12932 5172
12933 5172
12934 5173
12935 5173
12936 5173
12937 5174
12938 5174
12939 5175
12940 5175
12941 5176
12942 5176
12943 5177
12944 5177
12945 5177
12946 5178
12947 5178
12948 5179
12949 5179
12950 5179
12951 5180
12952 5180
12953 5181
12954 5181
12955 5182
12956 5182
12957 5183
12958 5183
12959 5184
12960 5184
12961 5185
12962 5185
12963 5186
12964 5186
12965 5186
12966 5187
12967 5187
12968 5188
12969 5188
12970 5189
12971 5189
12972 5190
12973 5190
12974 5191
12975 5191
12976 5191
12977 5192
12978 5192
12979 5193
12980 5193
12981 5194
12982 5194
12983 5195
12984 5195
12985 5195
12986 5196
12987 5196
12988 5196
12989 5197
12990 5197
12991 5198
12992 5198
12993 5198
12994 5199
12995 5199
12996 5199
12997 5200
12998 5200
12999 5200
13000 5201
13001 5201
13002 5202
13003 5202
13004 5202
13005 5203
13006 5203
13007 5204
13008 5204
13009 5205
13010 5205
13011 5206
13012 5206
13013 5206
13014 5207
13015 5207
13016 5207
13017 5208
13018 5208
13019 5208
13020 5209
13021 5209
13022 5210
13023 5210
13024 5210
13025 5211
13026 5211
13027 5212
13028 5212
13029 5213
13030 5213
13031 5213
13032 5214
13033 5214
13034 5215
13035 5215
13036 5215
13037 5216
13038 5216
13039 5217
13040 5217
13041 5217
13042 5218
13043 5218
13044 5218
13045 5219
13046 5219
13047 5220
13048 5220
13049 5221
13050 5221
13051 5222
13052 5222
13053 5223
13054 5223
13055 5224
13056 5224
13057 5224
13058 5225
13059 5225
13060 5225
13061 5226
13062 5226
13063 5227
13064 5227
13065 5227
13066 5228
13067 5228
13068 5228
13069 5229
13070 5229
13071 5229
13072 5230
13073 5230
13074 5231
13075 5231
13076 5232
13077 5232
13078 5232
13079 5233
13080 5233
13081 5234
13082 5234
13083 5235
13084 5235
13085 5236
13086 5236
13087 5236
13088 5237
13089 5237
13090 5238
13091 5238
13092 5238
13093 5239
13094 5239
13095 5240
13096 5240
13097 5241
13098 5241
13099 5241
13100 5242
13101 5242
13102 5242
13103 5243
13104 5243
13105 5243
13106 5244
13107 5244
13108 5244
13109 5245
13110 5245
13111 5246
13112 5246
13113 5247
13114 5247
13115 5248
13116 5248
13117 5248
13118 5249
13119 5249
13120 5249
13121 5250
13122 5250
13123 5250
13124 5251
13125 5251
13126 5251
13127 5252
13128 5252
13129 5252
13130 5253
13131 5253
13132 5253
13133 5254
13134 5254
13135 5254
13136 5255
13137 5255
13138 5256
13139 5256
13140 5256
13141 5257
13142 5257
13143 5257
13144 5258
13145 5258
13146 5258
13147 5259
13148 5259
13149 5259
13150 5260
13151 5260
13152 5260
13153 5261
13154 5261
13155 5261
13156 5262
13157 5262
13158 5262
13159 5263
13160 5263
13161 5263
13162 5264
13163 5264
13164 5265
13165 5265
13166 5266
13167 5266
13168 5267
13169 5267
13170 5267
13171 5268
13172 5268
13173 5269
13174 5269
13175 5270
13176 5270
13177 5271
13178 5271
13179 5272
13180 5272
13181 5273
13182 5273
13183 5273
13184 5274
13185 5274
13186 5275
13187 5275
13188 5276
13189 5276
13190 5276
13191 5277
13192 5277
13193 5277
13194 5278
13195 5278
13196 5278
13197 5279
13198 5279
13199 5279
13200 5280
13201 5280
13202 5281
13203 5281
13204 5281
13205 5282
13206 5282
13207 5282
13208 5283
13209 5283
13210 5284
13211 5284
13212 5285
13213 5285
13214 5286
13215 5286
13216 5287
13217 5287
13218 5287
13219 5288
13220 5288
13221 5288
13222 5289
13223 5289
13224 5289
13225 5290
13226 5290
13227 5291
13228 5291
13229 5292
13230 5292
13231 5292
13232 5293
13233 5293
13234 5294
13235 5294
13236 5295
13237 5295
13238 5295
13239 5296
13240 5296
13241 5296
13242 5297
13243 5297
13244 5297
13245 5298
13246 5298
13247 5299
13248 5299
13249 5299
13250 5300
13251 5300
13252 5301
13253 5301
13254 5302
13255 5302
13256 5302
13257 5303
13258 5303
13259 5303
13260 5304
13261 5304
13262 5305
13263 5305
13264 5305
13265 5306
13266 5306
13267 5307
13268 5307
13269 5307
13270 5308
13271 5308
13272 5308
13273 5309
13274 5309
13275 5310
13276 5310
13277 5310
13278 5311
13279 5311
13280 5312
13281 5312
13282 5313
13283 5313
13284 5313
13285 5314
13286 5314
13287 5315
13288 5315
13289 5315
13290 5316
13291 5316
13292 5316
13293 5317
13294 5317
13295 5317
13296 5318
13297 5318
13298 5319
13299 5319
13300 5320
13301 5320
13302 5320
13303 5321
13304 5321
13305 5322
13306 5322
13307 5323
13308 5323
13309 5323
13310 5324
13311 5324
13312 5324
13313 5325
13314 5325
13315 5325
13316 5326
13317 5326
13318 5326
13319 5327
13320 5327
13321 5328
13322 5328
13323 5329
13324 5329
13325 5330
13326 5330
13327 5331
13328 5331
13329 5332
13330 5332
13331 5333
13332 5333
13333 5334
13334 5334
13335 5334
13336 5335
13337 5335
13338 5335
13339 5336
13340 5336
13341 5337
13342 5337
13343 5337
13344 5338
13345 5338
13346 5339
13347 5339
13348 5340
13349 5340
13350 5340
13351 5341
13352 5341
13353 5342
13354 5342
13355 5343
13356 5343
13357 5344
13358 5344
13359 5344
13360 5345
13361 5345
13362 5345
13363 5346
13364 5346
13365 5346
13366 5347
13367 5347
13368 5347
13369 5348
13370 5348
13371 5348
13372 5349
13373 5349
13374 5350
13375 5350
13376 5350
13377 5351
13378 5351
13379 5351
13380 5352
13381 5352
13382 5352
13383 5353
13384 5353
13385 5353
13386 5354
13387 5354
13388 5355
13389 5355
13390 5355
13391 5356
13392 5356
13393 5356
13394 5357
13395 5357
13396 5358
13397 5358
13398 5358
13399 5359
13400 5359
13401 5359
13402 5360
13403 5360
13404 5361
13405 5361
13406 5361
13407 5362
13408 5362
13409 5363
13410 5363
13411 5364
13412 5364
13413 5364
13414 5365
13415 5365
13416 5365
13417 5366
13418 5366
13419 5367
13420 5367
13421 5368
13422 5368
13423 5369
13424 5369
13425 5369
13426 5370
13427 5370
13428 5370
13429 5371
13430 5371
13431 5372
13432 5372
13433 5372
13434 5373
13435 5373
13436 5373
13437 5374
13438 5374
13439 5375
13440 5375
13441 5376
13442 5376
13443 5376
13444 5377
13445 5377
13446 5378
13447 5378
13448 5378
13449 5379
13450 5379
13451 5379
13452 5380
13453 5380
13454 5381
13455 5381
13456 5382
13457 5382
13458 5383
13459 5383
13460 5384
13461 5384
13462 5384
13463 5385
13464 5385
13465 5386
13466 5386
13467 5386
13468 5387
13469 5387
13470 5388
13471 5388
13472 5388
13473 5389
13474 5389
13475 5389
13476 5390
13477 5390
13478 5391
13479 5391
13480 5391
13481 5392
13482 5392
13483 5392
13484 5393
13485 5393
13486 5394
13487 5394
13488 5395
13489 5395
13490 5396
13491 5396
13492 5397
13493 5397
13494 5397
13495 5398
13496 5398
13497 5398
13498 5399
13499 5399
13500 5399
13501 5400
13502 5400
13503 5401
13504 5401
13505 5401
13506 5402
13507 5402
13508 5402
13509 5403
13510 5403
13511 5403
13512 5404
13513 5404
13514 5405
13515 5405
13516 5406
13517 5406
13518 5407
13519 5407
13520 5407
13521 5408
13522 5408
13523 5408
13524 5409
13525 5409
13526 5410
13527 5410
13528 5410
13529 5411
13530 5411
13531 5411
13532 5412
13533 5412
13534 5412
13535 5413
13536 5413
13537 5413
13538 5414
13539 5414
13540 5414
13541 5415
13542 5415
13543 5415
13544 5416
13545 5416
13546 5416
13547 5417
13548 5417
13549 5417
13550 5418
13551 5418
13552 5419
13553 5419
13554 5419
13555 5420
13556 5420
13557 5420
13558 5421
13559 5421
13560 5422
13561 5422
13562 5423
13563 5423
13564 5423
13565 5424
13566 5424
13567 5425
13568 5425
13569 5425
13570 5426
13571 5426
13572 5426
13573 5427
13574 5427
13575 5428
13576 5428
13577 5428
13578 5429
13579 5429
13580 5430
13581 5430
13582 5430
13583 5431
13584 5431
13585 5431
13586 5432
13587 5432
13588 5433
13589 5433
13590 5434
13591 5434
13592 5435
13593 5435
13594 5436
13595 5436
13596 5437
13597 5437
13598 5437
13599 5438
13600 5438
13601 5438
13602 5439
13603 5439
13604 5439
13605 5440
13606 5440
13607 5441
13608 5441
13609 5442
13610 5442
13611 5442
13612 5443
13613 5443
13614 5443
13615 5444
13616 5444
13617 5444
13618 5445
13619 5445
13620 5446
13621 5446
13622 5446
13623 5447
13624 5447
13625 5448
13626 5448
13627 5449
13628 5449
13629 5449
13630 5450
13631 5450
13632 5450
13633 5451
13634 5451
13635 5452
13636 5452
13637 5453
13638 5453
13639 5454
13640 5454
13641 5454
13642 5455
13643 5455
13644 5455
13645 5456
13646 5456
13647 5457
13648 5457
13649 5457
13650 5458
13651 5458
13652 5459
13653 5459
13654 5460
13655 5460
13656 5460
13657 5461
13658 5461
13659 5461
13660 5462
13661 5462
13662 5462
13663 5463
13664 5463
13665 5463
13666 5464
13667 5464
13668 5465
13669 5465
13670 5465
13671 5466
13672 5466
13673 5466
13674 5467
13675 5467
13676 5467
13677 5468
13678 5468
13679 5469
13680 5469
13681 5470
13682 5470
13683 5471
13684 5471
13685 5471
13686 5472
13687 5472
13688 5472
13689 5473
13690 5473
13691 5473
13692 5474
13693 5474
13694 5474
13695 5475
13696 5475
13697 5475
13698 5476
13699 5476
13700 5477
13701 5477
13702 5478
13703 5478
13704 5479
13705 5479
13706 5479
13707 5480
13708 5480
13709 5480
13710 5481
13711 5481
13712 5482
13713 5482
13714 5482
13715 5483
13716 5483
13717 5484
13718 5484
13719 5485
13720 5485
13721 5486
13722 5486
13723 5486
13724 5487
13725 5487
13726 5487
13727 5488
13728 5488
13729 5488
13730 5489
13731 5489
13732 5490
13733 5490
13734 5490
13735 5491
13736 5491
13737 5491
13738 5492
13739 5492
13740 5492
13741 5493
13742 5493
13743 5493
13744 5494
13745 5494
13746 5494
13747 5495
13748 5495
13749 5496
13750 5496
13751 5496
13752 5497
13753 5497
13754 5498
13755 5498
13756 5498
13757 5499
13758 5499
13759 5499
13760 5500
13761 5500
13762 5500
13763 5501
13764 5501
13765 5501
13766 5502
13767 5502
13768 5502
13769 5503
13770 5503
13771 5504
13772 5504
13773 5505
13774 5505
13775 5505
13776 5506
13777 5506
13778 5506
13779 5507
13780 5507
13781 5508
13782 5508
13783 5508
13784 5509
13785 5509
13786 5509
13787 5510
13788 5510
13789 5511
13790 5511
13791 5511
13792 5512
13793 5512
13794 5512
13795 5513
13796 5513
13797 5514
13798 5514
13799 5514
13800 5515
13801 5515
13802 5515
13803 5516
13804 5516
13805 5517
13806 5517
13807 5518
13808 5518
13809 5519
13810 5519
13811 5519
13812 5520
13813 5520
13814 5520
13815 5521
13816 5521
13817 5522
13818 5522
13819 5522
13820 5523
13821 5523
13822 5524
13823 5524
13824 5525
13825 5525
13826 5526
13827 5526
13828 5526
13829 5527
13830 5527
13831 5528
13832 5528
13833 5529
13834 5529
13835 5530
13836 5530
13837 5530
13838 5531
13839 5531
13840 5531
13841 5532
13842 5532
13843 5532
13844 5533
13845 5533
13846 5533
13847 5534
13848 5534
13849 5534
13850 5535
13851 5535
13852 5535
13853 5536
13854 5536
13855 5537
13856 5537
13857 5537
13858 5538
13859 5538
13860 5539
13861 5539
13862 5540
13863 5540
13864 5541
13865 5541
13866 5541
13867 5542
13868 5542
13869 5542
13870 5543
13871 5543
13872 5544
13873 5544
13874 5545
13875 5545
13876 5546
13877 5546
13878 5547
13879 5547
13880 5547
13881 5548
13882 5548
13883 5548
13884 5549
13885 5549
13886 5549
13887 5550
13888 5550
13889 5551
13890 5551
13891 5551
13892 5552
13893 5552
13894 5552
13895 5553
13896 5553
13897 5553
13898 5554
13899 5554
13900 5555
13901 5555
13902 5556
13903 5556
13904 5556
13905 5557
13906 5557
13907 5557
13908 5558
13909 5558
13910 5559
13911 5559
13912 5559
13913 5560
13914 5560
13915 5561
13916 5561
13917 5561
13918 5562
13919 5562
13920 5562
13921 5563
13922 5563
13923 5563
13924 5564
13925 5564
13926 5564
13927 5565
13928 5565
13929 5565
13930 5566
13931 5566
13932 5566
13933 5567
13934 5567
13935 5568
13936 5568
13937 5569
13938 5569
13939 5569
13940 5570
13941 5570
13942 5571
13943 5571
13944 5571
13945 5572
13946 5572
13947 5572
13948 5573
13949 5573
13950 5573
13951 5574
13952 5574
13953 5575
13954 5575
13955 5576
13956 5576
13957 5577
13958 5577
13959 5578
13960 5578
13961 5579
13962 5579
13963 5580
13964 5580
13965 5580
13966 5581
13967 5581
13968 5582
13969 5582
13970 5583
13971 5583
13972 5583
13973 5584
13974 5584
13975 5585
13976 5585
13977 5585
13978 5586
13979 5586
13980 5587
13981 5587
13982 5588
13983 5588
13984 5589
13985 5589
13986 5590
13987 5590
13988 5590
13989 5591
13990 5591
13991 5592
13992 5592
13993 5592
13994 5593
13995 5593
13996 5593
13997 5594
13998 5594
13999 5594
14000 5595
14001 5595
14002 5595
14003 5596
14004 5596
14005 5596
14006 5597
14007 5597
14008 5598
14009 5598
14010 5598
14011 5599
14012 5599
14013 5599
14014 5600
14015 5600
14016 5601
14017 5601
14018 5601
14019 5602
14020 5602
14021 5603
14022 5603
14023 5603
14024 5604
14025 5604
14026 5604
14027 5605
14028 5605
14029 5606
14030 5606
14031 5607
14032 5607
14033 5608
14034 5608
14035 5608
14036 5609
14037 5609
14038 5610
14039 5610
14040 5611
14041 5611
14042 5611
14043 5612
14044 5612
14045 5612
14046 5613
14047 5613
14048 5614
14049 5614
14050 5615
14051 5615
14052 5615
14053 5616
14054 5616
14055 5616
14056 5617
14057 5617
14058 5618
14059 5618
14060 5618
14061 5619
14062 5619
14063 5620
14064 5620
14065 5621
14066 5621
14067 5621
14068 5622
14069 5622
14070 5623
14071 5623
14072 5624
14073 5624
14074 5624
14075 5625
14076 5625
14077 5626
14078 5626
14079 5626
14080 5627
14081 5627
14082 5627
14083 5628
14084 5628
14085 5629
14086 5629
14087 5630
14088 5630
14089 5630
14090 5631
14091 5631
14092 5632
14093 5632
14094 5632
14095 5633
14096 5633
14097 5633
14098 5634
14099 5634
14100 5634
14101 5635
14102 5635
14103 5635
14104 5636
14105 5636
14106 5636
14107 5637
14108 5637
14109 5637
14110 5638
14111 5638
14112 5639
14113 5639
14114 5639
14115 5640
14116 5640
14117 5640
14118 5641
14119 5641
14120 5641
14121 5642
14122 5642
14123 5642
14124 5643
14125 5643
14126 5644
14127 5644
14128 5644
14129 5645
14130 5645
14131 5646
14132 5646
14133 5646
14134 5647
14135 5647
14136 5648
14137 5648
14138 5649
14139 5649
14140 5650
14141 5650
14142 5651
14143 5651
14144 5651
14145 5652
14146 5652
14147 5652
14148 5653
14149 5653
14150 5653
14151 5654
14152 5654
14153 5655
14154 5655
14155 5655
14156 5656
14157 5656
14158 5657
14159 5657
14160 5658
14161 5658
14162 5658
14163 5659
14164 5659
14165 5659
14166 5660
14167 5660
14168 5661
14169 5661
14170 5662
14171 5662
14172 5663
14173 5663
14174 5663
14175 5664
14176 5664
14177 5665
14178 5665
14179 5666
14180 5666
14181 5667
14182 5667
14183 5668
14184 5668
14185 5669
14186 5669
14187 5669
14188 5670
14189 5670
14190 5671
14191 5671
14192 5672
14193 5672
14194 5672
14195 5673
14196 5673
14197 5673
14198 5674
14199 5674
14200 5675
14201 5675
14202 5676
14203 5676
14204 5676
14205 5677
14206 5677
14207 5677
14208 5678
14209 5678
14210 5679
14211 5679
14212 5679
14213 5680
14214 5680
14215 5680
14216 5681
14217 5681
14218 5681
14219 5682
14220 5682
14221 5682
14222 5683
14223 5683
14224 5683
14225 5684
14226 5684
14227 5685
14228 5685
14229 5686
14230 5686
14231 5686
14232 5687
14233 5687
14234 5688
14235 5688
14236 5689
14237 5689
14238 5689
14239 5690
14240 5690
14241 5690
14242 5691
14243 5691
14244 5691
14245 5692
14246 5692
14247 5693
14248 5693
14249 5694
14250 5694
14251 5694
14252 5695
14253 5695
14254 5696
14255 5696
14256 5696
14257 5697
14258 5697
14259 5697
14260 5698
14261 5698
14262 5698
14263 5699
14264 5699
14265 5700
14266 5700
14267 5701
14268 5701
14269 5702
14270 5702
14271 5702
14272 5703
14273 5703
14274 5703
14275 5704
14276 5704
14277 5704
14278 5705
14279 5705
14280 5706
14281 5706
14282 5707
14283 5707
14284 5707
14285 5708
14286 5708
14287 5708
14288 5709
14289 5709
14290 5710
14291 5710
14292 5710
14293 5711
14294 5711
14295 5712
14296 5712
14297 5713
14298 5713
14299 5714
14300 5714
14301 5714
14302 5715
14303 5715
14304 5715
14305 5716
14306 5716
14307 5716
14308 5717
14309 5717
14310 5718
14311 5718
14312 5718
14313 5719
14314 5719
14315 5719
14316 5720
14317 5720
14318 5721
14319 5721
14320 5722
14321 5722
14322 5722
14323 5723
14324 5723
14325 5724
14326 5724
14327 5724
14328 5725
14329 5725
14330 5725
14331 5726
14332 5726
14333 5727
14334 5727
14335 5727
14336 5728
14337 5728
14338 5728
14339 5729
14340 5729
14341 5730
14342 5730
14343 5731
14344 5731
14345 5731
14346 5732
14347 5732
14348 5733
14349 5733
14350 5734
14351 5734
14352 5734
14353 5735
14354 5735
14355 5736
14356 5736
14357 5736
14358 5737
14359 5737
14360 5738
14361 5738
14362 5738
14363 5739
14364 5739
14365 5740
14366 5740
14367 5741
14368 5741
14369 5742
14370 5742
14371 5742
14372 5743
14373 5743
14374 5743
14375 5744
14376 5744
14377 5745
14378 5745
14379 5745
14380 5746
14381 5746
14382 5747
14383 5747
14384 5747
14385 5748
14386 5748
14387 5749
14388 5749
14389 5750
14390 5750
14391 5750
14392 5751
14393 5751
14394 5751
14395 5752
14396 5752
14397 5753
14398 5753
14399 5753
14400 5754
14401 5754
14402 5755
14403 5755
14404 5756
14405 5756
14406 5756
14407 5757
14408 5757
14409 5758
14410 5758
14411 5758
14412 5759
14413 5759
14414 5760
14415 5760
14416 5760
14417 5761
14418 5761
14419 5761
14420 5762
14421 5762
14422 5763
14423 5763
14424 5763
14425 5764
14426 5764
14427 5765
14428 5765
14429 5766
14430 5766
14431 5767
14432 5767
14433 5767
14434 5768
14435 5768
14436 5769
14437 5769
14438 5769
14439 5770
14440 5770
14441 5771
14442 5771
14443 5772
14444 5772
14445 5772
14446 5773
14447 5773
14448 5774
14449 5774
14450 5774
14451 5775
14452 5775
14453 5775
14454 5776
14455 5776
14456 5776
14457 5777
14458 5777
14459 5777
14460 5778
14461 5778
14462 5779
14463 5779
14464 5780
14465 5780
14466 5781
14467 5781
14468 5781
14469 5782
14470 5782
14471 5782
14472 5783
14473 5783
14474 5783
14475 5784
14476 5784
14477 5785
14478 5785
14479 5785
14480 5786
14481 5786
14482 5786
14483 5787
14484 5787
14485 5787
14486 5788
14487 5788
14488 5788
14489 5789
14490 5789
14491 5790
14492 5790
14493 5790
14494 5791
14495 5791
14496 5792
14497 5792
14498 5792
14499 5793
14500 5793
14501 5794
14502 5794
14503 5795
14504 5795
14505 5796
14506 5796
14507 5796
14508 5797
14509 5797
14510 5798
14511 5798
14512 5798
14513 5799
14514 5799
14515 5800
14516 5800
14517 5801
14518 5801
14519 5801
14520 5802
14521 5802
14522 5802
14523 5803
14524 5803
14525 5803
14526 5804
14527 5804
14528 5805
14529 5805
14530 5806
14531 5806
14532 5807
14533 5807
14534 5807
14535 5808
14536 5808
14537 5808
14538 5809
14539 5809
14540 5810
14541 5810
14542 5810
14543 5811
14544 5811
14545 5812
14546 5812
14547 5813
14548 5813
14549 5813
14550 5814
14551 5814
14552 5814
14553 5815
14554 5815
14555 5815
14556 5816
14557 5816
14558 5816
14559 5817
14560 5817
14561 5818
14562 5818
14563 5819
14564 5819
14565 5820
14566 5820
14567 5821
14568 5821
14569 5821
14570 5822
14571 5822
14572 5822
14573 5823
14574 5823
14575 5823
14576 5824
14577 5824
14578 5824
14579 5825
14580 5825
14581 5826
14582 5826
14583 5827
14584 5827
14585 5827
14586 5828
14587 5828
14588 5829
14589 5829
14590 5829
14591 5830
14592 5830
14593 5830
14594 5831
14595 5831
14596 5831
14597 5832
14598 5832
14599 5832
14600 5833
14601 5833
14602 5834
14603 5834
14604 5834
14605 5835
14606 5835
14607 5836
14608 5836
14609 5836
14610 5837
14611 5837
14612 5837
14613 5838
14614 5838
14615 5839
14616 5839
14617 5840
14618 5840
14619 5840
14620 5841
14621 5841
14622 5842
14623 5842
14624 5843
14625 5843
14626 5844
14627 5844
14628 5845
14629 5845
14630 5845
14631 5846
14632 5846
14633 5847
14634 5847
14635 5848
14636 5848
14637 5849
14638 5849
14639 5850
14640 5850
14641 5851
14642 5851
14643 5852
14644 5852
14645 5853
14646 5853
14647 5854
14648 5854
14649 5854
14650 5855
14651 5855
14652 5856
14653 5856
14654 5857
14655 5857
14656 5857
14657 5858
14658 5858
14659 5859
14660 5859
14661 5859
14662 5860
14663 5860
14664 5861
14665 5861
14666 5861
14667 5862
14668 5862
14669 5863
14670 5863
14671 5863
14672 5864
14673 5864
14674 5864
14675 5865
14676 5865
14677 5865
14678 5866
14679 5866
14680 5867
14681 5867
14682 5868
14683 5868
14684 5868
14685 5869
14686 5869
14687 5870
14688 5870
14689 5870
14690 5871
14691 5871
14692 5871
14693 5872
14694 5872
14695 5872
14696 5873
14697 5873
14698 5874
14699 5874
14700 5874
14701 5875
14702 5875
14703 5875
14704 5876
14705 5876
14706 5876
14707 5877
14708 5877
14709 5877
14710 5878
14711 5878
14712 5878
14713 5879
14714 5879
14715 5879
14716 5880
14717 5880
14718 5881
14719 5881
14720 5882
14721 5882
14722 5882
14723 5883
14724 5883
14725 5883
14726 5884
14727 5884
14728 5884
14729 5885
14730 5885
14731 5885
14732 5886
14733 5886
14734 5886
14735 5887
14736 5887
14737 5887
14738 5888
14739 5888
14740 5889
14741 5889
14742 5890
14743 5890
14744 5890
14745 5891
14746 5891
14747 5892
14748 5892
14749 5893
14750 5893
14751 5894
14752 5894
14753 5894
14754 5895
14755 5895
14756 5895
14757 5896
14758 5896
14759 5897
14760 5897
14761 5897
14762 5898
14763 5898
14764 5899
14765 5899
14766 5900
14767 5900
14768 5901
14769 5901
14770 5902
14771 5902
14772 5903
14773 5903
14774 5904
14775 5904
14776 5905
14777 5905
14778 5905
14779 5906
14780 5906
14781 5906
14782 5907
14783 5907
14784 5908
14785 5908
14786 5908
14787 5909
14788 5909
14789 5909
14790 5910
14791 5910
14792 5911
14793 5911
14794 5911
14795 5912
14796 5912
14797 5912
14798 5913
14799 5913
14800 5914
14801 5914
14802 5914
14803 5915
14804 5915
14805 5916
14806 5916
14807 5916
14808 5917
14809 5917
14810 5917
14811 5918
14812 5918
14813 5919
14814 5919
14815 5919
14816 5920
14817 5920
14818 5920
14819 5921
14820 5921
14821 5921
14822 5922
14823 5922
14824 5923
14825 5923
14826 5924
14827 5924
14828 5925
14829 5925
14830 5925
14831 5926
14832 5926
14833 5927
14834 5927
14835 5928
14836 5928
14837 5928
14838 5929
14839 5929
14840 5929
14841 5930
14842 5930
14843 5931
14844 5931
14845 5932
14846 5932
14847 5932
14848 5933
14849 5933
14850 5934
14851 5934
14852 5935
14853 5935
14854 5935
14855 5936
14856 5936
14857 5937
14858 5937
14859 5938
14860 5938
14861 5939
14862 5939
14863 5940
14864 5940
14865 5940
14866 5941
14867 5941
14868 5941
14869 5942
14870 5942
14871 5942
14872 5943
14873 5943
14874 5944
14875 5944
14876 5945
14877 5945
14878 5945
14879 5946
14880 5946
14881 5946
14882 5947
14883 5947
14884 5948
14885 5948
14886 5949
14887 5949
14888 5950
14889 5950
14890 5950
14891 5951
14892 5951
14893 5951
14894 5952
14895 5952
14896 5953
14897 5953
14898 5953
14899 5954
14900 5954
14901 5955
14902 5955
14903 5956
14904 5956
14905 5957
14906 5957
14907 5958
14908 5958
14909 5958
14910 5959
14911 5959
14912 5959
14913 5960
14914 5960
14915 5961
14916 5961
14917 5962
14918 5962
14919 5963
14920 5963
14921 5964
14922 5964
14923 5964
14924 5965
14925 5965
14926 5966
14927 5966
14928 5967
14929 5967
14930 5967
14931 5968
14932 5968
14933 5969
14934 5969
14935 5970
14936 5970
14937 5970
14938 5971
14939 5971
14940 5971
14941 5972
14942 5972
14943 5972
14944 5973
14945 5973
14946 5974
14947 5974
14948 5974
14949 5975
14950 5975
14951 5976
14952 5976
14953 5977
14954 5977
14955 5978
14956 5978
14957 5978
14958 5979
14959 5979
14960 5979
14961 5980
14962 5980
14963 5981
14964 5981
14965 5981
14966 5982
14967 5982
14968 5982
14969 5983
14970 5983
14971 5984
14972 5984
14973 5984
14974 5985
14975 5985
14976 5986
14977 5986
14978 5987
14979 5987
14980 5987
14981 5988
14982 5988
14983 5988
14984 5989
14985 5989
14986 5989
14987 5990
14988 5990
14989 5990
14990 5991
14991 5991
14992 5991
14993 5992
14994 5992
14995 5993
14996 5993
14997 5993
14998 5994
14999 5994
15000 5995
15001 5995
15002 5995
15003 5996
15004 5996
15005 5997
15006 5997
15007 5997
15008 5998
15009 5998
15010 5998
15011 5999
15012 5999
15013 6000
15014 6000
15015 6000
15016 6001
15017 6001
15018 6001
15019 6002
15020 6002
15021 6003
15022 6003
15023 6003
15024 6004
15025 6004
15026 6005
15027 6005
15028 6005
15029 6006
15030 6006
15031 6007
15032 6007
15033 6008
15034 6008
15035 6009
15036 6009
15037 6009
15038 6010
15039 6010
15040 6011
15041 6011
15042 6011
15043 6012
15044 6012
15045 6013
15046 6013
15047 6013
15048 6014
15049 6014
15050 6014
15051 6015
15052 6015
15053 6015
15054 6016
15055 6016
15056 6016
15057 6017
15058 6017
15059 6018
15060 6018
15061 6019
15062 6019
15063 6020
15064 6020
15065 6021
15066 6021
15067 6022
15068 6022
15069 6023
15070 6023
15071 6023
15072 6024
15073 6024
15074 6025
15075 6025
15076 6026
15077 6026
15078 6026
15079 6027
15080 6027
15081 6027
15082 6028
15083 6028
15084 6029
15085 6029
15086 6029
15087 6030
15088 6030
15089 6031
15090 6031
15091 6031
15092 6032
15093 6032
15094 6032
15095 6033
15096 6033
15097 6034
15098 6034
15099 6035
15100 6035
15101 6036
15102 6036
15103 6036
15104 6037
15105 6037
15106 6038
15107 6038
15108 6039
15109 6039
15110 6039
15111 6040
15112 6040
15113 6041
15114 6041
15115 6042
15116 6042
15117 6043
15118 6043
15119 6043
15120 6044
15121 6044
15122 6045
15123 6045
15124 6045
15125 6046
15126 6046
15127 6047
15128 6047
15129 6047
15130 6048
15131 6048
15132 6049
15133 6049
15134 6050
15135 6050
15136 6051
15137 6051
15138 6052
15139 6052
15140 6052
15141 6053
15142 6053
15143 6054
15144 6054
15145 6055
15146 6055
15147 6056
15148 6056
15149 6056
15150 6057
15151 6057
15152 6058
15153 6058
15154 6058
15155 6059
15156 6059
15157 6059
15158 6060
15159 6060
15160 6060
15161 6061
15162 6061
15163 6061
15164 6062
15165 6062
15166 6063
15167 6063
15168 6064
15169 6064
15170 6065
15171 6065
15172 6065
15173 6066
15174 6066
15175 6066
15176 6067
15177 6067
15178 6067
15179 6068
15180 6068
15181 6068
15182 6069
15183 6069
15184 6070
15185 6070
15186 6071
15187 6071
15188 6072
15189 6072
15190 6072
15191 6073
15192 6073
15193 6073
15194 6074
15195 6074
15196 6074
15197 6075
15198 6075
15199 6075
15200 6076
15201 6076
15202 6076
15203 6077
15204 6077
15205 6077
15206 6078
15207 6078
15208 6078
15209 6079
15210 6079
15211 6080
15212 6080
15213 6080
15214 6081
15215 6081
15216 6082
15217 6082
15218 6083
15219 6083
15220 6083
15221 6084
15222 6084
15223 6085
15224 6085
15225 6085
15226 6086
15227 6086
15228 6086
15229 6087
15230 6087
15231 6088
15232 6088
15233 6088
15234 6089
15235 6089
15236 6089
15237 6090
15238 6090
15239 6091
15240 6091
15241 6091
15242 6092
15243 6092
15244 6093
15245 6093
15246 6093
15247 6094
15248 6094
15249 6095
15250 6095
15251 6096
15252 6096
15253 6097
15254 6097
15255 6097
15256 6098
15257 6098
15258 6099
15259 6099
15260 6099
15261 6100
15262 6100
15263 6101
15264 6101
15265 6102
15266 6102
15267 6103
15268 6103
15269 6103
15270 6104
15271 6104
15272 6104
15273 6105
15274 6105
15275 6105
15276 6106
15277 6106
15278 6107
15279 6107
15280 6107
15281 6108
15282 6108
15283 6109
15284 6109
15285 6110
15286 6110
15287 6110
15288 6111
15289 6111
15290 6112
15291 6112
15292 6112
15293 6113
15294 6113
15295 6113
15296 6114
15297 6114
15298 6115
15299 6115
15300 6116
15301 6116
15302 6117
15303 6117
15304 6118
15305 6118
15306 6119
15307 6119
15308 6119
15309 6120
15310 6120
15311 6120
15312 6121
15313 6121
15314 6122
15315 6122
15316 6122
15317 6123
15318 6123
15319 6123
15320 6124
15321 6124
15322 6125
15323 6125
15324 6125
15325 6126
15326 6126
15327 6126
15328 6127
15329 6127
15330 6127
15331 6128
15332 6128
15333 6128
15334 6129
15335 6129
15336 6129
15337 6130
15338 6130
15339 6130
15340 6131
15341 6131
15342 6132
15343 6132
15344 6132
15345 6133
15346 6133
15347 6133
15348 6134
15349 6134
15350 6134
15351 6135
15352 6135
15353 6135
15354 6136
15355 6136
15356 6137
15357 6137
15358 6137
15359 6138
15360 6138
15361 6139
15362 6139
15363 6140
15364 6140
15365 6140
15366 6141
15367 6141
15368 6141
15369 6142
15370 6142
15371 6143
15372 6143
15373 6143
15374 6144
15375 6144
15376 6144
15377 6145
15378 6145
15379 6145
15380 6146
15381 6146
15382 6146
15383 6147
15384 6147
15385 6148
15386 6148
15387 6149
15388 6149
15389 6150
15390 6150
15391 6151
15392 6151
15393 6152
15394 6152
15395 6153
15396 6153
15397 6154
15398 6154
15399 6155
15400 6155
15401 6155
15402 6156
15403 6156
15404 6157
15405 6157
15406 6158
15407 6158
15408 6158
15409 6159
15410 6159
15411 6160
15412 6160
15413 6160
15414 6161
15415 6161
15416 6161
15417 6162
15418 6162
15419 6163
15420 6163
15421 6164
15422 6164
15423 6165
15424 6165
15425 6166
15426 6166
15427 6167
15428 6167
15429 6168
15430 6168
15431 6169
15432 6169
15433 6169
15434 6170
15435 6170
15436 6170
15437 6171
15438 6171
15439 6171
15440 6172
15441 6172
15442 6172
15443 6173
15444 6173
15445 6173
15446 6174
15447 6174
15448 6175
15449 6175
15450 6176
15451 6176
15452 6177
15453 6177
15454 6178
15455 6178
15456 6178
15457 6179
15458 6179
15459 6179
15460 6180
15461 6180
15462 6181
15463 6181
15464 6182
15465 6182
15466 6183
15467 6183
15468 6184
15469 6184
15470 6184
15471 6185
15472 6185
15473 6185
15474 6186
15475 6186
15476 6187
15477 6187
15478 6188
15479 6188
15480 6188
15481 6189
15482 6189
15483 6190
15484 6190
15485 6191
15486 6191
15487 6191
15488 6192
15489 6192
15490 6193
15491 6193
15492 6193
15493 6194
15494 6194
15495 6194
15496 6195
15497 6195
15498 6195
15499 6196
15500 6196
15501 6197
15502 6197
15503 6198
15504 6198
15505 6199
15506 6199
15507 6200
15508 6200
15509 6200
15510 6201
15511 6201
15512 6201
15513 6202
15514 6202
15515 6202
15516 6203
15517 6203
15518 6203
15519 6204
15520 6204
15521 6204
15522 6205
15523 6205
15524 6206
15525 6206
15526 6207
15527 6207
15528 6207
15529 6208
15530 6208
15531 6209
15532 6209
15533 6209
15534 6210
15535 6210
15536 6210
15537 6211
15538 6211
15539 6211
15540 6212
15541 6212
15542 6212
15543 6213
15544 6213
15545 6214
15546 6214
15547 6214
15548 6215
15549 6215
15550 6215
15551 6216
15552 6216
15553 6216
15554 6217
15555 6217
15556 6217
15557 6218
15558 6218
15559 6218
15560 6219
15561 6219
15562 6219
15563 6220
15564 6220
15565 6220
15566 6221
15567 6221
15568 6221
15569 6222
15570 6222
15571 6223
15572 6223
15573 6223
15574 6224
15575 6224
15576 6225
15577 6225
15578 6225
15579 6226
15580 6226
15581 6226
15582 6227
15583 6227
15584 6227
15585 6228
15586 6228
15587 6228
15588 6229
15589 6229
15590 6229
15591 6230
15592 6230
15593 6231
15594 6231
15595 6231
15596 6232
15597 6232
15598 6233
15599 6233
15600 6234
15601 6234
15602 6234
15603 6235
15604 6235
15605 6236
15606 6236
15607 6236
15608 6237
15609 6237
15610 6238
15611 6238
15612 6238
15613 6239
15614 6239
15615 6240
15616 6240
15617 6240
15618 6241
15619 6241
15620 6241
15621 6242
15622 6242
15623 6243
15624 6243
15625 6244
15626 6244
15627 6244
15628 6245
15629 6245
15630 6245
15631 6246
15632 6246
15633 6246
15634 6247
15635 6247
15636 6247
15637 6248
15638 6248
15639 6249
15640 6249
15641 6249
15642 6250
15643 6250
15644 6250
15645 6251
15646 6251
15647 6252
15648 6252
15649 6252
15650 6253
15651 6253
15652 6254
15653 6254
15654 6255
15655 6255
15656 6256
15657 6256
15658 6257
15659 6257
15660 6258
15661 6258
15662 6259
15663 6259
15664 6260
15665 6260
15666 6260
15667 6261
15668 6261
15669 6262
15670 6262
15671 6262
15672 6263
15673 6263
15674 6264
15675 6264
15676 6265
15677 6265
15678 6266
15679 6266
15680 6266
15681 6267
15682 6267
15683 6267
15684 6268
15685 6268
15686 6268
15687 6269
15688 6269
15689 6270
15690 6270
15691 6271
15692 6271
15693 6272
15694 6272
15695 6272
15696 6273
15697 6273
15698 6274
15699 6274
15700 6275
15701 6275
15702 6276
15703 6276
15704 6276
15705 6277
15706 6277
15707 6277
15708 6278
15709 6278
15710 6279
15711 6279
15712 6280
15713 6280
15714 6281
15715 6281
15716 6281
15717 6282
15718 6282
15719 6283
15720 6283
15721 6284
15722 6284
15723 6284
15724 6285
15725 6285
15726 6285
15727 6286
15728 6286
15729 6286
15730 6287
15731 6287
15732 6287
15733 6288
15734 6288
15735 6289
15736 6289
15737 6289
15738 6290
15739 6290
15740 6290
15741 6291
15742 6291
15743 6291
15744 6292
15745 6292
15746 6293
15747 6293
15748 6293
15749 6294
15750 6294
15751 6295
15752 6295
15753 6295
15754 6296
15755 6296
15756 6296
15757 6297
15758 6297
15759 6297
15760 6298
15761 6298
15762 6299
15763 6299
15764 6300
15765 6300
15766 6301
15767 6301
15768 6301
15769 6302
15770 6302
15771 6302
15772 6303
15773 6303
15774 6304
15775 6304
15776 6305
15777 6305
15778 6306
15779 6306
15780 6306
15781 6307
15782 6307
15783 6308
15784 6308
15785 6309
15786 6309
15787 6310
15788 6310
15789 6310
15790 6311
15791 6311
15792 6311
15793 6312
15794 6312
15795 6313
15796 6313
15797 6314
15798 6314
15799 6314
15800 6315
15801 6315
15802 6316
15803 6316
15804 6317
15805 6317
15806 6317
15807 6318
15808 6318
15809 6319
15810 6319
15811 6319
15812 6320
15813 6320
15814 6321
15815 6321
15816 6322
15817 6322
15818 6323
15819 6323
15820 6323
15821 6324
15822 6324
15823 6324
15824 6325
15825 6325
15826 6326
15827 6326
15828 6327
15829 6327
15830 6328
15831 6328
15832 6328
15833 6329
15834 6329
15835 6330
15836 6330
15837 6330
15838 6331
15839 6331
15840 6331
15841 6332
15842 6332
15843 6333
15844 6333
15845 6333
15846 6334
15847 6334
15848 6335
15849 6335
15850 6336
15851 6336
15852 6336
15853 6337
15854 6337
15855 6338
15856 6338
15857 6338
15858 6339
15859 6339
15860 6340
15861 6340
15862 6341
15863 6341
15864 6342
15865 6342
15866 6343
15867 6343
15868 6343
15869 6344
15870 6344
15871 6344
15872 6345
15873 6345
15874 6346
15875 6346
15876 6346
15877 6347
15878 6347
15879 6348
15880 6348
15881 6349
15882 6349
15883 6350
15884 6350
15885 6350
15886 6351
15887 6351
15888 6351
15889 6352
15890 6352
15891 6353
15892 6353
15893 6353
15894 6354
15895 6354
15896 6355
15897 6355
15898 6355
15899 6356
15900 6356
15901 6356
15902 6357
15903 6357
15904 6358
15905 6358
15906 6358
15907 6359
15908 6359
15909 6359
15910 6360
15911 6360
15912 6361
15913 6361
15914 6362
15915 6362
15916 6362
15917 6363
15918 6363
15919 6364
15920 6364
15921 6364
15922 6365
15923 6365
15924 6366
15925 6366
15926 6367
15927 6367
15928 6368
15929 6368
15930 6368
15931 6369
15932 6369
15933 6370
15934 6370
15935 6371
15936 6371
15937 6372
15938 6372
15939 6373
15940 6373
15941 6374
15942 6374
15943 6374
15944 6375
15945 6375
15946 6375
15947 6376
15948 6376
15949 6377
15950 6377
15951 6378
15952 6378
15953 6378
15954 6379
15955 6379
15956 6380
15957 6380
15958 6381
15959 6381
15960 6381
15961 6382
15962 6382
15963 6382
15964 6383
15965 6383
15966 6383
15967 6384
15968 6384
15969 6385
15970 6385
15971 6386
15972 6386
15973 6387
15974 6387
15975 6387
15976 6388
15977 6388
15978 6389
15979 6389
15980 6390
15981 6390
15982 6391
15983 6391
15984 6392
15985 6392
15986 6392
15987 6393
15988 6393
15989 6394
15990 6394
15991 6395
15992 6395
15993 6396
15994 6396
15995 6396
15996 6397
15997 6397
15998 6397
15999 6398
16000 6398
16001 6398
16002 6399
16003 6399
16004 6400
16005 6400
16006 6401
16007 6401
16008 6401
16009 6402
16010 6402
16011 6403
16012 6403
16013 6403
16014 6404
16015 6404
16016 6404
16017 6405
16018 6405
16019 6406
16020 6406
16021 6406
16022 6407
16023 6407
16024 6408
16025 6408
16026 6408
16027 6409
16028 6409
16029 6409
16030 6410
16031 6410
16032 6410
16033 6411
16034 6411
16035 6411
16036 6412
16037 6412
16038 6413
16039 6413
16040 6414
16041 6414
16042 6415
16043 6415
16044 6416
16045 6416
16046 6416
16047 6417
16048 6417
16049 6418
16050 6418
16051 6419
16052 6419
16053 6420
16054 6420
16055 6421
16056 6421
16057 6421
16058 6422
16059 6422
16060 6422
16061 6423
16062 6423
16063 6424
16064 6424
16065 6425
16066 6425
16067 6425
16068 6426
16069 6426
16070 6426
16071 6427
16072 6427
16073 6427
16074 6428
16075 6428
16076 6429
16077 6429
16078 6429
16079 6430
16080 6430
16081 6430
16082 6431
16083 6431
16084 6431
16085 6432
16086 6432
16087 6432
16088 6433
16089 6433
16090 6433
16091 6434
16092 6434
16093 6434
16094 6435
16095 6435
16096 6435
16097 6436
16098 6436
16099 6436
16100 6437
16101 6437
16102 6438
16103 6438
16104 6438
16105 6439
16106 6439
16107 6440
16108 6440
16109 6441
16110 6441
16111 6441
16112 6442
16113 6442
16114 6442
16115 6443
16116 6443
16117 6443
16118 6444
16119 6444
16120 6444
16121 6445
16122 6445
16123 6445
16124 6446
16125 6446
16126 6447
16127 6447
16128 6448
16129 6448
16130 6449
16131 6449
16132 6449
16133 6450
16134 6450
16135 6450
16136 6451
16137 6451
16138 6451
16139 6452
16140 6452
16141 6452
16142 6453
16143 6453
16144 6453
16145 6454
16146 6454
16147 6454
16148 6455
16149 6455
16150 6456
16151 6456
16152 6456
16153 6457
16154 6457
16155 6458
16156 6458
16157 6459
16158 6459
16159 6460
16160 6460
16161 6461
16162 6461
16163 6462
16164 6462
16165 6463
16166 6463
16167 6463
16168 6464
16169 6464
16170 6465
16171 6465
16172 6466
16173 6466
16174 6467
16175 6467
16176 6467
16177 6468
16178 6468
16179 6469
16180 6469
16181 6469
16182 6470
16183 6470
16184 6471
16185 6471
16186 6471
16187 6472
16188 6472
16189 6472
16190 6473
16191 6473
16192 6473
16193 6474
16194 6474
16195 6474
16196 6475
16197 6475
16198 6476
16199 6476
16200 6477
16201 6477
16202 6477
16203 6478
16204 6478
16205 6478
16206 6479
16207 6479
16208 6480
16209 6480
16210 6481
16211 6481
16212 6481
16213 6482
16214 6482
16215 6482
16216 6483
16217 6483
16218 6483
16219 6484
16220 6484
16221 6484
16222 6485
16223 6485
16224 6486
16225 6486
16226 6487
16227 6487
16228 6487
16229 6488
16230 6488
16231 6488
16232 6489
16233 6489
16234 6490
16235 6490
16236 6490
16237 6491
16238 6491
16239 6492
16240 6492
16241 6492
16242 6493
16243 6493
16244 6493
16245 6494
16246 6494
16247 6495
16248 6495
16249 6496
16250 6496
16251 6496
16252 6497
16253 6497
16254 6497
16255 6498
16256 6498
16257 6498
16258 6499
16259 6499
16260 6499
16261 6500
16262 6500
16263 6500
16264 6501
16265 6501
16266 6502
16267 6502
16268 6502
16269 6503
16270 6503
16271 6504
16272 6504
16273 6505
16274 6505
16275 6506
16276 6506
16277 6507
16278 6507
16279 6507
16280 6508
16281 6508
16282 6509
16283 6509
16284 6509
16285 6510
16286 6510
16287 6510
16288 6511
16289 6511
16290 6512
16291 6512
16292 6513
16293 6513
16294 6514
16295 6514
16296 6514
16297 6515
16298 6515
16299 6516
16300 6516
16301 6517
16302 6517
16303 6518
16304 6518
16305 6519
16306 6519
16307 6520
16308 6520
16309 6521
16310 6521
16311 6522
16312 6522
16313 6522
16314 6523
16315 6523
16316 6524
16317 6524
16318 6524
16319 6525
16320 6525
16321 6526
16322 6526
16323 6526
16324 6527
16325 6527
16326 6528
16327 6528
16328 6528
16329 6529
16330 6529
16331 6529
16332 6530
16333 6530
16334 6531
16335 6531
16336 6531
16337 6532
16338 6532
16339 6532
16340 6533
16341 6533
16342 6534
16343 6534
16344 6535
16345 6535
16346 6536
16347 6536
16348 6536
16349 6537
16350 6537
16351 6537
16352 6538
16353 6538
16354 6539
16355 6539
16356 6540
16357 6540
16358 6540
16359 6541
16360 6541
16361 6541
16362 6542
16363 6542
16364 6542
16365 6543
16366 6543
16367 6543
16368 6544
16369 6544
16370 6545
16371 6545
16372 6546
16373 6546
16374 6547
16375 6547
16376 6547
16377 6548
16378 6548
16379 6548
16380 6549
16381 6549
16382 6550
16383 6550
16384 6550
16385 6551
16386 6551
16387 6551
16388 6552
16389 6552
16390 6552
16391 6553
16392 6553
16393 6554
16394 6554
16395 6555
16396 6555
16397 6556
16398 6556
16399 6556
16400 6557
16401 6557
16402 6557
16403 6558
16404 6558
16405 6558
16406 6559
16407 6559
16408 6559
16409 6560
16410 6560
16411 6560
16412 6561
16413 6561
16414 6561
16415 6562
16416 6562
16417 6563
16418 6563
16419 6563
16420 6564
16421 6564
16422 6564
16423 6565
16424 6565
16425 6565
16426 6566
16427 6566
16428 6567
16429 6567
16430 6567
16431 6568
16432 6568
16433 6569
16434 6569
16435 6569
16436 6570
16437 6570
16438 6571
16439 6571
16440 6572
16441 6572
16442 6573
16443 6573
16444 6574
16445 6574
16446 6574
16447 6575
16448 6575
16449 6576
16450 6576
16451 6576
16452 6577
16453 6577
16454 6578
16455 6578
16456 6578
16457 6579
16458 6579
16459 6579
16460 6580
16461 6580
16462 6581
16463 6581
16464 6582
16465 6582
16466 6583
16467 6583
16468 6584
16469 6584
16470 6585
16471 6585
16472 6585
16473 6586
16474 6586
16475 6586
16476 6587
16477 6587
16478 6587
16479 6588
16480 6588
16481 6589
16482 6589
16483 6589
16484 6590
16485 6590
16486 6591
16487 6591
16488 6591
16489 6592
16490 6592
16491 6593
16492 6593
16493 6593
16494 6594
16495 6594
16496 6594
16497 6595
16498 6595
16499 6595
16500 6596
16501 6596
16502 6597
16503 6597
16504 6597
16505 6598
16506 6598
16507 6598
16508 6599
16509 6599
16510 6599
16511 6600
16512 6600
16513 6600
16514 6601
16515 6601
16516 6602
16517 6602
16518 6603
16519 6603
16520 6603
16521 6604
16522 6604
16523 6605
16524 6605
16525 6605
16526 6606
16527 6606
16528 6607
16529 6607
16530 6607
16531 6608
16532 6608
16533 6609
16534 6609
16535 6609
16536 6610
16537 6610
16538 6610
16539 6611
16540 6611
16541 6611
16542 6612
16543 6612
16544 6612
16545 6613
16546 6613
16547 6614
16548 6614
16549 6615
16550 6615
16551 6616
16552 6616
16553 6616
16554 6617
16555 6617
16556 6617
16557 6618
16558 6618
16559 6618
16560 6619
16561 6619
16562 6619
16563 6620
16564 6620
16565 6620
16566 6621
16567 6621
16568 6621
16569 6622
16570 6622
16571 6623
16572 6623
16573 6623
16574 6624
16575 6624
16576 6625
16577 6625
16578 6626
16579 6626
16580 6626
16581 6627
16582 6627
16583 6628
16584 6628
16585 6628
16586 6629
16587 6629
16588 6629
16589 6630
16590 6630
16591 6630
16592 6631
16593 6631
16594 6631
16595 6632
16596 6632
16597 6633
16598 6633
16599 6633
16600 6634
16601 6634
16602 6634
16603 6635
16604 6635
16605 6636
16606 6636
16607 6637
16608 6637
16609 6637
16610 6638
16611 6638
16612 6639
16613 6639
16614 6639
16615 6640
16616 6640
16617 6641
16618 6641
16619 6641
16620 6642
16621 6642
16622 6642
16623 6643
16624 6643
16625 6643
16626 6644
16627 6644
16628 6644
16629 6645
16630 6645
16631 6645
16632 6646
16633 6646
16634 6646
16635 6647
16636 6647
16637 6648
16638 6648
16639 6649
16640 6649
16641 6650
16642 6650
16643 6651
16644 6651
16645 6652
16646 6652
16647 6653
16648 6653
16649 6653
16650 6654
16651 6654
16652 6654
16653 6655
16654 6655
16655 6656
16656 6656
16657 6656
16658 6657
16659 6657
16660 6657
16661 6658
16662 6658
16663 6659
16664 6659
16665 6659
16666 6660
16667 6660
16668 6661
16669 6661
16670 6661
16671 6662
16672 6662
16673 6662
16674 6663
16675 6663
16676 6663
16677 6664
16678 6664
16679 6665
16680 6665
16681 6666
16682 6666
16683 6667
16684 6667
16685 6668
16686 6668
16687 6668
16688 6669
16689 6669
16690 6669
16691 6670
16692 6670
16693 6670
16694 6671
16695 6671
16696 6671
16697 6672
16698 6672
16699 6673
16700 6673
16701 6674
16702 6674
16703 6674
16704 6675
16705 6675
16706 6675
16707 6676
16708 6676
16709 6677
16710 6677
16711 6678
16712 6678
16713 6678
16714 6679
16715 6679
16716 6680
16717 6680
16718 6681
16719 6681
16720 6681
16721 6682
16722 6682
16723 6682
16724 6683
16725 6683
16726 6683
16727 6684
16728 6684
16729 6685
16730 6685
16731 6686
16732 6686
16733 6686
16734 6687
16735 6687
16736 6688
16737 6688
16738 6689
16739 6689
16740 6690
16741 6690
16742 6691
16743 6691
16744 6692
16745 6692
16746 6692
16747 6693
16748 6693
16749 6694
16750 6694
16751 6694
16752 6695
16753 6695
16754 6695
16755 6696
16756 6696
16757 6696
16758 6697
16759 6697
16760 6698
16761 6698
16762 6699
16763 6699
16764 6700
16765 6700
16766 6701
16767 6701
16768 6701
16769 6702
16770 6702
16771 6703
16772 6703
16773 6704
16774 6704
16775 6705
16776 6705
16777 6706
16778 6706
16779 6707
16780 6707
16781 6708
16782 6708
16783 6708
16784 6709
16785 6709
16786 6709
16787 6710
16788 6710
16789 6711
16790 6711
16791 6712
16792 6712
16793 6713
16794 6713
16795 6714
16796 6714
16797 6715
16798 6715
16799 6716
16800 6716
16801 6717
16802 6717
16803 6718
16804 6718
16805 6719
16806 6719
16807 6720
16808 6720
16809 6720
16810 6721
16811 6721
16812 6721
16813 6722
16814 6722
16815 6722
16816 6723
16817 6723
16818 6724
16819 6724
16820 6725
16821 6725
16822 6726
16823 6726
16824 6726
16825 6727
16826 6727
16827 6727
16828 6728
16829 6728
16830 6728
16831 6729
16832 6729
16833 6729
16834 6730
16835 6730
16836 6731
16837 6731
16838 6732
16839 6732
16840 6732
16841 6733
16842 6733
16843 6733
16844 6734
16845 6734
16846 6734
16847 6735
16848 6735
16849 6736
16850 6736
16851 6737
16852 6737
16853 6738
16854 6738
16855 6739
16856 6739
16857 6740
16858 6740
16859 6741
16860 6741
16861 6742
16862 6742
16863 6742
16864 6743
16865 6743
16866 6744
16867 6744
16868 6745
16869 6745
16870 6745
16871 6746
16872 6746
16873 6747
16874 6747
16875 6747
16876 6748
16877 6748
16878 6748
16879 6749
16880 6749
16881 6750
16882 6750
16883 6750
16884 6751
16885 6751
16886 6751
16887 6752
16888 6752
16889 6753
16890 6753
16891 6753
16892 6754
16893 6754
16894 6754
16895 6755
16896 6755
16897 6756
16898 6756
16899 6757
16900 6757
16901 6758
16902 6758
16903 6758
16904 6759
16905 6759
16906 6759
16907 6760
16908 6760
16909 6760
16910 6761
16911 6761
16912 6762
16913 6762
16914 6763
16915 6763
16916 6764
16917 6764
16918 6764
16919 6765
16920 6765
16921 6766
16922 6766
16923 6767
16924 6767
16925 6768
16926 6768
16927 6768
16928 6769
16929 6769
16930 6770
16931 6770
16932 6771
16933 6771
16934 6772
16935 6772
16936 6772
16937 6773
16938 6773
16939 6774
16940 6774
16941 6775
16942 6775
16943 6776
16944 6776
16945 6776
16946 6777
16947 6777
16948 6778
16949 6778
16950 6778
16951 6779
16952 6779
16953 6779
16954 6780
16955 6780
16956 6781
16957 6781
16958 6782
16959 6782
16960 6783
16961 6783
16962 6784
16963 6784
16964 6785
16965 6785
16966 6785
16967 6786
16968 6786
16969 6786
16970 6787
16971 6787
16972 6787
16973 6788
16974 6788
16975 6788
16976 6789
16977 6789
16978 6790
16979 6790
16980 6791
16981 6791
16982 6792
16983 6792
16984 6792
16985 6793
16986 6793
16987 6793
16988 6794
16989 6794
16990 6795
16991 6795
16992 6795
16993 6796
16994 6796
16995 6796
16996 6797
16997 6797
16998 6797
16999 6798
17000 6798
17001 6799
17002 6799
17003 6799
17004 6800
17005 6800
17006 6801
17007 6801
17008 6802
17009 6802
17010 6802
17011 6803
17012 6803
17013 6803
17014 6804
17015 6804
17016 6804
17017 6805
17018 6805
17019 6805
17020 6806
17021 6806
17022 6807
17023 6807
17024 6807
17025 6808
17026 6808
17027 6809
17028 6809
17029 6809
17030 6810
17031 6810
17032 6811
17033 6811
17034 6812
17035 6812
17036 6812
17037 6813
17038 6813
17039 6814
17040 6814
17041 6815
17042 6815
17043 6815
17044 6816
17045 6816
17046 6817
17047 6817
17048 6817
17049 6818
17050 6818
17051 6818
17052 6819
17053 6819
17054 6820
17055 6820
17056 6821
17057 6821
17058 6822
17059 6822
17060 6822
17061 6823
17062 6823
17063 6823
17064 6824
17065 6824
17066 6825
17067 6825
17068 6826
17069 6826
17070 6827
17071 6827
17072 6827
17073 6828
17074 6828
17075 6828
17076 6829
17077 6829
17078 6830
17079 6830
17080 6830
17081 6831
17082 6831
17083 6831
17084 6832
17085 6832
17086 6833
17087 6833
17088 6834
17089 6834
17090 6834
17091 6835
17092 6835
17093 6836
17094 6836
17095 6837
17096 6837
17097 6837
17098 6838
17099 6838
17100 6838
17101 6839
17102 6839
17103 6840
17104 6840
17105 6841
17106 6841
17107 6841
17108 6842
17109 6842
17110 6843
17111 6843
17112 6844
17113 6844
17114 6845
17115 6845
17116 6846
17117 6846
17118 6847
17119 6847
17120 6848
17121 6848
17122 6848
17123 6849
17124 6849
17125 6849
17126 6850
17127 6850
17128 6851
17129 6851
17130 6851
17131 6852
17132 6852
17133 6853
17134 6853
17135 6853
17136 6854
17137 6854
17138 6855
17139 6855
17140 6855
17141 6856
17142 6856
17143 6857
17144 6857
17145 6857
17146 6858
17147 6858
17148 6859
17149 6859
17150 6859
17151 6860
17152 6860
17153 6860
17154 6861
17155 6861
17156 6862
17157 6862
17158 6863
17159 6863
17160 6863
17161 6864
17162 6864
17163 6864
17164 6865
17165 6865
17166 6865
17167 6866
17168 6866
17169 6867
17170 6867
17171 6868
17172 6868
17173 6869
17174 6869
17175 6869
17176 6870
17177 6870
17178 6870
17179 6871
17180 6871
17181 6871
17182 6872
17183 6872
17184 6872
17185 6873
17186 6873
17187 6874
17188 6874
17189 6874
17190 6875
17191 6875
17192 6875
17193 6876
17194 6876
17195 6876
17196 6877
17197 6877
17198 6877
17199 6878
17200 6878
17201 6878
17202 6879
17203 6879
17204 6880
17205 6880
17206 6881
17207 6881
17208 6881
17209 6882
17210 6882
17211 6882
17212 6883
17213 6883
17214 6884
17215 6884
17216 6885
17217 6885
17218 6886
17219 6886
17220 6887
17221 6887
17222 6887
17223 6888
17224 6888
17225 6889
17226 6889
17227 6889
17228 6890
17229 6890
17230 6890
17231 6891
17232 6891
17233 6892
17234 6892
17235 6893
17236 6893
17237 6893
17238 6894
17239 6894
17240 6895
17241 6895
17242 6896
17243 6896
17244 6897
17245 6897
17246 6897
17247 6898
17248 6898
17249 6898
17250 6899
17251 6899
17252 6900
17253 6900
17254 6901
17255 6901
17256 6901
17257 6902
17258 6902
17259 6903
17260 6903
17261 6903
17262 6904
17263 6904
17264 6904
17265 6905
17266 6905
17267 6906
17268 6906
17269 6907
17270 6907
17271 6907
17272 6908
17273 6908
17274 6908
17275 6909
17276 6909
17277 6910
17278 6910
17279 6911
17280 6911
17281 6911
17282 6912
17283 6912
17284 6913
17285 6913
17286 6914
17287 6914
17288 6914
17289 6915
17290 6915
17291 6916
17292 6916
17293 6917
17294 6917
17295 6917
17296 6918
17297 6918
17298 6919
17299 6919
17300 6920
17301 6920
17302 6921
17303 6921
17304 6922
17305 6922
17306 6923
17307 6923
17308 6924
17309 6924
17310 6924
17311 6925
17312 6925
17313 6926
17314 6926
17315 6926
17316 6927
17317 6927
17318 6928
17319 6928
17320 6928
17321 6929
17322 6929
17323 6929
17324 6930
17325 6930
17326 6930
17327 6931
17328 6931
17329 6931
17330 6932
17331 6932
17332 6932
17333 6933
17334 6933
17335 6933
17336 6934
17337 6934
17338 6935
17339 6935
17340 6936
17341 6936
17342 6937
17343 6937
17344 6937
17345 6938
17346 6938
17347 6939
17348 6939
17349 6939
17350 6940
17351 6940
17352 6940
17353 6941
17354 6941
17355 6941
17356 6942
17357 6942
17358 6943
17359 6943
17360 6943
17361 6944
17362 6944
17363 6945
17364 6945
17365 6945
17366 6946
17367 6946
17368 6947
17369 6947
17370 6947
17371 6948
17372 6948
17373 6948
17374 6949
17375 6949
17376 6949
17377 6950
17378 6950
17379 6951
17380 6951
17381 6952
17382 6952
17383 6953
17384 6953
17385 6953
17386 6954
17387 6954
17388 6955
17389 6955
17390 6955
17391 6956
17392 6956
17393 6957
17394 6957
17395 6958
17396 6958
17397 6958
17398 6959
17399 6959
17400 6959
17401 6960
17402 6960
17403 6961
17404 6961
17405 6961
17406 6962
17407 6962
17408 6962
17409 6963
17410 6963
17411 6963
17412 6964
17413 6964
17414 6965
17415 6965
17416 6966
17417 6966
17418 6966
17419 6967
17420 6967
17421 6967
17422 6968
17423 6968
17424 6968
17425 6969
17426 6969
17427 6970
17428 6970
17429 6971
17430 6971
17431 6972
17432 6972
17433 6972
17434 6973
17435 6973
17436 6973
17437 6974
17438 6974
17439 6975
17440 6975
17441 6976
17442 6976
17443 6977
17444 6977
17445 6978
17446 6978
17447 6979
17448 6979
17449 6980
17450 6980
17451 6981
17452 6981
17453 6982
17454 6982
17455 6983
17456 6983
17457 6984
17458 6984
17459 6985
17460 6985
17461 6986
17462 6986
17463 6987
17464 6987
17465 6987
17466 6988
17467 6988
17468 6989
17469 6989
17470 6989
17471 6990
17472 6990
17473 6990
17474 6991
17475 6991
17476 6991
17477 6992
17478 6992
17479 6992
17480 6993
17481 6993
17482 6994
17483 6994
17484 6994
17485 6995
17486 6995
17487 6995
17488 6996
17489 6996
17490 6997
17491 6997
17492 6997
17493 6998
17494 6998
17495 6998
17496 6999
17497 6999
17498 7000
17499 7000
17500 7001
17501 7001
17502 7001
17503 7002
17504 7002
17505 7003
17506 7003
17507 7003
17508 7004
17509 7004
17510 7004
17511 7005
17512 7005
17513 7005
17514 7006
17515 7006
17516 7007
17517 7007
17518 7008
17519 7008
17520 7008
17521 7009
17522 7009
17523 7010
17524 7010
17525 7011
17526 7011
17527 7011
17528 7012
17529 7012
17530 7013
17531 7013
17532 7014
17533 7014
17534 7015
17535 7015
17536 7015
17537 7016
17538 7016
17539 7016
17540 7017
17541 7017
17542 7017
17543 7018
17544 7018
17545 7019
17546 7019
17547 7019
17548 7020
17549 7020
17550 7021
17551 7021
17552 7021
17553 7022
17554 7022
17555 7023
17556 7023
17557 7023
17558 7024
17559 7024
17560 7024
17561 7025
17562 7025
17563 7025
17564 7026
17565 7026
17566 7027
17567 7027
17568 7028
17569 7028
17570 7029
17571 7029
17572 7030
17573 7030
17574 7031
17575 7031
17576 7032
17577 7032
17578 7032
17579 7033
17580 7033
17581 7033
17582 7034
17583 7034
17584 7035
17585 7035
17586 7035
17587 7036
17588 7036
17589 7037
17590 7037
17591 7038
17592 7038
17593 7039
17594 7039
17595 7040
17596 7040
17597 7041
17598 7041
17599 7041
17600 7042
17601 7042
17602 7042
17603 7043
17604 7043
17605 7043
17606 7044
17607 7044
17608 7045
17609 7045
17610 7046
17611 7046
17612 7047
17613 7047
17614 7048
17615 7048
17616 7049
17617 7049
17618 7049
17619 7050
17620 7050
17621 7051
17622 7051
17623 7052
17624 7052
17625 7052
17626 7053
17627 7053
17628 7053
17629 7054
17630 7054
17631 7054
17632 7055
17633 7055
17634 7055
17635 7056
17636 7056
17637 7057
17638 7057
17639 7058
17640 7058
17641 7058
17642 7059
17643 7059
17644 7060
17645 7060
17646 7060
17647 7061
17648 7061
17649 7061
17650 7062
17651 7062
17652 7063
17653 7063
17654 7063
17655 7064
17656 7064
17657 7064
17658 7065
17659 7065
17660 7066
17661 7066
17662 7066
17663 7067
17664 7067
17665 7067
17666 7068
17667 7068
17668 7068
17669 7069
17670 7069
17671 7070
17672 7070
17673 7070
17674 7071
17675 7071
17676 7071
17677 7072
17678 7072
17679 7073
17680 7073
17681 7074
17682 7074
17683 7075
17684 7075
17685 7075
17686 7076
17687 7076
17688 7077
17689 7077
17690 7078
17691 7078
17692 7079
17693 7079
17694 7079
17695 7080
17696 7080
17697 7080
17698 7081
17699 7081
17700 7082
17701 7082
17702 7082
17703 7083
17704 7083
17705 7084
17706 7084
17707 7085
17708 7085
17709 7086
17710 7086
17711 7087
17712 7087
17713 7088
17714 7088
17715 7089
17716 7089
17717 7090
17718 7090
17719 7091
17720 7091
17721 7091
17722 7092
17723 7092
17724 7092
17725 7093
17726 7093
17727 7093
17728 7094
17729 7094
17730 7094
17731 7095
17732 7095
17733 7096
17734 7096
17735 7096
17736 7097
17737 7097
17738 7098
17739 7098
17740 7099
17741 7099
17742 7099
17743 7100
17744 7100
17745 7101
17746 7101
17747 7102
17748 7102
17749 7102
17750 7103
17751 7103
17752 7103
17753 7104
17754 7104
17755 7105
17756 7105
17757 7105
17758 7106
17759 7106
17760 7106
17761 7107
17762 7107
17763 7108
17764 7108
17765 7108
17766 7109
17767 7109
17768 7109
17769 7110
17770 7110
17771 7111
17772 7111
17773 7111
17774 7112
17775 7112
17776 7113
17777 7113
17778 7114
17779 7114
17780 7114
17781 7115
17782 7115
17783 7116
17784 7116
17785 7116
17786 7117
17787 7117
17788 7117
17789 7118
17790 7118
17791 7118
17792 7119
17793 7119
17794 7119
17795 7120
17796 7120
17797 7120
17798 7121
17799 7121
17800 7122
17801 7122
17802 7123
17803 7123
17804 7123
17805 7124
17806 7124
17807 7124
17808 7125
17809 7125
17810 7125
17811 7126
17812 7126
17813 7126
17814 7127
17815 7127
17816 7127
17817 7128
17818 7128
17819 7128
17820 7129
17821 7129
17822 7129
17823 7130
17824 7130
17825 7131
17826 7131
17827 7132
17828 7132
17829 7132
17830 7133
17831 7133
17832 7133
17833 7134
17834 7134
17835 7135
17836 7135
17837 7136
17838 7136
17839 7137
17840 7137
17841 7137
17842 7138
17843 7138
17844 7139
17845 7139
17846 7139
17847 7140
17848 7140
17849 7140
17850 7141
17851 7141
17852 7141
17853 7142
17854 7142
17855 7143
17856 7143
17857 7144
17858 7144
17859 7144
17860 7145
17861 7145
17862 7146
17863 7146
17864 7147
17865 7147
17866 7147
17867 7148
17868 7148
17869 7149
17870 7149
17871 7149
17872 7150
17873 7150
17874 7150
17875 7151
17876 7151
17877 7151
17878 7152
17879 7152
17880 7152
17881 7153
17882 7153
17883 7154
17884 7154
17885 7155
17886 7155
17887 7156
17888 7156
17889 7156
17890 7157
17891 7157
17892 7157
17893 7158
17894 7158
17895 7159
17896 7159
17897 7159
17898 7160
17899 7160
17900 7161
17901 7161
17902 7161
17903 7162
17904 7162
17905 7162
17906 7163
17907 7163
17908 7163
17909 7164
17910 7164
17911 7165
17912 7165
17913 7166
17914 7166
17915 7167
17916 7167
17917 7168
17918 7168
17919 7169
17920 7169
17921 7169
17922 7170
17923 7170
17924 7171
17925 7171
17926 7172
17927 7172
17928 7172
17929 7173
17930 7173
17931 7174
17932 7174
17933 7175
17934 7175
17935 7175
17936 7176
17937 7176
17938 7176
17939 7177
17940 7177
17941 7178
17942 7178
17943 7178
17944 7179
17945 7179
17946 7180
17947 7180
17948 7180
17949 7181
17950 7181
17951 7182
17952 7182
17953 7182
17954 7183
17955 7183
17956 7183
17957 7184
17958 7184
17959 7184
17960 7185
17961 7185
17962 7185
17963 7186
17964 7186
17965 7187
17966 7187
17967 7187
17968 7188
17969 7188
17970 7188
17971 7189
17972 7189
17973 7189
17974 7190
17975 7190
17976 7191
17977 7191
17978 7191
17979 7192
17980 7192
17981 7192
17982 7193
17983 7193
17984 7193
17985 7194
17986 7194
17987 7194
17988 7195
17989 7195
17990 7195
17991 7196
17992 7196
17993 7197
17994 7197
17995 7197
17996 7198
17997 7198
17998 7199
17999 7199
18000 7199
18001 7200
18002 7200
18003 7200
18004 7201
18005 7201
18006 7202
18007 7202
18008 7203
18009 7203
18010 7204
18011 7204
18012 7204
18013 7205
18014 7205
18015 7205
18016 7206
18017 7206
18018 7206
18019 7207
18020 7207
18021 7207
18022 7208
18023 7208
18024 7209
18025 7209
18026 7209
18027 7210
18028 7210
18029 7210
18030 7211
18031 7211
18032 7211
18033 7212
18034 7212
18035 7212
18036 7213
18037 7213
18038 7214
18039 7214
18040 7215
18041 7215
18042 7215
18043 7216
18044 7216
18045 7216
18046 7217
18047 7217
18048 7218
18049 7218
18050 7218
18051 7219
18052 7219
18053 7220
18054 7220
18055 7220
18056 7221
18057 7221
18058 7222
18059 7222
18060 7222
18061 7223
18062 7223
18063 7223
18064 7224
18065 7224
18066 7224
18067 7225
18068 7225
18069 7226
18070 7226
18071 7226
18072 7227
18073 7227
18074 7227
18075 7228
18076 7228
18077 7229
18078 7229
18079 7230
18080 7230
18081 7230
18082 7231
18083 7231
18084 7231
18085 7232
18086 7232
18087 7232
18088 7233
18089 7233
18090 7234
18091 7234
18092 7235
18093 7235
18094 7235
18095 7236
18096 7236
18097 7236
18098 7237
18099 7237
18100 7237
18101 7238
18102 7238
18103 7238
18104 7239
18105 7239
18106 7239
18107 7240
18108 7240
18109 7241
18110 7241
18111 7242
18112 7242
18113 7243
18114 7243
18115 7243
18116 7244
18117 7244
18118 7245
18119 7245
18120 7246
18121 7246
18122 7247
18123 7247
18124 7247
18125 7248
18126 7248
18127 7248
18128 7249
18129 7249
18130 7250
18131 7250
18132 7250
18133 7251
18134 7251
18135 7251
18136 7252
18137 7252
18138 7252
18139 7253
18140 7253
18141 7254
18142 7254
18143 7255
18144 7255
18145 7255
18146 7256
18147 7256
18148 7257
18149 7257
18150 7258
18151 7258
18152 7259
18153 7259
18154 7260
18155 7260
18156 7261
18157 7261
18158 7262
18159 7262
18160 7262
18161 7263
18162 7263
18163 7263
18164 7264
18165 7264
18166 7265
18167 7265
18168 7265
18169 7266
18170 7266
18171 7266
18172 7267
18173 7267
18174 7268
18175 7268
18176 7268
18177 7269
18178 7269
18179 7270
18180 7270
18181 7271
18182 7271
18183 7272
18184 7272
18185 7272
18186 7273
18187 7273
18188 7274
18189 7274
18190 7275
18191 7275
18192 7275
18193 7276
18194 7276
18195 7277
18196 7277
18197 7278
18198 7278
18199 7278
18200 7279
18201 7279
18202 7280
18203 7280
18204 7281
18205 7281
18206 7281
18207 7282
18208 7282
18209 7283
18210 7283
18211 7284
18212 7284
18213 7285
18214 7285
18215 7285
18216 7286
18217 7286
18218 7287
18219 7287
18220 7287
18221 7288
18222 7288
18223 7289
18224 7289
18225 7290
18226 7290
18227 7291
18228 7291
18229 7291
18230 7292
18231 7292
18232 7292
18233 7293
18234 7293
18235 7293
18236 7294
18237 7294
18238 7294
18239 7295
18240 7295
18241 7295
18242 7296
18243 7296
18244 7296
18245 7297
18246 7297
18247 7298
18248 7298
18249 7299
18250 7299
18251 7300
18252 7300
18253 7300
18254 7301
18255 7301
18256 7301
18257 7302
18258 7302
18259 7303
18260 7303
18261 7304
18262 7304
18263 7304
18264 7305
18265 7305
18266 7305
18267 7306
18268 7306
18269 7306
18270 7307
18271 7307
18272 7307
18273 7308
18274 7308
18275 7309
18276 7309
18277 7309
18278 7310
18279 7310
18280 7311
18281 7311
18282 7311
18283 7312
18284 7312
18285 7313
18286 7313
18287 7313
18288 7314
18289 7314
18290 7315
18291 7315
18292 7315
18293 7316
18294 7316
18295 7317
18296 7317
18297 7318
18298 7318
18299 7319
18300 7319
18301 7320
18302 7320
18303 7321
18304 7321
18305 7321
18306 7322
18307 7322
18308 7322
18309 7323
18310 7323
18311 7323
18312 7324
18313 7324
18314 7325
18315 7325
18316 7325
18317 7326
18318 7326
18319 7326
18320 7327
18321 7327
18322 7327
18323 7328
18324 7328
18325 7329
18326 7329
18327 7329
18328 7330
18329 7330
18330 7330
18331 7331
18332 7331
18333 7331
18334 7332
18335 7332
18336 7332
18337 7333
18338 7333
18339 7333
18340 7334
18341 7334
18342 7335
18343 7335
18344 7335
18345 7336
18346 7336
18347 7336
18348 7337
18349 7337
18350 7338
18351 7338
18352 7338
18353 7339
18354 7339
18355 7340
18356 7340
18357 7340
18358 7341
18359 7341
18360 7342
18361 7342
18362 7342
18363 7343
18364 7343
18365 7344
18366 7344
18367 7344
18368 7345
18369 7345
18370 7346
18371 7346
18372 7346
18373 7347
18374 7347
18375 7347
18376 7348
18377 7348
18378 7349
18379 7349
18380 7350
18381 7350
18382 7351
18383 7351
18384 7352
18385 7352
18386 7352
18387 7353
18388 7353
18389 7354
18390 7354
18391 7354
18392 7355
18393 7355
18394 7355
18395 7356
18396 7356
18397 7357
18398 7357
18399 7357
18400 7358
18401 7358
18402 7358
18403 7359
18404 7359
18405 7359
18406 7360
18407 7360
18408 7361
18409 7361
18410 7362
18411 7362
18412 7363
18413 7363
18414 7364
18415 7364
18416 7365
18417 7365
18418 7366
18419 7366
18420 7367
18421 7367
18422 7367
18423 7368
18424 7368
18425 7368
18426 7369
18427 7369
18428 7370
18429 7370
18430 7370
18431 7371
18432 7371
18433 7371
18434 7372
18435 7372
18436 7373
18437 7373
18438 7374
18439 7374
18440 7374
18441 7375
18442 7375
18443 7375
18444 7376
18445 7376
18446 7376
18447 7377
18448 7377
18449 7378
18450 7378
18451 7378
18452 7379
18453 7379
18454 7379
18455 7380
18456 7380
18457 7381
18458 7381
18459 7381
18460 7382
18461 7382
18462 7383
18463 7383
18464 7383
18465 7384
18466 7384
18467 7384
18468 7385
18469 7385
18470 7385
18471 7386
18472 7386
18473 7386
18474 7387
18475 7387
18476 7388
18477 7388
18478 7389
18479 7389
18480 7390
18481 7390
18482 7390
18483 7391
18484 7391
18485 7392
18486 7392
18487 7393
18488 7393
18489 7394
18490 7394
18491 7394
18492 7395
18493 7395
18494 7396
18495 7396
18496 7397
18497 7397
18498 7397
18499 7398
18500 7398
18501 7399
18502 7399
18503 7399
18504 7400
18505 7400
18506 7401
18507 7401
18508 7401
18509 7402
18510 7402
18511 7403
18512 7403
18513 7403
18514 7404
18515 7404
18516 7404
18517 7405
18518 7405
18519 7406
18520 7406
18521 7406
18522 7407
18523 7407
18524 7408
18525 7408
18526 7408
18527 7409
18528 7409
18529 7410
18530 7410
18531 7410
18532 7411
18533 7411
18534 7411
18535 7412
18536 7412
18537 7412
18538 7413
18539 7413
18540 7414
18541 7414
18542 7415
18543 7415
18544 7415
18545 7416
18546 7416
18547 7417
18548 7417
18549 7417
18550 7418
18551 7418
18552 7419
18553 7419
18554 7419
18555 7420
18556 7420
18557 7421
18558 7421
18559 7422
18560 7422
18561 7423
18562 7423
18563 7423
18564 7424
18565 7424
18566 7425
18567 7425
18568 7426
18569 7426
18570 7427
18571 7427
18572 7427
18573 7428
18574 7428
18575 7429
18576 7429
18577 7429
18578 7430
18579 7430
18580 7430
18581 7431
18582 7431
18583 7431
18584 7432
18585 7432
18586 7433
18587 7433
18588 7434
18589 7434
18590 7435
18591 7435
18592 7436
18593 7436
18594 7437
18595 7437
18596 7437
18597 7438
18598 7438
18599 7438
18600 7439
18601 7439
18602 7439
18603 7440
18604 7440
18605 7441
18606 7441
18607 7442
18608 7442
18609 7442
18610 7443
18611 7443
18612 7444
18613 7444
18614 7444
18615 7445
18616 7445
18617 7446
18618 7446
18619 7446
18620 7447
18621 7447
18622 7447
18623 7448
18624 7448
18625 7448
18626 7449
18627 7449
18628 7450
18629 7450
18630 7451
18631 7451
18632 7452
18633 7452
18634 7453
18635 7453
18636 7454
18637 7454
18638 7454
18639 7455
18640 7455
18641 7456
18642 7456
18643 7457
18644 7457
18645 7457
18646 7458
18647 7458
18648 7459
18649 7459
18650 7460
18651 7460
18652 7460
18653 7461
18654 7461
18655 7462
18656 7462
18657 7462
18658 7463
18659 7463
18660 7463
18661 7464
18662 7464
18663 7464
18664 7465
18665 7465
18666 7466
18667 7466
18668 7467
18669 7467
18670 7468
18671 7468
18672 7469
18673 7469
18674 7470
18675 7470
18676 7470
18677 7471
18678 7471
18679 7472
18680 7472
18681 7472
18682 7473
18683 7473
18684 7473
18685 7474
18686 7474
18687 7474
18688 7475
18689 7475
18690 7475
18691 7476
18692 7476
18693 7476
18694 7477
18695 7477
18696 7477
18697 7478
18698 7478
18699 7479
18700 7479
18701 7479
18702 7480
18703 7480
18704 7481
18705 7481
18706 7481
18707 7482
18708 7482
18709 7482
18710 7483
18711 7483
18712 7483
18713 7484
18714 7484
18715 7484
18716 7485
18717 7485
18718 7486
18719 7486
18720 7487
18721 7487
18722 7488
18723 7488
18724 7489
18725 7489
18726 7490
18727 7490
18728 7491
18729 7491
18730 7492
18731 7492
18732 7492
18733 7493
18734 7493
18735 7494
18736 7494
18737 7495
18738 7495
18739 7496
18740 7496
18741 7497
18742 7497
18743 7498
18744 7498
18745 7499
18746 7499
18747 7499
18748 7500
18749 7500
18750 7501
18751 7501
18752 7502
18753 7502
18754 7503
18755 7503
18756 7504
18757 7504
18758 7504
18759 7505
18760 7505
18761 7505
18762 7506
18763 7506
18764 7506
18765 7507
18766 7507
18767 7507
18768 7508
18769 7508
18770 7508
18771 7509
18772 7509
18773 7509
18774 7510
18775 7510
18776 7510
18777 7511
18778 7511
18779 7511
18780 7512
18781 7512
18782 7513
18783 7513
18784 7513
18785 7514
18786 7514
18787 7515
18788 7515
18789 7516
18790 7516
18791 7517
18792 7517
18793 7517
18794 7518
18795 7518
18796 7519
18797 7519
18798 7520
18799 7520
18800 7521
18801 7521
18802 7521
18803 7522
18804 7522
18805 7522
18806 7523
18807 7523
18808 7524
18809 7524
18810 7524
18811 7525
18812 7525
18813 7526
18814 7526
18815 7526
18816 7527
18817 7527
18818 7527
18819 7528
18820 7528
18821 7528
18822 7529
18823 7529
18824 7530
18825 7530
18826 7531
18827 7531
18828 7531
18829 7532
18830 7532
18831 7533
18832 7533
18833 7533
18834 7534
18835 7534
18836 7534
18837 7535
18838 7535
18839 7536
18840 7536
18841 7537
18842 7537
18843 7538
18844 7538
18845 7538
18846 7539
18847 7539
18848 7539
18849 7540
18850 7540
18851 7540
18852 7541
18853 7541
18854 7542
18855 7542
18856 7542
18857 7543
18858 7543
18859 7543
18860 7544
18861 7544
18862 7545
18863 7545
18864 7546
18865 7546
18866 7547
18867 7547
18868 7548
18869 7548
18870 7549
18871 7549
18872 7549
18873 7550
18874 7550
18875 7550
18876 7551
18877 7551
18878 7551
18879 7552
18880 7552
18881 7553
18882 7553
18883 7553
18884 7554
18885 7554
18886 7555
18887 7555
18888 7556
18889 7556
18890 7557
18891 7557
18892 7558
18893 7558
18894 7559
18895 7559
18896 7560
18897 7560
18898 7560
18899 7561
18900 7561
18901 7561
18902 7562
18903 7562
18904 7563
18905 7563
18906 7564
18907 7564
18908 7564
18909 7565
18910 7565
18911 7566
18912 7566
18913 7566
18914 7567
18915 7567
18916 7568
18917 7568
18918 7569
18919 7569
18920 7570
18921 7570
18922 7570
18923 7571
18924 7571
18925 7571
18926 7572
18927 7572
18928 7572
18929 7573
18930 7573
18931 7574
18932 7574
18933 7575
18934 7575
18935 7575
18936 7576
18937 7576
18938 7576
18939 7577
18940 7577
18941 7577
18942 7578
18943 7578
18944 7578
18945 7579
18946 7579
18947 7579
18948 7580
18949 7580
18950 7581
18951 7581
18952 7581
18953 7582
18954 7582
18955 7583
18956 7583
18957 7584
18958 7584
18959 7584
18960 7585
18961 7585
18962 7585
18963 7586
18964 7586
18965 7587
18966 7587
18967 7587
18968 7588
18969 7588
18970 7588
18971 7589
18972 7589
18973 7589
18974 7590
18975 7590
18976 7590
18977 7591
18978 7591
18979 7592
18980 7592
18981 7592
18982 7593
18983 7593
18984 7594
18985 7594
18986 7595
18987 7595
18988 7595
18989 7596
18990 7596
18991 7596
18992 7597
18993 7597
18994 7598
18995 7598
18996 7599
18997 7599
18998 7600
18999 7600
19000 7600
19001 7601
19002 7601
19003 7602
19004 7602
19005 7603
19006 7603
19007 7603
19008 7604
19009 7604
19010 7605
19011 7605
19012 7605
19013 7606
19014 7606
19015 7607
19016 7607
19017 7607
19018 7608
19019 7608
19020 7608
19021 7609
19022 7609
19023 7610
19024 7610
19025 7611
19026 7611
19027 7612
19028 7612
19029 7613
19030 7613
19031 7614
19032 7614
19033 7614
19034 7615
19035 7615
19036 7616
19037 7616
19038 7616
19039 7617
19040 7617
19041 7618
19042 7618
19043 7619
19044 7619
19045 7619
19046 7620
19047 7620
19048 7621
19049 7621
19050 7622
19051 7622
19052 7622
19053 7623
19054 7623
19055 7624
19056 7624
19057 7625
19058 7625
19059 7626
19060 7626
19061 7626
19062 7627
19063 7627
19064 7628
19065 7628
19066 7629
19067 7629
19068 7629
19069 7630
19070 7630
19071 7630
19072 7631
19073 7631
19074 7631
19075 7632
19076 7632
19077 7633
19078 7633
19079 7634
19080 7634
19081 7635
19082 7635
19083 7636
19084 7636
19085 7637
19086 7637
19087 7638
19088 7638
19089 7638
19090 7639
19091 7639
19092 7640
19093 7640
19094 7640
19095 7641
19096 7641
19097 7642
19098 7642
19099 7643
19100 7643
19101 7644
19102 7644
19103 7645
19104 7645
19105 7646
19106 7646
19107 7646
19108 7647
19109 7647
19110 7648
19111 7648
19112 7649
19113 7649
19114 7649
19115 7650
19116 7650
19117 7650
19118 7651
19119 7651
19120 7651
19121 7652
19122 7652
19123 7652
19124 7653
19125 7653
19126 7654
19127 7654
19128 7655
19129 7655
19130 7655
19131 7656
19132 7656
19133 7657
19134 7657
19135 7657
19136 7658
19137 7658
19138 7658
19139 7659
19140 7659
19141 7660
19142 7660
19143 7660
19144 7661
19145 7661
19146 7662
19147 7662
19148 7662
19149 7663
19150 7663
19151 7663
19152 7664
19153 7664
19154 7665
19155 7665
19156 7665
19157 7666
19158 7666
19159 7667
19160 7667
19161 7668
19162 7668
19163 7668
19164 7669
19165 7669
19166 7670
19167 7670
19168 7670
19169 7671
19170 7671
19171 7672
19172 7672
19173 7672
19174 7673
19175 7673
19176 7673
19177 7674
19178 7674
19179 7675
19180 7675
19181 7675
19182 7676
19183 7676
19184 7677
19185 7677
19186 7678
19187 7678
19188 7679
19189 7679
19190 7679
19191 7680
19192 7680
19193 7681
19194 7681
19195 7682
19196 7682
19197 7682
19198 7683
19199 7683
19200 7683
19201 7684
19202 7684
19203 7685
19204 7685
19205 7686
19206 7686
19207 7686
19208 7687
19209 7687
19210 7687
19211 7688
19212 7688
19213 7688
19214 7689
19215 7689
19216 7689
19217 7690
19218 7690
19219 7690
19220 7691
19221 7691
19222 7691
19223 7692
19224 7692
19225 7693
19226 7693
19227 7694
19228 7694
19229 7695
19230 7695
19231 7695
19232 7696
19233 7696
19234 7697
19235 7697
19236 7697
19237 7698
19238 7698
19239 7699
19240 7699
19241 7700
19242 7700
19243 7700
19244 7701
19245 7701
19246 7702
19247 7702
19248 7703
19249 7703
19250 7703
19251 7704
19252 7704
19253 7705
19254 7705
19255 7706
19256 7706
19257 7707
19258 7707
19259 7708
19260 7708
19261 7708
19262 7709
19263 7709
19264 7709
19265 7710
19266 7710
19267 7711
19268 7711
19269 7711
19270 7712
19271 7712
19272 7713
19273 7713
19274 7713
19275 7714
19276 7714
19277 7714
19278 7715
19279 7715
19280 7715
19281 7716
19282 7716
19283 7717
19284 7717
19285 7718
19286 7718
19287 7719
19288 7719
19289 7720
19290 7720
19291 7720
19292 7721
19293 7721
19294 7722
19295 7722
19296 7723
19297 7723
19298 7724
19299 7724
19300 7725
19301 7725
19302 7726
19303 7726
19304 7726
19305 7727
19306 7727
19307 7728
19308 7728
19309 7728
19310 7729
19311 7729
19312 7730
19313 7730
19314 7730
19315 7731
19316 7731
19317 7731
19318 7732
19319 7732
19320 7733
19321 7733
19322 7734
19323 7734
19324 7734
19325 7735
19326 7735
19327 7736
19328 7736
19329 7736
19330 7737
19331 7737
19332 7738
19333 7738
19334 7739
19335 7739
19336 7739
19337 7740
19338 7740
19339 7741
19340 7741
19341 7742
19342 7742
19343 7742
19344 7743
19345 7743
19346 7744
19347 7744
19348 7744
19349 7745
19350 7745
19351 7746
19352 7746
19353 7747
19354 7747
19355 7747
19356 7748
19357 7748
19358 7748
19359 7749
19360 7749
19361 7749
19362 7750
19363 7750
19364 7750
19365 7751
19366 7751
19367 7751
19368 7752
19369 7752
19370 7753
19371 7753
19372 7754
19373 7754
19374 7754
19375 7755
19376 7755
19377 7756
19378 7756
19379 7756
19380 7757
19381 7757
19382 7757
19383 7758
19384 7758
19385 7758
19386 7759
19387 7759
19388 7759
19389 7760
19390 7760
19391 7760
19392 7761
19393 7761
19394 7761
19395 7762
19396 7762
19397 7763
19398 7763
19399 7763
19400 7764
19401 7764
19402 7764
19403 7765
19404 7765
19405 7765
19406 7766
19407 7766
19408 7766
19409 7767
19410 7767
19411 7767
19412 7768
19413 7768
19414 7769
19415 7769
19416 7769
19417 7770
19418 7770
19419 7770
19420 7771
19421 7771
19422 7771
19423 7772
19424 7772
19425 7772
19426 7773
19427 7773
19428 7774
19429 7774
19430 7774
19431 7775
19432 7775
19433 7775
19434 7776
19435 7776
19436 7777
19437 7777
19438 7777
19439 7778
19440 7778
19441 7778
19442 7779
19443 7779
19444 7780
19445 7780
19446 7780
19447 7781
19448 7781
19449 7781
19450 7782
19451 7782
19452 7782
19453 7783
19454 7783
19455 7783
19456 7784
19457 7784
19458 7785
19459 7785
19460 7786
19461 7786
19462 7786
19463 7787
19464 7787
19465 7787
19466 7788
19467 7788
19468 7789
19469 7789
19470 7790
19471 7790
19472 7791
19473 7791
19474 7792
19475 7792
19476 7793
19477 7793
19478 7794
19479 7794
19480 7794
19481 7795
19482 7795
19483 7795
19484 7796
19485 7796
19486 7797
19487 7797
19488 7797
19489 7798
19490 7798
19491 7798
19492 7799
19493 7799
19494 7799
19495 7800
19496 7800
19497 7801
19498 7801
19499 7801
19500 7802
19501 7802
19502 7802
19503 7803
19504 7803
19505 7803
19506 7804
19507 7804
19508 7805
19509 7805
19510 7805
19511 7806
19512 7806
19513 7807
19514 7807
19515 7807
19516 7808
19517 7808
19518 7809
19519 7809
19520 7809
19521 7810
19522 7810
19523 7810
19524 7811
19525 7811
19526 7811
19527 7812
19528 7812
19529 7812
19530 7813
19531 7813
19532 7813
19533 7814
19534 7814
19535 7814
19536 7815
19537 7815
19538 7815
19539 7816
19540 7816
19541 7817
19542 7817
19543 7818
19544 7818
19545 7819
19546 7819
19547 7819
19548 7820
19549 7820
19550 7821
19551 7821
19552 7821
19553 7822
19554 7822
19555 7822
19556 7823
19557 7823
19558 7824
19559 7824
19560 7825
19561 7825
19562 7825
19563 7826
19564 7826
19565 7827
19566 7827
19567 7828
19568 7828
19569 7828
19570 7829
19571 7829
19572 7829
19573 7830
19574 7830
19575 7830
19576 7831
19577 7831
19578 7831
19579 7832
19580 7832
19581 7832
19582 7833
19583 7833
19584 7833
19585 7834
19586 7834
19587 7834
19588 7835
19589 7835
19590 7835
19591 7836
19592 7836
19593 7837
19594 7837
19595 7837
19596 7838
19597 7838
19598 7838
19599 7839
19600 7839
19601 7840
19602 7840
19603 7840
19604 7841
19605 7841
19606 7841
19607 7842
19608 7842
19609 7843
19610 7843
19611 7844
19612 7844
19613 7845
19614 7845
19615 7846
19616 7846
19617 7846
19618 7847
19619 7847
19620 7848
19621 7848
19622 7848
19623 7849
19624 7849
19625 7850
19626 7850
19627 7850
19628 7851
19629 7851
19630 7852
19631 7852
19632 7852
19633 7853
19634 7853
19635 7853
19636 7854
19637 7854
19638 7855
19639 7855
19640 7856
19641 7856
19642 7856
19643 7857
19644 7857
19645 7857
19646 7858
19647 7858
19648 7858
19649 7859
19650 7859
19651 7859
19652 7860
19653 7860
19654 7860
19655 7861
19656 7861
19657 7861
19658 7862
19659 7862
19660 7862
19661 7863
19662 7863
19663 7864
19664 7864
19665 7865
19666 7865
19667 7865
19668 7866
19669 7866
19670 7867
19671 7867
19672 7868
19673 7868
19674 7868
19675 7869
19676 7869
19677 7870
19678 7870
19679 7871
19680 7871
19681 7872
19682 7872
19683 7872
19684 7873
19685 7873
19686 7874
19687 7874
19688 7875
19689 7875
19690 7875
19691 7876
19692 7876
19693 7877
19694 7877
19695 7877
19696 7878
19697 7878
19698 7878
19699 7879
19700 7879
19701 7879
19702 7880
19703 7880
19704 7881
19705 7881
19706 7881
19707 7882
19708 7882
19709 7882
19710 7883
19711 7883
19712 7884
19713 7884
19714 7885
19715 7885
19716 7886
19717 7886
19718 7887
19719 7887
19720 7888
19721 7888
19722 7889
19723 7889
19724 7889
19725 7890
19726 7890
19727 7891
19728 7891
19729 7891
19730 7892
19731 7892
19732 7892
19733 7893
19734 7893
19735 7894
19736 7894
19737 7895
19738 7895
19739 7895
19740 7896
19741 7896
19742 7897
19743 7897
19744 7897
19745 7898
19746 7898
19747 7898
19748 7899
19749 7899
19750 7899
19751 7900
19752 7900
19753 7900
19754 7901
19755 7901
19756 7902
19757 7902
19758 7903
19759 7903
19760 7904
19761 7904
19762 7904
19763 7905
19764 7905
19765 7906
19766 7906
19767 7907
19768 7907
19769 7907
19770 7908
19771 7908
19772 7908
19773 7909
19774 7909
19775 7909
19776 7910
19777 7910
19778 7910
19779 7911
19780 7911
19781 7912
19782 7912
19783 7913
19784 7913
19785 7914
19786 7914
19787 7914
19788 7915
19789 7915
19790 7915
19791 7916
19792 7916
19793 7916
19794 7917
19795 7917
19796 7918
19797 7918
19798 7919
19799 7919
19800 7919
19801 7920
19802 7920
19803 7921
19804 7921
19805 7921
19806 7922
19807 7922
19808 7922
19809 7923
19810 7923
19811 7923
19812 7924
19813 7924
19814 7925
19815 7925
19816 7925
19817 7926
19818 7926
19819 7927
19820 7927
19821 7928
19822 7928
19823 7929
19824 7929
19825 7930
19826 7930
19827 7931
19828 7931
19829 7931
19830 7932
19831 7932
19832 7933
19833 7933
19834 7934
19835 7934
19836 7935
19837 7935
19838 7936
19839 7936
19840 7936
19841 7937
19842 7937
19843 7938
19844 7938
19845 7939
19846 7939
19847 7940
19848 7940
19849 7940
19850 7941
19851 7941
19852 7941
19853 7942
19854 7942
19855 7942
19856 7943
19857 7943
19858 7943
19859 7944
19860 7944
19861 7944
19862 7945
19863 7945
19864 7945
19865 7946
19866 7946
19867 7947
19868 7947
19869 7947
19870 7948
19871 7948
19872 7948
19873 7949
19874 7949
19875 7949
19876 7950
19877 7950
19878 7951
19879 7951
19880 7951
19881 7952
19882 7952
19883 7953
19884 7953
19885 7953
19886 7954
19887 7954
19888 7954
19889 7955
19890 7955
19891 7956
19892 7956
19893 7957
19894 7957
19895 7957
19896 7958
19897 7958
19898 7959
19899 7959
19900 7959
19901 7960
19902 7960
19903 7961
19904 7961
19905 7962
19906 7962
19907 7962
19908 7963
19909 7963
19910 7964
19911 7964
19912 7964
19913 7965
19914 7965
19915 7966
19916 7966
19917 7967
19918 7967
19919 7967
19920 7968
19921 7968
19922 7969
19923 7969
19924 7970
19925 7970
19926 7971
19927 7971
19928 7971
19929 7972
19930 7972
19931 7973
19932 7973
19933 7974
19934 7974
19935 7975
19936 7975
19937 7976
19938 7976
19939 7977
19940 7977
19941 7978
19942 7978
19943 7979
19944 7979
19945 7979
19946 7980
19947 7980
19948 7980
19949 7981
19950 7981
19951 7981
19952 7982
19953 7982
19954 7982
19955 7983
19956 7983
19957 7984
19958 7984
19959 7985
19960 7985
19961 7985
19962 7986
19963 7986
19964 7986
19965 7987
19966 7987
19967 7987
19968 7988
19969 7988
19970 7989
19971 7989
19972 7989
19973 7990
19974 7990
19975 7991
19976 7991
19977 7991
19978 7992
19979 7992
19980 7992
19981 7993
19982 7993
19983 7994
19984 7994
19985 7995
19986 7995
19987 7995
19988 7996
19989 7996
19990 7996
19991 7997
19992 7997
19993 7998
19994 7998
19995 7999
19996 7999
19997 8000
19998 8000
19999 8001
20000 8001
20001 8002
20002 8002
20003 8003
20004 8003
20005 8003
20006 8004
20007 8004
20008 8004
20009 8005
20010 8005
20011 8005
20012 8006
20013 8006
20014 8007
20015 8007
20016 8007
20017 8008
20018 8008
20019 8008
20020 8009
20021 8009
20022 8010
20023 8010
20024 8010
20025 8011
20026 8011
20027 8012
20028 8012
20029 8013
20030 8013
20031 8013
20032 8014
20033 8014
20034 8014
20035 8015
20036 8015
20037 8016
20038 8016
20039 8017
20040 8017
20041 8018
20042 8018
20043 8018
20044 8019
20045 8019
20046 8019
20047 8020
20048 8020
20049 8020
20050 8021
20051 8021
20052 8021
20053 8022
20054 8022
20055 8023
20056 8023
20057 8023
20058 8024
20059 8024
20060 8025
20061 8025
20062 8025
20063 8026
20064 8026
20065 8027
20066 8027
20067 8028
20068 8028
20069 8029
20070 8029
20071 8029
20072 8030
20073 8030
20074 8031
20075 8031
20076 8032
20077 8032
20078 8032
20079 8033
20080 8033
20081 8034
20082 8034
20083 8034
20084 8035
20085 8035
20086 8035
20087 8036
20088 8036
20089 8036
20090 8037
20091 8037
20092 8037
20093 8038
20094 8038
20095 8038
20096 8039
20097 8039
20098 8039
20099 8040
20100 8040
20101 8040
20102 8041
20103 8041
20104 8041
20105 8042
20106 8042
20107 8043
20108 8043
20109 8043
20110 8044
20111 8044
20112 8045
20113 8045
20114 8045
20115 8046
20116 8046
20117 8047
20118 8047
20119 8047
20120 8048
20121 8048
20122 8048
20123 8049
20124 8049
20125 8049
20126 8050
20127 8050
20128 8051
20129 8051
20130 8051
20131 8052
20132 8052
20133 8053
20134 8053
20135 8054
20136 8054
20137 8054
20138 8055
20139 8055
20140 8055
20141 8056
20142 8056
20143 8057
20144 8057
20145 8058
20146 8058
20147 8059
20148 8059
20149 8060
20150 8060
20151 8061
20152 8061
20153 8061
20154 8062
20155 8062
20156 8062
20157 8063
20158 8063
20159 8064
20160 8064
20161 8064
20162 8065
20163 8065
20164 8065
20165 8066
20166 8066
20167 8067
20168 8067
20169 8067
20170 8068
20171 8068
20172 8068
20173 8069
20174 8069
20175 8069
20176 8070
20177 8070
20178 8070
20179 8071
20180 8071
20181 8072
20182 8072
20183 8072
20184 8073
20185 8073
20186 8074
20187 8074
20188 8074
20189 8075
20190 8075
20191 8076
20192 8076
20193 8076
20194 8077
20195 8077
20196 8078
20197 8078
20198 8078
20199 8079
20200 8079
20201 8079
20202 8080
20203 8080
20204 8080
20205 8081
20206 8081
20207 8082
20208 8082
20209 8082
20210 8083
20211 8083
20212 8084
20213 8084
20214 8084
20215 8085
20216 8085
20217 8085
20218 8086
20219 8086
20220 8086
20221 8087
20222 8087
20223 8087
20224 8088
20225 8088
20226 8088
20227 8089
20228 8089
20229 8089
20230 8090
20231 8090
20232 8091
20233 8091
20234 8091
20235 8092
20236 8092
20237 8093
20238 8093
20239 8093
20240 8094
20241 8094
20242 8095
20243 8095
20244 8096
20245 8096
20246 8097
20247 8097
20248 8098
20249 8098
20250 8098
20251 8099
20252 8099
20253 8099
20254 8100
20255 8100
20256 8101
20257 8101
20258 8101
20259 8102
20260 8102
20261 8102
20262 8103
20263 8103
20264 8103
20265 8104
20266 8104
20267 8105
20268 8105
20269 8106
20270 8106
20271 8107
20272 8107
20273 8108
20274 8108
20275 8108
20276 8109
20277 8109
20278 8109
20279 8110
20280 8110
20281 8111
20282 8111
20283 8112
20284 8112
20285 8113
20286 8113
20287 8114
20288 8114
20289 8114
20290 8115
20291 8115
20292 8115
20293 8116
20294 8116
20295 8116
20296 8117
20297 8117
20298 8118
20299 8118
20300 8119
20301 8119
20302 8119
20303 8120
20304 8120
20305 8121
20306 8121
20307 8121
20308 8122
20309 8122
20310 8122
20311 8123
20312 8123
20313 8123
20314 8124
20315 8124
20316 8124
20317 8125
20318 8125
20319 8126
20320 8126
20321 8126
20322 8127
20323 8127
20324 8127
20325 8128
20326 8128
20327 8128
20328 8129
20329 8129
20330 8130
20331 8130
20332 8130
20333 8131
20334 8131
20335 8132
20336 8132
20337 8132
20338 8133
20339 8133
20340 8133
20341 8134
20342 8134
20343 8134
20344 8135
20345 8135
20346 8136
20347 8136
20348 8136
20349 8137
20350 8137
20351 8137
20352 8138
20353 8138
20354 8138
20355 8139
20356 8139
20357 8140
20358 8140
20359 8141
20360 8141
20361 8141
20362 8142
20363 8142
20364 8142
20365 8143
20366 8143
20367 8143
20368 8144
20369 8144
20370 8144
20371 8145
20372 8145
20373 8145
20374 8146
20375 8146
20376 8146
20377 8147
20378 8147
20379 8147
20380 8148
20381 8148
20382 8149
20383 8149
20384 8149
20385 8150
20386 8150
20387 8151
20388 8151
20389 8151
20390 8152
20391 8152
20392 8153
20393 8153
20394 8154
20395 8154
20396 8155
20397 8155
20398 8156
20399 8156
20400 8157
20401 8157
20402 8157
20403 8158
20404 8158
20405 8158
20406 8159
20407 8159
20408 8159
20409 8160
20410 8160
20411 8161
20412 8161
20413 8162
20414 8162
20415 8162
20416 8163
20417 8163
20418 8163
20419 8164
20420 8164
20421 8164
20422 8165
20423 8165
20424 8166
20425 8166
20426 8166
20427 8167
20428 8167
20429 8168
20430 8168
20431 8168
20432 8169
20433 8169
20434 8169
20435 8170
20436 8170
20437 8170
20438 8171
20439 8171
20440 8172
20441 8172
20442 8173
20443 8173
20444 8173
20445 8174
20446 8174
20447 8175
20448 8175
20449 8176
20450 8176
20451 8176
20452 8177
20453 8177
20454 8177
20455 8178
20456 8178
20457 8179
20458 8179
20459 8179
20460 8180
20461 8180
20462 8180
20463 8181
20464 8181
20465 8182
20466 8182
20467 8183
20468 8183
20469 8183
20470 8184
20471 8184
20472 8185
20473 8185
20474 8185
20475 8186
20476 8186
20477 8186
20478 8187
20479 8187
20480 8188
20481 8188
20482 8188
20483 8189
20484 8189
20485 8190
20486 8190
20487 8190
20488 8191
20489 8191
20490 8192
20491 8192
20492 8192
20493 8193
20494 8193
20495 8194
20496 8194
20497 8195
20498 8195
20499 8196
20500 8196
20501 8197
20502 8197
20503 8197
20504 8198
20505 8198
20506 8199
20507 8199
20508 8200
20509 8200
20510 8201
20511 8201
20512 8202
20513 8202
20514 8203
20515 8203
20516 8203
20517 8204
20518 8204
20519 8204
20520 8205
20521 8205
20522 8205
20523 8206
20524 8206
20525 8207
20526 8207
20527 8207
20528 8208
20529 8208
20530 8209
20531 8209
20532 8209
20533 8210
20534 8210
20535 8210
20536 8211
20537 8211
20538 8212
20539 8212
20540 8213
20541 8213
20542 8214
20543 8214
20544 8215
20545 8215
20546 8216
20547 8216
20548 8216
20549 8217
20550 8217
20551 8217
20552 8218
20553 8218
20554 8218
20555 8219
20556 8219
20557 8219
20558 8220
20559 8220
20560 8221
20561 8221
20562 8222
20563 8222
20564 8222
20565 8223
20566 8223
20567 8223
20568 8224
20569 8224
20570 8225
20571 8225
20572 8226
20573 8226
20574 8227
20575 8227
20576 8228
20577 8228
20578 8229
20579 8229
20580 8230
20581 8230
20582 8230
20583 8231
20584 8231
20585 8231
20586 8232
20587 8232
20588 8232
20589 8233
20590 8233
20591 8234
20592 8234
20593 8235
20594 8235
20595 8236
20596 8236
20597 8236
20598 8237
20599 8237
20600 8237
20601 8238
20602 8238
20603 8238
20604 8239
20605 8239
20606 8239
20607 8240
20608 8240
20609 8240
20610 8241
20611 8241
20612 8242
20613 8242
20614 8243
20615 8243
20616 8243
20617 8244
20618 8244
20619 8245
20620 8245
20621 8245
20622 8246
20623 8246
20624 8247
20625 8247
20626 8247
20627 8248
20628 8248
20629 8248
20630 8249
20631 8249
20632 8250
20633 8250
20634 8251
20635 8251
20636 8251
20637 8252
20638 8252
20639 8252
20640 8253
20641 8253
20642 8253
20643 8254
20644 8254
20645 8255
20646 8255
20647 8255
20648 8256
20649 8256
20650 8256
20651 8257
20652 8257
20653 8257
20654 8258
20655 8258
20656 8259
20657 8259
20658 8260
20659 8260
20660 8261
20661 8261
20662 8262
20663 8262
20664 8263
20665 8263
20666 8264
20667 8264
20668 8264
20669 8265
20670 8265
20671 8266
20672 8266
20673 8267
20674 8267
20675 8267
20676 8268
20677 8268
20678 8269
20679 8269
20680 8270
20681 8270
20682 8271
20683 8271
20684 8271
20685 8272
20686 8272
20687 8272
20688 8273
20689 8273
20690 8274
20691 8274
20692 8274
20693 8275
20694 8275
20695 8275
20696 8276
20697 8276
20698 8277
20699 8277
20700 8278
20701 8278
20702 8278
20703 8279
20704 8279
20705 8279
20706 8280
20707 8280
20708 8280
20709 8281
20710 8281
20711 8282
20712 8282
20713 8283
20714 8283
20715 8284
20716 8284
20717 8285
20718 8285
20719 8285
20720 8286
20721 8286
20722 8286
20723 8287
20724 8287
20725 8288
20726 8288
20727 8289
20728 8289
20729 8289
20730 8290
20731 8290
20732 8290
20733 8291
20734 8291
20735 8291
20736 8292
20737 8292
20738 8293
20739 8293
20740 8293
20741 8294
20742 8294
20743 8294
20744 8295
20745 8295
20746 8296
20747 8296
20748 8297
20749 8297
20750 8298
20751 8298
20752 8298
20753 8299
20754 8299
20755 8300
20756 8300
20757 8301
20758 8301
20759 8301
20760 8302
20761 8302
20762 8303
20763 8303
20764 8303
20765 8304
20766 8304
20767 8305
20768 8305
20769 8305
20770 8306
20771 8306
20772 8307
20773 8307
20774 8307
20775 8308
20776 8308
20777 8309
20778 8309
20779 8309
20780 8310
20781 8310
20782 8311
20783 8311
20784 8311
20785 8312
20786 8312
20787 8313
20788 8313
20789 8314
20790 8314
20791 8315
20792 8315
20793 8315
20794 8316
20795 8316
20796 8317
20797 8317
20798 8318
20799 8318
20800 8318
20801 8319
20802 8319
20803 8319
20804 8320
20805 8320
20806 8321
20807 8321
20808 8322
20809 8322
20810 8322
20811 8323
20812 8323
20813 8324
20814 8324
20815 8324
20816 8325
20817 8325
20818 8325
20819 8326
20820 8326
20821 8326
20822 8327
20823 8327
20824 8327
20825 8328
20826 8328
20827 8329
20828 8329
20829 8330
20830 8330
20831 8331
20832 8331
20833 8332
20834 8332
20835 8332
20836 8333
20837 8333
20838 8334
20839 8334
20840 8334
20841 8335
20842 8335
20843 8335
20844 8336
20845 8336
20846 8337
20847 8337
20848 8338
20849 8338
20850 8338
20851 8339
20852 8339
20853 8340
20854 8340
20855 8341
20856 8341
20857 8341
20858 8342
20859 8342
20860 8343
20861 8343
20862 8343
20863 8344
20864 8344
20865 8344
20866 8345
20867 8345
20868 8345
20869 8346
20870 8346
20871 8346
20872 8347
20873 8347
20874 8348
20875 8348
20876 8348
20877 8349
20878 8349
20879 8349
20880 8350
20881 8350
20882 8350
20883 8351
20884 8351
20885 8352
20886 8352
20887 8353
20888 8353
20889 8353
20890 8354
20891 8354
20892 8354
20893 8355
20894 8355
20895 8356
20896 8356
20897 8356
20898 8357
20899 8357
20900 8358
20901 8358
20902 8359
20903 8359
20904 8359
20905 8360
20906 8360
20907 8360
20908 8361
20909 8361
20910 8362
20911 8362
20912 8362
20913 8363
20914 8363
20915 8363
20916 8364
20917 8364
20918 8364
20919 8365
20920 8365
20921 8365
20922 8366
20923 8366
20924 8367
20925 8367
20926 8367
20927 8368
20928 8368
20929 8368
20930 8369
20931 8369
20932 8370
20933 8370
20934 8371
20935 8371
20936 8372
20937 8372
20938 8373
20939 8373
20940 8374
20941 8374
20942 8375
20943 8375
20944 8375
20945 8376
20946 8376
20947 8377
20948 8377
20949 8378
20950 8378
20951 8379
20952 8379
20953 8379
20954 8380
20955 8380
20956 8381
20957 8381
20958 8382
20959 8382
20960 8382
20961 8383
20962 8383
20963 8384
20964 8384
20965 8385
20966 8385
20967 8385
20968 8386
20969 8386
20970 8387
20971 8387
20972 8388
20973 8388
20974 8389
20975 8389
20976 8390
20977 8390
20978 8390
20979 8391
20980 8391
20981 8391
20982 8392
20983 8392
20984 8392
20985 8393
20986 8393
20987 8393
20988 8394
20989 8394
20990 8394
20991 8395
20992 8395
20993 8395
20994 8396
20995 8396
20996 8397
20997 8397
20998 8397
20999 8398
21000 8398
21001 8398
21002 8399
21003 8399
21004 8399
21005 8400
21006 8400
21007 8401
21008 8401
21009 8401
21010 8402
21011 8402
21012 8402
21013 8403
21014 8403
21015 8404
21016 8404
21017 8404
21018 8405
21019 8405
21020 8406
21021 8406
21022 8407
21023 8407
21024 8407
21025 8408
21026 8408
21027 8409
21028 8409
21029 8409
21030 8410
21031 8410
21032 8410
21033 8411
21034 8411
21035 8411
21036 8412
21037 8412
21038 8413
21039 8413
21040 8414
21041 8414
21042 8415
21043 8415
21044 8416
21045 8416
21046 8416
21047 8417
21048 8417
21049 8418
21050 8418
21051 8419
21052 8419
21053 8420
21054 8420
21055 8421
21056 8421
21057 8422
21058 8422
21059 8423
21060 8423
21061 8423
21062 8424
21063 8424
21064 8424
21065 8425
21066 8425
21067 8426
21068 8426
21069 8426
21070 8427
21071 8427
21072 8427
21073 8428
21074 8428
21075 8428
21076 8429
21077 8429
21078 8430
21079 8430
21080 8431
21081 8431
21082 8432
21083 8432
21084 8433
21085 8433
21086 8434
21087 8434
21088 8434
21089 8435
21090 8435
21091 8436
21092 8436
21093 8436
21094 8437
21095 8437
21096 8438
21097 8438
21098 8438
21099 8439
21100 8439
21101 8439
21102 8440
21103 8440
21104 8441
21105 8441
21106 8442
21107 8442
21108 8443
21109 8443
21110 8443
21111 8444
21112 8444
21113 8445
21114 8445
21115 8445
21116 8446
21117 8446
21118 8447
21119 8447
21120 8447
21121 8448
21122 8448
21123 8449
21124 8449
21125 8449
21126 8450
21127 8450
21128 8450
21129 8451
21130 8451
21131 8451
21132 8452
21133 8452
21134 8453
21135 8453
21136 8454
21137 8454
21138 8454
21139 8455
21140 8455
21141 8455
21142 8456
21143 8456
21144 8457
21145 8457
21146 8457
21147 8458
21148 8458
21149 8458
21150 8459
21151 8459
21152 8460
21153 8460
21154 8460
21155 8461
21156 8461
21157 8462
21158 8462
21159 8463
21160 8463
21161 8463
21162 8464
21163 8464
21164 8464
21165 8465
21166 8465
21167 8465
21168 8466
21169 8466
21170 8466
21171 8467
21172 8467
21173 8467
21174 8468
21175 8468
21176 8469
21177 8469
21178 8470
21179 8470
21180 8470
21181 8471
21182 8471
21183 8471
21184 8472
21185 8472
21186 8473
21187 8473
21188 8474
21189 8474
21190 8475
21191 8475
21192 8475
21193 8476
21194 8476
21195 8477
21196 8477
21197 8477
21198 8478
21199 8478
21200 8478
21201 8479
21202 8479
21203 8480
21204 8480
21205 8481
21206 8481
21207 8481
21208 8482
21209 8482
21210 8482
21211 8483
21212 8483
21213 8483
21214 8484
21215 8484
21216 8484
21217 8485
21218 8485
21219 8486
21220 8486
21221 8486
21222 8487
21223 8487
21224 8487
21225 8488
21226 8488
21227 8489
21228 8489
21229 8489
21230 8490
21231 8490
21232 8490
21233 8491
21234 8491
21235 8492
21236 8492
21237 8492
21238 8493
21239 8493
21240 8494
21241 8494
21242 8495
21243 8495
21244 8495
21245 8496
21246 8496
21247 8496
21248 8497
21249 8497
21250 8497
21251 8498
21252 8498
21253 8498
21254 8499
21255 8499
21256 8500
21257 8500
21258 8501
21259 8501
21260 8502
21261 8502
21262 8503
21263 8503
21264 8504
21265 8504
21266 8505
21267 8505
21268 8505
21269 8506
21270 8506
21271 8507
21272 8507
21273 8508
21274 8508
21275 8509
21276 8509
21277 8510
21278 8510
21279 8511
21280 8511
21281 8512
21282 8512
21283 8512
21284 8513
21285 8513
21286 8513
21287 8514
21288 8514
21289 8515
21290 8515
21291 8515
21292 8516
21293 8516
21294 8517
21295 8517
21296 8518
21297 8518
21298 8518
21299 8519
21300 8519
21301 8520
21302 8520
21303 8521
21304 8521
21305 8521
21306 8522
21307 8522
21308 8522
21309 8523
21310 8523
21311 8524
21312 8524
21313 8525
21314 8525
21315 8526
21316 8526
21317 8527
21318 8527
21319 8527
21320 8528
21321 8528
21322 8529
21323 8529
21324 8529
21325 8530
21326 8530
21327 8531
21328 8531
21329 8531
21330 8532
21331 8532
21332 8533
21333 8533
21334 8533
21335 8534
21336 8534
21337 8535
21338 8535
21339 8536
21340 8536
21341 8537
21342 8537
21343 8537
21344 8538
21345 8538
21346 8539
21347 8539
21348 8539
21349 8540
21350 8540
21351 8541
21352 8541
21353 8541
21354 8542
21355 8542
21356 8543
21357 8543
21358 8544
21359 8544
21360 8545
21361 8545
21362 8545
21363 8546
21364 8546
21365 8546
21366 8547
21367 8547
21368 8548
21369 8548
21370 8548
21371 8549
21372 8549
21373 8549
21374 8550
21375 8550
21376 8551
21377 8551
21378 8552
21379 8552
21380 8553
21381 8553
21382 8553
21383 8554
21384 8554
21385 8555
21386 8555
21387 8556
21388 8556
21389 8557
21390 8557
21391 8558
21392 8558
21393 8559
21394 8559
21395 8560
21396 8560
21397 8560
21398 8561
21399 8561
21400 8562
21401 8562
21402 8562
21403 8563
21404 8563
21405 8563
21406 8564
21407 8564
21408 8564
21409 8565
21410 8565
21411 8565
21412 8566
21413 8566
21414 8567
21415 8567
21416 8568
21417 8568
21418 8568
21419 8569
21420 8569
21421 8570
21422 8570
21423 8570
21424 8571
21425 8571
21426 8571
21427 8572
21428 8572
21429 8572
21430 8573
21431 8573
21432 8574
21433 8574
21434 8575
21435 8575
21436 8575
21437 8576
21438 8576
21439 8577
21440 8577
21441 8577
21442 8578
21443 8578
21444 8579
21445 8579
21446 8579
21447 8580
21448 8580
21449 8581
21450 8581
21451 8581
21452 8582
21453 8582
21454 8582
21455 8583
21456 8583
21457 8584
21458 8584
21459 8584
21460 8585
21461 8585
21462 8585
21463 8586
21464 8586
21465 8586
21466 8587
21467 8587
21468 8587
21469 8588
21470 8588
21471 8588
21472 8589
21473 8589
21474 8590
21475 8590
21476 8591
21477 8591
21478 8591
21479 8592
21480 8592
21481 8593
21482 8593
21483 8594
21484 8594
21485 8595
21486 8595
21487 8595
21488 8596
21489 8596
21490 8597
21491 8597
21492 8597
21493 8598
21494 8598
21495 8599
21496 8599
21497 8600
21498 8600
21499 8601
21500 8601
21501 8601
21502 8602
21503 8602
21504 8602
21505 8603
21506 8603
21507 8604
21508 8604
21509 8605
21510 8605
21511 8605
21512 8606
21513 8606
21514 8606
21515 8607
21516 8607
21517 8607
21518 8608
21519 8608
21520 8609
21521 8609
21522 8610
21523 8610
21524 8611
21525 8611
21526 8611
21527 8612
21528 8612
21529 8613
21530 8613
21531 8613
21532 8614
21533 8614
21534 8615
21535 8615
21536 8616
21537 8616
21538 8617
21539 8617
21540 8617
21541 8618
21542 8618
21543 8618
21544 8619
21545 8619
21546 8620
21547 8620
21548 8620
21549 8621
21550 8621
21551 8622
21552 8622
21553 8623
21554 8623
21555 8624
21556 8624
21557 8625
21558 8625
21559 8626
21560 8626
21561 8626
21562 8627
21563 8627
21564 8628
21565 8628
21566 8628
21567 8629
21568 8629
21569 8629
21570 8630
21571 8630
21572 8630
21573 8631
21574 8631
21575 8631
21576 8632
21577 8632
21578 8633
21579 8633
21580 8633
21581 8634
21582 8634
21583 8634
21584 8635
21585 8635
21586 8636
21587 8636
21588 8636
21589 8637
21590 8637
21591 8637
21592 8638
21593 8638
21594 8638
21595 8639
21596 8639
21597 8639
21598 8640
21599 8640
21600 8640
21601 8641
21602 8641
21603 8642
21604 8642
21605 8642
21606 8643
21607 8643
21608 8644
21609 8644
21610 8645
21611 8645
21612 8646
21613 8646
21614 8646
21615 8647
21616 8647
21617 8647
21618 8648
21619 8648
21620 8649
21621 8649
21622 8650
21623 8650
21624 8650
21625 8651
21626 8651
21627 8651
21628 8652
21629 8652
21630 8652
21631 8653
21632 8653
21633 8654
21634 8654
21635 8654
21636 8655
21637 8655
21638 8655
21639 8656
21640 8656
21641 8657
21642 8657
21643 8657
21644 8658
21645 8658
21646 8659
21647 8659
21648 8660
21649 8660
21650 8660
21651 8661
21652 8661
21653 8661
21654 8662
21655 8662
21656 8663
21657 8663
21658 8663
21659 8664
21660 8664
21661 8664
21662 8665
21663 8665
21664 8665
21665 8666
21666 8666
21667 8666
21668 8667
21669 8667
21670 8668
21671 8668
21672 8668
21673 8669
21674 8669
21675 8669
21676 8670
21677 8670
21678 8671
21679 8671
21680 8671
21681 8672
21682 8672
21683 8672
21684 8673
21685 8673
21686 8673
21687 8674
21688 8674
21689 8674
21690 8675
21691 8675
21692 8675
21693 8676
21694 8676
21695 8677
21696 8677
21697 8677
21698 8678
21699 8678
21700 8679
21701 8679
21702 8680
21703 8680
21704 8680
21705 8681
21706 8681
21707 8682
21708 8682
21709 8682
21710 8683
21711 8683
21712 8683
21713 8684
21714 8684
21715 8685
21716 8685
21717 8685
21718 8686
21719 8686
21720 8686
21721 8687
21722 8687
21723 8687
21724 8688
21725 8688
21726 8689
21727 8689
21728 8690
21729 8690
21730 8690
21731 8691
21732 8691
21733 8691
21734 8692
21735 8692
21736 8692
21737 8693
21738 8693
21739 8694
21740 8694
21741 8694
21742 8695
21743 8695
21744 8695
21745 8696
21746 8696
21747 8697
21748 8697
21749 8697
21750 8698
21751 8698
21752 8698
21753 8699
21754 8699
21755 8700
21756 8700
21757 8700
21758 8701
21759 8701
21760 8701
21761 8702
21762 8702
21763 8702
21764 8703
21765 8703
21766 8704
21767 8704
21768 8704
21769 8705
21770 8705
21771 8706
21772 8706
21773 8707
21774 8707
21775 8708
21776 8708
21777 8708
21778 8709
21779 8709
21780 8710
21781 8710
21782 8711
21783 8711
21784 8711
21785 8712
21786 8712
21787 8712
21788 8713
21789 8713
21790 8713
21791 8714
21792 8714
21793 8714
21794 8715
21795 8715
21796 8716
21797 8716
21798 8717
21799 8717
21800 8718
21801 8718
21802 8718
21803 8719
21804 8719
21805 8719
21806 8720
21807 8720
21808 8721
21809 8721
21810 8721
21811 8722
21812 8722
21813 8722
21814 8723
21815 8723
21816 8724
21817 8724
21818 8725
21819 8725
21820 8726
21821 8726
21822 8726
21823 8727
21824 8727
21825 8728
21826 8728
21827 8729
21828 8729
21829 8730
21830 8730
21831 8730
21832 8731
21833 8731
21834 8732
21835 8732
21836 8732
21837 8733
21838 8733
21839 8734
21840 8734
21841 8734
21842 8735
21843 8735
21844 8736
21845 8736
21846 8737
21847 8737
21848 8737
21849 8738
21850 8738
21851 8739
21852 8739
21853 8740
21854 8740
21855 8740
21856 8741
21857 8741
21858 8741
21859 8742
21860 8742
21861 8743
21862 8743
21863 8743
21864 8744
21865 8744
21866 8745
21867 8745
21868 8745
21869 8746
21870 8746
21871 8747
21872 8747
21873 8747
21874 8748
21875 8748
21876 8748
21877 8749
21878 8749
21879 8750
21880 8750
21881 8750
21882 8751
21883 8751
21884 8751
21885 8752
21886 8752
21887 8753
21888 8753
21889 8754
21890 8754
21891 8754
21892 8755
21893 8755
21894 8755
21895 8756
21896 8756
21897 8757
21898 8757
21899 8757
21900 8758
21901 8758
21902 8759
21903 8759
21904 8760
21905 8760
21906 8760
21907 8761
21908 8761
21909 8761
21910 8762
21911 8762
21912 8763
21913 8763
21914 8763
21915 8764
21916 8764
21917 8765
21918 8765
21919 8766
21920 8766
21921 8766
21922 8767
21923 8767
21924 8767
21925 8768
21926 8768
21927 8769
21928 8769
21929 8769
21930 8770
21931 8770
21932 8771
21933 8771
21934 8772
21935 8772
21936 8772
21937 8773
21938 8773
21939 8774
21940 8774
21941 8775
21942 8775
21943 8775
21944 8776
21945 8776
21946 8776
21947 8777
21948 8777
21949 8777
21950 8778
21951 8778
21952 8778
21953 8779
21954 8779
21955 8780
21956 8780
21957 8781
21958 8781
21959 8781
21960 8782
21961 8782
21962 8783
21963 8783
21964 8783
21965 8784
21966 8784
21967 8785
21968 8785
21969 8785
21970 8786
21971 8786
21972 8786
21973 8787
21974 8787
21975 8787
21976 8788
21977 8788
21978 8788
21979 8789
21980 8789
21981 8790
21982 8790
21983 8791
21984 8791
21985 8792
21986 8792
21987 8792
21988 8793
21989 8793
21990 8794
21991 8794
21992 8795
21993 8795
21994 8796
21995 8796
21996 8797
21997 8797
21998 8797
21999 8798
22000 8798
22001 8798
22002 8799
22003 8799
22004 8800
22005 8800
22006 8800
22007 8801
22008 8801
22009 8801
22010 8802
22011 8802
22012 8802
22013 8803
22014 8803
22015 8803
22016 8804
22017 8804
22018 8804
22019 8805
22020 8805
22021 8806
22022 8806
22023 8806
22024 8807
22025 8807
22026 8807
22027 8808
22028 8808
22029 8809
22030 8809
22031 8810
22032 8810
22033 8811
22034 8811
22035 8812
22036 8812
22037 8813
22038 8813
22039 8813
22040 8814
22041 8814
22042 8814
22043 8815
22044 8815
22045 8815
22046 8816
22047 8816
22048 8817
22049 8817
22050 8817
22051 8818
22052 8818
22053 8819
22054 8819
22055 8819
22056 8820
22057 8820
22058 8821
22059 8821
22060 8822
22061 8822
22062 8822
22063 8823
22064 8823
22065 8824
22066 8824
22067 8825
22068 8825
22069 8826
22070 8826
22071 8827
22072 8827
22073 8828
22074 8828
22075 8828
22076 8829
22077 8829
22078 8829
22079 8830
22080 8830
22081 8830
22082 8831
22083 8831
22084 8831
22085 8832
22086 8832
22087 8832
22088 8833
22089 8833
22090 8833
22091 8834
22092 8834
22093 8835
22094 8835
22095 8835
22096 8836
22097 8836
22098 8836
22099 8837
22100 8837
22101 8837
22102 8838
22103 8838
22104 8839
22105 8839
22106 8839
22107 8840
22108 8840
22109 8840
22110 8841
22111 8841
22112 8841
22113 8842
22114 8842
22115 8842
22116 8843
22117 8843
22118 8844
22119 8844
22120 8845
22121 8845
22122 8845
22123 8846
22124 8846
22125 8846
22126 8847
22127 8847
22128 8847
22129 8848
22130 8848
22131 8849
22132 8849
22133 8850
22134 8850
22135 8850
22136 8851
22137 8851
22138 8851
22139 8852
22140 8852
22141 8853
22142 8853
22143 8853
22144 8854
22145 8854
22146 8855
22147 8855
22148 8856
22149 8856
22150 8857
22151 8857
22152 8858
22153 8858
22154 8858
22155 8859
22156 8859
22157 8859
22158 8860
22159 8860
22160 8860
22161 8861
22162 8861
22163 8862
22164 8862
22165 8863
22166 8863
22167 8863
22168 8864
22169 8864
22170 8865
22171 8865
22172 8865
22173 8866
22174 8866
22175 8867
22176 8867
22177 8868
22178 8868
22179 8868
22180 8869
22181 8869
22182 8870
22183 8870
22184 8870
22185 8871
22186 8871
22187 8871
22188 8872
22189 8872
22190 8872
22191 8873
22192 8873
22193 8874
22194 8874
22195 8874
22196 8875
22197 8875
22198 8875
22199 8876
22200 8876
22201 8877
22202 8877
22203 8878
22204 8878
22205 8878
22206 8879
22207 8879
22208 8879
22209 8880
22210 8880
22211 8880
22212 8881
22213 8881
22214 8881
22215 8882
22216 8882
22217 8883
22218 8883
22219 8883
22220 8884
22221 8884
22222 8884
22223 8885
22224 8885
22225 8886
22226 8886
22227 8886
22228 8887
22229 8887
22230 8887
22231 8888
22232 8888
22233 8889
22234 8889
22235 8889
22236 8890
22237 8890
22238 8890
22239 8891
22240 8891
22241 8892
22242 8892
22243 8893
22244 8893
22245 8893
22246 8894
22247 8894
22248 8895
22249 8895
22250 8895
22251 8896
22252 8896
22253 8896
22254 8897
22255 8897
22256 8898
22257 8898
22258 8898
22259 8899
22260 8899
22261 8899
22262 8900
22263 8900
22264 8900
22265 8901
22266 8901
22267 8902
22268 8902
22269 8902
22270 8903
22271 8903
22272 8904
22273 8904
22274 8905
22275 8905
22276 8906
22277 8906
22278 8907
22279 8907
22280 8907
22281 8908
22282 8908
22283 8908
22284 8909
22285 8909
22286 8909
22287 8910
22288 8910
22289 8911
22290 8911
22291 8912
22292 8912
22293 8912
22294 8913
22295 8913
22296 8914
22297 8914
22298 8914
22299 8915
22300 8915
22301 8916
22302 8916
22303 8916
22304 8917
22305 8917
22306 8918
22307 8918
22308 8918
22309 8919
22310 8919
22311 8920
22312 8920
22313 8921
22314 8921
22315 8922
22316 8922
22317 8923
22318 8923
22319 8923
22320 8924
22321 8924
22322 8924
22323 8925
22324 8925
22325 8926
22326 8926
22327 8927
22328 8927
22329 8928
22330 8928
22331 8929
22332 8929
22333 8930
22334 8930
22335 8930
22336 8931
22337 8931
22338 8931
22339 8932
22340 8932
22341 8932
22342 8933
22343 8933
22344 8934
22345 8934
22346 8934
22347 8935
22348 8935
22349 8935
22350 8936
22351 8936
22352 8937
22353 8937
22354 8938
22355 8938
22356 8939
22357 8939
22358 8940
22359 8940
22360 8940
22361 8941
22362 8941
22363 8942
22364 8942
22365 8942
22366 8943
22367 8943
22368 8943
22369 8944
22370 8944
22371 8945
22372 8945
22373 8946
22374 8946
22375 8947
22376 8947
22377 8947
22378 8948
22379 8948
22380 8949
22381 8949
22382 8950
22383 8950
22384 8950
22385 8951
22386 8951
22387 8952
22388 8952
22389 8952
22390 8953
22391 8953
22392 8953
22393 8954
22394 8954
22395 8955
22396 8955
22397 8955
22398 8956
22399 8956
22400 8956
22401 8957
22402 8957
22403 8957
22404 8958
22405 8958
22406 8958
22407 8959
22408 8959
22409 8959
22410 8960
22411 8960
22412 8961
22413 8961
22414 8961
22415 8962
22416 8962
22417 8962
22418 8963
22419 8963
22420 8964
22421 8964
22422 8964
22423 8965
22424 8965
22425 8966
22426 8966
22427 8967
22428 8967
22429 8967
22430 8968
22431 8968
22432 8968
22433 8969
22434 8969
22435 8970
22436 8970
22437 8971
22438 8971
22439 8972
22440 8972
22441 8972
22442 8973
22443 8973
22444 8974
22445 8974
22446 8975
22447 8975
22448 8976
22449 8976
22450 8977
22451 8977
22452 8977
22453 8978
22454 8978
22455 8978
22456 8979
22457 8979
22458 8980
22459 8980
22460 8980
22461 8981
22462 8981
22463 8982
22464 8982
22465 8982
22466 8983
22467 8983
22468 8983
22469 8984
22470 8984
22471 8985
22472 8985
22473 8986
22474 8986
22475 8986
22476 8987
22477 8987
22478 8987
22479 8988
22480 8988
22481 8989
22482 8989
22483 8989
22484 8990
22485 8990
22486 8991
22487 8991
22488 8991
22489 8992
22490 8992
22491 8992
22492 8993
22493 8993
22494 8993
22495 8994
22496 8994
22497 8995
22498 8995
22499 8996
22500 8996
22501 8996
22502 8997
22503 8997
22504 8998
22505 8998
22506 8998
22507 8999
22508 8999
22509 9000
22510 9000
22511 9001
22512 9001
22513 9001
22514 9002
22515 9002
22516 9002
22517 9003
22518 9003
22519 9003
22520 9004
22521 9004
22522 9005
22523 9005
22524 9006
22525 9006
22526 9007
22527 9007
22528 9008
22529 9008
22530 9008
22531 9009
22532 9009
22533 9009
22534 9010
22535 9010
22536 9011
22537 9011
22538 9012
22539 9012
22540 9012
22541 9013
22542 9013
22543 9014
22544 9014
22545 9015
22546 9015
22547 9015
22548 9016
22549 9016
22550 9016
22551 9017
22552 9017
22553 9018
22554 9018
22555 9018
22556 9019
22557 9019
22558 9020
22559 9020
22560 9021
22561 9021
22562 9021
22563 9022
22564 9022
22565 9023
22566 9023
22567 9023
22568 9024
22569 9024
22570 9024
22571 9025
22572 9025
22573 9026
22574 9026
22575 9027
22576 9027
22577 9028
22578 9028
22579 9029
22580 9029
22581 9029
22582 9030
22583 9030
22584 9030
22585 9031
22586 9031
22587 9031
22588 9032
22589 9032
22590 9033
22591 9033
22592 9033
22593 9034
22594 9034
22595 9034
22596 9035
22597 9035
22598 9035
22599 9036
22600 9036
22601 9037
22602 9037
22603 9037
22604 9038
22605 9038
22606 9038
22607 9039
22608 9039
22609 9040
22610 9040
22611 9041
22612 9041
22613 9042
22614 9042
22615 9043
22616 9043
22617 9043
22618 9044
22619 9044
22620 9044
22621 9045
22622 9045
22623 9046
22624 9046
22625 9046
22626 9047
22627 9047
22628 9048
22629 9048
22630 9048
22631 9049
22632 9049
22633 9050
22634 9050
22635 9051
22636 9051
22637 9051
22638 9052
22639 9052
22640 9053
22641 9053
22642 9053
22643 9054
22644 9054
22645 9055
22646 9055
22647 9056
22648 9056
22649 9056
22650 9057
22651 9057
22652 9058
22653 9058
22654 9059
22655 9059
22656 9060
22657 9060
22658 9061
22659 9061
22660 9062
22661 9062
22662 9062
22663 9063
22664 9063
22665 9064
22666 9064
22667 9064
22668 9065
22669 9065
22670 9065
22671 9066
22672 9066
22673 9066
22674 9067
22675 9067
22676 9067
22677 9068
22678 9068
22679 9068
22680 9069
22681 9069
22682 9070
22683 9070
22684 9071
22685 9071
22686 9071
22687 9072
22688 9072
22689 9072
22690 9073
22691 9073
22692 9074
22693 9074
22694 9075
22695 9075
22696 9076
22697 9076
22698 9077
22699 9077
22700 9078
22701 9078
22702 9079
22703 9079
22704 9080
22705 9080
22706 9080
22707 9081
22708 9081
22709 9081
22710 9082
22711 9082
22712 9082
22713 9083
22714 9083
22715 9083
22716 9084
22717 9084
22718 9085
22719 9085
22720 9086
22721 9086
22722 9086
22723 9087
22724 9087
22725 9087
22726 9088
22727 9088
22728 9089
22729 9089
22730 9090
22731 9090
22732 9090
22733 9091
22734 9091
22735 9091
22736 9092
22737 9092
22738 9092
22739 9093
22740 9093
22741 9093
22742 9094
22743 9094
22744 9095
22745 9095
22746 9096
22747 9096
22748 9096
22749 9097
22750 9097
22751 9098
22752 9098
22753 9099
22754 9099
22755 9100
22756 9100
22757 9100
22758 9101
22759 9101
22760 9102
22761 9102
22762 9102
22763 9103
22764 9103
22765 9104
22766 9104
22767 9104
22768 9105
22769 9105
22770 9106
22771 9106
22772 9107
22773 9107
22774 9107
22775 9108
22776 9108
22777 9108
22778 9109
22779 9109
22780 9110
22781 9110
22782 9111
22783 9111
22784 9111
22785 9112
22786 9112
22787 9112
22788 9113
22789 9113
22790 9113
22791 9114
22792 9114
22793 9115
22794 9115
22795 9115
22796 9116
22797 9116
22798 9117
22799 9117
22800 9117
22801 9118
22802 9118
22803 9119
22804 9119
22805 9119
22806 9120
22807 9120
22808 9120
22809 9121
22810 9121
22811 9121
22812 9122
22813 9122
22814 9122
22815 9123
22816 9123
22817 9123
22818 9124
22819 9124
22820 9125
22821 9125
22822 9125
22823 9126
22824 9126
22825 9127
22826 9127
22827 9128
22828 9128
22829 9128
22830 9129
22831 9129
22832 9129
22833 9130
22834 9130
22835 9130
22836 9131
22837 9131
22838 9132
22839 9132
22840 9132
22841 9133
22842 9133
22843 9134
22844 9134
22845 9135
22846 9135
22847 9135
22848 9136
22849 9136
22850 9136
22851 9137
22852 9137
22853 9137
22854 9138
22855 9138
22856 9138
22857 9139
22858 9139
22859 9140
22860 9140
22861 9141
22862 9141
22863 9141
22864 9142
22865 9142
22866 9143
22867 9143
22868 9143
22869 9144
22870 9144
22871 9144
22872 9145
22873 9145
22874 9146
22875 9146
22876 9146
22877 9147
22878 9147
22879 9147
22880 9148
22881 9148
22882 9148
22883 9149
22884 9149
22885 9150
22886 9150
22887 9151
22888 9151
22889 9151
22890 9152
22891 9152
22892 9152
22893 9153
22894 9153
22895 9154
22896 9154
22897 9155
22898 9155
22899 9155
22900 9156
22901 9156
22902 9156
22903 9157
22904 9157
22905 9158
22906 9158
22907 9159
22908 9159
22909 9160
22910 9160
22911 9161
22912 9161
22913 9161
22914 9162
22915 9162
22916 9163
22917 9163
22918 9164
22919 9164
22920 9165
22921 9165
22922 9165
22923 9166
22924 9166
22925 9167
22926 9167
22927 9168
22928 9168
22929 9169
22930 9169
22931 9169
22932 9170
22933 9170
22934 9170
22935 9171
22936 9171
22937 9171
22938 9172
22939 9172
22940 9173
22941 9173
22942 9173
22943 9174
22944 9174
22945 9175
22946 9175
22947 9175
22948 9176
22949 9176
22950 9176
22951 9177
22952 9177
22953 9178
22954 9178
22955 9178
22956 9179
22957 9179
22958 9179
22959 9180
22960 9180
22961 9180
22962 9181
22963 9181
22964 9181
22965 9182
22966 9182
22967 9183
22968 9183
22969 9183
22970 9184
22971 9184
22972 9185
22973 9185
22974 9185
22975 9186
22976 9186
22977 9186
22978 9187
22979 9187
22980 9187
22981 9188
22982 9188
22983 9189
22984 9189
22985 9189
22986 9190
22987 9190
22988 9190
22989 9191
22990 9191
22991 9191
22992 9192
22993 9192
22994 9193
22995 9193
22996 9193
22997 9194
22998 9194
22999 9194
23000 9195
23001 9195
23002 9195
23003 9196
23004 9196
23005 9196
23006 9197
23007 9197
23008 9198
23009 9198
23010 9199
23011 9199
23012 9200
23013 9200
23014 9200
23015 9201
23016 9201
23017 9202
23018 9202
23019 9203
23020 9203
23021 9204
23022 9204
23023 9204
23024 9205
23025 9205
23026 9205
23027 9206
23028 9206
23029 9207
23030 9207
23031 9208
23032 9208
23033 9209
23034 9209
23035 9210
23036 9210
23037 9210
23038 9211
23039 9211
23040 9211
23041 9212
23042 9212
23043 9213
23044 9213
23045 9213
23046 9214
23047 9214
23048 9214
23049 9215
23050 9215
23051 9215
23052 9216
23053 9216
23054 9216
23055 9217
23056 9217
23057 9217
23058 9218
23059 9218
23060 9219
23061 9219
23062 9219
23063 9220
23064 9220
23065 9221
23066 9221
23067 9221
23068 9222
23069 9222
23070 9223
23071 9223
23072 9224
23073 9224
23074 9225
23075 9225
23076 9226
23077 9226
23078 9227
23079 9227
23080 9228
23081 9228
23082 9229
23083 9229
23084 9229
23085 9230
23086 9230
23087 9230
23088 9231
23089 9231
23090 9231
23091 9232
23092 9232
23093 9232
23094 9233
23095 9233
23096 9234
23097 9234
23098 9235
23099 9235
23100 9236
23101 9236
23102 9237
23103 9237
23104 9238
23105 9238
23106 9238
23107 9239
23108 9239
23109 9240
23110 9240
23111 9241
23112 9241
23113 9242
23114 9242
23115 9242
23116 9243
23117 9243
23118 9243
23119 9244
23120 9244
23121 9244
23122 9245
23123 9245
23124 9245
23125 9246
23126 9246
23127 9247
23128 9247
23129 9247
23130 9248
23131 9248
23132 9248
23133 9249
23134 9249
23135 9250
23136 9250
23137 9250
23138 9251
23139 9251
23140 9251
23141 9252
23142 9252
23143 9253
23144 9253
23145 9254
23146 9254
23147 9254
23148 9255
23149 9255
23150 9255
23151 9256
23152 9256
23153 9256
23154 9257
23155 9257
23156 9258
23157 9258
23158 9259
23159 9259
23160 9260
23161 9260
23162 9261
23163 9261
23164 9262
23165 9262
23166 9263
23167 9263
23168 9263
23169 9264
23170 9264
23171 9265
23172 9265
23173 9265
23174 9266
23175 9266
23176 9266
23177 9267
23178 9267
23179 9268
23180 9268
23181 9268
23182 9269
23183 9269
23184 9270
23185 9270
23186 9270
23187 9271
23188 9271
23189 9272
23190 9272
23191 9273
23192 9273
23193 9273
23194 9274
23195 9274
23196 9274
23197 9275
23198 9275
23199 9276
23200 9276
23201 9276
23202 9277
23203 9277
23204 9278
23205 9278
23206 9278
23207 9279
23208 9279
23209 9280
23210 9280
23211 9280
23212 9281
23213 9281
23214 9282
23215 9282
23216 9283
23217 9283
23218 9283
23219 9284
23220 9284
23221 9284
23222 9285
23223 9285
23224 9285
23225 9286
23226 9286
23227 9287
23228 9287
23229 9288
23230 9288
23231 9289
23232 9289
23233 9289
23234 9290
23235 9290
23236 9291
23237 9291
23238 9291
23239 9292
23240 9292
23241 9292
23242 9293
23243 9293
23244 9294
23245 9294
23246 9295
23247 9295
23248 9296
23249 9296
23250 9297
23251 9297
23252 9298
23253 9298
23254 9299
23255 9299
23256 9299
23257 9300
23258 9300
23259 9300
23260 9301
23261 9301
23262 9301
23263 9302
23264 9302
23265 9302
23266 9303
23267 9303
23268 9304
23269 9304
23270 9305
23271 9305
23272 9306
23273 9306
23274 9307
23275 9307
23276 9308
23277 9308
23278 9308
23279 9309
23280 9309
23281 9309
23282 9310
23283 9310
23284 9310
23285 9311
23286 9311
23287 9312
23288 9312
23289 9313
23290 9313
23291 9314
23292 9314
23293 9315
23294 9315
23295 9316
23296 9316
23297 9317
23298 9317
23299 9317
23300 9318
23301 9318
23302 9319
23303 9319
23304 9320
23305 9320
23306 9321
23307 9321
23308 9321
23309 9322
23310 9322
23311 9323
23312 9323
23313 9324
23314 9324
23315 9325
23316 9325
23317 9325
23318 9326
23319 9326
23320 9326
23321 9327
23322 9327
23323 9328
23324 9328
23325 9328
23326 9329
23327 9329
23328 9330
23329 9330
23330 9331
23331 9331
23332 9332
23333 9332
23334 9332
23335 9333
23336 9333
23337 9333
23338 9334
23339 9334
23340 9335
23341 9335
23342 9336
23343 9336
23344 9336
23345 9337
23346 9337
23347 9338
23348 9338
23349 9339
23350 9339
23351 9339
23352 9340
23353 9340
23354 9341
23355 9341
23356 9342
23357 9342
23358 9342
23359 9343
23360 9343
23361 9343
23362 9344
23363 9344
23364 9344
23365 9345
23366 9345
23367 9346
23368 9346
23369 9347
23370 9347
23371 9347
23372 9348
23373 9348
23374 9349
23375 9349
23376 9349
23377 9350
23378 9350
23379 9350
23380 9351
23381 9351
23382 9351
23383 9352
23384 9352
23385 9352
23386 9353
23387 9353
23388 9353
23389 9354
23390 9354
23391 9355
23392 9355
23393 9356
23394 9356
23395 9357
23396 9357
23397 9357
23398 9358
23399 9358
23400 9358
23401 9359
23402 9359
23403 9359
23404 9360
23405 9360
23406 9361
23407 9361
23408 9362
23409 9362
23410 9363
23411 9363
23412 9364
23413 9364
23414 9364
23415 9365
23416 9365
23417 9366
23418 9366
23419 9367
23420 9367
23421 9368
23422 9368
23423 9368
23424 9369
23425 9369
23426 9370
23427 9370
23428 9371
23429 9371
23430 9371
23431 9372
23432 9372
23433 9373
23434 9373
23435 9373
23436 9374
23437 9374
23438 9374
23439 9375
23440 9375
23441 9375
23442 9376
23443 9376
23444 9377
23445 9377
23446 9378
23447 9378
23448 9379
23449 9379
23450 9379
23451 9380
23452 9380
23453 9380
23454 9381
23455 9381
23456 9382
23457 9382
23458 9383
23459 9383
23460 9383
23461 9384
23462 9384
23463 9384
23464 9385
23465 9385
23466 9385
23467 9386
23468 9386
23469 9387
23470 9387
23471 9387
23472 9388
23473 9388
23474 9389
23475 9389
23476 9389
23477 9390
23478 9390
23479 9390
23480 9391
23481 9391
23482 9392
23483 9392
23484 9392
23485 9393
23486 9393
23487 9394
23488 9394
23489 9394
23490 9395
23491 9395
23492 9396
23493 9396
23494 9396
23495 9397
23496 9397
23497 9398
23498 9398
23499 9399
23500 9399
23501 9400
23502 9400
23503 9400
23504 9401
23505 9401
23506 9401
23507 9402
23508 9402
23509 9403
23510 9403
23511 9404
23512 9404
23513 9404
23514 9405
23515 9405
23516 9405
23517 9406
23518 9406
23519 9407
23520 9407
23521 9408
23522 9408
23523 9408
23524 9409
23525 9409
23526 9410
23527 9410
23528 9411
23529 9411
23530 9411
23531 9412
23532 9412
23533 9413
23534 9413
23535 9413
23536 9414
23537 9414
23538 9415
23539 9415
23540 9415
23541 9416
23542 9416
23543 9417
23544 9417
23545 9417
23546 9418
23547 9418
23548 9419
23549 9419
23550 9420
23551 9420
23552 9420
23553 9421
23554 9421
23555 9422
23556 9422
23557 9422
23558 9423
23559 9423
23560 9423
23561 9424
23562 9424
23563 9424
23564 9425
23565 9425
23566 9426
23567 9426
23568 9427
23569 9427
23570 9427
23571 9428
23572 9428
23573 9428
23574 9429
23575 9429
23576 9429
23577 9430
23578 9430
23579 9431
23580 9431
23581 9431
23582 9432
23583 9432
23584 9433
23585 9433
23586 9434
23587 9434
23588 9434
23589 9435
23590 9435
23591 9436
23592 9436
23593 9436
23594 9437
23595 9437
23596 9438
23597 9438
23598 9439
23599 9439
23600 9439
23601 9440
23602 9440
23603 9440
23604 9441
23605 9441
23606 9442
23607 9442
23608 9442
23609 9443
23610 9443
23611 9444
23612 9444
23613 9444
23614 9445
23615 9445
23616 9446
23617 9446
23618 9447
23619 9447
23620 9447
23621 9448
23622 9448
23623 9449
23624 9449
23625 9450
23626 9450
23627 9450
23628 9451
23629 9451
23630 9451
23631 9452
23632 9452
23633 9453
23634 9453
23635 9453
23636 9454
23637 9454
23638 9454
23639 9455
23640 9455
23641 9455
23642 9456
23643 9456
23644 9457
23645 9457
23646 9457
23647 9458
23648 9458
23649 9459
23650 9459
23651 9459
23652 9460
23653 9460
23654 9460
23655 9461
23656 9461
23657 9462
23658 9462
23659 9462
23660 9463
23661 9463
23662 9464
23663 9464
23664 9464
23665 9465
23666 9465
23667 9465
23668 9466
23669 9466
23670 9467
23671 9467
23672 9467
23673 9468
23674 9468
23675 9469
23676 9469
23677 9469
23678 9470
23679 9470
23680 9470
23681 9471
23682 9471
23683 9472
23684 9472
23685 9473
23686 9473
23687 9474
23688 9474
23689 9474
23690 9475
23691 9475
23692 9476
23693 9476
23694 9476
23695 9477
23696 9477
23697 9477
23698 9478
23699 9478
23700 9478
23701 9479
23702 9479
23703 9479
23704 9480
23705 9480
23706 9480
23707 9481
23708 9481
23709 9481
23710 9482
23711 9482
23712 9482
23713 9483
23714 9483
23715 9483
23716 9484
23717 9484
23718 9484
23719 9485
23720 9485
23721 9486
23722 9486
23723 9487
23724 9487
23725 9488
23726 9488
23727 9488
23728 9489
23729 9489
23730 9489
23731 9490
23732 9490
23733 9490
23734 9491
23735 9491
23736 9492
23737 9492
23738 9492
23739 9493
23740 9493
23741 9494
23742 9494
23743 9494
23744 9495
23745 9495
23746 9496
23747 9496
23748 9496
23749 9497
23750 9497
23751 9498
23752 9498
23753 9499
23754 9499
23755 9499
23756 9500
23757 9500
23758 9500
23759 9501
23760 9501
23761 9501
23762 9502
23763 9502
23764 9503
23765 9503
23766 9503
23767 9504
23768 9504
23769 9505
23770 9505
23771 9506
23772 9506
23773 9506
23774 9507
23775 9507
23776 9508
23777 9508
23778 9509
23779 9509
23780 9509
23781 9510
23782 9510
23783 9511
23784 9511
23785 9512
23786 9512
23787 9512
23788 9513
23789 9513
23790 9513
23791 9514
23792 9514
23793 9515
23794 9515
23795 9515
23796 9516
23797 9516
23798 9516
23799 9517
23800 9517
23801 9518
23802 9518
23803 9518
23804 9519
23805 9519
23806 9520
23807 9520
23808 9520
23809 9521
23810 9521
23811 9522
23812 9522
23813 9522
23814 9523
23815 9523
23816 9524
23817 9524
23818 9525
23819 9525
23820 9526
23821 9526
23822 9526
23823 9527
23824 9527
23825 9527
23826 9528
23827 9528
23828 9528
23829 9529
23830 9529
23831 9530
23832 9530
23833 9531
23834 9531
23835 9531
23836 9532
23837 9532
23838 9533
23839 9533
23840 9534
23841 9534
23842 9534
23843 9535
23844 9535
23845 9535
23846 9536
23847 9536
23848 9537
23849 9537
23850 9538
23851 9538
23852 9538
23853 9539
23854 9539
23855 9539
23856 9540
23857 9540
23858 9541
23859 9541
23860 9542
23861 9542
23862 9543
23863 9543
23864 9544
23865 9544
23866 9545
23867 9545
23868 9546
23869 9546
23870 9547
23871 9547
23872 9547
23873 9548
23874 9548
23875 9549
23876 9549
23877 9550
23878 9550
23879 9550
23880 9551
23881 9551
23882 9552
23883 9552
23884 9552
23885 9553
23886 9553
23887 9553
23888 9554
23889 9554
23890 9554
23891 9555
23892 9555
23893 9556
23894 9556
23895 9557
23896 9557
23897 9557
23898 9558
23899 9558
23900 9559
23901 9559
23902 9559
23903 9560
23904 9560
23905 9561
23906 9561
23907 9561
23908 9562
23909 9562
23910 9562
23911 9563
23912 9563
23913 9564
23914 9564
23915 9564
23916 9565
23917 9565
23918 9565
23919 9566
23920 9566
23921 9566
23922 9567
23923 9567
23924 9568
23925 9568
23926 9568
23927 9569
23928 9569
23929 9570
23930 9570
23931 9571
23932 9571
23933 9572
23934 9572
23935 9573
23936 9573
23937 9573
23938 9574
23939 9574
23940 9575
23941 9575
23942 9576
23943 9576
23944 9576
23945 9577
23946 9577
23947 9577
23948 9578
23949 9578
23950 9579
23951 9579
23952 9579
23953 9580
23954 9580
23955 9580
23956 9581
23957 9581
23958 9581
23959 9582
23960 9582
23961 9582
23962 9583
23963 9583
23964 9584
23965 9584
23966 9585
23967 9585
23968 9585
23969 9586
23970 9586
23971 9587
23972 9587
23973 9587
23974 9588
23975 9588
23976 9588
23977 9589
23978 9589
23979 9590
23980 9590
23981 9591
23982 9591
23983 9591
23984 9592
23985 9592
23986 9592
23987 9593
23988 9593
23989 9593
23990 9594
23991 9594
23992 9595
23993 9595
23994 9596
23995 9596
23996 9596
23997 9597
23998 9597
23999 9598
24000 9598
24001 9599
24002 9599
24003 9599
24004 9600
24005 9600
24006 9600
24007 9601
24008 9601
24009 9601
24010 9602
24011 9602
24012 9602
24013 9603
24014 9603
24015 9604
24016 9604
24017 9604
24018 9605
24019 9605
24020 9605
24021 9606
24022 9606
24023 9607
24024 9607
24025 9607
24026 9608
24027 9608
24028 9608
24029 9609
24030 9609
24031 9610
24032 9610
24033 9610
24034 9611
24035 9611
24036 9612
24037 9612
24038 9613
24039 9613
24040 9614
24041 9614
24042 9614
24043 9615
24044 9615
24045 9616
24046 9616
24047 9616
24048 9617
24049 9617
24050 9618
24051 9618
24052 9619
24053 9619
24054 9620
24055 9620
24056 9621
24057 9621
24058 9622
24059 9622
24060 9623
24061 9623
24062 9623
24063 9624
24064 9624
24065 9624
24066 9625
24067 9625
24068 9626
24069 9626
24070 9627
24071 9627
24072 9628
24073 9628
24074 9629
24075 9629
24076 9629
24077 9630
24078 9630
24079 9630
24080 9631
24081 9631
24082 9631
24083 9632
24084 9632
24085 9633
24086 9633
24087 9634
24088 9634
24089 9635
24090 9635
24091 9636
24092 9636
24093 9636
24094 9637
24095 9637
24096 9637
24097 9638
24098 9638
24099 9639
24100 9639
24101 9640
24102 9640
24103 9640
24104 9641
24105 9641
24106 9642
24107 9642
24108 9642
24109 9643
24110 9643
24111 9643
24112 9644
24113 9644
24114 9644
24115 9645
24116 9645
24117 9646
24118 9646
24119 9647
24120 9647
24121 9647
24122 9648
24123 9648
24124 9648
24125 9649
24126 9649
24127 9649
24128 9650
24129 9650
24130 9650
24131 9651
24132 9651
24133 9651
24134 9652
24135 9652
24136 9652
24137 9653
24138 9653
24139 9653
24140 9654
24141 9654
24142 9655
24143 9655
24144 9656
24145 9656
24146 9657
24147 9657
24148 9657
24149 9658
24150 9658
24151 9658
24152 9659
24153 9659
24154 9659
24155 9660
24156 9660
24157 9661
24158 9661
24159 9661
24160 9662
24161 9662
24162 9663
24163 9663
24164 9664
24165 9664
24166 9664
24167 9665
24168 9665
24169 9665
24170 9666
24171 9666
24172 9667
24173 9667
24174 9667
24175 9668
24176 9668
24177 9669
24178 9669
24179 9670
24180 9670
24181 9671
24182 9671
24183 9671
24184 9672
24185 9672
24186 9673
24187 9673
24188 9674
24189 9674
24190 9675
24191 9675
24192 9675
24193 9676
24194 9676
24195 9676
24196 9677
24197 9677
24198 9678
24199 9678
24200 9679
24201 9679
24202 9680
24203 9680
24204 9681
24205 9681
24206 9681
24207 9682
24208 9682
24209 9682
24210 9683
24211 9683
24212 9684
24213 9684
24214 9684
24215 9685
24216 9685
24217 9685
24218 9686
24219 9686
24220 9686
24221 9687
24222 9687
24223 9688
24224 9688
24225 9688
24226 9689
24227 9689
24228 9690
24229 9690
24230 9691
24231 9691
24232 9691
24233 9692
24234 9692
24235 9692
24236 9693
24237 9693
24238 9694
24239 9694
24240 9694
24241 9695
24242 9695
24243 9696
24244 9696
24245 9697
24246 9697
24247 9697
24248 9698
24249 9698
24250 9699
24251 9699
24252 9700
24253 9700
24254 9701
24255 9701
24256 9702
24257 9702
24258 9703
24259 9703
24260 9703
24261 9704
24262 9704
24263 9705
24264 9705
24265 9706
24266 9706
24267 9706
24268 9707
24269 9707
24270 9707
24271 9708
24272 9708
24273 9708
24274 9709
24275 9709
24276 9710
24277 9710
24278 9710
24279 9711
24280 9711
24281 9712
24282 9712
24283 9712
24284 9713
24285 9713
24286 9713
24287 9714
24288 9714
24289 9715
24290 9715
24291 9716
24292 9716
24293 9717
24294 9717
24295 9718
24296 9718
24297 9719
24298 9719
24299 9719
24300 9720
24301 9720
24302 9720
24303 9721
24304 9721
24305 9722
24306 9722
24307 9723
24308 9723
24309 9723
24310 9724
24311 9724
24312 9724
24313 9725
24314 9725
24315 9726
24316 9726
24317 9726
24318 9727
24319 9727
24320 9728
24321 9728
24322 9729
24323 9729
24324 9729
24325 9730
24326 9730
24327 9730
24328 9731
24329 9731
24330 9731
24331 9732
24332 9732
24333 9733
24334 9733
24335 9734
24336 9734
24337 9735
24338 9735
24339 9735
24340 9736
24341 9736
24342 9737
24343 9737
24344 9738
24345 9738
24346 9738
24347 9739
24348 9739
24349 9740
24350 9740
24351 9741
24352 9741
24353 9742
24354 9742
24355 9742
24356 9743
24357 9743
24358 9743
24359 9744
24360 9744
24361 9744
24362 9745
24363 9745
24364 9745
24365 9746
24366 9746
24367 9746
24368 9747
24369 9747
24370 9748
24371 9748
24372 9748
24373 9749
24374 9749
24375 9750
24376 9750
24377 9751
24378 9751
24379 9752
24380 9752
24381 9753
24382 9753
24383 9753
24384 9754
24385 9754
24386 9755
24387 9755
24388 9756
24389 9756
24390 9756
24391 9757
24392 9757
24393 9758
24394 9758
24395 9758
24396 9759
24397 9759
24398 9760
24399 9760
24400 9760
24401 9761
24402 9761
24403 9762
24404 9762
24405 9762
24406 9763
24407 9763
24408 9764
24409 9764
24410 9765
24411 9765
24412 9766
24413 9766
24414 9767
24415 9767
24416 9768
24417 9768
24418 9768
24419 9769
24420 9769
24421 9770
24422 9770
24423 9771
24424 9771
24425 9772
24426 9772
24427 9773
24428 9773
24429 9773
24430 9774
24431 9774
24432 9774
24433 9775
24434 9775
24435 9776
24436 9776
24437 9776
24438 9777
24439 9777
24440 9777
24441 9778
24442 9778
24443 9779
24444 9779
24445 9779
24446 9780
24447 9780
24448 9781
24449 9781
24450 9781
24451 9782
24452 9782
24453 9783
24454 9783
24455 9784
24456 9784
24457 9785
24458 9785
24459 9786
24460 9786
24461 9787
24462 9787
24463 9788
24464 9788
24465 9788
24466 9789
24467 9789
24468 9789
24469 9790
24470 9790
24471 9791
24472 9791
24473 9792
24474 9792
24475 9792
24476 9793
24477 9793
24478 9794
24479 9794
24480 9795
24481 9795
24482 9795
24483 9796
24484 9796
24485 9796
24486 9797
24487 9797
24488 9797
24489 9798
24490 9798
24491 9798
24492 9799
24493 9799
24494 9799
24495 9800
24496 9800
24497 9800
24498 9801
24499 9801
24500 9802
24501 9802
24502 9802
24503 9803
24504 9803
24505 9804
24506 9804
24507 9805
24508 9805
24509 9806
24510 9806
24511 9806
24512 9807
24513 9807
24514 9808
24515 9808
24516 9808
24517 9809
24518 9809
24519 9809
24520 9810
24521 9810
24522 9811
24523 9811
24524 9812
24525 9812
24526 9813
24527 9813
24528 9813
24529 9814
24530 9814
24531 9815
24532 9815
24533 9816
24534 9816
24535 9816
24536 9817
24537 9817
24538 9818
24539 9818
24540 9818
24541 9819
24542 9819
24543 9820
24544 9820
24545 9820
24546 9821
24547 9821
24548 9821
24549 9822
24550 9822
24551 9823
24552 9823
24553 9824
24554 9824
24555 9824
24556 9825
24557 9825
24558 9825
24559 9826
24560 9826
24561 9827
24562 9827
24563 9827
24564 9828
24565 9828
24566 9829
24567 9829
24568 9829
24569 9830
24570 9830
24571 9830
24572 9831
24573 9831
24574 9831
24575 9832
24576 9832
24577 9833
24578 9833
24579 9833
24580 9834
24581 9834
24582 9834
24583 9835
24584 9835
24585 9836
24586 9836
24587 9836
24588 9837
24589 9837
24590 9838
24591 9838
24592 9839
24593 9839
24594 9839
24595 9840
24596 9840
24597 9841
24598 9841
24599 9842
24600 9842
24601 9842
24602 9843
24603 9843
24604 9843
24605 9844
24606 9844
24607 9844
24608 9845
24609 9845
24610 9845
24611 9846
24612 9846
24613 9846
24614 9847
24615 9847
24616 9847
24617 9848
24618 9848
24619 9849
24620 9849
24621 9850
24622 9850
24623 9850
24624 9851
24625 9851
24626 9851
24627 9852
24628 9852
24629 9852
24630 9853
24631 9853
24632 9853
24633 9854
24634 9854
24635 9854
24636 9855
24637 9855
24638 9856
24639 9856
24640 9857
24641 9857
24642 9857
24643 9858
24644 9858
24645 9858
24646 9859
24647 9859
24648 9860
24649 9860
24650 9860
24651 9861
24652 9861
24653 9862
24654 9862
24655 9863
24656 9863
24657 9863
24658 9864
24659 9864
24660 9865
24661 9865
24662 9865
24663 9866
24664 9866
24665 9867
24666 9867
24667 9867
24668 9868
24669 9868
24670 9869
24671 9869
24672 9869
24673 9870
24674 9870
24675 9870
24676 9871
24677 9871
24678 9871
24679 9872
24680 9872
24681 9872
24682 9873
24683 9873
24684 9874
24685 9874
24686 9875
24687 9875
24688 9875
24689 9876
24690 9876
24691 9876
24692 9877
24693 9877
24694 9877
24695 9878
24696 9878
24697 9878
24698 9879
24699 9879
24700 9879
24701 9880
24702 9880
24703 9880
24704 9881
24705 9881
24706 9882
24707 9882
24708 9882
24709 9883
24710 9883
24711 9883
24712 9884
24713 9884
24714 9885
24715 9885
24716 9886
24717 9886
24718 9887
24719 9887
24720 9888
24721 9888
24722 9889
24723 9889
24724 9889
24725 9890
24726 9890
24727 9891
24728 9891
24729 9891
24730 9892
24731 9892
24732 9892
24733 9893
24734 9893
24735 9893
24736 9894
24737 9894
24738 9895
24739 9895
24740 9896
24741 9896
24742 9897
24743 9897
24744 9897
24745 9898
24746 9898
24747 9898
24748 9899
24749 9899
24750 9899
24751 9900
24752 9900
24753 9901
24754 9901
24755 9902
24756 9902
24757 9903
24758 9903
24759 9903
24760 9904
24761 9904
24762 9904
24763 9905
24764 9905
24765 9906
24766 9906
24767 9906
24768 9907
24769 9907
24770 9907
24771 9908
24772 9908
24773 9908
24774 9909
24775 9909
24776 9909
24777 9910
24778 9910
24779 9911
24780 9911
24781 9911
24782 9912
24783 9912
24784 9912
24785 9913
24786 9913
24787 9913
24788 9914
24789 9914
24790 9915
24791 9915
24792 9915
24793 9916
24794 9916
24795 9916
24796 9917
24797 9917
24798 9918
24799 9918
24800 9918
24801 9919
24802 9919
24803 9920
24804 9920
24805 9920
24806 9921
24807 9921
24808 9922
24809 9922
24810 9922
24811 9923
24812 9923
24813 9923
24814 9924
24815 9924
24816 9924
24817 9925
24818 9925
24819 9926
24820 9926
24821 9927
24822 9927
24823 9927
24824 9928
24825 9928
24826 9928
24827 9929
24828 9929
24829 9930
24830 9930
24831 9931
24832 9931
24833 9932
24834 9932
24835 9933
24836 9933
24837 9934
24838 9934
24839 9934
24840 9935
24841 9935
24842 9936
24843 9936
24844 9937
24845 9937
24846 9938
24847 9938
24848 9939
24849 9939
24850 9939
24851 9940
24852 9940
24853 9940
24854 9941
24855 9941
24856 9942
24857 9942
24858 9942
24859 9943
24860 9943
24861 9944
24862 9944
24863 9945
24864 9945
24865 9946
24866 9946
24867 9946
24868 9947
24869 9947
24870 9948
24871 9948
24872 9949
24873 9949
24874 9950
24875 9950
24876 9951
24877 9951
24878 9951
24879 9952
24880 9952
24881 9953
24882 9953
24883 9954
24884 9954
24885 9955
24886 9955
24887 9955
24888 9956
24889 9956
24890 9956
24891 9957
24892 9957
24893 9958
24894 9958
24895 9959
24896 9959
24897 9959
24898 9960
24899 9960
24900 9961
24901 9961
24902 9962
24903 9962
24904 9962
24905 9963
24906 9963
24907 9964
24908 9964
24909 9964
24910 9965
24911 9965
24912 9965
24913 9966
24914 9966
24915 9967
24916 9967
24917 9968
24918 9968
24919 9968
24920 9969
24921 9969
24922 9970
24923 9970
24924 9971
24925 9971
24926 9971
24927 9972
24928 9972
24929 9972
24930 9973
24931 9973
24932 9973
24933 9974
24934 9974
24935 9974
24936 9975
24937 9975
24938 9976
24939 9976
24940 9976
24941 9977
24942 9977
24943 9977
24944 9978
24945 9978
24946 9978
24947 9979
24948 9979
24949 9980
24950 9980
24951 9980
24952 9981
24953 9981
24954 9982
24955 9982
24956 9983
24957 9983
24958 9984
24959 9984
24960 9985
24961 9985
24962 9985
24963 9986
24964 9986
24965 9987
24966 9987
24967 9988
24968 9988
24969 9989
24970 9989
24971 9989
24972 9990
24973 9990
24974 9991
24975 9991
24976 9991
24977 9992
24978 9992
24979 9992
24980 9993
24981 9993
24982 9994
24983 9994
24984 9994
24985 9995
24986 9995
24987 9995
24988 9996
24989 9996
24990 9996
24991 9997
24992 9997
24993 9998
24994 9998
24995 9999
24996 9999
24997 10000
24998 10000
24999
S 1 1
1 2 1
2 3 1
3 4 1
4 5 1
5 6 1
6 7 1
7 8 1
8 9 1
9 10 1
10 11 1
11 12 1
12 13 1
13 14 1
14 15 1
15 16 1
16 17 1
17 18 1
18 19 1
19 20 1
20 21 1
21 22 1
22 23 1
23 24 1
24 25 1
25 26 1
26 27 1
27 28 1
28 29 1
29 30 1
30 31 1
31 32 1
32 33 1
33 34 1
34 35 1
35 36 1
36 37 1
37 38 1
38 39 1
39 40 1
40 41 1
41 42 1
42 43 1
43 44 1
44 45 1
45 46 1
46 47 1
47 48 1
48 49 1
49 50 1
50 51 1
51 52 1
52 53 1
53 54 1
54 55 1
55 56 1
56 57 1
57 58 1
58 59 1
59 60 1
60 61 1
61 62 1
62 63 1
63 64 1
64 65 1
65 66 1
66 67 1
67 68 1
68 69 1
69 70 1
70 71 1
71 72 1
72 73 1
73 74 1
74 75 1
75 76 1
76 77 1
77 78 1
78 79 1
79 80 1
80 81 1
81 82 1
82 83 1
83 84 1
84 85 1
85 86 1
86 87 1
87 88 1
88 89 1
89 90 1
90 91 1
91 92 1
92 93 1
93 94 1
94 95 1
95 96 1
96 97 1
97 98 1
98 99 1
99 100 1
100 101 1
101 102 1
102 103 1
103 104 1
104 105 1
105 106 1
106 107 1
107 108 1
108 109 1
109 110 1
110 111 1
111 112 1
112 113 1
113 114 1
114 115 1
115 116 1
116 117 1
117 118 1
118 119 1
119 120 1
120 121 1
121 122 1
122 123 1
123 124 1
124 125 1
125 126 1
126 127 1
127 128 1
128 129 1
129 130 1
130 131 1
131 132 1
132 133 1
133 134 1
134 135 1
135 136 1
136 137 1
137 138 1
138 139 1
139 140 1
140 141 1
141 142 1
142 143 1
143 144 1
144 145 1
145 146 1
146 147 1
147 148 1
148 149 1
149 150 1
150 151 1
151 152 1
152 153 1
153 154 1
154 155 1
155 156 1
156 157 1
157 158 1
158 159 1
159 160 1
160 161 1
161 162 1
162 163 1
163 164 1
164 165 1
165 166 1
166 167 1
167 168 1
168 169 1
169 170 1
170 171 1
171 172 1
172 173 1
173 174 1
174 175 1
175 176 1
176 177 1
177 178 1
178 179 1
179 180 1
180 181 1
181 182 1
182 183 1
183 184 1
184 185 1
185 186 1
186 187 1
187 188 1
188 189 1
189 190 1
190 191 1
191 192 1
192 193 1
193 194 1
194 195 1
195 196 1
196 197 1
197 198 1
198 199 1
199 200 1
200 201 1
201 202 1
202 203 1
203 204 1
204 205 1
205 206 1
206 207 1
207 208 1
208 209 1
209 210 1
210 211 1
211 212 1
212 213 1
213 214 1
214 215 1
215 216 1
216 217 1
217 218 1
218 219 1
219 220 1
220 221 1
221 222 1
222 223 1
223 224 1
224 225 1
225 226 1
226 227 1
227 228 1
228 229 1
229 230 1
230 231 1
231 232 1
232 233 1
233 234 1
234 235 1
235 236 1
236 237 1
237 238 1
238 239 1
239 240 1
240 241 1
241 242 1
242 243 1
243 244 1
244 245 1
245 246 1
246 247 1
247 248 1
248 249 1
249 250 1
250 251 1
251 252 1
252 253 1
253 254 1
254 255 1
255 256 1
256 257 1
257 258 1
258 259 1
259 260 1
260 261 1
261 262 1
262 263 1
263 264 1
264 265 1
265 266 1
266 267 1
267 268 1
268 269 1
269 270 1
270 271 1
271 272 1
272 273 1
273 274 1
274 275 1
275 276 1
276 277 1
277 278 1
278 279 1
279 280 1
280 281 1
281 282 1
282 283 1
283 284 1
284 285 1
285 286 1
286 287 1
287 288 1
288 289 1
289 290 1
290 291 1
291 292 1
292 293 1
293 294 1
294 295 1
295 296 1
296 297 1
297 298 1
298 299 1
299 300 1
300 301 1
301 302 1
302 303 1
303 304 1
304 305 1
305 306 1
306 307 1
307 308 1
308 309 1
309 310 1
310 311 1
311 312 1
312 313 1
313 314 1
314 315 1
315 316 1
316 317 1
317 318 1
318 319 1
319 320 1
320 321 1
321 322 1
322 323 1
323 324 1
324 325 1
325 326 1
326 327 1
327 328 1
328 329 1
329 330 1
330 331 1
331 332 1
332 333 1
333 334 1
334 335 1
335 336 1
336 337 1
337 338 1
338 339 1
339 340 1
340 341 1
341 342 1
342 343 1
343 344 1
344 345 1
345 346 1
346 347 1
347 348 1
348 349 1
349 350 1
350 351 1
351 352 1
352 353 1
353 354 1
354 355 1
355 356 1
356 357 1
357 358 1
358 359 1
359 360 1
360 361 1
361 362 1
362 363 1
363 364 1
364 365 1
365 366 1
366 367 1
367 368 1
368 369 1
369 370 1
370 371 1
371 372 1
372 373 1
373 374 1
374 375 1
375 376 1
376 377 1
377 378 1
378 379 1
379 380 1
380 381 1
381 382 1
382 383 1
383 384 1
384 385 1
385 386 1
386 387 1
387 388 1
388 389 1
389 390 1
390 391 1
391 392 1
392 393 1
393 394 1
394 395 1
395 396 1
396 397 1
397 398 1
398 399 1
399 400 1
400 401 1
401 402 1
402 403 1
403 404 1
404 405 1
405 406 1
406 407 1
407 408 1
408 409 1
409 410 1
410 411 1
411 412 1
412 413 1
413 414 1
414 415 1
415 416 1
416 417 1
417 418 1
418 419 1
419 420 1
420 421 1
421 422 1
422 423 1
423 424 1
424 425 1
425 426 1
426 427 1
427 428 1
428 429 1
429 430 1
430 431 1
431 432 1
432 433 1
433 434 1
434 435 1
435 436 1
436 437 1
437 438 1
438 439 1
439 440 1
440 441 1
441 442 1
442 443 1
443 444 1
444 445 1
445 446 1
446 447 1
447 448 1
448 449 1
449 450 1
450 451 1
451 452 1
452 453 1
453 454 1
454 455 1
455 456 1
456 457 1
457 458 1
458 459 1
459 460 1
460 461 1
461 462 1
462 463 1
463 464 1
464 465 1
465 466 1
466 467 1
467 468 1
468 469 1
469 470 1
470 471 1
471 472 1
472 473 1
473 474 1
474 475 1
475 476 1
476 477 1
477 478 1
478 479 1
479 480 1
480 481 1
481 482 1
482 483 1
483 484 1
484 485 1
485 486 1
486 487 1
487 488 1
488 489 1
489 490 1
490 491 1
491 492 1
492 493 1
493 494 1
494 495 1
495 496 1
496 497 1
497 498 1
498 499 1
499 500 1
500 501 1
501 502 1
502 503 1
503 504 1
504 505 1
505 506 1
506 507 1
507 508 1
508 509 1
509 510 1
510 511 1
511 512 1
512 513 1
513 514 1
514 515 1
515 516 1
516 517 1
517 518 1
518 519 1
519 520 1
520 521 1
521 522 1
522 523 1
523 524 1
524 525 1
525 526 1
526 527 1
527 528 1
528 529 1
529 530 1
530 531 1
531 532 1
532 533 1
533 534 1
534 535 1
535 536 1
536 537 1
537 538 1
538 539 1
539 540 1
540 541 1
541 542 1
542 543 1
543 544 1
544 545 1
545 546 1
546 547 1
547 548 1
548 549 1
549 550 1
550 551 1
551 552 1
552 553 1
553 554 1
554 555 1
555 556 1
556 557 1
557 558 1
558 559 1
559 560 1
560 561 1
561 562 1
562 563 1
563 564 1
564 565 1
565 566 1
566 567 1
567 568 1
568 569 1
569 570 1
570 571 1
571 572 1
572 573 1
573 574 1
574 575 1
575 576 1
576 577 1
577 578 1
578 579 1
579 580 1
580 581 1
581 582 1
582 583 1
583 584 1
584 585 1
585 586 1
586 587 1
587 588 1
588 589 1
589 590 1
590 591 1
591 592 1
592 593 1
593 594 1
594 595 1
595 596 1
596 597 1
597 598 1
598 599 1
599 600 1
600 601 1
601 602 1
602 603 1
603 604 1
604 605 1
605 606 1
606 607 1
607 608 1
608 609 1
609 610 1
610 611 1
611 612 1
612 613 1
613 614 1
614 615 1
615 616 1
616 617 1
617 618 1
618 619 1
619 620 1
620 621 1
621 622 1
622 623 1
623 624 1
624 625 1
625 626 1
626 627 1
627 628 1
628 629 1
629 630 1
630 631 1
631 632 1
632 633 1
633 634 1
634 635 1
635 636 1
636 637 1
637 638 1
638 639 1
639 640 1
640 641 1
641 642 1
642 643 1
643 644 1
644 645 1
645 646 1
646 647 1
647 648 1
648 649 1
649 650 1
650 651 1
651 652 1
652 653 1
653 654 1
654 655 1
655 656 1
656 657 1
657 658 1
658 659 1
659 660 1
660 661 1
661 662 1
662 663 1
663 664 1
664 665 1
665 666 1
666 667 1
667 668 1
668 669 1
669 670 1
670 671 1
671 672 1
672 673 1
673 674 1
674 675 1
675 676 1
676 677 1
677 678 1
678 679 1
679 680 1
680 681 1
681 682 1
682 683 1
683 684 1
684 685 1
685 686 1
686 687 1
687 688 1
688 689 1
689 690 1
690 691 1
691 692 1
692 693 1
693 694 1
694 695 1
695 696 1
696 697 1
697 698 1
698 699 1
699 700 1
700 701 1
701 702 1
702 703 1
703 704 1
704 705 1
705 706 1
706 707 1
707 708 1
708 709 1
709 710 1
710 711 1
711 712 1
712 713 1
713 714 1
714 715 1
715 716 1
716 717 1
717 718 1
718 719 1
719 720 1
720 721 1
721 722 1
722 723 1
723 724 1
724 725 1
725 726 1
726 727 1
727 728 1
728 729 1
729 730 1
730 731 1
731 732 1
732 733 1
733 734 1
734 735 1
735 736 1
736 737 1
737 738 1
738 739 1
739 740 1
740 741 1
741 742 1
742 743 1
743 744 1
744 745 1
745 746 1
746 747 1
747 748 1
748 749 1
749 750 1
750 751 1
751 752 1
752 753 1
753 754 1
754 755 1
755 756 1
756 757 1
757 758 1
758 759 1
759 760 1
760 761 1
761 762 1
762 763 1
763 764 1
764 765 1
765 766 1
766 767 1
767 768 1
768 769 1
769 770 1
770 771 1
771 772 1
772 773 1
773 774 1
774 775 1
775 776 1
776 777 1
777 778 1
778 779 1
779 780 1
780 781 1
781 782 1
782 783 1
783 784 1
784 785 1
785 786 1
786 787 1
787 788 1
788 789 1
789 790 1
790 791 1
791 792 1
792 793 1
793 794 1
794 795 1
795 796 1
796 797 1
797 798 1
798 799 1
799 800 1
800 801 1
801 802 1
802 803 1
803 804 1
804 805 1
805 806 1
806 807 1
807 808 1
808 809 1
809 810 1
810 811 1
811 812 1
812 813 1
813 814 1
814 815 1
815 816 1
816 817 1
817 818 1
818 819 1
819 820 1
820 821 1
821 822 1
822 823 1
823 824 1
824 825 1
825 826 1
826 827 1
827 828 1
828 829 1
829 830 1
830 831 1
831 832 1
832 833 1
833 834 1
834 835 1
835 836 1
836 837 1
837 838 1
838 839 1
839 840 1
840 841 1
841 842 1
842 843 1
843 844 1
844 845 1
845 846 1
846 847 1
847 848 1
848 849 1
849 850 1
850 851 1
851 852 1
852 853 1
853 854 1
854 855 1
855 856 1
856 857 1
857 858 1
858 859 1
859 860 1
860 861 1
861 862 1
862 863 1
863 864 1
864 865 1
865 866 1
866 867 1
867 868 1
868 869 1
869 870 1
870 871 1
871 872 1
872 873 1
873 874 1
874 875 1
875 876 1
876 877 1
877 878 1
878 879 1
879 880 1
880 881 1
881 882 1
882 883 1
883 884 1
884 885 1
885 886 1
886 887 1
887 888 1
888 889 1
889 890 1
890 891 1
891 892 1
892 893 1
893 894 1
894 895 1
895 896 1
896 897 1
897 898 1
898 899 1
899 900 1
900 901 1
901 902 1
902 903 1
903 904 1
904 905 1
905 906 1
906 907 1
907 908 1
908 909 1
909 910 1
910 911 1
911 912 1
912 913 1
913 914 1
914 915 1
915 916 1
916 917 1
917 918 1
918 919 1
919 920 1
920 921 1
921 922 1
922 923 1
923 924 1
924 925 1
925 926 1
926 927 1
927 928 1
928 929 1
929 930 1
930 931 1
931 932 1
932 933 1
933 934 1
934 935 1
935 936 1
936 937 1
937 938 1
938 939 1
939 940 1
940 941 1
941 942 1
942 943 1
943 944 1
944 945 1
945 946 1
946 947 1
947 948 1
948 949 1
949 950 1
950 951 1
951 952 1
952 953 1
953 954 1
954 955 1
955 956 1
956 957 1
957 958 1
958 959 1
959 960 1
960 961 1
961 962 1
962 963 1
963 964 1
964 965 1
965 966 1
966 967 1
967 968 1
968 969 1
969 970 1
970 971 1
971 972 1
972 973 1
973 974 1
974 975 1
975 976 1
976 977 1
977 978 1
978 979 1
979 980 1
980 981 1
981 982 1
982 983 1
983 984 1
984 985 1
985 986 1
986 987 1
987 988 1
988 989 1
989 990 1
990 991 1
991 992 1
992 993 1
993 994 1
994 995 1
995 996 1
996 997 1
997 998 1
998 999 1
999 1000 1
1000 1001 1
1001 1002 1
1002 1003 1
1003 1004 1
1004 1005 1
1005 1006 1
1006 1007 1
1007 1008 1
1008 1009 1
1009 1010 1
1010 1011 1
1011 1012 1
1012 1013 1
1013 1014 1
1014 1015 1
1015 1016 1
1016 1017 1
1017 1018 1
1018 1019 1
1019 1020 1
1020 1021 1
1021 1022 1
1022 1023 1
1023 1024 1
1024 1025 1
1025 1026 1
1026 1027 1
1027 1028 1
1028 1029 1
1029 1030 1
1030 1031 1
1031 1032 1
1032 1033 1
1033 1034 1
1034 1035 1
1035 1036 1
1036 1037 1
1037 1038 1
1038 1039 1
1039 1040 1
1040 1041 1
1041 1042 1
1042 1043 1
1043 1044 1
1044 1045 1
1045 1046 1
1046 1047 1
1047 1048 1
1048 1049 1
1049 1050 1
1050 1051 1
1051 1052 1
1052 1053 1
1053 1054 1
1054 1055 1
1055 1056 1
1056 1057 1
1057 1058 1
1058 1059 1
1059 1060 1
1060 1061 1
1061 1062 1
1062 1063 1
1063 1064 1
1064 1065 1
1065 1066 1
1066 1067 1
1067 1068 1
1068 1069 1
1069 1070 1
1070 1071 1
1071 1072 1
1072 1073 1
1073 1074 1
1074 1075 1
1075 1076 1
1076 1077 1
1077 1078 1
1078 1079 1
1079 1080 1
1080 1081 1
1081 1082 1
1082 1083 1
1083 1084 1
1084 1085 1
1085 1086 1
1086 1087 1
1087 1088 1
1088 1089 1
1089 1090 1
1090 1091 1
1091 1092 1
1092 1093 1
1093 1094 1
1094 1095 1
1095 1096 1
1096 1097 1
1097 1098 1
1098 1099 1
1099 1100 1
1100 1101 1
1101 1102 1
1102 1103 1
1103 1104 1
1104 1105 1
1105 1106 1
1106 1107 1
1107 1108 1
1108 1109 1
1109 1110 1
1110 1111 1
1111 1112 1
1112 1113 1
1113 1114 1
1114 1115 1
1115 1116 1
1116 1117 1
1117 1118 1
1118 1119 1
1119 1120 1
1120 1121 1
1121 1122 1
1122 1123 1
1123 1124 1
1124 1125 1
1125 1126 1
1126 1127 1
1127 1128 1
1128 1129 1
1129 1130 1
1130 1131 1
1131 1132 1
1132 1133 1
1133 1134 1
1134 1135 1
1135 1136 1
1136 1137 1
1137 1138 1
1138 1139 1
1139 1140 1
1140 1141 1
1141 1142 1
1142 1143 1
1143 1144 1
1144 1145 1
1145 1146 1
1146 1147 1
1147 1148 1
1148 1149 1
1149 1150 1
1150 1151 1
1151 1152 1
1152 1153 1
1153 1154 1
1154 1155 1
1155 1156 1
1156 1157 1
1157 1158 1
1158 1159 1
1159 1160 1
1160 1161 1
1161 1162 1
1162 1163 1
1163 1164 1
1164 1165 1
1165 1166 1
1166 1167 1
1167 1168 1
1168 1169 1
1169 1170 1
1170 1171 1
1171 1172 1
1172 1173 1
1173 1174 1
1174 1175 1
1175 1176 1
1176 1177 1
1177 1178 1
1178 1179 1
1179 1180 1
1180 1181 1
1181 1182 1
1182 1183 1
1183 1184 1
1184 1185 1
1185 1186 1
1186 1187 1
1187 1188 1
1188 1189 1
1189 1190 1
1190 1191 1
1191 1192 1
1192 1193 1
1193 1194 1
1194 1195 1
1195 1196 1
1196 1197 1
1197 1198 1
1198 1199 1
1199 1200 1
1200 1201 1
1201 1202 1
1202 1203 1
1203 1204 1
1204 1205 1
1205 1206 1
1206 1207 1
1207 1208 1
1208 1209 1
1209 1210 1
1210 1211 1
1211 1212 1
1212 1213 1
1213 1214 1
1214 1215 1
1215 1216 1
1216 1217 1
1217 1218 1
1218 1219 1
1219 1220 1
1220 1221 1
1221 1222 1
1222 1223 1
1223 1224 1
1224 1225 1
1225 1226 1
1226 1227 1
1227 1228 1
1228 1229 1
1229 1230 1
1230 1231 1
1231 1232 1
1232 1233 1
1233 1234 1
1234 1235 1
1235 1236 1
1236 1237 1
1237 1238 1
1238 1239 1
1239 1240 1
1240 1241 1
1241 1242 1
1242 1243 1
1243 1244 1
1244 1245 1
1245 1246 1
1246 1247 1
1247 1248 1
1248 1249 1
1249 1250 1
1250 1251 1
1251 1252 1
1252 1253 1
1253 1254 1
1254 1255 1
1255 1256 1
1256 1257 1
1257 1258 1
1258 1259 1
1259 1260 1
1260 1261 1
1261 1262 1
1262 1263 1
1263 1264 1
1264 1265 1
1265 1266 1
1266 1267 1
1267 1268 1
1268 1269 1
1269 1270 1
1270 1271 1
1271 1272 1
1272 1273 1
1273 1274 1
1274 1275 1
1275 1276 1
1276 1277 1
1277 1278 1
1278 1279 1
1279 1280 1
1280 1281 1
1281 1282 1
1282 1283 1
1283 1284 1
1284 1285 1
1285 1286 1
1286 1287 1
1287 1288 1
1288 1289 1
1289 1290 1
1290 1291 1
1291 1292 1
1292 1293 1
1293 1294 1
1294 1295 1
1295 1296 1
1296 1297 1
1297 1298 1
1298 1299 1
1299 1300 1
1300 1301 1
1301 1302 1
1302 1303 1
1303 1304 1
1304 1305 1
1305 1306 1
1306 1307 1
1307 1308 1
1308 1309 1
1309 1310 1
1310 1311 1
1311 1312 1
1312 1313 1
1313 1314 1
1314 1315 1
1315 1316 1
1316 1317 1
1317 1318 1
1318 1319 1
1319 1320 1
1320 1321 1
1321 1322 1
1322 1323 1
1323 1324 1
1324 1325 1
1325 1326 1
1326 1327 1
1327 1328 1
1328 1329 1
1329 1330 1
1330 1331 1
1331 1332 1
1332 1333 1
1333 1334 1
1334 1335 1
1335 1336 1
1336 1337 1
1337 1338 1
1338 1339 1
1339 1340 1
1340 1341 1
1341 1342 1
1342 1343 1
1343 1344 1
1344 1345 1
1345 1346 1
1346 1347 1
1347 1348 1
1348 1349 1
1349 1350 1
1350 1351 1
1351 1352 1
1352 1353 1
1353 1354 1
1354 1355 1
1355 1356 1
1356 1357 1
1357 1358 1
1358 1359 1
1359 1360 1
1360 1361 1
1361 1362 1
1362 1363 1
1363 1364 1
1364 1365 1
1365 1366 1
1366 1367 1
1367 1368 1
1368 1369 1
1369 1370 1
1370 1371 1
1371 1372 1
1372 1373 1
1373 1374 1
1374 1375 1
1375 1376 1
1376 1377 1
1377 1378 1
1378 1379 1
1379 1380 1
1380 1381 1
1381 1382 1
1382 1383 1
1383 1384 1
1384 1385 1
1385 1386 1
1386 1387 1
1387 1388 1
1388 1389 1
1389 1390 1
1390 1391 1
1391 1392 1
1392 1393 1
1393 1394 1
1394 1395 1
1395 1396 1
1396 1397 1
1397 1398 1
1398 1399 1
1399 1400 1
1400 1401 1
1401 1402 1
1402 1403 1
1403 1404 1
1404 1405 1
1405 1406 1
1406 1407 1
1407 1408 1
1408 1409 1
1409 1410 1
1410 1411 1
1411 1412 1
1412 1413 1
1413 1414 1
1414 1415 1
1415 1416 1
1416 1417 1
1417 1418 1
1418 1419 1
1419 1420 1
1420 1421 1
1421 1422 1
1422 1423 1
1423 1424 1
1424 1425 1
1425 1426 1
1426 1427 1
1427 1428 1
1428 1429 1
1429 1430 1
1430 1431 1
1431 1432 1
1432 1433 1
1433 1434 1
1434 1435 1
1435 1436 1
1436 1437 1
1437 1438 1
1438 1439 1
1439 1440 1
1440 1441 1
1441 1442 1
1442 1443 1
1443 1444 1
1444 1445 1
1445 1446 1
1446 1447 1
1447 1448 1
1448 1449 1
1449 1450 1
1450 1451 1
1451 1452 1
1452 1453 1
1453 1454 1
1454 1455 1
1455 1456 1
1456 1457 1
1457 1458 1
1458 1459 1
1459 1460 1
1460 1461 1
1461 1462 1
1462 1463 1
1463 1464 1
1464 1465 1
1465 1466 1
1466 1467 1
1467 1468 1
1468 1469 1
1469 1470 1
1470 1471 1
1471 1472 1
1472 1473 1
1473 1474 1
1474 1475 1
1475 1476 1
1476 1477 1
1477 1478 1
1478 1479 1
1479 1480 1
1480 1481 1
1481 1482 1
1482 1483 1
1483 1484 1
1484 1485 1
1485 1486 1
1486 1487 1
1487 1488 1
1488 1489 1
1489 1490 1
1490 1491 1
1491 1492 1
1492 1493 1
1493 1494 1
1494 1495 1
1495 1496 1
1496 1497 1
1497 1498 1
1498 1499 1
1499 1500 1
1500 1501 1
1501 1502 1
1502 1503 1
1503 1504 1
1504 1505 1
1505 1506 1
1506 1507 1
1507 1508 1
1508 1509 1
1509 1510 1
1510 1511 1
1511 1512 1
1512 1513 1
1513 1514 1
1514 1515 1
1515 1516 1
1516 1517 1
1517 1518 1
1518 1519 1
1519 1520 1
1520 1521 1
1521 1522 1
1522 1523 1
1523 1524 1
1524 1525 1
1525 1526 1
1526 1527 1
1527 1528 1
1528 1529 1
1529 1530 1
1530 1531 1
1531 1532 1
1532 1533 1
1533 1534 1
1534 1535 1
1535 1536 1
1536 1537 1
1537 1538 1
1538 1539 1
1539 1540 1
1540 1541 1
1541 1542 1
1542 1543 1
1543 1544 1
1544 1545 1
1545 1546 1
1546 1547 1
1547 1548 1
1548 1549 1
1549 1550 1
1550 1551 1
1551 1552 1
1552 1553 1
1553 1554 1
1554 1555 1
1555 1556 1
1556 1557 1
1557 1558 1
1558 1559 1
1559 1560 1
1560 1561 1
1561 1562 1
1562 1563 1
1563 1564 1
1564 1565 1
1565 1566 1
1566 1567 1
1567 1568 1
1568 1569 1
1569 1570 1
1570 1571 1
1571 1572 1
1572 1573 1
1573 1574 1
1574 1575 1
1575 1576 1
1576 1577 1
1577 1578 1
1578 1579 1
1579 1580 1
1580 1581 1
1581 1582 1
1582 1583 1
1583 1584 1
1584 1585 1
1585 1586 1
1586 1587 1
1587 1588 1
1588 1589 1
1589 1590 1
1590 1591 1
1591 1592 1
1592 1593 1
1593 1594 1
1594 1595 1
1595 1596 1
1596 1597 1
1597 1598 1
1598 1599 1
1599 1600 1
1600 1601 1
1601 1602 1
1602 1603 1
1603 1604 1
1604 1605 1
1605 1606 1
1606 1607 1
1607 1608 1
1608 1609 1
1609 1610 1
1610 1611 1
1611 1612 1
1612 1613 1
1613 1614 1
1614 1615 1
1615 1616 1
1616 1617 1
1617 1618 1
1618 1619 1
1619 1620 1
1620 1621 1
1621 1622 1
1622 1623 1
1623 1624 1
1624 1625 1
1625 1626 1
1626 1627 1
1627 1628 1
1628 1629 1
1629 1630 1
1630 1631 1
1631 1632 1
1632 1633 1
1633 1634 1
1634 1635 1
1635 1636 1
1636 1637 1
1637 1638 1
1638 1639 1
1639 1640 1
1640 1641 1
1641 1642 1
1642 1643 1
1643 1644 1
1644 1645 1
1645 1646 1
1646 1647 1
1647 1648 1
1648 1649 1
1649 1650 1
1650 1651 1
1651 1652 1
1652 1653 1
1653 1654 1
1654 1655 1
1655 1656 1
1656 1657 1
1657 1658 1
1658 1659 1
1659 1660 1
1660 1661 1
1661 1662 1
1662 1663 1
1663 1664 1
1664 1665 1
1665 1666 1
1666 1667 1
1667 1668 1
1668 1669 1
1669 1670 1
1670 1671 1
1671 1672 1
1672 1673 1
1673 1674 1
1674 1675 1
1675 1676 1
1676 1677 1
1677 1678 1
1678 1679 1
1679 1680 1
1680 1681 1
1681 1682 1
1682 1683 1
1683 1684 1
1684 1685 1
1685 1686 1
1686 1687 1
1687 1688 1
1688 1689 1
1689 1690 1
1690 1691 1
1691 1692 1
1692 1693 1
1693 1694 1
1694 1695 1
1695 1696 1
1696 1697 1
1697 1698 1
1698 1699 1
1699 1700 1
1700 1701 1
1701 1702 1
1702 1703 1
1703 1704 1
1704 1705 1
1705 1706 1
1706 1707 1
1707 1708 1
1708 1709 1
1709 1710 1
1710 1711 1
1711 1712 1
1712 1713 1
1713 1714 1
1714 1715 1
1715 1716 1
1716 1717 1
1717 1718 1
1718 1719 1
1719 1720 1
1720 1721 1
1721 1722 1
1722 1723 1
1723 1724 1
1724 1725 1
1725 1726 1
1726 1727 1
1727 1728 1
1728 1729 1
1729 1730 1
1730 1731 1
1731 1732 1
1732 1733 1
1733 1734 1
1734 1735 1
1735 1736 1
1736 1737 1
1737 1738 1
1738 1739 1
1739 1740 1
1740 1741 1
1741 1742 1
1742 1743 1
1743 1744 1
1744 1745 1
1745 1746 1
1746 1747 1
1747 1748 1
1748 1749 1
1749 1750 1
1750 1751 1
1751 1752 1
1752 1753 1
1753 1754 1
1754 1755 1
1755 1756 1
1756 1757 1
1757 1758 1
1758 1759 1
1759 1760 1
1760 1761 1
1761 1762 1
1762 1763 1
1763 1764 1
1764 1765 1
1765 1766 1
1766 1767 1
1767 1768 1
1768 1769 1
1769 1770 1
1770 1771 1
1771 1772 1
1772 1773 1
1773 1774 1
1774 1775 1
1775 1776 1
1776 1777 1
1777 1778 1
1778 1779 1
1779 1780 1
1780 1781 1
1781 1782 1
1782 1783 1
1783 1784 1
1784 1785 1
1785 1786 1
1786 1787 1
1787 1788 1
1788 1789 1
1789 1790 1
1790 1791 1
1791 1792 1
1792 1793 1
1793 1794 1
1794 1795 1
1795 1796 1
1796 1797 1
1797 1798 1
1798 1799 1
1799 1800 1
1800 1801 1
1801 1802 1
1802 1803 1
1803 1804 1
1804 1805 1
1805 1806 1
1806 1807 1
1807 1808 1
1808 1809 1
1809 1810 1
1810 1811 1
1811 1812 1
1812 1813 1
1813 1814 1
1814 1815 1
1815 1816 1
1816 1817 1
1817 1818 1
1818 1819 1
1819 1820 1
1820 1821 1
1821 1822 1
1822 1823 1
1823 1824 1
1824 1825 1
1825 1826 1
1826 1827 1
1827 1828 1
1828 1829 1
1829 1830 1
1830 1831 1
1831 1832 1
1832 1833 1
1833 1834 1
1834 1835 1
1835 1836 1
1836 1837 1
1837 1838 1
1838 1839 1
1839 1840 1
1840 1841 1
1841 1842 1
1842 1843 1
1843 1844 1
1844 1845 1
1845 1846 1
1846 1847 1
1847 1848 1
1848 1849 1
1849 1850 1
1850 1851 1
1851 1852 1
1852 1853 1
1853 1854 1
1854 1855 1
1855 1856 1
1856 1857 1
1857 1858 1
1858 1859 1
1859 1860 1
1860 1861 1
1861 1862 1
1862 1863 1
1863 1864 1
1864 1865 1
1865 1866 1
1866 1867 1
1867 1868 1
1868 1869 1
1869 1870 1
1870 1871 1
1871 1872 1
1872 1873 1
1873 1874 1
1874 1875 1
1875 1876 1
1876 1877 1
1877 1878 1
1878 1879 1
1879 1880 1
1880 1881 1
1881 1882 1
1882 1883 1
1883 1884 1
1884 1885 1
1885 1886 1
1886 1887 1
1887 1888 1
1888 1889 1
1889 1890 1
1890 1891 1
1891 1892 1
1892 1893 1
1893 1894 1
1894 1895 1
1895 1896 1
1896 1897 1
1897 1898 1
1898 1899 1
1899 1900 1
1900 1901 1
1901 1902 1
1902 1903 1
1903 1904 1
1904 1905 1
1905 1906 1
1906 1907 1
1907 1908 1
1908 1909 1
1909 1910 1
1910 1911 1
1911 1912 1
1912 1913 1
1913 1914 1
1914 1915 1
1915 1916 1
1916 1917 1
1917 1918 1
1918 1919 1
1919 1920 1
1920 1921 1
1921 1922 1
1922 1923 1
1923 1924 1
1924 1925 1
1925 1926 1
1926 1927 1
1927 1928 1
1928 1929 1
1929 1930 1
1930 1931 1
1931 1932 1
1932 1933 1
1933 1934 1
1934 1935 1
1935 1936 1
1936 1937 1
1937 1938 1
1938 1939 1
1939 1940 1
1940 1941 1
1941 1942 1
1942 1943 1
1943 1944 1
1944 1945 1
1945 1946 1
1946 1947 1
1947 1948 1
1948 1949 1
1949 1950 1
1950 1951 1
1951 1952 1
1952 1953 1
1953 1954 1
1954 1955 1
1955 1956 1
1956 1957 1
1957 1958 1
1958 1959 1
1959 1960 1
1960 1961 1
1961 1962 1
1962 1963 1
1963 1964 1
1964 1965 1
1965 1966 1
1966 1967 1
1967 1968 1
1968 1969 1
1969 1970 1
1970 1971 1
1971 1972 1
1972 1973 1
1973 1974 1
1974 1975 1
1975 1976 1
1976 1977 1
1977 1978 1
1978 1979 1
1979 1980 1
1980 1981 1
1981 1982 1
1982 1983 1
1983 1984 1
1984 1985 1
1985 1986 1
1986 1987 1
1987 1988 1
1988 1989 1
1989 1990 1
1990 1991 1
1991 1992 1
1992 1993 1
1993 1994 1
1994 1995 1
1995 1996 1
1996 1997 1
1997 1998 1
1998 1999 1
1999 2000 1
2000 2001 1
2001 2002 1
2002 2003 1
2003 2004 1
2004 2005 1
2005 2006 1
2006 2007 1
2007 2008 1
2008 2009 1
2009 2010 1
2010 2011 1
2011 2012 1
2012 2013 1
2013 2014 1
2014 2015 1
2015 2016 1
2016 2017 1
2017 2018 1
2018 2019 1
2019 2020 1
2020 2021 1
2021 2022 1
2022 2023 1
2023 2024 1
2024 2025 1
2025 2026 1
2026 2027 1
2027 2028 1
2028 2029 1
2029 2030 1
2030 2031 1
2031 2032 1
2032 2033 1
2033 2034 1
2034 2035 1
2035 2036 1
2036 2037 1
2037 2038 1
2038 2039 1
2039 2040 1
2040 2041 1
2041 2042 1
2042 2043 1
2043 2044 1
2044 2045 1
2045 2046 1
2046 2047 1
2047 2048 1
2048 2049 1
2049 2050 1
2050 2051 1
2051 2052 1
2052 2053 1
2053 2054 1
2054 2055 1
2055 2056 1
2056 2057 1
2057 2058 1
2058 2059 1
2059 2060 1
2060 2061 1
2061 2062 1
2062 2063 1
2063 2064 1
2064 2065 1
2065 2066 1
2066 2067 1
2067 2068 1
2068 2069 1
2069 2070 1
2070 2071 1
2071 2072 1
2072 2073 1
2073 2074 1
2074 2075 1
2075 2076 1
2076 2077 1
2077 2078 1
2078 2079 1
2079 2080 1
2080 2081 1
2081 2082 1
2082 2083 1
2083 2084 1
2084 2085 1
2085 2086 1
2086 2087 1
2087 2088 1
2088 2089 1
2089 2090 1
2090 2091 1
2091 2092 1
2092 2093 1
2093 2094 1
2094 2095 1
2095 2096 1
2096 2097 1
2097 2098 1
2098 2099 1
2099 2100 1
2100 2101 1
2101 2102 1
2102 2103 1
2103 2104 1
2104 2105 1
2105 2106 1
2106 2107 1
2107 2108 1
2108 2109 1
2109 2110 1
2110 2111 1
2111 2112 1
2112 2113 1
2113 2114 1
2114 2115 1
2115 2116 1
2116 2117 1
2117 2118 1
2118 2119 1
2119 2120 1
2120 2121 1
2121 2122 1
2122 2123 1
2123 2124 1
2124 2125 1
2125 2126 1
2126 2127 1
2127 2128 1
2128 2129 1
2129 2130 1
2130 2131 1
2131 2132 1
2132 2133 1
2133 2134 1
2134 2135 1
2135 2136 1
2136 2137 1
2137 2138 1
2138 2139 1
2139 2140 1
2140 2141 1
2141 2142 1
2142 2143 1
2143 2144 1
2144 2145 1
2145 2146 1
2146 2147 1
2147 2148 1
2148 2149 1
2149 2150 1
2150 2151 1
2151 2152 1
2152 2153 1
2153 2154 1
2154 2155 1
2155 2156 1
2156 2157 1
2157 2158 1
2158 2159 1
2159 2160 1
2160 2161 1
2161 2162 1
2162 2163 1
2163 2164 1
2164 2165 1
2165 2166 1
2166 2167 1
2167 2168 1
2168 2169 1
2169 2170 1
2170 2171 1
2171 2172 1
2172 2173 1
2173 2174 1
2174 2175 1
2175 2176 1
2176 2177 1
2177 2178 1
2178 2179 1
2179 2180 1
2180 2181 1
2181 2182 1
2182 2183 1
2183 2184 1
2184 2185 1
2185 2186 1
2186 2187 1
2187 2188 1
2188 2189 1
2189 2190 1
2190 2191 1
2191 2192 1
2192 2193 1
2193 2194 1
2194 2195 1
2195 2196 1
2196 2197 1
2197 2198 1
2198 2199 1
2199 2200 1
2200 2201 1
2201 2202 1
2202 2203 1
2203 2204 1
2204 2205 1
2205 2206 1
2206 2207 1
2207 2208 1
2208 2209 1
2209 2210 1
2210 2211 1
2211 2212 1
2212 2213 1
2213 2214 1
2214 2215 1
2215 2216 1
2216 2217 1
2217 2218 1
2218 2219 1
2219 2220 1
2220 2221 1
2221 2222 1
2222 2223 1
2223 2224 1
2224 2225 1
2225 2226 1
2226 2227 1
2227 2228 1
2228 2229 1
2229 2230 1
2230 2231 1
2231 2232 1
2232 2233 1
2233 2234 1
2234 2235 1
2235 2236 1
2236 2237 1
2237 2238 1
2238 2239 1
2239 2240 1
2240 2241 1
2241 2242 1
2242 2243 1
2243 2244 1
2244 2245 1
2245 2246 1
2246 2247 1
2247 2248 1
2248 2249 1
2249 2250 1
2250 2251 1
2251 2252 1
2252 2253 1
2253 2254 1
2254 2255 1
2255 2256 1
2256 2257 1
2257 2258 1
2258 2259 1
2259 2260 1
2260 2261 1
2261 2262 1
2262 2263 1
2263 2264 1
2264 2265 1
2265 2266 1
2266 2267 1
2267 2268 1
2268 2269 1
2269 2270 1
2270 2271 1
2271 2272 1
2272 2273 1
2273 2274 1
2274 2275 1
2275 2276 1
2276 2277 1
2277 2278 1
2278 2279 1
2279 2280 1
2280 2281 1
2281 2282 1
2282 2283 1
2283 2284 1
2284 2285 1
2285 2286 1
2286 2287 1
2287 2288 1
2288 2289 1
2289 2290 1
2290 2291 1
2291 2292 1
2292 2293 1
2293 2294 1
2294 2295 1
2295 2296 1
2296 2297 1
2297 2298 1
2298 2299 1
2299 2300 1
2300 2301 1
2301 2302 1
2302 2303 1
2303 2304 1
2304 2305 1
2305 2306 1
2306 2307 1
2307 2308 1
2308 2309 1
2309 2310 1
2310 2311 1
2311 2312 1
2312 2313 1
2313 2314 1
2314 2315 1
2315 2316 1
2316 2317 1
2317 2318 1
2318 2319 1
2319 2320 1
2320 2321 1
2321 2322 1
2322 2323 1
2323 2324 1
2324 2325 1
2325 2326 1
2326 2327 1
2327 2328 1
2328 2329 1
2329 2330 1
2330 2331 1
2331 2332 1
2332 2333 1
2333 2334 1
2334 2335 1
2335 2336 1
2336 2337 1
2337 2338 1
2338 2339 1
2339 2340 1
2340 2341 1
2341 2342 1
2342 2343 1
2343 2344 1
2344 2345 1
2345 2346 1
2346 2347 1
2347 2348 1
2348 2349 1
2349 2350 1
2350 2351 1
2351 2352 1
2352 2353 1
2353 2354 1
2354 2355 1
2355 2356 1
2356 2357 1
2357 2358 1
2358 2359 1
2359 2360 1
2360 2361 1
2361 2362 1
2362 2363 1
2363 2364 1
2364 2365 1
2365 2366 1
2366 2367 1
2367 2368 1
2368 2369 1
2369 2370 1
2370 2371 1
2371 2372 1
2372 2373 1
2373 2374 1
2374 2375 1
2375 2376 1
2376 2377 1
2377 2378 1
2378 2379 1
2379 2380 1
2380 2381 1
2381 2382 1
2382 2383 1
2383 2384 1
2384 2385 1
2385 2386 1
2386 2387 1
2387 2388 1
2388 2389 1
2389 2390 1
2390 2391 1
2391 2392 1
2392 2393 1
2393 2394 1
2394 2395 1
2395 2396 1
2396 2397 1
2397 2398 1
2398 2399 1
2399 2400 1
2400 2401 1
2401 2402 1
2402 2403 1
2403 2404 1
2404 2405 1
2405 2406 1
2406 2407 1
2407 2408 1
2408 2409 1
2409 2410 1
2410 2411 1
2411 2412 1
2412 2413 1
2413 2414 1
2414 2415 1
2415 2416 1
2416 2417 1
2417 2418 1
2418 2419 1
2419 2420 1
2420 2421 1
2421 2422 1
2422 2423 1
2423 2424 1
2424 2425 1
2425 2426 1
2426 2427 1
2427 2428 1
2428 2429 1
2429 2430 1
2430 2431 1
2431 2432 1
2432 2433 1
2433 2434 1
2434 2435 1
2435 2436 1
2436 2437 1
2437 2438 1
2438 2439 1
2439 2440 1
2440 2441 1
2441 2442 1
2442 2443 1
2443 2444 1
2444 2445 1
2445 2446 1
2446 2447 1
2447 2448 1
2448 2449 1
2449 2450 1
2450 2451 1
2451 2452 1
2452 2453 1
2453 2454 1
2454 2455 1
2455 2456 1
2456 2457 1
2457 2458 1
2458 2459 1
2459 2460 1
2460 2461 1
2461 2462 1
2462 2463 1
2463 2464 1
2464 2465 1
2465 2466 1
2466 2467 1
2467 2468 1
2468 2469 1
2469 2470 1
2470 2471 1
2471 2472 1
2472 2473 1
2473 2474 1
2474 2475 1
2475 2476 1
2476 2477 1
2477 2478 1
2478 2479 1
2479 2480 1
2480 2481 1
2481 2482 1
2482 2483 1
2483 2484 1
2484 2485 1
2485 2486 1
2486 2487 1
2487 2488 1
2488 2489 1
2489 2490 1
2490 2491 1
2491 2492 1
2492 2493 1
2493 2494 1
2494 2495 1
2495 2496 1
2496 2497 1
2497 2498 1
2498 2499 1
2499 2500 1
2500 2501 1
2501 2502 1
2502 2503 1
2503 2504 1
2504 2505 1
2505 2506 1
2506 2507 1
2507 2508 1
2508 2509 1
2509 2510 1
2510 2511 1
2511 2512 1
2512 2513 1
2513 2514 1
2514 2515 1
2515 2516 1
2516 2517 1
2517 2518 1
2518 2519 1
2519 2520 1
2520 2521 1
2521 2522 1
2522 2523 1
2523 2524 1
2524 2525 1
2525 2526 1
2526 2527 1
2527 2528 1
2528 2529 1
2529 2530 1
2530 2531 1
2531 2532 1
2532 2533 1
2533 2534 1
2534 2535 1
2535 2536 1
2536 2537 1
2537 2538 1
2538 2539 1
2539 2540 1
2540 2541 1
2541 2542 1
2542 2543 1
2543 2544 1
2544 2545 1
2545 2546 1
2546 2547 1
2547 2548 1
2548 2549 1
2549 2550 1
2550 2551 1
2551 2552 1
2552 2553 1
2553 2554 1
2554 2555 1
2555 2556 1
2556 2557 1
2557 2558 1
2558 2559 1
2559 2560 1
2560 2561 1
2561 2562 1
2562 2563 1
2563 2564 1
2564 2565 1
2565 2566 1
2566 2567 1
2567 2568 1
2568 2569 1
2569 2570 1
2570 2571 1
2571 2572 1
2572 2573 1
2573 2574 1
2574 2575 1
2575 2576 1
2576 2577 1
2577 2578 1
2578 2579 1
2579 2580 1
2580 2581 1
2581 2582 1
2582 2583 1
2583 2584 1
2584 2585 1
2585 2586 1
2586 2587 1
2587 2588 1
2588 2589 1
2589 2590 1
2590 2591 1
2591 2592 1
2592 2593 1
2593 2594 1
2594 2595 1
2595 2596 1
2596 2597 1
2597 2598 1
2598 2599 1
2599 2600 1
2600 2601 1
2601 2602 1
2602 2603 1
2603 2604 1
2604 2605 1
2605 2606 1
2606 2607 1
2607 2608 1
2608 2609 1
2609 2610 1
2610 2611 1
2611 2612 1
2612 2613 1
2613 2614 1
2614 2615 1
2615 2616 1
2616 2617 1
2617 2618 1
2618 2619 1
2619 2620 1
2620 2621 1
2621 2622 1
2622 2623 1
2623 2624 1
2624 2625 1
2625 2626 1
2626 2627 1
2627 2628 1
2628 2629 1
2629 2630 1
2630 2631 1
2631 2632 1
2632 2633 1
2633 2634 1
2634 2635 1
2635 2636 1
2636 2637 1
2637 2638 1
2638 2639 1
2639 2640 1
2640 2641 1
2641 2642 1
2642 2643 1
2643 2644 1
2644 2645 1
2645 2646 1
2646 2647 1
2647 2648 1
2648 2649 1
2649 2650 1
2650 2651 1
2651 2652 1
2652 2653 1
2653 2654 1
2654 2655 1
2655 2656 1
2656 2657 1
2657 2658 1
2658 2659 1
2659 2660 1
2660 2661 1
2661 2662 1
2662 2663 1
2663 2664 1
2664 2665 1
2665 2666 1
2666 2667 1
2667 2668 1
2668 2669 1
2669 2670 1
2670 2671 1
2671 2672 1
2672 2673 1
2673 2674 1
2674 2675 1
2675 2676 1
2676 2677 1
2677 2678 1
2678 2679 1
2679 2680 1
2680 2681 1
2681 2682 1
2682 2683 1
2683 2684 1
2684 2685 1
2685 2686 1
2686 2687 1
2687 2688 1
2688 2689 1
2689 2690 1
2690 2691 1
2691 2692 1
2692 2693 1
2693 2694 1
2694 2695 1
2695 2696 1
2696 2697 1
2697 2698 1
2698 2699 1
2699 2700 1
2700 2701 1
2701 2702 1
2702 2703 1
2703 2704 1
2704 2705 1
2705 2706 1
2706 2707 1
2707 2708 1
2708 2709 1
2709 2710 1
2710 2711 1
2711 2712 1
2712 2713 1
2713 2714 1
2714 2715 1
2715 2716 1
2716 2717 1
2717 2718 1
2718 2719 1
2719 2720 1
2720 2721 1
2721 2722 1
2722 2723 1
2723 2724 1
2724 2725 1
2725 2726 1
2726 2727 1
2727 2728 1
2728 2729 1
2729 2730 1
2730 2731 1
2731 2732 1
2732 2733 1
2733 2734 1
2734 2735 1
2735 2736 1
2736 2737 1
2737 2738 1
2738 2739 1
2739 2740 1
2740 2741 1
2741 2742 1
2742 2743 1
2743 2744 1
2744 2745 1
2745 2746 1
2746 2747 1
2747 2748 1
2748 2749 1
2749 2750 1
2750 2751 1
2751 2752 1
2752 2753 1
2753 2754 1
2754 2755 1
2755 2756 1
2756 2757 1
2757 2758 1
2758 2759 1
2759 2760 1
2760 2761 1
2761 2762 1
2762 2763 1
2763 2764 1
2764 2765 1
2765 2766 1
2766 2767 1
2767 2768 1
2768 2769 1
2769 2770 1
2770 2771 1
2771 2772 1
2772 2773 1
2773 2774 1
2774 2775 1
2775 2776 1
2776 2777 1
2777 2778 1
2778 2779 1
2779 2780 1
2780 2781 1
2781 2782 1
2782 2783 1
2783 2784 1
2784 2785 1
2785 2786 1
2786 2787 1
2787 2788 1
2788 2789 1
2789 2790 1
2790 2791 1
2791 2792 1
2792 2793 1
2793 2794 1
2794 2795 1
2795 2796 1
2796 2797 1
2797 2798 1
2798 2799 1
2799 2800 1
2800 2801 1
2801 2802 1
2802 2803 1
2803 2804 1
2804 2805 1
2805 2806 1
2806 2807 1
2807 2808 1
2808 2809 1
2809 2810 1
2810 2811 1
2811 2812 1
2812 2813 1
2813 2814 1
2814 2815 1
2815 2816 1
2816 2817 1
2817 2818 1
2818 2819 1
2819 2820 1
2820 2821 1
2821 2822 1
2822 2823 1
2823 2824 1
2824 2825 1
2825 2826 1
2826 2827 1
2827 2828 1
2828 2829 1
2829 2830 1
2830 2831 1
2831 2832 1
2832 2833 1
2833 2834 1
2834 2835 1
2835 2836 1
2836 2837 1
2837 2838 1
2838 2839 1
2839 2840 1
2840 2841 1
2841 2842 1
2842 2843 1
2843 2844 1
2844 2845 1
2845 2846 1
2846 2847 1
2847 2848 1
2848 2849 1
2849 2850 1
2850 2851 1
2851 2852 1
2852 2853 1
2853 2854 1
2854 2855 1
2855 2856 1
2856 2857 1
2857 2858 1
2858 2859 1
2859 2860 1
2860 2861 1
2861 2862 1
2862 2863 1
2863 2864 1
2864 2865 1
2865 2866 1
2866 2867 1
2867 2868 1
2868 2869 1
2869 2870 1
2870 2871 1
2871 2872 1
2872 2873 1
2873 2874 1
2874 2875 1
2875 2876 1
2876 2877 1
2877 2878 1
2878 2879 1
2879 2880 1
2880 2881 1
2881 2882 1
2882 2883 1
2883 2884 1
2884 2885 1
2885 2886 1
2886 2887 1
2887 2888 1
2888 2889 1
2889 2890 1
2890 2891 1
2891 2892 1
2892 2893 1
2893 2894 1
2894 2895 1
2895 2896 1
2896 2897 1
2897 2898 1
2898 2899 1
2899 2900 1
2900 2901 1
2901 2902 1
2902 2903 1
2903 2904 1
2904 2905 1
2905 2906 1
2906 2907 1
2907 2908 1
2908 2909 1
2909 2910 1
2910 2911 1
2911 2912 1
2912 2913 1
2913 2914 1
2914 2915 1
2915 2916 1
2916 2917 1
2917 2918 1
2918 2919 1
2919 2920 1
2920 2921 1
2921 2922 1
2922 2923 1
2923 2924 1
2924 2925 1
2925 2926 1
2926 2927 1
2927 2928 1
2928 2929 1
2929 2930 1
2930 2931 1
2931 2932 1
2932 2933 1
2933 2934 1
2934 2935 1
2935 2936 1
2936 2937 1
2937 2938 1
2938 2939 1
2939 2940 1
2940 2941 1
2941 2942 1
2942 2943 1
2943 2944 1
2944 2945 1
2945 2946 1
2946 2947 1
2947 2948 1
2948 2949 1
2949 2950 1
2950 2951 1
2951 2952 1
2952 2953 1
2953 2954 1
2954 2955 1
2955 2956 1
2956 2957 1
2957 2958 1
2958 2959 1
2959 2960 1
2960 2961 1
2961 2962 1
2962 2963 1
2963 2964 1
2964 2965 1
2965 2966 1
2966 2967 1
2967 2968 1
2968 2969 1
2969 2970 1
2970 2971 1
2971 2972 1
2972 2973 1
2973 2974 1
2974 2975 1
2975 2976 1
2976 2977 1
2977 2978 1
2978 2979 1
2979 2980 1
2980 2981 1
2981 2982 1
2982 2983 1
2983 2984 1
2984 2985 1
2985 2986 1
2986 2987 1
2987 2988 1
2988 2989 1
2989 2990 1
2990 2991 1
2991 2992 1
2992 2993 1
2993 2994 1
2994 2995 1
2995 2996 1
2996 2997 1
2997 2998 1
2998 2999 1
2999 3000 1
3000 3001 1
3001 3002 1
3002 3003 1
3003 3004 1
3004 3005 1
3005 3006 1
3006 3007 1
3007 3008 1
3008 3009 1
3009 3010 1
3010 3011 1
3011 3012 1
3012 3013 1
3013 3014 1
3014 3015 1
3015 3016 1
3016 3017 1
3017 3018 1
3018 3019 1
3019 3020 1
3020 3021 1
3021 3022 1
3022 3023 1
3023 3024 1
3024 3025 1
3025 3026 1
3026 3027 1
3027 3028 1
3028 3029 1
3029 3030 1
3030 3031 1
3031 3032 1
3032 3033 1
3033 3034 1
3034 3035 1
3035 3036 1
3036 3037 1
3037 3038 1
3038 3039 1
3039 3040 1
3040 3041 1
3041 3042 1
3042 3043 1
3043 3044 1
3044 3045 1
3045 3046 1
3046 3047 1
3047 3048 1
3048 3049 1
3049 3050 1
3050 3051 1
3051 3052 1
3052 3053 1
3053 3054 1
3054 3055 1
3055 3056 1
3056 3057 1
3057 3058 1
3058 3059 1
3059 3060 1
3060 3061 1
3061 3062 1
3062 3063 1
3063 3064 1
3064 3065 1
3065 3066 1
3066 3067 1
3067 3068 1
3068 3069 1
3069 3070 1
3070 3071 1
3071 3072 1
3072 3073 1
3073 3074 1
3074 3075 1
3075 3076 1
3076 3077 1
3077 3078 1
3078 3079 1
3079 3080 1
3080 3081 1
3081 3082 1
3082 3083 1
3083 3084 1
3084 3085 1
3085 3086 1
3086 3087 1
3087 3088 1
3088 3089 1
3089 3090 1
3090 3091 1
3091 3092 1
3092 3093 1
3093 3094 1
3094 3095 1
3095 3096 1
3096 3097 1
3097 3098 1
3098 3099 1
3099 3100 1
3100 3101 1
3101 3102 1
3102 3103 1
3103 3104 1
3104 3105 1
3105 3106 1
3106 3107 1
3107 3108 1
3108 3109 1
3109 3110 1
3110 3111 1
3111 3112 1
3112 3113 1
3113 3114 1
3114 3115 1
3115 3116 1
3116 3117 1
3117 3118 1
3118 3119 1
3119 3120 1
3120 3121 1
3121 3122 1
3122 3123 1
3123 3124 1
3124 3125 1
3125 3126 1
3126 3127 1
3127 3128 1
3128 3129 1
3129 3130 1
3130 3131 1
3131 3132 1
3132 3133 1
3133 3134 1
3134 3135 1
3135 3136 1
3136 3137 1
3137 3138 1
3138 3139 1
3139 3140 1
3140 3141 1
3141 3142 1
3142 3143 1
3143 3144 1
3144 3145 1
3145 3146 1
3146 3147 1
3147 3148 1
3148 3149 1
3149 3150 1
3150 3151 1
3151 3152 1
3152 3153 1
3153 3154 1
3154 3155 1
3155 3156 1
3156 3157 1
3157 3158 1
3158 3159 1
3159 3160 1
3160 3161 1
3161 3162 1
3162 3163 1
3163 3164 1
3164 3165 1
3165 3166 1
3166 3167 1
3167 3168 1
3168 3169 1
3169 3170 1
3170 3171 1
3171 3172 1
3172 3173 1
3173 3174 1
3174 3175 1
3175 3176 1
3176 3177 1
3177 3178 1
3178 3179 1
3179 3180 1
3180 3181 1
3181 3182 1
3182 3183 1
3183 3184 1
3184 3185 1
3185 3186 1
3186 3187 1
3187 3188 1
3188 3189 1
3189 3190 1
3190 3191 1
3191 3192 1
3192 3193 1
3193 3194 1
3194 3195 1
3195 3196 1
3196 3197 1
3197 3198 1
3198 3199 1
3199 3200 1
3200 3201 1
3201 3202 1
3202 3203 1
3203 3204 1
3204 3205 1
3205 3206 1
3206 3207 1
3207 3208 1
3208 3209 1
3209 3210 1
3210 3211 1
3211 3212 1
3212 3213 1
3213 3214 1
3214 3215 1
3215 3216 1
3216 3217 1
3217 3218 1
3218 3219 1
3219 3220 1
3220 3221 1
3221 3222 1
3222 3223 1
3223 3224 1
3224 3225 1
3225 3226 1
3226 3227 1
3227 3228 1
3228 3229 1
3229 3230 1
3230 3231 1
3231 3232 1
3232 3233 1
3233 3234 1
3234 3235 1
3235 3236 1
3236 3237 1
3237 3238 1
3238 3239 1
3239 3240 1
3240 3241 1
3241 3242 1
3242 3243 1
3243 3244 1
3244 3245 1
3245 3246 1
3246 3247 1
3247 3248 1
3248 3249 1
3249 3250 1
3250 3251 1
3251 3252 1
3252 3253 1
3253 3254 1
3254 3255 1
3255 3256 1
3256 3257 1
3257 3258 1
3258 3259 1
3259 3260 1
3260 3261 1
3261 3262 1
3262 3263 1
3263 3264 1
3264 3265 1
3265 3266 1
3266 3267 1
3267 3268 1
3268 3269 1
3269 3270 1
3270 3271 1
3271 3272 1
3272 3273 1
3273 3274 1
3274 3275 1
3275 3276 1
3276 3277 1
3277 3278 1
3278 3279 1
3279 3280 1
3280 3281 1
3281 3282 1
3282 3283 1
3283 3284 1
3284 3285 1
3285 3286 1
3286 3287 1
3287 3288 1
3288 3289 1
3289 3290 1
3290 3291 1
3291 3292 1
3292 3293 1
3293 3294 1
3294 3295 1
3295 3296 1
3296 3297 1
3297 3298 1
3298 3299 1
3299 3300 1
3300 3301 1
3301 3302 1
3302 3303 1
3303 3304 1
3304 3305 1
3305 3306 1
3306 3307 1
3307 3308 1
3308 3309 1
3309 3310 1
3310 3311 1
3311 3312 1
3312 3313 1
3313 3314 1
3314 3315 1
3315 3316 1
3316 3317 1
3317 3318 1
3318 3319 1
3319 3320 1
3320 3321 1
3321 3322 1
3322 3323 1
3323 3324 1
3324 3325 1
3325 3326 1
3326 3327 1
3327 3328 1
3328 3329 1
3329 3330 1
3330 3331 1
3331 3332 1
3332 3333 1
3333 3334 1
3334 3335 1
3335 3336 1
3336 3337 1
3337 3338 1
3338 3339 1
3339 3340 1
3340 3341 1
3341 3342 1
3342 3343 1
3343 3344 1
3344 3345 1
3345 3346 1
3346 3347 1
3347 3348 1
3348 3349 1
3349 3350 1
3350 3351 1
3351 3352 1
3352 3353 1
3353 3354 1
3354 3355 1
3355 3356 1
3356 3357 1
3357 3358 1
3358 3359 1
3359 3360 1
3360 3361 1
3361 3362 1
3362 3363 1
3363 3364 1
3364 3365 1
3365 3366 1
3366 3367 1
3367 3368 1
3368 3369 1
3369 3370 1
3370 3371 1
3371 3372 1
3372 3373 1
3373 3374 1
3374 3375 1
3375 3376 1
3376 3377 1
3377 3378 1
3378 3379 1
3379 3380 1
3380 3381 1
3381 3382 1
3382 3383 1
3383 3384 1
3384 3385 1
3385 3386 1
3386 3387 1
3387 3388 1
3388 3389 1
3389 3390 1
3390 3391 1
3391 3392 1
3392 3393 1
3393 3394 1
3394 3395 1
3395 3396 1
3396 3397 1
3397 3398 1
3398 3399 1
3399 3400 1
3400 3401 1
3401 3402 1
3402 3403 1
3403 3404 1
3404 3405 1
3405 3406 1
3406 3407 1
3407 3408 1
3408 3409 1
3409 3410 1
3410 3411 1
3411 3412 1
3412 3413 1
3413 3414 1
3414 3415 1
3415 3416 1
3416 3417 1
3417 3418 1
3418 3419 1
3419 3420 1
3420 3421 1
3421 3422 1
3422 3423 1
3423 3424 1
3424 3425 1
3425 3426 1
3426 3427 1
3427 3428 1
3428 3429 1
3429 3430 1
3430 3431 1
3431 3432 1
3432 3433 1
3433 3434 1
3434 3435 1
3435 3436 1
3436 3437 1
3437 3438 1
3438 3439 1
3439 3440 1
3440 3441 1
3441 3442 1
3442 3443 1
3443 3444 1
3444 3445 1
3445 3446 1
3446 3447 1
3447 3448 1
3448 3449 1
3449 3450 1
3450 3451 1
3451 3452 1
3452 3453 1
3453 3454 1
3454 3455 1
3455 3456 1
3456 3457 1
3457 3458 1
3458 3459 1
3459 3460 1
3460 3461 1
3461 3462 1
3462 3463 1
3463 3464 1
3464 3465 1
3465 3466 1
3466 3467 1
3467 3468 1
3468 3469 1
3469 3470 1
3470 3471 1
3471 3472 1
3472 3473 1
3473 3474 1
3474 3475 1
3475 3476 1
3476 3477 1
3477 3478 1
3478 3479 1
3479 3480 1
3480 3481 1
3481 3482 1
3482 3483 1
3483 3484 1
3484 3485 1
3485 3486 1
3486 3487 1
3487 3488 1
3488 3489 1
3489 3490 1
3490 3491 1
3491 3492 1
3492 3493 1
3493 3494 1
3494 3495 1
3495 3496 1
3496 3497 1
3497 3498 1
3498 3499 1
3499 3500 1
3500 3501 1
3501 3502 1
3502 3503 1
3503 3504 1
3504 3505 1
3505 3506 1
3506 3507 1
3507 3508 1
3508 3509 1
3509 3510 1
3510 3511 1
3511 3512 1
3512 3513 1
3513 3514 1
3514 3515 1
3515 3516 1
3516 3517 1
3517 3518 1
3518 3519 1
3519 3520 1
3520 3521 1
3521 3522 1
3522 3523 1
3523 3524 1
3524 3525 1
3525 3526 1
3526 3527 1
3527 3528 1
3528 3529 1
3529 3530 1
3530 3531 1
3531 3532 1
3532 3533 1
3533 3534 1
3534 3535 1
3535 3536 1
3536 3537 1
3537 3538 1
3538 3539 1
3539 3540 1
3540 3541 1
3541 3542 1
3542 3543 1
3543 3544 1
3544 3545 1
3545 3546 1
3546 3547 1
3547 3548 1
3548 3549 1
3549 3550 1
3550 3551 1
3551 3552 1
3552 3553 1
3553 3554 1
3554 3555 1
3555 3556 1
3556 3557 1
3557 3558 1
3558 3559 1
3559 3560 1
3560 3561 1
3561 3562 1
3562 3563 1
3563 3564 1
3564 3565 1
3565 3566 1
3566 3567 1
3567 3568 1
3568 3569 1
3569 3570 1
3570 3571 1
3571 3572 1
3572 3573 1
3573 3574 1
3574 3575 1
3575 3576 1
3576 3577 1
3577 3578 1
3578 3579 1
3579 3580 1
3580 3581 1
3581 3582 1
3582 3583 1
3583 3584 1
3584 3585 1
3585 3586 1
3586 3587 1
3587 3588 1
3588 3589 1
3589 3590 1
3590 3591 1
3591 3592 1
3592 3593 1
3593 3594 1
3594 3595 1
3595 3596 1
3596 3597 1
3597 3598 1
3598 3599 1
3599 3600 1
3600 3601 1
3601 3602 1
3602 3603 1
3603 3604 1
3604 3605 1
3605 3606 1
3606 3607 1
3607 3608 1
3608 3609 1
3609 3610 1
3610 3611 1
3611 3612 1
3612 3613 1
3613 3614 1
3614 3615 1
3615 3616 1
3616 3617 1
3617 3618 1
3618 3619 1
3619 3620 1
3620 3621 1
3621 3622 1
3622 3623 1
3623 3624 1
3624 3625 1
3625 3626 1
3626 3627 1
3627 3628 1
3628 3629 1
3629 3630 1
3630 3631 1
3631 3632 1
3632 3633 1
3633 3634 1
3634 3635 1
3635 3636 1
3636 3637 1
3637 3638 1
3638 3639 1
3639 3640 1
3640 3641 1
3641 3642 1
3642 3643 1
3643 3644 1
3644 3645 1
3645 3646 1
3646 3647 1
3647 3648 1
3648 3649 1
3649 3650 1
3650 3651 1
3651 3652 1
3652 3653 1
3653 3654 1
3654 3655 1
3655 3656 1
3656 3657 1
3657 3658 1
3658 3659 1
3659 3660 1
3660 3661 1
3661 3662 1
3662 3663 1
3663 3664 1
3664 3665 1
3665 3666 1
3666 3667 1
3667 3668 1
3668 3669 1
3669 3670 1
3670 3671 1
3671 3672 1
3672 3673 1
3673 3674 1
3674 3675 1
3675 3676 1
3676 3677 1
3677 3678 1
3678 3679 1
3679 3680 1
3680 3681 1
3681 3682 1
3682 3683 1
3683 3684 1
3684 3685 1
3685 3686 1
3686 3687 1
3687 3688 1
3688 3689 1
3689 3690 1
3690 3691 1
3691 3692 1
3692 3693 1
3693 3694 1
3694 3695 1
3695 3696 1
3696 3697 1
3697 3698 1
3698 3699 1
3699 3700 1
3700 3701 1
3701 3702 1
3702 3703 1
3703 3704 1
3704 3705 1
3705 3706 1
3706 3707 1
3707 3708 1
3708 3709 1
3709 3710 1
3710 3711 1
3711 3712 1
3712 3713 1
3713 3714 1
3714 3715 1
3715 3716 1
3716 3717 1
3717 3718 1
3718 3719 1
3719 3720 1
3720 3721 1
3721 3722 1
3722 3723 1
3723 3724 1
3724 3725 1
3725 3726 1
3726 3727 1
3727 3728 1
3728 3729 1
3729 3730 1
3730 3731 1
3731 3732 1
3732 3733 1
3733 3734 1
3734 3735 1
3735 3736 1
3736 3737 1
3737 3738 1
3738 3739 1
3739 3740 1
3740 3741 1
3741 3742 1
3742 3743 1
3743 3744 1
3744 3745 1
3745 3746 1
3746 3747 1
3747 3748 1
3748 3749 1
3749 3750 1
3750 3751 1
3751 3752 1
3752 3753 1
3753 3754 1
3754 3755 1
3755 3756 1
3756 3757 1
3757 3758 1
3758 3759 1
3759 3760 1
3760 3761 1
3761 3762 1
3762 3763 1
3763 3764 1
3764 3765 1
3765 3766 1
3766 3767 1
3767 3768 1
3768 3769 1
3769 3770 1
3770 3771 1
3771 3772 1
3772 3773 1
3773 3774 1
3774 3775 1
3775 3776 1
3776 3777 1
3777 3778 1
3778 3779 1
3779 3780 1
3780 3781 1
3781 3782 1
3782 3783 1
3783 3784 1
3784 3785 1
3785 3786 1
3786 3787 1
3787 3788 1
3788 3789 1
3789 3790 1
3790 3791 1
3791 3792 1
3792 3793 1
3793 3794 1
3794 3795 1
3795 3796 1
3796 3797 1
3797 3798 1
3798 3799 1
3799 3800 1
3800 3801 1
3801 3802 1
3802 3803 1
3803 3804 1
3804 3805 1
3805 3806 1
3806 3807 1
3807 3808 1
3808 3809 1
3809 3810 1
3810 3811 1
3811 3812 1
3812 3813 1
3813 3814 1
3814 3815 1
3815 3816 1
3816 3817 1
3817 3818 1
3818 3819 1
3819 3820 1
3820 3821 1
3821 3822 1
3822 3823 1
3823 3824 1
3824 3825 1
3825 3826 1
3826 3827 1
3827 3828 1
3828 3829 1
3829 3830 1
3830 3831 1
3831 3832 1
3832 3833 1
3833 3834 1
3834 3835 1
3835 3836 1
3836 3837 1
3837 3838 1
3838 3839 1
3839 3840 1
3840 3841 1
3841 3842 1
3842 3843 1
3843 3844 1
3844 3845 1
3845 3846 1
3846 3847 1
3847 3848 1
3848 3849 1
3849 3850 1
3850 3851 1
3851 3852 1
3852 3853 1
3853 3854 1
3854 3855 1
3855 3856 1
3856 3857 1
3857 3858 1
3858 3859 1
3859 3860 1
3860 3861 1
3861 3862 1
3862 3863 1
3863 3864 1
3864 3865 1
3865 3866 1
3866 3867 1
3867 3868 1
3868 3869 1
3869 3870 1
3870 3871 1
3871 3872 1
3872 3873 1
3873 3874 1
3874 3875 1
3875 3876 1
3876 3877 1
3877 3878 1
3878 3879 1
3879 3880 1
3880 3881 1
3881 3882 1
3882 3883 1
3883 3884 1
3884 3885 1
3885 3886 1
3886 3887 1
3887 3888 1
3888 3889 1
3889 3890 1
3890 3891 1
3891 3892 1
3892 3893 1
3893 3894 1
3894 3895 1
3895 3896 1
3896 3897 1
3897 3898 1
3898 3899 1
3899 3900 1
3900 3901 1
3901 3902 1
3902 3903 1
3903 3904 1
3904 3905 1
3905 3906 1
3906 3907 1
3907 3908 1
3908 3909 1
3909 3910 1
3910 3911 1
3911 3912 1
3912 3913 1
3913 3914 1
3914 3915 1
3915 3916 1
3916 3917 1
3917 3918 1
3918 3919 1
3919 3920 1
3920 3921 1
3921 3922 1
3922 3923 1
3923 3924 1
3924 3925 1
3925 3926 1
3926 3927 1
3927 3928 1
3928 3929 1
3929 3930 1
3930 3931 1
3931 3932 1
3932 3933 1
3933 3934 1
3934 3935 1
3935 3936 1
3936 3937 1
3937 3938 1
3938 3939 1
3939 3940 1
3940 3941 1
3941 3942 1
3942 3943 1
3943 3944 1
3944 3945 1
3945 3946 1
3946 3947 1
3947 3948 1
3948 3949 1
3949 3950 1
3950 3951 1
3951 3952 1
3952 3953 1
3953 3954 1
3954 3955 1
3955 3956 1
3956 3957 1
3957 3958 1
3958 3959 1
3959 3960 1
3960 3961 1
3961 3962 1
3962 3963 1
3963 3964 1
3964 3965 1
3965 3966 1
3966 3967 1
3967 3968 1
3968 3969 1
3969 3970 1
3970 3971 1
3971 3972 1
3972 3973 1
3973 3974 1
3974 3975 1
3975 3976 1
3976 3977 1
3977 3978 1
3978 3979 1
3979 3980 1
3980 3981 1
3981 3982 1
3982 3983 1
3983 3984 1
3984 3985 1
3985 3986 1
3986 3987 1
3987 3988 1
3988 3989 1
3989 3990 1
3990 3991 1
3991 3992 1
3992 3993 1
3993 3994 1
3994 3995 1
3995 3996 1
3996 3997 1
3997 3998 1
3998 3999 1
3999 4000 1
4000 4001 1
4001 4002 1
4002 4003 1
4003 4004 1
4004 4005 1
4005 4006 1
4006 4007 1
4007 4008 1
4008 4009 1
4009 4010 1
4010 4011 1
4011 4012 1
4012 4013 1
4013 4014 1
4014 4015 1
4015 4016 1
4016 4017 1
4017 4018 1
4018 4019 1
4019 4020 1
4020 4021 1
4021 4022 1
4022 4023 1
4023 4024 1
4024 4025 1
4025 4026 1
4026 4027 1
4027 4028 1
4028 4029 1
4029 4030 1
4030 4031 1
4031 4032 1
4032 4033 1
4033 4034 1
4034 4035 1
4035 4036 1
4036 4037 1
4037 4038 1
4038 4039 1
4039 4040 1
4040 4041 1
4041 4042 1
4042 4043 1
4043 4044 1
4044 4045 1
4045 4046 1
4046 4047 1
4047 4048 1
4048 4049 1
4049 4050 1
4050 4051 1
4051 4052 1
4052 4053 1
4053 4054 1
4054 4055 1
4055 4056 1
4056 4057 1
4057 4058 1
4058 4059 1
4059 4060 1
4060 4061 1
4061 4062 1
4062 4063 1
4063 4064 1
4064 4065 1
4065 4066 1
4066 4067 1
4067 4068 1
4068 4069 1
4069 4070 1
4070 4071 1
4071 4072 1
4072 4073 1
4073 4074 1
4074 4075 1
4075 4076 1
4076 4077 1
4077 4078 1
4078 4079 1
4079 4080 1
4080 4081 1
4081 4082 1
4082 4083 1
4083 4084 1
4084 4085 1
4085 4086 1
4086 4087 1
4087 4088 1
4088 4089 1
4089 4090 1
4090 4091 1
4091 4092 1
4092 4093 1
4093 4094 1
4094 4095 1
4095 4096 1
4096 4097 1
4097 4098 1
4098 4099 1
4099 4100 1
4100 4101 1
4101 4102 1
4102 4103 1
4103 4104 1
4104 4105 1
4105 4106 1
4106 4107 1
4107 4108 1
4108 4109 1
4109 4110 1
4110 4111 1
4111 4112 1
4112 4113 1
4113 4114 1
4114 4115 1
4115 4116 1
4116 4117 1
4117 4118 1
4118 4119 1
4119 4120 1
4120 4121 1
4121 4122 1
4122 4123 1
4123 4124 1
4124 4125 1
4125 4126 1
4126 4127 1
4127 4128 1
4128 4129 1
4129 4130 1
4130 4131 1
4131 4132 1
4132 4133 1
4133 4134 1
4134 4135 1
4135 4136 1
4136 4137 1
4137 4138 1
4138 4139 1
4139 4140 1
4140 4141 1
4141 4142 1
4142 4143 1
4143 4144 1
4144 4145 1
4145 4146 1
4146 4147 1
4147 4148 1
4148 4149 1
4149 4150 1
4150 4151 1
4151 4152 1
4152 4153 1
4153 4154 1
4154 4155 1
4155 4156 1
4156 4157 1
4157 4158 1
4158 4159 1
4159 4160 1
4160 4161 1
4161 4162 1
4162 4163 1
4163 4164 1
4164 4165 1
4165 4166 1
4166 4167 1
4167 4168 1
4168 4169 1
4169 4170 1
4170 4171 1
4171 4172 1
4172 4173 1
4173 4174 1
4174 4175 1
4175 4176 1
4176 4177 1
4177 4178 1
4178 4179 1
4179 4180 1
4180 4181 1
4181 4182 1
4182 4183 1
4183 4184 1
4184 4185 1
4185 4186 1
4186 4187 1
4187 4188 1
4188 4189 1
4189 4190 1
4190 4191 1
4191 4192 1
4192 4193 1
4193 4194 1
4194 4195 1
4195 4196 1
4196 4197 1
4197 4198 1
4198 4199 1
4199 4200 1
4200 4201 1
4201 4202 1
4202 4203 1
4203 4204 1
4204 4205 1
4205 4206 1
4206 4207 1
4207 4208 1
4208 4209 1
4209 4210 1
4210 4211 1
4211 4212 1
4212 4213 1
4213 4214 1
4214 4215 1
4215 4216 1
4216 4217 1
4217 4218 1
4218 4219 1
4219 4220 1
4220 4221 1
4221 4222 1
4222 4223 1
4223 4224 1
4224 4225 1
4225 4226 1
4226 4227 1
4227 4228 1
4228 4229 1
4229 4230 1
4230 4231 1
4231 4232 1
4232 4233 1
4233 4234 1
4234 4235 1
4235 4236 1
4236 4237 1
4237 4238 1
4238 4239 1
4239 4240 1
4240 4241 1
4241 4242 1
4242 4243 1
4243 4244 1
4244 4245 1
4245 4246 1
4246 4247 1
4247 4248 1
4248 4249 1
4249 4250 1
4250 4251 1
4251 4252 1
4252 4253 1
4253 4254 1
4254 4255 1
4255 4256 1
4256 4257 1
4257 4258 1
4258 4259 1
4259 4260 1
4260 4261 1
4261 4262 1
4262 4263 1
4263 4264 1
4264 4265 1
4265 4266 1
4266 4267 1
4267 4268 1
4268 4269 1
4269 4270 1
4270 4271 1
4271 4272 1
4272 4273 1
4273 4274 1
4274 4275 1
4275 4276 1
4276 4277 1
4277 4278 1
4278 4279 1
4279 4280 1
4280 4281 1
4281 4282 1
4282 4283 1
4283 4284 1
4284 4285 1
4285 4286 1
4286 4287 1
4287 4288 1
4288 4289 1
4289 4290 1
4290 4291 1
4291 4292 1
4292 4293 1
4293 4294 1
4294 4295 1
4295 4296 1
4296 4297 1
4297 4298 1
4298 4299 1
4299 4300 1
4300 4301 1
4301 4302 1
4302 4303 1
4303 4304 1
4304 4305 1
4305 4306 1
4306 4307 1
4307 4308 1
4308 4309 1
4309 4310 1
4310 4311 1
4311 4312 1
4312 4313 1
4313 4314 1
4314 4315 1
4315 4316 1
4316 4317 1
4317 4318 1
4318 4319 1
4319 4320 1
4320 4321 1
4321 4322 1
4322 4323 1
4323 4324 1
4324 4325 1
4325 4326 1
4326 4327 1
4327 4328 1
4328 4329 1
4329 4330 1
4330 4331 1
4331 4332 1
4332 4333 1
4333 4334 1
4334 4335 1
4335 4336 1
4336 4337 1
4337 4338 1
4338 4339 1
4339 4340 1
4340 4341 1
4341 4342 1
4342 4343 1
4343 4344 1
4344 4345 1
4345 4346 1
4346 4347 1
4347 4348 1
4348 4349 1
4349 4350 1
4350 4351 1
4351 4352 1
4352 4353 1
4353 4354 1
4354 4355 1
4355 4356 1
4356 4357 1
4357 4358 1
4358 4359 1
4359 4360 1
4360 4361 1
4361 4362 1
4362 4363 1
4363 4364 1
4364 4365 1
4365 4366 1
4366 4367 1
4367 4368 1
4368 4369 1
4369 4370 1
4370 4371 1
4371 4372 1
4372 4373 1
4373 4374 1
4374 4375 1
4375 4376 1
4376 4377 1
4377 4378 1
4378 4379 1
4379 4380 1
4380 4381 1
4381 4382 1
4382 4383 1
4383 4384 1
4384 4385 1
4385 4386 1
4386 4387 1
4387 4388 1
4388 4389 1
4389 4390 1
4390 4391 1
4391 4392 1
4392 4393 1
4393 4394 1
4394 4395 1
4395 4396 1
4396 4397 1
4397 4398 1
4398 4399 1
4399 4400 1
4400 4401 1
4401 4402 1
4402 4403 1
4403 4404 1
4404 4405 1
4405 4406 1
4406 4407 1
4407 4408 1
4408 4409 1
4409 4410 1
4410 4411 1
4411 4412 1
4412 4413 1
4413 4414 1
4414 4415 1
4415 4416 1
4416 4417 1
4417 4418 1
4418 4419 1
4419 4420 1
4420 4421 1
4421 4422 1
4422 4423 1
4423 4424 1
4424 4425 1
4425 4426 1
4426 4427 1
4427 4428 1
4428 4429 1
4429 4430 1
4430 4431 1
4431 4432 1
4432 4433 1
4433 4434 1
4434 4435 1
4435 4436 1
4436 4437 1
4437 4438 1
4438 4439 1
4439 4440 1
4440 4441 1
4441 4442 1
4442 4443 1
4443 4444 1
4444 4445 1
4445 4446 1
4446 4447 1
4447 4448 1
4448 4449 1
4449 4450 1
4450 4451 1
4451 4452 1
4452 4453 1
4453 4454 1
4454 4455 1
4455 4456 1
4456 4457 1
4457 4458 1
4458 4459 1
4459 4460 1
4460 4461 1
4461 4462 1
4462 4463 1
4463 4464 1
4464 4465 1
4465 4466 1
4466 4467 1
4467 4468 1
4468 4469 1
4469 4470 1
4470 4471 1
4471 4472 1
4472 4473 1
4473 4474 1
4474 4475 1
4475 4476 1
4476 4477 1
4477 4478 1
4478 4479 1
4479 4480 1
4480 4481 1
4481 4482 1
4482 4483 1
4483 4484 1
4484 4485 1
4485 4486 1
4486 4487 1
4487 4488 1
4488 4489 1
4489 4490 1
4490 4491 1
4491 4492 1
4492 4493 1
4493 4494 1
4494 4495 1
4495 4496 1
4496 4497 1
4497 4498 1
4498 4499 1
4499 4500 1
4500 4501 1
4501 4502 1
4502 4503 1
4503 4504 1
4504 4505 1
4505 4506 1
4506 4507 1
4507 4508 1
4508 4509 1
4509 4510 1
4510 4511 1
4511 4512 1
4512 4513 1
4513 4514 1
4514 4515 1
4515 4516 1
4516 4517 1
4517 4518 1
4518 4519 1
4519 4520 1
4520 4521 1
4521 4522 1
4522 4523 1
4523 4524 1
4524 4525 1
4525 4526 1
4526 4527 1
4527 4528 1
4528 4529 1
4529 4530 1
4530 4531 1
4531 4532 1
4532 4533 1
4533 4534 1
4534 4535 1
4535 4536 1
4536 4537 1
4537 4538 1
4538 4539 1
4539 4540 1
4540 4541 1
4541 4542 1
4542 4543 1
4543 4544 1
4544 4545 1
4545 4546 1
4546 4547 1
4547 4548 1
4548 4549 1
4549 4550 1
4550 4551 1
4551 4552 1
4552 4553 1
4553 4554 1
4554 4555 1
4555 4556 1
4556 4557 1
4557 4558 1
4558 4559 1
4559 4560 1
4560 4561 1
4561 4562 1
4562 4563 1
4563 4564 1
4564 4565 1
4565 4566 1
4566 4567 1
4567 4568 1
4568 4569 1
4569 4570 1
4570 4571 1
4571 4572 1
4572 4573 1
4573 4574 1
4574 4575 1
4575 4576 1
4576 4577 1
4577 4578 1
4578 4579 1
4579 4580 1
4580 4581 1
4581 4582 1
4582 4583 1
4583 4584 1
4584 4585 1
4585 4586 1
4586 4587 1
4587 4588 1
4588 4589 1
4589 4590 1
4590 4591 1
4591 4592 1
4592 4593 1
4593 4594 1
4594 4595 1
4595 4596 1
4596 4597 1
4597 4598 1
4598 4599 1
4599 4600 1
4600 4601 1
4601 4602 1
4602 4603 1
4603 4604 1
4604 4605 1
4605 4606 1
4606 4607 1
4607 4608 1
4608 4609 1
4609 4610 1
4610 4611 1
4611 4612 1
4612 4613 1
4613 4614 1
4614 4615 1
4615 4616 1
4616 4617 1
4617 4618 1
4618 4619 1
4619 4620 1
4620 4621 1
4621 4622 1
4622 4623 1
4623 4624 1
4624 4625 1
4625 4626 1
4626 4627 1
4627 4628 1
4628 4629 1
4629 4630 1
4630 4631 1
4631 4632 1
4632 4633 1
4633 4634 1
4634 4635 1
4635 4636 1
4636 4637 1
4637 4638 1
4638 4639 1
4639 4640 1
4640 4641 1
4641 4642 1
4642 4643 1
4643 4644 1
4644 4645 1
4645 4646 1
4646 4647 1
4647 4648 1
4648 4649 1
4649 4650 1
4650 4651 1
4651 4652 1
4652 4653 1
4653 4654 1
4654 4655 1
4655 4656 1
4656 4657 1
4657 4658 1
4658 4659 1
4659 4660 1
4660 4661 1
4661 4662 1
4662 4663 1
4663 4664 1
4664 4665 1
4665 4666 1
4666 4667 1
4667 4668 1
4668 4669 1
4669 4670 1
4670 4671 1
4671 4672 1
4672 4673 1
4673 4674 1
4674 4675 1
4675 4676 1
4676 4677 1
4677 4678 1
4678 4679 1
4679 4680 1
4680 4681 1
4681 4682 1
4682 4683 1
4683 4684 1
4684 4685 1
4685 4686 1
4686 4687 1
4687 4688 1
4688 4689 1
4689 4690 1
4690 4691 1
4691 4692 1
4692 4693 1
4693 4694 1
4694 4695 1
4695 4696 1
4696 4697 1
4697 4698 1
4698 4699 1
4699 4700 1
4700 4701 1
4701 4702 1
4702 4703 1
4703 4704 1
4704 4705 1
4705 4706 1
4706 4707 1
4707 4708 1
4708 4709 1
4709 4710 1
4710 4711 1
4711 4712 1
4712 4713 1
4713 4714 1
4714 4715 1
4715 4716 1
4716 4717 1
4717 4718 1
4718 4719 1
4719 4720 1
4720 4721 1
4721 4722 1
4722 4723 1
4723 4724 1
4724 4725 1
4725 4726 1
4726 4727 1
4727 4728 1
4728 4729 1
4729 4730 1
4730 4731 1
4731 4732 1
4732 4733 1
4733 4734 1
4734 4735 1
4735 4736 1
4736 4737 1
4737 4738 1
4738 4739 1
4739 4740 1
4740 4741 1
4741 4742 1
4742 4743 1
4743 4744 1
4744 4745 1
4745 4746 1
4746 4747 1
4747 4748 1
4748 4749 1
4749 4750 1
4750 4751 1
4751 4752 1
4752 4753 1
4753 4754 1
4754 4755 1
4755 4756 1
4756 4757 1
4757 4758 1
4758 4759 1
4759 4760 1
4760 4761 1
4761 4762 1
4762 4763 1
4763 4764 1
4764 4765 1
4765 4766 1
4766 4767 1
4767 4768 1
4768 4769 1
4769 4770 1
4770 4771 1
4771 4772 1
4772 4773 1
4773 4774 1
4774 4775 1
4775 4776 1
4776 4777 1
4777 4778 1
4778 4779 1
4779 4780 1
4780 4781 1
4781 4782 1
4782 4783 1
4783 4784 1
4784 4785 1
4785 4786 1
4786 4787 1
4787 4788 1
4788 4789 1
4789 4790 1
4790 4791 1
4791 4792 1
4792 4793 1
4793 4794 1
4794 4795 1
4795 4796 1
4796 4797 1
4797 4798 1
4798 4799 1
4799 4800 1
4800 4801 1
4801 4802 1
4802 4803 1
4803 4804 1
4804 4805 1
4805 4806 1
4806 4807 1
4807 4808 1
4808 4809 1
4809 4810 1
4810 4811 1
4811 4812 1
4812 4813 1
4813 4814 1
4814 4815 1
4815 4816 1
4816 4817 1
4817 4818 1
4818 4819 1
4819 4820 1
4820 4821 1
4821 4822 1
4822 4823 1
4823 4824 1
4824 4825 1
4825 4826 1
4826 4827 1
4827 4828 1
4828 4829 1
4829 4830 1
4830 4831 1
4831 4832 1
4832 4833 1
4833 4834 1
4834 4835 1
4835 4836 1
4836 4837 1
4837 4838 1
4838 4839 1
4839 4840 1
4840 4841 1
4841 4842 1
4842 4843 1
4843 4844 1
4844 4845 1
4845 4846 1
4846 4847 1
4847 4848 1
4848 4849 1
4849 4850 1
4850 4851 1
4851 4852 1
4852 4853 1
4853 4854 1
4854 4855 1
4855 4856 1
4856 4857 1
4857 4858 1
4858 4859 1
4859 4860 1
4860 4861 1
4861 4862 1
4862 4863 1
4863 4864 1
4864 4865 1
4865 4866 1
4866 4867 1
4867 4868 1
4868 4869 1
4869 4870 1
4870 4871 1
4871 4872 1
4872 4873 1
4873 4874 1
4874 4875 1
4875 4876 1
4876 4877 1
4877 4878 1
4878 4879 1
4879 4880 1
4880 4881 1
4881 4882 1
4882 4883 1
4883 4884 1
4884 4885 1
4885 4886 1
4886 4887 1
4887 4888 1
4888 4889 1
4889 4890 1
4890 4891 1
4891 4892 1
4892 4893 1
4893 4894 1
4894 4895 1
4895 4896 1
4896 4897 1
4897 4898 1
4898 4899 1
4899 4900 1
4900 4901 1
4901 4902 1
4902 4903 1
4903 4904 1
4904 4905 1
4905 4906 1
4906 4907 1
4907 4908 1
4908 4909 1
4909 4910 1
4910 4911 1
4911 4912 1
4912 4913 1
4913 4914 1
4914 4915 1
4915 4916 1
4916 4917 1
4917 4918 1
4918 4919 1
4919 4920 1
4920 4921 1
4921 4922 1
4922 4923 1
4923 4924 1
4924 4925 1
4925 4926 1
4926 4927 1
4927 4928 1
4928 4929 1
4929 4930 1
4930 4931 1
4931 4932 1
4932 4933 1
4933 4934 1
4934 4935 1
4935 4936 1
4936 4937 1
4937 4938 1
4938 4939 1
4939 4940 1
4940 4941 1
4941 4942 1
4942 4943 1
4943 4944 1
4944 4945 1
4945 4946 1
4946 4947 1
4947 4948 1
4948 4949 1
4949 4950 1
4950 4951 1
4951 4952 1
4952 4953 1
4953 4954 1
4954 4955 1
4955 4956 1
4956 4957 1
4957 4958 1
4958 4959 1
4959 4960 1
4960 4961 1
4961 4962 1
4962 4963 1
4963 4964 1
4964 4965 1
4965 4966 1
4966 4967 1
4967 4968 1
4968 4969 1
4969 4970 1
4970 4971 1
4971 4972 1
4972 4973 1
4973 4974 1
4974 4975 1
4975 4976 1
4976 4977 1
4977 4978 1
4978 4979 1
4979 4980 1
4980 4981 1
4981 4982 1
4982 4983 1
4983 4984 1
4984 4985 1
4985 4986 1
4986 4987 1
4987 4988 1
4988 4989 1
4989 4990 1
4990 4991 1
4991 4992 1
4992 4993 1
4993 4994 1
4994 4995 1
4995 4996 1
4996 4997 1
4997 4998 1
4998 4999 1
4999 5000 1
5000 5001 1
5001 5002 1
5002 5003 1
5003 5004 1
5004 5005 1
5005 5006 1
5006 5007 1
5007 5008 1
5008 5009 1
5009 5010 1
5010 5011 1
5011 5012 1
5012 5013 1
5013 5014 1
5014 5015 1
5015 5016 1
5016 5017 1
5017 5018 1
5018 5019 1
5019 5020 1
5020 5021 1
5021 5022 1
5022 5023 1
5023 5024 1
5024 5025 1
5025 5026 1
5026 5027 1
5027 5028 1
5028 5029 1
5029 5030 1
5030 5031 1
5031 5032 1
5032 5033 1
5033 5034 1
5034 5035 1
5035 5036 1
5036 5037 1
5037 5038 1
5038 5039 1
5039 5040 1
5040 5041 1
5041 5042 1
5042 5043 1
5043 5044 1
5044 5045 1
5045 5046 1
5046 5047 1
5047 5048 1
5048 5049 1
5049 5050 1
5050 5051 1
5051 5052 1
5052 5053 1
5053 5054 1
5054 5055 1
5055 5056 1
5056 5057 1
5057 5058 1
5058 5059 1
5059 5060 1
5060 5061 1
5061 5062 1
5062 5063 1
5063 5064 1
5064 5065 1
5065 5066 1
5066 5067 1
5067 5068 1
5068 5069 1
5069 5070 1
5070 5071 1
5071 5072 1
5072 5073 1
5073 5074 1
5074 5075 1
5075 5076 1
5076 5077 1
5077 5078 1
5078 5079 1
5079 5080 1
5080 5081 1
5081 5082 1
5082 5083 1
5083 5084 1
5084 5085 1
5085 5086 1
5086 5087 1
5087 5088 1
5088 5089 1
5089 5090 1
5090 5091 1
5091 5092 1
5092 5093 1
5093 5094 1
5094 5095 1
5095 5096 1
5096 5097 1
5097 5098 1
5098 5099 1
5099 5100 1
5100 5101 1
5101 5102 1
5102 5103 1
5103 5104 1
5104 5105 1
5105 5106 1
5106 5107 1
5107 5108 1
5108 5109 1
5109 5110 1
5110 5111 1
5111 5112 1
5112 5113 1
5113 5114 1
5114 5115 1
5115 5116 1
5116 5117 1
5117 5118 1
5118 5119 1
5119 5120 1
5120 5121 1
5121 5122 1
5122 5123 1
5123 5124 1
5124 5125 1
5125 5126 1
5126 5127 1
5127 5128 1
5128 5129 1
5129 5130 1
5130 5131 1
5131 5132 1
5132 5133 1
5133 5134 1
5134 5135 1
5135 5136 1
5136 5137 1
5137 5138 1
5138 5139 1
5139 5140 1
5140 5141 1
5141 5142 1
5142 5143 1
5143 5144 1
5144 5145 1
5145 5146 1
5146 5147 1
5147 5148 1
5148 5149 1
5149 5150 1
5150 5151 1
5151 5152 1
5152 5153 1
5153 5154 1
5154 5155 1
5155 5156 1
5156 5157 1
5157 5158 1
5158 5159 1
5159 5160 1
5160 5161 1
5161 5162 1
5162 5163 1
5163 5164 1
5164 5165 1
5165 5166 1
5166 5167 1
5167 5168 1
5168 5169 1
5169 5170 1
5170 5171 1
5171 5172 1
5172 5173 1
5173 5174 1
5174 5175 1
5175 5176 1
5176 5177 1
5177 5178 1
5178 5179 1
5179 5180 1
5180 5181 1
5181 5182 1
5182 5183 1
5183 5184 1
5184 5185 1
5185 5186 1
5186 5187 1
5187 5188 1
5188 5189 1
5189 5190 1
5190 5191 1
5191 5192 1
5192 5193 1
5193 5194 1
5194 5195 1
5195 5196 1
5196 5197 1
5197 5198 1
5198 5199 1
5199 5200 1
5200 5201 1
5201 5202 1
5202 5203 1
5203 5204 1
5204 5205 1
5205 5206 1
5206 5207 1
5207 5208 1
5208 5209 1
5209 5210 1
5210 5211 1
5211 5212 1
5212 5213 1
5213 5214 1
5214 5215 1
5215 5216 1
5216 5217 1
5217 5218 1
5218 5219 1
5219 5220 1
5220 5221 1
5221 5222 1
5222 5223 1
5223 5224 1
5224 5225 1
5225 5226 1
5226 5227 1
5227 5228 1
5228 5229 1
5229 5230 1
5230 5231 1
5231 5232 1
5232 5233 1
5233 5234 1
5234 5235 1
5235 5236 1
5236 5237 1
5237 5238 1
5238 5239 1
5239 5240 1
5240 5241 1
5241 5242 1
5242 5243 1
5243 5244 1
5244 5245 1
5245 5246 1
5246 5247 1
5247 5248 1
5248 5249 1
5249 5250 1
5250 5251 1
5251 5252 1
5252 5253 1
5253 5254 1
5254 5255 1
5255 5256 1
5256 5257 1
5257 5258 1
5258 5259 1
5259 5260 1
5260 5261 1
5261 5262 1
5262 5263 1
5263 5264 1
5264 5265 1
5265 5266 1
5266 5267 1
5267 5268 1
5268 5269 1
5269 5270 1
5270 5271 1
5271 5272 1
5272 5273 1
5273 5274 1
5274 5275 1
5275 5276 1
5276 5277 1
5277 5278 1
5278 5279 1
5279 5280 1
5280 5281 1
5281 5282 1
5282 5283 1
5283 5284 1
5284 5285 1
5285 5286 1
5286 5287 1
5287 5288 1
5288 5289 1
5289 5290 1
5290 5291 1
5291 5292 1
5292 5293 1
5293 5294 1
5294 5295 1
5295 5296 1
5296 5297 1
5297 5298 1
5298 5299 1
5299 5300 1
5300 5301 1
5301 5302 1
5302 5303 1
5303 5304 1
5304 5305 1
5305 5306 1
5306 5307 1
5307 5308 1
5308 5309 1
5309 5310 1
5310 5311 1
5311 5312 1
5312 5313 1
5313 5314 1
5314 5315 1
5315 5316 1
5316 5317 1
5317 5318 1
5318 5319 1
5319 5320 1
5320 5321 1
5321 5322 1
5322 5323 1
5323 5324 1
5324 5325 1
5325 5326 1
5326 5327 1
5327 5328 1
5328 5329 1
5329 5330 1
5330 5331 1
5331 5332 1
5332 5333 1
5333 5334 1
5334 5335 1
5335 5336 1
5336 5337 1
5337 5338 1
5338 5339 1
5339 5340 1
5340 5341 1
5341 5342 1
5342 5343 1
5343 5344 1
5344 5345 1
5345 5346 1
5346 5347 1
5347 5348 1
5348 5349 1
5349 5350 1
5350 5351 1
5351 5352 1
5352 5353 1
5353 5354 1
5354 5355 1
5355 5356 1
5356 5357 1
5357 5358 1
5358 5359 1
5359 5360 1
5360 5361 1
5361 5362 1
5362 5363 1
5363 5364 1
5364 5365 1
5365 5366 1
5366 5367 1
5367 5368 1
5368 5369 1
5369 5370 1
5370 5371 1
5371 5372 1
5372 5373 1
5373 5374 1
5374 5375 1
5375 5376 1
5376 5377 1
5377 5378 1
5378 5379 1
5379 5380 1
5380 5381 1
5381 5382 1
5382 5383 1
5383 5384 1
5384 5385 1
5385 5386 1
5386 5387 1
5387 5388 1
5388 5389 1
5389 5390 1
5390 5391 1
5391 5392 1
5392 5393 1
5393 5394 1
5394 5395 1
5395 5396 1
5396 5397 1
5397 5398 1
5398 5399 1
5399 5400 1
5400 5401 1
5401 5402 1
5402 5403 1
5403 5404 1
5404 5405 1
5405 5406 1
5406 5407 1
5407 5408 1
5408 5409 1
5409 5410 1
5410 5411 1
5411 5412 1
5412 5413 1
5413 5414 1
5414 5415 1
5415 5416 1
5416 5417 1
5417 5418 1
5418 5419 1
5419 5420 1
5420 5421 1
5421 5422 1
5422 5423 1
5423 5424 1
5424 5425 1
5425 5426 1
5426 5427 1
5427 5428 1
5428 5429 1
5429 5430 1
5430 5431 1
5431 5432 1
5432 5433 1
5433 5434 1
5434 5435 1
5435 5436 1
5436 5437 1
5437 5438 1
5438 5439 1
5439 5440 1
5440 5441 1
5441 5442 1
5442 5443 1
5443 5444 1
5444 5445 1
5445 5446 1
5446 5447 1
5447 5448 1
5448 5449 1
5449 5450 1
5450 5451 1
5451 5452 1
5452 5453 1
5453 5454 1
5454 5455 1
5455 5456 1
5456 5457 1
5457 5458 1
5458 5459 1
5459 5460 1
5460 5461 1
5461 5462 1
5462 5463 1
5463 5464 1
5464 5465 1
5465 5466 1
5466 5467 1
5467 5468 1
5468 5469 1
5469 5470 1
5470 5471 1
5471 5472 1
5472 5473 1
5473 5474 1
5474 5475 1
5475 5476 1
5476 5477 1
5477 5478 1
5478 5479 1
5479 5480 1
5480 5481 1
5481 5482 1
5482 5483 1
5483 5484 1
5484 5485 1
5485 5486 1
5486 5487 1
5487 5488 1
5488 5489 1
5489 5490 1
5490 5491 1
5491 5492 1
5492 5493 1
5493 5494 1
5494 5495 1
5495 5496 1
5496 5497 1
5497 5498 1
5498 5499 1
5499 5500 1
5500 5501 1
5501 5502 1
5502 5503 1
5503 5504 1
5504 5505 1
5505 5506 1
5506 5507 1
5507 5508 1
5508 5509 1
5509 5510 1
5510 5511 1
5511 5512 1
5512 5513 1
5513 5514 1
5514 5515 1
5515 5516 1
5516 5517 1
5517 5518 1
5518 5519 1
5519 5520 1
5520 5521 1
5521 5522 1
5522 5523 1
5523 5524 1
5524 5525 1
5525 5526 1
5526 5527 1
5527 5528 1
5528 5529 1
5529 5530 1
5530 5531 1
5531 5532 1
5532 5533 1
5533 5534 1
5534 5535 1
5535 5536 1
5536 5537 1
5537 5538 1
5538 5539 1
5539 5540 1
5540 5541 1
5541 5542 1
5542 5543 1
5543 5544 1
5544 5545 1
5545 5546 1
5546 5547 1
5547 5548 1
5548 5549 1
5549 5550 1
5550 5551 1
5551 5552 1
5552 5553 1
5553 5554 1
5554 5555 1
5555 5556 1
5556 5557 1
5557 5558 1
5558 5559 1
5559 5560 1
5560 5561 1
5561 5562 1
5562 5563 1
5563 5564 1
5564 5565 1
5565 5566 1
5566 5567 1
5567 5568 1
5568 5569 1
5569 5570 1
5570 5571 1
5571 5572 1
5572 5573 1
5573 5574 1
5574 5575 1
5575 5576 1
5576 5577 1
5577 5578 1
5578 5579 1
5579 5580 1
5580 5581 1
5581 5582 1
5582 5583 1
5583 5584 1
5584 5585 1
5585 5586 1
5586 5587 1
5587 5588 1
5588 5589 1
5589 5590 1
5590 5591 1
5591 5592 1
5592 5593 1
5593 5594 1
5594 5595 1
5595 5596 1
5596 5597 1
5597 5598 1
5598 5599 1
5599 5600 1
5600 5601 1
5601 5602 1
5602 5603 1
5603 5604 1
5604 5605 1
5605 5606 1
5606 5607 1
5607 5608 1
5608 5609 1
5609 5610 1
5610 5611 1
5611 5612 1
5612 5613 1
5613 5614 1
5614 5615 1
5615 5616 1
5616 5617 1
5617 5618 1
5618 5619 1
5619 5620 1
5620 5621 1
5621 5622 1
5622 5623 1
5623 5624 1
5624 5625 1
5625 5626 1
5626 5627 1
5627 5628 1
5628 5629 1
5629 5630 1
5630 5631 1
5631 5632 1
5632 5633 1
5633 5634 1
5634 5635 1
5635 5636 1
5636 5637 1
5637 5638 1
5638 5639 1
5639 5640 1
5640 5641 1
5641 5642 1
5642 5643 1
5643 5644 1
5644 5645 1
5645 5646 1
5646 5647 1
5647 5648 1
5648 5649 1
5649 5650 1
5650 5651 1
5651 5652 1
5652 5653 1
5653 5654 1
5654 5655 1
5655 5656 1
5656 5657 1
5657 5658 1
5658 5659 1
5659 5660 1
5660 5661 1
5661 5662 1
5662 5663 1
5663 5664 1
5664 5665 1
5665 5666 1
5666 5667 1
5667 5668 1
5668 5669 1
5669 5670 1
5670 5671 1
5671 5672 1
5672 5673 1
5673 5674 1
5674 5675 1
5675 5676 1
5676 5677 1
5677 5678 1
5678 5679 1
5679 5680 1
5680 5681 1
5681 5682 1
5682 5683 1
5683 5684 1
5684 5685 1
5685 5686 1
5686 5687 1
5687 5688 1
5688 5689 1
5689 5690 1
5690 5691 1
5691 5692 1
5692 5693 1
5693 5694 1
5694 5695 1
5695 5696 1
5696 5697 1
5697 5698 1
5698 5699 1
5699 5700 1
5700 5701 1
5701 5702 1
5702 5703 1
5703 5704 1
5704 5705 1
5705 5706 1
5706 5707 1
5707 5708 1
5708 5709 1
5709 5710 1
5710 5711 1
5711 5712 1
5712 5713 1
5713 5714 1
5714 5715 1
5715 5716 1
5716 5717 1
5717 5718 1
5718 5719 1
5719 5720 1
5720 5721 1
5721 5722 1
5722 5723 1
5723 5724 1
5724 5725 1
5725 5726 1
5726 5727 1
5727 5728 1
5728 5729 1
5729 5730 1
5730 5731 1
5731 5732 1
5732 5733 1
5733 5734 1
5734 5735 1
5735 5736 1
5736 5737 1
5737 5738 1
5738 5739 1
5739 5740 1
5740 5741 1
5741 5742 1
5742 5743 1
5743 5744 1
5744 5745 1
5745 5746 1
5746 5747 1
5747 5748 1
5748 5749 1
5749 5750 1
5750 5751 1
5751 5752 1
5752 5753 1
5753 5754 1
5754 5755 1
5755 5756 1
5756 5757 1
5757 5758 1
5758 5759 1
5759 5760 1
5760 5761 1
5761 5762 1
5762 5763 1
5763 5764 1
5764 5765 1
5765 5766 1
5766 5767 1
5767 5768 1
5768 5769 1
5769 5770 1
5770 5771 1
5771 5772 1
5772 5773 1
5773 5774 1
5774 5775 1
5775 5776 1
5776 5777 1
5777 5778 1
5778 5779 1
5779 5780 1
5780 5781 1
5781 5782 1
5782 5783 1
5783 5784 1
5784 5785 1
5785 5786 1
5786 5787 1
5787 5788 1
5788 5789 1
5789 5790 1
5790 5791 1
5791 5792 1
5792 5793 1
5793 5794 1
5794 5795 1
5795 5796 1
5796 5797 1
5797 5798 1
5798 5799 1
5799 5800 1
5800 5801 1
5801 5802 1
5802 5803 1
5803 5804 1
5804 5805 1
5805 5806 1
5806 5807 1
5807 5808 1
5808 5809 1
5809 5810 1
5810 5811 1
5811 5812 1
5812 5813 1
5813 5814 1
5814 5815 1
5815 5816 1
5816 5817 1
5817 5818 1
5818 5819 1
5819 5820 1
5820 5821 1
5821 5822 1
5822 5823 1
5823 5824 1
5824 5825 1
5825 5826 1
5826 5827 1
5827 5828 1
5828 5829 1
5829 5830 1
5830 5831 1
5831 5832 1
5832 5833 1
5833 5834 1
5834 5835 1
5835 5836 1
5836 5837 1
5837 5838 1
5838 5839 1
5839 5840 1
5840 5841 1
5841 5842 1
5842 5843 1
5843 5844 1
5844 5845 1
5845 5846 1
5846 5847 1
5847 5848 1
5848 5849 1
5849 5850 1
5850 5851 1
5851 5852 1
5852 5853 1
5853 5854 1
5854 5855 1
5855 5856 1
5856 5857 1
5857 5858 1
5858 5859 1
5859 5860 1
5860 5861 1
5861 5862 1
5862 5863 1
5863 5864 1
5864 5865 1
5865 5866 1
5866 5867 1
5867 5868 1
5868 5869 1
5869 5870 1
5870 5871 1
5871 5872 1
5872 5873 1
5873 5874 1
5874 5875 1
5875 5876 1
5876 5877 1
5877 5878 1
5878 5879 1
5879 5880 1
5880 5881 1
5881 5882 1
5882 5883 1
5883 5884 1
5884 5885 1
5885 5886 1
5886 5887 1
5887 5888 1
5888 5889 1
5889 5890 1
5890 5891 1
5891 5892 1
5892 5893 1
5893 5894 1
5894 5895 1
5895 5896 1
5896 5897 1
5897 5898 1
5898 5899 1
5899 5900 1
5900 5901 1
5901 5902 1
5902 5903 1
5903 5904 1
5904 5905 1
5905 5906 1
5906 5907 1
5907 5908 1
5908 5909 1
5909 5910 1
5910 5911 1
5911 5912 1
5912 5913 1
5913 5914 1
5914 5915 1
5915 5916 1
5916 5917 1
5917 5918 1
5918 5919 1
5919 5920 1
5920 5921 1
5921 5922 1
5922 5923 1
5923 5924 1
5924 5925 1
5925 5926 1
5926 5927 1
5927 5928 1
5928 5929 1
5929 5930 1
5930 5931 1
5931 5932 1
5932 5933 1
5933 5934 1
5934 5935 1
5935 5936 1
5936 5937 1
5937 5938 1
5938 5939 1
5939 5940 1
5940 5941 1
5941 5942 1
5942 5943 1
5943 5944 1
5944 5945 1
5945 5946 1
5946 5947 1
5947 5948 1
5948 5949 1
5949 5950 1
5950 5951 1
5951 5952 1
5952 5953 1
5953 5954 1
5954 5955 1
5955 5956 1
5956 5957 1
5957 5958 1
5958 5959 1
5959 5960 1
5960 5961 1
5961 5962 1
5962 5963 1
5963 5964 1
5964 5965 1
5965 5966 1
5966 5967 1
5967 5968 1
5968 5969 1
5969 5970 1
5970 5971 1
5971 5972 1
5972 5973 1
5973 5974 1
5974 5975 1
5975 5976 1
5976 5977 1
5977 5978 1
5978 5979 1
5979 5980 1
5980 5981 1
5981 5982 1
5982 5983 1
5983 5984 1
5984 5985 1
5985 5986 1
5986 5987 1
5987 5988 1
5988 5989 1
5989 5990 1
5990 5991 1
5991 5992 1
5992 5993 1
5993 5994 1
5994 5995 1
5995 5996 1
5996 5997 1
5997 5998 1
5998 5999 1
5999 6000 1
6000 6001 1
6001 6002 1
6002 6003 1
6003 6004 1
6004 6005 1
6005 6006 1
6006 6007 1
6007 6008 1
6008 6009 1
6009 6010 1
6010 6011 1
6011 6012 1
6012 6013 1
6013 6014 1
6014 6015 1
6015 6016 1
6016 6017 1
6017 6018 1
6018 6019 1
6019 6020 1
6020 6021 1
6021 6022 1
6022 6023 1
6023 6024 1
6024 6025 1
6025 6026 1
6026 6027 1
6027 6028 1
6028 6029 1
6029 6030 1
6030 6031 1
6031 6032 1
6032 6033 1
6033 6034 1
6034 6035 1
6035 6036 1
6036 6037 1
6037 6038 1
6038 6039 1
6039 6040 1
6040 6041 1
6041 6042 1
6042 6043 1
6043 6044 1
6044 6045 1
6045 6046 1
6046 6047 1
6047 6048 1
6048 6049 1
6049 6050 1
6050 6051 1
6051 6052 1
6052 6053 1
6053 6054 1
6054 6055 1
6055 6056 1
6056 6057 1
6057 6058 1
6058 6059 1
6059 6060 1
6060 6061 1
6061 6062 1
6062 6063 1
6063 6064 1
6064 6065 1
6065 6066 1
6066 6067 1
6067 6068 1
6068 6069 1
6069 6070 1
6070 6071 1
6071 6072 1
6072 6073 1
6073 6074 1
6074 6075 1
6075 6076 1
6076 6077 1
6077 6078 1
6078 6079 1
6079 6080 1
6080 6081 1
6081 6082 1
6082 6083 1
6083 6084 1
6084 6085 1
6085 6086 1
6086 6087 1
6087 6088 1
6088 6089 1
6089 6090 1
6090 6091 1
6091 6092 1
6092 6093 1
6093 6094 1
6094 6095 1
6095 6096 1
6096 6097 1
6097 6098 1
6098 6099 1
6099 6100 1
6100 6101 1
6101 6102 1
6102 6103 1
6103 6104 1
6104 6105 1
6105 6106 1
6106 6107 1
6107 6108 1
6108 6109 1
6109 6110 1
6110 6111 1
6111 6112 1
6112 6113 1
6113 6114 1
6114 6115 1
6115 6116 1
6116 6117 1
6117 6118 1
6118 6119 1
6119 6120 1
6120 6121 1
6121 6122 1
6122 6123 1
6123 6124 1
6124 6125 1
6125 6126 1
6126 6127 1
6127 6128 1
6128 6129 1
6129 6130 1
6130 6131 1
6131 6132 1
6132 6133 1
6133 6134 1
6134 6135 1
6135 6136 1
6136 6137 1
6137 6138 1
6138 6139 1
6139 6140 1
6140 6141 1
6141 6142 1
6142 6143 1
6143 6144 1
6144 6145 1
6145 6146 1
6146 6147 1
6147 6148 1
6148 6149 1
6149 6150 1
6150 6151 1
6151 6152 1
6152 6153 1
6153 6154 1
6154 6155 1
6155 6156 1
6156 6157 1
6157 6158 1
6158 6159 1
6159 6160 1
6160 6161 1
6161 6162 1
6162 6163 1
6163 6164 1
6164 6165 1
6165 6166 1
6166 6167 1
6167 6168 1
6168 6169 1
6169 6170 1
6170 6171 1
6171 6172 1
6172 6173 1
6173 6174 1
6174 6175 1
6175 6176 1
6176 6177 1
6177 6178 1
6178 6179 1
6179 6180 1
6180 6181 1
6181 6182 1
6182 6183 1
6183 6184 1
6184 6185 1
6185 6186 1
6186 6187 1
6187 6188 1
6188 6189 1
6189 6190 1
6190 6191 1
6191 6192 1
6192 6193 1
6193 6194 1
6194 6195 1
6195 6196 1
6196 6197 1
6197 6198 1
6198 6199 1
6199 6200 1
6200 6201 1
6201 6202 1
6202 6203 1
6203 6204 1
6204 6205 1
6205 6206 1
6206 6207 1
6207 6208 1
6208 6209 1
6209 6210 1
6210 6211 1
6211 6212 1
6212 6213 1
6213 6214 1
6214 6215 1
6215 6216 1
6216 6217 1
6217 6218 1
6218 6219 1
6219 6220 1
6220 6221 1
6221 6222 1
6222 6223 1
6223 6224 1
6224 6225 1
6225 6226 1
6226 6227 1
6227 6228 1
6228 6229 1
6229 6230 1
6230 6231 1
6231 6232 1
6232 6233 1
6233 6234 1
6234 6235 1
6235 6236 1
6236 6237 1
6237 6238 1
6238 6239 1
6239 6240 1
6240 6241 1
6241 6242 1
6242 6243 1
6243 6244 1
6244 6245 1
6245 6246 1
6246 6247 1
6247 6248 1
6248 6249 1
6249 6250 1
6250 6251 1
6251 6252 1
6252 6253 1
6253 6254 1
6254 6255 1
6255 6256 1
6256 6257 1
6257 6258 1
6258 6259 1
6259 6260 1
6260 6261 1
6261 6262 1
6262 6263 1
6263 6264 1
6264 6265 1
6265 6266 1
6266 6267 1
6267 6268 1
6268 6269 1
6269 6270 1
6270 6271 1
6271 6272 1
6272 6273 1
6273 6274 1
6274 6275 1
6275 6276 1
6276 6277 1
6277 6278 1
6278 6279 1
6279 6280 1
6280 6281 1
6281 6282 1
6282 6283 1
6283 6284 1
6284 6285 1
6285 6286 1
6286 6287 1
6287 6288 1
6288 6289 1
6289 6290 1
6290 6291 1
6291 6292 1
6292 6293 1
6293 6294 1
6294 6295 1
6295 6296 1
6296 6297 1
6297 6298 1
6298 6299 1
6299 6300 1
6300 6301 1
6301 6302 1
6302 6303 1
6303 6304 1
6304 6305 1
6305 6306 1
6306 6307 1
6307 6308 1
6308 6309 1
6309 6310 1
6310 6311 1
6311 6312 1
6312 6313 1
6313 6314 1
6314 6315 1
6315 6316 1
6316 6317 1
6317 6318 1
6318 6319 1
6319 6320 1
6320 6321 1
6321 6322 1
6322 6323 1
6323 6324 1
6324 6325 1
6325 6326 1
6326 6327 1
6327 6328 1
6328 6329 1
6329 6330 1
6330 6331 1
6331 6332 1
6332 6333 1
6333 6334 1
6334 6335 1
6335 6336 1
6336 6337 1
6337 6338 1
6338 6339 1
6339 6340 1
6340 6341 1
6341 6342 1
6342 6343 1
6343 6344 1
6344 6345 1
6345 6346 1
6346 6347 1
6347 6348 1
6348 6349 1
6349 6350 1
6350 6351 1
6351 6352 1
6352 6353 1
6353 6354 1
6354 6355 1
6355 6356 1
6356 6357 1
6357 6358 1
6358 6359 1
6359 6360 1
6360 6361 1
6361 6362 1
6362 6363 1
6363 6364 1
6364 6365 1
6365 6366 1
6366 6367 1
6367 6368 1
6368 6369 1
6369 6370 1
6370 6371 1
6371 6372 1
6372 6373 1
6373 6374 1
6374 6375 1
6375 6376 1
6376 6377 1
6377 6378 1
6378 6379 1
6379 6380 1
6380 6381 1
6381 6382 1
6382 6383 1
6383 6384 1
6384 6385 1
6385 6386 1
6386 6387 1
6387 6388 1
6388 6389 1
6389 6390 1
6390 6391 1
6391 6392 1
6392 6393 1
6393 6394 1
6394 6395 1
6395 6396 1
6396 6397 1
6397 6398 1
6398 6399 1
6399 6400 1
6400 6401 1
6401 6402 1
6402 6403 1
6403 6404 1
6404 6405 1
6405 6406 1
6406 6407 1
6407 6408 1
6408 6409 1
6409 6410 1
6410 6411 1
6411 6412 1
6412 6413 1
6413 6414 1
6414 6415 1
6415 6416 1
6416 6417 1
6417 6418 1
6418 6419 1
6419 6420 1
6420 6421 1
6421 6422 1
6422 6423 1
6423 6424 1
6424 6425 1
6425 6426 1
6426 6427 1
6427 6428 1
6428 6429 1
6429 6430 1
6430 6431 1
6431 6432 1
6432 6433 1
6433 6434 1
6434 6435 1
6435 6436 1
6436 6437 1
6437 6438 1
6438 6439 1
6439 6440 1
6440 6441 1
6441 6442 1
6442 6443 1
6443 6444 1
6444 6445 1
6445 6446 1
6446 6447 1
6447 6448 1
6448 6449 1
6449 6450 1
6450 6451 1
6451 6452 1
6452 6453 1
6453 6454 1
6454 6455 1
6455 6456 1
6456 6457 1
6457 6458 1
6458 6459 1
6459 6460 1
6460 6461 1
6461 6462 1
6462 6463 1
6463 6464 1
6464 6465 1
6465 6466 1
6466 6467 1
6467 6468 1
6468 6469 1
6469 6470 1
6470 6471 1
6471 6472 1
6472 6473 1
6473 6474 1
6474 6475 1
6475 6476 1
6476 6477 1
6477 6478 1
6478 6479 1
6479 6480 1
6480 6481 1
6481 6482 1
6482 6483 1
6483 6484 1
6484 6485 1
6485 6486 1
6486 6487 1
6487 6488 1
6488 6489 1
6489 6490 1
6490 6491 1
6491 6492 1
6492 6493 1
6493 6494 1
6494 6495 1
6495 6496 1
6496 6497 1
6497 6498 1
6498 6499 1
6499 6500 1
6500 6501 1
6501 6502 1
6502 6503 1
6503 6504 1
6504 6505 1
6505 6506 1
6506 6507 1
6507 6508 1
6508 6509 1
6509 6510 1
6510 6511 1
6511 6512 1
6512 6513 1
6513 6514 1
6514 6515 1
6515 6516 1
6516 6517 1
6517 6518 1
6518 6519 1
6519 6520 1
6520 6521 1
6521 6522 1
6522 6523 1
6523 6524 1
6524 6525 1
6525 6526 1
6526 6527 1
6527 6528 1
6528 6529 1
6529 6530 1
6530 6531 1
6531 6532 1
6532 6533 1
6533 6534 1
6534 6535 1
6535 6536 1
6536 6537 1
6537 6538 1
6538 6539 1
6539 6540 1
6540 6541 1
6541 6542 1
6542 6543 1
6543 6544 1
6544 6545 1
6545 6546 1
6546 6547 1
6547 6548 1
6548 6549 1
6549 6550 1
6550 6551 1
6551 6552 1
6552 6553 1
6553 6554 1
6554 6555 1
6555 6556 1
6556 6557 1
6557 6558 1
6558 6559 1
6559 6560 1
6560 6561 1
6561 6562 1
6562 6563 1
6563 6564 1
6564 6565 1
6565 6566 1
6566 6567 1
6567 6568 1
6568 6569 1
6569 6570 1
6570 6571 1
6571 6572 1
6572 6573 1
6573 6574 1
6574 6575 1
6575 6576 1
6576 6577 1
6577 6578 1
6578 6579 1
6579 6580 1
6580 6581 1
6581 6582 1
6582 6583 1
6583 6584 1
6584 6585 1
6585 6586 1
6586 6587 1
6587 6588 1
6588 6589 1
6589 6590 1
6590 6591 1
6591 6592 1
6592 6593 1
6593 6594 1
6594 6595 1
6595 6596 1
6596 6597 1
6597 6598 1
6598 6599 1
6599 6600 1
6600 6601 1
6601 6602 1
6602 6603 1
6603 6604 1
6604 6605 1
6605 6606 1
6606 6607 1
6607 6608 1
6608 6609 1
6609 6610 1
6610 6611 1
6611 6612 1
6612 6613 1
6613 6614 1
6614 6615 1
6615 6616 1
6616 6617 1
6617 6618 1
6618 6619 1
6619 6620 1
6620 6621 1
6621 6622 1
6622 6623 1
6623 6624 1
6624 6625 1
6625 6626 1
6626 6627 1
6627 6628 1
6628 6629 1
6629 6630 1
6630 6631 1
6631 6632 1
6632 6633 1
6633 6634 1
6634 6635 1
6635 6636 1
6636 6637 1
6637 6638 1
6638 6639 1
6639 6640 1
6640 6641 1
6641 6642 1
6642 6643 1
6643 6644 1
6644 6645 1
6645 6646 1
6646 6647 1
6647 6648 1
6648 6649 1
6649 6650 1
6650 6651 1
6651 6652 1
6652 6653 1
6653 6654 1
6654 6655 1
6655 6656 1
6656 6657 1
6657 6658 1
6658 6659 1
6659 6660 1
6660 6661 1
6661 6662 1
6662 6663 1
6663 6664 1
6664 6665 1
6665 6666 1
6666 6667 1
6667 6668 1
6668 6669 1
6669 6670 1
6670 6671 1
6671 6672 1
6672 6673 1
6673 6674 1
6674 6675 1
6675 6676 1
6676 6677 1
6677 6678 1
6678 6679 1
6679 6680 1
6680 6681 1
6681 6682 1
6682 6683 1
6683 6684 1
6684 6685 1
6685 6686 1
6686 6687 1
6687 6688 1
6688 6689 1
6689 6690 1
6690 6691 1
6691 6692 1
6692 6693 1
6693 6694 1
6694 6695 1
6695 6696 1
6696 6697 1
6697 6698 1
6698 6699 1
6699 6700 1
6700 6701 1
6701 6702 1
6702 6703 1
6703 6704 1
6704 6705 1
6705 6706 1
6706 6707 1
6707 6708 1
6708 6709 1
6709 6710 1
6710 6711 1
6711 6712 1
6712 6713 1
6713 6714 1
6714 6715 1
6715 6716 1
6716 6717 1
6717 6718 1
6718 6719 1
6719 6720 1
6720 6721 1
6721 6722 1
6722 6723 1
6723 6724 1
6724 6725 1
6725 6726 1
6726 6727 1
6727 6728 1
6728 6729 1
6729 6730 1
6730 6731 1
6731 6732 1
6732 6733 1
6733 6734 1
6734 6735 1
6735 6736 1
6736 6737 1
6737 6738 1
6738 6739 1
6739 6740 1
6740 6741 1
6741 6742 1
6742 6743 1
6743 6744 1
6744 6745 1
6745 6746 1
6746 6747 1
6747 6748 1
6748 6749 1
6749 6750 1
6750 6751 1
6751 6752 1
6752 6753 1
6753 6754 1
6754 6755 1
6755 6756 1
6756 6757 1
6757 6758 1
6758 6759 1
6759 6760 1
6760 6761 1
6761 6762 1
6762 6763 1
6763 6764 1
6764 6765 1
6765 6766 1
6766 6767 1
6767 6768 1
6768 6769 1
6769 6770 1
6770 6771 1
6771 6772 1
6772 6773 1
6773 6774 1
6774 6775 1
6775 6776 1
6776 6777 1
6777 6778 1
6778 6779 1
6779 6780 1
6780 6781 1
6781 6782 1
6782 6783 1
6783 6784 1
6784 6785 1
6785 6786 1
6786 6787 1
6787 6788 1
6788 6789 1
6789 6790 1
6790 6791 1
6791 6792 1
6792 6793 1
6793 6794 1
6794 6795 1
6795 6796 1
6796 6797 1
6797 6798 1
6798 6799 1
6799 6800 1
6800 6801 1
6801 6802 1
6802 6803 1
6803 6804 1
6804 6805 1
6805 6806 1
6806 6807 1
6807 6808 1
6808 6809 1
6809 6810 1
6810 6811 1
6811 6812 1
6812 6813 1
6813 6814 1
6814 6815 1
6815 6816 1
6816 6817 1
6817 6818 1
6818 6819 1
6819 6820 1
6820 6821 1
6821 6822 1
6822 6823 1
6823 6824 1
6824 6825 1
6825 6826 1
6826 6827 1
6827 6828 1
6828 6829 1
6829 6830 1
6830 6831 1
6831 6832 1
6832 6833 1
6833 6834 1
6834 6835 1
6835 6836 1
6836 6837 1
6837 6838 1
6838 6839 1
6839 6840 1
6840 6841 1
6841 6842 1
6842 6843 1
6843 6844 1
6844 6845 1
6845 6846 1
6846 6847 1
6847 6848 1
6848 6849 1
6849 6850 1
6850 6851 1
6851 6852 1
6852 6853 1
6853 6854 1
6854 6855 1
6855 6856 1
6856 6857 1
6857 6858 1
6858 6859 1
6859 6860 1
6860 6861 1
6861 6862 1
6862 6863 1
6863 6864 1
6864 6865 1
6865 6866 1
6866 6867 1
6867 6868 1
6868 6869 1
6869 6870 1
6870 6871 1
6871 6872 1
6872 6873 1
6873 6874 1
6874 6875 1
6875 6876 1
6876 6877 1
6877 6878 1
6878 6879 1
6879 6880 1
6880 6881 1
6881 6882 1
6882 6883 1
6883 6884 1
6884 6885 1
6885 6886 1
6886 6887 1
6887 6888 1
6888 6889 1
6889 6890 1
6890 6891 1
6891 6892 1
6892 6893 1
6893 6894 1
6894 6895 1
6895 6896 1
6896 6897 1
6897 6898 1
6898 6899 1
6899 6900 1
6900 6901 1
6901 6902 1
6902 6903 1
6903 6904 1
6904 6905 1
6905 6906 1
6906 6907 1
6907 6908 1
6908 6909 1
6909 6910 1
6910 6911 1
6911 6912 1
6912 6913 1
6913 6914 1
6914 6915 1
6915 6916 1
6916 6917 1
6917 6918 1
6918 6919 1
6919 6920 1
6920 6921 1
6921 6922 1
6922 6923 1
6923 6924 1
6924 6925 1
6925 6926 1
6926 6927 1
6927 6928 1
6928 6929 1
6929 6930 1
6930 6931 1
6931 6932 1
6932 6933 1
6933 6934 1
6934 6935 1
6935 6936 1
6936 6937 1
6937 6938 1
6938 6939 1
6939 6940 1
6940 6941 1
6941 6942 1
6942 6943 1
6943 6944 1
6944 6945 1
6945 6946 1
6946 6947 1
6947 6948 1
6948 6949 1
6949 6950 1
6950 6951 1
6951 6952 1
6952 6953 1
6953 6954 1
6954 6955 1
6955 6956 1
6956 6957 1
6957 6958 1
6958 6959 1
6959 6960 1
6960 6961 1
6961 6962 1
6962 6963 1
6963 6964 1
6964 6965 1
6965 6966 1
6966 6967 1
6967 6968 1
6968 6969 1
6969 6970 1
6970 6971 1
6971 6972 1
6972 6973 1
6973 6974 1
6974 6975 1
6975 6976 1
6976 6977 1
6977 6978 1
6978 6979 1
6979 6980 1
6980 6981 1
6981 6982 1
6982 6983 1
6983 6984 1
6984 6985 1
6985 6986 1
6986 6987 1
6987 6988 1
6988 6989 1
6989 6990 1
6990 6991 1
6991 6992 1
6992 6993 1
6993 6994 1
6994 6995 1
6995 6996 1
6996 6997 1
6997 6998 1
6998 6999 1
6999 7000 1
7000 7001 1
7001 7002 1
7002 7003 1
7003 7004 1
7004 7005 1
7005 7006 1
7006 7007 1
7007 7008 1
7008 7009 1
7009 7010 1
7010 7011 1
7011 7012 1
7012 7013 1
7013 7014 1
7014 7015 1
7015 7016 1
7016 7017 1
7017 7018 1
7018 7019 1
7019 7020 1
7020 7021 1
7021 7022 1
7022 7023 1
7023 7024 1
7024 7025 1
7025 7026 1
7026 7027 1
7027 7028 1
7028 7029 1
7029 7030 1
7030 7031 1
7031 7032 1
7032 7033 1
7033 7034 1
7034 7035 1
7035 7036 1
7036 7037 1
7037 7038 1
7038 7039 1
7039 7040 1
7040 7041 1
7041 7042 1
7042 7043 1
7043 7044 1
7044 7045 1
7045 7046 1
7046 7047 1
7047 7048 1
7048 7049 1
7049 7050 1
7050 7051 1
7051 7052 1
7052 7053 1
7053 7054 1
7054 7055 1
7055 7056 1
7056 7057 1
7057 7058 1
7058 7059 1
7059 7060 1
7060 7061 1
7061 7062 1
7062 7063 1
7063 7064 1
7064 7065 1
7065 7066 1
7066 7067 1
7067 7068 1
7068 7069 1
7069 7070 1
7070 7071 1
7071 7072 1
7072 7073 1
7073 7074 1
7074 7075 1
7075 7076 1
7076 7077 1
7077 7078 1
7078 7079 1
7079 7080 1
7080 7081 1
7081 7082 1
7082 7083 1
7083 7084 1
7084 7085 1
7085 7086 1
7086 7087 1
7087 7088 1
7088 7089 1
7089 7090 1
7090 7091 1
7091 7092 1
7092 7093 1
7093 7094 1
7094 7095 1
7095 7096 1
7096 7097 1
7097 7098 1
7098 7099 1
7099 7100 1
7100 7101 1
7101 7102 1
7102 7103 1
7103 7104 1
7104 7105 1
7105 7106 1
7106 7107 1
7107 7108 1
7108 7109 1
7109 7110 1
7110 7111 1
7111 7112 1
7112 7113 1
7113 7114 1
7114 7115 1
7115 7116 1
7116 7117 1
7117 7118 1
7118 7119 1
7119 7120 1
7120 7121 1
7121 7122 1
7122 7123 1
7123 7124 1
7124 7125 1
7125 7126 1
7126 7127 1
7127 7128 1
7128 7129 1
7129 7130 1
7130 7131 1
7131 7132 1
7132 7133 1
7133 7134 1
7134 7135 1
7135 7136 1
7136 7137 1
7137 7138 1
7138 7139 1
7139 7140 1
7140 7141 1
7141 7142 1
7142 7143 1
7143 7144 1
7144 7145 1
7145 7146 1
7146 7147 1
7147 7148 1
7148 7149 1
7149 7150 1
7150 7151 1
7151 7152 1
7152 7153 1
7153 7154 1
7154 7155 1
7155 7156 1
7156 7157 1
7157 7158 1
7158 7159 1
7159 7160 1
7160 7161 1
7161 7162 1
7162 7163 1
7163 7164 1
7164 7165 1
7165 7166 1
7166 7167 1
7167 7168 1
7168 7169 1
7169 7170 1
7170 7171 1
7171 7172 1
7172 7173 1
7173 7174 1
7174 7175 1
7175 7176 1
7176 7177 1
7177 7178 1
7178 7179 1
7179 7180 1
7180 7181 1
7181 7182 1
7182 7183 1
7183 7184 1
7184 7185 1
7185 7186 1
7186 7187 1
7187 7188 1
7188 7189 1
7189 7190 1
7190 7191 1
7191 7192 1
7192 7193 1
7193 7194 1
7194 7195 1
7195 7196 1
7196 7197 1
7197 7198 1
7198 7199 1
7199 7200 1
7200 7201 1
7201 7202 1
7202 7203 1
7203 7204 1
7204 7205 1
7205 7206 1
7206 7207 1
7207 7208 1
7208 7209 1
7209 7210 1
7210 7211 1
7211 7212 1
7212 7213 1
7213 7214 1
7214 7215 1
7215 7216 1
7216 7217 1
7217 7218 1
7218 7219 1
7219 7220 1
7220 7221 1
7221 7222 1
7222 7223 1
7223 7224 1
7224 7225 1
7225 7226 1
7226 7227 1
7227 7228 1
7228 7229 1
7229 7230 1
7230 7231 1
7231 7232 1
7232 7233 1
7233 7234 1
7234 7235 1
7235 7236 1
7236 7237 1
7237 7238 1
7238 7239 1
7239 7240 1
7240 7241 1
7241 7242 1
7242 7243 1
7243 7244 1
7244 7245 1
7245 7246 1
7246 7247 1
7247 7248 1
7248 7249 1
7249 7250 1
7250 7251 1
7251 7252 1
7252 7253 1
7253 7254 1
7254 7255 1
7255 7256 1
7256 7257 1
7257 7258 1
7258 7259 1
7259 7260 1
7260 7261 1
7261 7262 1
7262 7263 1
7263 7264 1
7264 7265 1
7265 7266 1
7266 7267 1
7267 7268 1
7268 7269 1
7269 7270 1
7270 7271 1
7271 7272 1
7272 7273 1
7273 7274 1
7274 7275 1
7275 7276 1
7276 7277 1
7277 7278 1
7278 7279 1
7279 7280 1
7280 7281 1
7281 7282 1
7282 7283 1
7283 7284 1
7284 7285 1
7285 7286 1
7286 7287 1
7287 7288 1
7288 7289 1
7289 7290 1
7290 7291 1
7291 7292 1
7292 7293 1
7293 7294 1
7294 7295 1
7295 7296 1
7296 7297 1
7297 7298 1
7298 7299 1
7299 7300 1
7300 7301 1
7301 7302 1
7302 7303 1
7303 7304 1
7304 7305 1
7305 7306 1
7306 7307 1
7307 7308 1
7308 7309 1
7309 7310 1
7310 7311 1
7311 7312 1
7312 7313 1
7313 7314 1
7314 7315 1
7315 7316 1
7316 7317 1
7317 7318 1
7318 7319 1
7319 7320 1
7320 7321 1
7321 7322 1
7322 7323 1
7323 7324 1
7324 7325 1
7325 7326 1
7326 7327 1
7327 7328 1
7328 7329 1
7329 7330 1
7330 7331 1
7331 7332 1
7332 7333 1
7333 7334 1
7334 7335 1
7335 7336 1
7336 7337 1
7337 7338 1
7338 7339 1
7339 7340 1
7340 7341 1
7341 7342 1
7342 7343 1
7343 7344 1
7344 7345 1
7345 7346 1
7346 7347 1
7347 7348 1
7348 7349 1
7349 7350 1
7350 7351 1
7351 7352 1
7352 7353 1
7353 7354 1
7354 7355 1
7355 7356 1
7356 7357 1
7357 7358 1
7358 7359 1
7359 7360 1
7360 7361 1
7361 7362 1
7362 7363 1
7363 7364 1
7364 7365 1
7365 7366 1
7366 7367 1
7367 7368 1
7368 7369 1
7369 7370 1
7370 7371 1
7371 7372 1
7372 7373 1
7373 7374 1
7374 7375 1
7375 7376 1
7376 7377 1
7377 7378 1
7378 7379 1
7379 7380 1
7380 7381 1
7381 7382 1
7382 7383 1
7383 7384 1
7384 7385 1
7385 7386 1
7386 7387 1
7387 7388 1
7388 7389 1
7389 7390 1
7390 7391 1
7391 7392 1
7392 7393 1
7393 7394 1
7394 7395 1
7395 7396 1
7396 7397 1
7397 7398 1
7398 7399 1
7399 7400 1
7400 7401 1
7401 7402 1
7402 7403 1
7403 7404 1
7404 7405 1
7405 7406 1
7406 7407 1
7407 7408 1
7408 7409 1
7409 7410 1
7410 7411 1
7411 7412 1
7412 7413 1
7413 7414 1
7414 7415 1
7415 7416 1
7416 7417 1
7417 7418 1
7418 7419 1
7419 7420 1
7420 7421 1
7421 7422 1
7422 7423 1
7423 7424 1
7424 7425 1
7425 7426 1
7426 7427 1
7427 7428 1
7428 7429 1
7429 7430 1
7430 7431 1
7431 7432 1
7432 7433 1
7433 7434 1
7434 7435 1
7435 7436 1
7436 7437 1
7437 7438 1
7438 7439 1
7439 7440 1
7440 7441 1
7441 7442 1
7442 7443 1
7443 7444 1
7444 7445 1
7445 7446 1
7446 7447 1
7447 7448 1
7448 7449 1
7449 7450 1
7450 7451 1
7451 7452 1
7452 7453 1
7453 7454 1
7454 7455 1
7455 7456 1
7456 7457 1
7457 7458 1
7458 7459 1
7459 7460 1
7460 7461 1
7461 7462 1
7462 7463 1
7463 7464 1
7464 7465 1
7465 7466 1
7466 7467 1
7467 7468 1
7468 7469 1
7469 7470 1
7470 7471 1
7471 7472 1
7472 7473 1
7473 7474 1
7474 7475 1
7475 7476 1
7476 7477 1
7477 7478 1
7478 7479 1
7479 7480 1
7480 7481 1
7481 7482 1
7482 7483 1
7483 7484 1
7484 7485 1
7485 7486 1
7486 7487 1
7487 7488 1
7488 7489 1
7489 7490 1
7490 7491 1
7491 7492 1
7492 7493 1
7493 7494 1
7494 7495 1
7495 7496 1
7496 7497 1
7497 7498 1
7498 7499 1
7499 7500 1
7500 7501 1
7501 7502 1
7502 7503 1
7503 7504 1
7504 7505 1
7505 7506 1
7506 7507 1
7507 7508 1
7508 7509 1
7509 7510 1
7510 7511 1
7511 7512 1
7512 7513 1
7513 7514 1
7514 7515 1
7515 7516 1
7516 7517 1
7517 7518 1
7518 7519 1
7519 7520 1
7520 7521 1
7521 7522 1
7522 7523 1
7523 7524 1
7524 7525 1
7525 7526 1
7526 7527 1
7527 7528 1
7528 7529 1
7529 7530 1
7530 7531 1
7531 7532 1
7532 7533 1
7533 7534 1
7534 7535 1
7535 7536 1
7536 7537 1
7537 7538 1
7538 7539 1
7539 7540 1
7540 7541 1
7541 7542 1
7542 7543 1
7543 7544 1
7544 7545 1
7545 7546 1
7546 7547 1
7547 7548 1
7548 7549 1
7549 7550 1
7550 7551 1
7551 7552 1
7552 7553 1
7553 7554 1
7554 7555 1
7555 7556 1
7556 7557 1
7557 7558 1
7558 7559 1
7559 7560 1
7560 7561 1
7561 7562 1
7562 7563 1
7563 7564 1
7564 7565 1
7565 7566 1
7566 7567 1
7567 7568 1
7568 7569 1
7569 7570 1
7570 7571 1
7571 7572 1
7572 7573 1
7573 7574 1
7574 7575 1
7575 7576 1
7576 7577 1
7577 7578 1
7578 7579 1
7579 7580 1
7580 7581 1
7581 7582 1
7582 7583 1
7583 7584 1
7584 7585 1
7585 7586 1
7586 7587 1
7587 7588 1
7588 7589 1
7589 7590 1
7590 7591 1
7591 7592 1
7592 7593 1
7593 7594 1
7594 7595 1
7595 7596 1
7596 7597 1
7597 7598 1
7598 7599 1
7599 7600 1
7600 7601 1
7601 7602 1
7602 7603 1
7603 7604 1
7604 7605 1
7605 7606 1
7606 7607 1
7607 7608 1
7608 7609 1
7609 7610 1
7610 7611 1
7611 7612 1
7612 7613 1
7613 7614 1
7614 7615 1
7615 7616 1
7616 7617 1
7617 7618 1
7618 7619 1
7619 7620 1
7620 7621 1
7621 7622 1
7622 7623 1
7623 7624 1
7624 7625 1
7625 7626 1
7626 7627 1
7627 7628 1
7628 7629 1
7629 7630 1
7630 7631 1
7631 7632 1
7632 7633 1
7633 7634 1
7634 7635 1
7635 7636 1
7636 7637 1
7637 7638 1
7638 7639 1
7639 7640 1
7640 7641 1
7641 7642 1
7642 7643 1
7643 7644 1
7644 7645 1
7645 7646 1
7646 7647 1
7647 7648 1
7648 7649 1
7649 7650 1
7650 7651 1
7651 7652 1
7652 7653 1
7653 7654 1
7654 7655 1
7655 7656 1
7656 7657 1
7657 7658 1
7658 7659 1
7659 7660 1
7660 7661 1
7661 7662 1
7662 7663 1
7663 7664 1
7664 7665 1
7665 7666 1
7666 7667 1
7667 7668 1
7668 7669 1
7669 7670 1
7670 7671 1
7671 7672 1
7672 7673 1
7673 7674 1
7674 7675 1
7675 7676 1
7676 7677 1
7677 7678 1
7678 7679 1
7679 7680 1
7680 7681 1
7681 7682 1
7682 7683 1
7683 7684 1
7684 7685 1
7685 7686 1
7686 7687 1
7687 7688 1
7688 7689 1
7689 7690 1
7690 7691 1
7691 7692 1
7692 7693 1
7693 7694 1
7694 7695 1
7695 7696 1
7696 7697 1
7697 7698 1
7698 7699 1
7699 7700 1
7700 7701 1
7701 7702 1
7702 7703 1
7703 7704 1
7704 7705 1
7705 7706 1
7706 7707 1
7707 7708 1
7708 7709 1
7709 7710 1
7710 7711 1
7711 7712 1
7712 7713 1
7713 7714 1
7714 7715 1
7715 7716 1
7716 7717 1
7717 7718 1
7718 7719 1
7719 7720 1
7720 7721 1
7721 7722 1
7722 7723 1
7723 7724 1
7724 7725 1
7725 7726 1
7726 7727 1
7727 7728 1
7728 7729 1
7729 7730 1
7730 7731 1
7731 7732 1
7732 7733 1
7733 7734 1
7734 7735 1
7735 7736 1
7736 7737 1
7737 7738 1
7738 7739 1
7739 7740 1
7740 7741 1
7741 7742 1
7742 7743 1
7743 7744 1
7744 7745 1
7745 7746 1
7746 7747 1
7747 7748 1
7748 7749 1
7749 7750 1
7750 7751 1
7751 7752 1
7752 7753 1
7753 7754 1
7754 7755 1
7755 7756 1
7756 7757 1
7757 7758 1
7758 7759 1
7759 7760 1
7760 7761 1
7761 7762 1
7762 7763 1
7763 7764 1
7764 7765 1
7765 7766 1
7766 7767 1
7767 7768 1
7768 7769 1
7769 7770 1
7770 7771 1
7771 7772 1
7772 7773 1
7773 7774 1
7774 7775 1
7775 7776 1
7776 7777 1
7777 7778 1
7778 7779 1
7779 7780 1
7780 7781 1
7781 7782 1
7782 7783 1
7783 7784 1
7784 7785 1
7785 7786 1
7786 7787 1
7787 7788 1
7788 7789 1
7789 7790 1
7790 7791 1
7791 7792 1
7792 7793 1
7793 7794 1
7794 7795 1
7795 7796 1
7796 7797 1
7797 7798 1
7798 7799 1
7799 7800 1
7800 7801 1
7801 7802 1
7802 7803 1
7803 7804 1
7804 7805 1
7805 7806 1
7806 7807 1
7807 7808 1
7808 7809 1
7809 7810 1
7810 7811 1
7811 7812 1
7812 7813 1
7813 7814 1
7814 7815 1
7815 7816 1
7816 7817 1
7817 7818 1
7818 7819 1
7819 7820 1
7820 7821 1
7821 7822 1
7822 7823 1
7823 7824 1
7824 7825 1
7825 7826 1
7826 7827 1
7827 7828 1
7828 7829 1
7829 7830 1
7830 7831 1
7831 7832 1
7832 7833 1
7833 7834 1
7834 7835 1
7835 7836 1
7836 7837 1
7837 7838 1
7838 7839 1
7839 7840 1
7840 7841 1
7841 7842 1
7842 7843 1
7843 7844 1
7844 7845 1
7845 7846 1
7846 7847 1
7847 7848 1
7848 7849 1
7849 7850 1
7850 7851 1
7851 7852 1
7852 7853 1
7853 7854 1
7854 7855 1
7855 7856 1
7856 7857 1
7857 7858 1
7858 7859 1
7859 7860 1
7860 7861 1
7861 7862 1
7862 7863 1
7863 7864 1
7864 7865 1
7865 7866 1
7866 7867 1
7867 7868 1
7868 7869 1
7869 7870 1
7870 7871 1
7871 7872 1
7872 7873 1
7873 7874 1
7874 7875 1
7875 7876 1
7876 7877 1
7877 7878 1
7878 7879 1
7879 7880 1
7880 7881 1
7881 7882 1
7882 7883 1
7883 7884 1
7884 7885 1
7885 7886 1
7886 7887 1
7887 7888 1
7888 7889 1
7889 7890 1
7890 7891 1
7891 7892 1
7892 7893 1
7893 7894 1
7894 7895 1
7895 7896 1
7896 7897 1
7897 7898 1
7898 7899 1
7899 7900 1
7900 7901 1
7901 7902 1
7902 7903 1
7903 7904 1
7904 7905 1
7905 7906 1
7906 7907 1
7907 7908 1
7908 7909 1
7909 7910 1
7910 7911 1
7911 7912 1
7912 7913 1
7913 7914 1
7914 7915 1
7915 7916 1
7916 7917 1
7917 7918 1
7918 7919 1
7919 7920 1
7920 7921 1
7921 7922 1
7922 7923 1
7923 7924 1
7924 7925 1
7925 7926 1
7926 7927 1
7927 7928 1
7928 7929 1
7929 7930 1
7930 7931 1
7931 7932 1
7932 7933 1
7933 7934 1
7934 7935 1
7935 7936 1
7936 7937 1
7937 7938 1
7938 7939 1
7939 7940 1
7940 7941 1
7941 7942 1
7942 7943 1
7943 7944 1
7944 7945 1
7945 7946 1
7946 7947 1
7947 7948 1
7948 7949 1
7949 7950 1
7950 7951 1
7951 7952 1
7952 7953 1
7953 7954 1
7954 7955 1
7955 7956 1
7956 7957 1
7957 7958 1
7958 7959 1
7959 7960 1
7960 7961 1
7961 7962 1
7962 7963 1
7963 7964 1
7964 7965 1
7965 7966 1
7966 7967 1
7967 7968 1
7968 7969 1
7969 7970 1
7970 7971 1
7971 7972 1
7972 7973 1
7973 7974 1
7974 7975 1
7975 7976 1
7976 7977 1
7977 7978 1
7978 7979 1
7979 7980 1
7980 7981 1
7981 7982 1
7982 7983 1
7983 7984 1
7984 7985 1
7985 7986 1
7986 7987 1
7987 7988 1
7988 7989 1
7989 7990 1
7990 7991 1
7991 7992 1
7992 7993 1
7993 7994 1
7994 7995 1
7995 7996 1
7996 7997 1
7997 7998 1
7998 7999 1
7999 8000 1
8000 8001 1
8001 8002 1
8002 8003 1
8003 8004 1
8004 8005 1
8005 8006 1
8006 8007 1
8007 8008 1
8008 8009 1
8009 8010 1
8010 8011 1
8011 8012 1
8012 8013 1
8013 8014 1
8014 8015 1
8015 8016 1
8016 8017 1
8017 8018 1
8018 8019 1
8019 8020 1
8020 8021 1
8021 8022 1
8022 8023 1
8023 8024 1
8024 8025 1
8025 8026 1
8026 8027 1
8027 8028 1
8028 8029 1
8029 8030 1
8030 8031 1
8031 8032 1
8032 8033 1
8033 8034 1
8034 8035 1
8035 8036 1
8036 8037 1
8037 8038 1
8038 8039 1
8039 8040 1
8040 8041 1
8041 8042 1
8042 8043 1
8043 8044 1
8044 8045 1
8045 8046 1
8046 8047 1
8047 8048 1
8048 8049 1
8049 8050 1
8050 8051 1
8051 8052 1
8052 8053 1
8053 8054 1
8054 8055 1
8055 8056 1
8056 8057 1
8057 8058 1
8058 8059 1
8059 8060 1
8060 8061 1
8061 8062 1
8062 8063 1
8063 8064 1
8064 8065 1
8065 8066 1
8066 8067 1
8067 8068 1
8068 8069 1
8069 8070 1
8070 8071 1
8071 8072 1
8072 8073 1
8073 8074 1
8074 8075 1
8075 8076 1
8076 8077 1
8077 8078 1
8078 8079 1
8079 8080 1
8080 8081 1
8081 8082 1
8082 8083 1
8083 8084 1
8084 8085 1
8085 8086 1
8086 8087 1
8087 8088 1
8088 8089 1
8089 8090 1
8090 8091 1
8091 8092 1
8092 8093 1
8093 8094 1
8094 8095 1
8095 8096 1
8096 8097 1
8097 8098 1
8098 8099 1
8099 8100 1
8100 8101 1
8101 8102 1
8102 8103 1
8103 8104 1
8104 8105 1
8105 8106 1
8106 8107 1
8107 8108 1
8108 8109 1
8109 8110 1
8110 8111 1
8111 8112 1
8112 8113 1
8113 8114 1
8114 8115 1
8115 8116 1
8116 8117 1
8117 8118 1
8118 8119 1
8119 8120 1
8120 8121 1
8121 8122 1
8122 8123 1
8123 8124 1
8124 8125 1
8125 8126 1
8126 8127 1
8127 8128 1
8128 8129 1
8129 8130 1
8130 8131 1
8131 8132 1
8132 8133 1
8133 8134 1
8134 8135 1
8135 8136 1
8136 8137 1
8137 8138 1
8138 8139 1
8139 8140 1
8140 8141 1
8141 8142 1
8142 8143 1
8143 8144 1
8144 8145 1
8145 8146 1
8146 8147 1
8147 8148 1
8148 8149 1
8149 8150 1
8150 8151 1
8151 8152 1
8152 8153 1
8153 8154 1
8154 8155 1
8155 8156 1
8156 8157 1
8157 8158 1
8158 8159 1
8159 8160 1
8160 8161 1
8161 8162 1
8162 8163 1
8163 8164 1
8164 8165 1
8165 8166 1
8166 8167 1
8167 8168 1
8168 8169 1
8169 8170 1
8170 8171 1
8171 8172 1
8172 8173 1
8173 8174 1
8174 8175 1
8175 8176 1
8176 8177 1
8177 8178 1
8178 8179 1
8179 8180 1
8180 8181 1
8181 8182 1
8182 8183 1
8183 8184 1
8184 8185 1
8185 8186 1
8186 8187 1
8187 8188 1
8188 8189 1
8189 8190 1
8190 8191 1
8191 8192 1
8192 8193 1
8193 8194 1
8194 8195 1
8195 8196 1
8196 8197 1
8197 8198 1
8198 8199 1
8199 8200 1
8200 8201 1
8201 8202 1
8202 8203 1
8203 8204 1
8204 8205 1
8205 8206 1
8206 8207 1
8207 8208 1
8208 8209 1
8209 8210 1
8210 8211 1
8211 8212 1
8212 8213 1
8213 8214 1
8214 8215 1
8215 8216 1
8216 8217 1
8217 8218 1
8218 8219 1
8219 8220 1
8220 8221 1
8221 8222 1
8222 8223 1
8223 8224 1
8224 8225 1
8225 8226 1
8226 8227 1
8227 8228 1
8228 8229 1
8229 8230 1
8230 8231 1
8231 8232 1
8232 8233 1
8233 8234 1
8234 8235 1
8235 8236 1
8236 8237 1
8237 8238 1
8238 8239 1
8239 8240 1
8240 8241 1
8241 8242 1
8242 8243 1
8243 8244 1
8244 8245 1
8245 8246 1
8246 8247 1
8247 8248 1
8248 8249 1
8249 8250 1
8250 8251 1
8251 8252 1
8252 8253 1
8253 8254 1
8254 8255 1
8255 8256 1
8256 8257 1
8257 8258 1
8258 8259 1
8259 8260 1
8260 8261 1
8261 8262 1
8262 8263 1
8263 8264 1
8264 8265 1
8265 8266 1
8266 8267 1
8267 8268 1
8268 8269 1
8269 8270 1
8270 8271 1
8271 8272 1
8272 8273 1
8273 8274 1
8274 8275 1
8275 8276 1
8276 8277 1
8277 8278 1
8278 8279 1
8279 8280 1
8280 8281 1
8281 8282 1
8282 8283 1
8283 8284 1
8284 8285 1
8285 8286 1
8286 8287 1
8287 8288 1
8288 8289 1
8289 8290 1
8290 8291 1
8291 8292 1
8292 8293 1
8293 8294 1
8294 8295 1
8295 8296 1
8296 8297 1
8297 8298 1
8298 8299 1
8299 8300 1
8300 8301 1
8301 8302 1
8302 8303 1
8303 8304 1
8304 8305 1
8305 8306 1
8306 8307 1
8307 8308 1
8308 8309 1
8309 8310 1
8310 8311 1
8311 8312 1
8312 8313 1
8313 8314 1
8314 8315 1
8315 8316 1
8316 8317 1
8317 8318 1
8318 8319 1
8319 8320 1
8320 8321 1
8321 8322 1
8322 8323 1
8323 8324 1
8324 8325 1
8325 8326 1
8326 8327 1
8327 8328 1
8328 8329 1
8329 8330 1
8330 8331 1
8331 8332 1
8332 8333 1
8333 8334 1
8334 8335 1
8335 8336 1
8336 8337 1
8337 8338 1
8338 8339 1
8339 8340 1
8340 8341 1
8341 8342 1
8342 8343 1
8343 8344 1
8344 8345 1
8345 8346 1
8346 8347 1
8347 8348 1
8348 8349 1
8349 8350 1
8350 8351 1
8351 8352 1
8352 8353 1
8353 8354 1
8354 8355 1
8355 8356 1
8356 8357 1
8357 8358 1
8358 8359 1
8359 8360 1
8360 8361 1
8361 8362 1
8362 8363 1
8363 8364 1
8364 8365 1
8365 8366 1
8366 8367 1
8367 8368 1
8368 8369 1
8369 8370 1
8370 8371 1
8371 8372 1
8372 8373 1
8373 8374 1
8374 8375 1
8375 8376 1
8376 8377 1
8377 8378 1
8378 8379 1
8379 8380 1
8380 8381 1
8381 8382 1
8382 8383 1
8383 8384 1
8384 8385 1
8385 8386 1
8386 8387 1
8387 8388 1
8388 8389 1
8389 8390 1
8390 8391 1
8391 8392 1
8392 8393 1
8393 8394 1
8394 8395 1
8395 8396 1
8396 8397 1
8397 8398 1
8398 8399 1
8399 8400 1
8400 8401 1
8401 8402 1
8402 8403 1
8403 8404 1
8404 8405 1
8405 8406 1
8406 8407 1
8407 8408 1
8408 8409 1
8409 8410 1
8410 8411 1
8411 8412 1
8412 8413 1
8413 8414 1
8414 8415 1
8415 8416 1
8416 8417 1
8417 8418 1
8418 8419 1
8419 8420 1
8420 8421 1
8421 8422 1
8422 8423 1
8423 8424 1
8424 8425 1
8425 8426 1
8426 8427 1
8427 8428 1
8428 8429 1
8429 8430 1
8430 8431 1
8431 8432 1
8432 8433 1
8433 8434 1
8434 8435 1
8435 8436 1
8436 8437 1
8437 8438 1
8438 8439 1
8439 8440 1
8440 8441 1
8441 8442 1
8442 8443 1
8443 8444 1
8444 8445 1
8445 8446 1
8446 8447 1
8447 8448 1
8448 8449 1
8449 8450 1
8450 8451 1
8451 8452 1
8452 8453 1
8453 8454 1
8454 8455 1
8455 8456 1
8456 8457 1
8457 8458 1
8458 8459 1
8459 8460 1
8460 8461 1
8461 8462 1
8462 8463 1
8463 8464 1
8464 8465 1
8465 8466 1
8466 8467 1
8467 8468 1
8468 8469 1
8469 8470 1
8470 8471 1
8471 8472 1
8472 8473 1
8473 8474 1
8474 8475 1
8475 8476 1
8476 8477 1
8477 8478 1
8478 8479 1
8479 8480 1
8480 8481 1
8481 8482 1
8482 8483 1
8483 8484 1
8484 8485 1
8485 8486 1
8486 8487 1
8487 8488 1
8488 8489 1
8489 8490 1
8490 8491 1
8491 8492 1
8492 8493 1
8493 8494 1
8494 8495 1
8495 8496 1
8496 8497 1
8497 8498 1
8498 8499 1
8499 8500 1
8500 8501 1
8501 8502 1
8502 8503 1
8503 8504 1
8504 8505 1
8505 8506 1
8506 8507 1
8507 8508 1
8508 8509 1
8509 8510 1
8510 8511 1
8511 8512 1
8512 8513 1
8513 8514 1
8514 8515 1
8515 8516 1
8516 8517 1
8517 8518 1
8518 8519 1
8519 8520 1
8520 8521 1
8521 8522 1
8522 8523 1
8523 8524 1
8524 8525 1
8525 8526 1
8526 8527 1
8527 8528 1
8528 8529 1
8529 8530 1
8530 8531 1
8531 8532 1
8532 8533 1
8533 8534 1
8534 8535 1
8535 8536 1
8536 8537 1
8537 8538 1
8538 8539 1
8539 8540 1
8540 8541 1
8541 8542 1
8542 8543 1
8543 8544 1
8544 8545 1
8545 8546 1
8546 8547 1
8547 8548 1
8548 8549 1
8549 8550 1
8550 8551 1
8551 8552 1
8552 8553 1
8553 8554 1
8554 8555 1
8555 8556 1
8556 8557 1
8557 8558 1
8558 8559 1
8559 8560 1
8560 8561 1
8561 8562 1
8562 8563 1
8563 8564 1
8564 8565 1
8565 8566 1
8566 8567 1
8567 8568 1
8568 8569 1
8569 8570 1
8570 8571 1
8571 8572 1
8572 8573 1
8573 8574 1
8574 8575 1
8575 8576 1
8576 8577 1
8577 8578 1
8578 8579 1
8579 8580 1
8580 8581 1
8581 8582 1
8582 8583 1
8583 8584 1
8584 8585 1
8585 8586 1
8586 8587 1
8587 8588 1
8588 8589 1
8589 8590 1
8590 8591 1
8591 8592 1
8592 8593 1
8593 8594 1
8594 8595 1
8595 8596 1
8596 8597 1
8597 8598 1
8598 8599 1
8599 8600 1
8600 8601 1
8601 8602 1
8602 8603 1
8603 8604 1
8604 8605 1
8605 8606 1
8606 8607 1
8607 8608 1
8608 8609 1
8609 8610 1
8610 8611 1
8611 8612 1
8612 8613 1
8613 8614 1
8614 8615 1
8615 8616 1
8616 8617 1
8617 8618 1
8618 8619 1
8619 8620 1
8620 8621 1
8621 8622 1
8622 8623 1
8623 8624 1
8624 8625 1
8625 8626 1
8626 8627 1
8627 8628 1
8628 8629 1
8629 8630 1
8630 8631 1
8631 8632 1
8632 8633 1
8633 8634 1
8634 8635 1
8635 8636 1
8636 8637 1
8637 8638 1
8638 8639 1
8639 8640 1
8640 8641 1
8641 8642 1
8642 8643 1
8643 8644 1
8644 8645 1
8645 8646 1
8646 8647 1
8647 8648 1
8648 8649 1
8649 8650 1
8650 8651 1
8651 8652 1
8652 8653 1
8653 8654 1
8654 8655 1
8655 8656 1
8656 8657 1
8657 8658 1
8658 8659 1
8659 8660 1
8660 8661 1
8661 8662 1
8662 8663 1
8663 8664 1
8664 8665 1
8665 8666 1
8666 8667 1
8667 8668 1
8668 8669 1
8669 8670 1
8670 8671 1
8671 8672 1
8672 8673 1
8673 8674 1
8674 8675 1
8675 8676 1
8676 8677 1
8677 8678 1
8678 8679 1
8679 8680 1
8680 8681 1
8681 8682 1
8682 8683 1
8683 8684 1
8684 8685 1
8685 8686 1
8686 8687 1
8687 8688 1
8688 8689 1
8689 8690 1
8690 8691 1
8691 8692 1
8692 8693 1
8693 8694 1
8694 8695 1
8695 8696 1
8696 8697 1
8697 8698 1
8698 8699 1
8699 8700 1
8700 8701 1
8701 8702 1
8702 8703 1
8703 8704 1
8704 8705 1
8705 8706 1
8706 8707 1
8707 8708 1
8708 8709 1
8709 8710 1
8710 8711 1
8711 8712 1
8712 8713 1
8713 8714 1
8714 8715 1
8715 8716 1
8716 8717 1
8717 8718 1
8718 8719 1
8719 8720 1
8720 8721 1
8721 8722 1
8722 8723 1
8723 8724 1
8724 8725 1
8725 8726 1
8726 8727 1
8727 8728 1
8728 8729 1
8729 8730 1
8730 8731 1
8731 8732 1
8732 8733 1
8733 8734 1
8734 8735 1
8735 8736 1
8736 8737 1
8737 8738 1
8738 8739 1
8739 8740 1
8740 8741 1
8741 8742 1
8742 8743 1
8743 8744 1
8744 8745 1
8745 8746 1
8746 8747 1
8747 8748 1
8748 8749 1
8749 8750 1
8750 8751 1
8751 8752 1
8752 8753 1
8753 8754 1
8754 8755 1
8755 8756 1
8756 8757 1
8757 8758 1
8758 8759 1
8759 8760 1
8760 8761 1
8761 8762 1
8762 8763 1
8763 8764 1
8764 8765 1
8765 8766 1
8766 8767 1
8767 8768 1
8768 8769 1
8769 8770 1
8770 8771 1
8771 8772 1
8772 8773 1
8773 8774 1
8774 8775 1
8775 8776 1
8776 8777 1
8777 8778 1
8778 8779 1
8779 8780 1
8780 8781 1
8781 8782 1
8782 8783 1
8783 8784 1
8784 8785 1
8785 8786 1
8786 8787 1
8787 8788 1
8788 8789 1
8789 8790 1
8790 8791 1
8791 8792 1
8792 8793 1
8793 8794 1
8794 8795 1
8795 8796 1
8796 8797 1
8797 8798 1
8798 8799 1
8799 8800 1
8800 8801 1
8801 8802 1
8802 8803 1
8803 8804 1
8804 8805 1
8805 8806 1
8806 8807 1
8807 8808 1
8808 8809 1
8809 8810 1
8810 8811 1
8811 8812 1
8812 8813 1
8813 8814 1
8814 8815 1
8815 8816 1
8816 8817 1
8817 8818 1
8818 8819 1
8819 8820 1
8820 8821 1
8821 8822 1
8822 8823 1
8823 8824 1
8824 8825 1
8825 8826 1
8826 8827 1
8827 8828 1
8828 8829 1
8829 8830 1
8830 8831 1
8831 8832 1
8832 8833 1
8833 8834 1
8834 8835 1
8835 8836 1
8836 8837 1
8837 8838 1
8838 8839 1
8839 8840 1
8840 8841 1
8841 8842 1
8842 8843 1
8843 8844 1
8844 8845 1
8845 8846 1
8846 8847 1
8847 8848 1
8848 8849 1
8849 8850 1
8850 8851 1
8851 8852 1
8852 8853 1
8853 8854 1
8854 8855 1
8855 8856 1
8856 8857 1
8857 8858 1
8858 8859 1
8859 8860 1
8860 8861 1
8861 8862 1
8862 8863 1
8863 8864 1
8864 8865 1
8865 8866 1
8866 8867 1
8867 8868 1
8868 8869 1
8869 8870 1
8870 8871 1
8871 8872 1
8872 8873 1
8873 8874 1
8874 8875 1
8875 8876 1
8876 8877 1
8877 8878 1
8878 8879 1
8879 8880 1
8880 8881 1
8881 8882 1
8882 8883 1
8883 8884 1
8884 8885 1
8885 8886 1
8886 8887 1
8887 8888 1
8888 8889 1
8889 8890 1
8890 8891 1
8891 8892 1
8892 8893 1
8893 8894 1
8894 8895 1
8895 8896 1
8896 8897 1
8897 8898 1
8898 8899 1
8899 8900 1
8900 8901 1
8901 8902 1
8902 8903 1
8903 8904 1
8904 8905 1
8905 8906 1
8906 8907 1
8907 8908 1
8908 8909 1
8909 8910 1
8910 8911 1
8911 8912 1
8912 8913 1
8913 8914 1
8914 8915 1
8915 8916 1
8916 8917 1
8917 8918 1
8918 8919 1
8919 8920 1
8920 8921 1
8921 8922 1
8922 8923 1
8923 8924 1
8924 8925 1
8925 8926 1
8926 8927 1
8927 8928 1
8928 8929 1
8929 8930 1
8930 8931 1
8931 8932 1
8932 8933 1
8933 8934 1
8934 8935 1
8935 8936 1
8936 8937 1
8937 8938 1
8938 8939 1
8939 8940 1
8940 8941 1
8941 8942 1
8942 8943 1
8943 8944 1
8944 8945 1
8945 8946 1
8946 8947 1
8947 8948 1
8948 8949 1
8949 8950 1
8950 8951 1
8951 8952 1
8952 8953 1
8953 8954 1
8954 8955 1
8955 8956 1
8956 8957 1
8957 8958 1
8958 8959 1
8959 8960 1
8960 8961 1
8961 8962 1
8962 8963 1
8963 8964 1
8964 8965 1
8965 8966 1
8966 8967 1
8967 8968 1
8968 8969 1
8969 8970 1
8970 8971 1
8971 8972 1
8972 8973 1
8973 8974 1
8974 8975 1
8975 8976 1
8976 8977 1
8977 8978 1
8978 8979 1
8979 8980 1
8980 8981 1
8981 8982 1
8982 8983 1
8983 8984 1
8984 8985 1
8985 8986 1
8986 8987 1
8987 8988 1
8988 8989 1
8989 8990 1
8990 8991 1
8991 8992 1
8992 8993 1
8993 8994 1
8994 8995 1
8995 8996 1
8996 8997 1
8997 8998 1
8998 8999 1
8999 9000 1
9000 9001 1
9001 9002 1
9002 9003 1
9003 9004 1
9004 9005 1
9005 9006 1
9006 9007 1
9007 9008 1
9008 9009 1
9009 9010 1
9010 9011 1
9011 9012 1
9012 9013 1
9013 9014 1
9014 9015 1
9015 9016 1
9016 9017 1
9017 9018 1
9018 9019 1
9019 9020 1
9020 9021 1
9021 9022 1
9022 9023 1
9023 9024 1
9024 9025 1
9025 9026 1
9026 9027 1
9027 9028 1
9028 9029 1
9029 9030 1
9030 9031 1
9031 9032 1
9032 9033 1
9033 9034 1
9034 9035 1
9035 9036 1
9036 9037 1
9037 9038 1
9038 9039 1
9039 9040 1
9040 9041 1
9041 9042 1
9042 9043 1
9043 9044 1
9044 9045 1
9045 9046 1
9046 9047 1
9047 9048 1
9048 9049 1
9049 9050 1
9050 9051 1
9051 9052 1
9052 9053 1
9053 9054 1
9054 9055 1
9055 9056 1
9056 9057 1
9057 9058 1
9058 9059 1
9059 9060 1
9060 9061 1
9061 9062 1
9062 9063 1
9063 9064 1
9064 9065 1
9065 9066 1
9066 9067 1
9067 9068 1
9068 9069 1
9069 9070 1
9070 9071 1
9071 9072 1
9072 9073 1
9073 9074 1
9074 9075 1
9075 9076 1
9076 9077 1
9077 9078 1
9078 9079 1
9079 9080 1
9080 9081 1
9081 9082 1
9082 9083 1
9083 9084 1
9084 9085 1
9085 9086 1
9086 9087 1
9087 9088 1
9088 9089 1
9089 9090 1
9090 9091 1
9091 9092 1
9092 9093 1
9093 9094 1
9094 9095 1
9095 9096 1
9096 9097 1
9097 9098 1
9098 9099 1
9099 9100 1
9100 9101 1
9101 9102 1
9102 9103 1
9103 9104 1
9104 9105 1
9105 9106 1
9106 9107 1
9107 9108 1
9108 9109 1
9109 9110 1
9110 9111 1
9111 9112 1
9112 9113 1
9113 9114 1
9114 9115 1
9115 9116 1
9116 9117 1
9117 9118 1
9118 9119 1
9119 9120 1
9120 9121 1
9121 9122 1
9122 9123 1
9123 9124 1
9124 9125 1
9125 9126 1
9126 9127 1
9127 9128 1
9128 9129 1
9129 9130 1
9130 9131 1
9131 9132 1
9132 9133 1
9133 9134 1
9134 9135 1
9135 9136 1
9136 9137 1
9137 9138 1
9138 9139 1
9139 9140 1
9140 9141 1
9141 9142 1
9142 9143 1
9143 9144 1
9144 9145 1
9145 9146 1
9146 9147 1
9147 9148 1
9148 9149 1
9149 9150 1
9150 9151 1
9151 9152 1
9152 9153 1
9153 9154 1
9154 9155 1
9155 9156 1
9156 9157 1
9157 9158 1
9158 9159 1
9159 9160 1
9160 9161 1
9161 9162 1
9162 9163 1
9163 9164 1
9164 9165 1
9165 9166 1
9166 9167 1
9167 9168 1
9168 9169 1
9169 9170 1
9170 9171 1
9171 9172 1
9172 9173 1
9173 9174 1
9174 9175 1
9175 9176 1
9176 9177 1
9177 9178 1
9178 9179 1
9179 9180 1
9180 9181 1
9181 9182 1
9182 9183 1
9183 9184 1
9184 9185 1
9185 9186 1
9186 9187 1
9187 9188 1
9188 9189 1
9189 9190 1
9190 9191 1
9191 9192 1
9192 9193 1
9193 9194 1
9194 9195 1
9195 9196 1
9196 9197 1
9197 9198 1
9198 9199 1
9199 9200 1
9200 9201 1
9201 9202 1
9202 9203 1
9203 9204 1
9204 9205 1
9205 9206 1
9206 9207 1
9207 9208 1
9208 9209 1
9209 9210 1
9210 9211 1
9211 9212 1
9212 9213 1
9213 9214 1
9214 9215 1
9215 9216 1
9216 9217 1
9217 9218 1
9218 9219 1
9219 9220 1
9220 9221 1
9221 9222 1
9222 9223 1
9223 9224 1
9224 9225 1
9225 9226 1
9226 9227 1
9227 9228 1
9228 9229 1
9229 9230 1
9230 9231 1
9231 9232 1
9232 9233 1
9233 9234 1
9234 9235 1
9235 9236 1
9236 9237 1
9237 9238 1
9238 9239 1
9239 9240 1
9240 9241 1
9241 9242 1
9242 9243 1
9243 9244 1
9244 9245 1
9245 9246 1
9246 9247 1
9247 9248 1
9248 9249 1
9249 9250 1
9250 9251 1
9251 9252 1
9252 9253 1
9253 9254 1
9254 9255 1
9255 9256 1
9256 9257 1
9257 9258 1
9258 9259 1
9259 9260 1
9260 9261 1
9261 9262 1
9262 9263 1
9263 9264 1
9264 9265 1
9265 9266 1
9266 9267 1
9267 9268 1
9268 9269 1
9269 9270 1
9270 9271 1
9271 9272 1
9272 9273 1
9273 9274 1
9274 9275 1
9275 9276 1
9276 9277 1
9277 9278 1
9278 9279 1
9279 9280 1
9280 9281 1
9281 9282 1
9282 9283 1
9283 9284 1
9284 9285 1
9285 9286 1
9286 9287 1
9287 9288 1
9288 9289 1
9289 9290 1
9290 9291 1
9291 9292 1
9292 9293 1
9293 9294 1
9294 9295 1
9295 9296 1
9296 9297 1
9297 9298 1
9298 9299 1
9299 9300 1
9300 9301 1
9301 9302 1
9302 9303 1
9303 9304 1
9304 9305 1
9305 9306 1
9306 9307 1
9307 9308 1
9308 9309 1
9309 9310 1
9310 9311 1
9311 9312 1
9312 9313 1
9313 9314 1
9314 9315 1
9315 9316 1
9316 9317 1
9317 9318 1
9318 9319 1
9319 9320 1
9320 9321 1
9321 9322 1
9322 9323 1
9323 9324 1
9324 9325 1
9325 9326 1
9326 9327 1
9327 9328 1
9328 9329 1
9329 9330 1
9330 9331 1
9331 9332 1
9332 9333 1
9333 9334 1
9334 9335 1
9335 9336 1
9336 9337 1
9337 9338 1
9338 9339 1
9339 9340 1
9340 9341 1
9341 9342 1
9342 9343 1
9343 9344 1
9344 9345 1
9345 9346 1
9346 9347 1
9347 9348 1
9348 9349 1
9349 9350 1
9350 9351 1
9351 9352 1
9352 9353 1
9353 9354 1
9354 9355 1
9355 9356 1
9356 9357 1
9357 9358 1
9358 9359 1
9359 9360 1
9360 9361 1
9361 9362 1
9362 9363 1
9363 9364 1
9364 9365 1
9365 9366 1
9366 9367 1
9367 9368 1
9368 9369 1
9369 9370 1
9370 9371 1
9371 9372 1
9372 9373 1
9373 9374 1
9374 9375 1
9375 9376 1
9376 9377 1
9377 9378 1
9378 9379 1
9379 9380 1
9380 9381 1
9381 9382 1
9382 9383 1
9383 9384 1
9384 9385 1
9385 9386 1
9386 9387 1
9387 9388 1
9388 9389 1
9389 9390 1
9390 9391 1
9391 9392 1
9392 9393 1
9393 9394 1
9394 9395 1
9395 9396 1
9396 9397 1
9397 9398 1
9398 9399 1
9399 9400 1
9400 9401 1
9401 9402 1
9402 9403 1
9403 9404 1
9404 9405 1
9405 9406 1
9406 9407 1
9407 9408 1
9408 9409 1
9409 9410 1
9410 9411 1
9411 9412 1
9412 9413 1
9413 9414 1
9414 9415 1
9415 9416 1
9416 9417 1
9417 9418 1
9418 9419 1
9419 9420 1
9420 9421 1
9421 9422 1
9422 9423 1
9423 9424 1
9424 9425 1
9425 9426 1
9426 9427 1
9427 9428 1
9428 9429 1
9429 9430 1
9430 9431 1
9431 9432 1
9432 9433 1
9433 9434 1
9434 9435 1
9435 9436 1
9436 9437 1
9437 9438 1
9438 9439 1
9439 9440 1
9440 9441 1
9441 9442 1
9442 9443 1
9443 9444 1
9444 9445 1
9445 9446 1
9446 9447 1
9447 9448 1
9448 9449 1
9449 9450 1
9450 9451 1
9451 9452 1
9452 9453 1
9453 9454 1
9454 9455 1
9455 9456 1
9456 9457 1
9457 9458 1
9458 9459 1
9459 9460 1
9460 9461 1
9461 9462 1
9462 9463 1
9463 9464 1
9464 9465 1
9465 9466 1
9466 9467 1
9467 9468 1
9468 9469 1
9469 9470 1
9470 9471 1
9471 9472 1
9472 9473 1
9473 9474 1
9474 9475 1
9475 9476 1
9476 9477 1
9477 9478 1
9478 9479 1
9479 9480 1
9480 9481 1
9481 9482 1
9482 9483 1
9483 9484 1
9484 9485 1
9485 9486 1
9486 9487 1
9487 9488 1
9488 9489 1
9489 9490 1
9490 9491 1
9491 9492 1
9492 9493 1
9493 9494 1
9494 9495 1
9495 9496 1
9496 9497 1
9497 9498 1
9498 9499 1
9499 9500 1
9500 9501 1
9501 9502 1
9502 9503 1
9503 9504 1
9504 9505 1
9505 9506 1
9506 9507 1
9507 9508 1
9508 9509 1
9509 9510 1
9510 9511 1
9511 9512 1
9512 9513 1
9513 9514 1
9514 9515 1
9515 9516 1
9516 9517 1
9517 9518 1
9518 9519 1
9519 9520 1
9520 9521 1
9521 9522 1
9522 9523 1
9523 9524 1
9524 9525 1
9525 9526 1
9526 9527 1
9527 9528 1
9528 9529 1
9529 9530 1
9530 9531 1
9531 9532 1
9532 9533 1
9533 9534 1
9534 9535 1
9535 9536 1
9536 9537 1
9537 9538 1
9538 9539 1
9539 9540 1
9540 9541 1
9541 9542 1
9542 9543 1
9543 9544 1
9544 9545 1
9545 9546 1
9546 9547 1
9547 9548 1
9548 9549 1
9549 9550 1
9550 9551 1
9551 9552 1
9552 9553 1
9553 9554 1
9554 9555 1
9555 9556 1
9556 9557 1
9557 9558 1
9558 9559 1
9559 9560 1
9560 9561 1
9561 9562 1
9562 9563 1
9563 9564 1
9564 9565 1
9565 9566 1
9566 9567 1
9567 9568 1
9568 9569 1
9569 9570 1
9570 9571 1
9571 9572 1
9572 9573 1
9573 9574 1
9574 9575 1
9575 9576 1
9576 9577 1
9577 9578 1
9578 9579 1
9579 9580 1
9580 9581 1
9581 9582 1
9582 9583 1
9583 9584 1
9584 9585 1
9585 9586 1
9586 9587 1
9587 9588 1
9588 9589 1
9589 9590 1
9590 9591 1
9591 9592 1
9592 9593 1
9593 9594 1
9594 9595 1
9595 9596 1
9596 9597 1
9597 9598 1
9598 9599 1
9599 9600 1
9600 9601 1
9601 9602 1
9602 9603 1
9603 9604 1
9604 9605 1
9605 9606 1
9606 9607 1
9607 9608 1
9608 9609 1
9609 9610 1
9610 9611 1
9611 9612 1
9612 9613 1
9613 9614 1
9614 9615 1
9615 9616 1
9616 9617 1
9617 9618 1
9618 9619 1
9619 9620 1
9620 9621 1
9621 9622 1
9622 9623 1
9623 9624 1
9624 9625 1
9625 9626 1
9626 9627 1
9627 9628 1
9628 9629 1
9629 9630 1
9630 9631 1
9631 9632 1
9632 9633 1
9633 9634 1
9634 9635 1
9635 9636 1
9636 9637 1
9637 9638 1
9638 9639 1
9639 9640 1
9640 9641 1
9641 9642 1
9642 9643 1
9643 9644 1
9644 9645 1
9645 9646 1
9646 9647 1
9647 9648 1
9648 9649 1
9649 9650 1
9650 9651 1
9651 9652 1
9652 9653 1
9653 9654 1
9654 9655 1
9655 9656 1
9656 9657 1
9657 9658 1
9658 9659 1
9659 9660 1
9660 9661 1
9661 9662 1
9662 9663 1
9663 9664 1
9664 9665 1
9665 9666 1
9666 9667 1
9667 9668 1
9668 9669 1
9669 9670 1
9670 9671 1
9671 9672 1
9672 9673 1
9673 9674 1
9674 9675 1
9675 9676 1
9676 9677 1
9677 9678 1
9678 9679 1
9679 9680 1
9680 9681 1
9681 9682 1
9682 9683 1
9683 9684 1
9684 9685 1
9685 9686 1
9686 9687 1
9687 9688 1
9688 9689 1
9689 9690 1
9690 9691 1
9691 9692 1
9692 9693 1
9693 9694 1
9694 9695 1
9695 9696 1
9696 9697 1
9697 9698 1
9698 9699 1
9699 9700 1
9700 9701 1
9701 9702 1
9702 9703 1
9703 9704 1
9704 9705 1
9705 9706 1
9706 9707 1
9707 9708 1
9708 9709 1
9709 9710 1
9710 9711 1
9711 9712 1
9712 9713 1
9713 9714 1
9714 9715 1
9715 9716 1
9716 9717 1
9717 9718 1
9718 9719 1
9719 9720 1
9720 9721 1
9721 9722 1
9722 9723 1
9723 9724 1
9724 9725 1
9725 9726 1
9726 9727 1
9727 9728 1
9728 9729 1
9729 9730 1
9730 9731 1
9731 9732 1
9732 9733 1
9733 9734 1
9734 9735 1
9735 9736 1
9736 9737 1
9737 9738 1
9738 9739 1
9739 9740 1
9740 9741 1
9741 9742 1
9742 9743 1
9743 9744 1
9744 9745 1
9745 9746 1
9746 9747 1
9747 9748 1
9748 9749 1
9749 9750 1
9750 9751 1
9751 9752 1
9752 9753 1
9753 9754 1
9754 9755 1
9755 9756 1
9756 9757 1
9757 9758 1
9758 9759 1
9759 9760 1
9760 9761 1
9761 9762 1
9762 9763 1
9763 9764 1
9764 9765 1
9765 9766 1
9766 9767 1
9767 9768 1
9768 9769 1
9769 9770 1
9770 9771 1
9771 9772 1
9772 9773 1
9773 9774 1
9774 9775 1
9775 9776 1
9776 9777 1
9777 9778 1
9778 9779 1
9779 9780 1
9780 9781 1
9781 9782 1
9782 9783 1
9783 9784 1
9784 9785 1
9785 9786 1
9786 9787 1
9787 9788 1
9788 9789 1
9789 9790 1
9790 9791 1
9791 9792 1
9792 9793 1
9793 9794 1
9794 9795 1
9795 9796 1
9796 9797 1
9797 9798 1
9798 9799 1
9799 9800 1
9800 9801 1
9801 9802 1
9802 9803 1
9803 9804 1
9804 9805 1
9805 9806 1
9806 9807 1
9807 9808 1
9808 9809 1
9809 9810 1
9810 9811 1
9811 9812 1
9812 9813 1
9813 9814 1
9814 9815 1
9815 9816 1
9816 9817 1
9817 9818 1
9818 9819 1
9819 9820 1
9820 9821 1
9821 9822 1
9822 9823 1
9823 9824 1
9824 9825 1
9825 9826 1
9826 9827 1
9827 9828 1
9828 9829 1
9829 9830 1
9830 9831 1
9831 9832 1
9832 9833 1
9833 9834 1
9834 9835 1
9835 9836 1
9836 9837 1
9837 9838 1
9838 9839 1
9839 9840 1
9840 9841 1
9841 9842 1
9842 9843 1
9843 9844 1
9844 9845 1
9845 9846 1
9846 9847 1
9847 9848 1
9848 9849 1
9849 9850 1
9850 9851 1
9851 9852 1
9852 9853 1
9853 9854 1
9854 9855 1
9855 9856 1
9856 9857 1
9857 9858 1
9858 9859 1
9859 9860 1
9860 9861 1
9861 9862 1
9862 9863 1
9863 9864 1
9864 9865 1
9865 9866 1
9866 9867 1
9867 9868 1
9868 9869 1
9869 9870 1
9870 9871 1
9871 9872 1
9872 9873 1
9873 9874 1
9874 9875 1
9875 9876 1
9876 9877 1
9877 9878 1
9878 9879 1
9879 9880 1
9880 9881 1
9881 9882 1
9882 9883 1
9883 9884 1
9884 9885 1
9885 9886 1
9886 9887 1
9887 9888 1
9888 9889 1
9889 9890 1
9890 9891 1
9891 9892 1
9892 9893 1
9893 9894 1
9894 9895 1
9895 9896 1
9896 9897 1
9897 9898 1
9898 9899 1
9899 9900 1
9900 9901 1
9901 9902 1
9902 9903 1
9903 9904 1
9904 9905 1
9905 9906 1
9906 9907 1
9907 9908 1
9908 9909 1
9909 9910 1
9910 9911 1
9911 9912 1
9912 9913 1
9913 9914 1
9914 9915 1
9915 9916 1
9916 9917 1
9917 9918 1
9918 9919 1
9919 9920 1
9920 9921 1
9921 9922 1
9922 9923 1
9923 9924 1
9924 9925 1
9925 9926 1
9926 9927 1
9927 9928 1
9928 9929 1
9929 9930 1
9930 9931 1
9931 9932 1
9932 9933 1
9933 9934 1
9934 9935 1
9935 9936 1
9936 9937 1
9937 9938 1
9938 9939 1
9939 9940 1
9940 9941 1
9941 9942 1
9942 9943 1
9943 9944 1
9944 9945 1
9945 9946 1
9946 9947 1
9947 9948 1
9948 9949 1
9949 9950 1
9950 9951 1
9951 9952 1
9952 9953 1
9953 9954 1
9954 9955 1
9955 9956 1
9956 9957 1
9957 9958 1
9958 9959 1
9959 9960 1
9960 9961 1
9961 9962 1
9962 9963 1
9963 9964 1
9964 9965 1
9965 9966 1
9966 9967 1
9967 9968 1
9968 9969 1
9969 9970 1
9970 9971 1
9971 9972 1
9972 9973 1
9973 9974 1
9974 9975 1
9975 9976 1
9976 9977 1
9977 9978 1
9978 9979 1
9979 9980 1
9980 9981 1
9981 9982 1
9982 9983 1
9983 9984 1
9984 9985 1
9985 9986 1
9986 9987 1
9987 9988 1
9988 9989 1
9989 9990 1
9990 9991 1
9991 9992 1
9992 9993 1
9993 9994 1
9994 9995 1
9995 9996 1
9996 9997 1
9997 9998 1
9998 9999 1
9999 10000 1
10000 10001 1
10001 10002 1
10002 10003 1
10003 10004 1
10004 10005 1
10005 10006 1
10006 10007 1
10007 10008 1
10008 10009 1
10009 10010 1
10010 10011 1
10011 10012 1
10012 10013 1
10013 10014 1
10014 10015 1
10015 10016 1
10016 10017 1
10017 10018 1
10018 10019 1
10019 10020 1
10020 10021 1
10021 10022 1
10022 10023 1
10023 10024 1
10024 10025 1
10025 10026 1
10026 10027 1
10027 10028 1
10028 10029 1
10029 10030 1
10030 10031 1
10031 10032 1
10032 10033 1
10033 10034 1
10034 10035 1
10035 10036 1
10036 10037 1
10037 10038 1
10038 10039 1
10039 10040 1
10040 10041 1
10041 10042 1
10042 10043 1
10043 10044 1
10044 10045 1
10045 10046 1
10046 10047 1
10047 10048 1
10048 10049 1
10049 10050 1
10050 10051 1
10051 10052 1
10052 10053 1
10053 10054 1
10054 10055 1
10055 10056 1
10056 10057 1
10057 10058 1
10058 10059 1
10059 10060 1
10060 10061 1
10061 10062 1
10062 10063 1
10063 10064 1
10064 10065 1
10065 10066 1
10066 10067 1
10067 10068 1
10068 10069 1
10069 10070 1
10070 10071 1
10071 10072 1
10072 10073 1
10073 10074 1
10074 10075 1
10075 10076 1
10076 10077 1
10077 10078 1
10078 10079 1
10079 10080 1
10080 10081 1
10081 10082 1
10082 10083 1
10083 10084 1
10084 10085 1
10085 10086 1
10086 10087 1
10087 10088 1
10088 10089 1
10089 10090 1
10090 10091 1
10091 10092 1
10092 10093 1
10093 10094 1
10094 10095 1
10095 10096 1
10096 10097 1
10097 10098 1
10098 10099 1
10099 10100 1
10100 10101 1
10101 10102 1
10102 10103 1
10103 10104 1
10104 10105 1
10105 10106 1
10106 10107 1
10107 10108 1
10108 10109 1
10109 10110 1
10110 10111 1
10111 10112 1
10112 10113 1
10113 10114 1
10114 10115 1
10115 10116 1
10116 10117 1
10117 10118 1
10118 10119 1
10119 10120 1
10120 10121 1
10121 10122 1
10122 10123 1
10123 10124 1
10124 10125 1
10125 10126 1
10126 10127 1
10127 10128 1
10128 10129 1
10129 10130 1
10130 10131 1
10131 10132 1
10132 10133 1
10133 10134 1
10134 10135 1
10135 10136 1
10136 10137 1
10137 10138 1
10138 10139 1
10139 10140 1
10140 10141 1
10141 10142 1
10142 10143 1
10143 10144 1
10144 10145 1
10145 10146 1
10146 10147 1
10147 10148 1
10148 10149 1
10149 10150 1
10150 10151 1
10151 10152 1
10152 10153 1
10153 10154 1
10154 10155 1
10155 10156 1
10156 10157 1
10157 10158 1
10158 10159 1
10159 10160 1
10160 10161 1
10161 10162 1
10162 10163 1
10163 10164 1
10164 10165 1
10165 10166 1
10166 10167 1
10167 10168 1
10168 10169 1
10169 10170 1
10170 10171 1
10171 10172 1
10172 10173 1
10173 10174 1
10174 10175 1
10175 10176 1
10176 10177 1
10177 10178 1
10178 10179 1
10179 10180 1
10180 10181 1
10181 10182 1
10182 10183 1
10183 10184 1
10184 10185 1
10185 10186 1
10186 10187 1
10187 10188 1
10188 10189 1
10189 10190 1
10190 10191 1
10191 10192 1
10192 10193 1
10193 10194 1
10194 10195 1
10195 10196 1
10196 10197 1
10197 10198 1
10198 10199 1
10199 10200 1
10200 10201 1
10201 10202 1
10202 10203 1
10203 10204 1
10204 10205 1
10205 10206 1
10206 10207 1
10207 10208 1
10208 10209 1
10209 10210 1
10210 10211 1
10211 10212 1
10212 10213 1
10213 10214 1
10214 10215 1
10215 10216 1
10216 10217 1
10217 10218 1
10218 10219 1
10219 10220 1
10220 10221 1
10221 10222 1
10222 10223 1
10223 10224 1
10224 10225 1
10225 10226 1
10226 10227 1
10227 10228 1
10228 10229 1
10229 10230 1
10230 10231 1
10231 10232 1
10232 10233 1
10233 10234 1
10234 10235 1
10235 10236 1
10236 10237 1
10237 10238 1
10238 10239 1
10239 10240 1
10240 10241 1
10241 10242 1
10242 10243 1
10243 10244 1
10244 10245 1
10245 10246 1
10246 10247 1
10247 10248 1
10248 10249 1
10249 10250 1
10250 10251 1
10251 10252 1
10252 10253 1
10253 10254 1
10254 10255 1
10255 10256 1
10256 10257 1
10257 10258 1
10258 10259 1
10259 10260 1
10260 10261 1
10261 10262 1
10262 10263 1
10263 10264 1
10264 10265 1
10265 10266 1
10266 10267 1
10267 10268 1
10268 10269 1
10269 10270 1
10270 10271 1
10271 10272 1
10272 10273 1
10273 10274 1
10274 10275 1
10275 10276 1
10276 10277 1
10277 10278 1
10278 10279 1
10279 10280 1
10280 10281 1
10281 10282 1
10282 10283 1
10283 10284 1
10284 10285 1
10285 10286 1
10286 10287 1
10287 10288 1
10288 10289 1
10289 10290 1
10290 10291 1
10291 10292 1
10292 10293 1
10293 10294 1
10294 10295 1
10295 10296 1
10296 10297 1
10297 10298 1
10298 10299 1
10299 10300 1
10300 10301 1
10301 10302 1
10302 10303 1
10303 10304 1
10304 10305 1
10305 10306 1
10306 10307 1
10307 10308 1
10308 10309 1
10309 10310 1
10310 10311 1
10311 10312 1
10312 10313 1
10313 10314 1
10314 10315 1
10315 10316 1
10316 10317 1
10317 10318 1
10318 10319 1
10319 10320 1
10320 10321 1
10321 10322 1
10322 10323 1
10323 10324 1
10324 10325 1
10325 10326 1
10326 10327 1
10327 10328 1
10328 10329 1
10329 10330 1
10330 10331 1
10331 10332 1
10332 10333 1
10333 10334 1
10334 10335 1
10335 10336 1
10336 10337 1
10337 10338 1
10338 10339 1
10339 10340 1
10340 10341 1
10341 10342 1
10342 10343 1
10343 10344 1
10344 10345 1
10345 10346 1
10346 10347 1
10347 10348 1
10348 10349 1
10349 10350 1
10350 10351 1
10351 10352 1
10352 10353 1
10353 10354 1
10354 10355 1
10355 10356 1
10356 10357 1
10357 10358 1
10358 10359 1
10359 10360 1
10360 10361 1
10361 10362 1
10362 10363 1
10363 10364 1
10364 10365 1
10365 10366 1
10366 10367 1
10367 10368 1
10368 10369 1
10369 10370 1
10370 10371 1
10371 10372 1
10372 10373 1
10373 10374 1
10374 10375 1
10375 10376 1
10376 10377 1
10377 10378 1
10378 10379 1
10379 10380 1
10380 10381 1
10381 10382 1
10382 10383 1
10383 10384 1
10384 10385 1
10385 10386 1
10386 10387 1
10387 10388 1
10388 10389 1
10389 10390 1
10390 10391 1
10391 10392 1
10392 10393 1
10393 10394 1
10394 10395 1
10395 10396 1
10396 10397 1
10397 10398 1
10398 10399 1
10399 10400 1
10400 10401 1
10401 10402 1
10402 10403 1
10403 10404 1
10404 10405 1
10405 10406 1
10406 10407 1
10407 10408 1
10408 10409 1
10409 10410 1
10410 10411 1
10411 10412 1
10412 10413 1
10413 10414 1
10414 10415 1
10415 10416 1
10416 10417 1
10417 10418 1
10418 10419 1
10419 10420 1
10420 10421 1
10421 10422 1
10422 10423 1
10423 10424 1
10424 10425 1
10425 10426 1
10426 10427 1
10427 10428 1
10428 10429 1
10429 10430 1
10430 10431 1
10431 10432 1
10432 10433 1
10433 10434 1
10434 10435 1
10435 10436 1
10436 10437 1
10437 10438 1
10438 10439 1
10439 10440 1
10440 10441 1
10441 10442 1
10442 10443 1
10443 10444 1
10444 10445 1
10445 10446 1
10446 10447 1
10447 10448 1
10448 10449 1
10449 10450 1
10450 10451 1
10451 10452 1
10452 10453 1
10453 10454 1
10454 10455 1
10455 10456 1
10456 10457 1
10457 10458 1
10458 10459 1
10459 10460 1
10460 10461 1
10461 10462 1
10462 10463 1
10463 10464 1
10464 10465 1
10465 10466 1
10466 10467 1
10467 10468 1
10468 10469 1
10469 10470 1
10470 10471 1
10471 10472 1
10472 10473 1
10473 10474 1
10474 10475 1
10475 10476 1
10476 10477 1
10477 10478 1
10478 10479 1
10479 10480 1
10480 10481 1
10481 10482 1
10482 10483 1
10483 10484 1
10484 10485 1
10485 10486 1
10486 10487 1
10487 10488 1
10488 10489 1
10489 10490 1
10490 10491 1
10491 10492 1
10492 10493 1
10493 10494 1
10494 10495 1
10495 10496 1
10496 10497 1
10497 10498 1
10498 10499 1
10499 10500 1
10500 10501 1
10501 10502 1
10502 10503 1
10503 10504 1
10504 10505 1
10505 10506 1
10506 10507 1
10507 10508 1
10508 10509 1
10509 10510 1
10510 10511 1
10511 10512 1
10512 10513 1
10513 10514 1
10514 10515 1
10515 10516 1
10516 10517 1
10517 10518 1
10518 10519 1
10519 10520 1
10520 10521 1
10521 10522 1
10522 10523 1
10523 10524 1
10524 10525 1
10525 10526 1
10526 10527 1
10527 10528 1
10528 10529 1
10529 10530 1
10530 10531 1
10531 10532 1
10532 10533 1
10533 10534 1
10534 10535 1
10535 10536 1
10536 10537 1
10537 10538 1
10538 10539 1
10539 10540 1
10540 10541 1
10541 10542 1
10542 10543 1
10543 10544 1
10544 10545 1
10545 10546 1
10546 10547 1
10547 10548 1
10548 10549 1
10549 10550 1
10550 10551 1
10551 10552 1
10552 10553 1
10553 10554 1
10554 10555 1
10555 10556 1
10556 10557 1
10557 10558 1
10558 10559 1
10559 10560 1
10560 10561 1
10561 10562 1
10562 10563 1
10563 10564 1
10564 10565 1
10565 10566 1
10566 10567 1
10567 10568 1
10568 10569 1
10569 10570 1
10570 10571 1
10571 10572 1
10572 10573 1
10573 10574 1
10574 10575 1
10575 10576 1
10576 10577 1
10577 10578 1
10578 10579 1
10579 10580 1
10580 10581 1
10581 10582 1
10582 10583 1
10583 10584 1
10584 10585 1
10585 10586 1
10586 10587 1
10587 10588 1
10588 10589 1
10589 10590 1
10590 10591 1
10591 10592 1
10592 10593 1
10593 10594 1
10594 10595 1
10595 10596 1
10596 10597 1
10597 10598 1
10598 10599 1
10599 10600 1
10600 10601 1
10601 10602 1
10602 10603 1
10603 10604 1
10604 10605 1
10605 10606 1
10606 10607 1
10607 10608 1
10608 10609 1
10609 10610 1
10610 10611 1
10611 10612 1
10612 10613 1
10613 10614 1
10614 10615 1
10615 10616 1
10616 10617 1
10617 10618 1
10618 10619 1
10619 10620 1
10620 10621 1
10621 10622 1
10622 10623 1
10623 10624 1
10624 10625 1
10625 10626 1
10626 10627 1
10627 10628 1
10628 10629 1
10629 10630 1
10630 10631 1
10631 10632 1
10632 10633 1
10633 10634 1
10634 10635 1
10635 10636 1
10636 10637 1
10637 10638 1
10638 10639 1
10639 10640 1
10640 10641 1
10641 10642 1
10642 10643 1
10643 10644 1
10644 10645 1
10645 10646 1
10646 10647 1
10647 10648 1
10648 10649 1
10649 10650 1
10650 10651 1
10651 10652 1
10652 10653 1
10653 10654 1
10654 10655 1
10655 10656 1
10656 10657 1
10657 10658 1
10658 10659 1
10659 10660 1
10660 10661 1
10661 10662 1
10662 10663 1
10663 10664 1
10664 10665 1
10665 10666 1
10666 10667 1
10667 10668 1
10668 10669 1
10669 10670 1
10670 10671 1
10671 10672 1
10672 10673 1
10673 10674 1
10674 10675 1
10675 10676 1
10676 10677 1
10677 10678 1
10678 10679 1
10679 10680 1
10680 10681 1
10681 10682 1
10682 10683 1
10683 10684 1
10684 10685 1
10685 10686 1
10686 10687 1
10687 10688 1
10688 10689 1
10689 10690 1
10690 10691 1
10691 10692 1
10692 10693 1
10693 10694 1
10694 10695 1
10695 10696 1
10696 10697 1
10697 10698 1
10698 10699 1
10699 10700 1
10700 10701 1
10701 10702 1
10702 10703 1
10703 10704 1
10704 10705 1
10705 10706 1
10706 10707 1
10707 10708 1
10708 10709 1
10709 10710 1
10710 10711 1
10711 10712 1
10712 10713 1
10713 10714 1
10714 10715 1
10715 10716 1
10716 10717 1
10717 10718 1
10718 10719 1
10719 10720 1
10720 10721 1
10721 10722 1
10722 10723 1
10723 10724 1
10724 10725 1
10725 10726 1
10726 10727 1
10727 10728 1
10728 10729 1
10729 10730 1
10730 10731 1
10731 10732 1
10732 10733 1
10733 10734 1
10734 10735 1
10735 10736 1
10736 10737 1
10737 10738 1
10738 10739 1
10739 10740 1
10740 10741 1
10741 10742 1
10742 10743 1
10743 10744 1
10744 10745 1
10745 10746 1
10746 10747 1
10747 10748 1
10748 10749 1
10749 10750 1
10750 10751 1
10751 10752 1
10752 10753 1
10753 10754 1
10754 10755 1
10755 10756 1
10756 10757 1
10757 10758 1
10758 10759 1
10759 10760 1
10760 10761 1
10761 10762 1
10762 10763 1
10763 10764 1
10764 10765 1
10765 10766 1
10766 10767 1
10767 10768 1
10768 10769 1
10769 10770 1
10770 10771 1
10771 10772 1
10772 10773 1
10773 10774 1
10774 10775 1
10775 10776 1
10776 10777 1
10777 10778 1
10778 10779 1
10779 10780 1
10780 10781 1
10781 10782 1
10782 10783 1
10783 10784 1
10784 10785 1
10785 10786 1
10786 10787 1
10787 10788 1
10788 10789 1
10789 10790 1
10790 10791 1
10791 10792 1
10792 10793 1
10793 10794 1
10794 10795 1
10795 10796 1
10796 10797 1
10797 10798 1
10798 10799 1
10799 10800 1
10800 10801 1
10801 10802 1
10802 10803 1
10803 10804 1
10804 10805 1
10805 10806 1
10806 10807 1
10807 10808 1
10808 10809 1
10809 10810 1
10810 10811 1
10811 10812 1
10812 10813 1
10813 10814 1
10814 10815 1
10815 10816 1
10816 10817 1
10817 10818 1
10818 10819 1
10819 10820 1
10820 10821 1
10821 10822 1
10822 10823 1
10823 10824 1
10824 10825 1
10825 10826 1
10826 10827 1
10827 10828 1
10828 10829 1
10829 10830 1
10830 10831 1
10831 10832 1
10832 10833 1
10833 10834 1
10834 10835 1
10835 10836 1
10836 10837 1
10837 10838 1
10838 10839 1
10839 10840 1
10840 10841 1
10841 10842 1
10842 10843 1
10843 10844 1
10844 10845 1
10845 10846 1
10846 10847 1
10847 10848 1
10848 10849 1
10849 10850 1
10850 10851 1
10851 10852 1
10852 10853 1
10853 10854 1
10854 10855 1
10855 10856 1
10856 10857 1
10857 10858 1
10858 10859 1
10859 10860 1
10860 10861 1
10861 10862 1
10862 10863 1
10863 10864 1
10864 10865 1
10865 10866 1
10866 10867 1
10867 10868 1
10868 10869 1
10869 10870 1
10870 10871 1
10871 10872 1
10872 10873 1
10873 10874 1
10874 10875 1
10875 10876 1
10876 10877 1
10877 10878 1
10878 10879 1
10879 10880 1
10880 10881 1
10881 10882 1
10882 10883 1
10883 10884 1
10884 10885 1
10885 10886 1
10886 10887 1
10887 10888 1
10888 10889 1
10889 10890 1
10890 10891 1
10891 10892 1
10892 10893 1
10893 10894 1
10894 10895 1
10895 10896 1
10896 10897 1
10897 10898 1
10898 10899 1
10899 10900 1
10900 10901 1
10901 10902 1
10902 10903 1
10903 10904 1
10904 10905 1
10905 10906 1
10906 10907 1
10907 10908 1
10908 10909 1
10909 10910 1
10910 10911 1
10911 10912 1
10912 10913 1
10913 10914 1
10914 10915 1
10915 10916 1
10916 10917 1
10917 10918 1
10918 10919 1
10919 10920 1
10920 10921 1
10921 10922 1
10922 10923 1
10923 10924 1
10924 10925 1
10925 10926 1
10926 10927 1
10927 10928 1
10928 10929 1
10929 10930 1
10930 10931 1
10931 10932 1
10932 10933 1
10933 10934 1
10934 10935 1
10935 10936 1
10936 10937 1
10937 10938 1
10938 10939 1
10939 10940 1
10940 10941 1
10941 10942 1
10942 10943 1
10943 10944 1
10944 10945 1
10945 10946 1
10946 10947 1
10947 10948 1
10948 10949 1
10949 10950 1
10950 10951 1
10951 10952 1
10952 10953 1
10953 10954 1
10954 10955 1
10955 10956 1
10956 10957 1
10957 10958 1
10958 10959 1
10959 10960 1
10960 10961 1
10961 10962 1
10962 10963 1
10963 10964 1
10964 10965 1
10965 10966 1
10966 10967 1
10967 10968 1
10968 10969 1
10969 10970 1
10970 10971 1
10971 10972 1
10972 10973 1
10973 10974 1
10974 10975 1
10975 10976 1
10976 10977 1
10977 10978 1
10978 10979 1
10979 10980 1
10980 10981 1
10981 10982 1
10982 10983 1
10983 10984 1
10984 10985 1
10985 10986 1
10986 10987 1
10987 10988 1
10988 10989 1
10989 10990 1
10990 10991 1
10991 10992 1
10992 10993 1
10993 10994 1
10994 10995 1
10995 10996 1
10996 10997 1
10997 10998 1
10998 10999 1
10999 11000 1
11000 11001 1
11001 11002 1
11002 11003 1
11003 11004 1
11004 11005 1
11005 11006 1
11006 11007 1
11007 11008 1
11008 11009 1
11009 11010 1
11010 11011 1
11011 11012 1
11012 11013 1
11013 11014 1
11014 11015 1
11015 11016 1
11016 11017 1
11017 11018 1
11018 11019 1
11019 11020 1
11020 11021 1
11021 11022 1
11022 11023 1
11023 11024 1
11024 11025 1
11025 11026 1
11026 11027 1
11027 11028 1
11028 11029 1
11029 11030 1
11030 11031 1
11031 11032 1
11032 11033 1
11033 11034 1
11034 11035 1
11035 11036 1
11036 11037 1
11037 11038 1
11038 11039 1
11039 11040 1
11040 11041 1
11041 11042 1
11042 11043 1
11043 11044 1
11044 11045 1
11045 11046 1
11046 11047 1
11047 11048 1
11048 11049 1
11049 11050 1
11050 11051 1
11051 11052 1
11052 11053 1
11053 11054 1
11054 11055 1
11055 11056 1
11056 11057 1
11057 11058 1
11058 11059 1
11059 11060 1
11060 11061 1
11061 11062 1
11062 11063 1
11063 11064 1
11064 11065 1
11065 11066 1
11066 11067 1
11067 11068 1
11068 11069 1
11069 11070 1
11070 11071 1
11071 11072 1
11072 11073 1
11073 11074 1
11074 11075 1
11075 11076 1
11076 11077 1
11077 11078 1
11078 11079 1
11079 11080 1
11080 11081 1
11081 11082 1
11082 11083 1
11083 11084 1
11084 11085 1
11085 11086 1
11086 11087 1
11087 11088 1
11088 11089 1
11089 11090 1
11090 11091 1
11091 11092 1
11092 11093 1
11093 11094 1
11094 11095 1
11095 11096 1
11096 11097 1
11097 11098 1
11098 11099 1
11099 11100 1
11100 11101 1
11101 11102 1
11102 11103 1
11103 11104 1
11104 11105 1
11105 11106 1
11106 11107 1
11107 11108 1
11108 11109 1
11109 11110 1
11110 11111 1
11111 11112 1
11112 11113 1
11113 11114 1
11114 11115 1
11115 11116 1
11116 11117 1
11117 11118 1
11118 11119 1
11119 11120 1
11120 11121 1
11121 11122 1
11122 11123 1
11123 11124 1
11124 11125 1
11125 11126 1
11126 11127 1
11127 11128 1
11128 11129 1
11129 11130 1
11130 11131 1
11131 11132 1
11132 11133 1
11133 11134 1
11134 11135 1
11135 11136 1
11136 11137 1
11137 11138 1
11138 11139 1
11139 11140 1
11140 11141 1
11141 11142 1
11142 11143 1
11143 11144 1
11144 11145 1
11145 11146 1
11146 11147 1
11147 11148 1
11148 11149 1
11149 11150 1
11150 11151 1
11151 11152 1
11152 11153 1
11153 11154 1
11154 11155 1
11155 11156 1
11156 11157 1
11157 11158 1
11158 11159 1
11159 11160 1
11160 11161 1
11161 11162 1
11162 11163 1
11163 11164 1
11164 11165 1
11165 11166 1
11166 11167 1
11167 11168 1
11168 11169 1
11169 11170 1
11170 11171 1
11171 11172 1
11172 11173 1
11173 11174 1
11174 11175 1
11175 11176 1
11176 11177 1
11177 11178 1
11178 11179 1
11179 11180 1
11180 11181 1
11181 11182 1
11182 11183 1
11183 11184 1
11184 11185 1
11185 11186 1
11186 11187 1
11187 11188 1
11188 11189 1
11189 11190 1
11190 11191 1
11191 11192 1
11192 11193 1
11193 11194 1
11194 11195 1
11195 11196 1
11196 11197 1
11197 11198 1
11198 11199 1
11199 11200 1
11200 11201 1
11201 11202 1
11202 11203 1
11203 11204 1
11204 11205 1
11205 11206 1
11206 11207 1
11207 11208 1
11208 11209 1
11209 11210 1
11210 11211 1
11211 11212 1
11212 11213 1
11213 11214 1
11214 11215 1
11215 11216 1
11216 11217 1
11217 11218 1
11218 11219 1
11219 11220 1
11220 11221 1
11221 11222 1
11222 11223 1
11223 11224 1
11224 11225 1
11225 11226 1
11226 11227 1
11227 11228 1
11228 11229 1
11229 11230 1
11230 11231 1
11231 11232 1
11232 11233 1
11233 11234 1
11234 11235 1
11235 11236 1
11236 11237 1
11237 11238 1
11238 11239 1
11239 11240 1
11240 11241 1
11241 11242 1
11242 11243 1
11243 11244 1
11244 11245 1
11245 11246 1
11246 11247 1
11247 11248 1
11248 11249 1
11249 11250 1
11250 11251 1
11251 11252 1
11252 11253 1
11253 11254 1
11254 11255 1
11255 11256 1
11256 11257 1
11257 11258 1
11258 11259 1
11259 11260 1
11260 11261 1
11261 11262 1
11262 11263 1
11263 11264 1
11264 11265 1
11265 11266 1
11266 11267 1
11267 11268 1
11268 11269 1
11269 11270 1
11270 11271 1
11271 11272 1
11272 11273 1
11273 11274 1
11274 11275 1
11275 11276 1
11276 11277 1
11277 11278 1
11278 11279 1
11279 11280 1
11280 11281 1
11281 11282 1
11282 11283 1
11283 11284 1
11284 11285 1
11285 11286 1
11286 11287 1
11287 11288 1
11288 11289 1
11289 11290 1
11290 11291 1
11291 11292 1
11292 11293 1
11293 11294 1
11294 11295 1
11295 11296 1
11296 11297 1
11297 11298 1
11298 11299 1
11299 11300 1
11300 11301 1
11301 11302 1
11302 11303 1
11303 11304 1
11304 11305 1
11305 11306 1
11306 11307 1
11307 11308 1
11308 11309 1
11309 11310 1
11310 11311 1
11311 11312 1
11312 11313 1
11313 11314 1
11314 11315 1
11315 11316 1
11316 11317 1
11317 11318 1
11318 11319 1
11319 11320 1
11320 11321 1
11321 11322 1
11322 11323 1
11323 11324 1
11324 11325 1
11325 11326 1
11326 11327 1
11327 11328 1
11328 11329 1
11329 11330 1
11330 11331 1
11331 11332 1
11332 11333 1
11333 11334 1
11334 11335 1
11335 11336 1
11336 11337 1
11337 11338 1
11338 11339 1
11339 11340 1
11340 11341 1
11341 11342 1
11342 11343 1
11343 11344 1
11344 11345 1
11345 11346 1
11346 11347 1
11347 11348 1
11348 11349 1
11349 11350 1
11350 11351 1
11351 11352 1
11352 11353 1
11353 11354 1
11354 11355 1
11355 11356 1
11356 11357 1
11357 11358 1
11358 11359 1
11359 11360 1
11360 11361 1
11361 11362 1
11362 11363 1
11363 11364 1
11364 11365 1
11365 11366 1
11366 11367 1
11367 11368 1
11368 11369 1
11369 11370 1
11370 11371 1
11371 11372 1
11372 11373 1
11373 11374 1
11374 11375 1
11375 11376 1
11376 11377 1
11377 11378 1
11378 11379 1
11379 11380 1
11380 11381 1
11381 11382 1
11382 11383 1
11383 11384 1
11384 11385 1
11385 11386 1
11386 11387 1
11387 11388 1
11388 11389 1
11389 11390 1
11390 11391 1
11391 11392 1
11392 11393 1
11393 11394 1
11394 11395 1
11395 11396 1
11396 11397 1
11397 11398 1
11398 11399 1
11399 11400 1
11400 11401 1
11401 11402 1
11402 11403 1
11403 11404 1
11404 11405 1
11405 11406 1
11406 11407 1
11407 11408 1
11408 11409 1
11409 11410 1
11410 11411 1
11411 11412 1
11412 11413 1
11413 11414 1
11414 11415 1
11415 11416 1
11416 11417 1
11417 11418 1
11418 11419 1
11419 11420 1
11420 11421 1
11421 11422 1
11422 11423 1
11423 11424 1
11424 11425 1
11425 11426 1
11426 11427 1
11427 11428 1
11428 11429 1
11429 11430 1
11430 11431 1
11431 11432 1
11432 11433 1
11433 11434 1
11434 11435 1
11435 11436 1
11436 11437 1
11437 11438 1
11438 11439 1
11439 11440 1
11440 11441 1
11441 11442 1
11442 11443 1
11443 11444 1
11444 11445 1
11445 11446 1
11446 11447 1
11447 11448 1
11448 11449 1
11449 11450 1
11450 11451 1
11451 11452 1
11452 11453 1
11453 11454 1
11454 11455 1
11455 11456 1
11456 11457 1
11457 11458 1
11458 11459 1
11459 11460 1
11460 11461 1
11461 11462 1
11462 11463 1
11463 11464 1
11464 11465 1
11465 11466 1
11466 11467 1
11467 11468 1
11468 11469 1
11469 11470 1
11470 11471 1
11471 11472 1
11472 11473 1
11473 11474 1
11474 11475 1
11475 11476 1
11476 11477 1
11477 11478 1
11478 11479 1
11479 11480 1
11480 11481 1
11481 11482 1
11482 11483 1
11483 11484 1
11484 11485 1
11485 11486 1
11486 11487 1
11487 11488 1
11488 11489 1
11489 11490 1
11490 11491 1
11491 11492 1
11492 11493 1
11493 11494 1
11494 11495 1
11495 11496 1
11496 11497 1
11497 11498 1
11498 11499 1
11499 11500 1
11500 11501 1
11501 11502 1
11502 11503 1
11503 11504 1
11504 11505 1
11505 11506 1
11506 11507 1
11507 11508 1
11508 11509 1
11509 11510 1
11510 11511 1
11511 11512 1
11512 11513 1
11513 11514 1
11514 11515 1
11515 11516 1
11516 11517 1
11517 11518 1
11518 11519 1
11519 11520 1
11520 11521 1
11521 11522 1
11522 11523 1
11523 11524 1
11524 11525 1
11525 11526 1
11526 11527 1
11527 11528 1
11528 11529 1
11529 11530 1
11530 11531 1
11531 11532 1
11532 11533 1
11533 11534 1
11534 11535 1
11535 11536 1
11536 11537 1
11537 11538 1
11538 11539 1
11539 11540 1
11540 11541 1
11541 11542 1
11542 11543 1
11543 11544 1
11544 11545 1
11545 11546 1
11546 11547 1
11547 11548 1
11548 11549 1
11549 11550 1
11550 11551 1
11551 11552 1
11552 11553 1
11553 11554 1
11554 11555 1
11555 11556 1
11556 11557 1
11557 11558 1
11558 11559 1
11559 11560 1
11560 11561 1
11561 11562 1
11562 11563 1
11563 11564 1
11564 11565 1
11565 11566 1
11566 11567 1
11567 11568 1
11568 11569 1
11569 11570 1
11570 11571 1
11571 11572 1
11572 11573 1
11573 11574 1
11574 11575 1
11575 11576 1
11576 11577 1
11577 11578 1
11578 11579 1
11579 11580 1
11580 11581 1
11581 11582 1
11582 11583 1
11583 11584 1
11584 11585 1
11585 11586 1
11586 11587 1
11587 11588 1
11588 11589 1
11589 11590 1
11590 11591 1
11591 11592 1
11592 11593 1
11593 11594 1
11594 11595 1
11595 11596 1
11596 11597 1
11597 11598 1
11598 11599 1
11599 11600 1
11600 11601 1
11601 11602 1
11602 11603 1
11603 11604 1
11604 11605 1
11605 11606 1
11606 11607 1
11607 11608 1
11608 11609 1
11609 11610 1
11610 11611 1
11611 11612 1
11612 11613 1
11613 11614 1
11614 11615 1
11615 11616 1
11616 11617 1
11617 11618 1
11618 11619 1
11619 11620 1
11620 11621 1
11621 11622 1
11622 11623 1
11623 11624 1
11624 11625 1
11625 11626 1
11626 11627 1
11627 11628 1
11628 11629 1
11629 11630 1
11630 11631 1
11631 11632 1
11632 11633 1
11633 11634 1
11634 11635 1
11635 11636 1
11636 11637 1
11637 11638 1
11638 11639 1
11639 11640 1
11640 11641 1
11641 11642 1
11642 11643 1
11643 11644 1
11644 11645 1
11645 11646 1
11646 11647 1
11647 11648 1
11648 11649 1
11649 11650 1
11650 11651 1
11651 11652 1
11652 11653 1
11653 11654 1
11654 11655 1
11655 11656 1
11656 11657 1
11657 11658 1
11658 11659 1
11659 11660 1
11660 11661 1
11661 11662 1
11662 11663 1
11663 11664 1
11664 11665 1
11665 11666 1
11666 11667 1
11667 11668 1
11668 11669 1
11669 11670 1
11670 11671 1
11671 11672 1
11672 11673 1
11673 11674 1
11674 11675 1
11675 11676 1
11676 11677 1
11677 11678 1
11678 11679 1
11679 11680 1
11680 11681 1
11681 11682 1
11682 11683 1
11683 11684 1
11684 11685 1
11685 11686 1
11686 11687 1
11687 11688 1
11688 11689 1
11689 11690 1
11690 11691 1
11691 11692 1
11692 11693 1
11693 11694 1
11694 11695 1
11695 11696 1
11696 11697 1
11697 11698 1
11698 11699 1
11699 11700 1
11700 11701 1
11701 11702 1
11702 11703 1
11703 11704 1
11704 11705 1
11705 11706 1
11706 11707 1
11707 11708 1
11708 11709 1
11709 11710 1
11710 11711 1
11711 11712 1
11712 11713 1
11713 11714 1
11714 11715 1
11715 11716 1
11716 11717 1
11717 11718 1
11718 11719 1
11719 11720 1
11720 11721 1
11721 11722 1
11722 11723 1
11723 11724 1
11724 11725 1
11725 11726 1
11726 11727 1
11727 11728 1
11728 11729 1
11729 11730 1
11730 11731 1
11731 11732 1
11732 11733 1
11733 11734 1
11734 11735 1
11735 11736 1
11736 11737 1
11737 11738 1
11738 11739 1
11739 11740 1
11740 11741 1
11741 11742 1
11742 11743 1
11743 11744 1
11744 11745 1
11745 11746 1
11746 11747 1
11747 11748 1
11748 11749 1
11749 11750 1
11750 11751 1
11751 11752 1
11752 11753 1
11753 11754 1
11754 11755 1
11755 11756 1
11756 11757 1
11757 11758 1
11758 11759 1
11759 11760 1
11760 11761 1
11761 11762 1
11762 11763 1
11763 11764 1
11764 11765 1
11765 11766 1
11766 11767 1
11767 11768 1
11768 11769 1
11769 11770 1
11770 11771 1
11771 11772 1
11772 11773 1
11773 11774 1
11774 11775 1
11775 11776 1
11776 11777 1
11777 11778 1
11778 11779 1
11779 11780 1
11780 11781 1
11781 11782 1
11782 11783 1
11783 11784 1
11784 11785 1
11785 11786 1
11786 11787 1
11787 11788 1
11788 11789 1
11789 11790 1
11790 11791 1
11791 11792 1
11792 11793 1
11793 11794 1
11794 11795 1
11795 11796 1
11796 11797 1
11797 11798 1
11798 11799 1
11799 11800 1
11800 11801 1
11801 11802 1
11802 11803 1
11803 11804 1
11804 11805 1
11805 11806 1
11806 11807 1
11807 11808 1
11808 11809 1
11809 11810 1
11810 11811 1
11811 11812 1
11812 11813 1
11813 11814 1
11814 11815 1
11815 11816 1
11816 11817 1
11817 11818 1
11818 11819 1
11819 11820 1
11820 11821 1
11821 11822 1
11822 11823 1
11823 11824 1
11824 11825 1
11825 11826 1
11826 11827 1
11827 11828 1
11828 11829 1
11829 11830 1
11830 11831 1
11831 11832 1
11832 11833 1
11833 11834 1
11834 11835 1
11835 11836 1
11836 11837 1
11837 11838 1
11838 11839 1
11839 11840 1
11840 11841 1
11841 11842 1
11842 11843 1
11843 11844 1
11844 11845 1
11845 11846 1
11846 11847 1
11847 11848 1
11848 11849 1
11849 11850 1
11850 11851 1
11851 11852 1
11852 11853 1
11853 11854 1
11854 11855 1
11855 11856 1
11856 11857 1
11857 11858 1
11858 11859 1
11859 11860 1
11860 11861 1
11861 11862 1
11862 11863 1
11863 11864 1
11864 11865 1
11865 11866 1
11866 11867 1
11867 11868 1
11868 11869 1
11869 11870 1
11870 11871 1
11871 11872 1
11872 11873 1
11873 11874 1
11874 11875 1
11875 11876 1
11876 11877 1
11877 11878 1
11878 11879 1
11879 11880 1
11880 11881 1
11881 11882 1
11882 11883 1
11883 11884 1
11884 11885 1
11885 11886 1
11886 11887 1
11887 11888 1
11888 11889 1
11889 11890 1
11890 11891 1
11891 11892 1
11892 11893 1
11893 11894 1
11894 11895 1
11895 11896 1
11896 11897 1
11897 11898 1
11898 11899 1
11899 11900 1
11900 11901 1
11901 11902 1
11902 11903 1
11903 11904 1
11904 11905 1
11905 11906 1
11906 11907 1
11907 11908 1
11908 11909 1
11909 11910 1
11910 11911 1
11911 11912 1
11912 11913 1
11913 11914 1
11914 11915 1
11915 11916 1
11916 11917 1
11917 11918 1
11918 11919 1
11919 11920 1
11920 11921 1
11921 11922 1
11922 11923 1
11923 11924 1
11924 11925 1
11925 11926 1
11926 11927 1
11927 11928 1
11928 11929 1
11929 11930 1
11930 11931 1
11931 11932 1
11932 11933 1
11933 11934 1
11934 11935 1
11935 11936 1
11936 11937 1
11937 11938 1
11938 11939 1
11939 11940 1
11940 11941 1
11941 11942 1
11942 11943 1
11943 11944 1
11944 11945 1
11945 11946 1
11946 11947 1
11947 11948 1
11948 11949 1
11949 11950 1
11950 11951 1
11951 11952 1
11952 11953 1
11953 11954 1
11954 11955 1
11955 11956 1
11956 11957 1
11957 11958 1
11958 11959 1
11959 11960 1
11960 11961 1
11961 11962 1
11962 11963 1
11963 11964 1
11964 11965 1
11965 11966 1
11966 11967 1
11967 11968 1
11968 11969 1
11969 11970 1
11970 11971 1
11971 11972 1
11972 11973 1
11973 11974 1
11974 11975 1
11975 11976 1
11976 11977 1
11977 11978 1
11978 11979 1
11979 11980 1
11980 11981 1
11981 11982 1
11982 11983 1
11983 11984 1
11984 11985 1
11985 11986 1
11986 11987 1
11987 11988 1
11988 11989 1
11989 11990 1
11990 11991 1
11991 11992 1
11992 11993 1
11993 11994 1
11994 11995 1
11995 11996 1
11996 11997 1
11997 11998 1
11998 11999 1
11999 12000 1
12000 12001 1
12001 12002 1
12002 12003 1
12003 12004 1
12004 12005 1
12005 12006 1
12006 12007 1
12007 12008 1
12008 12009 1
12009 12010 1
12010 12011 1
12011 12012 1
12012 12013 1
12013 12014 1
12014 12015 1
12015 12016 1
12016 12017 1
12017 12018 1
12018 12019 1
12019 12020 1
12020 12021 1
12021 12022 1
12022 12023 1
12023 12024 1
12024 12025 1
12025 12026 1
12026 12027 1
12027 12028 1
12028 12029 1
12029 12030 1
12030 12031 1
12031 12032 1
12032 12033 1
12033 12034 1
12034 12035 1
12035 12036 1
12036 12037 1
12037 12038 1
12038 12039 1
12039 12040 1
12040 12041 1
12041 12042 1
12042 12043 1
12043 12044 1
12044 12045 1
12045 12046 1
12046 12047 1
12047 12048 1
12048 12049 1
12049 12050 1
12050 12051 1
12051 12052 1
12052 12053 1
12053 12054 1
12054 12055 1
12055 12056 1
12056 12057 1
12057 12058 1
12058 12059 1
12059 12060 1
12060 12061 1
12061 12062 1
12062 12063 1
12063 12064 1
12064 12065 1
12065 12066 1
12066 12067 1
12067 12068 1
12068 12069 1
12069 12070 1
12070 12071 1
12071 12072 1
12072 12073 1
12073 12074 1
12074 12075 1
12075 12076 1
12076 12077 1
12077 12078 1
12078 12079 1
12079 12080 1
12080 12081 1
12081 12082 1
12082 12083 1
12083 12084 1
12084 12085 1
12085 12086 1
12086 12087 1
12087 12088 1
12088 12089 1
12089 12090 1
12090 12091 1
12091 12092 1
12092 12093 1
12093 12094 1
12094 12095 1
12095 12096 1
12096 12097 1
12097 12098 1
12098 12099 1
12099 12100 1
12100 12101 1
12101 12102 1
12102 12103 1
12103 12104 1
12104 12105 1
12105 12106 1
12106 12107 1
12107 12108 1
12108 12109 1
12109 12110 1
12110 12111 1
12111 12112 1
12112 12113 1
12113 12114 1
12114 12115 1
12115 12116 1
12116 12117 1
12117 12118 1
12118 12119 1
12119 12120 1
12120 12121 1
12121 12122 1
12122 12123 1
12123 12124 1
12124 12125 1
12125 12126 1
12126 12127 1
12127 12128 1
12128 12129 1
12129 12130 1
12130 12131 1
12131 12132 1
12132 12133 1
12133 12134 1
12134 12135 1
12135 12136 1
12136 12137 1
12137 12138 1
12138 12139 1
12139 12140 1
12140 12141 1
12141 12142 1
12142 12143 1
12143 12144 1
12144 12145 1
12145 12146 1
12146 12147 1
12147 12148 1
12148 12149 1
12149 12150 1
12150 12151 1
12151 12152 1
12152 12153 1
12153 12154 1
12154 12155 1
12155 12156 1
12156 12157 1
12157 12158 1
12158 12159 1
12159 12160 1
12160 12161 1
12161 12162 1
12162 12163 1
12163 12164 1
12164 12165 1
12165 12166 1
12166 12167 1
12167 12168 1
12168 12169 1
12169 12170 1
12170 12171 1
12171 12172 1
12172 12173 1
12173 12174 1
12174 12175 1
12175 12176 1
12176 12177 1
12177 12178 1
12178 12179 1
12179 12180 1
12180 12181 1
12181 12182 1
12182 12183 1
12183 12184 1
12184 12185 1
12185 12186 1
12186 12187 1
12187 12188 1
12188 12189 1
12189 12190 1
12190 12191 1
12191 12192 1
12192 12193 1
12193 12194 1
12194 12195 1
12195 12196 1
12196 12197 1
12197 12198 1
12198 12199 1
12199 12200 1
12200 12201 1
12201 12202 1
12202 12203 1
12203 12204 1
12204 12205 1
12205 12206 1
12206 12207 1
12207 12208 1
12208 12209 1
12209 12210 1
12210 12211 1
12211 12212 1
12212 12213 1
12213 12214 1
12214 12215 1
12215 12216 1
12216 12217 1
12217 12218 1
12218 12219 1
12219 12220 1
12220 12221 1
12221 12222 1
12222 12223 1
12223 12224 1
12224 12225 1
12225 12226 1
12226 12227 1
12227 12228 1
12228 12229 1
12229 12230 1
12230 12231 1
12231 12232 1
12232 12233 1
12233 12234 1
12234 12235 1
12235 12236 1
12236 12237 1
12237 12238 1
12238 12239 1
12239 12240 1
12240 12241 1
12241 12242 1
12242 12243 1
12243 12244 1
12244 12245 1
12245 12246 1
12246 12247 1
12247 12248 1
12248 12249 1
12249 12250 1
12250 12251 1
12251 12252 1
12252 12253 1
12253 12254 1
12254 12255 1
12255 12256 1
12256 12257 1
12257 12258 1
12258 12259 1
12259 12260 1
12260 12261 1
12261 12262 1
12262 12263 1
12263 12264 1
12264 12265 1
12265 12266 1
12266 12267 1
12267 12268 1
12268 12269 1
12269 12270 1
12270 12271 1
12271 12272 1
12272 12273 1
12273 12274 1
12274 12275 1
12275 12276 1
12276 12277 1
12277 12278 1
12278 12279 1
12279 12280 1
12280 12281 1
12281 12282 1
12282 12283 1
12283 12284 1
12284 12285 1
12285 12286 1
12286 12287 1
12287 12288 1
12288 12289 1
12289 12290 1
12290 12291 1
12291 12292 1
12292 12293 1
12293 12294 1
12294 12295 1
12295 12296 1
12296 12297 1
12297 12298 1
12298 12299 1
12299 12300 1
12300 12301 1
12301 12302 1
12302 12303 1
12303 12304 1
12304 12305 1
12305 12306 1
12306 12307 1
12307 12308 1
12308 12309 1
12309 12310 1
12310 12311 1
12311 12312 1
12312 12313 1
12313 12314 1
12314 12315 1
12315 12316 1
12316 12317 1
12317 12318 1
12318 12319 1
12319 12320 1
12320 12321 1
12321 12322 1
12322 12323 1
12323 12324 1
12324 12325 1
12325 12326 1
12326 12327 1
12327 12328 1
12328 12329 1
12329 12330 1
12330 12331 1
12331 12332 1
12332 12333 1
12333 12334 1
12334 12335 1
12335 12336 1
12336 12337 1
12337 12338 1
12338 12339 1
12339 12340 1
12340 12341 1
12341 12342 1
12342 12343 1
12343 12344 1
12344 12345 1
12345 12346 1
12346 12347 1
12347 12348 1
12348 12349 1
12349 12350 1
12350 12351 1
12351 12352 1
12352 12353 1
12353 12354 1
12354 12355 1
12355 12356 1
12356 12357 1
12357 12358 1
12358 12359 1
12359 12360 1
12360 12361 1
12361 12362 1
12362 12363 1
12363 12364 1
12364 12365 1
12365 12366 1
12366 12367 1
12367 12368 1
12368 12369 1
12369 12370 1
12370 12371 1
12371 12372 1
12372 12373 1
12373 12374 1
12374 12375 1
12375 12376 1
12376 12377 1
12377 12378 1
12378 12379 1
12379 12380 1
12380 12381 1
12381 12382 1
12382 12383 1
12383 12384 1
12384 12385 1
12385 12386 1
12386 12387 1
12387 12388 1
12388 12389 1
12389 12390 1
12390 12391 1
12391 12392 1
12392 12393 1
12393 12394 1
12394 12395 1
12395 12396 1
12396 12397 1
12397 12398 1
12398 12399 1
12399 12400 1
12400 12401 1
12401 12402 1
12402 12403 1
12403 12404 1
12404 12405 1
12405 12406 1
12406 12407 1
12407 12408 1
12408 12409 1
12409 12410 1
12410 12411 1
12411 12412 1
12412 12413 1
12413 12414 1
12414 12415 1
12415 12416 1
12416 12417 1
12417 12418 1
12418 12419 1
12419 12420 1
12420 12421 1
12421 12422 1
12422 12423 1
12423 12424 1
12424 12425 1
12425 12426 1
12426 12427 1
12427 12428 1
12428 12429 1
12429 12430 1
12430 12431 1
12431 12432 1
12432 12433 1
12433 12434 1
12434 12435 1
12435 12436 1
12436 12437 1
12437 12438 1
12438 12439 1
12439 12440 1
12440 12441 1
12441 12442 1
12442 12443 1
12443 12444 1
12444 12445 1
12445 12446 1
12446 12447 1
12447 12448 1
12448 12449 1
12449 12450 1
12450 12451 1
12451 12452 1
12452 12453 1
12453 12454 1
12454 12455 1
12455 12456 1
12456 12457 1
12457 12458 1
12458 12459 1
12459 12460 1
12460 12461 1
12461 12462 1
12462 12463 1
12463 12464 1
12464 12465 1
12465 12466 1
12466 12467 1
12467 12468 1
12468 12469 1
12469 12470 1
12470 12471 1
12471 12472 1
12472 12473 1
12473 12474 1
12474 12475 1
12475 12476 1
12476 12477 1
12477 12478 1
12478 12479 1
12479 12480 1
12480 12481 1
12481 12482 1
12482 12483 1
12483 12484 1
12484 12485 1
12485 12486 1
12486 12487 1
12487 12488 1
12488 12489 1
12489 12490 1
12490 12491 1
12491 12492 1
12492 12493 1
12493 12494 1
12494 12495 1
12495 12496 1
12496 12497 1
12497 12498 1
12498 12499 1
12499 12500 1
12500 12501 1
12501 12502 1
12502 12503 1
12503 12504 1
12504 12505 1
12505 12506 1
12506 12507 1
12507 12508 1
12508 12509 1
12509 12510 1
12510 12511 1
12511 12512 1
12512 12513 1
12513 12514 1
12514 12515 1
12515 12516 1
12516 12517 1
12517 12518 1
12518 12519 1
12519 12520 1
12520 12521 1
12521 12522 1
12522 12523 1
12523 12524 1
12524 12525 1
12525 12526 1
12526 12527 1
12527 12528 1
12528 12529 1
12529 12530 1
12530 12531 1
12531 12532 1
12532 12533 1
12533 12534 1
12534 12535 1
12535 12536 1
12536 12537 1
12537 12538 1
12538 12539 1
12539 12540 1
12540 12541 1
12541 12542 1
12542 12543 1
12543 12544 1
12544 12545 1
12545 12546 1
12546 12547 1
12547 12548 1
12548 12549 1
12549 12550 1
12550 12551 1
12551 12552 1
12552 12553 1
12553 12554 1
12554 12555 1
12555 12556 1
12556 12557 1
12557 12558 1
12558 12559 1
12559 12560 1
12560 12561 1
12561 12562 1
12562 12563 1
12563 12564 1
12564 12565 1
12565 12566 1
12566 12567 1
12567 12568 1
12568 12569 1
12569 12570 1
12570 12571 1
12571 12572 1
12572 12573 1
12573 12574 1
12574 12575 1
12575 12576 1
12576 12577 1
12577 12578 1
12578 12579 1
12579 12580 1
12580 12581 1
12581 12582 1
12582 12583 1
12583 12584 1
12584 12585 1
12585 12586 1
12586 12587 1
12587 12588 1
12588 12589 1
12589 12590 1
12590 12591 1
12591 12592 1
12592 12593 1
12593 12594 1
12594 12595 1
12595 12596 1
12596 12597 1
12597 12598 1
12598 12599 1
12599 12600 1
12600 12601 1
12601 12602 1
12602 12603 1
12603 12604 1
12604 12605 1
12605 12606 1
12606 12607 1
12607 12608 1
12608 12609 1
12609 12610 1
12610 12611 1
12611 12612 1
12612 12613 1
12613 12614 1
12614 12615 1
12615 12616 1
12616 12617 1
12617 12618 1
12618 12619 1
12619 12620 1
12620 12621 1
12621 12622 1
12622 12623 1
12623 12624 1
12624 12625 1
12625 12626 1
12626 12627 1
12627 12628 1
12628 12629 1
12629 12630 1
12630 12631 1
12631 12632 1
12632 12633 1
12633 12634 1
12634 12635 1
12635 12636 1
12636 12637 1
12637 12638 1
12638 12639 1
12639 12640 1
12640 12641 1
12641 12642 1
12642 12643 1
12643 12644 1
12644 12645 1
12645 12646 1
12646 12647 1
12647 12648 1
12648 12649 1
12649 12650 1
12650 12651 1
12651 12652 1
12652 12653 1
12653 12654 1
12654 12655 1
12655 12656 1
12656 12657 1
12657 12658 1
12658 12659 1
12659 12660 1
12660 12661 1
12661 12662 1
12662 12663 1
12663 12664 1
12664 12665 1
12665 12666 1
12666 12667 1
12667 12668 1
12668 12669 1
12669 12670 1
12670 12671 1
12671 12672 1
12672 12673 1
12673 12674 1
12674 12675 1
12675 12676 1
12676 12677 1
12677 12678 1
12678 12679 1
12679 12680 1
12680 12681 1
12681 12682 1
12682 12683 1
12683 12684 1
12684 12685 1
12685 12686 1
12686 12687 1
12687 12688 1
12688 12689 1
12689 12690 1
12690 12691 1
12691 12692 1
12692 12693 1
12693 12694 1
12694 12695 1
12695 12696 1
12696 12697 1
12697 12698 1
12698 12699 1
12699 12700 1
12700 12701 1
12701 12702 1
12702 12703 1
12703 12704 1
12704 12705 1
12705 12706 1
12706 12707 1
12707 12708 1
12708 12709 1
12709 12710 1
12710 12711 1
12711 12712 1
12712 12713 1
12713 12714 1
12714 12715 1
12715 12716 1
12716 12717 1
12717 12718 1
12718 12719 1
12719 12720 1
12720 12721 1
12721 12722 1
12722 12723 1
12723 12724 1
12724 12725 1
12725 12726 1
12726 12727 1
12727 12728 1
12728 12729 1
12729 12730 1
12730 12731 1
12731 12732 1
12732 12733 1
12733 12734 1
12734 12735 1
12735 12736 1
12736 12737 1
12737 12738 1
12738 12739 1
12739 12740 1
12740 12741 1
12741 12742 1
12742 12743 1
12743 12744 1
12744 12745 1
12745 12746 1
12746 12747 1
12747 12748 1
12748 12749 1
12749 12750 1
12750 12751 1
12751 12752 1
12752 12753 1
12753 12754 1
12754 12755 1
12755 12756 1
12756 12757 1
12757 12758 1
12758 12759 1
12759 12760 1
12760 12761 1
12761 12762 1
12762 12763 1
12763 12764 1
12764 12765 1
12765 12766 1
12766 12767 1
12767 12768 1
12768 12769 1
12769 12770 1
12770 12771 1
12771 12772 1
12772 12773 1
12773 12774 1
12774 12775 1
12775 12776 1
12776 12777 1
12777 12778 1
12778 12779 1
12779 12780 1
12780 12781 1
12781 12782 1
12782 12783 1
12783 12784 1
12784 12785 1
12785 12786 1
12786 12787 1
12787 12788 1
12788 12789 1
12789 12790 1
12790 12791 1
12791 12792 1
12792 12793 1
12793 12794 1
12794 12795 1
12795 12796 1
12796 12797 1
12797 12798 1
12798 12799 1
12799 12800 1
12800 12801 1
12801 12802 1
12802 12803 1
12803 12804 1
12804 12805 1
12805 12806 1
12806 12807 1
12807 12808 1
12808 12809 1
12809 12810 1
12810 12811 1
12811 12812 1
12812 12813 1
12813 12814 1
12814 12815 1
12815 12816 1
12816 12817 1
12817 12818 1
12818 12819 1
12819 12820 1
12820 12821 1
12821 12822 1
12822 12823 1
12823 12824 1
12824 12825 1
12825 12826 1
12826 12827 1
12827 12828 1
12828 12829 1
12829 12830 1
12830 12831 1
12831 12832 1
12832 12833 1
12833 12834 1
12834 12835 1
12835 12836 1
12836 12837 1
12837 12838 1
12838 12839 1
12839 12840 1
12840 12841 1
12841 12842 1
12842 12843 1
12843 12844 1
12844 12845 1
12845 12846 1
12846 12847 1
12847 12848 1
12848 12849 1
12849 12850 1
12850 12851 1
12851 12852 1
12852 12853 1
12853 12854 1
12854 12855 1
12855 12856 1
12856 12857 1
12857 12858 1
12858 12859 1
12859 12860 1
12860 12861 1
12861 12862 1
12862 12863 1
12863 12864 1
12864 12865 1
12865 12866 1
12866 12867 1
12867 12868 1
12868 12869 1
12869 12870 1
12870 12871 1
12871 12872 1
12872 12873 1
12873 12874 1
12874 12875 1
12875 12876 1
12876 12877 1
12877 12878 1
12878 12879 1
12879 12880 1
12880 12881 1
12881 12882 1
12882 12883 1
12883 12884 1
12884 12885 1
12885 12886 1
12886 12887 1
12887 12888 1
12888 12889 1
12889 12890 1
12890 12891 1
12891 12892 1
12892 12893 1
12893 12894 1
12894 12895 1
12895 12896 1
12896 12897 1
12897 12898 1
12898 12899 1
12899 12900 1
12900 12901 1
12901 12902 1
12902 12903 1
12903 12904 1
12904 12905 1
12905 12906 1
12906 12907 1
12907 12908 1
12908 12909 1
12909 12910 1
12910 12911 1
12911 12912 1
12912 12913 1
12913 12914 1
12914 12915 1
12915 12916 1
12916 12917 1
12917 12918 1
12918 12919 1
12919 12920 1
12920 12921 1
12921 12922 1
12922 12923 1
12923 12924 1
12924 12925 1
12925 12926 1
12926 12927 1
12927 12928 1
12928 12929 1
12929 12930 1
12930 12931 1
12931 12932 1
12932 12933 1
12933 12934 1
12934 12935 1
12935 12936 1
12936 12937 1
12937 12938 1
12938 12939 1
12939 12940 1
12940 12941 1
12941 12942 1
12942 12943 1
12943 12944 1
12944 12945 1
12945 12946 1
12946 12947 1
12947 12948 1
12948 12949 1
12949 12950 1
12950 12951 1
12951 12952 1
12952 12953 1
12953 12954 1
12954 12955 1
12955 12956 1
12956 12957 1
12957 12958 1
12958 12959 1
12959 12960 1
12960 12961 1
12961 12962 1
12962 12963 1
12963 12964 1
12964 12965 1
12965 12966 1
12966 12967 1
12967 12968 1
12968 12969 1
12969 12970 1
12970 12971 1
12971 12972 1
12972 12973 1
12973 12974 1
12974 12975 1
12975 12976 1
12976 12977 1
12977 12978 1
12978 12979 1
12979 12980 1
12980 12981 1
12981 12982 1
12982 12983 1
12983 12984 1
12984 12985 1
12985 12986 1
12986 12987 1
12987 12988 1
12988 12989 1
12989 12990 1
12990 12991 1
12991 12992 1
12992 12993 1
12993 12994 1
12994 12995 1
12995 12996 1
12996 12997 1
12997 12998 1
12998 12999 1
12999 13000 1
13000 13001 1
13001 13002 1
13002 13003 1
13003 13004 1
13004 13005 1
13005 13006 1
13006 13007 1
13007 13008 1
13008 13009 1
13009 13010 1
13010 13011 1
13011 13012 1
13012 13013 1
13013 13014 1
13014 13015 1
13015 13016 1
13016 13017 1
13017 13018 1
13018 13019 1
13019 13020 1
13020 13021 1
13021 13022 1
13022 13023 1
13023 13024 1
13024 13025 1
13025 13026 1
13026 13027 1
13027 13028 1
13028 13029 1
13029 13030 1
13030 13031 1
13031 13032 1
13032 13033 1
13033 13034 1
13034 13035 1
13035 13036 1
13036 13037 1
13037 13038 1
13038 13039 1
13039 13040 1
13040 13041 1
13041 13042 1
13042 13043 1
13043 13044 1
13044 13045 1
13045 13046 1
13046 13047 1
13047 13048 1
13048 13049 1
13049 13050 1
13050 13051 1
13051 13052 1
13052 13053 1
13053 13054 1
13054 13055 1
13055 13056 1
13056 13057 1
13057 13058 1
13058 13059 1
13059 13060 1
13060 13061 1
13061 13062 1
13062 13063 1
13063 13064 1
13064 13065 1
13065 13066 1
13066 13067 1
13067 13068 1
13068 13069 1
13069 13070 1
13070 13071 1
13071 13072 1
13072 13073 1
13073 13074 1
13074 13075 1
13075 13076 1
13076 13077 1
13077 13078 1
13078 13079 1
13079 13080 1
13080 13081 1
13081 13082 1
13082 13083 1
13083 13084 1
13084 13085 1
13085 13086 1
13086 13087 1
13087 13088 1
13088 13089 1
13089 13090 1
13090 13091 1
13091 13092 1
13092 13093 1
13093 13094 1
13094 13095 1
13095 13096 1
13096 13097 1
13097 13098 1
13098 13099 1
13099 13100 1
13100 13101 1
13101 13102 1
13102 13103 1
13103 13104 1
13104 13105 1
13105 13106 1
13106 13107 1
13107 13108 1
13108 13109 1
13109 13110 1
13110 13111 1
13111 13112 1
13112 13113 1
13113 13114 1
13114 13115 1
13115 13116 1
13116 13117 1
13117 13118 1
13118 13119 1
13119 13120 1
13120 13121 1
13121 13122 1
13122 13123 1
13123 13124 1
13124 13125 1
13125 13126 1
13126 13127 1
13127 13128 1
13128 13129 1
13129 13130 1
13130 13131 1
13131 13132 1
13132 13133 1
13133 13134 1
13134 13135 1
13135 13136 1
13136 13137 1
13137 13138 1
13138 13139 1
13139 13140 1
13140 13141 1
13141 13142 1
13142 13143 1
13143 13144 1
13144 13145 1
13145 13146 1
13146 13147 1
13147 13148 1
13148 13149 1
13149 13150 1
13150 13151 1
13151 13152 1
13152 13153 1
13153 13154 1
13154 13155 1
13155 13156 1
13156 13157 1
13157 13158 1
13158 13159 1
13159 13160 1
13160 13161 1
13161 13162 1
13162 13163 1
13163 13164 1
13164 13165 1
13165 13166 1
13166 13167 1
13167 13168 1
13168 13169 1
13169 13170 1
13170 13171 1
13171 13172 1
13172 13173 1
13173 13174 1
13174 13175 1
13175 13176 1
13176 13177 1
13177 13178 1
13178 13179 1
13179 13180 1
13180 13181 1
13181 13182 1
13182 13183 1
13183 13184 1
13184 13185 1
13185 13186 1
13186 13187 1
13187 13188 1
13188 13189 1
13189 13190 1
13190 13191 1
13191 13192 1
13192 13193 1
13193 13194 1
13194 13195 1
13195 13196 1
13196 13197 1
13197 13198 1
13198 13199 1
13199 13200 1
13200 13201 1
13201 13202 1
13202 13203 1
13203 13204 1
13204 13205 1
13205 13206 1
13206 13207 1
13207 13208 1
13208 13209 1
13209 13210 1
13210 13211 1
13211 13212 1
13212 13213 1
13213 13214 1
13214 13215 1
13215 13216 1
13216 13217 1
13217 13218 1
13218 13219 1
13219 13220 1
13220 13221 1
13221 13222 1
13222 13223 1
13223 13224 1
13224 13225 1
13225 13226 1
13226 13227 1
13227 13228 1
13228 13229 1
13229 13230 1
13230 13231 1
13231 13232 1
13232 13233 1
13233 13234 1
13234 13235 1
13235 13236 1
13236 13237 1
13237 13238 1
13238 13239 1
13239 13240 1
13240 13241 1
13241 13242 1
13242 13243 1
13243 13244 1
13244 13245 1
13245 13246 1
13246 13247 1
13247 13248 1
13248 13249 1
13249 13250 1
13250 13251 1
13251 13252 1
13252 13253 1
13253 13254 1
13254 13255 1
13255 13256 1
13256 13257 1
13257 13258 1
13258 13259 1
13259 13260 1
13260 13261 1
13261 13262 1
13262 13263 1
13263 13264 1
13264 13265 1
13265 13266 1
13266 13267 1
13267 13268 1
13268 13269 1
13269 13270 1
13270 13271 1
13271 13272 1
13272 13273 1
13273 13274 1
13274 13275 1
13275 13276 1
13276 13277 1
13277 13278 1
13278 13279 1
13279 13280 1
13280 13281 1
13281 13282 1
13282 13283 1
13283 13284 1
13284 13285 1
13285 13286 1
13286 13287 1
13287 13288 1
13288 13289 1
13289 13290 1
13290 13291 1
13291 13292 1
13292 13293 1
13293 13294 1
13294 13295 1
13295 13296 1
13296 13297 1
13297 13298 1
13298 13299 1
13299 13300 1
13300 13301 1
13301 13302 1
13302 13303 1
13303 13304 1
13304 13305 1
13305 13306 1
13306 13307 1
13307 13308 1
13308 13309 1
13309 13310 1
13310 13311 1
13311 13312 1
13312 13313 1
13313 13314 1
13314 13315 1
13315 13316 1
13316 13317 1
13317 13318 1
13318 13319 1
13319 13320 1
13320 13321 1
13321 13322 1
13322 13323 1
13323 13324 1
13324 13325 1
13325 13326 1
13326 13327 1
13327 13328 1
13328 13329 1
13329 13330 1
13330 13331 1
13331 13332 1
13332 13333 1
13333 13334 1
13334 13335 1
13335 13336 1
13336 13337 1
13337 13338 1
13338 13339 1
13339 13340 1
13340 13341 1
13341 13342 1
13342 13343 1
13343 13344 1
13344 13345 1
13345 13346 1
13346 13347 1
13347 13348 1
13348 13349 1
13349 13350 1
13350 13351 1
13351 13352 1
13352 13353 1
13353 13354 1
13354 13355 1
13355 13356 1
13356 13357 1
13357 13358 1
13358 13359 1
13359 13360 1
13360 13361 1
13361 13362 1
13362 13363 1
13363 13364 1
13364 13365 1
13365 13366 1
13366 13367 1
13367 13368 1
13368 13369 1
13369 13370 1
13370 13371 1
13371 13372 1
13372 13373 1
13373 13374 1
13374 13375 1
13375 13376 1
13376 13377 1
13377 13378 1
13378 13379 1
13379 13380 1
13380 13381 1
13381 13382 1
13382 13383 1
13383 13384 1
13384 13385 1
13385 13386 1
13386 13387 1
13387 13388 1
13388 13389 1
13389 13390 1
13390 13391 1
13391 13392 1
13392 13393 1
13393 13394 1
13394 13395 1
13395 13396 1
13396 13397 1
13397 13398 1
13398 13399 1
13399 13400 1
13400 13401 1
13401 13402 1
13402 13403 1
13403 13404 1
13404 13405 1
13405 13406 1
13406 13407 1
13407 13408 1
13408 13409 1
13409 13410 1
13410 13411 1
13411 13412 1
13412 13413 1
13413 13414 1
13414 13415 1
13415 13416 1
13416 13417 1
13417 13418 1
13418 13419 1
13419 13420 1
13420 13421 1
13421 13422 1
13422 13423 1
13423 13424 1
13424 13425 1
13425 13426 1
13426 13427 1
13427 13428 1
13428 13429 1
13429 13430 1
13430 13431 1
13431 13432 1
13432 13433 1
13433 13434 1
13434 13435 1
13435 13436 1
13436 13437 1
13437 13438 1
13438 13439 1
13439 13440 1
13440 13441 1
13441 13442 1
13442 13443 1
13443 13444 1
13444 13445 1
13445 13446 1
13446 13447 1
13447 13448 1
13448 13449 1
13449 13450 1
13450 13451 1
13451 13452 1
13452 13453 1
13453 13454 1
13454 13455 1
13455 13456 1
13456 13457 1
13457 13458 1
13458 13459 1
13459 13460 1
13460 13461 1
13461 13462 1
13462 13463 1
13463 13464 1
13464 13465 1
13465 13466 1
13466 13467 1
13467 13468 1
13468 13469 1
13469 13470 1
13470 13471 1
13471 13472 1
13472 13473 1
13473 13474 1
13474 13475 1
13475 13476 1
13476 13477 1
13477 13478 1
13478 13479 1
13479 13480 1
13480 13481 1
13481 13482 1
13482 13483 1
13483 13484 1
13484 13485 1
13485 13486 1
13486 13487 1
13487 13488 1
13488 13489 1
13489 13490 1
13490 13491 1
13491 13492 1
13492 13493 1
13493 13494 1
13494 13495 1
13495 13496 1
13496 13497 1
13497 13498 1
13498 13499 1
13499 13500 1
13500 13501 1
13501 13502 1
13502 13503 1
13503 13504 1
13504 13505 1
13505 13506 1
13506 13507 1
13507 13508 1
13508 13509 1
13509 13510 1
13510 13511 1
13511 13512 1
13512 13513 1
13513 13514 1
13514 13515 1
13515 13516 1
13516 13517 1
13517 13518 1
13518 13519 1
13519 13520 1
13520 13521 1
13521 13522 1
13522 13523 1
13523 13524 1
13524 13525 1
13525 13526 1
13526 13527 1
13527 13528 1
13528 13529 1
13529 13530 1
13530 13531 1
13531 13532 1
13532 13533 1
13533 13534 1
13534 13535 1
13535 13536 1
13536 13537 1
13537 13538 1
13538 13539 1
13539 13540 1
13540 13541 1
13541 13542 1
13542 13543 1
13543 13544 1
13544 13545 1
13545 13546 1
13546 13547 1
13547 13548 1
13548 13549 1
13549 13550 1
13550 13551 1
13551 13552 1
13552 13553 1
13553 13554 1
13554 13555 1
13555 13556 1
13556 13557 1
13557 13558 1
13558 13559 1
13559 13560 1
13560 13561 1
13561 13562 1
13562 13563 1
13563 13564 1
13564 13565 1
13565 13566 1
13566 13567 1
13567 13568 1
13568 13569 1
13569 13570 1
13570 13571 1
13571 13572 1
13572 13573 1
13573 13574 1
13574 13575 1
13575 13576 1
13576 13577 1
13577 13578 1
13578 13579 1
13579 13580 1
13580 13581 1
13581 13582 1
13582 13583 1
13583 13584 1
13584 13585 1
13585 13586 1
13586 13587 1
13587 13588 1
13588 13589 1
13589 13590 1
13590 13591 1
13591 13592 1
13592 13593 1
13593 13594 1
13594 13595 1
13595 13596 1
13596 13597 1
13597 13598 1
13598 13599 1
13599 13600 1
13600 13601 1
13601 13602 1
13602 13603 1
13603 13604 1
13604 13605 1
13605 13606 1
13606 13607 1
13607 13608 1
13608 13609 1
13609 13610 1
13610 13611 1
13611 13612 1
13612 13613 1
13613 13614 1
13614 13615 1
13615 13616 1
13616 13617 1
13617 13618 1
13618 13619 1
13619 13620 1
13620 13621 1
13621 13622 1
13622 13623 1
13623 13624 1
13624 13625 1
13625 13626 1
13626 13627 1
13627 13628 1
13628 13629 1
13629 13630 1
13630 13631 1
13631 13632 1
13632 13633 1
13633 13634 1
13634 13635 1
13635 13636 1
13636 13637 1
13637 13638 1
13638 13639 1
13639 13640 1
13640 13641 1
13641 13642 1
13642 13643 1
13643 13644 1
13644 13645 1
13645 13646 1
13646 13647 1
13647 13648 1
13648 13649 1
13649 13650 1
13650 13651 1
13651 13652 1
13652 13653 1
13653 13654 1
13654 13655 1
13655 13656 1
13656 13657 1
13657 13658 1
13658 13659 1
13659 13660 1
13660 13661 1
13661 13662 1
13662 13663 1
13663 13664 1
13664 13665 1
13665 13666 1
13666 13667 1
13667 13668 1
13668 13669 1
13669 13670 1
13670 13671 1
13671 13672 1
13672 13673 1
13673 13674 1
13674 13675 1
13675 13676 1
13676 13677 1
13677 13678 1
13678 13679 1
13679 13680 1
13680 13681 1
13681 13682 1
13682 13683 1
13683 13684 1
13684 13685 1
13685 13686 1
13686 13687 1
13687 13688 1
13688 13689 1
13689 13690 1
13690 13691 1
13691 13692 1
13692 13693 1
13693 13694 1
13694 13695 1
13695 13696 1
13696 13697 1
13697 13698 1
13698 13699 1
13699 13700 1
13700 13701 1
13701 13702 1
13702 13703 1
13703 13704 1
13704 13705 1
13705 13706 1
13706 13707 1
13707 13708 1
13708 13709 1
13709 13710 1
13710 13711 1
13711 13712 1
13712 13713 1
13713 13714 1
13714 13715 1
13715 13716 1
13716 13717 1
13717 13718 1
13718 13719 1
13719 13720 1
13720 13721 1
13721 13722 1
13722 13723 1
13723 13724 1
13724 13725 1
13725 13726 1
13726 13727 1
13727 13728 1
13728 13729 1
13729 13730 1
13730 13731 1
13731 13732 1
13732 13733 1
13733 13734 1
13734 13735 1
13735 13736 1
13736 13737 1
13737 13738 1
13738 13739 1
13739 13740 1
13740 13741 1
13741 13742 1
13742 13743 1
13743 13744 1
13744 13745 1
13745 13746 1
13746 13747 1
13747 13748 1
13748 13749 1
13749 13750 1
13750 13751 1
13751 13752 1
13752 13753 1
13753 13754 1
13754 13755 1
13755 13756 1
13756 13757 1
13757 13758 1
13758 13759 1
13759 13760 1
13760 13761 1
13761 13762 1
13762 13763 1
13763 13764 1
13764 13765 1
13765 13766 1
13766 13767 1
13767 13768 1
13768 13769 1
13769 13770 1
13770 13771 1
13771 13772 1
13772 13773 1
13773 13774 1
13774 13775 1
13775 13776 1
13776 13777 1
13777 13778 1
13778 13779 1
13779 13780 1
13780 13781 1
13781 13782 1
13782 13783 1
13783 13784 1
13784 13785 1
13785 13786 1
13786 13787 1
13787 13788 1
13788 13789 1
13789 13790 1
13790 13791 1
13791 13792 1
13792 13793 1
13793 13794 1
13794 13795 1
13795 13796 1
13796 13797 1
13797 13798 1
13798 13799 1
13799 13800 1
13800 13801 1
13801 13802 1
13802 13803 1
13803 13804 1
13804 13805 1
13805 13806 1
13806 13807 1
13807 13808 1
13808 13809 1
13809 13810 1
13810 13811 1
13811 13812 1
13812 13813 1
13813 13814 1
13814 13815 1
13815 13816 1
13816 13817 1
13817 13818 1
13818 13819 1
13819 13820 1
13820 13821 1
13821 13822 1
13822 13823 1
13823 13824 1
13824 13825 1
13825 13826 1
13826 13827 1
13827 13828 1
13828 13829 1
13829 13830 1
13830 13831 1
13831 13832 1
13832 13833 1
13833 13834 1
13834 13835 1
13835 13836 1
13836 13837 1
13837 13838 1
13838 13839 1
13839 13840 1
13840 13841 1
13841 13842 1
13842 13843 1
13843 13844 1
13844 13845 1
13845 13846 1
13846 13847 1
13847 13848 1
13848 13849 1
13849 13850 1
13850 13851 1
13851 13852 1
13852 13853 1
13853 13854 1
13854 13855 1
13855 13856 1
13856 13857 1
13857 13858 1
13858 13859 1
13859 13860 1
13860 13861 1
13861 13862 1
13862 13863 1
13863 13864 1
13864 13865 1
13865 13866 1
13866 13867 1
13867 13868 1
13868 13869 1
13869 13870 1
13870 13871 1
13871 13872 1
13872 13873 1
13873 13874 1
13874 13875 1
13875 13876 1
13876 13877 1
13877 13878 1
13878 13879 1
13879 13880 1
13880 13881 1
13881 13882 1
13882 13883 1
13883 13884 1
13884 13885 1
13885 13886 1
13886 13887 1
13887 13888 1
13888 13889 1
13889 13890 1
13890 13891 1
13891 13892 1
13892 13893 1
13893 13894 1
13894 13895 1
13895 13896 1
13896 13897 1
13897 13898 1
13898 13899 1
13899 13900 1
13900 13901 1
13901 13902 1
13902 13903 1
13903 13904 1
13904 13905 1
13905 13906 1
13906 13907 1
13907 13908 1
13908 13909 1
13909 13910 1
13910 13911 1
13911 13912 1
13912 13913 1
13913 13914 1
13914 13915 1
13915 13916 1
13916 13917 1
13917 13918 1
13918 13919 1
13919 13920 1
13920 13921 1
13921 13922 1
13922 13923 1
13923 13924 1
13924 13925 1
13925 13926 1
13926 13927 1
13927 13928 1
13928 13929 1
13929 13930 1
13930 13931 1
13931 13932 1
13932 13933 1
13933 13934 1
13934 13935 1
13935 13936 1
13936 13937 1
13937 13938 1
13938 13939 1
13939 13940 1
13940 13941 1
13941 13942 1
13942 13943 1
13943 13944 1
13944 13945 1
13945 13946 1
13946 13947 1
13947 13948 1
13948 13949 1
13949 13950 1
13950 13951 1
13951 13952 1
13952 13953 1
13953 13954 1
13954 13955 1
13955 13956 1
13956 13957 1
13957 13958 1
13958 13959 1
13959 13960 1
13960 13961 1
13961 13962 1
13962 13963 1
13963 13964 1
13964 13965 1
13965 13966 1
13966 13967 1
13967 13968 1
13968 13969 1
13969 13970 1
13970 13971 1
13971 13972 1
13972 13973 1
13973 13974 1
13974 13975 1
13975 13976 1
13976 13977 1
13977 13978 1
13978 13979 1
13979 13980 1
13980 13981 1
13981 13982 1
13982 13983 1
13983 13984 1
13984 13985 1
13985 13986 1
13986 13987 1
13987 13988 1
13988 13989 1
13989 13990 1
13990 13991 1
13991 13992 1
13992 13993 1
13993 13994 1
13994 13995 1
13995 13996 1
13996 13997 1
13997 13998 1
13998 13999 1
13999 14000 1
14000 14001 1
14001 14002 1
14002 14003 1
14003 14004 1
14004 14005 1
14005 14006 1
14006 14007 1
14007 14008 1
14008 14009 1
14009 14010 1
14010 14011 1
14011 14012 1
14012 14013 1
14013 14014 1
14014 14015 1
14015 14016 1
14016 14017 1
14017 14018 1
14018 14019 1
14019 14020 1
14020 14021 1
14021 14022 1
14022 14023 1
14023 14024 1
14024 14025 1
14025 14026 1
14026 14027 1
14027 14028 1
14028 14029 1
14029 14030 1
14030 14031 1
14031 14032 1
14032 14033 1
14033 14034 1
14034 14035 1
14035 14036 1
14036 14037 1
14037 14038 1
14038 14039 1
14039 14040 1
14040 14041 1
14041 14042 1
14042 14043 1
14043 14044 1
14044 14045 1
14045 14046 1
14046 14047 1
14047 14048 1
14048 14049 1
14049 14050 1
14050 14051 1
14051 14052 1
14052 14053 1
14053 14054 1
14054 14055 1
14055 14056 1
14056 14057 1
14057 14058 1
14058 14059 1
14059 14060 1
14060 14061 1
14061 14062 1
14062 14063 1
14063 14064 1
14064 14065 1
14065 14066 1
14066 14067 1
14067 14068 1
14068 14069 1
14069 14070 1
14070 14071 1
14071 14072 1
14072 14073 1
14073 14074 1
14074 14075 1
14075 14076 1
14076 14077 1
14077 14078 1
14078 14079 1
14079 14080 1
14080 14081 1
14081 14082 1
14082 14083 1
14083 14084 1
14084 14085 1
14085 14086 1
14086 14087 1
14087 14088 1
14088 14089 1
14089 14090 1
14090 14091 1
14091 14092 1
14092 14093 1
14093 14094 1
14094 14095 1
14095 14096 1
14096 14097 1
14097 14098 1
14098 14099 1
14099 14100 1
14100 14101 1
14101 14102 1
14102 14103 1
14103 14104 1
14104 14105 1
14105 14106 1
14106 14107 1
14107 14108 1
14108 14109 1
14109 14110 1
14110 14111 1
14111 14112 1
14112 14113 1
14113 14114 1
14114 14115 1
14115 14116 1
14116 14117 1
14117 14118 1
14118 14119 1
14119 14120 1
14120 14121 1
14121 14122 1
14122 14123 1
14123 14124 1
14124 14125 1
14125 14126 1
14126 14127 1
14127 14128 1
14128 14129 1
14129 14130 1
14130 14131 1
14131 14132 1
14132 14133 1
14133 14134 1
14134 14135 1
14135 14136 1
14136 14137 1
14137 14138 1
14138 14139 1
14139 14140 1
14140 14141 1
14141 14142 1
14142 14143 1
14143 14144 1
14144 14145 1
14145 14146 1
14146 14147 1
14147 14148 1
14148 14149 1
14149 14150 1
14150 14151 1
14151 14152 1
14152 14153 1
14153 14154 1
14154 14155 1
14155 14156 1
14156 14157 1
14157 14158 1
14158 14159 1
14159 14160 1
14160 14161 1
14161 14162 1
14162 14163 1
14163 14164 1
14164 14165 1
14165 14166 1
14166 14167 1
14167 14168 1
14168 14169 1
14169 14170 1
14170 14171 1
14171 14172 1
14172 14173 1
14173 14174 1
14174 14175 1
14175 14176 1
14176 14177 1
14177 14178 1
14178 14179 1
14179 14180 1
14180 14181 1
14181 14182 1
14182 14183 1
14183 14184 1
14184 14185 1
14185 14186 1
14186 14187 1
14187 14188 1
14188 14189 1
14189 14190 1
14190 14191 1
14191 14192 1
14192 14193 1
14193 14194 1
14194 14195 1
14195 14196 1
14196 14197 1
14197 14198 1
14198 14199 1
14199 14200 1
14200 14201 1
14201 14202 1
14202 14203 1
14203 14204 1
14204 14205 1
14205 14206 1
14206 14207 1
14207 14208 1
14208 14209 1
14209 14210 1
14210 14211 1
14211 14212 1
14212 14213 1
14213 14214 1
14214 14215 1
14215 14216 1
14216 14217 1
14217 14218 1
14218 14219 1
14219 14220 1
14220 14221 1
14221 14222 1
14222 14223 1
14223 14224 1
14224 14225 1
14225 14226 1
14226 14227 1
14227 14228 1
14228 14229 1
14229 14230 1
14230 14231 1
14231 14232 1
14232 14233 1
14233 14234 1
14234 14235 1
14235 14236 1
14236 14237 1
14237 14238 1
14238 14239 1
14239 14240 1
14240 14241 1
14241 14242 1
14242 14243 1
14243 14244 1
14244 14245 1
14245 14246 1
14246 14247 1
14247 14248 1
14248 14249 1
14249 14250 1
14250 14251 1
14251 14252 1
14252 14253 1
14253 14254 1
14254 14255 1
14255 14256 1
14256 14257 1
14257 14258 1
14258 14259 1
14259 14260 1
14260 14261 1
14261 14262 1
14262 14263 1
14263 14264 1
14264 14265 1
14265 14266 1
14266 14267 1
14267 14268 1
14268 14269 1
14269 14270 1
14270 14271 1
14271 14272 1
14272 14273 1
14273 14274 1
14274 14275 1
14275 14276 1
14276 14277 1
14277 14278 1
14278 14279 1
14279 14280 1
14280 14281 1
14281 14282 1
14282 14283 1
14283 14284 1
14284 14285 1
14285 14286 1
14286 14287 1
14287 14288 1
14288 14289 1
14289 14290 1
14290 14291 1
14291 14292 1
14292 14293 1
14293 14294 1
14294 14295 1
14295 14296 1
14296 14297 1
14297 14298 1
14298 14299 1
14299 14300 1
14300 14301 1
14301 14302 1
14302 14303 1
14303 14304 1
14304 14305 1
14305 14306 1
14306 14307 1
14307 14308 1
14308 14309 1
14309 14310 1
14310 14311 1
14311 14312 1
14312 14313 1
14313 14314 1
14314 14315 1
14315 14316 1
14316 14317 1
14317 14318 1
14318 14319 1
14319 14320 1
14320 14321 1
14321 14322 1
14322 14323 1
14323 14324 1
14324 14325 1
14325 14326 1
14326 14327 1
14327 14328 1
14328 14329 1
14329 14330 1
14330 14331 1
14331 14332 1
14332 14333 1
14333 14334 1
14334 14335 1
14335 14336 1
14336 14337 1
14337 14338 1
14338 14339 1
14339 14340 1
14340 14341 1
14341 14342 1
14342 14343 1
14343 14344 1
14344 14345 1
14345 14346 1
14346 14347 1
14347 14348 1
14348 14349 1
14349 14350 1
14350 14351 1
14351 14352 1
14352 14353 1
14353 14354 1
14354 14355 1
14355 14356 1
14356 14357 1
14357 14358 1
14358 14359 1
14359 14360 1
14360 14361 1
14361 14362 1
14362 14363 1
14363 14364 1
14364 14365 1
14365 14366 1
14366 14367 1
14367 14368 1
14368 14369 1
14369 14370 1
14370 14371 1
14371 14372 1
14372 14373 1
14373 14374 1
14374 14375 1
14375 14376 1
14376 14377 1
14377 14378 1
14378 14379 1
14379 14380 1
14380 14381 1
14381 14382 1
14382 14383 1
14383 14384 1
14384 14385 1
14385 14386 1
14386 14387 1
14387 14388 1
14388 14389 1
14389 14390 1
14390 14391 1
14391 14392 1
14392 14393 1
14393 14394 1
14394 14395 1
14395 14396 1
14396 14397 1
14397 14398 1
14398 14399 1
14399 14400 1
14400 14401 1
14401 14402 1
14402 14403 1
14403 14404 1
14404 14405 1
14405 14406 1
14406 14407 1
14407 14408 1
14408 14409 1
14409 14410 1
14410 14411 1
14411 14412 1
14412 14413 1
14413 14414 1
14414 14415 1
14415 14416 1
14416 14417 1
14417 14418 1
14418 14419 1
14419 14420 1
14420 14421 1
14421 14422 1
14422 14423 1
14423 14424 1
14424 14425 1
14425 14426 1
14426 14427 1
14427 14428 1
14428 14429 1
14429 14430 1
14430 14431 1
14431 14432 1
14432 14433 1
14433 14434 1
14434 14435 1
14435 14436 1
14436 14437 1
14437 14438 1
14438 14439 1
14439 14440 1
14440 14441 1
14441 14442 1
14442 14443 1
14443 14444 1
14444 14445 1
14445 14446 1
14446 14447 1
14447 14448 1
14448 14449 1
14449 14450 1
14450 14451 1
14451 14452 1
14452 14453 1
14453 14454 1
14454 14455 1
14455 14456 1
14456 14457 1
14457 14458 1
14458 14459 1
14459 14460 1
14460 14461 1
14461 14462 1
14462 14463 1
14463 14464 1
14464 14465 1
14465 14466 1
14466 14467 1
14467 14468 1
14468 14469 1
14469 14470 1
14470 14471 1
14471 14472 1
14472 14473 1
14473 14474 1
14474 14475 1
14475 14476 1
14476 14477 1
14477 14478 1
14478 14479 1
14479 14480 1
14480 14481 1
14481 14482 1
14482 14483 1
14483 14484 1
14484 14485 1
14485 14486 1
14486 14487 1
14487 14488 1
14488 14489 1
14489 14490 1
14490 14491 1
14491 14492 1
14492 14493 1
14493 14494 1
14494 14495 1
14495 14496 1
14496 14497 1
14497 14498 1
14498 14499 1
14499 14500 1
14500 14501 1
14501 14502 1
14502 14503 1
14503 14504 1
14504 14505 1
14505 14506 1
14506 14507 1
14507 14508 1
14508 14509 1
14509 14510 1
14510 14511 1
14511 14512 1
14512 14513 1
14513 14514 1
14514 14515 1
14515 14516 1
14516 14517 1
14517 14518 1
14518 14519 1
14519 14520 1
14520 14521 1
14521 14522 1
14522 14523 1
14523 14524 1
14524 14525 1
14525 14526 1
14526 14527 1
14527 14528 1
14528 14529 1
14529 14530 1
14530 14531 1
14531 14532 1
14532 14533 1
14533 14534 1
14534 14535 1
14535 14536 1
14536 14537 1
14537 14538 1
14538 14539 1
14539 14540 1
14540 14541 1
14541 14542 1
14542 14543 1
14543 14544 1
14544 14545 1
14545 14546 1
14546 14547 1
14547 14548 1
14548 14549 1
14549 14550 1
14550 14551 1
14551 14552 1
14552 14553 1
14553 14554 1
14554 14555 1
14555 14556 1
14556 14557 1
14557 14558 1
14558 14559 1
14559 14560 1
14560 14561 1
14561 14562 1
14562 14563 1
14563 14564 1
14564 14565 1
14565 14566 1
14566 14567 1
14567 14568 1
14568 14569 1
14569 14570 1
14570 14571 1
14571 14572 1
14572 14573 1
14573 14574 1
14574 14575 1
14575 14576 1
14576 14577 1
14577 14578 1
14578 14579 1
14579 14580 1
14580 14581 1
14581 14582 1
14582 14583 1
14583 14584 1
14584 14585 1
14585 14586 1
14586 14587 1
14587 14588 1
14588 14589 1
14589 14590 1
14590 14591 1
14591 14592 1
14592 14593 1
14593 14594 1
14594 14595 1
14595 14596 1
14596 14597 1
14597 14598 1
14598 14599 1
14599 14600 1
14600 14601 1
14601 14602 1
14602 14603 1
14603 14604 1
14604 14605 1
14605 14606 1
14606 14607 1
14607 14608 1
14608 14609 1
14609 14610 1
14610 14611 1
14611 14612 1
14612 14613 1
14613 14614 1
14614 14615 1
14615 14616 1
14616 14617 1
14617 14618 1
14618 14619 1
14619 14620 1
14620 14621 1
14621 14622 1
14622 14623 1
14623 14624 1
14624 14625 1
14625 14626 1
14626 14627 1
14627 14628 1
14628 14629 1
14629 14630 1
14630 14631 1
14631 14632 1
14632 14633 1
14633 14634 1
14634 14635 1
14635 14636 1
14636 14637 1
14637 14638 1
14638 14639 1
14639 14640 1
14640 14641 1
14641 14642 1
14642 14643 1
14643 14644 1
14644 14645 1
14645 14646 1
14646 14647 1
14647 14648 1
14648 14649 1
14649 14650 1
14650 14651 1
14651 14652 1
14652 14653 1
14653 14654 1
14654 14655 1
14655 14656 1
14656 14657 1
14657 14658 1
14658 14659 1
14659 14660 1
14660 14661 1
14661 14662 1
14662 14663 1
14663 14664 1
14664 14665 1
14665 14666 1
14666 14667 1
14667 14668 1
14668 14669 1
14669 14670 1
14670 14671 1
14671 14672 1
14672 14673 1
14673 14674 1
14674 14675 1
14675 14676 1
14676 14677 1
14677 14678 1
14678 14679 1
14679 14680 1
14680 14681 1
14681 14682 1
14682 14683 1
14683 14684 1
14684 14685 1
14685 14686 1
14686 14687 1
14687 14688 1
14688 14689 1
14689 14690 1
14690 14691 1
14691 14692 1
14692 14693 1
14693 14694 1
14694 14695 1
14695 14696 1
14696 14697 1
14697 14698 1
14698 14699 1
14699 14700 1
14700 14701 1
14701 14702 1
14702 14703 1
14703 14704 1
14704 14705 1
14705 14706 1
14706 14707 1
14707 14708 1
14708 14709 1
14709 14710 1
14710 14711 1
14711 14712 1
14712 14713 1
14713 14714 1
14714 14715 1
14715 14716 1
14716 14717 1
14717 14718 1
14718 14719 1
14719 14720 1
14720 14721 1
14721 14722 1
14722 14723 1
14723 14724 1
14724 14725 1
14725 14726 1
14726 14727 1
14727 14728 1
14728 14729 1
14729 14730 1
14730 14731 1
14731 14732 1
14732 14733 1
14733 14734 1
14734 14735 1
14735 14736 1
14736 14737 1
14737 14738 1
14738 14739 1
14739 14740 1
14740 14741 1
14741 14742 1
14742 14743 1
14743 14744 1
14744 14745 1
14745 14746 1
14746 14747 1
14747 14748 1
14748 14749 1
14749 14750 1
14750 14751 1
14751 14752 1
14752 14753 1
14753 14754 1
14754 14755 1
14755 14756 1
14756 14757 1
14757 14758 1
14758 14759 1
14759 14760 1
14760 14761 1
14761 14762 1
14762 14763 1
14763 14764 1
14764 14765 1
14765 14766 1
14766 14767 1
14767 14768 1
14768 14769 1
14769 14770 1
14770 14771 1
14771 14772 1
14772 14773 1
14773 14774 1
14774 14775 1
14775 14776 1
14776 14777 1
14777 14778 1
14778 14779 1
14779 14780 1
14780 14781 1
14781 14782 1
14782 14783 1
14783 14784 1
14784 14785 1
14785 14786 1
14786 14787 1
14787 14788 1
14788 14789 1
14789 14790 1
14790 14791 1
14791 14792 1
14792 14793 1
14793 14794 1
14794 14795 1
14795 14796 1
14796 14797 1
14797 14798 1
14798 14799 1
14799 14800 1
14800 14801 1
14801 14802 1
14802 14803 1
14803 14804 1
14804 14805 1
14805 14806 1
14806 14807 1
14807 14808 1
14808 14809 1
14809 14810 1
14810 14811 1
14811 14812 1
14812 14813 1
14813 14814 1
14814 14815 1
14815 14816 1
14816 14817 1
14817 14818 1
14818 14819 1
14819 14820 1
14820 14821 1
14821 14822 1
14822 14823 1
14823 14824 1
14824 14825 1
14825 14826 1
14826 14827 1
14827 14828 1
14828 14829 1
14829 14830 1
14830 14831 1
14831 14832 1
14832 14833 1
14833 14834 1
14834 14835 1
14835 14836 1
14836 14837 1
14837 14838 1
14838 14839 1
14839 14840 1
14840 14841 1
14841 14842 1
14842 14843 1
14843 14844 1
14844 14845 1
14845 14846 1
14846 14847 1
14847 14848 1
14848 14849 1
14849 14850 1
14850 14851 1
14851 14852 1
14852 14853 1
14853 14854 1
14854 14855 1
14855 14856 1
14856 14857 1
14857 14858 1
14858 14859 1
14859 14860 1
14860 14861 1
14861 14862 1
14862 14863 1
14863 14864 1
14864 14865 1
14865 14866 1
14866 14867 1
14867 14868 1
14868 14869 1
14869 14870 1
14870 14871 1
14871 14872 1
14872 14873 1
14873 14874 1
14874 14875 1
14875 14876 1
14876 14877 1
14877 14878 1
14878 14879 1
14879 14880 1
14880 14881 1
14881 14882 1
14882 14883 1
14883 14884 1
14884 14885 1
14885 14886 1
14886 14887 1
14887 14888 1
14888 14889 1
14889 14890 1
14890 14891 1
14891 14892 1
14892 14893 1
14893 14894 1
14894 14895 1
14895 14896 1
14896 14897 1
14897 14898 1
14898 14899 1
14899 14900 1
14900 14901 1
14901 14902 1
14902 14903 1
14903 14904 1
14904 14905 1
14905 14906 1
14906 14907 1
14907 14908 1
14908 14909 1
14909 14910 1
14910 14911 1
14911 14912 1
14912 14913 1
14913 14914 1
14914 14915 1
14915 14916 1
14916 14917 1
14917 14918 1
14918 14919 1
14919 14920 1
14920 14921 1
14921 14922 1
14922 14923 1
14923 14924 1
14924 14925 1
14925 14926 1
14926 14927 1
14927 14928 1
14928 14929 1
14929 14930 1
14930 14931 1
14931 14932 1
14932 14933 1
14933 14934 1
14934 14935 1
14935 14936 1
14936 14937 1
14937 14938 1
14938 14939 1
14939 14940 1
14940 14941 1
14941 14942 1
14942 14943 1
14943 14944 1
14944 14945 1
14945 14946 1
14946 14947 1
14947 14948 1
14948 14949 1
14949 14950 1
14950 14951 1
14951 14952 1
14952 14953 1
14953 14954 1
14954 14955 1
14955 14956 1
14956 14957 1
14957 14958 1
14958 14959 1
14959 14960 1
14960 14961 1
14961 14962 1
14962 14963 1
14963 14964 1
14964 14965 1
14965 14966 1
14966 14967 1
14967 14968 1
14968 14969 1
14969 14970 1
14970 14971 1
14971 14972 1
14972 14973 1
14973 14974 1
14974 14975 1
14975 14976 1
14976 14977 1
14977 14978 1
14978 14979 1
14979 14980 1
14980 14981 1
14981 14982 1
14982 14983 1
14983 14984 1
14984 14985 1
14985 14986 1
14986 14987 1
14987 14988 1
14988 14989 1
14989 14990 1
14990 14991 1
14991 14992 1
14992 14993 1
14993 14994 1
14994 14995 1
14995 14996 1
14996 14997 1
14997 14998 1
14998 14999 1
14999 15000 1
15000 15001 1
15001 15002 1
15002 15003 1
15003 15004 1
15004 15005 1
15005 15006 1
15006 15007 1
15007 15008 1
15008 15009 1
15009 15010 1
15010 15011 1
15011 15012 1
15012 15013 1
15013 15014 1
15014 15015 1
15015 15016 1
15016 15017 1
15017 15018 1
15018 15019 1
15019 15020 1
15020 15021 1
15021 15022 1
15022 15023 1
15023 15024 1
15024 15025 1
15025 15026 1
15026 15027 1
15027 15028 1
15028 15029 1
15029 15030 1
15030 15031 1
15031 15032 1
15032 15033 1
15033 15034 1
15034 15035 1
15035 15036 1
15036 15037 1
15037 15038 1
15038 15039 1
15039 15040 1
15040 15041 1
15041 15042 1
15042 15043 1
15043 15044 1
15044 15045 1
15045 15046 1
15046 15047 1
15047 15048 1
15048 15049 1
15049 15050 1
15050 15051 1
15051 15052 1
15052 15053 1
15053 15054 1
15054 15055 1
15055 15056 1
15056 15057 1
15057 15058 1
15058 15059 1
15059 15060 1
15060 15061 1
15061 15062 1
15062 15063 1
15063 15064 1
15064 15065 1
15065 15066 1
15066 15067 1
15067 15068 1
15068 15069 1
15069 15070 1
15070 15071 1
15071 15072 1
15072 15073 1
15073 15074 1
15074 15075 1
15075 15076 1
15076 15077 1
15077 15078 1
15078 15079 1
15079 15080 1
15080 15081 1
15081 15082 1
15082 15083 1
15083 15084 1
15084 15085 1
15085 15086 1
15086 15087 1
15087 15088 1
15088 15089 1
15089 15090 1
15090 15091 1
15091 15092 1
15092 15093 1
15093 15094 1
15094 15095 1
15095 15096 1
15096 15097 1
15097 15098 1
15098 15099 1
15099 15100 1
15100 15101 1
15101 15102 1
15102 15103 1
15103 15104 1
15104 15105 1
15105 15106 1
15106 15107 1
15107 15108 1
15108 15109 1
15109 15110 1
15110 15111 1
15111 15112 1
15112 15113 1
15113 15114 1
15114 15115 1
15115 15116 1
15116 15117 1
15117 15118 1
15118 15119 1
15119 15120 1
15120 15121 1
15121 15122 1
15122 15123 1
15123 15124 1
15124 15125 1
15125 15126 1
15126 15127 1
15127 15128 1
15128 15129 1
15129 15130 1
15130 15131 1
15131 15132 1
15132 15133 1
15133 15134 1
15134 15135 1
15135 15136 1
15136 15137 1
15137 15138 1
15138 15139 1
15139 15140 1
15140 15141 1
15141 15142 1
15142 15143 1
15143 15144 1
15144 15145 1
15145 15146 1
15146 15147 1
15147 15148 1
15148 15149 1
15149 15150 1
15150 15151 1
15151 15152 1
15152 15153 1
15153 15154 1
15154 15155 1
15155 15156 1
15156 15157 1
15157 15158 1
15158 15159 1
15159 15160 1
15160 15161 1
15161 15162 1
15162 15163 1
15163 15164 1
15164 15165 1
15165 15166 1
15166 15167 1
15167 15168 1
15168 15169 1
15169 15170 1
15170 15171 1
15171 15172 1
15172 15173 1
15173 15174 1
15174 15175 1
15175 15176 1
15176 15177 1
15177 15178 1
15178 15179 1
15179 15180 1
15180 15181 1
15181 15182 1
15182 15183 1
15183 15184 1
15184 15185 1
15185 15186 1
15186 15187 1
15187 15188 1
15188 15189 1
15189 15190 1
15190 15191 1
15191 15192 1
15192 15193 1
15193 15194 1
15194 15195 1
15195 15196 1
15196 15197 1
15197 15198 1
15198 15199 1
15199 15200 1
15200 15201 1
15201 15202 1
15202 15203 1
15203 15204 1
15204 15205 1
15205 15206 1
15206 15207 1
15207 15208 1
15208 15209 1
15209 15210 1
15210 15211 1
15211 15212 1
15212 15213 1
15213 15214 1
15214 15215 1
15215 15216 1
15216 15217 1
15217 15218 1
15218 15219 1
15219 15220 1
15220 15221 1
15221 15222 1
15222 15223 1
15223 15224 1
15224 15225 1
15225 15226 1
15226 15227 1
15227 15228 1
15228 15229 1
15229 15230 1
15230 15231 1
15231 15232 1
15232 15233 1
15233 15234 1
15234 15235 1
15235 15236 1
15236 15237 1
15237 15238 1
15238 15239 1
15239 15240 1
15240 15241 1
15241 15242 1
15242 15243 1
15243 15244 1
15244 15245 1
15245 15246 1
15246 15247 1
15247 15248 1
15248 15249 1
15249 15250 1
15250 15251 1
15251 15252 1
15252 15253 1
15253 15254 1
15254 15255 1
15255 15256 1
15256 15257 1
15257 15258 1
15258 15259 1
15259 15260 1
15260 15261 1
15261 15262 1
15262 15263 1
15263 15264 1
15264 15265 1
15265 15266 1
15266 15267 1
15267 15268 1
15268 15269 1
15269 15270 1
15270 15271 1
15271 15272 1
15272 15273 1
15273 15274 1
15274 15275 1
15275 15276 1
15276 15277 1
15277 15278 1
15278 15279 1
15279 15280 1
15280 15281 1
15281 15282 1
15282 15283 1
15283 15284 1
15284 15285 1
15285 15286 1
15286 15287 1
15287 15288 1
15288 15289 1
15289 15290 1
15290 15291 1
15291 15292 1
15292 15293 1
15293 15294 1
15294 15295 1
15295 15296 1
15296 15297 1
15297 15298 1
15298 15299 1
15299 15300 1
15300 15301 1
15301 15302 1
15302 15303 1
15303 15304 1
15304 15305 1
15305 15306 1
15306 15307 1
15307 15308 1
15308 15309 1
15309 15310 1
15310 15311 1
15311 15312 1
15312 15313 1
15313 15314 1
15314 15315 1
15315 15316 1
15316 15317 1
15317 15318 1
15318 15319 1
15319 15320 1
15320 15321 1
15321 15322 1
15322 15323 1
15323 15324 1
15324 15325 1
15325 15326 1
15326 15327 1
15327 15328 1
15328 15329 1
15329 15330 1
15330 15331 1
15331 15332 1
15332 15333 1
15333 15334 1
15334 15335 1
15335 15336 1
15336 15337 1
15337 15338 1
15338 15339 1
15339 15340 1
15340 15341 1
15341 15342 1
15342 15343 1
15343 15344 1
15344 15345 1
15345 15346 1
15346 15347 1
15347 15348 1
15348 15349 1
15349 15350 1
15350 15351 1
15351 15352 1
15352 15353 1
15353 15354 1
15354 15355 1
15355 15356 1
15356 15357 1
15357 15358 1
15358 15359 1
15359 15360 1
15360 15361 1
15361 15362 1
15362 15363 1
15363 15364 1
15364 15365 1
15365 15366 1
15366 15367 1
15367 15368 1
15368 15369 1
15369 15370 1
15370 15371 1
15371 15372 1
15372 15373 1
15373 15374 1
15374 15375 1
15375 15376 1
15376 15377 1
15377 15378 1
15378 15379 1
15379 15380 1
15380 15381 1
15381 15382 1
15382 15383 1
15383 15384 1
15384 15385 1
15385 15386 1
15386 15387 1
15387 15388 1
15388 15389 1
15389 15390 1
15390 15391 1
15391 15392 1
15392 15393 1
15393 15394 1
15394 15395 1
15395 15396 1
15396 15397 1
15397 15398 1
15398 15399 1
15399 15400 1
15400 15401 1
15401 15402 1
15402 15403 1
15403 15404 1
15404 15405 1
15405 15406 1
15406 15407 1
15407 15408 1
15408 15409 1
15409 15410 1
15410 15411 1
15411 15412 1
15412 15413 1
15413 15414 1
15414 15415 1
15415 15416 1
15416 15417 1
15417 15418 1
15418 15419 1
15419 15420 1
15420 15421 1
15421 15422 1
15422 15423 1
15423 15424 1
15424 15425 1
15425 15426 1
15426 15427 1
15427 15428 1
15428 15429 1
15429 15430 1
15430 15431 1
15431 15432 1
15432 15433 1
15433 15434 1
15434 15435 1
15435 15436 1
15436 15437 1
15437 15438 1
15438 15439 1
15439 15440 1
15440 15441 1
15441 15442 1
15442 15443 1
15443 15444 1
15444 15445 1
15445 15446 1
15446 15447 1
15447 15448 1
15448 15449 1
15449 15450 1
15450 15451 1
15451 15452 1
15452 15453 1
15453 15454 1
15454 15455 1
15455 15456 1
15456 15457 1
15457 15458 1
15458 15459 1
15459 15460 1
15460 15461 1
15461 15462 1
15462 15463 1
15463 15464 1
15464 15465 1
15465 15466 1
15466 15467 1
15467 15468 1
15468 15469 1
15469 15470 1
15470 15471 1
15471 15472 1
15472 15473 1
15473 15474 1
15474 15475 1
15475 15476 1
15476 15477 1
15477 15478 1
15478 15479 1
15479 15480 1
15480 15481 1
15481 15482 1
15482 15483 1
15483 15484 1
15484 15485 1
15485 15486 1
15486 15487 1
15487 15488 1
15488 15489 1
15489 15490 1
15490 15491 1
15491 15492 1
15492 15493 1
15493 15494 1
15494 15495 1
15495 15496 1
15496 15497 1
15497 15498 1
15498 15499 1
15499 15500 1
15500 15501 1
15501 15502 1
15502 15503 1
15503 15504 1
15504 15505 1
15505 15506 1
15506 15507 1
15507 15508 1
15508 15509 1
15509 15510 1
15510 15511 1
15511 15512 1
15512 15513 1
15513 15514 1
15514 15515 1
15515 15516 1
15516 15517 1
15517 15518 1
15518 15519 1
15519 15520 1
15520 15521 1
15521 15522 1
15522 15523 1
15523 15524 1
15524 15525 1
15525 15526 1
15526 15527 1
15527 15528 1
15528 15529 1
15529 15530 1
15530 15531 1
15531 15532 1
15532 15533 1
15533 15534 1
15534 15535 1
15535 15536 1
15536 15537 1
15537 15538 1
15538 15539 1
15539 15540 1
15540 15541 1
15541 15542 1
15542 15543 1
15543 15544 1
15544 15545 1
15545 15546 1
15546 15547 1
15547 15548 1
15548 15549 1
15549 15550 1
15550 15551 1
15551 15552 1
15552 15553 1
15553 15554 1
15554 15555 1
15555 15556 1
15556 15557 1
15557 15558 1
15558 15559 1
15559 15560 1
15560 15561 1
15561 15562 1
15562 15563 1
15563 15564 1
15564 15565 1
15565 15566 1
15566 15567 1
15567 15568 1
15568 15569 1
15569 15570 1
15570 15571 1
15571 15572 1
15572 15573 1
15573 15574 1
15574 15575 1
15575 15576 1
15576 15577 1
15577 15578 1
15578 15579 1
15579 15580 1
15580 15581 1
15581 15582 1
15582 15583 1
15583 15584 1
15584 15585 1
15585 15586 1
15586 15587 1
15587 15588 1
15588 15589 1
15589 15590 1
15590 15591 1
15591 15592 1
15592 15593 1
15593 15594 1
15594 15595 1
15595 15596 1
15596 15597 1
15597 15598 1
15598 15599 1
15599 15600 1
15600 15601 1
15601 15602 1
15602 15603 1
15603 15604 1
15604 15605 1
15605 15606 1
15606 15607 1
15607 15608 1
15608 15609 1
15609 15610 1
15610 15611 1
15611 15612 1
15612 15613 1
15613 15614 1
15614 15615 1
15615 15616 1
15616 15617 1
15617 15618 1
15618 15619 1
15619 15620 1
15620 15621 1
15621 15622 1
15622 15623 1
15623 15624 1
15624 15625 1
15625 15626 1
15626 15627 1
15627 15628 1
15628 15629 1
15629 15630 1
15630 15631 1
15631 15632 1
15632 15633 1
15633 15634 1
15634 15635 1
15635 15636 1
15636 15637 1
15637 15638 1
15638 15639 1
15639 15640 1
15640 15641 1
15641 15642 1
15642 15643 1
15643 15644 1
15644 15645 1
15645 15646 1
15646 15647 1
15647 15648 1
15648 15649 1
15649 15650 1
15650 15651 1
15651 15652 1
15652 15653 1
15653 15654 1
15654 15655 1
15655 15656 1
15656 15657 1
15657 15658 1
15658 15659 1
15659 15660 1
15660 15661 1
15661 15662 1
15662 15663 1
15663 15664 1
15664 15665 1
15665 15666 1
15666 15667 1
15667 15668 1
15668 15669 1
15669 15670 1
15670 15671 1
15671 15672 1
15672 15673 1
15673 15674 1
15674 15675 1
15675 15676 1
15676 15677 1
15677 15678 1
15678 15679 1
15679 15680 1
15680 15681 1
15681 15682 1
15682 15683 1
15683 15684 1
15684 15685 1
15685 15686 1
15686 15687 1
15687 15688 1
15688 15689 1
15689 15690 1
15690 15691 1
15691 15692 1
15692 15693 1
15693 15694 1
15694 15695 1
15695 15696 1
15696 15697 1
15697 15698 1
15698 15699 1
15699 15700 1
15700 15701 1
15701 15702 1
15702 15703 1
15703 15704 1
15704 15705 1
15705 15706 1
15706 15707 1
15707 15708 1
15708 15709 1
15709 15710 1
15710 15711 1
15711 15712 1
15712 15713 1
15713 15714 1
15714 15715 1
15715 15716 1
15716 15717 1
15717 15718 1
15718 15719 1
15719 15720 1
15720 15721 1
15721 15722 1
15722 15723 1
15723 15724 1
15724 15725 1
15725 15726 1
15726 15727 1
15727 15728 1
15728 15729 1
15729 15730 1
15730 15731 1
15731 15732 1
15732 15733 1
15733 15734 1
15734 15735 1
15735 15736 1
15736 15737 1
15737 15738 1
15738 15739 1
15739 15740 1
15740 15741 1
15741 15742 1
15742 15743 1
15743 15744 1
15744 15745 1
15745 15746 1
15746 15747 1
15747 15748 1
15748 15749 1
15749 15750 1
15750 15751 1
15751 15752 1
15752 15753 1
15753 15754 1
15754 15755 1
15755 15756 1
15756 15757 1
15757 15758 1
15758 15759 1
15759 15760 1
15760 15761 1
15761 15762 1
15762 15763 1
15763 15764 1
15764 15765 1
15765 15766 1
15766 15767 1
15767 15768 1
15768 15769 1
15769 15770 1
15770 15771 1
15771 15772 1
15772 15773 1
15773 15774 1
15774 15775 1
15775 15776 1
15776 15777 1
15777 15778 1
15778 15779 1
15779 15780 1
15780 15781 1
15781 15782 1
15782 15783 1
15783 15784 1
15784 15785 1
15785 15786 1
15786 15787 1
15787 15788 1
15788 15789 1
15789 15790 1
15790 15791 1
15791 15792 1
15792 15793 1
15793 15794 1
15794 15795 1
15795 15796 1
15796 15797 1
15797 15798 1
15798 15799 1
15799 15800 1
15800 15801 1
15801 15802 1
15802 15803 1
15803 15804 1
15804 15805 1
15805 15806 1
15806 15807 1
15807 15808 1
15808 15809 1
15809 15810 1
15810 15811 1
15811 15812 1
15812 15813 1
15813 15814 1
15814 15815 1
15815 15816 1
15816 15817 1
15817 15818 1
15818 15819 1
15819 15820 1
15820 15821 1
15821 15822 1
15822 15823 1
15823 15824 1
15824 15825 1
15825 15826 1
15826 15827 1
15827 15828 1
15828 15829 1
15829 15830 1
15830 15831 1
15831 15832 1
15832 15833 1
15833 15834 1
15834 15835 1
15835 15836 1
15836 15837 1
15837 15838 1
15838 15839 1
15839 15840 1
15840 15841 1
15841 15842 1
15842 15843 1
15843 15844 1
15844 15845 1
15845 15846 1
15846 15847 1
15847 15848 1
15848 15849 1
15849 15850 1
15850 15851 1
15851 15852 1
15852 15853 1
15853 15854 1
15854 15855 1
15855 15856 1
15856 15857 1
15857 15858 1
15858 15859 1
15859 15860 1
15860 15861 1
15861 15862 1
15862 15863 1
15863 15864 1
15864 15865 1
15865 15866 1
15866 15867 1
15867 15868 1
15868 15869 1
15869 15870 1
15870 15871 1
15871 15872 1
15872 15873 1
15873 15874 1
15874 15875 1
15875 15876 1
15876 15877 1
15877 15878 1
15878 15879 1
15879 15880 1
15880 15881 1
15881 15882 1
15882 15883 1
15883 15884 1
15884 15885 1
15885 15886 1
15886 15887 1
15887 15888 1
15888 15889 1
15889 15890 1
15890 15891 1
15891 15892 1
15892 15893 1
15893 15894 1
15894 15895 1
15895 15896 1
15896 15897 1
15897 15898 1
15898 15899 1
15899 15900 1
15900 15901 1
15901 15902 1
15902 15903 1
15903 15904 1
15904 15905 1
15905 15906 1
15906 15907 1
15907 15908 1
15908 15909 1
15909 15910 1
15910 15911 1
15911 15912 1
15912 15913 1
15913 15914 1
15914 15915 1
15915 15916 1
15916 15917 1
15917 15918 1
15918 15919 1
15919 15920 1
15920 15921 1
15921 15922 1
15922 15923 1
15923 15924 1
15924 15925 1
15925 15926 1
15926 15927 1
15927 15928 1
15928 15929 1
15929 15930 1
15930 15931 1
15931 15932 1
15932 15933 1
15933 15934 1
15934 15935 1
15935 15936 1
15936 15937 1
15937 15938 1
15938 15939 1
15939 15940 1
15940 15941 1
15941 15942 1
15942 15943 1
15943 15944 1
15944 15945 1
15945 15946 1
15946 15947 1
15947 15948 1
15948 15949 1
15949 15950 1
15950 15951 1
15951 15952 1
15952 15953 1
15953 15954 1
15954 15955 1
15955 15956 1
15956 15957 1
15957 15958 1
15958 15959 1
15959 15960 1
15960 15961 1
15961 15962 1
15962 15963 1
15963 15964 1
15964 15965 1
15965 15966 1
15966 15967 1
15967 15968 1
15968 15969 1
15969 15970 1
15970 15971 1
15971 15972 1
15972 15973 1
15973 15974 1
15974 15975 1
15975 15976 1
15976 15977 1
15977 15978 1
15978 15979 1
15979 15980 1
15980 15981 1
15981 15982 1
15982 15983 1
15983 15984 1
15984 15985 1
15985 15986 1
15986 15987 1
15987 15988 1
15988 15989 1
15989 15990 1
15990 15991 1
15991 15992 1
15992 15993 1
15993 15994 1
15994 15995 1
15995 15996 1
15996 15997 1
15997 15998 1
15998 15999 1
15999 16000 1
16000 16001 1
16001 16002 1
16002 16003 1
16003 16004 1
16004 16005 1
16005 16006 1
16006 16007 1
16007 16008 1
16008 16009 1
16009 16010 1
16010 16011 1
16011 16012 1
16012 16013 1
16013 16014 1
16014 16015 1
16015 16016 1
16016 16017 1
16017 16018 1
16018 16019 1
16019 16020 1
16020 16021 1
16021 16022 1
16022 16023 1
16023 16024 1
16024 16025 1
16025 16026 1
16026 16027 1
16027 16028 1
16028 16029 1
16029 16030 1
16030 16031 1
16031 16032 1
16032 16033 1
16033 16034 1
16034 16035 1
16035 16036 1
16036 16037 1
16037 16038 1
16038 16039 1
16039 16040 1
16040 16041 1
16041 16042 1
16042 16043 1
16043 16044 1
16044 16045 1
16045 16046 1
16046 16047 1
16047 16048 1
16048 16049 1
16049 16050 1
16050 16051 1
16051 16052 1
16052 16053 1
16053 16054 1
16054 16055 1
16055 16056 1
16056 16057 1
16057 16058 1
16058 16059 1
16059 16060 1
16060 16061 1
16061 16062 1
16062 16063 1
16063 16064 1
16064 16065 1
16065 16066 1
16066 16067 1
16067 16068 1
16068 16069 1
16069 16070 1
16070 16071 1
16071 16072 1
16072 16073 1
16073 16074 1
16074 16075 1
16075 16076 1
16076 16077 1
16077 16078 1
16078 16079 1
16079 16080 1
16080 16081 1
16081 16082 1
16082 16083 1
16083 16084 1
16084 16085 1
16085 16086 1
16086 16087 1
16087 16088 1
16088 16089 1
16089 16090 1
16090 16091 1
16091 16092 1
16092 16093 1
16093 16094 1
16094 16095 1
16095 16096 1
16096 16097 1
16097 16098 1
16098 16099 1
16099 16100 1
16100 16101 1
16101 16102 1
16102 16103 1
16103 16104 1
16104 16105 1
16105 16106 1
16106 16107 1
16107 16108 1
16108 16109 1
16109 16110 1
16110 16111 1
16111 16112 1
16112 16113 1
16113 16114 1
16114 16115 1
16115 16116 1
16116 16117 1
16117 16118 1
16118 16119 1
16119 16120 1
16120 16121 1
16121 16122 1
16122 16123 1
16123 16124 1
16124 16125 1
16125 16126 1
16126 16127 1
16127 16128 1
16128 16129 1
16129 16130 1
16130 16131 1
16131 16132 1
16132 16133 1
16133 16134 1
16134 16135 1
16135 16136 1
16136 16137 1
16137 16138 1
16138 16139 1
16139 16140 1
16140 16141 1
16141 16142 1
16142 16143 1
16143 16144 1
16144 16145 1
16145 16146 1
16146 16147 1
16147 16148 1
16148 16149 1
16149 16150 1
16150 16151 1
16151 16152 1
16152 16153 1
16153 16154 1
16154 16155 1
16155 16156 1
16156 16157 1
16157 16158 1
16158 16159 1
16159 16160 1
16160 16161 1
16161 16162 1
16162 16163 1
16163 16164 1
16164 16165 1
16165 16166 1
16166 16167 1
16167 16168 1
16168 16169 1
16169 16170 1
16170 16171 1
16171 16172 1
16172 16173 1
16173 16174 1
16174 16175 1
16175 16176 1
16176 16177 1
16177 16178 1
16178 16179 1
16179 16180 1
16180 16181 1
16181 16182 1
16182 16183 1
16183 16184 1
16184 16185 1
16185 16186 1
16186 16187 1
16187 16188 1
16188 16189 1
16189 16190 1
16190 16191 1
16191 16192 1
16192 16193 1
16193 16194 1
16194 16195 1
16195 16196 1
16196 16197 1
16197 16198 1
16198 16199 1
16199 16200 1
16200 16201 1
16201 16202 1
16202 16203 1
16203 16204 1
16204 16205 1
16205 16206 1
16206 16207 1
16207 16208 1
16208 16209 1
16209 16210 1
16210 16211 1
16211 16212 1
16212 16213 1
16213 16214 1
16214 16215 1
16215 16216 1
16216 16217 1
16217 16218 1
16218 16219 1
16219 16220 1
16220 16221 1
16221 16222 1
16222 16223 1
16223 16224 1
16224 16225 1
16225 16226 1
16226 16227 1
16227 16228 1
16228 16229 1
16229 16230 1
16230 16231 1
16231 16232 1
16232 16233 1
16233 16234 1
16234 16235 1
16235 16236 1
16236 16237 1
16237 16238 1
16238 16239 1
16239 16240 1
16240 16241 1
16241 16242 1
16242 16243 1
16243 16244 1
16244 16245 1
16245 16246 1
16246 16247 1
16247 16248 1
16248 16249 1
16249 16250 1
16250 16251 1
16251 16252 1
16252 16253 1
16253 16254 1
16254 16255 1
16255 16256 1
16256 16257 1
16257 16258 1
16258 16259 1
16259 16260 1
16260 16261 1
16261 16262 1
16262 16263 1
16263 16264 1
16264 16265 1
16265 16266 1
16266 16267 1
16267 16268 1
16268 16269 1
16269 16270 1
16270 16271 1
16271 16272 1
16272 16273 1
16273 16274 1
16274 16275 1
16275 16276 1
16276 16277 1
16277 16278 1
16278 16279 1
16279 16280 1
16280 16281 1
16281 16282 1
16282 16283 1
16283 16284 1
16284 16285 1
16285 16286 1
16286 16287 1
16287 16288 1
16288 16289 1
16289 16290 1
16290 16291 1
16291 16292 1
16292 16293 1
16293 16294 1
16294 16295 1
16295 16296 1
16296 16297 1
16297 16298 1
16298 16299 1
16299 16300 1
16300 16301 1
16301 16302 1
16302 16303 1
16303 16304 1
16304 16305 1
16305 16306 1
16306 16307 1
16307 16308 1
16308 16309 1
16309 16310 1
16310 16311 1
16311 16312 1
16312 16313 1
16313 16314 1
16314 16315 1
16315 16316 1
16316 16317 1
16317 16318 1
16318 16319 1
16319 16320 1
16320 16321 1
16321 16322 1
16322 16323 1
16323 16324 1
16324 16325 1
16325 16326 1
16326 16327 1
16327 16328 1
16328 16329 1
16329 16330 1
16330 16331 1
16331 16332 1
16332 16333 1
16333 16334 1
16334 16335 1
16335 16336 1
16336 16337 1
16337 16338 1
16338 16339 1
16339 16340 1
16340 16341 1
16341 16342 1
16342 16343 1
16343 16344 1
16344 16345 1
16345 16346 1
16346 16347 1
16347 16348 1
16348 16349 1
16349 16350 1
16350 16351 1
16351 16352 1
16352 16353 1
16353 16354 1
16354 16355 1
16355 16356 1
16356 16357 1
16357 16358 1
16358 16359 1
16359 16360 1
16360 16361 1
16361 16362 1
16362 16363 1
16363 16364 1
16364 16365 1
16365 16366 1
16366 16367 1
16367 16368 1
16368 16369 1
16369 16370 1
16370 16371 1
16371 16372 1
16372 16373 1
16373 16374 1
16374 16375 1
16375 16376 1
16376 16377 1
16377 16378 1
16378 16379 1
16379 16380 1
16380 16381 1
16381 16382 1
16382 16383 1
16383 16384 1
16384 16385 1
16385 16386 1
16386 16387 1
16387 16388 1
16388 16389 1
16389 16390 1
16390 16391 1
16391 16392 1
16392 16393 1
16393 16394 1
16394 16395 1
16395 16396 1
16396 16397 1
16397 16398 1
16398 16399 1
16399 16400 1
16400 16401 1
16401 16402 1
16402 16403 1
16403 16404 1
16404 16405 1
16405 16406 1
16406 16407 1
16407 16408 1
16408 16409 1
16409 16410 1
16410 16411 1
16411 16412 1
16412 16413 1
16413 16414 1
16414 16415 1
16415 16416 1
16416 16417 1
16417 16418 1
16418 16419 1
16419 16420 1
16420 16421 1
16421 16422 1
16422 16423 1
16423 16424 1
16424 16425 1
16425 16426 1
16426 16427 1
16427 16428 1
16428 16429 1
16429 16430 1
16430 16431 1
16431 16432 1
16432 16433 1
16433 16434 1
16434 16435 1
16435 16436 1
16436 16437 1
16437 16438 1
16438 16439 1
16439 16440 1
16440 16441 1
16441 16442 1
16442 16443 1
16443 16444 1
16444 16445 1
16445 16446 1
16446 16447 1
16447 16448 1
16448 16449 1
16449 16450 1
16450 16451 1
16451 16452 1
16452 16453 1
16453 16454 1
16454 16455 1
16455 16456 1
16456 16457 1
16457 16458 1
16458 16459 1
16459 16460 1
16460 16461 1
16461 16462 1
16462 16463 1
16463 16464 1
16464 16465 1
16465 16466 1
16466 16467 1
16467 16468 1
16468 16469 1
16469 16470 1
16470 16471 1
16471 16472 1
16472 16473 1
16473 16474 1
16474 16475 1
16475 16476 1
16476 16477 1
16477 16478 1
16478 16479 1
16479 16480 1
16480 16481 1
16481 16482 1
16482 16483 1
16483 16484 1
16484 16485 1
16485 16486 1
16486 16487 1
16487 16488 1
16488 16489 1
16489 16490 1
16490 16491 1
16491 16492 1
16492 16493 1
16493 16494 1
16494 16495 1
16495 16496 1
16496 16497 1
16497 16498 1
16498 16499 1
16499 16500 1
16500 16501 1
16501 16502 1
16502 16503 1
16503 16504 1
16504 16505 1
16505 16506 1
16506 16507 1
16507 16508 1
16508 16509 1
16509 16510 1
16510 16511 1
16511 16512 1
16512 16513 1
16513 16514 1
16514 16515 1
16515 16516 1
16516 16517 1
16517 16518 1
16518 16519 1
16519 16520 1
16520 16521 1
16521 16522 1
16522 16523 1
16523 16524 1
16524 16525 1
16525 16526 1
16526 16527 1
16527 16528 1
16528 16529 1
16529 16530 1
16530 16531 1
16531 16532 1
16532 16533 1
16533 16534 1
16534 16535 1
16535 16536 1
16536 16537 1
16537 16538 1
16538 16539 1
16539 16540 1
16540 16541 1
16541 16542 1
16542 16543 1
16543 16544 1
16544 16545 1
16545 16546 1
16546 16547 1
16547 16548 1
16548 16549 1
16549 16550 1
16550 16551 1
16551 16552 1
16552 16553 1
16553 16554 1
16554 16555 1
16555 16556 1
16556 16557 1
16557 16558 1
16558 16559 1
16559 16560 1
16560 16561 1
16561 16562 1
16562 16563 1
16563 16564 1
16564 16565 1
16565 16566 1
16566 16567 1
16567 16568 1
16568 16569 1
16569 16570 1
16570 16571 1
16571 16572 1
16572 16573 1
16573 16574 1
16574 16575 1
16575 16576 1
16576 16577 1
16577 16578 1
16578 16579 1
16579 16580 1
16580 16581 1
16581 16582 1
16582 16583 1
16583 16584 1
16584 16585 1
16585 16586 1
16586 16587 1
16587 16588 1
16588 16589 1
16589 16590 1
16590 16591 1
16591 16592 1
16592 16593 1
16593 16594 1
16594 16595 1
16595 16596 1
16596 16597 1
16597 16598 1
16598 16599 1
16599 16600 1
16600 16601 1
16601 16602 1
16602 16603 1
16603 16604 1
16604 16605 1
16605 16606 1
16606 16607 1
16607 16608 1
16608 16609 1
16609 16610 1
16610 16611 1
16611 16612 1
16612 16613 1
16613 16614 1
16614 16615 1
16615 16616 1
16616 16617 1
16617 16618 1
16618 16619 1
16619 16620 1
16620 16621 1
16621 16622 1
16622 16623 1
16623 16624 1
16624 16625 1
16625 16626 1
16626 16627 1
16627 16628 1
16628 16629 1
16629 16630 1
16630 16631 1
16631 16632 1
16632 16633 1
16633 16634 1
16634 16635 1
16635 16636 1
16636 16637 1
16637 16638 1
16638 16639 1
16639 16640 1
16640 16641 1
16641 16642 1
16642 16643 1
16643 16644 1
16644 16645 1
16645 16646 1
16646 16647 1
16647 16648 1
16648 16649 1
16649 16650 1
16650 16651 1
16651 16652 1
16652 16653 1
16653 16654 1
16654 16655 1
16655 16656 1
16656 16657 1
16657 16658 1
16658 16659 1
16659 16660 1
16660 16661 1
16661 16662 1
16662 16663 1
16663 16664 1
16664 16665 1
16665 16666 1
16666 16667 1
16667 16668 1
16668 16669 1
16669 16670 1
16670 16671 1
16671 16672 1
16672 16673 1
16673 16674 1
16674 16675 1
16675 16676 1
16676 16677 1
16677 16678 1
16678 16679 1
16679 16680 1
16680 16681 1
16681 16682 1
16682 16683 1
16683 16684 1
16684 16685 1
16685 16686 1
16686 16687 1
16687 16688 1
16688 16689 1
16689 16690 1
16690 16691 1
16691 16692 1
16692 16693 1
16693 16694 1
16694 16695 1
16695 16696 1
16696 16697 1
16697 16698 1
16698 16699 1
16699 16700 1
16700 16701 1
16701 16702 1
16702 16703 1
16703 16704 1
16704 16705 1
16705 16706 1
16706 16707 1
16707 16708 1
16708 16709 1
16709 16710 1
16710 16711 1
16711 16712 1
16712 16713 1
16713 16714 1
16714 16715 1
16715 16716 1
16716 16717 1
16717 16718 1
16718 16719 1
16719 16720 1
16720 16721 1
16721 16722 1
16722 16723 1
16723 16724 1
16724 16725 1
16725 16726 1
16726 16727 1
16727 16728 1
16728 16729 1
16729 16730 1
16730 16731 1
16731 16732 1
16732 16733 1
16733 16734 1
16734 16735 1
16735 16736 1
16736 16737 1
16737 16738 1
16738 16739 1
16739 16740 1
16740 16741 1
16741 16742 1
16742 16743 1
16743 16744 1
16744 16745 1
16745 16746 1
16746 16747 1
16747 16748 1
16748 16749 1
16749 16750 1
16750 16751 1
16751 16752 1
16752 16753 1
16753 16754 1
16754 16755 1
16755 16756 1
16756 16757 1
16757 16758 1
16758 16759 1
16759 16760 1
16760 16761 1
16761 16762 1
16762 16763 1
16763 16764 1
16764 16765 1
16765 16766 1
16766 16767 1
16767 16768 1
16768 16769 1
16769 16770 1
16770 16771 1
16771 16772 1
16772 16773 1
16773 16774 1
16774 16775 1
16775 16776 1
16776 16777 1
16777 16778 1
16778 16779 1
16779 16780 1
16780 16781 1
16781 16782 1
16782 16783 1
16783 16784 1
16784 16785 1
16785 16786 1
16786 16787 1
16787 16788 1
16788 16789 1
16789 16790 1
16790 16791 1
16791 16792 1
16792 16793 1
16793 16794 1
16794 16795 1
16795 16796 1
16796 16797 1
16797 16798 1
16798 16799 1
16799 16800 1
16800 16801 1
16801 16802 1
16802 16803 1
16803 16804 1
16804 16805 1
16805 16806 1
16806 16807 1
16807 16808 1
16808 16809 1
16809 16810 1
16810 16811 1
16811 16812 1
16812 16813 1
16813 16814 1
16814 16815 1
16815 16816 1
16816 16817 1
16817 16818 1
16818 16819 1
16819 16820 1
16820 16821 1
16821 16822 1
16822 16823 1
16823 16824 1
16824 16825 1
16825 16826 1
16826 16827 1
16827 16828 1
16828 16829 1
16829 16830 1
16830 16831 1
16831 16832 1
16832 16833 1
16833 16834 1
16834 16835 1
16835 16836 1
16836 16837 1
16837 16838 1
16838 16839 1
16839 16840 1
16840 16841 1
16841 16842 1
16842 16843 1
16843 16844 1
16844 16845 1
16845 16846 1
16846 16847 1
16847 16848 1
16848 16849 1
16849 16850 1
16850 16851 1
16851 16852 1
16852 16853 1
16853 16854 1
16854 16855 1
16855 16856 1
16856 16857 1
16857 16858 1
16858 16859 1
16859 16860 1
16860 16861 1
16861 16862 1
16862 16863 1
16863 16864 1
16864 16865 1
16865 16866 1
16866 16867 1
16867 16868 1
16868 16869 1
16869 16870 1
16870 16871 1
16871 16872 1
16872 16873 1
16873 16874 1
16874 16875 1
16875 16876 1
16876 16877 1
16877 16878 1
16878 16879 1
16879 16880 1
16880 16881 1
16881 16882 1
16882 16883 1
16883 16884 1
16884 16885 1
16885 16886 1
16886 16887 1
16887 16888 1
16888 16889 1
16889 16890 1
16890 16891 1
16891 16892 1
16892 16893 1
16893 16894 1
16894 16895 1
16895 16896 1
16896 16897 1
16897 16898 1
16898 16899 1
16899 16900 1
16900 16901 1
16901 16902 1
16902 16903 1
16903 16904 1
16904 16905 1
16905 16906 1
16906 16907 1
16907 16908 1
16908 16909 1
16909 16910 1
16910 16911 1
16911 16912 1
16912 16913 1
16913 16914 1
16914 16915 1
16915 16916 1
16916 16917 1
16917 16918 1
16918 16919 1
16919 16920 1
16920 16921 1
16921 16922 1
16922 16923 1
16923 16924 1
16924 16925 1
16925 16926 1
16926 16927 1
16927 16928 1
16928 16929 1
16929 16930 1
16930 16931 1
16931 16932 1
16932 16933 1
16933 16934 1
16934 16935 1
16935 16936 1
16936 16937 1
16937 16938 1
16938 16939 1
16939 16940 1
16940 16941 1
16941 16942 1
16942 16943 1
16943 16944 1
16944 16945 1
16945 16946 1
16946 16947 1
16947 16948 1
16948 16949 1
16949 16950 1
16950 16951 1
16951 16952 1
16952 16953 1
16953 16954 1
16954 16955 1
16955 16956 1
16956 16957 1
16957 16958 1
16958 16959 1
16959 16960 1
16960 16961 1
16961 16962 1
16962 16963 1
16963 16964 1
16964 16965 1
16965 16966 1
16966 16967 1
16967 16968 1
16968 16969 1
16969 16970 1
16970 16971 1
16971 16972 1
16972 16973 1
16973 16974 1
16974 16975 1
16975 16976 1
16976 16977 1
16977 16978 1
16978 16979 1
16979 16980 1
16980 16981 1
16981 16982 1
16982 16983 1
16983 16984 1
16984 16985 1
16985 16986 1
16986 16987 1
16987 16988 1
16988 16989 1
16989 16990 1
16990 16991 1
16991 16992 1
16992 16993 1
16993 16994 1
16994 16995 1
16995 16996 1
16996 16997 1
16997 16998 1
16998 16999 1
16999 17000 1
17000 17001 1
17001 17002 1
17002 17003 1
17003 17004 1
17004 17005 1
17005 17006 1
17006 17007 1
17007 17008 1
17008 17009 1
17009 17010 1
17010 17011 1
17011 17012 1
17012 17013 1
17013 17014 1
17014 17015 1
17015 17016 1
17016 17017 1
17017 17018 1
17018 17019 1
17019 17020 1
17020 17021 1
17021 17022 1
17022 17023 1
17023 17024 1
17024 17025 1
17025 17026 1
17026 17027 1
17027 17028 1
17028 17029 1
17029 17030 1
17030 17031 1
17031 17032 1
17032 17033 1
17033 17034 1
17034 17035 1
17035 17036 1
17036 17037 1
17037 17038 1
17038 17039 1
17039 17040 1
17040 17041 1
17041 17042 1
17042 17043 1
17043 17044 1
17044 17045 1
17045 17046 1
17046 17047 1
17047 17048 1
17048 17049 1
17049 17050 1
17050 17051 1
17051 17052 1
17052 17053 1
17053 17054 1
17054 17055 1
17055 17056 1
17056 17057 1
17057 17058 1
17058 17059 1
17059 17060 1
17060 17061 1
17061 17062 1
17062 17063 1
17063 17064 1
17064 17065 1
17065 17066 1
17066 17067 1
17067 17068 1
17068 17069 1
17069 17070 1
17070 17071 1
17071 17072 1
17072 17073 1
17073 17074 1
17074 17075 1
17075 17076 1
17076 17077 1
17077 17078 1
17078 17079 1
17079 17080 1
17080 17081 1
17081 17082 1
17082 17083 1
17083 17084 1
17084 17085 1
17085 17086 1
17086 17087 1
17087 17088 1
17088 17089 1
17089 17090 1
17090 17091 1
17091 17092 1
17092 17093 1
17093 17094 1
17094 17095 1
17095 17096 1
17096 17097 1
17097 17098 1
17098 17099 1
17099 17100 1
17100 17101 1
17101 17102 1
17102 17103 1
17103 17104 1
17104 17105 1
17105 17106 1
17106 17107 1
17107 17108 1
17108 17109 1
17109 17110 1
17110 17111 1
17111 17112 1
17112 17113 1
17113 17114 1
17114 17115 1
17115 17116 1
17116 17117 1
17117 17118 1
17118 17119 1
17119 17120 1
17120 17121 1
17121 17122 1
17122 17123 1
17123 17124 1
17124 17125 1
17125 17126 1
17126 17127 1
17127 17128 1
17128 17129 1
17129 17130 1
17130 17131 1
17131 17132 1
17132 17133 1
17133 17134 1
17134 17135 1
17135 17136 1
17136 17137 1
17137 17138 1
17138 17139 1
17139 17140 1
17140 17141 1
17141 17142 1
17142 17143 1
17143 17144 1
17144 17145 1
17145 17146 1
17146 17147 1
17147 17148 1
17148 17149 1
17149 17150 1
17150 17151 1
17151 17152 1
17152 17153 1
17153 17154 1
17154 17155 1
17155 17156 1
17156 17157 1
17157 17158 1
17158 17159 1
17159 17160 1
17160 17161 1
17161 17162 1
17162 17163 1
17163 17164 1
17164 17165 1
17165 17166 1
17166 17167 1
17167 17168 1
17168 17169 1
17169 17170 1
17170 17171 1
17171 17172 1
17172 17173 1
17173 17174 1
17174 17175 1
17175 17176 1
17176 17177 1
17177 17178 1
17178 17179 1
17179 17180 1
17180 17181 1
17181 17182 1
17182 17183 1
17183 17184 1
17184 17185 1
17185 17186 1
17186 17187 1
17187 17188 1
17188 17189 1
17189 17190 1
17190 17191 1
17191 17192 1
17192 17193 1
17193 17194 1
17194 17195 1
17195 17196 1
17196 17197 1
17197 17198 1
17198 17199 1
17199 17200 1
17200 17201 1
17201 17202 1
17202 17203 1
17203 17204 1
17204 17205 1
17205 17206 1
17206 17207 1
17207 17208 1
17208 17209 1
17209 17210 1
17210 17211 1
17211 17212 1
17212 17213 1
17213 17214 1
17214 17215 1
17215 17216 1
17216 17217 1
17217 17218 1
17218 17219 1
17219 17220 1
17220 17221 1
17221 17222 1
17222 17223 1
17223 17224 1
17224 17225 1
17225 17226 1
17226 17227 1
17227 17228 1
17228 17229 1
17229 17230 1
17230 17231 1
17231 17232 1
17232 17233 1
17233 17234 1
17234 17235 1
17235 17236 1
17236 17237 1
17237 17238 1
17238 17239 1
17239 17240 1
17240 17241 1
17241 17242 1
17242 17243 1
17243 17244 1
17244 17245 1
17245 17246 1
17246 17247 1
17247 17248 1
17248 17249 1
17249 17250 1
17250 17251 1
17251 17252 1
17252 17253 1
17253 17254 1
17254 17255 1
17255 17256 1
17256 17257 1
17257 17258 1
17258 17259 1
17259 17260 1
17260 17261 1
17261 17262 1
17262 17263 1
17263 17264 1
17264 17265 1
17265 17266 1
17266 17267 1
17267 17268 1
17268 17269 1
17269 17270 1
17270 17271 1
17271 17272 1
17272 17273 1
17273 17274 1
17274 17275 1
17275 17276 1
17276 17277 1
17277 17278 1
17278 17279 1
17279 17280 1
17280 17281 1
17281 17282 1
17282 17283 1
17283 17284 1
17284 17285 1
17285 17286 1
17286 17287 1
17287 17288 1
17288 17289 1
17289 17290 1
17290 17291 1
17291 17292 1
17292 17293 1
17293 17294 1
17294 17295 1
17295 17296 1
17296 17297 1
17297 17298 1
17298 17299 1
17299 17300 1
17300 17301 1
17301 17302 1
17302 17303 1
17303 17304 1
17304 17305 1
17305 17306 1
17306 17307 1
17307 17308 1
17308 17309 1
17309 17310 1
17310 17311 1
17311 17312 1
17312 17313 1
17313 17314 1
17314 17315 1
17315 17316 1
17316 17317 1
17317 17318 1
17318 17319 1
17319 17320 1
17320 17321 1
17321 17322 1
17322 17323 1
17323 17324 1
17324 17325 1
17325 17326 1
17326 17327 1
17327 17328 1
17328 17329 1
17329 17330 1
17330 17331 1
17331 17332 1
17332 17333 1
17333 17334 1
17334 17335 1
17335 17336 1
17336 17337 1
17337 17338 1
17338 17339 1
17339 17340 1
17340 17341 1
17341 17342 1
17342 17343 1
17343 17344 1
17344 17345 1
17345 17346 1
17346 17347 1
17347 17348 1
17348 17349 1
17349 17350 1
17350 17351 1
17351 17352 1
17352 17353 1
17353 17354 1
17354 17355 1
17355 17356 1
17356 17357 1
17357 17358 1
17358 17359 1
17359 17360 1
17360 17361 1
17361 17362 1
17362 17363 1
17363 17364 1
17364 17365 1
17365 17366 1
17366 17367 1
17367 17368 1
17368 17369 1
17369 17370 1
17370 17371 1
17371 17372 1
17372 17373 1
17373 17374 1
17374 17375 1
17375 17376 1
17376 17377 1
17377 17378 1
17378 17379 1
17379 17380 1
17380 17381 1
17381 17382 1
17382 17383 1
17383 17384 1
17384 17385 1
17385 17386 1
17386 17387 1
17387 17388 1
17388 17389 1
17389 17390 1
17390 17391 1
17391 17392 1
17392 17393 1
17393 17394 1
17394 17395 1
17395 17396 1
17396 17397 1
17397 17398 1
17398 17399 1
17399 17400 1
17400 17401 1
17401 17402 1
17402 17403 1
17403 17404 1
17404 17405 1
17405 17406 1
17406 17407 1
17407 17408 1
17408 17409 1
17409 17410 1
17410 17411 1
17411 17412 1
17412 17413 1
17413 17414 1
17414 17415 1
17415 17416 1
17416 17417 1
17417 17418 1
17418 17419 1
17419 17420 1
17420 17421 1
17421 17422 1
17422 17423 1
17423 17424 1
17424 17425 1
17425 17426 1
17426 17427 1
17427 17428 1
17428 17429 1
17429 17430 1
17430 17431 1
17431 17432 1
17432 17433 1
17433 17434 1
17434 17435 1
17435 17436 1
17436 17437 1
17437 17438 1
17438 17439 1
17439 17440 1
17440 17441 1
17441 17442 1
17442 17443 1
17443 17444 1
17444 17445 1
17445 17446 1
17446 17447 1
17447 17448 1
17448 17449 1
17449 17450 1
17450 17451 1
17451 17452 1
17452 17453 1
17453 17454 1
17454 17455 1
17455 17456 1
17456 17457 1
17457 17458 1
17458 17459 1
17459 17460 1
17460 17461 1
17461 17462 1
17462 17463 1
17463 17464 1
17464 17465 1
17465 17466 1
17466 17467 1
17467 17468 1
17468 17469 1
17469 17470 1
17470 17471 1
17471 17472 1
17472 17473 1
17473 17474 1
17474 17475 1
17475 17476 1
17476 17477 1
17477 17478 1
17478 17479 1
17479 17480 1
17480 17481 1
17481 17482 1
17482 17483 1
17483 17484 1
17484 17485 1
17485 17486 1
17486 17487 1
17487 17488 1
17488 17489 1
17489 17490 1
17490 17491 1
17491 17492 1
17492 17493 1
17493 17494 1
17494 17495 1
17495 17496 1
17496 17497 1
17497 17498 1
17498 17499 1
17499 17500 1
17500 17501 1
17501 17502 1
17502 17503 1
17503 17504 1
17504 17505 1
17505 17506 1
17506 17507 1
17507 17508 1
17508 17509 1
17509 17510 1
17510 17511 1
17511 17512 1
17512 17513 1
17513 17514 1
17514 17515 1
17515 17516 1
17516 17517 1
17517 17518 1
17518 17519 1
17519 17520 1
17520 17521 1
17521 17522 1
17522 17523 1
17523 17524 1
17524 17525 1
17525 17526 1
17526 17527 1
17527 17528 1
17528 17529 1
17529 17530 1
17530 17531 1
17531 17532 1
17532 17533 1
17533 17534 1
17534 17535 1
17535 17536 1
17536 17537 1
17537 17538 1
17538 17539 1
17539 17540 1
17540 17541 1
17541 17542 1
17542 17543 1
17543 17544 1
17544 17545 1
17545 17546 1
17546 17547 1
17547 17548 1
17548 17549 1
17549 17550 1
17550 17551 1
17551 17552 1
17552 17553 1
17553 17554 1
17554 17555 1
17555 17556 1
17556 17557 1
17557 17558 1
17558 17559 1
17559 17560 1
17560 17561 1
17561 17562 1
17562 17563 1
17563 17564 1
17564 17565 1
17565 17566 1
17566 17567 1
17567 17568 1
17568 17569 1
17569 17570 1
17570 17571 1
17571 17572 1
17572 17573 1
17573 17574 1
17574 17575 1
17575 17576 1
17576 17577 1
17577 17578 1
17578 17579 1
17579 17580 1
17580 17581 1
17581 17582 1
17582 17583 1
17583 17584 1
17584 17585 1
17585 17586 1
17586 17587 1
17587 17588 1
17588 17589 1
17589 17590 1
17590 17591 1
17591 17592 1
17592 17593 1
17593 17594 1
17594 17595 1
17595 17596 1
17596 17597 1
17597 17598 1
17598 17599 1
17599 17600 1
17600 17601 1
17601 17602 1
17602 17603 1
17603 17604 1
17604 17605 1
17605 17606 1
17606 17607 1
17607 17608 1
17608 17609 1
17609 17610 1
17610 17611 1
17611 17612 1
17612 17613 1
17613 17614 1
17614 17615 1
17615 17616 1
17616 17617 1
17617 17618 1
17618 17619 1
17619 17620 1
17620 17621 1
17621 17622 1
17622 17623 1
17623 17624 1
17624 17625 1
17625 17626 1
17626 17627 1
17627 17628 1
17628 17629 1
17629 17630 1
17630 17631 1
17631 17632 1
17632 17633 1
17633 17634 1
17634 17635 1
17635 17636 1
17636 17637 1
17637 17638 1
17638 17639 1
17639 17640 1
17640 17641 1
17641 17642 1
17642 17643 1
17643 17644 1
17644 17645 1
17645 17646 1
17646 17647 1
17647 17648 1
17648 17649 1
17649 17650 1
17650 17651 1
17651 17652 1
17652 17653 1
17653 17654 1
17654 17655 1
17655 17656 1
17656 17657 1
17657 17658 1
17658 17659 1
17659 17660 1
17660 17661 1
17661 17662 1
17662 17663 1
17663 17664 1
17664 17665 1
17665 17666 1
17666 17667 1
17667 17668 1
17668 17669 1
17669 17670 1
17670 17671 1
17671 17672 1
17672 17673 1
17673 17674 1
17674 17675 1
17675 17676 1
17676 17677 1
17677 17678 1
17678 17679 1
17679 17680 1
17680 17681 1
17681 17682 1
17682 17683 1
17683 17684 1
17684 17685 1
17685 17686 1
17686 17687 1
17687 17688 1
17688 17689 1
17689 17690 1
17690 17691 1
17691 17692 1
17692 17693 1
17693 17694 1
17694 17695 1
17695 17696 1
17696 17697 1
17697 17698 1
17698 17699 1
17699 17700 1
17700 17701 1
17701 17702 1
17702 17703 1
17703 17704 1
17704 17705 1
17705 17706 1
17706 17707 1
17707 17708 1
17708 17709 1
17709 17710 1
17710 17711 1
17711 17712 1
17712 17713 1
17713 17714 1
17714 17715 1
17715 17716 1
17716 17717 1
17717 17718 1
17718 17719 1
17719 17720 1
17720 17721 1
17721 17722 1
17722 17723 1
17723 17724 1
17724 17725 1
17725 17726 1
17726 17727 1
17727 17728 1
17728 17729 1
17729 17730 1
17730 17731 1
17731 17732 1
17732 17733 1
17733 17734 1
17734 17735 1
17735 17736 1
17736 17737 1
17737 17738 1
17738 17739 1
17739 17740 1
17740 17741 1
17741 17742 1
17742 17743 1
17743 17744 1
17744 17745 1
17745 17746 1
17746 17747 1
17747 17748 1
17748 17749 1
17749 17750 1
17750 17751 1
17751 17752 1
17752 17753 1
17753 17754 1
17754 17755 1
17755 17756 1
17756 17757 1
17757 17758 1
17758 17759 1
17759 17760 1
17760 17761 1
17761 17762 1
17762 17763 1
17763 17764 1
17764 17765 1
17765 17766 1
17766 17767 1
17767 17768 1
17768 17769 1
17769 17770 1
17770 17771 1
17771 17772 1
17772 17773 1
17773 17774 1
17774 17775 1
17775 17776 1
17776 17777 1
17777 17778 1
17778 17779 1
17779 17780 1
17780 17781 1
17781 17782 1
17782 17783 1
17783 17784 1
17784 17785 1
17785 17786 1
17786 17787 1
17787 17788 1
17788 17789 1
17789 17790 1
17790 17791 1
17791 17792 1
17792 17793 1
17793 17794 1
17794 17795 1
17795 17796 1
17796 17797 1
17797 17798 1
17798 17799 1
17799 17800 1
17800 17801 1
17801 17802 1
17802 17803 1
17803 17804 1
17804 17805 1
17805 17806 1
17806 17807 1
17807 17808 1
17808 17809 1
17809 17810 1
17810 17811 1
17811 17812 1
17812 17813 1
17813 17814 1
17814 17815 1
17815 17816 1
17816 17817 1
17817 17818 1
17818 17819 1
17819 17820 1
17820 17821 1
17821 17822 1
17822 17823 1
17823 17824 1
17824 17825 1
17825 17826 1
17826 17827 1
17827 17828 1
17828 17829 1
17829 17830 1
17830 17831 1
17831 17832 1
17832 17833 1
17833 17834 1
17834 17835 1
17835 17836 1
17836 17837 1
17837 17838 1
17838 17839 1
17839 17840 1
17840 17841 1
17841 17842 1
17842 17843 1
17843 17844 1
17844 17845 1
17845 17846 1
17846 17847 1
17847 17848 1
17848 17849 1
17849 17850 1
17850 17851 1
17851 17852 1
17852 17853 1
17853 17854 1
17854 17855 1
17855 17856 1
17856 17857 1
17857 17858 1
17858 17859 1
17859 17860 1
17860 17861 1
17861 17862 1
17862 17863 1
17863 17864 1
17864 17865 1
17865 17866 1
17866 17867 1
17867 17868 1
17868 17869 1
17869 17870 1
17870 17871 1
17871 17872 1
17872 17873 1
17873 17874 1
17874 17875 1
17875 17876 1
17876 17877 1
17877 17878 1
17878 17879 1
17879 17880 1
17880 17881 1
17881 17882 1
17882 17883 1
17883 17884 1
17884 17885 1
17885 17886 1
17886 17887 1
17887 17888 1
17888 17889 1
17889 17890 1
17890 17891 1
17891 17892 1
17892 17893 1
17893 17894 1
17894 17895 1
17895 17896 1
17896 17897 1
17897 17898 1
17898 17899 1
17899 17900 1
17900 17901 1
17901 17902 1
17902 17903 1
17903 17904 1
17904 17905 1
17905 17906 1
17906 17907 1
17907 17908 1
17908 17909 1
17909 17910 1
17910 17911 1
17911 17912 1
17912 17913 1
17913 17914 1
17914 17915 1
17915 17916 1
17916 17917 1
17917 17918 1
17918 17919 1
17919 17920 1
17920 17921 1
17921 17922 1
17922 17923 1
17923 17924 1
17924 17925 1
17925 17926 1
17926 17927 1
17927 17928 1
17928 17929 1
17929 17930 1
17930 17931 1
17931 17932 1
17932 17933 1
17933 17934 1
17934 17935 1
17935 17936 1
17936 17937 1
17937 17938 1
17938 17939 1
17939 17940 1
17940 17941 1
17941 17942 1
17942 17943 1
17943 17944 1
17944 17945 1
17945 17946 1
17946 17947 1
17947 17948 1
17948 17949 1
17949 17950 1
17950 17951 1
17951 17952 1
17952 17953 1
17953 17954 1
17954 17955 1
17955 17956 1
17956 17957 1
17957 17958 1
17958 17959 1
17959 17960 1
17960 17961 1
17961 17962 1
17962 17963 1
17963 17964 1
17964 17965 1
17965 17966 1
17966 17967 1
17967 17968 1
17968 17969 1
17969 17970 1
17970 17971 1
17971 17972 1
17972 17973 1
17973 17974 1
17974 17975 1
17975 17976 1
17976 17977 1
17977 17978 1
17978 17979 1
17979 17980 1
17980 17981 1
17981 17982 1
17982 17983 1
17983 17984 1
17984 17985 1
17985 17986 1
17986 17987 1
17987 17988 1
17988 17989 1
17989 17990 1
17990 17991 1
17991 17992 1
17992 17993 1
17993 17994 1
17994 17995 1
17995 17996 1
17996 17997 1
17997 17998 1
17998 17999 1
17999 18000 1
18000 18001 1
18001 18002 1
18002 18003 1
18003 18004 1
18004 18005 1
18005 18006 1
18006 18007 1
18007 18008 1
18008 18009 1
18009 18010 1
18010 18011 1
18011 18012 1
18012 18013 1
18013 18014 1
18014 18015 1
18015 18016 1
18016 18017 1
18017 18018 1
18018 18019 1
18019 18020 1
18020 18021 1
18021 18022 1
18022 18023 1
18023 18024 1
18024 18025 1
18025 18026 1
18026 18027 1
18027 18028 1
18028 18029 1
18029 18030 1
18030 18031 1
18031 18032 1
18032 18033 1
18033 18034 1
18034 18035 1
18035 18036 1
18036 18037 1
18037 18038 1
18038 18039 1
18039 18040 1
18040 18041 1
18041 18042 1
18042 18043 1
18043 18044 1
18044 18045 1
18045 18046 1
18046 18047 1
18047 18048 1
18048 18049 1
18049 18050 1
18050 18051 1
18051 18052 1
18052 18053 1
18053 18054 1
18054 18055 1
18055 18056 1
18056 18057 1
18057 18058 1
18058 18059 1
18059 18060 1
18060 18061 1
18061 18062 1
18062 18063 1
18063 18064 1
18064 18065 1
18065 18066 1
18066 18067 1
18067 18068 1
18068 18069 1
18069 18070 1
18070 18071 1
18071 18072 1
18072 18073 1
18073 18074 1
18074 18075 1
18075 18076 1
18076 18077 1
18077 18078 1
18078 18079 1
18079 18080 1
18080 18081 1
18081 18082 1
18082 18083 1
18083 18084 1
18084 18085 1
18085 18086 1
18086 18087 1
18087 18088 1
18088 18089 1
18089 18090 1
18090 18091 1
18091 18092 1
18092 18093 1
18093 18094 1
18094 18095 1
18095 18096 1
18096 18097 1
18097 18098 1
18098 18099 1
18099 18100 1
18100 18101 1
18101 18102 1
18102 18103 1
18103 18104 1
18104 18105 1
18105 18106 1
18106 18107 1
18107 18108 1
18108 18109 1
18109 18110 1
18110 18111 1
18111 18112 1
18112 18113 1
18113 18114 1
18114 18115 1
18115 18116 1
18116 18117 1
18117 18118 1
18118 18119 1
18119 18120 1
18120 18121 1
18121 18122 1
18122 18123 1
18123 18124 1
18124 18125 1
18125 18126 1
18126 18127 1
18127 18128 1
18128 18129 1
18129 18130 1
18130 18131 1
18131 18132 1
18132 18133 1
18133 18134 1
18134 18135 1
18135 18136 1
18136 18137 1
18137 18138 1
18138 18139 1
18139 18140 1
18140 18141 1
18141 18142 1
18142 18143 1
18143 18144 1
18144 18145 1
18145 18146 1
18146 18147 1
18147 18148 1
18148 18149 1
18149 18150 1
18150 18151 1
18151 18152 1
18152 18153 1
18153 18154 1
18154 18155 1
18155 18156 1
18156 18157 1
18157 18158 1
18158 18159 1
18159 18160 1
18160 18161 1
18161 18162 1
18162 18163 1
18163 18164 1
18164 18165 1
18165 18166 1
18166 18167 1
18167 18168 1
18168 18169 1
18169 18170 1
18170 18171 1
18171 18172 1
18172 18173 1
18173 18174 1
18174 18175 1
18175 18176 1
18176 18177 1
18177 18178 1
18178 18179 1
18179 18180 1
18180 18181 1
18181 18182 1
18182 18183 1
18183 18184 1
18184 18185 1
18185 18186 1
18186 18187 1
18187 18188 1
18188 18189 1
18189 18190 1
18190 18191 1
18191 18192 1
18192 18193 1
18193 18194 1
18194 18195 1
18195 18196 1
18196 18197 1
18197 18198 1
18198 18199 1
18199 18200 1
18200 18201 1
18201 18202 1
18202 18203 1
18203 18204 1
18204 18205 1
18205 18206 1
18206 18207 1
18207 18208 1
18208 18209 1
18209 18210 1
18210 18211 1
18211 18212 1
18212 18213 1
18213 18214 1
18214 18215 1
18215 18216 1
18216 18217 1
18217 18218 1
18218 18219 1
18219 18220 1
18220 18221 1
18221 18222 1
18222 18223 1
18223 18224 1
18224 18225 1
18225 18226 1
18226 18227 1
18227 18228 1
18228 18229 1
18229 18230 1
18230 18231 1
18231 18232 1
18232 18233 1
18233 18234 1
18234 18235 1
18235 18236 1
18236 18237 1
18237 18238 1
18238 18239 1
18239 18240 1
18240 18241 1
18241 18242 1
18242 18243 1
18243 18244 1
18244 18245 1
18245 18246 1
18246 18247 1
18247 18248 1
18248 18249 1
18249 18250 1
18250 18251 1
18251 18252 1
18252 18253 1
18253 18254 1
18254 18255 1
18255 18256 1
18256 18257 1
18257 18258 1
18258 18259 1
18259 18260 1
18260 18261 1
18261 18262 1
18262 18263 1
18263 18264 1
18264 18265 1
18265 18266 1
18266 18267 1
18267 18268 1
18268 18269 1
18269 18270 1
18270 18271 1
18271 18272 1
18272 18273 1
18273 18274 1
18274 18275 1
18275 18276 1
18276 18277 1
18277 18278 1
18278 18279 1
18279 18280 1
18280 18281 1
18281 18282 1
18282 18283 1
18283 18284 1
18284 18285 1
18285 18286 1
18286 18287 1
18287 18288 1
18288 18289 1
18289 18290 1
18290 18291 1
18291 18292 1
18292 18293 1
18293 18294 1
18294 18295 1
18295 18296 1
18296 18297 1
18297 18298 1
18298 18299 1
18299 18300 1
18300 18301 1
18301 18302 1
18302 18303 1
18303 18304 1
18304 18305 1
18305 18306 1
18306 18307 1
18307 18308 1
18308 18309 1
18309 18310 1
18310 18311 1
18311 18312 1
18312 18313 1
18313 18314 1
18314 18315 1
18315 18316 1
18316 18317 1
18317 18318 1
18318 18319 1
18319 18320 1
18320 18321 1
18321 18322 1
18322 18323 1
18323 18324 1
18324 18325 1
18325 18326 1
18326 18327 1
18327 18328 1
18328 18329 1
18329 18330 1
18330 18331 1
18331 18332 1
18332 18333 1
18333 18334 1
18334 18335 1
18335 18336 1
18336 18337 1
18337 18338 1
18338 18339 1
18339 18340 1
18340 18341 1
18341 18342 1
18342 18343 1
18343 18344 1
18344 18345 1
18345 18346 1
18346 18347 1
18347 18348 1
18348 18349 1
18349 18350 1
18350 18351 1
18351 18352 1
18352 18353 1
18353 18354 1
18354 18355 1
18355 18356 1
18356 18357 1
18357 18358 1
18358 18359 1
18359 18360 1
18360 18361 1
18361 18362 1
18362 18363 1
18363 18364 1
18364 18365 1
18365 18366 1
18366 18367 1
18367 18368 1
18368 18369 1
18369 18370 1
18370 18371 1
18371 18372 1
18372 18373 1
18373 18374 1
18374 18375 1
18375 18376 1
18376 18377 1
18377 18378 1
18378 18379 1
18379 18380 1
18380 18381 1
18381 18382 1
18382 18383 1
18383 18384 1
18384 18385 1
18385 18386 1
18386 18387 1
18387 18388 1
18388 18389 1
18389 18390 1
18390 18391 1
18391 18392 1
18392 18393 1
18393 18394 1
18394 18395 1
18395 18396 1
18396 18397 1
18397 18398 1
18398 18399 1
18399 18400 1
18400 18401 1
18401 18402 1
18402 18403 1
18403 18404 1
18404 18405 1
18405 18406 1
18406 18407 1
18407 18408 1
18408 18409 1
18409 18410 1
18410 18411 1
18411 18412 1
18412 18413 1
18413 18414 1
18414 18415 1
18415 18416 1
18416 18417 1
18417 18418 1
18418 18419 1
18419 18420 1
18420 18421 1
18421 18422 1
18422 18423 1
18423 18424 1
18424 18425 1
18425 18426 1
18426 18427 1
18427 18428 1
18428 18429 1
18429 18430 1
18430 18431 1
18431 18432 1
18432 18433 1
18433 18434 1
18434 18435 1
18435 18436 1
18436 18437 1
18437 18438 1
18438 18439 1
18439 18440 1
18440 18441 1
18441 18442 1
18442 18443 1
18443 18444 1
18444 18445 1
18445 18446 1
18446 18447 1
18447 18448 1
18448 18449 1
18449 18450 1
18450 18451 1
18451 18452 1
18452 18453 1
18453 18454 1
18454 18455 1
18455 18456 1
18456 18457 1
18457 18458 1
18458 18459 1
18459 18460 1
18460 18461 1
18461 18462 1
18462 18463 1
18463 18464 1
18464 18465 1
18465 18466 1
18466 18467 1
18467 18468 1
18468 18469 1
18469 18470 1
18470 18471 1
18471 18472 1
18472 18473 1
18473 18474 1
18474 18475 1
18475 18476 1
18476 18477 1
18477 18478 1
18478 18479 1
18479 18480 1
18480 18481 1
18481 18482 1
18482 18483 1
18483 18484 1
18484 18485 1
18485 18486 1
18486 18487 1
18487 18488 1
18488 18489 1
18489 18490 1
18490 18491 1
18491 18492 1
18492 18493 1
18493 18494 1
18494 18495 1
18495 18496 1
18496 18497 1
18497 18498 1
18498 18499 1
18499 18500 1
18500 18501 1
18501 18502 1
18502 18503 1
18503 18504 1
18504 18505 1
18505 18506 1
18506 18507 1
18507 18508 1
18508 18509 1
18509 18510 1
18510 18511 1
18511 18512 1
18512 18513 1
18513 18514 1
18514 18515 1
18515 18516 1
18516 18517 1
18517 18518 1
18518 18519 1
18519 18520 1
18520 18521 1
18521 18522 1
18522 18523 1
18523 18524 1
18524 18525 1
18525 18526 1
18526 18527 1
18527 18528 1
18528 18529 1
18529 18530 1
18530 18531 1
18531 18532 1
18532 18533 1
18533 18534 1
18534 18535 1
18535 18536 1
18536 18537 1
18537 18538 1
18538 18539 1
18539 18540 1
18540 18541 1
18541 18542 1
18542 18543 1
18543 18544 1
18544 18545 1
18545 18546 1
18546 18547 1
18547 18548 1
18548 18549 1
18549 18550 1
18550 18551 1
18551 18552 1
18552 18553 1
18553 18554 1
18554 18555 1
18555 18556 1
18556 18557 1
18557 18558 1
18558 18559 1
18559 18560 1
18560 18561 1
18561 18562 1
18562 18563 1
18563 18564 1
18564 18565 1
18565 18566 1
18566 18567 1
18567 18568 1
18568 18569 1
18569 18570 1
18570 18571 1
18571 18572 1
18572 18573 1
18573 18574 1
18574 18575 1
18575 18576 1
18576 18577 1
18577 18578 1
18578 18579 1
18579 18580 1
18580 18581 1
18581 18582 1
18582 18583 1
18583 18584 1
18584 18585 1
18585 18586 1
18586 18587 1
18587 18588 1
18588 18589 1
18589 18590 1
18590 18591 1
18591 18592 1
18592 18593 1
18593 18594 1
18594 18595 1
18595 18596 1
18596 18597 1
18597 18598 1
18598 18599 1
18599 18600 1
18600 18601 1
18601 18602 1
18602 18603 1
18603 18604 1
18604 18605 1
18605 18606 1
18606 18607 1
18607 18608 1
18608 18609 1
18609 18610 1
18610 18611 1
18611 18612 1
18612 18613 1
18613 18614 1
18614 18615 1
18615 18616 1
18616 18617 1
18617 18618 1
18618 18619 1
18619 18620 1
18620 18621 1
18621 18622 1
18622 18623 1
18623 18624 1
18624 18625 1
18625 18626 1
18626 18627 1
18627 18628 1
18628 18629 1
18629 18630 1
18630 18631 1
18631 18632 1
18632 18633 1
18633 18634 1
18634 18635 1
18635 18636 1
18636 18637 1
18637 18638 1
18638 18639 1
18639 18640 1
18640 18641 1
18641 18642 1
18642 18643 1
18643 18644 1
18644 18645 1
18645 18646 1
18646 18647 1
18647 18648 1
18648 18649 1
18649 18650 1
18650 18651 1
18651 18652 1
18652 18653 1
18653 18654 1
18654 18655 1
18655 18656 1
18656 18657 1
18657 18658 1
18658 18659 1
18659 18660 1
18660 18661 1
18661 18662 1
18662 18663 1
18663 18664 1
18664 18665 1
18665 18666 1
18666 18667 1
18667 18668 1
18668 18669 1
18669 18670 1
18670 18671 1
18671 18672 1
18672 18673 1
18673 18674 1
18674 18675 1
18675 18676 1
18676 18677 1
18677 18678 1
18678 18679 1
18679 18680 1
18680 18681 1
18681 18682 1
18682 18683 1
18683 18684 1
18684 18685 1
18685 18686 1
18686 18687 1
18687 18688 1
18688 18689 1
18689 18690 1
18690 18691 1
18691 18692 1
18692 18693 1
18693 18694 1
18694 18695 1
18695 18696 1
18696 18697 1
18697 18698 1
18698 18699 1
18699 18700 1
18700 18701 1
18701 18702 1
18702 18703 1
18703 18704 1
18704 18705 1
18705 18706 1
18706 18707 1
18707 18708 1
18708 18709 1
18709 18710 1
18710 18711 1
18711 18712 1
18712 18713 1
18713 18714 1
18714 18715 1
18715 18716 1
18716 18717 1
18717 18718 1
18718 18719 1
18719 18720 1
18720 18721 1
18721 18722 1
18722 18723 1
18723 18724 1
18724 18725 1
18725 18726 1
18726 18727 1
18727 18728 1
18728 18729 1
18729 18730 1
18730 18731 1
18731 18732 1
18732 18733 1
18733 18734 1
18734 18735 1
18735 18736 1
18736 18737 1
18737 18738 1
18738 18739 1
18739 18740 1
18740 18741 1
18741 18742 1
18742 18743 1
18743 18744 1
18744 18745 1
18745 18746 1
18746 18747 1
18747 18748 1
18748 18749 1
18749 18750 1
18750 18751 1
18751 18752 1
18752 18753 1
18753 18754 1
18754 18755 1
18755 18756 1
18756 18757 1
18757 18758 1
18758 18759 1
18759 18760 1
18760 18761 1
18761 18762 1
18762 18763 1
18763 18764 1
18764 18765 1
18765 18766 1
18766 18767 1
18767 18768 1
18768 18769 1
18769 18770 1
18770 18771 1
18771 18772 1
18772 18773 1
18773 18774 1
18774 18775 1
18775 18776 1
18776 18777 1
18777 18778 1
18778 18779 1
18779 18780 1
18780 18781 1
18781 18782 1
18782 18783 1
18783 18784 1
18784 18785 1
18785 18786 1
18786 18787 1
18787 18788 1
18788 18789 1
18789 18790 1
18790 18791 1
18791 18792 1
18792 18793 1
18793 18794 1
18794 18795 1
18795 18796 1
18796 18797 1
18797 18798 1
18798 18799 1
18799 18800 1
18800 18801 1
18801 18802 1
18802 18803 1
18803 18804 1
18804 18805 1
18805 18806 1
18806 18807 1
18807 18808 1
18808 18809 1
18809 18810 1
18810 18811 1
18811 18812 1
18812 18813 1
18813 18814 1
18814 18815 1
18815 18816 1
18816 18817 1
18817 18818 1
18818 18819 1
18819 18820 1
18820 18821 1
18821 18822 1
18822 18823 1
18823 18824 1
18824 18825 1
18825 18826 1
18826 18827 1
18827 18828 1
18828 18829 1
18829 18830 1
18830 18831 1
18831 18832 1
18832 18833 1
18833 18834 1
18834 18835 1
18835 18836 1
18836 18837 1
18837 18838 1
18838 18839 1
18839 18840 1
18840 18841 1
18841 18842 1
18842 18843 1
18843 18844 1
18844 18845 1
18845 18846 1
18846 18847 1
18847 18848 1
18848 18849 1
18849 18850 1
18850 18851 1
18851 18852 1
18852 18853 1
18853 18854 1
18854 18855 1
18855 18856 1
18856 18857 1
18857 18858 1
18858 18859 1
18859 18860 1
18860 18861 1
18861 18862 1
18862 18863 1
18863 18864 1
18864 18865 1
18865 18866 1
18866 18867 1
18867 18868 1
18868 18869 1
18869 18870 1
18870 18871 1
18871 18872 1
18872 18873 1
18873 18874 1
18874 18875 1
18875 18876 1
18876 18877 1
18877 18878 1
18878 18879 1
18879 18880 1
18880 18881 1
18881 18882 1
18882 18883 1
18883 18884 1
18884 18885 1
18885 18886 1
18886 18887 1
18887 18888 1
18888 18889 1
18889 18890 1
18890 18891 1
18891 18892 1
18892 18893 1
18893 18894 1
18894 18895 1
18895 18896 1
18896 18897 1
18897 18898 1
18898 18899 1
18899 18900 1
18900 18901 1
18901 18902 1
18902 18903 1
18903 18904 1
18904 18905 1
18905 18906 1
18906 18907 1
18907 18908 1
18908 18909 1
18909 18910 1
18910 18911 1
18911 18912 1
18912 18913 1
18913 18914 1
18914 18915 1
18915 18916 1
18916 18917 1
18917 18918 1
18918 18919 1
18919 18920 1
18920 18921 1
18921 18922 1
18922 18923 1
18923 18924 1
18924 18925 1
18925 18926 1
18926 18927 1
18927 18928 1
18928 18929 1
18929 18930 1
18930 18931 1
18931 18932 1
18932 18933 1
18933 18934 1
18934 18935 1
18935 18936 1
18936 18937 1
18937 18938 1
18938 18939 1
18939 18940 1
18940 18941 1
18941 18942 1
18942 18943 1
18943 18944 1
18944 18945 1
18945 18946 1
18946 18947 1
18947 18948 1
18948 18949 1
18949 18950 1
18950 18951 1
18951 18952 1
18952 18953 1
18953 18954 1
18954 18955 1
18955 18956 1
18956 18957 1
18957 18958 1
18958 18959 1
18959 18960 1
18960 18961 1
18961 18962 1
18962 18963 1
18963 18964 1
18964 18965 1
18965 18966 1
18966 18967 1
18967 18968 1
18968 18969 1
18969 18970 1
18970 18971 1
18971 18972 1
18972 18973 1
18973 18974 1
18974 18975 1
18975 18976 1
18976 18977 1
18977 18978 1
18978 18979 1
18979 18980 1
18980 18981 1
18981 18982 1
18982 18983 1
18983 18984 1
18984 18985 1
18985 18986 1
18986 18987 1
18987 18988 1
18988 18989 1
18989 18990 1
18990 18991 1
18991 18992 1
18992 18993 1
18993 18994 1
18994 18995 1
18995 18996 1
18996 18997 1
18997 18998 1
18998 18999 1
18999 19000 1
19000 19001 1
19001 19002 1
19002 19003 1
19003 19004 1
19004 19005 1
19005 19006 1
19006 19007 1
19007 19008 1
19008 19009 1
19009 19010 1
19010 19011 1
19011 19012 1
19012 19013 1
19013 19014 1
19014 19015 1
19015 19016 1
19016 19017 1
19017 19018 1
19018 19019 1
19019 19020 1
19020 19021 1
19021 19022 1
19022 19023 1
19023 19024 1
19024 19025 1
19025 19026 1
19026 19027 1
19027 19028 1
19028 19029 1
19029 19030 1
19030 19031 1
19031 19032 1
19032 19033 1
19033 19034 1
19034 19035 1
19035 19036 1
19036 19037 1
19037 19038 1
19038 19039 1
19039 19040 1
19040 19041 1
19041 19042 1
19042 19043 1
19043 19044 1
19044 19045 1
19045 19046 1
19046 19047 1
19047 19048 1
19048 19049 1
19049 19050 1
19050 19051 1
19051 19052 1
19052 19053 1
19053 19054 1
19054 19055 1
19055 19056 1
19056 19057 1
19057 19058 1
19058 19059 1
19059 19060 1
19060 19061 1
19061 19062 1
19062 19063 1
19063 19064 1
19064 19065 1
19065 19066 1
19066 19067 1
19067 19068 1
19068 19069 1
19069 19070 1
19070 19071 1
19071 19072 1
19072 19073 1
19073 19074 1
19074 19075 1
19075 19076 1
19076 19077 1
19077 19078 1
19078 19079 1
19079 19080 1
19080 19081 1
19081 19082 1
19082 19083 1
19083 19084 1
19084 19085 1
19085 19086 1
19086 19087 1
19087 19088 1
19088 19089 1
19089 19090 1
19090 19091 1
19091 19092 1
19092 19093 1
19093 19094 1
19094 19095 1
19095 19096 1
19096 19097 1
19097 19098 1
19098 19099 1
19099 19100 1
19100 19101 1
19101 19102 1
19102 19103 1
19103 19104 1
19104 19105 1
19105 19106 1
19106 19107 1
19107 19108 1
19108 19109 1
19109 19110 1
19110 19111 1
19111 19112 1
19112 19113 1
19113 19114 1
19114 19115 1
19115 19116 1
19116 19117 1
19117 19118 1
19118 19119 1
19119 19120 1
19120 19121 1
19121 19122 1
19122 19123 1
19123 19124 1
19124 19125 1
19125 19126 1
19126 19127 1
19127 19128 1
19128 19129 1
19129 19130 1
19130 19131 1
19131 19132 1
19132 19133 1
19133 19134 1
19134 19135 1
19135 19136 1
19136 19137 1
19137 19138 1
19138 19139 1
19139 19140 1
19140 19141 1
19141 19142 1
19142 19143 1
19143 19144 1
19144 19145 1
19145 19146 1
19146 19147 1
19147 19148 1
19148 19149 1
19149 19150 1
19150 19151 1
19151 19152 1
19152 19153 1
19153 19154 1
19154 19155 1
19155 19156 1
19156 19157 1
19157 19158 1
19158 19159 1
19159 19160 1
19160 19161 1
19161 19162 1
19162 19163 1
19163 19164 1
19164 19165 1
19165 19166 1
19166 19167 1
19167 19168 1
19168 19169 1
19169 19170 1
19170 19171 1
19171 19172 1
19172 19173 1
19173 19174 1
19174 19175 1
19175 19176 1
19176 19177 1
19177 19178 1
19178 19179 1
19179 19180 1
19180 19181 1
19181 19182 1
19182 19183 1
19183 19184 1
19184 19185 1
19185 19186 1
19186 19187 1
19187 19188 1
19188 19189 1
19189 19190 1
19190 19191 1
19191 19192 1
19192 19193 1
19193 19194 1
19194 19195 1
19195 19196 1
19196 19197 1
19197 19198 1
19198 19199 1
19199 19200 1
19200 19201 1
19201 19202 1
19202 19203 1
19203 19204 1
19204 19205 1
19205 19206 1
19206 19207 1
19207 19208 1
19208 19209 1
19209 19210 1
19210 19211 1
19211 19212 1
19212 19213 1
19213 19214 1
19214 19215 1
19215 19216 1
19216 19217 1
19217 19218 1
19218 19219 1
19219 19220 1
19220 19221 1
19221 19222 1
19222 19223 1
19223 19224 1
19224 19225 1
19225 19226 1
19226 19227 1
19227 19228 1
19228 19229 1
19229 19230 1
19230 19231 1
19231 19232 1
19232 19233 1
19233 19234 1
19234 19235 1
19235 19236 1
19236 19237 1
19237 19238 1
19238 19239 1
19239 19240 1
19240 19241 1
19241 19242 1
19242 19243 1
19243 19244 1
19244 19245 1
19245 19246 1
19246 19247 1
19247 19248 1
19248 19249 1
19249 19250 1
19250 19251 1
19251 19252 1
19252 19253 1
19253 19254 1
19254 19255 1
19255 19256 1
19256 19257 1
19257 19258 1
19258 19259 1
19259 19260 1
19260 19261 1
19261 19262 1
19262 19263 1
19263 19264 1
19264 19265 1
19265 19266 1
19266 19267 1
19267 19268 1
19268 19269 1
19269 19270 1
19270 19271 1
19271 19272 1
19272 19273 1
19273 19274 1
19274 19275 1
19275 19276 1
19276 19277 1
19277 19278 1
19278 19279 1
19279 19280 1
19280 19281 1
19281 19282 1
19282 19283 1
19283 19284 1
19284 19285 1
19285 19286 1
19286 19287 1
19287 19288 1
19288 19289 1
19289 19290 1
19290 19291 1
19291 19292 1
19292 19293 1
19293 19294 1
19294 19295 1
19295 19296 1
19296 19297 1
19297 19298 1
19298 19299 1
19299 19300 1
19300 19301 1
19301 19302 1
19302 19303 1
19303 19304 1
19304 19305 1
19305 19306 1
19306 19307 1
19307 19308 1
19308 19309 1
19309 19310 1
19310 19311 1
19311 19312 1
19312 19313 1
19313 19314 1
19314 19315 1
19315 19316 1
19316 19317 1
19317 19318 1
19318 19319 1
19319 19320 1
19320 19321 1
19321 19322 1
19322 19323 1
19323 19324 1
19324 19325 1
19325 19326 1
19326 19327 1
19327 19328 1
19328 19329 1
19329 19330 1
19330 19331 1
19331 19332 1
19332 19333 1
19333 19334 1
19334 19335 1
19335 19336 1
19336 19337 1
19337 19338 1
19338 19339 1
19339 19340 1
19340 19341 1
19341 19342 1
19342 19343 1
19343 19344 1
19344 19345 1
19345 19346 1
19346 19347 1
19347 19348 1
19348 19349 1
19349 19350 1
19350 19351 1
19351 19352 1
19352 19353 1
19353 19354 1
19354 19355 1
19355 19356 1
19356 19357 1
19357 19358 1
19358 19359 1
19359 19360 1
19360 19361 1
19361 19362 1
19362 19363 1
19363 19364 1
19364 19365 1
19365 19366 1
19366 19367 1
19367 19368 1
19368 19369 1
19369 19370 1
19370 19371 1
19371 19372 1
19372 19373 1
19373 19374 1
19374 19375 1
19375 19376 1
19376 19377 1
19377 19378 1
19378 19379 1
19379 19380 1
19380 19381 1
19381 19382 1
19382 19383 1
19383 19384 1
19384 19385 1
19385 19386 1
19386 19387 1
19387 19388 1
19388 19389 1
19389 19390 1
19390 19391 1
19391 19392 1
19392 19393 1
19393 19394 1
19394 19395 1
19395 19396 1
19396 19397 1
19397 19398 1
19398 19399 1
19399 19400 1
19400 19401 1
19401 19402 1
19402 19403 1
19403 19404 1
19404 19405 1
19405 19406 1
19406 19407 1
19407 19408 1
19408 19409 1
19409 19410 1
19410 19411 1
19411 19412 1
19412 19413 1
19413 19414 1
19414 19415 1
19415 19416 1
19416 19417 1
19417 19418 1
19418 19419 1
19419 19420 1
19420 19421 1
19421 19422 1
19422 19423 1
19423 19424 1
19424 19425 1
19425 19426 1
19426 19427 1
19427 19428 1
19428 19429 1
19429 19430 1
19430 19431 1
19431 19432 1
19432 19433 1
19433 19434 1
19434 19435 1
19435 19436 1
19436 19437 1
19437 19438 1
19438 19439 1
19439 19440 1
19440 19441 1
19441 19442 1
19442 19443 1
19443 19444 1
19444 19445 1
19445 19446 1
19446 19447 1
19447 19448 1
19448 19449 1
19449 19450 1
19450 19451 1
19451 19452 1
19452 19453 1
19453 19454 1
19454 19455 1
19455 19456 1
19456 19457 1
19457 19458 1
19458 19459 1
19459 19460 1
19460 19461 1
19461 19462 1
19462 19463 1
19463 19464 1
19464 19465 1
19465 19466 1
19466 19467 1
19467 19468 1
19468 19469 1
19469 19470 1
19470 19471 1
19471 19472 1
19472 19473 1
19473 19474 1
19474 19475 1
19475 19476 1
19476 19477 1
19477 19478 1
19478 19479 1
19479 19480 1
19480 19481 1
19481 19482 1
19482 19483 1
19483 19484 1
19484 19485 1
19485 19486 1
19486 19487 1
19487 19488 1
19488 19489 1
19489 19490 1
19490 19491 1
19491 19492 1
19492 19493 1
19493 19494 1
19494 19495 1
19495 19496 1
19496 19497 1
19497 19498 1
19498 19499 1
19499 19500 1
19500 19501 1
19501 19502 1
19502 19503 1
19503 19504 1
19504 19505 1
19505 19506 1
19506 19507 1
19507 19508 1
19508 19509 1
19509 19510 1
19510 19511 1
19511 19512 1
19512 19513 1
19513 19514 1
19514 19515 1
19515 19516 1
19516 19517 1
19517 19518 1
19518 19519 1
19519 19520 1
19520 19521 1
19521 19522 1
19522 19523 1
19523 19524 1
19524 19525 1
19525 19526 1
19526 19527 1
19527 19528 1
19528 19529 1
19529 19530 1
19530 19531 1
19531 19532 1
19532 19533 1
19533 19534 1
19534 19535 1
19535 19536 1
19536 19537 1
19537 19538 1
19538 19539 1
19539 19540 1
19540 19541 1
19541 19542 1
19542 19543 1
19543 19544 1
19544 19545 1
19545 19546 1
19546 19547 1
19547 19548 1
19548 19549 1
19549 19550 1
19550 19551 1
19551 19552 1
19552 19553 1
19553 19554 1
19554 19555 1
19555 19556 1
19556 19557 1
19557 19558 1
19558 19559 1
19559 19560 1
19560 19561 1
19561 19562 1
19562 19563 1
19563 19564 1
19564 19565 1
19565 19566 1
19566 19567 1
19567 19568 1
19568 19569 1
19569 19570 1
19570 19571 1
19571 19572 1
19572 19573 1
19573 19574 1
19574 19575 1
19575 19576 1
19576 19577 1
19577 19578 1
19578 19579 1
19579 19580 1
19580 19581 1
19581 19582 1
19582 19583 1
19583 19584 1
19584 19585 1
19585 19586 1
19586 19587 1
19587 19588 1
19588 19589 1
19589 19590 1
19590 19591 1
19591 19592 1
19592 19593 1
19593 19594 1
19594 19595 1
19595 19596 1
19596 19597 1
19597 19598 1
19598 19599 1
19599 19600 1
19600 19601 1
19601 19602 1
19602 19603 1
19603 19604 1
19604 19605 1
19605 19606 1
19606 19607 1
19607 19608 1
19608 19609 1
19609 19610 1
19610 19611 1
19611 19612 1
19612 19613 1
19613 19614 1
19614 19615 1
19615 19616 1
19616 19617 1
19617 19618 1
19618 19619 1
19619 19620 1
19620 19621 1
19621 19622 1
19622 19623 1
19623 19624 1
19624 19625 1
19625 19626 1
19626 19627 1
19627 19628 1
19628 19629 1
19629 19630 1
19630 19631 1
19631 19632 1
19632 19633 1
19633 19634 1
19634 19635 1
19635 19636 1
19636 19637 1
19637 19638 1
19638 19639 1
19639 19640 1
19640 19641 1
19641 19642 1
19642 19643 1
19643 19644 1
19644 19645 1
19645 19646 1
19646 19647 1
19647 19648 1
19648 19649 1
19649 19650 1
19650 19651 1
19651 19652 1
19652 19653 1
19653 19654 1
19654 19655 1
19655 19656 1
19656 19657 1
19657 19658 1
19658 19659 1
19659 19660 1
19660 19661 1
19661 19662 1
19662 19663 1
19663 19664 1
19664 19665 1
19665 19666 1
19666 19667 1
19667 19668 1
19668 19669 1
19669 19670 1
19670 19671 1
19671 19672 1
19672 19673 1
19673 19674 1
19674 19675 1
19675 19676 1
19676 19677 1
19677 19678 1
19678 19679 1
19679 19680 1
19680 19681 1
19681 19682 1
19682 19683 1
19683 19684 1
19684 19685 1
19685 19686 1
19686 19687 1
19687 19688 1
19688 19689 1
19689 19690 1
19690 19691 1
19691 19692 1
19692 19693 1
19693 19694 1
19694 19695 1
19695 19696 1
19696 19697 1
19697 19698 1
19698 19699 1
19699 19700 1
19700 19701 1
19701 19702 1
19702 19703 1
19703 19704 1
19704 19705 1
19705 19706 1
19706 19707 1
19707 19708 1
19708 19709 1
19709 19710 1
19710 19711 1
19711 19712 1
19712 19713 1
19713 19714 1
19714 19715 1
19715 19716 1
19716 19717 1
19717 19718 1
19718 19719 1
19719 19720 1
19720 19721 1
19721 19722 1
19722 19723 1
19723 19724 1
19724 19725 1
19725 19726 1
19726 19727 1
19727 19728 1
19728 19729 1
19729 19730 1
19730 19731 1
19731 19732 1
19732 19733 1
19733 19734 1
19734 19735 1
19735 19736 1
19736 19737 1
19737 19738 1
19738 19739 1
19739 19740 1
19740 19741 1
19741 19742 1
19742 19743 1
19743 19744 1
19744 19745 1
19745 19746 1
19746 19747 1
19747 19748 1
19748 19749 1
19749 19750 1
19750 19751 1
19751 19752 1
19752 19753 1
19753 19754 1
19754 19755 1
19755 19756 1
19756 19757 1
19757 19758 1
19758 19759 1
19759 19760 1
19760 19761 1
19761 19762 1
19762 19763 1
19763 19764 1
19764 19765 1
19765 19766 1
19766 19767 1
19767 19768 1
19768 19769 1
19769 19770 1
19770 19771 1
19771 19772 1
19772 19773 1
19773 19774 1
19774 19775 1
19775 19776 1
19776 19777 1
19777 19778 1
19778 19779 1
19779 19780 1
19780 19781 1
19781 19782 1
19782 19783 1
19783 19784 1
19784 19785 1
19785 19786 1
19786 19787 1
19787 19788 1
19788 19789 1
19789 19790 1
19790 19791 1
19791 19792 1
19792 19793 1
19793 19794 1
19794 19795 1
19795 19796 1
19796 19797 1
19797 19798 1
19798 19799 1
19799 19800 1
19800 19801 1
19801 19802 1
19802 19803 1
19803 19804 1
19804 19805 1
19805 19806 1
19806 19807 1
19807 19808 1
19808 19809 1
19809 19810 1
19810 19811 1
19811 19812 1
19812 19813 1
19813 19814 1
19814 19815 1
19815 19816 1
19816 19817 1
19817 19818 1
19818 19819 1
19819 19820 1
19820 19821 1
19821 19822 1
19822 19823 1
19823 19824 1
19824 19825 1
19825 19826 1
19826 19827 1
19827 19828 1
19828 19829 1
19829 19830 1
19830 19831 1
19831 19832 1
19832 19833 1
19833 19834 1
19834 19835 1
19835 19836 1
19836 19837 1
19837 19838 1
19838 19839 1
19839 19840 1
19840 19841 1
19841 19842 1
19842 19843 1
19843 19844 1
19844 19845 1
19845 19846 1
19846 19847 1
19847 19848 1
19848 19849 1
19849 19850 1
19850 19851 1
19851 19852 1
19852 19853 1
19853 19854 1
19854 19855 1
19855 19856 1
19856 19857 1
19857 19858 1
19858 19859 1
19859 19860 1
19860 19861 1
19861 19862 1
19862 19863 1
19863 19864 1
19864 19865 1
19865 19866 1
19866 19867 1
19867 19868 1
19868 19869 1
19869 19870 1
19870 19871 1
19871 19872 1
19872 19873 1
19873 19874 1
19874 19875 1
19875 19876 1
19876 19877 1
19877 19878 1
19878 19879 1
19879 19880 1
19880 19881 1
19881 19882 1
19882 19883 1
19883 19884 1
19884 19885 1
19885 19886 1
19886 19887 1
19887 19888 1
19888 19889 1
19889 19890 1
19890 19891 1
19891 19892 1
19892 19893 1
19893 19894 1
19894 19895 1
19895 19896 1
19896 19897 1
19897 19898 1
19898 19899 1
19899 19900 1
19900 19901 1
19901 19902 1
19902 19903 1
19903 19904 1
19904 19905 1
19905 19906 1
19906 19907 1
19907 19908 1
19908 19909 1
19909 19910 1
19910 19911 1
19911 19912 1
19912 19913 1
19913 19914 1
19914 19915 1
19915 19916 1
19916 19917 1
19917 19918 1
19918 19919 1
19919 19920 1
19920 19921 1
19921 19922 1
19922 19923 1
19923 19924 1
19924 19925 1
19925 19926 1
19926 19927 1
19927 19928 1
19928 19929 1
19929 19930 1
19930 19931 1
19931 19932 1
19932 19933 1
19933 19934 1
19934 19935 1
19935 19936 1
19936 19937 1
19937 19938 1
19938 19939 1
19939 19940 1
19940 19941 1
19941 19942 1
19942 19943 1
19943 19944 1
19944 19945 1
19945 19946 1
19946 19947 1
19947 19948 1
19948 19949 1
19949 19950 1
19950 19951 1
19951 19952 1
19952 19953 1
19953 19954 1
19954 19955 1
19955 19956 1
19956 19957 1
19957 19958 1
19958 19959 1
19959 19960 1
19960 19961 1
19961 19962 1
19962 19963 1
19963 19964 1
19964 19965 1
19965 19966 1
19966 19967 1
19967 19968 1
19968 19969 1
19969 19970 1
19970 19971 1
19971 19972 1
19972 19973 1
19973 19974 1
19974 19975 1
19975 19976 1
19976 19977 1
19977 19978 1
19978 19979 1
19979 19980 1
19980 19981 1
19981 19982 1
19982 19983 1
19983 19984 1
19984 19985 1
19985 19986 1
19986 19987 1
19987 19988 1
19988 19989 1
19989 19990 1
19990 19991 1
19991 19992 1
19992 19993 1
19993 19994 1
19994 19995 1
19995 19996 1
19996 19997 1
19997 19998 1
19998 19999 1
19999 20000 1
20000 20001 1
20001 20002 1
20002 20003 1
20003 20004 1
20004 20005 1
20005 20006 1
20006 20007 1
20007 20008 1
20008 20009 1
20009 20010 1
20010 20011 1
20011 20012 1
20012 20013 1
20013 20014 1
20014 20015 1
20015 20016 1
20016 20017 1
20017 20018 1
20018 20019 1
20019 20020 1
20020 20021 1
20021 20022 1
20022 20023 1
20023 20024 1
20024 20025 1
20025 20026 1
20026 20027 1
20027 20028 1
20028 20029 1
20029 20030 1
20030 20031 1
20031 20032 1
20032 20033 1
20033 20034 1
20034 20035 1
20035 20036 1
20036 20037 1
20037 20038 1
20038 20039 1
20039 20040 1
20040 20041 1
20041 20042 1
20042 20043 1
20043 20044 1
20044 20045 1
20045 20046 1
20046 20047 1
20047 20048 1
20048 20049 1
20049 20050 1
20050 20051 1
20051 20052 1
20052 20053 1
20053 20054 1
20054 20055 1
20055 20056 1
20056 20057 1
20057 20058 1
20058 20059 1
20059 20060 1
20060 20061 1
20061 20062 1
20062 20063 1
20063 20064 1
20064 20065 1
20065 20066 1
20066 20067 1
20067 20068 1
20068 20069 1
20069 20070 1
20070 20071 1
20071 20072 1
20072 20073 1
20073 20074 1
20074 20075 1
20075 20076 1
20076 20077 1
20077 20078 1
20078 20079 1
20079 20080 1
20080 20081 1
20081 20082 1
20082 20083 1
20083 20084 1
20084 20085 1
20085 20086 1
20086 20087 1
20087 20088 1
20088 20089 1
20089 20090 1
20090 20091 1
20091 20092 1
20092 20093 1
20093 20094 1
20094 20095 1
20095 20096 1
20096 20097 1
20097 20098 1
20098 20099 1
20099 20100 1
20100 20101 1
20101 20102 1
20102 20103 1
20103 20104 1
20104 20105 1
20105 20106 1
20106 20107 1
20107 20108 1
20108 20109 1
20109 20110 1
20110 20111 1
20111 20112 1
20112 20113 1
20113 20114 1
20114 20115 1
20115 20116 1
20116 20117 1
20117 20118 1
20118 20119 1
20119 20120 1
20120 20121 1
20121 20122 1
20122 20123 1
20123 20124 1
20124 20125 1
20125 20126 1
20126 20127 1
20127 20128 1
20128 20129 1
20129 20130 1
20130 20131 1
20131 20132 1
20132 20133 1
20133 20134 1
20134 20135 1
20135 20136 1
20136 20137 1
20137 20138 1
20138 20139 1
20139 20140 1
20140 20141 1
20141 20142 1
20142 20143 1
20143 20144 1
20144 20145 1
20145 20146 1
20146 20147 1
20147 20148 1
20148 20149 1
20149 20150 1
20150 20151 1
20151 20152 1
20152 20153 1
20153 20154 1
20154 20155 1
20155 20156 1
20156 20157 1
20157 20158 1
20158 20159 1
20159 20160 1
20160 20161 1
20161 20162 1
20162 20163 1
20163 20164 1
20164 20165 1
20165 20166 1
20166 20167 1
20167 20168 1
20168 20169 1
20169 20170 1
20170 20171 1
20171 20172 1
20172 20173 1
20173 20174 1
20174 20175 1
20175 20176 1
20176 20177 1
20177 20178 1
20178 20179 1
20179 20180 1
20180 20181 1
20181 20182 1
20182 20183 1
20183 20184 1
20184 20185 1
20185 20186 1
20186 20187 1
20187 20188 1
20188 20189 1
20189 20190 1
20190 20191 1
20191 20192 1
20192 20193 1
20193 20194 1
20194 20195 1
20195 20196 1
20196 20197 1
20197 20198 1
20198 20199 1
20199 20200 1
20200 20201 1
20201 20202 1
20202 20203 1
20203 20204 1
20204 20205 1
20205 20206 1
20206 20207 1
20207 20208 1
20208 20209 1
20209 20210 1
20210 20211 1
20211 20212 1
20212 20213 1
20213 20214 1
20214 20215 1
20215 20216 1
20216 20217 1
20217 20218 1
20218 20219 1
20219 20220 1
20220 20221 1
20221 20222 1
20222 20223 1
20223 20224 1
20224 20225 1
20225 20226 1
20226 20227 1
20227 20228 1
20228 20229 1
20229 20230 1
20230 20231 1
20231 20232 1
20232 20233 1
20233 20234 1
20234 20235 1
20235 20236 1
20236 20237 1
20237 20238 1
20238 20239 1
20239 20240 1
20240 20241 1
20241 20242 1
20242 20243 1
20243 20244 1
20244 20245 1
20245 20246 1
20246 20247 1
20247 20248 1
20248 20249 1
20249 20250 1
20250 20251 1
20251 20252 1
20252 20253 1
20253 20254 1
20254 20255 1
20255 20256 1
20256 20257 1
20257 20258 1
20258 20259 1
20259 20260 1
20260 20261 1
20261 20262 1
20262 20263 1
20263 20264 1
20264 20265 1
20265 20266 1
20266 20267 1
20267 20268 1
20268 20269 1
20269 20270 1
20270 20271 1
20271 20272 1
20272 20273 1
20273 20274 1
20274 20275 1
20275 20276 1
20276 20277 1
20277 20278 1
20278 20279 1
20279 20280 1
20280 20281 1
20281 20282 1
20282 20283 1
20283 20284 1
20284 20285 1
20285 20286 1
20286 20287 1
20287 20288 1
20288 20289 1
20289 20290 1
20290 20291 1
20291 20292 1
20292 20293 1
20293 20294 1
20294 20295 1
20295 20296 1
20296 20297 1
20297 20298 1
20298 20299 1
20299 20300 1
20300 20301 1
20301 20302 1
20302 20303 1
20303 20304 1
20304 20305 1
20305 20306 1
20306 20307 1
20307 20308 1
20308 20309 1
20309 20310 1
20310 20311 1
20311 20312 1
20312 20313 1
20313 20314 1
20314 20315 1
20315 20316 1
20316 20317 1
20317 20318 1
20318 20319 1
20319 20320 1
20320 20321 1
20321 20322 1
20322 20323 1
20323 20324 1
20324 20325 1
20325 20326 1
20326 20327 1
20327 20328 1
20328 20329 1
20329 20330 1
20330 20331 1
20331 20332 1
20332 20333 1
20333 20334 1
20334 20335 1
20335 20336 1
20336 20337 1
20337 20338 1
20338 20339 1
20339 20340 1
20340 20341 1
20341 20342 1
20342 20343 1
20343 20344 1
20344 20345 1
20345 20346 1
20346 20347 1
20347 20348 1
20348 20349 1
20349 20350 1
20350 20351 1
20351 20352 1
20352 20353 1
20353 20354 1
20354 20355 1
20355 20356 1
20356 20357 1
20357 20358 1
20358 20359 1
20359 20360 1
20360 20361 1
20361 20362 1
20362 20363 1
20363 20364 1
20364 20365 1
20365 20366 1
20366 20367 1
20367 20368 1
20368 20369 1
20369 20370 1
20370 20371 1
20371 20372 1
20372 20373 1
20373 20374 1
20374 20375 1
20375 20376 1
20376 20377 1
20377 20378 1
20378 20379 1
20379 20380 1
20380 20381 1
20381 20382 1
20382 20383 1
20383 20384 1
20384 20385 1
20385 20386 1
20386 20387 1
20387 20388 1
20388 20389 1
20389 20390 1
20390 20391 1
20391 20392 1
20392 20393 1
20393 20394 1
20394 20395 1
20395 20396 1
20396 20397 1
20397 20398 1
20398 20399 1
20399 20400 1
20400 20401 1
20401 20402 1
20402 20403 1
20403 20404 1
20404 20405 1
20405 20406 1
20406 20407 1
20407 20408 1
20408 20409 1
20409 20410 1
20410 20411 1
20411 20412 1
20412 20413 1
20413 20414 1
20414 20415 1
20415 20416 1
20416 20417 1
20417 20418 1
20418 20419 1
20419 20420 1
20420 20421 1
20421 20422 1
20422 20423 1
20423 20424 1
20424 20425 1
20425 20426 1
20426 20427 1
20427 20428 1
20428 20429 1
20429 20430 1
20430 20431 1
20431 20432 1
20432 20433 1
20433 20434 1
20434 20435 1
20435 20436 1
20436 20437 1
20437 20438 1
20438 20439 1
20439 20440 1
20440 20441 1
20441 20442 1
20442 20443 1
20443 20444 1
20444 20445 1
20445 20446 1
20446 20447 1
20447 20448 1
20448 20449 1
20449 20450 1
20450 20451 1
20451 20452 1
20452 20453 1
20453 20454 1
20454 20455 1
20455 20456 1
20456 20457 1
20457 20458 1
20458 20459 1
20459 20460 1
20460 20461 1
20461 20462 1
20462 20463 1
20463 20464 1
20464 20465 1
20465 20466 1
20466 20467 1
20467 20468 1
20468 20469 1
20469 20470 1
20470 20471 1
20471 20472 1
20472 20473 1
20473 20474 1
20474 20475 1
20475 20476 1
20476 20477 1
20477 20478 1
20478 20479 1
20479 20480 1
20480 20481 1
20481 20482 1
20482 20483 1
20483 20484 1
20484 20485 1
20485 20486 1
20486 20487 1
20487 20488 1
20488 20489 1
20489 20490 1
20490 20491 1
20491 20492 1
20492 20493 1
20493 20494 1
20494 20495 1
20495 20496 1
20496 20497 1
20497 20498 1
20498 20499 1
20499 20500 1
20500 20501 1
20501 20502 1
20502 20503 1
20503 20504 1
20504 20505 1
20505 20506 1
20506 20507 1
20507 20508 1
20508 20509 1
20509 20510 1
20510 20511 1
20511 20512 1
20512 20513 1
20513 20514 1
20514 20515 1
20515 20516 1
20516 20517 1
20517 20518 1
20518 20519 1
20519 20520 1
20520 20521 1
20521 20522 1
20522 20523 1
20523 20524 1
20524 20525 1
20525 20526 1
20526 20527 1
20527 20528 1
20528 20529 1
20529 20530 1
20530 20531 1
20531 20532 1
20532 20533 1
20533 20534 1
20534 20535 1
20535 20536 1
20536 20537 1
20537 20538 1
20538 20539 1
20539 20540 1
20540 20541 1
20541 20542 1
20542 20543 1
20543 20544 1
20544 20545 1
20545 20546 1
20546 20547 1
20547 20548 1
20548 20549 1
20549 20550 1
20550 20551 1
20551 20552 1
20552 20553 1
20553 20554 1
20554 20555 1
20555 20556 1
20556 20557 1
20557 20558 1
20558 20559 1
20559 20560 1
20560 20561 1
20561 20562 1
20562 20563 1
20563 20564 1
20564 20565 1
20565 20566 1
20566 20567 1
20567 20568 1
20568 20569 1
20569 20570 1
20570 20571 1
20571 20572 1
20572 20573 1
20573 20574 1
20574 20575 1
20575 20576 1
20576 20577 1
20577 20578 1
20578 20579 1
20579 20580 1
20580 20581 1
20581 20582 1
20582 20583 1
20583 20584 1
20584 20585 1
20585 20586 1
20586 20587 1
20587 20588 1
20588 20589 1
20589 20590 1
20590 20591 1
20591 20592 1
20592 20593 1
20593 20594 1
20594 20595 1
20595 20596 1
20596 20597 1
20597 20598 1
20598 20599 1
20599 20600 1
20600 20601 1
20601 20602 1
20602 20603 1
20603 20604 1
20604 20605 1
20605 20606 1
20606 20607 1
20607 20608 1
20608 20609 1
20609 20610 1
20610 20611 1
20611 20612 1
20612 20613 1
20613 20614 1
20614 20615 1
20615 20616 1
20616 20617 1
20617 20618 1
20618 20619 1
20619 20620 1
20620 20621 1
20621 20622 1
20622 20623 1
20623 20624 1
20624 20625 1
20625 20626 1
20626 20627 1
20627 20628 1
20628 20629 1
20629 20630 1
20630 20631 1
20631 20632 1
20632 20633 1
20633 20634 1
20634 20635 1
20635 20636 1
20636 20637 1
20637 20638 1
20638 20639 1
20639 20640 1
20640 20641 1
20641 20642 1
20642 20643 1
20643 20644 1
20644 20645 1
20645 20646 1
20646 20647 1
20647 20648 1
20648 20649 1
20649 20650 1
20650 20651 1
20651 20652 1
20652 20653 1
20653 20654 1
20654 20655 1
20655 20656 1
20656 20657 1
20657 20658 1
20658 20659 1
20659 20660 1
20660 20661 1
20661 20662 1
20662 20663 1
20663 20664 1
20664 20665 1
20665 20666 1
20666 20667 1
20667 20668 1
20668 20669 1
20669 20670 1
20670 20671 1
20671 20672 1
20672 20673 1
20673 20674 1
20674 20675 1
20675 20676 1
20676 20677 1
20677 20678 1
20678 20679 1
20679 20680 1
20680 20681 1
20681 20682 1
20682 20683 1
20683 20684 1
20684 20685 1
20685 20686 1
20686 20687 1
20687 20688 1
20688 20689 1
20689 20690 1
20690 20691 1
20691 20692 1
20692 20693 1
20693 20694 1
20694 20695 1
20695 20696 1
20696 20697 1
20697 20698 1
20698 20699 1
20699 20700 1
20700 20701 1
20701 20702 1
20702 20703 1
20703 20704 1
20704 20705 1
20705 20706 1
20706 20707 1
20707 20708 1
20708 20709 1
20709 20710 1
20710 20711 1
20711 20712 1
20712 20713 1
20713 20714 1
20714 20715 1
20715 20716 1
20716 20717 1
20717 20718 1
20718 20719 1
20719 20720 1
20720 20721 1
20721 20722 1
20722 20723 1
20723 20724 1
20724 20725 1
20725 20726 1
20726 20727 1
20727 20728 1
20728 20729 1
20729 20730 1
20730 20731 1
20731 20732 1
20732 20733 1
20733 20734 1
20734 20735 1
20735 20736 1
20736 20737 1
20737 20738 1
20738 20739 1
20739 20740 1
20740 20741 1
20741 20742 1
20742 20743 1
20743 20744 1
20744 20745 1
20745 20746 1
20746 20747 1
20747 20748 1
20748 20749 1
20749 20750 1
20750 20751 1
20751 20752 1
20752 20753 1
20753 20754 1
20754 20755 1
20755 20756 1
20756 20757 1
20757 20758 1
20758 20759 1
20759 20760 1
20760 20761 1
20761 20762 1
20762 20763 1
20763 20764 1
20764 20765 1
20765 20766 1
20766 20767 1
20767 20768 1
20768 20769 1
20769 20770 1
20770 20771 1
20771 20772 1
20772 20773 1
20773 20774 1
20774 20775 1
20775 20776 1
20776 20777 1
20777 20778 1
20778 20779 1
20779 20780 1
20780 20781 1
20781 20782 1
20782 20783 1
20783 20784 1
20784 20785 1
20785 20786 1
20786 20787 1
20787 20788 1
20788 20789 1
20789 20790 1
20790 20791 1
20791 20792 1
20792 20793 1
20793 20794 1
20794 20795 1
20795 20796 1
20796 20797 1
20797 20798 1
20798 20799 1
20799 20800 1
20800 20801 1
20801 20802 1
20802 20803 1
20803 20804 1
20804 20805 1
20805 20806 1
20806 20807 1
20807 20808 1
20808 20809 1
20809 20810 1
20810 20811 1
20811 20812 1
20812 20813 1
20813 20814 1
20814 20815 1
20815 20816 1
20816 20817 1
20817 20818 1
20818 20819 1
20819 20820 1
20820 20821 1
20821 20822 1
20822 20823 1
20823 20824 1
20824 20825 1
20825 20826 1
20826 20827 1
20827 20828 1
20828 20829 1
20829 20830 1
20830 20831 1
20831 20832 1
20832 20833 1
20833 20834 1
20834 20835 1
20835 20836 1
20836 20837 1
20837 20838 1
20838 20839 1
20839 20840 1
20840 20841 1
20841 20842 1
20842 20843 1
20843 20844 1
20844 20845 1
20845 20846 1
20846 20847 1
20847 20848 1
20848 20849 1
20849 20850 1
20850 20851 1
20851 20852 1
20852 20853 1
20853 20854 1
20854 20855 1
20855 20856 1
20856 20857 1
20857 20858 1
20858 20859 1
20859 20860 1
20860 20861 1
20861 20862 1
20862 20863 1
20863 20864 1
20864 20865 1
20865 20866 1
20866 20867 1
20867 20868 1
20868 20869 1
20869 20870 1
20870 20871 1
20871 20872 1
20872 20873 1
20873 20874 1
20874 20875 1
20875 20876 1
20876 20877 1
20877 20878 1
20878 20879 1
20879 20880 1
20880 20881 1
20881 20882 1
20882 20883 1
20883 20884 1
20884 20885 1
20885 20886 1
20886 20887 1
20887 20888 1
20888 20889 1
20889 20890 1
20890 20891 1
20891 20892 1
20892 20893 1
20893 20894 1
20894 20895 1
20895 20896 1
20896 20897 1
20897 20898 1
20898 20899 1
20899 20900 1
20900 20901 1
20901 20902 1
20902 20903 1
20903 20904 1
20904 20905 1
20905 20906 1
20906 20907 1
20907 20908 1
20908 20909 1
20909 20910 1
20910 20911 1
20911 20912 1
20912 20913 1
20913 20914 1
20914 20915 1
20915 20916 1
20916 20917 1
20917 20918 1
20918 20919 1
20919 20920 1
20920 20921 1
20921 20922 1
20922 20923 1
20923 20924 1
20924 20925 1
20925 20926 1
20926 20927 1
20927 20928 1
20928 20929 1
20929 20930 1
20930 20931 1
20931 20932 1
20932 20933 1
20933 20934 1
20934 20935 1
20935 20936 1
20936 20937 1
20937 20938 1
20938 20939 1
20939 20940 1
20940 20941 1
20941 20942 1
20942 20943 1
20943 20944 1
20944 20945 1
20945 20946 1
20946 20947 1
20947 20948 1
20948 20949 1
20949 20950 1
20950 20951 1
20951 20952 1
20952 20953 1
20953 20954 1
20954 20955 1
20955 20956 1
20956 20957 1
20957 20958 1
20958 20959 1
20959 20960 1
20960 20961 1
20961 20962 1
20962 20963 1
20963 20964 1
20964 20965 1
20965 20966 1
20966 20967 1
20967 20968 1
20968 20969 1
20969 20970 1
20970 20971 1
20971 20972 1
20972 20973 1
20973 20974 1
20974 20975 1
20975 20976 1
20976 20977 1
20977 20978 1
20978 20979 1
20979 20980 1
20980 20981 1
20981 20982 1
20982 20983 1
20983 20984 1
20984 20985 1
20985 20986 1
20986 20987 1
20987 20988 1
20988 20989 1
20989 20990 1
20990 20991 1
20991 20992 1
20992 20993 1
20993 20994 1
20994 20995 1
20995 20996 1
20996 20997 1
20997 20998 1
20998 20999 1
20999 21000 1
21000 21001 1
21001 21002 1
21002 21003 1
21003 21004 1
21004 21005 1
21005 21006 1
21006 21007 1
21007 21008 1
21008 21009 1
21009 21010 1
21010 21011 1
21011 21012 1
21012 21013 1
21013 21014 1
21014 21015 1
21015 21016 1
21016 21017 1
21017 21018 1
21018 21019 1
21019 21020 1
21020 21021 1
21021 21022 1
21022 21023 1
21023 21024 1
21024 21025 1
21025 21026 1
21026 21027 1
21027 21028 1
21028 21029 1
21029 21030 1
21030 21031 1
21031 21032 1
21032 21033 1
21033 21034 1
21034 21035 1
21035 21036 1
21036 21037 1
21037 21038 1
21038 21039 1
21039 21040 1
21040 21041 1
21041 21042 1
21042 21043 1
21043 21044 1
21044 21045 1
21045 21046 1
21046 21047 1
21047 21048 1
21048 21049 1
21049 21050 1
21050 21051 1
21051 21052 1
21052 21053 1
21053 21054 1
21054 21055 1
21055 21056 1
21056 21057 1
21057 21058 1
21058 21059 1
21059 21060 1
21060 21061 1
21061 21062 1
21062 21063 1
21063 21064 1
21064 21065 1
21065 21066 1
21066 21067 1
21067 21068 1
21068 21069 1
21069 21070 1
21070 21071 1
21071 21072 1
21072 21073 1
21073 21074 1
21074 21075 1
21075 21076 1
21076 21077 1
21077 21078 1
21078 21079 1
21079 21080 1
21080 21081 1
21081 21082 1
21082 21083 1
21083 21084 1
21084 21085 1
21085 21086 1
21086 21087 1
21087 21088 1
21088 21089 1
21089 21090 1
21090 21091 1
21091 21092 1
21092 21093 1
21093 21094 1
21094 21095 1
21095 21096 1
21096 21097 1
21097 21098 1
21098 21099 1
21099 21100 1
21100 21101 1
21101 21102 1
21102 21103 1
21103 21104 1
21104 21105 1
21105 21106 1
21106 21107 1
21107 21108 1
21108 21109 1
21109 21110 1
21110 21111 1
21111 21112 1
21112 21113 1
21113 21114 1
21114 21115 1
21115 21116 1
21116 21117 1
21117 21118 1
21118 21119 1
21119 21120 1
21120 21121 1
21121 21122 1
21122 21123 1
21123 21124 1
21124 21125 1
21125 21126 1
21126 21127 1
21127 21128 1
21128 21129 1
21129 21130 1
21130 21131 1
21131 21132 1
21132 21133 1
21133 21134 1
21134 21135 1
21135 21136 1
21136 21137 1
21137 21138 1
21138 21139 1
21139 21140 1
21140 21141 1
21141 21142 1
21142 21143 1
21143 21144 1
21144 21145 1
21145 21146 1
21146 21147 1
21147 21148 1
21148 21149 1
21149 21150 1
21150 21151 1
21151 21152 1
21152 21153 1
21153 21154 1
21154 21155 1
21155 21156 1
21156 21157 1
21157 21158 1
21158 21159 1
21159 21160 1
21160 21161 1
21161 21162 1
21162 21163 1
21163 21164 1
21164 21165 1
21165 21166 1
21166 21167 1
21167 21168 1
21168 21169 1
21169 21170 1
21170 21171 1
21171 21172 1
21172 21173 1
21173 21174 1
21174 21175 1
21175 21176 1
21176 21177 1
21177 21178 1
21178 21179 1
21179 21180 1
21180 21181 1
21181 21182 1
21182 21183 1
21183 21184 1
21184 21185 1
21185 21186 1
21186 21187 1
21187 21188 1
21188 21189 1
21189 21190 1
21190 21191 1
21191 21192 1
21192 21193 1
21193 21194 1
21194 21195 1
21195 21196 1
21196 21197 1
21197 21198 1
21198 21199 1
21199 21200 1
21200 21201 1
21201 21202 1
21202 21203 1
21203 21204 1
21204 21205 1
21205 21206 1
21206 21207 1
21207 21208 1
21208 21209 1
21209 21210 1
21210 21211 1
21211 21212 1
21212 21213 1
21213 21214 1
21214 21215 1
21215 21216 1
21216 21217 1
21217 21218 1
21218 21219 1
21219 21220 1
21220 21221 1
21221 21222 1
21222 21223 1
21223 21224 1
21224 21225 1
21225 21226 1
21226 21227 1
21227 21228 1
21228 21229 1
21229 21230 1
21230 21231 1
21231 21232 1
21232 21233 1
21233 21234 1
21234 21235 1
21235 21236 1
21236 21237 1
21237 21238 1
21238 21239 1
21239 21240 1
21240 21241 1
21241 21242 1
21242 21243 1
21243 21244 1
21244 21245 1
21245 21246 1
21246 21247 1
21247 21248 1
21248 21249 1
21249 21250 1
21250 21251 1
21251 21252 1
21252 21253 1
21253 21254 1
21254 21255 1
21255 21256 1
21256 21257 1
21257 21258 1
21258 21259 1
21259 21260 1
21260 21261 1
21261 21262 1
21262 21263 1
21263 21264 1
21264 21265 1
21265 21266 1
21266 21267 1
21267 21268 1
21268 21269 1
21269 21270 1
21270 21271 1
21271 21272 1
21272 21273 1
21273 21274 1
21274 21275 1
21275 21276 1
21276 21277 1
21277 21278 1
21278 21279 1
21279 21280 1
21280 21281 1
21281 21282 1
21282 21283 1
21283 21284 1
21284 21285 1
21285 21286 1
21286 21287 1
21287 21288 1
21288 21289 1
21289 21290 1
21290 21291 1
21291 21292 1
21292 21293 1
21293 21294 1
21294 21295 1
21295 21296 1
21296 21297 1
21297 21298 1
21298 21299 1
21299 21300 1
21300 21301 1
21301 21302 1
21302 21303 1
21303 21304 1
21304 21305 1
21305 21306 1
21306 21307 1
21307 21308 1
21308 21309 1
21309 21310 1
21310 21311 1
21311 21312 1
21312 21313 1
21313 21314 1
21314 21315 1
21315 21316 1
21316 21317 1
21317 21318 1
21318 21319 1
21319 21320 1
21320 21321 1
21321 21322 1
21322 21323 1
21323 21324 1
21324 21325 1
21325 21326 1
21326 21327 1
21327 21328 1
21328 21329 1
21329 21330 1
21330 21331 1
21331 21332 1
21332 21333 1
21333 21334 1
21334 21335 1
21335 21336 1
21336 21337 1
21337 21338 1
21338 21339 1
21339 21340 1
21340 21341 1
21341 21342 1
21342 21343 1
21343 21344 1
21344 21345 1
21345 21346 1
21346 21347 1
21347 21348 1
21348 21349 1
21349 21350 1
21350 21351 1
21351 21352 1
21352 21353 1
21353 21354 1
21354 21355 1
21355 21356 1
21356 21357 1
21357 21358 1
21358 21359 1
21359 21360 1
21360 21361 1
21361 21362 1
21362 21363 1
21363 21364 1
21364 21365 1
21365 21366 1
21366 21367 1
21367 21368 1
21368 21369 1
21369 21370 1
21370 21371 1
21371 21372 1
21372 21373 1
21373 21374 1
21374 21375 1
21375 21376 1
21376 21377 1
21377 21378 1
21378 21379 1
21379 21380 1
21380 21381 1
21381 21382 1
21382 21383 1
21383 21384 1
21384 21385 1
21385 21386 1
21386 21387 1
21387 21388 1
21388 21389 1
21389 21390 1
21390 21391 1
21391 21392 1
21392 21393 1
21393 21394 1
21394 21395 1
21395 21396 1
21396 21397 1
21397 21398 1
21398 21399 1
21399 21400 1
21400 21401 1
21401 21402 1
21402 21403 1
21403 21404 1
21404 21405 1
21405 21406 1
21406 21407 1
21407 21408 1
21408 21409 1
21409 21410 1
21410 21411 1
21411 21412 1
21412 21413 1
21413 21414 1
21414 21415 1
21415 21416 1
21416 21417 1
21417 21418 1
21418 21419 1
21419 21420 1
21420 21421 1
21421 21422 1
21422 21423 1
21423 21424 1
21424 21425 1
21425 21426 1
21426 21427 1
21427 21428 1
21428 21429 1
21429 21430 1
21430 21431 1
21431 21432 1
21432 21433 1
21433 21434 1
21434 21435 1
21435 21436 1
21436 21437 1
21437 21438 1
21438 21439 1
21439 21440 1
21440 21441 1
21441 21442 1
21442 21443 1
21443 21444 1
21444 21445 1
21445 21446 1
21446 21447 1
21447 21448 1
21448 21449 1
21449 21450 1
21450 21451 1
21451 21452 1
21452 21453 1
21453 21454 1
21454 21455 1
21455 21456 1
21456 21457 1
21457 21458 1
21458 21459 1
21459 21460 1
21460 21461 1
21461 21462 1
21462 21463 1
21463 21464 1
21464 21465 1
21465 21466 1
21466 21467 1
21467 21468 1
21468 21469 1
21469 21470 1
21470 21471 1
21471 21472 1
21472 21473 1
21473 21474 1
21474 21475 1
21475 21476 1
21476 21477 1
21477 21478 1
21478 21479 1
21479 21480 1
21480 21481 1
21481 21482 1
21482 21483 1
21483 21484 1
21484 21485 1
21485 21486 1
21486 21487 1
21487 21488 1
21488 21489 1
21489 21490 1
21490 21491 1
21491 21492 1
21492 21493 1
21493 21494 1
21494 21495 1
21495 21496 1
21496 21497 1
21497 21498 1
21498 21499 1
21499 21500 1
21500 21501 1
21501 21502 1
21502 21503 1
21503 21504 1
21504 21505 1
21505 21506 1
21506 21507 1
21507 21508 1
21508 21509 1
21509 21510 1
21510 21511 1
21511 21512 1
21512 21513 1
21513 21514 1
21514 21515 1
21515 21516 1
21516 21517 1
21517 21518 1
21518 21519 1
21519 21520 1
21520 21521 1
21521 21522 1
21522 21523 1
21523 21524 1
21524 21525 1
21525 21526 1
21526 21527 1
21527 21528 1
21528 21529 1
21529 21530 1
21530 21531 1
21531 21532 1
21532 21533 1
21533 21534 1
21534 21535 1
21535 21536 1
21536 21537 1
21537 21538 1
21538 21539 1
21539 21540 1
21540 21541 1
21541 21542 1
21542 21543 1
21543 21544 1
21544 21545 1
21545 21546 1
21546 21547 1
21547 21548 1
21548 21549 1
21549 21550 1
21550 21551 1
21551 21552 1
21552 21553 1
21553 21554 1
21554 21555 1
21555 21556 1
21556 21557 1
21557 21558 1
21558 21559 1
21559 21560 1
21560 21561 1
21561 21562 1
21562 21563 1
21563 21564 1
21564 21565 1
21565 21566 1
21566 21567 1
21567 21568 1
21568 21569 1
21569 21570 1
21570 21571 1
21571 21572 1
21572 21573 1
21573 21574 1
21574 21575 1
21575 21576 1
21576 21577 1
21577 21578 1
21578 21579 1
21579 21580 1
21580 21581 1
21581 21582 1
21582 21583 1
21583 21584 1
21584 21585 1
21585 21586 1
21586 21587 1
21587 21588 1
21588 21589 1
21589 21590 1
21590 21591 1
21591 21592 1
21592 21593 1
21593 21594 1
21594 21595 1
21595 21596 1
21596 21597 1
21597 21598 1
21598 21599 1
21599 21600 1
21600 21601 1
21601 21602 1
21602 21603 1
21603 21604 1
21604 21605 1
21605 21606 1
21606 21607 1
21607 21608 1
21608 21609 1
21609 21610 1
21610 21611 1
21611 21612 1
21612 21613 1
21613 21614 1
21614 21615 1
21615 21616 1
21616 21617 1
21617 21618 1
21618 21619 1
21619 21620 1
21620 21621 1
21621 21622 1
21622 21623 1
21623 21624 1
21624 21625 1
21625 21626 1
21626 21627 1
21627 21628 1
21628 21629 1
21629 21630 1
21630 21631 1
21631 21632 1
21632 21633 1
21633 21634 1
21634 21635 1
21635 21636 1
21636 21637 1
21637 21638 1
21638 21639 1
21639 21640 1
21640 21641 1
21641 21642 1
21642 21643 1
21643 21644 1
21644 21645 1
21645 21646 1
21646 21647 1
21647 21648 1
21648 21649 1
21649 21650 1
21650 21651 1
21651 21652 1
21652 21653 1
21653 21654 1
21654 21655 1
21655 21656 1
21656 21657 1
21657 21658 1
21658 21659 1
21659 21660 1
21660 21661 1
21661 21662 1
21662 21663 1
21663 21664 1
21664 21665 1
21665 21666 1
21666 21667 1
21667 21668 1
21668 21669 1
21669 21670 1
21670 21671 1
21671 21672 1
21672 21673 1
21673 21674 1
21674 21675 1
21675 21676 1
21676 21677 1
21677 21678 1
21678 21679 1
21679 21680 1
21680 21681 1
21681 21682 1
21682 21683 1
21683 21684 1
21684 21685 1
21685 21686 1
21686 21687 1
21687 21688 1
21688 21689 1
21689 21690 1
21690 21691 1
21691 21692 1
21692 21693 1
21693 21694 1
21694 21695 1
21695 21696 1
21696 21697 1
21697 21698 1
21698 21699 1
21699 21700 1
21700 21701 1
21701 21702 1
21702 21703 1
21703 21704 1
21704 21705 1
21705 21706 1
21706 21707 1
21707 21708 1
21708 21709 1
21709 21710 1
21710 21711 1
21711 21712 1
21712 21713 1
21713 21714 1
21714 21715 1
21715 21716 1
21716 21717 1
21717 21718 1
21718 21719 1
21719 21720 1
21720 21721 1
21721 21722 1
21722 21723 1
21723 21724 1
21724 21725 1
21725 21726 1
21726 21727 1
21727 21728 1
21728 21729 1
21729 21730 1
21730 21731 1
21731 21732 1
21732 21733 1
21733 21734 1
21734 21735 1
21735 21736 1
21736 21737 1
21737 21738 1
21738 21739 1
21739 21740 1
21740 21741 1
21741 21742 1
21742 21743 1
21743 21744 1
21744 21745 1
21745 21746 1
21746 21747 1
21747 21748 1
21748 21749 1
21749 21750 1
21750 21751 1
21751 21752 1
21752 21753 1
21753 21754 1
21754 21755 1
21755 21756 1
21756 21757 1
21757 21758 1
21758 21759 1
21759 21760 1
21760 21761 1
21761 21762 1
21762 21763 1
21763 21764 1
21764 21765 1
21765 21766 1
21766 21767 1
21767 21768 1
21768 21769 1
21769 21770 1
21770 21771 1
21771 21772 1
21772 21773 1
21773 21774 1
21774 21775 1
21775 21776 1
21776 21777 1
21777 21778 1
21778 21779 1
21779 21780 1
21780 21781 1
21781 21782 1
21782 21783 1
21783 21784 1
21784 21785 1
21785 21786 1
21786 21787 1
21787 21788 1
21788 21789 1
21789 21790 1
21790 21791 1
21791 21792 1
21792 21793 1
21793 21794 1
21794 21795 1
21795 21796 1
21796 21797 1
21797 21798 1
21798 21799 1
21799 21800 1
21800 21801 1
21801 21802 1
21802 21803 1
21803 21804 1
21804 21805 1
21805 21806 1
21806 21807 1
21807 21808 1
21808 21809 1
21809 21810 1
21810 21811 1
21811 21812 1
21812 21813 1
21813 21814 1
21814 21815 1
21815 21816 1
21816 21817 1
21817 21818 1
21818 21819 1
21819 21820 1
21820 21821 1
21821 21822 1
21822 21823 1
21823 21824 1
21824 21825 1
21825 21826 1
21826 21827 1
21827 21828 1
21828 21829 1
21829 21830 1
21830 21831 1
21831 21832 1
21832 21833 1
21833 21834 1
21834 21835 1
21835 21836 1
21836 21837 1
21837 21838 1
21838 21839 1
21839 21840 1
21840 21841 1
21841 21842 1
21842 21843 1
21843 21844 1
21844 21845 1
21845 21846 1
21846 21847 1
21847 21848 1
21848 21849 1
21849 21850 1
21850 21851 1
21851 21852 1
21852 21853 1
21853 21854 1
21854 21855 1
21855 21856 1
21856 21857 1
21857 21858 1
21858 21859 1
21859 21860 1
21860 21861 1
21861 21862 1
21862 21863 1
21863 21864 1
21864 21865 1
21865 21866 1
21866 21867 1
21867 21868 1
21868 21869 1
21869 21870 1
21870 21871 1
21871 21872 1
21872 21873 1
21873 21874 1
21874 21875 1
21875 21876 1
21876 21877 1
21877 21878 1
21878 21879 1
21879 21880 1
21880 21881 1
21881 21882 1
21882 21883 1
21883 21884 1
21884 21885 1
21885 21886 1
21886 21887 1
21887 21888 1
21888 21889 1
21889 21890 1
21890 21891 1
21891 21892 1
21892 21893 1
21893 21894 1
21894 21895 1
21895 21896 1
21896 21897 1
21897 21898 1
21898 21899 1
21899 21900 1
21900 21901 1
21901 21902 1
21902 21903 1
21903 21904 1
21904 21905 1
21905 21906 1
21906 21907 1
21907 21908 1
21908 21909 1
21909 21910 1
21910 21911 1
21911 21912 1
21912 21913 1
21913 21914 1
21914 21915 1
21915 21916 1
21916 21917 1
21917 21918 1
21918 21919 1
21919 21920 1
21920 21921 1
21921 21922 1
21922 21923 1
21923 21924 1
21924 21925 1
21925 21926 1
21926 21927 1
21927 21928 1
21928 21929 1
21929 21930 1
21930 21931 1
21931 21932 1
21932 21933 1
21933 21934 1
21934 21935 1
21935 21936 1
21936 21937 1
21937 21938 1
21938 21939 1
21939 21940 1
21940 21941 1
21941 21942 1
21942 21943 1
21943 21944 1
21944 21945 1
21945 21946 1
21946 21947 1
21947 21948 1
21948 21949 1
21949 21950 1
21950 21951 1
21951 21952 1
21952 21953 1
21953 21954 1
21954 21955 1
21955 21956 1
21956 21957 1
21957 21958 1
21958 21959 1
21959 21960 1
21960 21961 1
21961 21962 1
21962 21963 1
21963 21964 1
21964 21965 1
21965 21966 1
21966 21967 1
21967 21968 1
21968 21969 1
21969 21970 1
21970 21971 1
21971 21972 1
21972 21973 1
21973 21974 1
21974 21975 1
21975 21976 1
21976 21977 1
21977 21978 1
21978 21979 1
21979 21980 1
21980 21981 1
21981 21982 1
21982 21983 1
21983 21984 1
21984 21985 1
21985 21986 1
21986 21987 1
21987 21988 1
21988 21989 1
21989 21990 1
21990 21991 1
21991 21992 1
21992 21993 1
21993 21994 1
21994 21995 1
21995 21996 1
21996 21997 1
21997 21998 1
21998 21999 1
21999 22000 1
22000 22001 1
22001 22002 1
22002 22003 1
22003 22004 1
22004 22005 1
22005 22006 1
22006 22007 1
22007 22008 1
22008 22009 1
22009 22010 1
22010 22011 1
22011 22012 1
22012 22013 1
22013 22014 1
22014 22015 1
22015 22016 1
22016 22017 1
22017 22018 1
22018 22019 1
22019 22020 1
22020 22021 1
22021 22022 1
22022 22023 1
22023 22024 1
22024 22025 1
22025 22026 1
22026 22027 1
22027 22028 1
22028 22029 1
22029 22030 1
22030 22031 1
22031 22032 1
22032 22033 1
22033 22034 1
22034 22035 1
22035 22036 1
22036 22037 1
22037 22038 1
22038 22039 1
22039 22040 1
22040 22041 1
22041 22042 1
22042 22043 1
22043 22044 1
22044 22045 1
22045 22046 1
22046 22047 1
22047 22048 1
22048 22049 1
22049 22050 1
22050 22051 1
22051 22052 1
22052 22053 1
22053 22054 1
22054 22055 1
22055 22056 1
22056 22057 1
22057 22058 1
22058 22059 1
22059 22060 1
22060 22061 1
22061 22062 1
22062 22063 1
22063 22064 1
22064 22065 1
22065 22066 1
22066 22067 1
22067 22068 1
22068 22069 1
22069 22070 1
22070 22071 1
22071 22072 1
22072 22073 1
22073 22074 1
22074 22075 1
22075 22076 1
22076 22077 1
22077 22078 1
22078 22079 1
22079 22080 1
22080 22081 1
22081 22082 1
22082 22083 1
22083 22084 1
22084 22085 1
22085 22086 1
22086 22087 1
22087 22088 1
22088 22089 1
22089 22090 1
22090 22091 1
22091 22092 1
22092 22093 1
22093 22094 1
22094 22095 1
22095 22096 1
22096 22097 1
22097 22098 1
22098 22099 1
22099 22100 1
22100 22101 1
22101 22102 1
22102 22103 1
22103 22104 1
22104 22105 1
22105 22106 1
22106 22107 1
22107 22108 1
22108 22109 1
22109 22110 1
22110 22111 1
22111 22112 1
22112 22113 1
22113 22114 1
22114 22115 1
22115 22116 1
22116 22117 1
22117 22118 1
22118 22119 1
22119 22120 1
22120 22121 1
22121 22122 1
22122 22123 1
22123 22124 1
22124 22125 1
22125 22126 1
22126 22127 1
22127 22128 1
22128 22129 1
22129 22130 1
22130 22131 1
22131 22132 1
22132 22133 1
22133 22134 1
22134 22135 1
22135 22136 1
22136 22137 1
22137 22138 1
22138 22139 1
22139 22140 1
22140 22141 1
22141 22142 1
22142 22143 1
22143 22144 1
22144 22145 1
22145 22146 1
22146 22147 1
22147 22148 1
22148 22149 1
22149 22150 1
22150 22151 1
22151 22152 1
22152 22153 1
22153 22154 1
22154 22155 1
22155 22156 1
22156 22157 1
22157 22158 1
22158 22159 1
22159 22160 1
22160 22161 1
22161 22162 1
22162 22163 1
22163 22164 1
22164 22165 1
22165 22166 1
22166 22167 1
22167 22168 1
22168 22169 1
22169 22170 1
22170 22171 1
22171 22172 1
22172 22173 1
22173 22174 1
22174 22175 1
22175 22176 1
22176 22177 1
22177 22178 1
22178 22179 1
22179 22180 1
22180 22181 1
22181 22182 1
22182 22183 1
22183 22184 1
22184 22185 1
22185 22186 1
22186 22187 1
22187 22188 1
22188 22189 1
22189 22190 1
22190 22191 1
22191 22192 1
22192 22193 1
22193 22194 1
22194 22195 1
22195 22196 1
22196 22197 1
22197 22198 1
22198 22199 1
22199 22200 1
22200 22201 1
22201 22202 1
22202 22203 1
22203 22204 1
22204 22205 1
22205 22206 1
22206 22207 1
22207 22208 1
22208 22209 1
22209 22210 1
22210 22211 1
22211 22212 1
22212 22213 1
22213 22214 1
22214 22215 1
22215 22216 1
22216 22217 1
22217 22218 1
22218 22219 1
22219 22220 1
22220 22221 1
22221 22222 1
22222 22223 1
22223 22224 1
22224 22225 1
22225 22226 1
22226 22227 1
22227 22228 1
22228 22229 1
22229 22230 1
22230 22231 1
22231 22232 1
22232 22233 1
22233 22234 1
22234 22235 1
22235 22236 1
22236 22237 1
22237 22238 1
22238 22239 1
22239 22240 1
22240 22241 1
22241 22242 1
22242 22243 1
22243 22244 1
22244 22245 1
22245 22246 1
22246 22247 1
22247 22248 1
22248 22249 1
22249 22250 1
22250 22251 1
22251 22252 1
22252 22253 1
22253 22254 1
22254 22255 1
22255 22256 1
22256 22257 1
22257 22258 1
22258 22259 1
22259 22260 1
22260 22261 1
22261 22262 1
22262 22263 1
22263 22264 1
22264 22265 1
22265 22266 1
22266 22267 1
22267 22268 1
22268 22269 1
22269 22270 1
22270 22271 1
22271 22272 1
22272 22273 1
22273 22274 1
22274 22275 1
22275 22276 1
22276 22277 1
22277 22278 1
22278 22279 1
22279 22280 1
22280 22281 1
22281 22282 1
22282 22283 1
22283 22284 1
22284 22285 1
22285 22286 1
22286 22287 1
22287 22288 1
22288 22289 1
22289 22290 1
22290 22291 1
22291 22292 1
22292 22293 1
22293 22294 1
22294 22295 1
22295 22296 1
22296 22297 1
22297 22298 1
22298 22299 1
22299 22300 1
22300 22301 1
22301 22302 1
22302 22303 1
22303 22304 1
22304 22305 1
22305 22306 1
22306 22307 1
22307 22308 1
22308 22309 1
22309 22310 1
22310 22311 1
22311 22312 1
22312 22313 1
22313 22314 1
22314 22315 1
22315 22316 1
22316 22317 1
22317 22318 1
22318 22319 1
22319 22320 1
22320 22321 1
22321 22322 1
22322 22323 1
22323 22324 1
22324 22325 1
22325 22326 1
22326 22327 1
22327 22328 1
22328 22329 1
22329 22330 1
22330 22331 1
22331 22332 1
22332 22333 1
22333 22334 1
22334 22335 1
22335 22336 1
22336 22337 1
22337 22338 1
22338 22339 1
22339 22340 1
22340 22341 1
22341 22342 1
22342 22343 1
22343 22344 1
22344 22345 1
22345 22346 1
22346 22347 1
22347 22348 1
22348 22349 1
22349 22350 1
22350 22351 1
22351 22352 1
22352 22353 1
22353 22354 1
22354 22355 1
22355 22356 1
22356 22357 1
22357 22358 1
22358 22359 1
22359 22360 1
22360 22361 1
22361 22362 1
22362 22363 1
22363 22364 1
22364 22365 1
22365 22366 1
22366 22367 1
22367 22368 1
22368 22369 1
22369 22370 1
22370 22371 1
22371 22372 1
22372 22373 1
22373 22374 1
22374 22375 1
22375 22376 1
22376 22377 1
22377 22378 1
22378 22379 1
22379 22380 1
22380 22381 1
22381 22382 1
22382 22383 1
22383 22384 1
22384 22385 1
22385 22386 1
22386 22387 1
22387 22388 1
22388 22389 1
22389 22390 1
22390 22391 1
22391 22392 1
22392 22393 1
22393 22394 1
22394 22395 1
22395 22396 1
22396 22397 1
22397 22398 1
22398 22399 1
22399 22400 1
22400 22401 1
22401 22402 1
22402 22403 1
22403 22404 1
22404 22405 1
22405 22406 1
22406 22407 1
22407 22408 1
22408 22409 1
22409 22410 1
22410 22411 1
22411 22412 1
22412 22413 1
22413 22414 1
22414 22415 1
22415 22416 1
22416 22417 1
22417 22418 1
22418 22419 1
22419 22420 1
22420 22421 1
22421 22422 1
22422 22423 1
22423 22424 1
22424 22425 1
22425 22426 1
22426 22427 1
22427 22428 1
22428 22429 1
22429 22430 1
22430 22431 1
22431 22432 1
22432 22433 1
22433 22434 1
22434 22435 1
22435 22436 1
22436 22437 1
22437 22438 1
22438 22439 1
22439 22440 1
22440 22441 1
22441 22442 1
22442 22443 1
22443 22444 1
22444 22445 1
22445 22446 1
22446 22447 1
22447 22448 1
22448 22449 1
22449 22450 1
22450 22451 1
22451 22452 1
22452 22453 1
22453 22454 1
22454 22455 1
22455 22456 1
22456 22457 1
22457 22458 1
22458 22459 1
22459 22460 1
22460 22461 1
22461 22462 1
22462 22463 1
22463 22464 1
22464 22465 1
22465 22466 1
22466 22467 1
22467 22468 1
22468 22469 1
22469 22470 1
22470 22471 1
22471 22472 1
22472 22473 1
22473 22474 1
22474 22475 1
22475 22476 1
22476 22477 1
22477 22478 1
22478 22479 1
22479 22480 1
22480 22481 1
22481 22482 1
22482 22483 1
22483 22484 1
22484 22485 1
22485 22486 1
22486 22487 1
22487 22488 1
22488 22489 1
22489 22490 1
22490 22491 1
22491 22492 1
22492 22493 1
22493 22494 1
22494 22495 1
22495 22496 1
22496 22497 1
22497 22498 1
22498 22499 1
22499 22500 1
22500 22501 1
22501 22502 1
22502 22503 1
22503 22504 1
22504 22505 1
22505 22506 1
22506 22507 1
22507 22508 1
22508 22509 1
22509 22510 1
22510 22511 1
22511 22512 1
22512 22513 1
22513 22514 1
22514 22515 1
22515 22516 1
22516 22517 1
22517 22518 1
22518 22519 1
22519 22520 1
22520 22521 1
22521 22522 1
22522 22523 1
22523 22524 1
22524 22525 1
22525 22526 1
22526 22527 1
22527 22528 1
22528 22529 1
22529 22530 1
22530 22531 1
22531 22532 1
22532 22533 1
22533 22534 1
22534 22535 1
22535 22536 1
22536 22537 1
22537 22538 1
22538 22539 1
22539 22540 1
22540 22541 1
22541 22542 1
22542 22543 1
22543 22544 1
22544 22545 1
22545 22546 1
22546 22547 1
22547 22548 1
22548 22549 1
22549 22550 1
22550 22551 1
22551 22552 1
22552 22553 1
22553 22554 1
22554 22555 1
22555 22556 1
22556 22557 1
22557 22558 1
22558 22559 1
22559 22560 1
22560 22561 1
22561 22562 1
22562 22563 1
22563 22564 1
22564 22565 1
22565 22566 1
22566 22567 1
22567 22568 1
22568 22569 1
22569 22570 1
22570 22571 1
22571 22572 1
22572 22573 1
22573 22574 1
22574 22575 1
22575 22576 1
22576 22577 1
22577 22578 1
22578 22579 1
22579 22580 1
22580 22581 1
22581 22582 1
22582 22583 1
22583 22584 1
22584 22585 1
22585 22586 1
22586 22587 1
22587 22588 1
22588 22589 1
22589 22590 1
22590 22591 1
22591 22592 1
22592 22593 1
22593 22594 1
22594 22595 1
22595 22596 1
22596 22597 1
22597 22598 1
22598 22599 1
22599 22600 1
22600 22601 1
22601 22602 1
22602 22603 1
22603 22604 1
22604 22605 1
22605 22606 1
22606 22607 1
22607 22608 1
22608 22609 1
22609 22610 1
22610 22611 1
22611 22612 1
22612 22613 1
22613 22614 1
22614 22615 1
22615 22616 1
22616 22617 1
22617 22618 1
22618 22619 1
22619 22620 1
22620 22621 1
22621 22622 1
22622 22623 1
22623 22624 1
22624 22625 1
22625 22626 1
22626 22627 1
22627 22628 1
22628 22629 1
22629 22630 1
22630 22631 1
22631 22632 1
22632 22633 1
22633 22634 1
22634 22635 1
22635 22636 1
22636 22637 1
22637 22638 1
22638 22639 1
22639 22640 1
22640 22641 1
22641 22642 1
22642 22643 1
22643 22644 1
22644 22645 1
22645 22646 1
22646 22647 1
22647 22648 1
22648 22649 1
22649 22650 1
22650 22651 1
22651 22652 1
22652 22653 1
22653 22654 1
22654 22655 1
22655 22656 1
22656 22657 1
22657 22658 1
22658 22659 1
22659 22660 1
22660 22661 1
22661 22662 1
22662 22663 1
22663 22664 1
22664 22665 1
22665 22666 1
22666 22667 1
22667 22668 1
22668 22669 1
22669 22670 1
22670 22671 1
22671 22672 1
22672 22673 1
22673 22674 1
22674 22675 1
22675 22676 1
22676 22677 1
22677 22678 1
22678 22679 1
22679 22680 1
22680 22681 1
22681 22682 1
22682 22683 1
22683 22684 1
22684 22685 1
22685 22686 1
22686 22687 1
22687 22688 1
22688 22689 1
22689 22690 1
22690 22691 1
22691 22692 1
22692 22693 1
22693 22694 1
22694 22695 1
22695 22696 1
22696 22697 1
22697 22698 1
22698 22699 1
22699 22700 1
22700 22701 1
22701 22702 1
22702 22703 1
22703 22704 1
22704 22705 1
22705 22706 1
22706 22707 1
22707 22708 1
22708 22709 1
22709 22710 1
22710 22711 1
22711 22712 1
22712 22713 1
22713 22714 1
22714 22715 1
22715 22716 1
22716 22717 1
22717 22718 1
22718 22719 1
22719 22720 1
22720 22721 1
22721 22722 1
22722 22723 1
22723 22724 1
22724 22725 1
22725 22726 1
22726 22727 1
22727 22728 1
22728 22729 1
22729 22730 1
22730 22731 1
22731 22732 1
22732 22733 1
22733 22734 1
22734 22735 1
22735 22736 1
22736 22737 1
22737 22738 1
22738 22739 1
22739 22740 1
22740 22741 1
22741 22742 1
22742 22743 1
22743 22744 1
22744 22745 1
22745 22746 1
22746 22747 1
22747 22748 1
22748 22749 1
22749 22750 1
22750 22751 1
22751 22752 1
22752 22753 1
22753 22754 1
22754 22755 1
22755 22756 1
22756 22757 1
22757 22758 1
22758 22759 1
22759 22760 1
22760 22761 1
22761 22762 1
22762 22763 1
22763 22764 1
22764 22765 1
22765 22766 1
22766 22767 1
22767 22768 1
22768 22769 1
22769 22770 1
22770 22771 1
22771 22772 1
22772 22773 1
22773 22774 1
22774 22775 1
22775 22776 1
22776 22777 1
22777 22778 1
22778 22779 1
22779 22780 1
22780 22781 1
22781 22782 1
22782 22783 1
22783 22784 1
22784 22785 1
22785 22786 1
22786 22787 1
22787 22788 1
22788 22789 1
22789 22790 1
22790 22791 1
22791 22792 1
22792 22793 1
22793 22794 1
22794 22795 1
22795 22796 1
22796 22797 1
22797 22798 1
22798 22799 1
22799 22800 1
22800 22801 1
22801 22802 1
22802 22803 1
22803 22804 1
22804 22805 1
22805 22806 1
22806 22807 1
22807 22808 1
22808 22809 1
22809 22810 1
22810 22811 1
22811 22812 1
22812 22813 1
22813 22814 1
22814 22815 1
22815 22816 1
22816 22817 1
22817 22818 1
22818 22819 1
22819 22820 1
22820 22821 1
22821 22822 1
22822 22823 1
22823 22824 1
22824 22825 1
22825 22826 1
22826 22827 1
22827 22828 1
22828 22829 1
22829 22830 1
22830 22831 1
22831 22832 1
22832 22833 1
22833 22834 1
22834 22835 1
22835 22836 1
22836 22837 1
22837 22838 1
22838 22839 1
22839 22840 1
22840 22841 1
22841 22842 1
22842 22843 1
22843 22844 1
22844 22845 1
22845 22846 1
22846 22847 1
22847 22848 1
22848 22849 1
22849 22850 1
22850 22851 1
22851 22852 1
22852 22853 1
22853 22854 1
22854 22855 1
22855 22856 1
22856 22857 1
22857 22858 1
22858 22859 1
22859 22860 1
22860 22861 1
22861 22862 1
22862 22863 1
22863 22864 1
22864 22865 1
22865 22866 1
22866 22867 1
22867 22868 1
22868 22869 1
22869 22870 1
22870 22871 1
22871 22872 1
22872 22873 1
22873 22874 1
22874 22875 1
22875 22876 1
22876 22877 1
22877 22878 1
22878 22879 1
22879 22880 1
22880 22881 1
22881 22882 1
22882 22883 1
22883 22884 1
22884 22885 1
22885 22886 1
22886 22887 1
22887 22888 1
22888 22889 1
22889 22890 1
22890 22891 1
22891 22892 1
22892 22893 1
22893 22894 1
22894 22895 1
22895 22896 1
22896 22897 1
22897 22898 1
22898 22899 1
22899 22900 1
22900 22901 1
22901 22902 1
22902 22903 1
22903 22904 1
22904 22905 1
22905 22906 1
22906 22907 1
22907 22908 1
22908 22909 1
22909 22910 1
22910 22911 1
22911 22912 1
22912 22913 1
22913 22914 1
22914 22915 1
22915 22916 1
22916 22917 1
22917 22918 1
22918 22919 1
22919 22920 1
22920 22921 1
22921 22922 1
22922 22923 1
22923 22924 1
22924 22925 1
22925 22926 1
22926 22927 1
22927 22928 1
22928 22929 1
22929 22930 1
22930 22931 1
22931 22932 1
22932 22933 1
22933 22934 1
22934 22935 1
22935 22936 1
22936 22937 1
22937 22938 1
22938 22939 1
22939 22940 1
22940 22941 1
22941 22942 1
22942 22943 1
22943 22944 1
22944 22945 1
22945 22946 1
22946 22947 1
22947 22948 1
22948 22949 1
22949 22950 1
22950 22951 1
22951 22952 1
22952 22953 1
22953 22954 1
22954 22955 1
22955 22956 1
22956 22957 1
22957 22958 1
22958 22959 1
22959 22960 1
22960 22961 1
22961 22962 1
22962 22963 1
22963 22964 1
22964 22965 1
22965 22966 1
22966 22967 1
22967 22968 1
22968 22969 1
22969 22970 1
22970 22971 1
22971 22972 1
22972 22973 1
22973 22974 1
22974 22975 1
22975 22976 1
22976 22977 1
22977 22978 1
22978 22979 1
22979 22980 1
22980 22981 1
22981 22982 1
22982 22983 1
22983 22984 1
22984 22985 1
22985 22986 1
22986 22987 1
22987 22988 1
22988 22989 1
22989 22990 1
22990 22991 1
22991 22992 1
22992 22993 1
22993 22994 1
22994 22995 1
22995 22996 1
22996 22997 1
22997 22998 1
22998 22999 1
22999 23000 1
23000 23001 1
23001 23002 1
23002 23003 1
23003 23004 1
23004 23005 1
23005 23006 1
23006 23007 1
23007 23008 1
23008 23009 1
23009 23010 1
23010 23011 1
23011 23012 1
23012 23013 1
23013 23014 1
23014 23015 1
23015 23016 1
23016 23017 1
23017 23018 1
23018 23019 1
23019 23020 1
23020 23021 1
23021 23022 1
23022 23023 1
23023 23024 1
23024 23025 1
23025 23026 1
23026 23027 1
23027 23028 1
23028 23029 1
23029 23030 1
23030 23031 1
23031 23032 1
23032 23033 1
23033 23034 1
23034 23035 1
23035 23036 1
23036 23037 1
23037 23038 1
23038 23039 1
23039 23040 1
23040 23041 1
23041 23042 1
23042 23043 1
23043 23044 1
23044 23045 1
23045 23046 1
23046 23047 1
23047 23048 1
23048 23049 1
23049 23050 1
23050 23051 1
23051 23052 1
23052 23053 1
23053 23054 1
23054 23055 1
23055 23056 1
23056 23057 1
23057 23058 1
23058 23059 1
23059 23060 1
23060 23061 1
23061 23062 1
23062 23063 1
23063 23064 1
23064 23065 1
23065 23066 1
23066 23067 1
23067 23068 1
23068 23069 1
23069 23070 1
23070 23071 1
23071 23072 1
23072 23073 1
23073 23074 1
23074 23075 1
23075 23076 1
23076 23077 1
23077 23078 1
23078 23079 1
23079 23080 1
23080 23081 1
23081 23082 1
23082 23083 1
23083 23084 1
23084 23085 1
23085 23086 1
23086 23087 1
23087 23088 1
23088 23089 1
23089 23090 1
23090 23091 1
23091 23092 1
23092 23093 1
23093 23094 1
23094 23095 1
23095 23096 1
23096 23097 1
23097 23098 1
23098 23099 1
23099 23100 1
23100 23101 1
23101 23102 1
23102 23103 1
23103 23104 1
23104 23105 1
23105 23106 1
23106 23107 1
23107 23108 1
23108 23109 1
23109 23110 1
23110 23111 1
23111 23112 1
23112 23113 1
23113 23114 1
23114 23115 1
23115 23116 1
23116 23117 1
23117 23118 1
23118 23119 1
23119 23120 1
23120 23121 1
23121 23122 1
23122 23123 1
23123 23124 1
23124 23125 1
23125 23126 1
23126 23127 1
23127 23128 1
23128 23129 1
23129 23130 1
23130 23131 1
23131 23132 1
23132 23133 1
23133 23134 1
23134 23135 1
23135 23136 1
23136 23137 1
23137 23138 1
23138 23139 1
23139 23140 1
23140 23141 1
23141 23142 1
23142 23143 1
23143 23144 1
23144 23145 1
23145 23146 1
23146 23147 1
23147 23148 1
23148 23149 1
23149 23150 1
23150 23151 1
23151 23152 1
23152 23153 1
23153 23154 1
23154 23155 1
23155 23156 1
23156 23157 1
23157 23158 1
23158 23159 1
23159 23160 1
23160 23161 1
23161 23162 1
23162 23163 1
23163 23164 1
23164 23165 1
23165 23166 1
23166 23167 1
23167 23168 1
23168 23169 1
23169 23170 1
23170 23171 1
23171 23172 1
23172 23173 1
23173 23174 1
23174 23175 1
23175 23176 1
23176 23177 1
23177 23178 1
23178 23179 1
23179 23180 1
23180 23181 1
23181 23182 1
23182 23183 1
23183 23184 1
23184 23185 1
23185 23186 1
23186 23187 1
23187 23188 1
23188 23189 1
23189 23190 1
23190 23191 1
23191 23192 1
23192 23193 1
23193 23194 1
23194 23195 1
23195 23196 1
23196 23197 1
23197 23198 1
23198 23199 1
23199 23200 1
23200 23201 1
23201 23202 1
23202 23203 1
23203 23204 1
23204 23205 1
23205 23206 1
23206 23207 1
23207 23208 1
23208 23209 1
23209 23210 1
23210 23211 1
23211 23212 1
23212 23213 1
23213 23214 1
23214 23215 1
23215 23216 1
23216 23217 1
23217 23218 1
23218 23219 1
23219 23220 1
23220 23221 1
23221 23222 1
23222 23223 1
23223 23224 1
23224 23225 1
23225 23226 1
23226 23227 1
23227 23228 1
23228 23229 1
23229 23230 1
23230 23231 1
23231 23232 1
23232 23233 1
23233 23234 1
23234 23235 1
23235 23236 1
23236 23237 1
23237 23238 1
23238 23239 1
23239 23240 1
23240 23241 1
23241 23242 1
23242 23243 1
23243 23244 1
23244 23245 1
23245 23246 1
23246 23247 1
23247 23248 1
23248 23249 1
23249 23250 1
23250 23251 1
23251 23252 1
23252 23253 1
23253 23254 1
23254 23255 1
23255 23256 1
23256 23257 1
23257 23258 1
23258 23259 1
23259 23260 1
23260 23261 1
23261 23262 1
23262 23263 1
23263 23264 1
23264 23265 1
23265 23266 1
23266 23267 1
23267 23268 1
23268 23269 1
23269 23270 1
23270 23271 1
23271 23272 1
23272 23273 1
23273 23274 1
23274 23275 1
23275 23276 1
23276 23277 1
23277 23278 1
23278 23279 1
23279 23280 1
23280 23281 1
23281 23282 1
23282 23283 1
23283 23284 1
23284 23285 1
23285 23286 1
23286 23287 1
23287 23288 1
23288 23289 1
23289 23290 1
23290 23291 1
23291 23292 1
23292 23293 1
23293 23294 1
23294 23295 1
23295 23296 1
23296 23297 1
23297 23298 1
23298 23299 1
23299 23300 1
23300 23301 1
23301 23302 1
23302 23303 1
23303 23304 1
23304 23305 1
23305 23306 1
23306 23307 1
23307 23308 1
23308 23309 1
23309 23310 1
23310 23311 1
23311 23312 1
23312 23313 1
23313 23314 1
23314 23315 1
23315 23316 1
23316 23317 1
23317 23318 1
23318 23319 1
23319 23320 1
23320 23321 1
23321 23322 1
23322 23323 1
23323 23324 1
23324 23325 1
23325 23326 1
23326 23327 1
23327 23328 1
23328 23329 1
23329 23330 1
23330 23331 1
23331 23332 1
23332 23333 1
23333 23334 1
23334 23335 1
23335 23336 1
23336 23337 1
23337 23338 1
23338 23339 1
23339 23340 1
23340 23341 1
23341 23342 1
23342 23343 1
23343 23344 1
23344 23345 1
23345 23346 1
23346 23347 1
23347 23348 1
23348 23349 1
23349 23350 1
23350 23351 1
23351 23352 1
23352 23353 1
23353 23354 1
23354 23355 1
23355 23356 1
23356 23357 1
23357 23358 1
23358 23359 1
23359 23360 1
23360 23361 1
23361 23362 1
23362 23363 1
23363 23364 1
23364 23365 1
23365 23366 1
23366 23367 1
23367 23368 1
23368 23369 1
23369 23370 1
23370 23371 1
23371 23372 1
23372 23373 1
23373 23374 1
23374 23375 1
23375 23376 1
23376 23377 1
23377 23378 1
23378 23379 1
23379 23380 1
23380 23381 1
23381 23382 1
23382 23383 1
23383 23384 1
23384 23385 1
23385 23386 1
23386 23387 1
23387 23388 1
23388 23389 1
23389 23390 1
23390 23391 1
23391 23392 1
23392 23393 1
23393 23394 1
23394 23395 1
23395 23396 1
23396 23397 1
23397 23398 1
23398 23399 1
23399 23400 1
23400 23401 1
23401 23402 1
23402 23403 1
23403 23404 1
23404 23405 1
23405 23406 1
23406 23407 1
23407 23408 1
23408 23409 1
23409 23410 1
23410 23411 1
23411 23412 1
23412 23413 1
23413 23414 1
23414 23415 1
23415 23416 1
23416 23417 1
23417 23418 1
23418 23419 1
23419 23420 1
23420 23421 1
23421 23422 1
23422 23423 1
23423 23424 1
23424 23425 1
23425 23426 1
23426 23427 1
23427 23428 1
23428 23429 1
23429 23430 1
23430 23431 1
23431 23432 1
23432 23433 1
23433 23434 1
23434 23435 1
23435 23436 1
23436 23437 1
23437 23438 1
23438 23439 1
23439 23440 1
23440 23441 1
23441 23442 1
23442 23443 1
23443 23444 1
23444 23445 1
23445 23446 1
23446 23447 1
23447 23448 1
23448 23449 1
23449 23450 1
23450 23451 1
23451 23452 1
23452 23453 1
23453 23454 1
23454 23455 1
23455 23456 1
23456 23457 1
23457 23458 1
23458 23459 1
23459 23460 1
23460 23461 1
23461 23462 1
23462 23463 1
23463 23464 1
23464 23465 1
23465 23466 1
23466 23467 1
23467 23468 1
23468 23469 1
23469 23470 1
23470 23471 1
23471 23472 1
23472 23473 1
23473 23474 1
23474 23475 1
23475 23476 1
23476 23477 1
23477 23478 1
23478 23479 1
23479 23480 1
23480 23481 1
23481 23482 1
23482 23483 1
23483 23484 1
23484 23485 1
23485 23486 1
23486 23487 1
23487 23488 1
23488 23489 1
23489 23490 1
23490 23491 1
23491 23492 1
23492 23493 1
23493 23494 1
23494 23495 1
23495 23496 1
23496 23497 1
23497 23498 1
23498 23499 1
23499 23500 1
23500 23501 1
23501 23502 1
23502 23503 1
23503 23504 1
23504 23505 1
23505 23506 1
23506 23507 1
23507 23508 1
23508 23509 1
23509 23510 1
23510 23511 1
23511 23512 1
23512 23513 1
23513 23514 1
23514 23515 1
23515 23516 1
23516 23517 1
23517 23518 1
23518 23519 1
23519 23520 1
23520 23521 1
23521 23522 1
23522 23523 1
23523 23524 1
23524 23525 1
23525 23526 1
23526 23527 1
23527 23528 1
23528 23529 1
23529 23530 1
23530 23531 1
23531 23532 1
23532 23533 1
23533 23534 1
23534 23535 1
23535 23536 1
23536 23537 1
23537 23538 1
23538 23539 1
23539 23540 1
23540 23541 1
23541 23542 1
23542 23543 1
23543 23544 1
23544 23545 1
23545 23546 1
23546 23547 1
23547 23548 1
23548 23549 1
23549 23550 1
23550 23551 1
23551 23552 1
23552 23553 1
23553 23554 1
23554 23555 1
23555 23556 1
23556 23557 1
23557 23558 1
23558 23559 1
23559 23560 1
23560 23561 1
23561 23562 1
23562 23563 1
23563 23564 1
23564 23565 1
23565 23566 1
23566 23567 1
23567 23568 1
23568 23569 1
23569 23570 1
23570 23571 1
23571 23572 1
23572 23573 1
23573 23574 1
23574 23575 1
23575 23576 1
23576 23577 1
23577 23578 1
23578 23579 1
23579 23580 1
23580 23581 1
23581 23582 1
23582 23583 1
23583 23584 1
23584 23585 1
23585 23586 1
23586 23587 1
23587 23588 1
23588 23589 1
23589 23590 1
23590 23591 1
23591 23592 1
23592 23593 1
23593 23594 1
23594 23595 1
23595 23596 1
23596 23597 1
23597 23598 1
23598 23599 1
23599 23600 1
23600 23601 1
23601 23602 1
23602 23603 1
23603 23604 1
23604 23605 1
23605 23606 1
23606 23607 1
23607 23608 1
23608 23609 1
23609 23610 1
23610 23611 1
23611 23612 1
23612 23613 1
23613 23614 1
23614 23615 1
23615 23616 1
23616 23617 1
23617 23618 1
23618 23619 1
23619 23620 1
23620 23621 1
23621 23622 1
23622 23623 1
23623 23624 1
23624 23625 1
23625 23626 1
23626 23627 1
23627 23628 1
23628 23629 1
23629 23630 1
23630 23631 1
23631 23632 1
23632 23633 1
23633 23634 1
23634 23635 1
23635 23636 1
23636 23637 1
23637 23638 1
23638 23639 1
23639 23640 1
23640 23641 1
23641 23642 1
23642 23643 1
23643 23644 1
23644 23645 1
23645 23646 1
23646 23647 1
23647 23648 1
23648 23649 1
23649 23650 1
23650 23651 1
23651 23652 1
23652 23653 1
23653 23654 1
23654 23655 1
23655 23656 1
23656 23657 1
23657 23658 1
23658 23659 1
23659 23660 1
23660 23661 1
23661 23662 1
23662 23663 1
23663 23664 1
23664 23665 1
23665 23666 1
23666 23667 1
23667 23668 1
23668 23669 1
23669 23670 1
23670 23671 1
23671 23672 1
23672 23673 1
23673 23674 1
23674 23675 1
23675 23676 1
23676 23677 1
23677 23678 1
23678 23679 1
23679 23680 1
23680 23681 1
23681 23682 1
23682 23683 1
23683 23684 1
23684 23685 1
23685 23686 1
23686 23687 1
23687 23688 1
23688 23689 1
23689 23690 1
23690 23691 1
23691 23692 1
23692 23693 1
23693 23694 1
23694 23695 1
23695 23696 1
23696 23697 1
23697 23698 1
23698 23699 1
23699 23700 1
23700 23701 1
23701 23702 1
23702 23703 1
23703 23704 1
23704 23705 1
23705 23706 1
23706 23707 1
23707 23708 1
23708 23709 1
23709 23710 1
23710 23711 1
23711 23712 1
23712 23713 1
23713 23714 1
23714 23715 1
23715 23716 1
23716 23717 1
23717 23718 1
23718 23719 1
23719 23720 1
23720 23721 1
23721 23722 1
23722 23723 1
23723 23724 1
23724 23725 1
23725 23726 1
23726 23727 1
23727 23728 1
23728 23729 1
23729 23730 1
23730 23731 1
23731 23732 1
23732 23733 1
23733 23734 1
23734 23735 1
23735 23736 1
23736 23737 1
23737 23738 1
23738 23739 1
23739 23740 1
23740 23741 1
23741 23742 1
23742 23743 1
23743 23744 1
23744 23745 1
23745 23746 1
23746 23747 1
23747 23748 1
23748 23749 1
23749 23750 1
23750 23751 1
23751 23752 1
23752 23753 1
23753 23754 1
23754 23755 1
23755 23756 1
23756 23757 1
23757 23758 1
23758 23759 1
23759 23760 1
23760 23761 1
23761 23762 1
23762 23763 1
23763 23764 1
23764 23765 1
23765 23766 1
23766 23767 1
23767 23768 1
23768 23769 1
23769 23770 1
23770 23771 1
23771 23772 1
23772 23773 1
23773 23774 1
23774 23775 1
23775 23776 1
23776 23777 1
23777 23778 1
23778 23779 1
23779 23780 1
23780 23781 1
23781 23782 1
23782 23783 1
23783 23784 1
23784 23785 1
23785 23786 1
23786 23787 1
23787 23788 1
23788 23789 1
23789 23790 1
23790 23791 1
23791 23792 1
23792 23793 1
23793 23794 1
23794 23795 1
23795 23796 1
23796 23797 1
23797 23798 1
23798 23799 1
23799 23800 1
23800 23801 1
23801 23802 1
23802 23803 1
23803 23804 1
23804 23805 1
23805 23806 1
23806 23807 1
23807 23808 1
23808 23809 1
23809 23810 1
23810 23811 1
23811 23812 1
23812 23813 1
23813 23814 1
23814 23815 1
23815 23816 1
23816 23817 1
23817 23818 1
23818 23819 1
23819 23820 1
23820 23821 1
23821 23822 1
23822 23823 1
23823 23824 1
23824 23825 1
23825 23826 1
23826 23827 1
23827 23828 1
23828 23829 1
23829 23830 1
23830 23831 1
23831 23832 1
23832 23833 1
23833 23834 1
23834 23835 1
23835 23836 1
23836 23837 1
23837 23838 1
23838 23839 1
23839 23840 1
23840 23841 1
23841 23842 1
23842 23843 1
23843 23844 1
23844 23845 1
23845 23846 1
23846 23847 1
23847 23848 1
23848 23849 1
23849 23850 1
23850 23851 1
23851 23852 1
23852 23853 1
23853 23854 1
23854 23855 1
23855 23856 1
23856 23857 1
23857 23858 1
23858 23859 1
23859 23860 1
23860 23861 1
23861 23862 1
23862 23863 1
23863 23864 1
23864 23865 1
23865 23866 1
23866 23867 1
23867 23868 1
23868 23869 1
23869 23870 1
23870 23871 1
23871 23872 1
23872 23873 1
23873 23874 1
23874 23875 1
23875 23876 1
23876 23877 1
23877 23878 1
23878 23879 1
23879 23880 1
23880 23881 1
23881 23882 1
23882 23883 1
23883 23884 1
23884 23885 1
23885 23886 1
23886 23887 1
23887 23888 1
23888 23889 1
23889 23890 1
23890 23891 1
23891 23892 1
23892 23893 1
23893 23894 1
23894 23895 1
23895 23896 1
23896 23897 1
23897 23898 1
23898 23899 1
23899 23900 1
23900 23901 1
23901 23902 1
23902 23903 1
23903 23904 1
23904 23905 1
23905 23906 1
23906 23907 1
23907 23908 1
23908 23909 1
23909 23910 1
23910 23911 1
23911 23912 1
23912 23913 1
23913 23914 1
23914 23915 1
23915 23916 1
23916 23917 1
23917 23918 1
23918 23919 1
23919 23920 1
23920 23921 1
23921 23922 1
23922 23923 1
23923 23924 1
23924 23925 1
23925 23926 1
23926 23927 1
23927 23928 1
23928 23929 1
23929 23930 1
23930 23931 1
23931 23932 1
23932 23933 1
23933 23934 1
23934 23935 1
23935 23936 1
23936 23937 1
23937 23938 1
23938 23939 1
23939 23940 1
23940 23941 1
23941 23942 1
23942 23943 1
23943 23944 1
23944 23945 1
23945 23946 1
23946 23947 1
23947 23948 1
23948 23949 1
23949 23950 1
23950 23951 1
23951 23952 1
23952 23953 1
23953 23954 1
23954 23955 1
23955 23956 1
23956 23957 1
23957 23958 1
23958 23959 1
23959 23960 1
23960 23961 1
23961 23962 1
23962 23963 1
23963 23964 1
23964 23965 1
23965 23966 1
23966 23967 1
23967 23968 1
23968 23969 1
23969 23970 1
23970 23971 1
23971 23972 1
23972 23973 1
23973 23974 1
23974 23975 1
23975 23976 1
23976 23977 1
23977 23978 1
23978 23979 1
23979 23980 1
23980 23981 1
23981 23982 1
23982 23983 1
23983 23984 1
23984 23985 1
23985 23986 1
23986 23987 1
23987 23988 1
23988 23989 1
23989 23990 1
23990 23991 1
23991 23992 1
23992 23993 1
23993 23994 1
23994 23995 1
23995 23996 1
23996 23997 1
23997 23998 1
23998 23999 1
23999 24000 1
24000 24001 1
24001 24002 1
24002 24003 1
24003 24004 1
24004 24005 1
24005 24006 1
24006 24007 1
24007 24008 1
24008 24009 1
24009 24010 1
24010 24011 1
24011 24012 1
24012 24013 1
24013 24014 1
24014 24015 1
24015 24016 1
24016 24017 1
24017 24018 1
24018 24019 1
24019 24020 1
24020 24021 1
24021 24022 1
24022 24023 1
24023 24024 1
24024 24025 1
24025 24026 1
24026 24027 1
24027 24028 1
24028 24029 1
24029 24030 1
24030 24031 1
24031 24032 1
24032 24033 1
24033 24034 1
24034 24035 1
24035 24036 1
24036 24037 1
24037 24038 1
24038 24039 1
24039 24040 1
24040 24041 1
24041 24042 1
24042 24043 1
24043 24044 1
24044 24045 1
24045 24046 1
24046 24047 1
24047 24048 1
24048 24049 1
24049 24050 1
24050 24051 1
24051 24052 1
24052 24053 1
24053 24054 1
24054 24055 1
24055 24056 1
24056 24057 1
24057 24058 1
24058 24059 1
24059 24060 1
24060 24061 1
24061 24062 1
24062 24063 1
24063 24064 1
24064 24065 1
24065 24066 1
24066 24067 1
24067 24068 1
24068 24069 1
24069 24070 1
24070 24071 1
24071 24072 1
24072 24073 1
24073 24074 1
24074 24075 1
24075 24076 1
24076 24077 1
24077 24078 1
24078 24079 1
24079 24080 1
24080 24081 1
24081 24082 1
24082 24083 1
24083 24084 1
24084 24085 1
24085 24086 1
24086 24087 1
24087 24088 1
24088 24089 1
24089 24090 1
24090 24091 1
24091 24092 1
24092 24093 1
24093 24094 1
24094 24095 1
24095 24096 1
24096 24097 1
24097 24098 1
24098 24099 1
24099 24100 1
24100 24101 1
24101 24102 1
24102 24103 1
24103 24104 1
24104 24105 1
24105 24106 1
24106 24107 1
24107 24108 1
24108 24109 1
24109 24110 1
24110 24111 1
24111 24112 1
24112 24113 1
24113 24114 1
24114 24115 1
24115 24116 1
24116 24117 1
24117 24118 1
24118 24119 1
24119 24120 1
24120 24121 1
24121 24122 1
24122 24123 1
24123 24124 1
24124 24125 1
24125 24126 1
24126 24127 1
24127 24128 1
24128 24129 1
24129 24130 1
24130 24131 1
24131 24132 1
24132 24133 1
24133 24134 1
24134 24135 1
24135 24136 1
24136 24137 1
24137 24138 1
24138 24139 1
24139 24140 1
24140 24141 1
24141 24142 1
24142 24143 1
24143 24144 1
24144 24145 1
24145 24146 1
24146 24147 1
24147 24148 1
24148 24149 1
24149 24150 1
24150 24151 1
24151 24152 1
24152 24153 1
24153 24154 1
24154 24155 1
24155 24156 1
24156 24157 1
24157 24158 1
24158 24159 1
24159 24160 1
24160 24161 1
24161 24162 1
24162 24163 1
24163 24164 1
24164 24165 1
24165 24166 1
24166 24167 1
24167 24168 1
24168 24169 1
24169 24170 1
24170 24171 1
24171 24172 1
24172 24173 1
24173 24174 1
24174 24175 1
24175 24176 1
24176 24177 1
24177 24178 1
24178 24179 1
24179 24180 1
24180 24181 1
24181 24182 1
24182 24183 1
24183 24184 1
24184 24185 1
24185 24186 1
24186 24187 1
24187 24188 1
24188 24189 1
24189 24190 1
24190 24191 1
24191 24192 1
24192 24193 1
24193 24194 1
24194 24195 1
24195 24196 1
24196 24197 1
24197 24198 1
24198 24199 1
24199 24200 1
24200 24201 1
24201 24202 1
24202 24203 1
24203 24204 1
24204 24205 1
24205 24206 1
24206 24207 1
24207 24208 1
24208 24209 1
24209 24210 1
24210 24211 1
24211 24212 1
24212 24213 1
24213 24214 1
24214 24215 1
24215 24216 1
24216 24217 1
24217 24218 1
24218 24219 1
24219 24220 1
24220 24221 1
24221 24222 1
24222 24223 1
24223 24224 1
24224 24225 1
24225 24226 1
24226 24227 1
24227 24228 1
24228 24229 1
24229 24230 1
24230 24231 1
24231 24232 1
24232 24233 1
24233 24234 1
24234 24235 1
24235 24236 1
24236 24237 1
24237 24238 1
24238 24239 1
24239 24240 1
24240 24241 1
24241 24242 1
24242 24243 1
24243 24244 1
24244 24245 1
24245 24246 1
24246 24247 1
24247 24248 1
24248 24249 1
24249 24250 1
24250 24251 1
24251 24252 1
24252 24253 1
24253 24254 1
24254 24255 1
24255 24256 1
24256 24257 1
24257 24258 1
24258 24259 1
24259 24260 1
24260 24261 1
24261 24262 1
24262 24263 1
24263 24264 1
24264 24265 1
24265 24266 1
24266 24267 1
24267 24268 1
24268 24269 1
24269 24270 1
24270 24271 1
24271 24272 1
24272 24273 1
24273 24274 1
24274 24275 1
24275 24276 1
24276 24277 1
24277 24278 1
24278 24279 1
24279 24280 1
24280 24281 1
24281 24282 1
24282 24283 1
24283 24284 1
24284 24285 1
24285 24286 1
24286 24287 1
24287 24288 1
24288 24289 1
24289 24290 1
24290 24291 1
24291 24292 1
24292 24293 1
24293 24294 1
24294 24295 1
24295 24296 1
24296 24297 1
24297 24298 1
24298 24299 1
24299 24300 1
24300 24301 1
24301 24302 1
24302 24303 1
24303 24304 1
24304 24305 1
24305 24306 1
24306 24307 1
24307 24308 1
24308 24309 1
24309 24310 1
24310 24311 1
24311 24312 1
24312 24313 1
24313 24314 1
24314 24315 1
24315 24316 1
24316 24317 1
24317 24318 1
24318 24319 1
24319 24320 1
24320 24321 1
24321 24322 1
24322 24323 1
24323 24324 1
24324 24325 1
24325 24326 1
24326 24327 1
24327 24328 1
24328 24329 1
24329 24330 1
24330 24331 1
24331 24332 1
24332 24333 1
24333 24334 1
24334 24335 1
24335 24336 1
24336 24337 1
24337 24338 1
24338 24339 1
24339 24340 1
24340 24341 1
24341 24342 1
24342 24343 1
24343 24344 1
24344 24345 1
24345 24346 1
24346 24347 1
24347 24348 1
24348 24349 1
24349 24350 1
24350 24351 1
24351 24352 1
24352 24353 1
24353 24354 1
24354 24355 1
24355 24356 1
24356 24357 1
24357 24358 1
24358 24359 1
24359 24360 1
24360 24361 1
24361 24362 1
24362 24363 1
24363 24364 1
24364 24365 1
24365 24366 1
24366 24367 1
24367 24368 1
24368 24369 1
24369 24370 1
24370 24371 1
24371 24372 1
24372 24373 1
24373 24374 1
24374 24375 1
24375 24376 1
24376 24377 1
24377 24378 1
24378 24379 1
24379 24380 1
24380 24381 1
24381 24382 1
24382 24383 1
24383 24384 1
24384 24385 1
24385 24386 1
24386 24387 1
24387 24388 1
24388 24389 1
24389 24390 1
24390 24391 1
24391 24392 1
24392 24393 1
24393 24394 1
24394 24395 1
24395 24396 1
24396 24397 1
24397 24398 1
24398 24399 1
24399 24400 1
24400 24401 1
24401 24402 1
24402 24403 1
24403 24404 1
24404 24405 1
24405 24406 1
24406 24407 1
24407 24408 1
24408 24409 1
24409 24410 1
24410 24411 1
24411 24412 1
24412 24413 1
24413 24414 1
24414 24415 1
24415 24416 1
24416 24417 1
24417 24418 1
24418 24419 1
24419 24420 1
24420 24421 1
24421 24422 1
24422 24423 1
24423 24424 1
24424 24425 1
24425 24426 1
24426 24427 1
24427 24428 1
24428 24429 1
24429 24430 1
24430 24431 1
24431 24432 1
24432 24433 1
24433 24434 1
24434 24435 1
24435 24436 1
24436 24437 1
24437 24438 1
24438 24439 1
24439 24440 1
24440 24441 1
24441 24442 1
24442 24443 1
24443 24444 1
24444 24445 1
24445 24446 1
24446 24447 1
24447 24448 1
24448 24449 1
24449 24450 1
24450 24451 1
24451 24452 1
24452 24453 1
24453 24454 1
24454 24455 1
24455 24456 1
24456 24457 1
24457 24458 1
24458 24459 1
24459 24460 1
24460 24461 1
24461 24462 1
24462 24463 1
24463 24464 1
24464 24465 1
24465 24466 1
24466 24467 1
24467 24468 1
24468 24469 1
24469 24470 1
24470 24471 1
24471 24472 1
24472 24473 1
24473 24474 1
24474 24475 1
24475 24476 1
24476 24477 1
24477 24478 1
24478 24479 1
24479 24480 1
24480 24481 1
24481 24482 1
24482 24483 1
24483 24484 1
24484 24485 1
24485 24486 1
24486 24487 1
24487 24488 1
24488 24489 1
24489 24490 1
24490 24491 1
24491 24492 1
24492 24493 1
24493 24494 1
24494 24495 1
24495 24496 1
24496 24497 1
24497 24498 1
24498 24499 1
24499 24500 1
24500 24501 1
24501 24502 1
24502 24503 1
24503 24504 1
24504 24505 1
24505 24506 1
24506 24507 1
24507 24508 1
24508 24509 1
24509 24510 1
24510 24511 1
24511 24512 1
24512 24513 1
24513 24514 1
24514 24515 1
24515 24516 1
24516 24517 1
24517 24518 1
24518 24519 1
24519 24520 1
24520 24521 1
24521 24522 1
24522 24523 1
24523 24524 1
24524 24525 1
24525 24526 1
24526 24527 1
24527 24528 1
24528 24529 1
24529 24530 1
24530 24531 1
24531 24532 1
24532 24533 1
24533 24534 1
24534 24535 1
24535 24536 1
24536 24537 1
24537 24538 1
24538 24539 1
24539 24540 1
24540 24541 1
24541 24542 1
24542 24543 1
24543 24544 1
24544 24545 1
24545 24546 1
24546 24547 1
24547 24548 1
24548 24549 1
24549 24550 1
24550 24551 1
24551 24552 1
24552 24553 1
24553 24554 1
24554 24555 1
24555 24556 1
24556 24557 1
24557 24558 1
24558 24559 1
24559 24560 1
24560 24561 1
24561 24562 1
24562 24563 1
24563 24564 1
24564 24565 1
24565 24566 1
24566 24567 1
24567 24568 1
24568 24569 1
24569 24570 1
24570 24571 1
24571 24572 1
24572 24573 1
24573 24574 1
24574 24575 1
24575 24576 1
24576 24577 1
24577 24578 1
24578 24579 1
24579 24580 1
24580 24581 1
24581 24582 1
24582 24583 1
24583 24584 1
24584 24585 1
24585 24586 1
24586 24587 1
24587 24588 1
24588 24589 1
24589 24590 1
24590 24591 1
24591 24592 1
24592 24593 1
24593 24594 1
24594 24595 1
24595 24596 1
24596 24597 1
24597 24598 1
24598 24599 1
24599 24600 1
24600 24601 1
24601 24602 1
24602 24603 1
24603 24604 1
24604 24605 1
24605 24606 1
24606 24607 1
24607 24608 1
24608 24609 1
24609 24610 1
24610 24611 1
24611 24612 1
24612 24613 1
24613 24614 1
24614 24615 1
24615 24616 1
24616 24617 1
24617 24618 1
24618 24619 1
24619 24620 1
24620 24621 1
24621 24622 1
24622 24623 1
24623 24624 1
24624 24625 1
24625 24626 1
24626 24627 1
24627 24628 1
24628 24629 1
24629 24630 1
24630 24631 1
24631 24632 1
24632 24633 1
24633 24634 1
24634 24635 1
24635 24636 1
24636 24637 1
24637 24638 1
24638 24639 1
24639 24640 1
24640 24641 1
24641 24642 1
24642 24643 1
24643 24644 1
24644 24645 1
24645 24646 1
24646 24647 1
24647 24648 1
24648 24649 1
24649 24650 1
24650 24651 1
24651 24652 1
24652 24653 1
24653 24654 1
24654 24655 1
24655 24656 1
24656 24657 1
24657 24658 1
24658 24659 1
24659 24660 1
24660 24661 1
24661 24662 1
24662 24663 1
24663 24664 1
24664 24665 1
24665 24666 1
24666 24667 1
24667 24668 1
24668 24669 1
24669 24670 1
24670 24671 1
24671 24672 1
24672 24673 1
24673 24674 1
24674 24675 1
24675 24676 1
24676 24677 1
24677 24678 1
24678 24679 1
24679 24680 1
24680 24681 1
24681 24682 1
24682 24683 1
24683 24684 1
24684 24685 1
24685 24686 1
24686 24687 1
24687 24688 1
24688 24689 1
24689 24690 1
24690 24691 1
24691 24692 1
24692 24693 1
24693 24694 1
24694 24695 1
24695 24696 1
24696 24697 1
24697 24698 1
24698 24699 1
24699 24700 1
24700 24701 1
24701 24702 1
24702 24703 1
24703 24704 1
24704 24705 1
24705 24706 1
24706 24707 1
24707 24708 1
24708 24709 1
24709 24710 1
24710 24711 1
24711 24712 1
24712 24713 1
24713 24714 1
24714 24715 1
24715 24716 1
24716 24717 1
24717 24718 1
24718 24719 1
24719 24720 1
24720 24721 1
24721 24722 1
24722 24723 1
24723 24724 1
24724 24725 1
24725 24726 1
24726 24727 1
24727 24728 1
24728 24729 1
24729 24730 1
24730 24731 1
24731 24732 1
24732 24733 1
24733 24734 1
24734 24735 1
24735 24736 1
24736 24737 1
24737 24738 1
24738 24739 1
24739 24740 1
24740 24741 1
24741 24742 1
24742 24743 1
24743 24744 1
24744 24745 1
24745 24746 1
24746 24747 1
24747 24748 1
24748 24749 1
24749 24750 1
24750 24751 1
24751 24752 1
24752 24753 1
24753 24754 1
24754 24755 1
24755 24756 1
24756 24757 1
24757 24758 1
24758 24759 1
24759 24760 1
24760 24761 1
24761 24762 1
24762 24763 1
24763 24764 1
24764 24765 1
24765 24766 1
24766 24767 1
24767 24768 1
24768 24769 1
24769 24770 1
24770 24771 1
24771 24772 1
24772 24773 1
24773 24774 1
24774 24775 1
24775 24776 1
24776 24777 1
24777 24778 1
24778 24779 1
24779 24780 1
24780 24781 1
24781 24782 1
24782 24783 1
24783 24784 1
24784 24785 1
24785 24786 1
24786 24787 1
24787 24788 1
24788 24789 1
24789 24790 1
24790 24791 1
24791 24792 1
24792 24793 1
24793 24794 1
24794 24795 1
24795 24796 1
24796 24797 1
24797 24798 1
24798 24799 1
24799 24800 1
24800 24801 1
24801 24802 1
24802 24803 1
24803 24804 1
24804 24805 1
24805 24806 1
24806 24807 1
24807 24808 1
24808 24809 1
24809 24810 1
24810 24811 1
24811 24812 1
24812 24813 1
24813 24814 1
24814 24815 1
24815 24816 1
24816 24817 1
24817 24818 1
24818 24819 1
24819 24820 1
24820 24821 1
24821 24822 1
24822 24823 1
24823 24824 1
24824 24825 1
24825 24826 1
24826 24827 1
24827 24828 1
24828 24829 1
24829 24830 1
24830 24831 1
24831 24832 1
24832 24833 1
24833 24834 1
24834 24835 1
24835 24836 1
24836 24837 1
24837 24838 1
24838 24839 1
24839 24840 1
24840 24841 1
24841 24842 1
24842 24843 1
24843 24844 1
24844 24845 1
24845 24846 1
24846 24847 1
24847 24848 1
24848 24849 1
24849 24850 1
24850 24851 1
24851 24852 1
24852 24853 1
24853 24854 1
24854 24855 1
24855 24856 1
24856 24857 1
24857 24858 1
24858 24859 1
24859 24860 1
24860 24861 1
24861 24862 1
24862 24863 1
24863 24864 1
24864 24865 1
24865 24866 1
24866 24867 1
24867 24868 1
24868 24869 1
24869 24870 1
24870 24871 1
24871 24872 1
24872 24873 1
24873 24874 1
24874 24875 1
24875 24876 1
24876 24877 1
24877 24878 1
24878 24879 1
24879 24880 1
24880 24881 1
24881 24882 1
24882 24883 1
24883 24884 1
24884 24885 1
24885 24886 1
24886 24887 1
24887 24888 1
24888 24889 1
24889 24890 1
24890 24891 1
24891 24892 1
24892 24893 1
24893 24894 1
24894 24895 1
24895 24896 1
24896 24897 1
24897 24898 1
24898 24899 1
24899 24900 1
24900 24901 1
24901 24902 1
24902 24903 1
24903 24904 1
24904 24905 1
24905 24906 1
24906 24907 1
24907 24908 1
24908 24909 1
24909 24910 1
24910 24911 1
24911 24912 1
24912 24913 1
24913 24914 1
24914 24915 1
24915 24916 1
24916 24917 1
24917 24918 1
24918 24919 1
24919 24920 1
24920 24921 1
24921 24922 1
24922 24923 1
24923 24924 1
24924 24925 1
24925 24926 1
24926 24927 1
24927 24928 1
24928 24929 1
24929 24930 1
24930 24931 1
24931 24932 1
24932 24933 1
24933 24934 1
24934 24935 1
24935 24936 1
24936 24937 1
24937 24938 1
24938 24939 1
24939 24940 1
24940 24941 1
24941 24942 1
24942 24943 1
24943 24944 1
24944 24945 1
24945 24946 1
24946 24947 1
24947 24948 1
24948 24949 1
24949 24950 1
24950 24951 1
24951 24952 1
24952 24953 1
24953 24954 1
24954 24955 1
24955 24956 1
24956 24957 1
24957 24958 1
24958 24959 1
24959 24960 1
24960 24961 1
24961 24962 1
24962 24963 1
24963 24964 1
24964 24965 1
24965 24966 1
24966 24967 1
24967 24968 1
24968 24969 1
24969 24970 1
24970 24971 1
24971 24972 1
24972 24973 1
24973 24974 1
24974 24975 1
24975 24976 1
24976 24977 1
24977 24978 1
24978 24979 1
24979 24980 1
24980 24981 1
24981 24982 1
24982 24983 1
24983 24984 1
24984 24985 1
24985 24986 1
24986 24987 1
24987 24988 1
24988 24989 1
24989 24990 1
24990 24991 1
24991 24992 1
24992 24993 1
24993 24994 1
24994 24995 1
24995 24996 1
24996 24997 1
24997 24998 1
24998 T 1
