1000000000
2
10000 10000
20000
1 1
2 1
3 1
4 1
5 1
6 1
7 1
8 1
9 1
10 1
11 1
12 1
13 1
14 1
15 1
16 1
17 1
18 1
19 1
20 1
21 1
22 1
23 1
24 1
25 1
26 1
27 1
28 1
29 1
30 1
31 1
32 1
33 1
34 1
35 1
36 1
37 1
38 1
39 1
40 1
41 1
42 1
43 1
44 1
45 1
46 1
47 1
48 1
49 1
50 1
51 1
52 1
53 1
54 1
55 1
56 1
57 1
58 1
59 1
60 1
61 1
62 1
63 1
64 1
65 1
66 1
67 1
68 1
69 1
70 1
71 1
72 1
73 1
74 1
75 1
76 1
77 1
78 1
79 1
80 1
81 1
82 1
83 1
84 1
85 1
86 1
87 1
88 1
89 1
90 1
91 1
92 1
93 1
94 1
95 1
96 1
97 1
98 1
99 1
100 1
101 1
102 1
103 1
104 1
105 1
106 1
107 1
108 1
109 1
110 1
111 1
112 1
113 1
114 1
115 1
116 1
117 1
118 1
119 1
120 1
121 1
122 1
123 1
124 1
125 1
126 1
127 1
128 1
129 1
130 1
131 1
132 1
133 1
134 1
135 1
136 1
137 1
138 1
139 1
140 1
141 1
142 1
143 1
144 1
145 1
146 1
147 1
148 1
149 1
150 1
151 1
152 1
153 1
154 1
155 1
156 1
157 1
158 1
159 1
160 1
161 1
162 1
163 1
164 1
165 1
166 1
167 1
168 1
169 1
170 1
171 1
172 1
173 1
174 1
175 1
176 1
177 1
178 1
179 1
180 1
181 1
182 1
183 1
184 1
185 1
186 1
187 1
188 1
189 1
190 1
191 1
192 1
193 1
194 1
195 1
196 1
197 1
198 1
199 1
200 1
201 1
202 1
203 1
204 1
205 1
206 1
207 1
208 1
209 1
210 1
211 1
212 1
213 1
214 1
215 1
216 1
217 1
218 1
219 1
220 1
221 1
222 1
223 1
224 1
225 1
226 1
227 1
228 1
229 1
230 1
231 1
232 1
233 1
234 1
235 1
236 1
237 1
238 1
239 1
240 1
241 1
242 1
243 1
244 1
245 1
246 1
247 1
248 1
249 1
250 1
251 1
252 1
253 1
254 1
255 1
256 1
257 1
258 1
259 1
260 1
261 1
262 1
263 1
264 1
265 1
266 1
267 1
268 1
269 1
270 1
271 1
272 1
273 1
274 1
275 1
276 1
277 1
278 1
279 1
280 1
281 1
282 1
283 1
284 1
285 1
286 1
287 1
288 1
289 1
290 1
291 1
292 1
293 1
294 1
295 1
296 1
297 1
298 1
299 1
300 1
301 1
302 1
303 1
304 1
305 1
306 1
307 1
308 1
309 1
310 1
311 1
312 1
313 1
314 1
315 1
316 1
317 1
318 1
319 1
320 1
321 1
322 1
323 1
324 1
325 1
326 1
327 1
328 1
329 1
330 1
331 1
332 1
333 1
334 1
335 1
336 1
337 1
338 1
339 1
340 1
341 1
342 1
343 1
344 1
345 1
346 1
347 1
348 1
349 1
350 1
351 1
352 1
353 1
354 1
355 1
356 1
357 1
358 1
359 1
360 1
361 1
362 1
363 1
364 1
365 1
366 1
367 1
368 1
369 1
370 1
371 1
372 1
373 1
374 1
375 1
376 1
377 1
378 1
379 1
380 1
381 1
382 1
383 1
384 1
385 1
386 1
387 1
388 1
389 1
390 1
391 1
392 1
393 1
394 1
395 1
396 1
397 1
398 1
399 1
400 1
401 1
402 1
403 1
404 1
405 1
406 1
407 1
408 1
409 1
410 1
411 1
412 1
413 1
414 1
415 1
416 1
417 1
418 1
419 1
420 1
421 1
422 1
423 1
424 1
425 1
426 1
427 1
428 1
429 1
430 1
431 1
432 1
433 1
434 1
435 1
436 1
437 1
438 1
439 1
440 1
441 1
442 1
443 1
444 1
445 1
446 1
447 1
448 1
449 1
450 1
451 1
452 1
453 1
454 1
455 1
456 1
457 1
458 1
459 1
460 1
461 1
462 1
463 1
464 1
465 1
466 1
467 1
468 1
469 1
470 1
471 1
472 1
473 1
474 1
475 1
476 1
477 1
478 1
479 1
480 1
481 1
482 1
483 1
484 1
485 1
486 1
487 1
488 1
489 1
490 1
491 1
492 1
493 1
494 1
495 1
496 1
497 1
498 1
499 1
500 1
501 1
502 1
503 1
504 1
505 1
506 1
507 1
508 1
509 1
510 1
511 1
512 1
513 1
514 1
515 1
516 1
517 1
518 1
519 1
520 1
521 1
522 1
523 1
524 1
525 1
526 1
527 1
528 1
529 1
530 1
531 1
532 1
533 1
534 1
535 1
536 1
537 1
538 1
539 1
540 1
541 1
542 1
543 1
544 1
545 1
546 1
547 1
548 1
549 1
550 1
551 1
552 1
553 1
554 1
555 1
556 1
557 1
558 1
559 1
560 1
561 1
562 1
563 1
564 1
565 1
566 1
567 1
568 1
569 1
570 1
571 1
572 1
573 1
574 1
575 1
576 1
577 1
578 1
579 1
580 1
581 1
582 1
583 1
584 1
585 1
586 1
587 1
588 1
589 1
590 1
591 1
592 1
593 1
594 1
595 1
596 1
597 1
598 1
599 1
600 1
601 1
602 1
603 1
604 1
605 1
606 1
607 1
608 1
609 1
610 1
611 1
612 1
613 1
614 1
615 1
616 1
617 1
618 1
619 1
620 1
621 1
622 1
623 1
624 1
625 1
626 1
627 1
628 1
629 1
630 1
631 1
632 1
633 1
634 1
635 1
636 1
637 1
638 1
639 1
640 1
641 1
642 1
643 1
644 1
645 1
646 1
647 1
648 1
649 1
650 1
651 1
652 1
653 1
654 1
655 1
656 1
657 1
658 1
659 1
660 1
661 1
662 1
663 1
664 1
665 1
666 1
667 1
668 1
669 1
670 1
671 1
672 1
673 1
674 1
675 1
676 1
677 1
678 1
679 1
680 1
681 1
682 1
683 1
684 1
685 1
686 1
687 1
688 1
689 1
690 1
691 1
692 1
693 1
694 1
695 1
696 1
697 1
698 1
699 1
700 1
701 1
702 1
703 1
704 1
705 1
706 1
707 1
708 1
709 1
710 1
711 1
712 1
713 1
714 1
715 1
716 1
717 1
718 1
719 1
720 1
721 1
722 1
723 1
724 1
725 1
726 1
727 1
728 1
729 1
730 1
731 1
732 1
733 1
734 1
735 1
736 1
737 1
738 1
739 1
740 1
741 1
742 1
743 1
744 1
745 1
746 1
747 1
748 1
749 1
750 1
751 1
752 1
753 1
754 1
755 1
756 1
757 1
758 1
759 1
760 1
761 1
762 1
763 1
764 1
765 1
766 1
767 1
768 1
769 1
770 1
771 1
772 1
773 1
774 1
775 1
776 1
777 1
778 1
779 1
780 1
781 1
782 1
783 1
784 1
785 1
786 1
787 1
788 1
789 1
790 1
791 1
792 1
793 1
794 1
795 1
796 1
797 1
798 1
799 1
800 1
801 1
802 1
803 1
804 1
805 1
806 1
807 1
808 1
809 1
810 1
811 1
812 1
813 1
814 1
815 1
816 1
817 1
818 1
819 1
820 1
821 1
822 1
823 1
824 1
825 1
826 1
827 1
828 1
829 1
830 1
831 1
832 1
833 1
834 1
835 1
836 1
837 1
838 1
839 1
840 1
841 1
842 1
843 1
844 1
845 1
846 1
847 1
848 1
849 1
850 1
851 1
852 1
853 1
854 1
855 1
856 1
857 1
858 1
859 1
860 1
861 1
862 1
863 1
864 1
865 1
866 1
867 1
868 1
869 1
870 1
871 1
872 1
873 1
874 1
875 1
876 1
877 1
878 1
879 1
880 1
881 1
882 1
883 1
884 1
885 1
886 1
887 1
888 1
889 1
890 1
891 1
892 1
893 1
894 1
895 1
896 1
897 1
898 1
899 1
900 1
901 1
902 1
903 1
904 1
905 1
906 1
907 1
908 1
909 1
910 1
911 1
912 1
913 1
914 1
915 1
916 1
917 1
918 1
919 1
920 1
921 1
922 1
923 1
924 1
925 1
926 1
927 1
928 1
929 1
930 1
931 1
932 1
933 1
934 1
935 1
936 1
937 1
938 1
939 1
940 1
941 1
942 1
943 1
944 1
945 1
946 1
947 1
948 1
949 1
950 1
951 1
952 1
953 1
954 1
955 1
956 1
957 1
958 1
959 1
960 1
961 1
962 1
963 1
964 1
965 1
966 1
967 1
968 1
969 1
970 1
971 1
972 1
973 1
974 1
975 1
976 1
977 1
978 1
979 1
980 1
981 1
982 1
983 1
984 1
985 1
986 1
987 1
988 1
989 1
990 1
991 1
992 1
993 1
994 1
995 1
996 1
997 1
998 1
999 1
1000 1
1001 1
1002 1
1003 1
1004 1
1005 1
1006 1
1007 1
1008 1
1009 1
1010 1
1011 1
1012 1
1013 1
1014 1
1015 1
1016 1
1017 1
1018 1
1019 1
1020 1
1021 1
1022 1
1023 1
1024 1
1025 1
1026 1
1027 1
1028 1
1029 1
1030 1
1031 1
1032 1
1033 1
1034 1
1035 1
1036 1
1037 1
1038 1
1039 1
1040 1
1041 1
1042 1
1043 1
1044 1
1045 1
1046 1
1047 1
1048 1
1049 1
1050 1
1051 1
1052 1
1053 1
1054 1
1055 1
1056 1
1057 1
1058 1
1059 1
1060 1
1061 1
1062 1
1063 1
1064 1
1065 1
1066 1
1067 1
1068 1
1069 1
1070 1
1071 1
1072 1
1073 1
1074 1
1075 1
1076 1
1077 1
1078 1
1079 1
1080 1
1081 1
1082 1
1083 1
1084 1
1085 1
1086 1
1087 1
1088 1
1089 1
1090 1
1091 1
1092 1
1093 1
1094 1
1095 1
1096 1
1097 1
1098 1
1099 1
1100 1
1101 1
1102 1
1103 1
1104 1
1105 1
1106 1
1107 1
1108 1
1109 1
1110 1
1111 1
1112 1
1113 1
1114 1
1115 1
1116 1
1117 1
1118 1
1119 1
1120 1
1121 1
1122 1
1123 1
1124 1
1125 1
1126 1
1127 1
1128 1
1129 1
1130 1
1131 1
1132 1
1133 1
1134 1
1135 1
1136 1
1137 1
1138 1
1139 1
1140 1
1141 1
1142 1
1143 1
1144 1
1145 1
1146 1
1147 1
1148 1
1149 1
1150 1
1151 1
1152 1
1153 1
1154 1
1155 1
1156 1
1157 1
1158 1
1159 1
1160 1
1161 1
1162 1
1163 1
1164 1
1165 1
1166 1
1167 1
1168 1
1169 1
1170 1
1171 1
1172 1
1173 1
1174 1
1175 1
1176 1
1177 1
1178 1
1179 1
1180 1
1181 1
1182 1
1183 1
1184 1
1185 1
1186 1
1187 1
1188 1
1189 1
1190 1
1191 1
1192 1
1193 1
1194 1
1195 1
1196 1
1197 1
1198 1
1199 1
1200 1
1201 1
1202 1
1203 1
1204 1
1205 1
1206 1
1207 1
1208 1
1209 1
1210 1
1211 1
1212 1
1213 1
1214 1
1215 1
1216 1
1217 1
1218 1
1219 1
1220 1
1221 1
1222 1
1223 1
1224 1
1225 1
1226 1
1227 1
1228 1
1229 1
1230 1
1231 1
1232 1
1233 1
1234 1
1235 1
1236 1
1237 1
1238 1
1239 1
1240 1
1241 1
1242 1
1243 1
1244 1
1245 1
1246 1
1247 1
1248 1
1249 1
1250 1
1251 1
1252 1
1253 1
1254 1
1255 1
1256 1
1257 1
1258 1
1259 1
1260 1
1261 1
1262 1
1263 1
1264 1
1265 1
1266 1
1267 1
1268 1
1269 1
1270 1
1271 1
1272 1
1273 1
1274 1
1275 1
1276 1
1277 1
1278 1
1279 1
1280 1
1281 1
1282 1
1283 1
1284 1
1285 1
1286 1
1287 1
1288 1
1289 1
1290 1
1291 1
1292 1
1293 1
1294 1
1295 1
1296 1
1297 1
1298 1
1299 1
1300 1
1301 1
1302 1
1303 1
1304 1
1305 1
1306 1
1307 1
1308 1
1309 1
1310 1
1311 1
1312 1
1313 1
1314 1
1315 1
1316 1
1317 1
1318 1
1319 1
1320 1
1321 1
1322 1
1323 1
1324 1
1325 1
1326 1
1327 1
1328 1
1329 1
1330 1
1331 1
1332 1
1333 1
1334 1
1335 1
1336 1
1337 1
1338 1
1339 1
1340 1
1341 1
1342 1
1343 1
1344 1
1345 1
1346 1
1347 1
1348 1
1349 1
1350 1
1351 1
1352 1
1353 1
1354 1
1355 1
1356 1
1357 1
1358 1
1359 1
1360 1
1361 1
1362 1
1363 1
1364 1
1365 1
1366 1
1367 1
1368 1
1369 1
1370 1
1371 1
1372 1
1373 1
1374 1
1375 1
1376 1
1377 1
1378 1
1379 1
1380 1
1381 1
1382 1
1383 1
1384 1
1385 1
1386 1
1387 1
1388 1
1389 1
1390 1
1391 1
1392 1
1393 1
1394 1
1395 1
1396 1
1397 1
1398 1
1399 1
1400 1
1401 1
1402 1
1403 1
1404 1
1405 1
1406 1
1407 1
1408 1
1409 1
1410 1
1411 1
1412 1
1413 1
1414 1
1415 1
1416 1
1417 1
1418 1
1419 1
1420 1
1421 1
1422 1
1423 1
1424 1
1425 1
1426 1
1427 1
1428 1
1429 1
1430 1
1431 1
1432 1
1433 1
1434 1
1435 1
1436 1
1437 1
1438 1
1439 1
1440 1
1441 1
1442 1
1443 1
1444 1
1445 1
1446 1
1447 1
1448 1
1449 1
1450 1
1451 1
1452 1
1453 1
1454 1
1455 1
1456 1
1457 1
1458 1
1459 1
1460 1
1461 1
1462 1
1463 1
1464 1
1465 1
1466 1
1467 1
1468 1
1469 1
1470 1
1471 1
1472 1
1473 1
1474 1
1475 1
1476 1
1477 1
1478 1
1479 1
1480 1
1481 1
1482 1
1483 1
1484 1
1485 1
1486 1
1487 1
1488 1
1489 1
1490 1
1491 1
1492 1
1493 1
1494 1
1495 1
1496 1
1497 1
1498 1
1499 1
1500 1
1501 1
1502 1
1503 1
1504 1
1505 1
1506 1
1507 1
1508 1
1509 1
1510 1
1511 1
1512 1
1513 1
1514 1
1515 1
1516 1
1517 1
1518 1
1519 1
1520 1
1521 1
1522 1
1523 1
1524 1
1525 1
1526 1
1527 1
1528 1
1529 1
1530 1
1531 1
1532 1
1533 1
1534 1
1535 1
1536 1
1537 1
1538 1
1539 1
1540 1
1541 1
1542 1
1543 1
1544 1
1545 1
1546 1
1547 1
1548 1
1549 1
1550 1
1551 1
1552 1
1553 1
1554 1
1555 1
1556 1
1557 1
1558 1
1559 1
1560 1
1561 1
1562 1
1563 1
1564 1
1565 1
1566 1
1567 1
1568 1
1569 1
1570 1
1571 1
1572 1
1573 1
1574 1
1575 1
1576 1
1577 1
1578 1
1579 1
1580 1
1581 1
1582 1
1583 1
1584 1
1585 1
1586 1
1587 1
1588 1
1589 1
1590 1
1591 1
1592 1
1593 1
1594 1
1595 1
1596 1
1597 1
1598 1
1599 1
1600 1
1601 1
1602 1
1603 1
1604 1
1605 1
1606 1
1607 1
1608 1
1609 1
1610 1
1611 1
1612 1
1613 1
1614 1
1615 1
1616 1
1617 1
1618 1
1619 1
1620 1
1621 1
1622 1
1623 1
1624 1
1625 1
1626 1
1627 1
1628 1
1629 1
1630 1
1631 1
1632 1
1633 1
1634 1
1635 1
1636 1
1637 1
1638 1
1639 1
1640 1
1641 1
1642 1
1643 1
1644 1
1645 1
1646 1
1647 1
1648 1
1649 1
1650 1
1651 1
1652 1
1653 1
1654 1
1655 1
1656 1
1657 1
1658 1
1659 1
1660 1
1661 1
1662 1
1663 1
1664 1
1665 1
1666 1
1667 1
1668 1
1669 1
1670 1
1671 1
1672 1
1673 1
1674 1
1675 1
1676 1
1677 1
1678 1
1679 1
1680 1
1681 1
1682 1
1683 1
1684 1
1685 1
1686 1
1687 1
1688 1
1689 1
1690 1
1691 1
1692 1
1693 1
1694 1
1695 1
1696 1
1697 1
1698 1
1699 1
1700 1
1701 1
1702 1
1703 1
1704 1
1705 1
1706 1
1707 1
1708 1
1709 1
1710 1
1711 1
1712 1
1713 1
1714 1
1715 1
1716 1
1717 1
1718 1
1719 1
1720 1
1721 1
1722 1
1723 1
1724 1
1725 1
1726 1
1727 1
1728 1
1729 1
1730 1
1731 1
1732 1
1733 1
1734 1
1735 1
1736 1
1737 1
1738 1
1739 1
1740 1
1741 1
1742 1
1743 1
1744 1
1745 1
1746 1
1747 1
1748 1
1749 1
1750 1
1751 1
1752 1
1753 1
1754 1
1755 1
1756 1
1757 1
1758 1
1759 1
1760 1
1761 1
1762 1
1763 1
1764 1
1765 1
1766 1
1767 1
1768 1
1769 1
1770 1
1771 1
1772 1
1773 1
1774 1
1775 1
1776 1
1777 1
1778 1
1779 1
1780 1
1781 1
1782 1
1783 1
1784 1
1785 1
1786 1
1787 1
1788 1
1789 1
1790 1
1791 1
1792 1
1793 1
1794 1
1795 1
1796 1
1797 1
1798 1
1799 1
1800 1
1801 1
1802 1
1803 1
1804 1
1805 1
1806 1
1807 1
1808 1
1809 1
1810 1
1811 1
1812 1
1813 1
1814 1
1815 1
1816 1
1817 1
1818 1
1819 1
1820 1
1821 1
1822 1
1823 1
1824 1
1825 1
1826 1
1827 1
1828 1
1829 1
1830 1
1831 1
1832 1
1833 1
1834 1
1835 1
1836 1
1837 1
1838 1
1839 1
1840 1
1841 1
1842 1
1843 1
1844 1
1845 1
1846 1
1847 1
1848 1
1849 1
1850 1
1851 1
1852 1
1853 1
1854 1
1855 1
1856 1
1857 1
1858 1
1859 1
1860 1
1861 1
1862 1
1863 1
1864 1
1865 1
1866 1
1867 1
1868 1
1869 1
1870 1
1871 1
1872 1
1873 1
1874 1
1875 1
1876 1
1877 1
1878 1
1879 1
1880 1
1881 1
1882 1
1883 1
1884 1
1885 1
1886 1
1887 1
1888 1
1889 1
1890 1
1891 1
1892 1
1893 1
1894 1
1895 1
1896 1
1897 1
1898 1
1899 1
1900 1
1901 1
1902 1
1903 1
1904 1
1905 1
1906 1
1907 1
1908 1
1909 1
1910 1
1911 1
1912 1
1913 1
1914 1
1915 1
1916 1
1917 1
1918 1
1919 1
1920 1
1921 1
1922 1
1923 1
1924 1
1925 1
1926 1
1927 1
1928 1
1929 1
1930 1
1931 1
1932 1
1933 1
1934 1
1935 1
1936 1
1937 1
1938 1
1939 1
1940 1
1941 1
1942 1
1943 1
1944 1
1945 1
1946 1
1947 1
1948 1
1949 1
1950 1
1951 1
1952 1
1953 1
1954 1
1955 1
1956 1
1957 1
1958 1
1959 1
1960 1
1961 1
1962 1
1963 1
1964 1
1965 1
1966 1
1967 1
1968 1
1969 1
1970 1
1971 1
1972 1
1973 1
1974 1
1975 1
1976 1
1977 1
1978 1
1979 1
1980 1
1981 1
1982 1
1983 1
1984 1
1985 1
1986 1
1987 1
1988 1
1989 1
1990 1
1991 1
1992 1
1993 1
1994 1
1995 1
1996 1
1997 1
1998 1
1999 1
2000 1
2001 1
2002 1
2003 1
2004 1
2005 1
2006 1
2007 1
2008 1
2009 1
2010 1
2011 1
2012 1
2013 1
2014 1
2015 1
2016 1
2017 1
2018 1
2019 1
2020 1
2021 1
2022 1
2023 1
2024 1
2025 1
2026 1
2027 1
2028 1
2029 1
2030 1
2031 1
2032 1
2033 1
2034 1
2035 1
2036 1
2037 1
2038 1
2039 1
2040 1
2041 1
2042 1
2043 1
2044 1
2045 1
2046 1
2047 1
2048 1
2049 1
2050 1
2051 1
2052 1
2053 1
2054 1
2055 1
2056 1
2057 1
2058 1
2059 1
2060 1
2061 1
2062 1
2063 1
2064 1
2065 1
2066 1
2067 1
2068 1
2069 1
2070 1
2071 1
2072 1
2073 1
2074 1
2075 1
2076 1
2077 1
2078 1
2079 1
2080 1
2081 1
2082 1
2083 1
2084 1
2085 1
2086 1
2087 1
2088 1
2089 1
2090 1
2091 1
2092 1
2093 1
2094 1
2095 1
2096 1
2097 1
2098 1
2099 1
2100 1
2101 1
2102 1
2103 1
2104 1
2105 1
2106 1
2107 1
2108 1
2109 1
2110 1
2111 1
2112 1
2113 1
2114 1
2115 1
2116 1
2117 1
2118 1
2119 1
2120 1
2121 1
2122 1
2123 1
2124 1
2125 1
2126 1
2127 1
2128 1
2129 1
2130 1
2131 1
2132 1
2133 1
2134 1
2135 1
2136 1
2137 1
2138 1
2139 1
2140 1
2141 1
2142 1
2143 1
2144 1
2145 1
2146 1
2147 1
2148 1
2149 1
2150 1
2151 1
2152 1
2153 1
2154 1
2155 1
2156 1
2157 1
2158 1
2159 1
2160 1
2161 1
2162 1
2163 1
2164 1
2165 1
2166 1
2167 1
2168 1
2169 1
2170 1
2171 1
2172 1
2173 1
2174 1
2175 1
2176 1
2177 1
2178 1
2179 1
2180 1
2181 1
2182 1
2183 1
2184 1
2185 1
2186 1
2187 1
2188 1
2189 1
2190 1
2191 1
2192 1
2193 1
2194 1
2195 1
2196 1
2197 1
2198 1
2199 1
2200 1
2201 1
2202 1
2203 1
2204 1
2205 1
2206 1
2207 1
2208 1
2209 1
2210 1
2211 1
2212 1
2213 1
2214 1
2215 1
2216 1
2217 1
2218 1
2219 1
2220 1
2221 1
2222 1
2223 1
2224 1
2225 1
2226 1
2227 1
2228 1
2229 1
2230 1
2231 1
2232 1
2233 1
2234 1
2235 1
2236 1
2237 1
2238 1
2239 1
2240 1
2241 1
2242 1
2243 1
2244 1
2245 1
2246 1
2247 1
2248 1
2249 1
2250 1
2251 1
2252 1
2253 1
2254 1
2255 1
2256 1
2257 1
2258 1
2259 1
2260 1
2261 1
2262 1
2263 1
2264 1
2265 1
2266 1
2267 1
2268 1
2269 1
2270 1
2271 1
2272 1
2273 1
2274 1
2275 1
2276 1
2277 1
2278 1
2279 1
2280 1
2281 1
2282 1
2283 1
2284 1
2285 1
2286 1
2287 1
2288 1
2289 1
2290 1
2291 1
2292 1
2293 1
2294 1
2295 1
2296 1
2297 1
2298 1
2299 1
2300 1
2301 1
2302 1
2303 1
2304 1
2305 1
2306 1
2307 1
2308 1
2309 1
2310 1
2311 1
2312 1
2313 1
2314 1
2315 1
2316 1
2317 1
2318 1
2319 1
2320 1
2321 1
2322 1
2323 1
2324 1
2325 1
2326 1
2327 1
2328 1
2329 1
2330 1
2331 1
2332 1
2333 1
2334 1
2335 1
2336 1
2337 1
2338 1
2339 1
2340 1
2341 1
2342 1
2343 1
2344 1
2345 1
2346 1
2347 1
2348 1
2349 1
2350 1
2351 1
2352 1
2353 1
2354 1
2355 1
2356 1
2357 1
2358 1
2359 1
2360 1
2361 1
2362 1
2363 1
2364 1
2365 1
2366 1
2367 1
2368 1
2369 1
2370 1
2371 1
2372 1
2373 1
2374 1
2375 1
2376 1
2377 1
2378 1
2379 1
2380 1
2381 1
2382 1
2383 1
2384 1
2385 1
2386 1
2387 1
2388 1
2389 1
2390 1
2391 1
2392 1
2393 1
2394 1
2395 1
2396 1
2397 1
2398 1
2399 1
2400 1
2401 1
2402 1
2403 1
2404 1
2405 1
2406 1
2407 1
2408 1
2409 1
2410 1
2411 1
2412 1
2413 1
2414 1
2415 1
2416 1
2417 1
2418 1
2419 1
2420 1
2421 1
2422 1
2423 1
2424 1
2425 1
2426 1
2427 1
2428 1
2429 1
2430 1
2431 1
2432 1
2433 1
2434 1
2435 1
2436 1
2437 1
2438 1
2439 1
2440 1
2441 1
2442 1
2443 1
2444 1
2445 1
2446 1
2447 1
2448 1
2449 1
2450 1
2451 1
2452 1
2453 1
2454 1
2455 1
2456 1
2457 1
2458 1
2459 1
2460 1
2461 1
2462 1
2463 1
2464 1
2465 1
2466 1
2467 1
2468 1
2469 1
2470 1
2471 1
2472 1
2473 1
2474 1
2475 1
2476 1
2477 1
2478 1
2479 1
2480 1
2481 1
2482 1
2483 1
2484 1
2485 1
2486 1
2487 1
2488 1
2489 1
2490 1
2491 1
2492 1
2493 1
2494 1
2495 1
2496 1
2497 1
2498 1
2499 1
2500 1
2501 1
2502 1
2503 1
2504 1
2505 1
2506 1
2507 1
2508 1
2509 1
2510 1
2511 1
2512 1
2513 1
2514 1
2515 1
2516 1
2517 1
2518 1
2519 1
2520 1
2521 1
2522 1
2523 1
2524 1
2525 1
2526 1
2527 1
2528 1
2529 1
2530 1
2531 1
2532 1
2533 1
2534 1
2535 1
2536 1
2537 1
2538 1
2539 1
2540 1
2541 1
2542 1
2543 1
2544 1
2545 1
2546 1
2547 1
2548 1
2549 1
2550 1
2551 1
2552 1
2553 1
2554 1
2555 1
2556 1
2557 1
2558 1
2559 1
2560 1
2561 1
2562 1
2563 1
2564 1
2565 1
2566 1
2567 1
2568 1
2569 1
2570 1
2571 1
2572 1
2573 1
2574 1
2575 1
2576 1
2577 1
2578 1
2579 1
2580 1
2581 1
2582 1
2583 1
2584 1
2585 1
2586 1
2587 1
2588 1
2589 1
2590 1
2591 1
2592 1
2593 1
2594 1
2595 1
2596 1
2597 1
2598 1
2599 1
2600 1
2601 1
2602 1
2603 1
2604 1
2605 1
2606 1
2607 1
2608 1
2609 1
2610 1
2611 1
2612 1
2613 1
2614 1
2615 1
2616 1
2617 1
2618 1
2619 1
2620 1
2621 1
2622 1
2623 1
2624 1
2625 1
2626 1
2627 1
2628 1
2629 1
2630 1
2631 1
2632 1
2633 1
2634 1
2635 1
2636 1
2637 1
2638 1
2639 1
2640 1
2641 1
2642 1
2643 1
2644 1
2645 1
2646 1
2647 1
2648 1
2649 1
2650 1
2651 1
2652 1
2653 1
2654 1
2655 1
2656 1
2657 1
2658 1
2659 1
2660 1
2661 1
2662 1
2663 1
2664 1
2665 1
2666 1
2667 1
2668 1
2669 1
2670 1
2671 1
2672 1
2673 1
2674 1
2675 1
2676 1
2677 1
2678 1
2679 1
2680 1
2681 1
2682 1
2683 1
2684 1
2685 1
2686 1
2687 1
2688 1
2689 1
2690 1
2691 1
2692 1
2693 1
2694 1
2695 1
2696 1
2697 1
2698 1
2699 1
2700 1
2701 1
2702 1
2703 1
2704 1
2705 1
2706 1
2707 1
2708 1
2709 1
2710 1
2711 1
2712 1
2713 1
2714 1
2715 1
2716 1
2717 1
2718 1
2719 1
2720 1
2721 1
2722 1
2723 1
2724 1
2725 1
2726 1
2727 1
2728 1
2729 1
2730 1
2731 1
2732 1
2733 1
2734 1
2735 1
2736 1
2737 1
2738 1
2739 1
2740 1
2741 1
2742 1
2743 1
2744 1
2745 1
2746 1
2747 1
2748 1
2749 1
2750 1
2751 1
2752 1
2753 1
2754 1
2755 1
2756 1
2757 1
2758 1
2759 1
2760 1
2761 1
2762 1
2763 1
2764 1
2765 1
2766 1
2767 1
2768 1
2769 1
2770 1
2771 1
2772 1
2773 1
2774 1
2775 1
2776 1
2777 1
2778 1
2779 1
2780 1
2781 1
2782 1
2783 1
2784 1
2785 1
2786 1
2787 1
2788 1
2789 1
2790 1
2791 1
2792 1
2793 1
2794 1
2795 1
2796 1
2797 1
2798 1
2799 1
2800 1
2801 1
2802 1
2803 1
2804 1
2805 1
2806 1
2807 1
2808 1
2809 1
2810 1
2811 1
2812 1
2813 1
2814 1
2815 1
2816 1
2817 1
2818 1
2819 1
2820 1
2821 1
2822 1
2823 1
2824 1
2825 1
2826 1
2827 1
2828 1
2829 1
2830 1
2831 1
2832 1
2833 1
2834 1
2835 1
2836 1
2837 1
2838 1
2839 1
2840 1
2841 1
2842 1
2843 1
2844 1
2845 1
2846 1
2847 1
2848 1
2849 1
2850 1
2851 1
2852 1
2853 1
2854 1
2855 1
2856 1
2857 1
2858 1
2859 1
2860 1
2861 1
2862 1
2863 1
2864 1
2865 1
2866 1
2867 1
2868 1
2869 1
2870 1
2871 1
2872 1
2873 1
2874 1
2875 1
2876 1
2877 1
2878 1
2879 1
2880 1
2881 1
2882 1
2883 1
2884 1
2885 1
2886 1
2887 1
2888 1
2889 1
2890 1
2891 1
2892 1
2893 1
2894 1
2895 1
2896 1
2897 1
2898 1
2899 1
2900 1
2901 1
2902 1
2903 1
2904 1
2905 1
2906 1
2907 1
2908 1
2909 1
2910 1
2911 1
2912 1
2913 1
2914 1
2915 1
2916 1
2917 1
2918 1
2919 1
2920 1
2921 1
2922 1
2923 1
2924 1
2925 1
2926 1
2927 1
2928 1
2929 1
2930 1
2931 1
2932 1
2933 1
2934 1
2935 1
2936 1
2937 1
2938 1
2939 1
2940 1
2941 1
2942 1
2943 1
2944 1
2945 1
2946 1
2947 1
2948 1
2949 1
2950 1
2951 1
2952 1
2953 1
2954 1
2955 1
2956 1
2957 1
2958 1
2959 1
2960 1
2961 1
2962 1
2963 1
2964 1
2965 1
2966 1
2967 1
2968 1
2969 1
2970 1
2971 1
2972 1
2973 1
2974 1
2975 1
2976 1
2977 1
2978 1
2979 1
2980 1
2981 1
2982 1
2983 1
2984 1
2985 1
2986 1
2987 1
2988 1
2989 1
2990 1
2991 1
2992 1
2993 1
2994 1
2995 1
2996 1
2997 1
2998 1
2999 1
3000 1
3001 1
3002 1
3003 1
3004 1
3005 1
3006 1
3007 1
3008 1
3009 1
3010 1
3011 1
3012 1
3013 1
3014 1
3015 1
3016 1
3017 1
3018 1
3019 1
3020 1
3021 1
3022 1
3023 1
3024 1
3025 1
3026 1
3027 1
3028 1
3029 1
3030 1
3031 1
3032 1
3033 1
3034 1
3035 1
3036 1
3037 1
3038 1
3039 1
3040 1
3041 1
3042 1
3043 1
3044 1
3045 1
3046 1
3047 1
3048 1
3049 1
3050 1
3051 1
3052 1
3053 1
3054 1
3055 1
3056 1
3057 1
3058 1
3059 1
3060 1
3061 1
3062 1
3063 1
3064 1
3065 1
3066 1
3067 1
3068 1
3069 1
3070 1
3071 1
3072 1
3073 1
3074 1
3075 1
3076 1
3077 1
3078 1
3079 1
3080 1
3081 1
3082 1
3083 1
3084 1
3085 1
3086 1
3087 1
3088 1
3089 1
3090 1
3091 1
3092 1
3093 1
3094 1
3095 1
3096 1
3097 1
3098 1
3099 1
3100 1
3101 1
3102 1
3103 1
3104 1
3105 1
3106 1
3107 1
3108 1
3109 1
3110 1
3111 1
3112 1
3113 1
3114 1
3115 1
3116 1
3117 1
3118 1
3119 1
3120 1
3121 1
3122 1
3123 1
3124 1
3125 1
3126 1
3127 1
3128 1
3129 1
3130 1
3131 1
3132 1
3133 1
3134 1
3135 1
3136 1
3137 1
3138 1
3139 1
3140 1
3141 1
3142 1
3143 1
3144 1
3145 1
3146 1
3147 1
3148 1
3149 1
3150 1
3151 1
3152 1
3153 1
3154 1
3155 1
3156 1
3157 1
3158 1
3159 1
3160 1
3161 1
3162 1
3163 1
3164 1
3165 1
3166 1
3167 1
3168 1
3169 1
3170 1
3171 1
3172 1
3173 1
3174 1
3175 1
3176 1
3177 1
3178 1
3179 1
3180 1
3181 1
3182 1
3183 1
3184 1
3185 1
3186 1
3187 1
3188 1
3189 1
3190 1
3191 1
3192 1
3193 1
3194 1
3195 1
3196 1
3197 1
3198 1
3199 1
3200 1
3201 1
3202 1
3203 1
3204 1
3205 1
3206 1
3207 1
3208 1
3209 1
3210 1
3211 1
3212 1
3213 1
3214 1
3215 1
3216 1
3217 1
3218 1
3219 1
3220 1
3221 1
3222 1
3223 1
3224 1
3225 1
3226 1
3227 1
3228 1
3229 1
3230 1
3231 1
3232 1
3233 1
3234 1
3235 1
3236 1
3237 1
3238 1
3239 1
3240 1
3241 1
3242 1
3243 1
3244 1
3245 1
3246 1
3247 1
3248 1
3249 1
3250 1
3251 1
3252 1
3253 1
3254 1
3255 1
3256 1
3257 1
3258 1
3259 1
3260 1
3261 1
3262 1
3263 1
3264 1
3265 1
3266 1
3267 1
3268 1
3269 1
3270 1
3271 1
3272 1
3273 1
3274 1
3275 1
3276 1
3277 1
3278 1
3279 1
3280 1
3281 1
3282 1
3283 1
3284 1
3285 1
3286 1
3287 1
3288 1
3289 1
3290 1
3291 1
3292 1
3293 1
3294 1
3295 1
3296 1
3297 1
3298 1
3299 1
3300 1
3301 1
3302 1
3303 1
3304 1
3305 1
3306 1
3307 1
3308 1
3309 1
3310 1
3311 1
3312 1
3313 1
3314 1
3315 1
3316 1
3317 1
3318 1
3319 1
3320 1
3321 1
3322 1
3323 1
3324 1
3325 1
3326 1
3327 1
3328 1
3329 1
3330 1
3331 1
3332 1
3333 1
3334 1
3335 1
3336 1
3337 1
3338 1
3339 1
3340 1
3341 1
3342 1
3343 1
3344 1
3345 1
3346 1
3347 1
3348 1
3349 1
3350 1
3351 1
3352 1
3353 1
3354 1
3355 1
3356 1
3357 1
3358 1
3359 1
3360 1
3361 1
3362 1
3363 1
3364 1
3365 1
3366 1
3367 1
3368 1
3369 1
3370 1
3371 1
3372 1
3373 1
3374 1
3375 1
3376 1
3377 1
3378 1
3379 1
3380 1
3381 1
3382 1
3383 1
3384 1
3385 1
3386 1
3387 1
3388 1
3389 1
3390 1
3391 1
3392 1
3393 1
3394 1
3395 1
3396 1
3397 1
3398 1
3399 1
3400 1
3401 1
3402 1
3403 1
3404 1
3405 1
3406 1
3407 1
3408 1
3409 1
3410 1
3411 1
3412 1
3413 1
3414 1
3415 1
3416 1
3417 1
3418 1
3419 1
3420 1
3421 1
3422 1
3423 1
3424 1
3425 1
3426 1
3427 1
3428 1
3429 1
3430 1
3431 1
3432 1
3433 1
3434 1
3435 1
3436 1
3437 1
3438 1
3439 1
3440 1
3441 1
3442 1
3443 1
3444 1
3445 1
3446 1
3447 1
3448 1
3449 1
3450 1
3451 1
3452 1
3453 1
3454 1
3455 1
3456 1
3457 1
3458 1
3459 1
3460 1
3461 1
3462 1
3463 1
3464 1
3465 1
3466 1
3467 1
3468 1
3469 1
3470 1
3471 1
3472 1
3473 1
3474 1
3475 1
3476 1
3477 1
3478 1
3479 1
3480 1
3481 1
3482 1
3483 1
3484 1
3485 1
3486 1
3487 1
3488 1
3489 1
3490 1
3491 1
3492 1
3493 1
3494 1
3495 1
3496 1
3497 1
3498 1
3499 1
3500 1
3501 1
3502 1
3503 1
3504 1
3505 1
3506 1
3507 1
3508 1
3509 1
3510 1
3511 1
3512 1
3513 1
3514 1
3515 1
3516 1
3517 1
3518 1
3519 1
3520 1
3521 1
3522 1
3523 1
3524 1
3525 1
3526 1
3527 1
3528 1
3529 1
3530 1
3531 1
3532 1
3533 1
3534 1
3535 1
3536 1
3537 1
3538 1
3539 1
3540 1
3541 1
3542 1
3543 1
3544 1
3545 1
3546 1
3547 1
3548 1
3549 1
3550 1
3551 1
3552 1
3553 1
3554 1
3555 1
3556 1
3557 1
3558 1
3559 1
3560 1
3561 1
3562 1
3563 1
3564 1
3565 1
3566 1
3567 1
3568 1
3569 1
3570 1
3571 1
3572 1
3573 1
3574 1
3575 1
3576 1
3577 1
3578 1
3579 1
3580 1
3581 1
3582 1
3583 1
3584 1
3585 1
3586 1
3587 1
3588 1
3589 1
3590 1
3591 1
3592 1
3593 1
3594 1
3595 1
3596 1
3597 1
3598 1
3599 1
3600 1
3601 1
3602 1
3603 1
3604 1
3605 1
3606 1
3607 1
3608 1
3609 1
3610 1
3611 1
3612 1
3613 1
3614 1
3615 1
3616 1
3617 1
3618 1
3619 1
3620 1
3621 1
3622 1
3623 1
3624 1
3625 1
3626 1
3627 1
3628 1
3629 1
3630 1
3631 1
3632 1
3633 1
3634 1
3635 1
3636 1
3637 1
3638 1
3639 1
3640 1
3641 1
3642 1
3643 1
3644 1
3645 1
3646 1
3647 1
3648 1
3649 1
3650 1
3651 1
3652 1
3653 1
3654 1
3655 1
3656 1
3657 1
3658 1
3659 1
3660 1
3661 1
3662 1
3663 1
3664 1
3665 1
3666 1
3667 1
3668 1
3669 1
3670 1
3671 1
3672 1
3673 1
3674 1
3675 1
3676 1
3677 1
3678 1
3679 1
3680 1
3681 1
3682 1
3683 1
3684 1
3685 1
3686 1
3687 1
3688 1
3689 1
3690 1
3691 1
3692 1
3693 1
3694 1
3695 1
3696 1
3697 1
3698 1
3699 1
3700 1
3701 1
3702 1
3703 1
3704 1
3705 1
3706 1
3707 1
3708 1
3709 1
3710 1
3711 1
3712 1
3713 1
3714 1
3715 1
3716 1
3717 1
3718 1
3719 1
3720 1
3721 1
3722 1
3723 1
3724 1
3725 1
3726 1
3727 1
3728 1
3729 1
3730 1
3731 1
3732 1
3733 1
3734 1
3735 1
3736 1
3737 1
3738 1
3739 1
3740 1
3741 1
3742 1
3743 1
3744 1
3745 1
3746 1
3747 1
3748 1
3749 1
3750 1
3751 1
3752 1
3753 1
3754 1
3755 1
3756 1
3757 1
3758 1
3759 1
3760 1
3761 1
3762 1
3763 1
3764 1
3765 1
3766 1
3767 1
3768 1
3769 1
3770 1
3771 1
3772 1
3773 1
3774 1
3775 1
3776 1
3777 1
3778 1
3779 1
3780 1
3781 1
3782 1
3783 1
3784 1
3785 1
3786 1
3787 1
3788 1
3789 1
3790 1
3791 1
3792 1
3793 1
3794 1
3795 1
3796 1
3797 1
3798 1
3799 1
3800 1
3801 1
3802 1
3803 1
3804 1
3805 1
3806 1
3807 1
3808 1
3809 1
3810 1
3811 1
3812 1
3813 1
3814 1
3815 1
3816 1
3817 1
3818 1
3819 1
3820 1
3821 1
3822 1
3823 1
3824 1
3825 1
3826 1
3827 1
3828 1
3829 1
3830 1
3831 1
3832 1
3833 1
3834 1
3835 1
3836 1
3837 1
3838 1
3839 1
3840 1
3841 1
3842 1
3843 1
3844 1
3845 1
3846 1
3847 1
3848 1
3849 1
3850 1
3851 1
3852 1
3853 1
3854 1
3855 1
3856 1
3857 1
3858 1
3859 1
3860 1
3861 1
3862 1
3863 1
3864 1
3865 1
3866 1
3867 1
3868 1
3869 1
3870 1
3871 1
3872 1
3873 1
3874 1
3875 1
3876 1
3877 1
3878 1
3879 1
3880 1
3881 1
3882 1
3883 1
3884 1
3885 1
3886 1
3887 1
3888 1
3889 1
3890 1
3891 1
3892 1
3893 1
3894 1
3895 1
3896 1
3897 1
3898 1
3899 1
3900 1
3901 1
3902 1
3903 1
3904 1
3905 1
3906 1
3907 1
3908 1
3909 1
3910 1
3911 1
3912 1
3913 1
3914 1
3915 1
3916 1
3917 1
3918 1
3919 1
3920 1
3921 1
3922 1
3923 1
3924 1
3925 1
3926 1
3927 1
3928 1
3929 1
3930 1
3931 1
3932 1
3933 1
3934 1
3935 1
3936 1
3937 1
3938 1
3939 1
3940 1
3941 1
3942 1
3943 1
3944 1
3945 1
3946 1
3947 1
3948 1
3949 1
3950 1
3951 1
3952 1
3953 1
3954 1
3955 1
3956 1
3957 1
3958 1
3959 1
3960 1
3961 1
3962 1
3963 1
3964 1
3965 1
3966 1
3967 1
3968 1
3969 1
3970 1
3971 1
3972 1
3973 1
3974 1
3975 1
3976 1
3977 1
3978 1
3979 1
3980 1
3981 1
3982 1
3983 1
3984 1
3985 1
3986 1
3987 1
3988 1
3989 1
3990 1
3991 1
3992 1
3993 1
3994 1
3995 1
3996 1
3997 1
3998 1
3999 1
4000 1
4001 1
4002 1
4003 1
4004 1
4005 1
4006 1
4007 1
4008 1
4009 1
4010 1
4011 1
4012 1
4013 1
4014 1
4015 1
4016 1
4017 1
4018 1
4019 1
4020 1
4021 1
4022 1
4023 1
4024 1
4025 1
4026 1
4027 1
4028 1
4029 1
4030 1
4031 1
4032 1
4033 1
4034 1
4035 1
4036 1
4037 1
4038 1
4039 1
4040 1
4041 1
4042 1
4043 1
4044 1
4045 1
4046 1
4047 1
4048 1
4049 1
4050 1
4051 1
4052 1
4053 1
4054 1
4055 1
4056 1
4057 1
4058 1
4059 1
4060 1
4061 1
4062 1
4063 1
4064 1
4065 1
4066 1
4067 1
4068 1
4069 1
4070 1
4071 1
4072 1
4073 1
4074 1
4075 1
4076 1
4077 1
4078 1
4079 1
4080 1
4081 1
4082 1
4083 1
4084 1
4085 1
4086 1
4087 1
4088 1
4089 1
4090 1
4091 1
4092 1
4093 1
4094 1
4095 1
4096 1
4097 1
4098 1
4099 1
4100 1
4101 1
4102 1
4103 1
4104 1
4105 1
4106 1
4107 1
4108 1
4109 1
4110 1
4111 1
4112 1
4113 1
4114 1
4115 1
4116 1
4117 1
4118 1
4119 1
4120 1
4121 1
4122 1
4123 1
4124 1
4125 1
4126 1
4127 1
4128 1
4129 1
4130 1
4131 1
4132 1
4133 1
4134 1
4135 1
4136 1
4137 1
4138 1
4139 1
4140 1
4141 1
4142 1
4143 1
4144 1
4145 1
4146 1
4147 1
4148 1
4149 1
4150 1
4151 1
4152 1
4153 1
4154 1
4155 1
4156 1
4157 1
4158 1
4159 1
4160 1
4161 1
4162 1
4163 1
4164 1
4165 1
4166 1
4167 1
4168 1
4169 1
4170 1
4171 1
4172 1
4173 1
4174 1
4175 1
4176 1
4177 1
4178 1
4179 1
4180 1
4181 1
4182 1
4183 1
4184 1
4185 1
4186 1
4187 1
4188 1
4189 1
4190 1
4191 1
4192 1
4193 1
4194 1
4195 1
4196 1
4197 1
4198 1
4199 1
4200 1
4201 1
4202 1
4203 1
4204 1
4205 1
4206 1
4207 1
4208 1
4209 1
4210 1
4211 1
4212 1
4213 1
4214 1
4215 1
4216 1
4217 1
4218 1
4219 1
4220 1
4221 1
4222 1
4223 1
4224 1
4225 1
4226 1
4227 1
4228 1
4229 1
4230 1
4231 1
4232 1
4233 1
4234 1
4235 1
4236 1
4237 1
4238 1
4239 1
4240 1
4241 1
4242 1
4243 1
4244 1
4245 1
4246 1
4247 1
4248 1
4249 1
4250 1
4251 1
4252 1
4253 1
4254 1
4255 1
4256 1
4257 1
4258 1
4259 1
4260 1
4261 1
4262 1
4263 1
4264 1
4265 1
4266 1
4267 1
4268 1
4269 1
4270 1
4271 1
4272 1
4273 1
4274 1
4275 1
4276 1
4277 1
4278 1
4279 1
4280 1
4281 1
4282 1
4283 1
4284 1
4285 1
4286 1
4287 1
4288 1
4289 1
4290 1
4291 1
4292 1
4293 1
4294 1
4295 1
4296 1
4297 1
4298 1
4299 1
4300 1
4301 1
4302 1
4303 1
4304 1
4305 1
4306 1
4307 1
4308 1
4309 1
4310 1
4311 1
4312 1
4313 1
4314 1
4315 1
4316 1
4317 1
4318 1
4319 1
4320 1
4321 1
4322 1
4323 1
4324 1
4325 1
4326 1
4327 1
4328 1
4329 1
4330 1
4331 1
4332 1
4333 1
4334 1
4335 1
4336 1
4337 1
4338 1
4339 1
4340 1
4341 1
4342 1
4343 1
4344 1
4345 1
4346 1
4347 1
4348 1
4349 1
4350 1
4351 1
4352 1
4353 1
4354 1
4355 1
4356 1
4357 1
4358 1
4359 1
4360 1
4361 1
4362 1
4363 1
4364 1
4365 1
4366 1
4367 1
4368 1
4369 1
4370 1
4371 1
4372 1
4373 1
4374 1
4375 1
4376 1
4377 1
4378 1
4379 1
4380 1
4381 1
4382 1
4383 1
4384 1
4385 1
4386 1
4387 1
4388 1
4389 1
4390 1
4391 1
4392 1
4393 1
4394 1
4395 1
4396 1
4397 1
4398 1
4399 1
4400 1
4401 1
4402 1
4403 1
4404 1
4405 1
4406 1
4407 1
4408 1
4409 1
4410 1
4411 1
4412 1
4413 1
4414 1
4415 1
4416 1
4417 1
4418 1
4419 1
4420 1
4421 1
4422 1
4423 1
4424 1
4425 1
4426 1
4427 1
4428 1
4429 1
4430 1
4431 1
4432 1
4433 1
4434 1
4435 1
4436 1
4437 1
4438 1
4439 1
4440 1
4441 1
4442 1
4443 1
4444 1
4445 1
4446 1
4447 1
4448 1
4449 1
4450 1
4451 1
4452 1
4453 1
4454 1
4455 1
4456 1
4457 1
4458 1
4459 1
4460 1
4461 1
4462 1
4463 1
4464 1
4465 1
4466 1
4467 1
4468 1
4469 1
4470 1
4471 1
4472 1
4473 1
4474 1
4475 1
4476 1
4477 1
4478 1
4479 1
4480 1
4481 1
4482 1
4483 1
4484 1
4485 1
4486 1
4487 1
4488 1
4489 1
4490 1
4491 1
4492 1
4493 1
4494 1
4495 1
4496 1
4497 1
4498 1
4499 1
4500 1
4501 1
4502 1
4503 1
4504 1
4505 1
4506 1
4507 1
4508 1
4509 1
4510 1
4511 1
4512 1
4513 1
4514 1
4515 1
4516 1
4517 1
4518 1
4519 1
4520 1
4521 1
4522 1
4523 1
4524 1
4525 1
4526 1
4527 1
4528 1
4529 1
4530 1
4531 1
4532 1
4533 1
4534 1
4535 1
4536 1
4537 1
4538 1
4539 1
4540 1
4541 1
4542 1
4543 1
4544 1
4545 1
4546 1
4547 1
4548 1
4549 1
4550 1
4551 1
4552 1
4553 1
4554 1
4555 1
4556 1
4557 1
4558 1
4559 1
4560 1
4561 1
4562 1
4563 1
4564 1
4565 1
4566 1
4567 1
4568 1
4569 1
4570 1
4571 1
4572 1
4573 1
4574 1
4575 1
4576 1
4577 1
4578 1
4579 1
4580 1
4581 1
4582 1
4583 1
4584 1
4585 1
4586 1
4587 1
4588 1
4589 1
4590 1
4591 1
4592 1
4593 1
4594 1
4595 1
4596 1
4597 1
4598 1
4599 1
4600 1
4601 1
4602 1
4603 1
4604 1
4605 1
4606 1
4607 1
4608 1
4609 1
4610 1
4611 1
4612 1
4613 1
4614 1
4615 1
4616 1
4617 1
4618 1
4619 1
4620 1
4621 1
4622 1
4623 1
4624 1
4625 1
4626 1
4627 1
4628 1
4629 1
4630 1
4631 1
4632 1
4633 1
4634 1
4635 1
4636 1
4637 1
4638 1
4639 1
4640 1
4641 1
4642 1
4643 1
4644 1
4645 1
4646 1
4647 1
4648 1
4649 1
4650 1
4651 1
4652 1
4653 1
4654 1
4655 1
4656 1
4657 1
4658 1
4659 1
4660 1
4661 1
4662 1
4663 1
4664 1
4665 1
4666 1
4667 1
4668 1
4669 1
4670 1
4671 1
4672 1
4673 1
4674 1
4675 1
4676 1
4677 1
4678 1
4679 1
4680 1
4681 1
4682 1
4683 1
4684 1
4685 1
4686 1
4687 1
4688 1
4689 1
4690 1
4691 1
4692 1
4693 1
4694 1
4695 1
4696 1
4697 1
4698 1
4699 1
4700 1
4701 1
4702 1
4703 1
4704 1
4705 1
4706 1
4707 1
4708 1
4709 1
4710 1
4711 1
4712 1
4713 1
4714 1
4715 1
4716 1
4717 1
4718 1
4719 1
4720 1
4721 1
4722 1
4723 1
4724 1
4725 1
4726 1
4727 1
4728 1
4729 1
4730 1
4731 1
4732 1
4733 1
4734 1
4735 1
4736 1
4737 1
4738 1
4739 1
4740 1
4741 1
4742 1
4743 1
4744 1
4745 1
4746 1
4747 1
4748 1
4749 1
4750 1
4751 1
4752 1
4753 1
4754 1
4755 1
4756 1
4757 1
4758 1
4759 1
4760 1
4761 1
4762 1
4763 1
4764 1
4765 1
4766 1
4767 1
4768 1
4769 1
4770 1
4771 1
4772 1
4773 1
4774 1
4775 1
4776 1
4777 1
4778 1
4779 1
4780 1
4781 1
4782 1
4783 1
4784 1
4785 1
4786 1
4787 1
4788 1
4789 1
4790 1
4791 1
4792 1
4793 1
4794 1
4795 1
4796 1
4797 1
4798 1
4799 1
4800 1
4801 1
4802 1
4803 1
4804 1
4805 1
4806 1
4807 1
4808 1
4809 1
4810 1
4811 1
4812 1
4813 1
4814 1
4815 1
4816 1
4817 1
4818 1
4819 1
4820 1
4821 1
4822 1
4823 1
4824 1
4825 1
4826 1
4827 1
4828 1
4829 1
4830 1
4831 1
4832 1
4833 1
4834 1
4835 1
4836 1
4837 1
4838 1
4839 1
4840 1
4841 1
4842 1
4843 1
4844 1
4845 1
4846 1
4847 1
4848 1
4849 1
4850 1
4851 1
4852 1
4853 1
4854 1
4855 1
4856 1
4857 1
4858 1
4859 1
4860 1
4861 1
4862 1
4863 1
4864 1
4865 1
4866 1
4867 1
4868 1
4869 1
4870 1
4871 1
4872 1
4873 1
4874 1
4875 1
4876 1
4877 1
4878 1
4879 1
4880 1
4881 1
4882 1
4883 1
4884 1
4885 1
4886 1
4887 1
4888 1
4889 1
4890 1
4891 1
4892 1
4893 1
4894 1
4895 1
4896 1
4897 1
4898 1
4899 1
4900 1
4901 1
4902 1
4903 1
4904 1
4905 1
4906 1
4907 1
4908 1
4909 1
4910 1
4911 1
4912 1
4913 1
4914 1
4915 1
4916 1
4917 1
4918 1
4919 1
4920 1
4921 1
4922 1
4923 1
4924 1
4925 1
4926 1
4927 1
4928 1
4929 1
4930 1
4931 1
4932 1
4933 1
4934 1
4935 1
4936 1
4937 1
4938 1
4939 1
4940 1
4941 1
4942 1
4943 1
4944 1
4945 1
4946 1
4947 1
4948 1
4949 1
4950 1
4951 1
4952 1
4953 1
4954 1
4955 1
4956 1
4957 1
4958 1
4959 1
4960 1
4961 1
4962 1
4963 1
4964 1
4965 1
4966 1
4967 1
4968 1
4969 1
4970 1
4971 1
4972 1
4973 1
4974 1
4975 1
4976 1
4977 1
4978 1
4979 1
4980 1
4981 1
4982 1
4983 1
4984 1
4985 1
4986 1
4987 1
4988 1
4989 1
4990 1
4991 1
4992 1
4993 1
4994 1
4995 1
4996 1
4997 1
4998 1
4999 1
5000 1
5001 1
5002 1
5003 1
5004 1
5005 1
5006 1
5007 1
5008 1
5009 1
5010 1
5011 1
5012 1
5013 1
5014 1
5015 1
5016 1
5017 1
5018 1
5019 1
5020 1
5021 1
5022 1
5023 1
5024 1
5025 1
5026 1
5027 1
5028 1
5029 1
5030 1
5031 1
5032 1
5033 1
5034 1
5035 1
5036 1
5037 1
5038 1
5039 1
5040 1
5041 1
5042 1
5043 1
5044 1
5045 1
5046 1
5047 1
5048 1
5049 1
5050 1
5051 1
5052 1
5053 1
5054 1
5055 1
5056 1
5057 1
5058 1
5059 1
5060 1
5061 1
5062 1
5063 1
5064 1
5065 1
5066 1
5067 1
5068 1
5069 1
5070 1
5071 1
5072 1
5073 1
5074 1
5075 1
5076 1
5077 1
5078 1
5079 1
5080 1
5081 1
5082 1
5083 1
5084 1
5085 1
5086 1
5087 1
5088 1
5089 1
5090 1
5091 1
5092 1
5093 1
5094 1
5095 1
5096 1
5097 1
5098 1
5099 1
5100 1
5101 1
5102 1
5103 1
5104 1
5105 1
5106 1
5107 1
5108 1
5109 1
5110 1
5111 1
5112 1
5113 1
5114 1
5115 1
5116 1
5117 1
5118 1
5119 1
5120 1
5121 1
5122 1
5123 1
5124 1
5125 1
5126 1
5127 1
5128 1
5129 1
5130 1
5131 1
5132 1
5133 1
5134 1
5135 1
5136 1
5137 1
5138 1
5139 1
5140 1
5141 1
5142 1
5143 1
5144 1
5145 1
5146 1
5147 1
5148 1
5149 1
5150 1
5151 1
5152 1
5153 1
5154 1
5155 1
5156 1
5157 1
5158 1
5159 1
5160 1
5161 1
5162 1
5163 1
5164 1
5165 1
5166 1
5167 1
5168 1
5169 1
5170 1
5171 1
5172 1
5173 1
5174 1
5175 1
5176 1
5177 1
5178 1
5179 1
5180 1
5181 1
5182 1
5183 1
5184 1
5185 1
5186 1
5187 1
5188 1
5189 1
5190 1
5191 1
5192 1
5193 1
5194 1
5195 1
5196 1
5197 1
5198 1
5199 1
5200 1
5201 1
5202 1
5203 1
5204 1
5205 1
5206 1
5207 1
5208 1
5209 1
5210 1
5211 1
5212 1
5213 1
5214 1
5215 1
5216 1
5217 1
5218 1
5219 1
5220 1
5221 1
5222 1
5223 1
5224 1
5225 1
5226 1
5227 1
5228 1
5229 1
5230 1
5231 1
5232 1
5233 1
5234 1
5235 1
5236 1
5237 1
5238 1
5239 1
5240 1
5241 1
5242 1
5243 1
5244 1
5245 1
5246 1
5247 1
5248 1
5249 1
5250 1
5251 1
5252 1
5253 1
5254 1
5255 1
5256 1
5257 1
5258 1
5259 1
5260 1
5261 1
5262 1
5263 1
5264 1
5265 1
5266 1
5267 1
5268 1
5269 1
5270 1
5271 1
5272 1
5273 1
5274 1
5275 1
5276 1
5277 1
5278 1
5279 1
5280 1
5281 1
5282 1
5283 1
5284 1
5285 1
5286 1
5287 1
5288 1
5289 1
5290 1
5291 1
5292 1
5293 1
5294 1
5295 1
5296 1
5297 1
5298 1
5299 1
5300 1
5301 1
5302 1
5303 1
5304 1
5305 1
5306 1
5307 1
5308 1
5309 1
5310 1
5311 1
5312 1
5313 1
5314 1
5315 1
5316 1
5317 1
5318 1
5319 1
5320 1
5321 1
5322 1
5323 1
5324 1
5325 1
5326 1
5327 1
5328 1
5329 1
5330 1
5331 1
5332 1
5333 1
5334 1
5335 1
5336 1
5337 1
5338 1
5339 1
5340 1
5341 1
5342 1
5343 1
5344 1
5345 1
5346 1
5347 1
5348 1
5349 1
5350 1
5351 1
5352 1
5353 1
5354 1
5355 1
5356 1
5357 1
5358 1
5359 1
5360 1
5361 1
5362 1
5363 1
5364 1
5365 1
5366 1
5367 1
5368 1
5369 1
5370 1
5371 1
5372 1
5373 1
5374 1
5375 1
5376 1
5377 1
5378 1
5379 1
5380 1
5381 1
5382 1
5383 1
5384 1
5385 1
5386 1
5387 1
5388 1
5389 1
5390 1
5391 1
5392 1
5393 1
5394 1
5395 1
5396 1
5397 1
5398 1
5399 1
5400 1
5401 1
5402 1
5403 1
5404 1
5405 1
5406 1
5407 1
5408 1
5409 1
5410 1
5411 1
5412 1
5413 1
5414 1
5415 1
5416 1
5417 1
5418 1
5419 1
5420 1
5421 1
5422 1
5423 1
5424 1
5425 1
5426 1
5427 1
5428 1
5429 1
5430 1
5431 1
5432 1
5433 1
5434 1
5435 1
5436 1
5437 1
5438 1
5439 1
5440 1
5441 1
5442 1
5443 1
5444 1
5445 1
5446 1
5447 1
5448 1
5449 1
5450 1
5451 1
5452 1
5453 1
5454 1
5455 1
5456 1
5457 1
5458 1
5459 1
5460 1
5461 1
5462 1
5463 1
5464 1
5465 1
5466 1
5467 1
5468 1
5469 1
5470 1
5471 1
5472 1
5473 1
5474 1
5475 1
5476 1
5477 1
5478 1
5479 1
5480 1
5481 1
5482 1
5483 1
5484 1
5485 1
5486 1
5487 1
5488 1
5489 1
5490 1
5491 1
5492 1
5493 1
5494 1
5495 1
5496 1
5497 1
5498 1
5499 1
5500 1
5501 1
5502 1
5503 1
5504 1
5505 1
5506 1
5507 1
5508 1
5509 1
5510 1
5511 1
5512 1
5513 1
5514 1
5515 1
5516 1
5517 1
5518 1
5519 1
5520 1
5521 1
5522 1
5523 1
5524 1
5525 1
5526 1
5527 1
5528 1
5529 1
5530 1
5531 1
5532 1
5533 1
5534 1
5535 1
5536 1
5537 1
5538 1
5539 1
5540 1
5541 1
5542 1
5543 1
5544 1
5545 1
5546 1
5547 1
5548 1
5549 1
5550 1
5551 1
5552 1
5553 1
5554 1
5555 1
5556 1
5557 1
5558 1
5559 1
5560 1
5561 1
5562 1
5563 1
5564 1
5565 1
5566 1
5567 1
5568 1
5569 1
5570 1
5571 1
5572 1
5573 1
5574 1
5575 1
5576 1
5577 1
5578 1
5579 1
5580 1
5581 1
5582 1
5583 1
5584 1
5585 1
5586 1
5587 1
5588 1
5589 1
5590 1
5591 1
5592 1
5593 1
5594 1
5595 1
5596 1
5597 1
5598 1
5599 1
5600 1
5601 1
5602 1
5603 1
5604 1
5605 1
5606 1
5607 1
5608 1
5609 1
5610 1
5611 1
5612 1
5613 1
5614 1
5615 1
5616 1
5617 1
5618 1
5619 1
5620 1
5621 1
5622 1
5623 1
5624 1
5625 1
5626 1
5627 1
5628 1
5629 1
5630 1
5631 1
5632 1
5633 1
5634 1
5635 1
5636 1
5637 1
5638 1
5639 1
5640 1
5641 1
5642 1
5643 1
5644 1
5645 1
5646 1
5647 1
5648 1
5649 1
5650 1
5651 1
5652 1
5653 1
5654 1
5655 1
5656 1
5657 1
5658 1
5659 1
5660 1
5661 1
5662 1
5663 1
5664 1
5665 1
5666 1
5667 1
5668 1
5669 1
5670 1
5671 1
5672 1
5673 1
5674 1
5675 1
5676 1
5677 1
5678 1
5679 1
5680 1
5681 1
5682 1
5683 1
5684 1
5685 1
5686 1
5687 1
5688 1
5689 1
5690 1
5691 1
5692 1
5693 1
5694 1
5695 1
5696 1
5697 1
5698 1
5699 1
5700 1
5701 1
5702 1
5703 1
5704 1
5705 1
5706 1
5707 1
5708 1
5709 1
5710 1
5711 1
5712 1
5713 1
5714 1
5715 1
5716 1
5717 1
5718 1
5719 1
5720 1
5721 1
5722 1
5723 1
5724 1
5725 1
5726 1
5727 1
5728 1
5729 1
5730 1
5731 1
5732 1
5733 1
5734 1
5735 1
5736 1
5737 1
5738 1
5739 1
5740 1
5741 1
5742 1
5743 1
5744 1
5745 1
5746 1
5747 1
5748 1
5749 1
5750 1
5751 1
5752 1
5753 1
5754 1
5755 1
5756 1
5757 1
5758 1
5759 1
5760 1
5761 1
5762 1
5763 1
5764 1
5765 1
5766 1
5767 1
5768 1
5769 1
5770 1
5771 1
5772 1
5773 1
5774 1
5775 1
5776 1
5777 1
5778 1
5779 1
5780 1
5781 1
5782 1
5783 1
5784 1
5785 1
5786 1
5787 1
5788 1
5789 1
5790 1
5791 1
5792 1
5793 1
5794 1
5795 1
5796 1
5797 1
5798 1
5799 1
5800 1
5801 1
5802 1
5803 1
5804 1
5805 1
5806 1
5807 1
5808 1
5809 1
5810 1
5811 1
5812 1
5813 1
5814 1
5815 1
5816 1
5817 1
5818 1
5819 1
5820 1
5821 1
5822 1
5823 1
5824 1
5825 1
5826 1
5827 1
5828 1
5829 1
5830 1
5831 1
5832 1
5833 1
5834 1
5835 1
5836 1
5837 1
5838 1
5839 1
5840 1
5841 1
5842 1
5843 1
5844 1
5845 1
5846 1
5847 1
5848 1
5849 1
5850 1
5851 1
5852 1
5853 1
5854 1
5855 1
5856 1
5857 1
5858 1
5859 1
5860 1
5861 1
5862 1
5863 1
5864 1
5865 1
5866 1
5867 1
5868 1
5869 1
5870 1
5871 1
5872 1
5873 1
5874 1
5875 1
5876 1
5877 1
5878 1
5879 1
5880 1
5881 1
5882 1
5883 1
5884 1
5885 1
5886 1
5887 1
5888 1
5889 1
5890 1
5891 1
5892 1
5893 1
5894 1
5895 1
5896 1
5897 1
5898 1
5899 1
5900 1
5901 1
5902 1
5903 1
5904 1
5905 1
5906 1
5907 1
5908 1
5909 1
5910 1
5911 1
5912 1
5913 1
5914 1
5915 1
5916 1
5917 1
5918 1
5919 1
5920 1
5921 1
5922 1
5923 1
5924 1
5925 1
5926 1
5927 1
5928 1
5929 1
5930 1
5931 1
5932 1
5933 1
5934 1
5935 1
5936 1
5937 1
5938 1
5939 1
5940 1
5941 1
5942 1
5943 1
5944 1
5945 1
5946 1
5947 1
5948 1
5949 1
5950 1
5951 1
5952 1
5953 1
5954 1
5955 1
5956 1
5957 1
5958 1
5959 1
5960 1
5961 1
5962 1
5963 1
5964 1
5965 1
5966 1
5967 1
5968 1
5969 1
5970 1
5971 1
5972 1
5973 1
5974 1
5975 1
5976 1
5977 1
5978 1
5979 1
5980 1
5981 1
5982 1
5983 1
5984 1
5985 1
5986 1
5987 1
5988 1
5989 1
5990 1
5991 1
5992 1
5993 1
5994 1
5995 1
5996 1
5997 1
5998 1
5999 1
6000 1
6001 1
6002 1
6003 1
6004 1
6005 1
6006 1
6007 1
6008 1
6009 1
6010 1
6011 1
6012 1
6013 1
6014 1
6015 1
6016 1
6017 1
6018 1
6019 1
6020 1
6021 1
6022 1
6023 1
6024 1
6025 1
6026 1
6027 1
6028 1
6029 1
6030 1
6031 1
6032 1
6033 1
6034 1
6035 1
6036 1
6037 1
6038 1
6039 1
6040 1
6041 1
6042 1
6043 1
6044 1
6045 1
6046 1
6047 1
6048 1
6049 1
6050 1
6051 1
6052 1
6053 1
6054 1
6055 1
6056 1
6057 1
6058 1
6059 1
6060 1
6061 1
6062 1
6063 1
6064 1
6065 1
6066 1
6067 1
6068 1
6069 1
6070 1
6071 1
6072 1
6073 1
6074 1
6075 1
6076 1
6077 1
6078 1
6079 1
6080 1
6081 1
6082 1
6083 1
6084 1
6085 1
6086 1
6087 1
6088 1
6089 1
6090 1
6091 1
6092 1
6093 1
6094 1
6095 1
6096 1
6097 1
6098 1
6099 1
6100 1
6101 1
6102 1
6103 1
6104 1
6105 1
6106 1
6107 1
6108 1
6109 1
6110 1
6111 1
6112 1
6113 1
6114 1
6115 1
6116 1
6117 1
6118 1
6119 1
6120 1
6121 1
6122 1
6123 1
6124 1
6125 1
6126 1
6127 1
6128 1
6129 1
6130 1
6131 1
6132 1
6133 1
6134 1
6135 1
6136 1
6137 1
6138 1
6139 1
6140 1
6141 1
6142 1
6143 1
6144 1
6145 1
6146 1
6147 1
6148 1
6149 1
6150 1
6151 1
6152 1
6153 1
6154 1
6155 1
6156 1
6157 1
6158 1
6159 1
6160 1
6161 1
6162 1
6163 1
6164 1
6165 1
6166 1
6167 1
6168 1
6169 1
6170 1
6171 1
6172 1
6173 1
6174 1
6175 1
6176 1
6177 1
6178 1
6179 1
6180 1
6181 1
6182 1
6183 1
6184 1
6185 1
6186 1
6187 1
6188 1
6189 1
6190 1
6191 1
6192 1
6193 1
6194 1
6195 1
6196 1
6197 1
6198 1
6199 1
6200 1
6201 1
6202 1
6203 1
6204 1
6205 1
6206 1
6207 1
6208 1
6209 1
6210 1
6211 1
6212 1
6213 1
6214 1
6215 1
6216 1
6217 1
6218 1
6219 1
6220 1
6221 1
6222 1
6223 1
6224 1
6225 1
6226 1
6227 1
6228 1
6229 1
6230 1
6231 1
6232 1
6233 1
6234 1
6235 1
6236 1
6237 1
6238 1
6239 1
6240 1
6241 1
6242 1
6243 1
6244 1
6245 1
6246 1
6247 1
6248 1
6249 1
6250 1
6251 1
6252 1
6253 1
6254 1
6255 1
6256 1
6257 1
6258 1
6259 1
6260 1
6261 1
6262 1
6263 1
6264 1
6265 1
6266 1
6267 1
6268 1
6269 1
6270 1
6271 1
6272 1
6273 1
6274 1
6275 1
6276 1
6277 1
6278 1
6279 1
6280 1
6281 1
6282 1
6283 1
6284 1
6285 1
6286 1
6287 1
6288 1
6289 1
6290 1
6291 1
6292 1
6293 1
6294 1
6295 1
6296 1
6297 1
6298 1
6299 1
6300 1
6301 1
6302 1
6303 1
6304 1
6305 1
6306 1
6307 1
6308 1
6309 1
6310 1
6311 1
6312 1
6313 1
6314 1
6315 1
6316 1
6317 1
6318 1
6319 1
6320 1
6321 1
6322 1
6323 1
6324 1
6325 1
6326 1
6327 1
6328 1
6329 1
6330 1
6331 1
6332 1
6333 1
6334 1
6335 1
6336 1
6337 1
6338 1
6339 1
6340 1
6341 1
6342 1
6343 1
6344 1
6345 1
6346 1
6347 1
6348 1
6349 1
6350 1
6351 1
6352 1
6353 1
6354 1
6355 1
6356 1
6357 1
6358 1
6359 1
6360 1
6361 1
6362 1
6363 1
6364 1
6365 1
6366 1
6367 1
6368 1
6369 1
6370 1
6371 1
6372 1
6373 1
6374 1
6375 1
6376 1
6377 1
6378 1
6379 1
6380 1
6381 1
6382 1
6383 1
6384 1
6385 1
6386 1
6387 1
6388 1
6389 1
6390 1
6391 1
6392 1
6393 1
6394 1
6395 1
6396 1
6397 1
6398 1
6399 1
6400 1
6401 1
6402 1
6403 1
6404 1
6405 1
6406 1
6407 1
6408 1
6409 1
6410 1
6411 1
6412 1
6413 1
6414 1
6415 1
6416 1
6417 1
6418 1
6419 1
6420 1
6421 1
6422 1
6423 1
6424 1
6425 1
6426 1
6427 1
6428 1
6429 1
6430 1
6431 1
6432 1
6433 1
6434 1
6435 1
6436 1
6437 1
6438 1
6439 1
6440 1
6441 1
6442 1
6443 1
6444 1
6445 1
6446 1
6447 1
6448 1
6449 1
6450 1
6451 1
6452 1
6453 1
6454 1
6455 1
6456 1
6457 1
6458 1
6459 1
6460 1
6461 1
6462 1
6463 1
6464 1
6465 1
6466 1
6467 1
6468 1
6469 1
6470 1
6471 1
6472 1
6473 1
6474 1
6475 1
6476 1
6477 1
6478 1
6479 1
6480 1
6481 1
6482 1
6483 1
6484 1
6485 1
6486 1
6487 1
6488 1
6489 1
6490 1
6491 1
6492 1
6493 1
6494 1
6495 1
6496 1
6497 1
6498 1
6499 1
6500 1
6501 1
6502 1
6503 1
6504 1
6505 1
6506 1
6507 1
6508 1
6509 1
6510 1
6511 1
6512 1
6513 1
6514 1
6515 1
6516 1
6517 1
6518 1
6519 1
6520 1
6521 1
6522 1
6523 1
6524 1
6525 1
6526 1
6527 1
6528 1
6529 1
6530 1
6531 1
6532 1
6533 1
6534 1
6535 1
6536 1
6537 1
6538 1
6539 1
6540 1
6541 1
6542 1
6543 1
6544 1
6545 1
6546 1
6547 1
6548 1
6549 1
6550 1
6551 1
6552 1
6553 1
6554 1
6555 1
6556 1
6557 1
6558 1
6559 1
6560 1
6561 1
6562 1
6563 1
6564 1
6565 1
6566 1
6567 1
6568 1
6569 1
6570 1
6571 1
6572 1
6573 1
6574 1
6575 1
6576 1
6577 1
6578 1
6579 1
6580 1
6581 1
6582 1
6583 1
6584 1
6585 1
6586 1
6587 1
6588 1
6589 1
6590 1
6591 1
6592 1
6593 1
6594 1
6595 1
6596 1
6597 1
6598 1
6599 1
6600 1
6601 1
6602 1
6603 1
6604 1
6605 1
6606 1
6607 1
6608 1
6609 1
6610 1
6611 1
6612 1
6613 1
6614 1
6615 1
6616 1
6617 1
6618 1
6619 1
6620 1
6621 1
6622 1
6623 1
6624 1
6625 1
6626 1
6627 1
6628 1
6629 1
6630 1
6631 1
6632 1
6633 1
6634 1
6635 1
6636 1
6637 1
6638 1
6639 1
6640 1
6641 1
6642 1
6643 1
6644 1
6645 1
6646 1
6647 1
6648 1
6649 1
6650 1
6651 1
6652 1
6653 1
6654 1
6655 1
6656 1
6657 1
6658 1
6659 1
6660 1
6661 1
6662 1
6663 1
6664 1
6665 1
6666 1
6667 1
6668 1
6669 1
6670 1
6671 1
6672 1
6673 1
6674 1
6675 1
6676 1
6677 1
6678 1
6679 1
6680 1
6681 1
6682 1
6683 1
6684 1
6685 1
6686 1
6687 1
6688 1
6689 1
6690 1
6691 1
6692 1
6693 1
6694 1
6695 1
6696 1
6697 1
6698 1
6699 1
6700 1
6701 1
6702 1
6703 1
6704 1
6705 1
6706 1
6707 1
6708 1
6709 1
6710 1
6711 1
6712 1
6713 1
6714 1
6715 1
6716 1
6717 1
6718 1
6719 1
6720 1
6721 1
6722 1
6723 1
6724 1
6725 1
6726 1
6727 1
6728 1
6729 1
6730 1
6731 1
6732 1
6733 1
6734 1
6735 1
6736 1
6737 1
6738 1
6739 1
6740 1
6741 1
6742 1
6743 1
6744 1
6745 1
6746 1
6747 1
6748 1
6749 1
6750 1
6751 1
6752 1
6753 1
6754 1
6755 1
6756 1
6757 1
6758 1
6759 1
6760 1
6761 1
6762 1
6763 1
6764 1
6765 1
6766 1
6767 1
6768 1
6769 1
6770 1
6771 1
6772 1
6773 1
6774 1
6775 1
6776 1
6777 1
6778 1
6779 1
6780 1
6781 1
6782 1
6783 1
6784 1
6785 1
6786 1
6787 1
6788 1
6789 1
6790 1
6791 1
6792 1
6793 1
6794 1
6795 1
6796 1
6797 1
6798 1
6799 1
6800 1
6801 1
6802 1
6803 1
6804 1
6805 1
6806 1
6807 1
6808 1
6809 1
6810 1
6811 1
6812 1
6813 1
6814 1
6815 1
6816 1
6817 1
6818 1
6819 1
6820 1
6821 1
6822 1
6823 1
6824 1
6825 1
6826 1
6827 1
6828 1
6829 1
6830 1
6831 1
6832 1
6833 1
6834 1
6835 1
6836 1
6837 1
6838 1
6839 1
6840 1
6841 1
6842 1
6843 1
6844 1
6845 1
6846 1
6847 1
6848 1
6849 1
6850 1
6851 1
6852 1
6853 1
6854 1
6855 1
6856 1
6857 1
6858 1
6859 1
6860 1
6861 1
6862 1
6863 1
6864 1
6865 1
6866 1
6867 1
6868 1
6869 1
6870 1
6871 1
6872 1
6873 1
6874 1
6875 1
6876 1
6877 1
6878 1
6879 1
6880 1
6881 1
6882 1
6883 1
6884 1
6885 1
6886 1
6887 1
6888 1
6889 1
6890 1
6891 1
6892 1
6893 1
6894 1
6895 1
6896 1
6897 1
6898 1
6899 1
6900 1
6901 1
6902 1
6903 1
6904 1
6905 1
6906 1
6907 1
6908 1
6909 1
6910 1
6911 1
6912 1
6913 1
6914 1
6915 1
6916 1
6917 1
6918 1
6919 1
6920 1
6921 1
6922 1
6923 1
6924 1
6925 1
6926 1
6927 1
6928 1
6929 1
6930 1
6931 1
6932 1
6933 1
6934 1
6935 1
6936 1
6937 1
6938 1
6939 1
6940 1
6941 1
6942 1
6943 1
6944 1
6945 1
6946 1
6947 1
6948 1
6949 1
6950 1
6951 1
6952 1
6953 1
6954 1
6955 1
6956 1
6957 1
6958 1
6959 1
6960 1
6961 1
6962 1
6963 1
6964 1
6965 1
6966 1
6967 1
6968 1
6969 1
6970 1
6971 1
6972 1
6973 1
6974 1
6975 1
6976 1
6977 1
6978 1
6979 1
6980 1
6981 1
6982 1
6983 1
6984 1
6985 1
6986 1
6987 1
6988 1
6989 1
6990 1
6991 1
6992 1
6993 1
6994 1
6995 1
6996 1
6997 1
6998 1
6999 1
7000 1
7001 1
7002 1
7003 1
7004 1
7005 1
7006 1
7007 1
7008 1
7009 1
7010 1
7011 1
7012 1
7013 1
7014 1
7015 1
7016 1
7017 1
7018 1
7019 1
7020 1
7021 1
7022 1
7023 1
7024 1
7025 1
7026 1
7027 1
7028 1
7029 1
7030 1
7031 1
7032 1
7033 1
7034 1
7035 1
7036 1
7037 1
7038 1
7039 1
7040 1
7041 1
7042 1
7043 1
7044 1
7045 1
7046 1
7047 1
7048 1
7049 1
7050 1
7051 1
7052 1
7053 1
7054 1
7055 1
7056 1
7057 1
7058 1
7059 1
7060 1
7061 1
7062 1
7063 1
7064 1
7065 1
7066 1
7067 1
7068 1
7069 1
7070 1
7071 1
7072 1
7073 1
7074 1
7075 1
7076 1
7077 1
7078 1
7079 1
7080 1
7081 1
7082 1
7083 1
7084 1
7085 1
7086 1
7087 1
7088 1
7089 1
7090 1
7091 1
7092 1
7093 1
7094 1
7095 1
7096 1
7097 1
7098 1
7099 1
7100 1
7101 1
7102 1
7103 1
7104 1
7105 1
7106 1
7107 1
7108 1
7109 1
7110 1
7111 1
7112 1
7113 1
7114 1
7115 1
7116 1
7117 1
7118 1
7119 1
7120 1
7121 1
7122 1
7123 1
7124 1
7125 1
7126 1
7127 1
7128 1
7129 1
7130 1
7131 1
7132 1
7133 1
7134 1
7135 1
7136 1
7137 1
7138 1
7139 1
7140 1
7141 1
7142 1
7143 1
7144 1
7145 1
7146 1
7147 1
7148 1
7149 1
7150 1
7151 1
7152 1
7153 1
7154 1
7155 1
7156 1
7157 1
7158 1
7159 1
7160 1
7161 1
7162 1
7163 1
7164 1
7165 1
7166 1
7167 1
7168 1
7169 1
7170 1
7171 1
7172 1
7173 1
7174 1
7175 1
7176 1
7177 1
7178 1
7179 1
7180 1
7181 1
7182 1
7183 1
7184 1
7185 1
7186 1
7187 1
7188 1
7189 1
7190 1
7191 1
7192 1
7193 1
7194 1
7195 1
7196 1
7197 1
7198 1
7199 1
7200 1
7201 1
7202 1
7203 1
7204 1
7205 1
7206 1
7207 1
7208 1
7209 1
7210 1
7211 1
7212 1
7213 1
7214 1
7215 1
7216 1
7217 1
7218 1
7219 1
7220 1
7221 1
7222 1
7223 1
7224 1
7225 1
7226 1
7227 1
7228 1
7229 1
7230 1
7231 1
7232 1
7233 1
7234 1
7235 1
7236 1
7237 1
7238 1
7239 1
7240 1
7241 1
7242 1
7243 1
7244 1
7245 1
7246 1
7247 1
7248 1
7249 1
7250 1
7251 1
7252 1
7253 1
7254 1
7255 1
7256 1
7257 1
7258 1
7259 1
7260 1
7261 1
7262 1
7263 1
7264 1
7265 1
7266 1
7267 1
7268 1
7269 1
7270 1
7271 1
7272 1
7273 1
7274 1
7275 1
7276 1
7277 1
7278 1
7279 1
7280 1
7281 1
7282 1
7283 1
7284 1
7285 1
7286 1
7287 1
7288 1
7289 1
7290 1
7291 1
7292 1
7293 1
7294 1
7295 1
7296 1
7297 1
7298 1
7299 1
7300 1
7301 1
7302 1
7303 1
7304 1
7305 1
7306 1
7307 1
7308 1
7309 1
7310 1
7311 1
7312 1
7313 1
7314 1
7315 1
7316 1
7317 1
7318 1
7319 1
7320 1
7321 1
7322 1
7323 1
7324 1
7325 1
7326 1
7327 1
7328 1
7329 1
7330 1
7331 1
7332 1
7333 1
7334 1
7335 1
7336 1
7337 1
7338 1
7339 1
7340 1
7341 1
7342 1
7343 1
7344 1
7345 1
7346 1
7347 1
7348 1
7349 1
7350 1
7351 1
7352 1
7353 1
7354 1
7355 1
7356 1
7357 1
7358 1
7359 1
7360 1
7361 1
7362 1
7363 1
7364 1
7365 1
7366 1
7367 1
7368 1
7369 1
7370 1
7371 1
7372 1
7373 1
7374 1
7375 1
7376 1
7377 1
7378 1
7379 1
7380 1
7381 1
7382 1
7383 1
7384 1
7385 1
7386 1
7387 1
7388 1
7389 1
7390 1
7391 1
7392 1
7393 1
7394 1
7395 1
7396 1
7397 1
7398 1
7399 1
7400 1
7401 1
7402 1
7403 1
7404 1
7405 1
7406 1
7407 1
7408 1
7409 1
7410 1
7411 1
7412 1
7413 1
7414 1
7415 1
7416 1
7417 1
7418 1
7419 1
7420 1
7421 1
7422 1
7423 1
7424 1
7425 1
7426 1
7427 1
7428 1
7429 1
7430 1
7431 1
7432 1
7433 1
7434 1
7435 1
7436 1
7437 1
7438 1
7439 1
7440 1
7441 1
7442 1
7443 1
7444 1
7445 1
7446 1
7447 1
7448 1
7449 1
7450 1
7451 1
7452 1
7453 1
7454 1
7455 1
7456 1
7457 1
7458 1
7459 1
7460 1
7461 1
7462 1
7463 1
7464 1
7465 1
7466 1
7467 1
7468 1
7469 1
7470 1
7471 1
7472 1
7473 1
7474 1
7475 1
7476 1
7477 1
7478 1
7479 1
7480 1
7481 1
7482 1
7483 1
7484 1
7485 1
7486 1
7487 1
7488 1
7489 1
7490 1
7491 1
7492 1
7493 1
7494 1
7495 1
7496 1
7497 1
7498 1
7499 1
7500 1
7501 1
7502 1
7503 1
7504 1
7505 1
7506 1
7507 1
7508 1
7509 1
7510 1
7511 1
7512 1
7513 1
7514 1
7515 1
7516 1
7517 1
7518 1
7519 1
7520 1
7521 1
7522 1
7523 1
7524 1
7525 1
7526 1
7527 1
7528 1
7529 1
7530 1
7531 1
7532 1
7533 1
7534 1
7535 1
7536 1
7537 1
7538 1
7539 1
7540 1
7541 1
7542 1
7543 1
7544 1
7545 1
7546 1
7547 1
7548 1
7549 1
7550 1
7551 1
7552 1
7553 1
7554 1
7555 1
7556 1
7557 1
7558 1
7559 1
7560 1
7561 1
7562 1
7563 1
7564 1
7565 1
7566 1
7567 1
7568 1
7569 1
7570 1
7571 1
7572 1
7573 1
7574 1
7575 1
7576 1
7577 1
7578 1
7579 1
7580 1
7581 1
7582 1
7583 1
7584 1
7585 1
7586 1
7587 1
7588 1
7589 1
7590 1
7591 1
7592 1
7593 1
7594 1
7595 1
7596 1
7597 1
7598 1
7599 1
7600 1
7601 1
7602 1
7603 1
7604 1
7605 1
7606 1
7607 1
7608 1
7609 1
7610 1
7611 1
7612 1
7613 1
7614 1
7615 1
7616 1
7617 1
7618 1
7619 1
7620 1
7621 1
7622 1
7623 1
7624 1
7625 1
7626 1
7627 1
7628 1
7629 1
7630 1
7631 1
7632 1
7633 1
7634 1
7635 1
7636 1
7637 1
7638 1
7639 1
7640 1
7641 1
7642 1
7643 1
7644 1
7645 1
7646 1
7647 1
7648 1
7649 1
7650 1
7651 1
7652 1
7653 1
7654 1
7655 1
7656 1
7657 1
7658 1
7659 1
7660 1
7661 1
7662 1
7663 1
7664 1
7665 1
7666 1
7667 1
7668 1
7669 1
7670 1
7671 1
7672 1
7673 1
7674 1
7675 1
7676 1
7677 1
7678 1
7679 1
7680 1
7681 1
7682 1
7683 1
7684 1
7685 1
7686 1
7687 1
7688 1
7689 1
7690 1
7691 1
7692 1
7693 1
7694 1
7695 1
7696 1
7697 1
7698 1
7699 1
7700 1
7701 1
7702 1
7703 1
7704 1
7705 1
7706 1
7707 1
7708 1
7709 1
7710 1
7711 1
7712 1
7713 1
7714 1
7715 1
7716 1
7717 1
7718 1
7719 1
7720 1
7721 1
7722 1
7723 1
7724 1
7725 1
7726 1
7727 1
7728 1
7729 1
7730 1
7731 1
7732 1
7733 1
7734 1
7735 1
7736 1
7737 1
7738 1
7739 1
7740 1
7741 1
7742 1
7743 1
7744 1
7745 1
7746 1
7747 1
7748 1
7749 1
7750 1
7751 1
7752 1
7753 1
7754 1
7755 1
7756 1
7757 1
7758 1
7759 1
7760 1
7761 1
7762 1
7763 1
7764 1
7765 1
7766 1
7767 1
7768 1
7769 1
7770 1
7771 1
7772 1
7773 1
7774 1
7775 1
7776 1
7777 1
7778 1
7779 1
7780 1
7781 1
7782 1
7783 1
7784 1
7785 1
7786 1
7787 1
7788 1
7789 1
7790 1
7791 1
7792 1
7793 1
7794 1
7795 1
7796 1
7797 1
7798 1
7799 1
7800 1
7801 1
7802 1
7803 1
7804 1
7805 1
7806 1
7807 1
7808 1
7809 1
7810 1
7811 1
7812 1
7813 1
7814 1
7815 1
7816 1
7817 1
7818 1
7819 1
7820 1
7821 1
7822 1
7823 1
7824 1
7825 1
7826 1
7827 1
7828 1
7829 1
7830 1
7831 1
7832 1
7833 1
7834 1
7835 1
7836 1
7837 1
7838 1
7839 1
7840 1
7841 1
7842 1
7843 1
7844 1
7845 1
7846 1
7847 1
7848 1
7849 1
7850 1
7851 1
7852 1
7853 1
7854 1
7855 1
7856 1
7857 1
7858 1
7859 1
7860 1
7861 1
7862 1
7863 1
7864 1
7865 1
7866 1
7867 1
7868 1
7869 1
7870 1
7871 1
7872 1
7873 1
7874 1
7875 1
7876 1
7877 1
7878 1
7879 1
7880 1
7881 1
7882 1
7883 1
7884 1
7885 1
7886 1
7887 1
7888 1
7889 1
7890 1
7891 1
7892 1
7893 1
7894 1
7895 1
7896 1
7897 1
7898 1
7899 1
7900 1
7901 1
7902 1
7903 1
7904 1
7905 1
7906 1
7907 1
7908 1
7909 1
7910 1
7911 1
7912 1
7913 1
7914 1
7915 1
7916 1
7917 1
7918 1
7919 1
7920 1
7921 1
7922 1
7923 1
7924 1
7925 1
7926 1
7927 1
7928 1
7929 1
7930 1
7931 1
7932 1
7933 1
7934 1
7935 1
7936 1
7937 1
7938 1
7939 1
7940 1
7941 1
7942 1
7943 1
7944 1
7945 1
7946 1
7947 1
7948 1
7949 1
7950 1
7951 1
7952 1
7953 1
7954 1
7955 1
7956 1
7957 1
7958 1
7959 1
7960 1
7961 1
7962 1
7963 1
7964 1
7965 1
7966 1
7967 1
7968 1
7969 1
7970 1
7971 1
7972 1
7973 1
7974 1
7975 1
7976 1
7977 1
7978 1
7979 1
7980 1
7981 1
7982 1
7983 1
7984 1
7985 1
7986 1
7987 1
7988 1
7989 1
7990 1
7991 1
7992 1
7993 1
7994 1
7995 1
7996 1
7997 1
7998 1
7999 1
8000 1
8001 1
8002 1
8003 1
8004 1
8005 1
8006 1
8007 1
8008 1
8009 1
8010 1
8011 1
8012 1
8013 1
8014 1
8015 1
8016 1
8017 1
8018 1
8019 1
8020 1
8021 1
8022 1
8023 1
8024 1
8025 1
8026 1
8027 1
8028 1
8029 1
8030 1
8031 1
8032 1
8033 1
8034 1
8035 1
8036 1
8037 1
8038 1
8039 1
8040 1
8041 1
8042 1
8043 1
8044 1
8045 1
8046 1
8047 1
8048 1
8049 1
8050 1
8051 1
8052 1
8053 1
8054 1
8055 1
8056 1
8057 1
8058 1
8059 1
8060 1
8061 1
8062 1
8063 1
8064 1
8065 1
8066 1
8067 1
8068 1
8069 1
8070 1
8071 1
8072 1
8073 1
8074 1
8075 1
8076 1
8077 1
8078 1
8079 1
8080 1
8081 1
8082 1
8083 1
8084 1
8085 1
8086 1
8087 1
8088 1
8089 1
8090 1
8091 1
8092 1
8093 1
8094 1
8095 1
8096 1
8097 1
8098 1
8099 1
8100 1
8101 1
8102 1
8103 1
8104 1
8105 1
8106 1
8107 1
8108 1
8109 1
8110 1
8111 1
8112 1
8113 1
8114 1
8115 1
8116 1
8117 1
8118 1
8119 1
8120 1
8121 1
8122 1
8123 1
8124 1
8125 1
8126 1
8127 1
8128 1
8129 1
8130 1
8131 1
8132 1
8133 1
8134 1
8135 1
8136 1
8137 1
8138 1
8139 1
8140 1
8141 1
8142 1
8143 1
8144 1
8145 1
8146 1
8147 1
8148 1
8149 1
8150 1
8151 1
8152 1
8153 1
8154 1
8155 1
8156 1
8157 1
8158 1
8159 1
8160 1
8161 1
8162 1
8163 1
8164 1
8165 1
8166 1
8167 1
8168 1
8169 1
8170 1
8171 1
8172 1
8173 1
8174 1
8175 1
8176 1
8177 1
8178 1
8179 1
8180 1
8181 1
8182 1
8183 1
8184 1
8185 1
8186 1
8187 1
8188 1
8189 1
8190 1
8191 1
8192 1
8193 1
8194 1
8195 1
8196 1
8197 1
8198 1
8199 1
8200 1
8201 1
8202 1
8203 1
8204 1
8205 1
8206 1
8207 1
8208 1
8209 1
8210 1
8211 1
8212 1
8213 1
8214 1
8215 1
8216 1
8217 1
8218 1
8219 1
8220 1
8221 1
8222 1
8223 1
8224 1
8225 1
8226 1
8227 1
8228 1
8229 1
8230 1
8231 1
8232 1
8233 1
8234 1
8235 1
8236 1
8237 1
8238 1
8239 1
8240 1
8241 1
8242 1
8243 1
8244 1
8245 1
8246 1
8247 1
8248 1
8249 1
8250 1
8251 1
8252 1
8253 1
8254 1
8255 1
8256 1
8257 1
8258 1
8259 1
8260 1
8261 1
8262 1
8263 1
8264 1
8265 1
8266 1
8267 1
8268 1
8269 1
8270 1
8271 1
8272 1
8273 1
8274 1
8275 1
8276 1
8277 1
8278 1
8279 1
8280 1
8281 1
8282 1
8283 1
8284 1
8285 1
8286 1
8287 1
8288 1
8289 1
8290 1
8291 1
8292 1
8293 1
8294 1
8295 1
8296 1
8297 1
8298 1
8299 1
8300 1
8301 1
8302 1
8303 1
8304 1
8305 1
8306 1
8307 1
8308 1
8309 1
8310 1
8311 1
8312 1
8313 1
8314 1
8315 1
8316 1
8317 1
8318 1
8319 1
8320 1
8321 1
8322 1
8323 1
8324 1
8325 1
8326 1
8327 1
8328 1
8329 1
8330 1
8331 1
8332 1
8333 1
8334 1
8335 1
8336 1
8337 1
8338 1
8339 1
8340 1
8341 1
8342 1
8343 1
8344 1
8345 1
8346 1
8347 1
8348 1
8349 1
8350 1
8351 1
8352 1
8353 1
8354 1
8355 1
8356 1
8357 1
8358 1
8359 1
8360 1
8361 1
8362 1
8363 1
8364 1
8365 1
8366 1
8367 1
8368 1
8369 1
8370 1
8371 1
8372 1
8373 1
8374 1
8375 1
8376 1
8377 1
8378 1
8379 1
8380 1
8381 1
8382 1
8383 1
8384 1
8385 1
8386 1
8387 1
8388 1
8389 1
8390 1
8391 1
8392 1
8393 1
8394 1
8395 1
8396 1
8397 1
8398 1
8399 1
8400 1
8401 1
8402 1
8403 1
8404 1
8405 1
8406 1
8407 1
8408 1
8409 1
8410 1
8411 1
8412 1
8413 1
8414 1
8415 1
8416 1
8417 1
8418 1
8419 1
8420 1
8421 1
8422 1
8423 1
8424 1
8425 1
8426 1
8427 1
8428 1
8429 1
8430 1
8431 1
8432 1
8433 1
8434 1
8435 1
8436 1
8437 1
8438 1
8439 1
8440 1
8441 1
8442 1
8443 1
8444 1
8445 1
8446 1
8447 1
8448 1
8449 1
8450 1
8451 1
8452 1
8453 1
8454 1
8455 1
8456 1
8457 1
8458 1
8459 1
8460 1
8461 1
8462 1
8463 1
8464 1
8465 1
8466 1
8467 1
8468 1
8469 1
8470 1
8471 1
8472 1
8473 1
8474 1
8475 1
8476 1
8477 1
8478 1
8479 1
8480 1
8481 1
8482 1
8483 1
8484 1
8485 1
8486 1
8487 1
8488 1
8489 1
8490 1
8491 1
8492 1
8493 1
8494 1
8495 1
8496 1
8497 1
8498 1
8499 1
8500 1
8501 1
8502 1
8503 1
8504 1
8505 1
8506 1
8507 1
8508 1
8509 1
8510 1
8511 1
8512 1
8513 1
8514 1
8515 1
8516 1
8517 1
8518 1
8519 1
8520 1
8521 1
8522 1
8523 1
8524 1
8525 1
8526 1
8527 1
8528 1
8529 1
8530 1
8531 1
8532 1
8533 1
8534 1
8535 1
8536 1
8537 1
8538 1
8539 1
8540 1
8541 1
8542 1
8543 1
8544 1
8545 1
8546 1
8547 1
8548 1
8549 1
8550 1
8551 1
8552 1
8553 1
8554 1
8555 1
8556 1
8557 1
8558 1
8559 1
8560 1
8561 1
8562 1
8563 1
8564 1
8565 1
8566 1
8567 1
8568 1
8569 1
8570 1
8571 1
8572 1
8573 1
8574 1
8575 1
8576 1
8577 1
8578 1
8579 1
8580 1
8581 1
8582 1
8583 1
8584 1
8585 1
8586 1
8587 1
8588 1
8589 1
8590 1
8591 1
8592 1
8593 1
8594 1
8595 1
8596 1
8597 1
8598 1
8599 1
8600 1
8601 1
8602 1
8603 1
8604 1
8605 1
8606 1
8607 1
8608 1
8609 1
8610 1
8611 1
8612 1
8613 1
8614 1
8615 1
8616 1
8617 1
8618 1
8619 1
8620 1
8621 1
8622 1
8623 1
8624 1
8625 1
8626 1
8627 1
8628 1
8629 1
8630 1
8631 1
8632 1
8633 1
8634 1
8635 1
8636 1
8637 1
8638 1
8639 1
8640 1
8641 1
8642 1
8643 1
8644 1
8645 1
8646 1
8647 1
8648 1
8649 1
8650 1
8651 1
8652 1
8653 1
8654 1
8655 1
8656 1
8657 1
8658 1
8659 1
8660 1
8661 1
8662 1
8663 1
8664 1
8665 1
8666 1
8667 1
8668 1
8669 1
8670 1
8671 1
8672 1
8673 1
8674 1
8675 1
8676 1
8677 1
8678 1
8679 1
8680 1
8681 1
8682 1
8683 1
8684 1
8685 1
8686 1
8687 1
8688 1
8689 1
8690 1
8691 1
8692 1
8693 1
8694 1
8695 1
8696 1
8697 1
8698 1
8699 1
8700 1
8701 1
8702 1
8703 1
8704 1
8705 1
8706 1
8707 1
8708 1
8709 1
8710 1
8711 1
8712 1
8713 1
8714 1
8715 1
8716 1
8717 1
8718 1
8719 1
8720 1
8721 1
8722 1
8723 1
8724 1
8725 1
8726 1
8727 1
8728 1
8729 1
8730 1
8731 1
8732 1
8733 1
8734 1
8735 1
8736 1
8737 1
8738 1
8739 1
8740 1
8741 1
8742 1
8743 1
8744 1
8745 1
8746 1
8747 1
8748 1
8749 1
8750 1
8751 1
8752 1
8753 1
8754 1
8755 1
8756 1
8757 1
8758 1
8759 1
8760 1
8761 1
8762 1
8763 1
8764 1
8765 1
8766 1
8767 1
8768 1
8769 1
8770 1
8771 1
8772 1
8773 1
8774 1
8775 1
8776 1
8777 1
8778 1
8779 1
8780 1
8781 1
8782 1
8783 1
8784 1
8785 1
8786 1
8787 1
8788 1
8789 1
8790 1
8791 1
8792 1
8793 1
8794 1
8795 1
8796 1
8797 1
8798 1
8799 1
8800 1
8801 1
8802 1
8803 1
8804 1
8805 1
8806 1
8807 1
8808 1
8809 1
8810 1
8811 1
8812 1
8813 1
8814 1
8815 1
8816 1
8817 1
8818 1
8819 1
8820 1
8821 1
8822 1
8823 1
8824 1
8825 1
8826 1
8827 1
8828 1
8829 1
8830 1
8831 1
8832 1
8833 1
8834 1
8835 1
8836 1
8837 1
8838 1
8839 1
8840 1
8841 1
8842 1
8843 1
8844 1
8845 1
8846 1
8847 1
8848 1
8849 1
8850 1
8851 1
8852 1
8853 1
8854 1
8855 1
8856 1
8857 1
8858 1
8859 1
8860 1
8861 1
8862 1
8863 1
8864 1
8865 1
8866 1
8867 1
8868 1
8869 1
8870 1
8871 1
8872 1
8873 1
8874 1
8875 1
8876 1
8877 1
8878 1
8879 1
8880 1
8881 1
8882 1
8883 1
8884 1
8885 1
8886 1
8887 1
8888 1
8889 1
8890 1
8891 1
8892 1
8893 1
8894 1
8895 1
8896 1
8897 1
8898 1
8899 1
8900 1
8901 1
8902 1
8903 1
8904 1
8905 1
8906 1
8907 1
8908 1
8909 1
8910 1
8911 1
8912 1
8913 1
8914 1
8915 1
8916 1
8917 1
8918 1
8919 1
8920 1
8921 1
8922 1
8923 1
8924 1
8925 1
8926 1
8927 1
8928 1
8929 1
8930 1
8931 1
8932 1
8933 1
8934 1
8935 1
8936 1
8937 1
8938 1
8939 1
8940 1
8941 1
8942 1
8943 1
8944 1
8945 1
8946 1
8947 1
8948 1
8949 1
8950 1
8951 1
8952 1
8953 1
8954 1
8955 1
8956 1
8957 1
8958 1
8959 1
8960 1
8961 1
8962 1
8963 1
8964 1
8965 1
8966 1
8967 1
8968 1
8969 1
8970 1
8971 1
8972 1
8973 1
8974 1
8975 1
8976 1
8977 1
8978 1
8979 1
8980 1
8981 1
8982 1
8983 1
8984 1
8985 1
8986 1
8987 1
8988 1
8989 1
8990 1
8991 1
8992 1
8993 1
8994 1
8995 1
8996 1
8997 1
8998 1
8999 1
9000 1
9001 1
9002 1
9003 1
9004 1
9005 1
9006 1
9007 1
9008 1
9009 1
9010 1
9011 1
9012 1
9013 1
9014 1
9015 1
9016 1
9017 1
9018 1
9019 1
9020 1
9021 1
9022 1
9023 1
9024 1
9025 1
9026 1
9027 1
9028 1
9029 1
9030 1
9031 1
9032 1
9033 1
9034 1
9035 1
9036 1
9037 1
9038 1
9039 1
9040 1
9041 1
9042 1
9043 1
9044 1
9045 1
9046 1
9047 1
9048 1
9049 1
9050 1
9051 1
9052 1
9053 1
9054 1
9055 1
9056 1
9057 1
9058 1
9059 1
9060 1
9061 1
9062 1
9063 1
9064 1
9065 1
9066 1
9067 1
9068 1
9069 1
9070 1
9071 1
9072 1
9073 1
9074 1
9075 1
9076 1
9077 1
9078 1
9079 1
9080 1
9081 1
9082 1
9083 1
9084 1
9085 1
9086 1
9087 1
9088 1
9089 1
9090 1
9091 1
9092 1
9093 1
9094 1
9095 1
9096 1
9097 1
9098 1
9099 1
9100 1
9101 1
9102 1
9103 1
9104 1
9105 1
9106 1
9107 1
9108 1
9109 1
9110 1
9111 1
9112 1
9113 1
9114 1
9115 1
9116 1
9117 1
9118 1
9119 1
9120 1
9121 1
9122 1
9123 1
9124 1
9125 1
9126 1
9127 1
9128 1
9129 1
9130 1
9131 1
9132 1
9133 1
9134 1
9135 1
9136 1
9137 1
9138 1
9139 1
9140 1
9141 1
9142 1
9143 1
9144 1
9145 1
9146 1
9147 1
9148 1
9149 1
9150 1
9151 1
9152 1
9153 1
9154 1
9155 1
9156 1
9157 1
9158 1
9159 1
9160 1
9161 1
9162 1
9163 1
9164 1
9165 1
9166 1
9167 1
9168 1
9169 1
9170 1
9171 1
9172 1
9173 1
9174 1
9175 1
9176 1
9177 1
9178 1
9179 1
9180 1
9181 1
9182 1
9183 1
9184 1
9185 1
9186 1
9187 1
9188 1
9189 1
9190 1
9191 1
9192 1
9193 1
9194 1
9195 1
9196 1
9197 1
9198 1
9199 1
9200 1
9201 1
9202 1
9203 1
9204 1
9205 1
9206 1
9207 1
9208 1
9209 1
9210 1
9211 1
9212 1
9213 1
9214 1
9215 1
9216 1
9217 1
9218 1
9219 1
9220 1
9221 1
9222 1
9223 1
9224 1
9225 1
9226 1
9227 1
9228 1
9229 1
9230 1
9231 1
9232 1
9233 1
9234 1
9235 1
9236 1
9237 1
9238 1
9239 1
9240 1
9241 1
9242 1
9243 1
9244 1
9245 1
9246 1
9247 1
9248 1
9249 1
9250 1
9251 1
9252 1
9253 1
9254 1
9255 1
9256 1
9257 1
9258 1
9259 1
9260 1
9261 1
9262 1
9263 1
9264 1
9265 1
9266 1
9267 1
9268 1
9269 1
9270 1
9271 1
9272 1
9273 1
9274 1
9275 1
9276 1
9277 1
9278 1
9279 1
9280 1
9281 1
9282 1
9283 1
9284 1
9285 1
9286 1
9287 1
9288 1
9289 1
9290 1
9291 1
9292 1
9293 1
9294 1
9295 1
9296 1
9297 1
9298 1
9299 1
9300 1
9301 1
9302 1
9303 1
9304 1
9305 1
9306 1
9307 1
9308 1
9309 1
9310 1
9311 1
9312 1
9313 1
9314 1
9315 1
9316 1
9317 1
9318 1
9319 1
9320 1
9321 1
9322 1
9323 1
9324 1
9325 1
9326 1
9327 1
9328 1
9329 1
9330 1
9331 1
9332 1
9333 1
9334 1
9335 1
9336 1
9337 1
9338 1
9339 1
9340 1
9341 1
9342 1
9343 1
9344 1
9345 1
9346 1
9347 1
9348 1
9349 1
9350 1
9351 1
9352 1
9353 1
9354 1
9355 1
9356 1
9357 1
9358 1
9359 1
9360 1
9361 1
9362 1
9363 1
9364 1
9365 1
9366 1
9367 1
9368 1
9369 1
9370 1
9371 1
9372 1
9373 1
9374 1
9375 1
9376 1
9377 1
9378 1
9379 1
9380 1
9381 1
9382 1
9383 1
9384 1
9385 1
9386 1
9387 1
9388 1
9389 1
9390 1
9391 1
9392 1
9393 1
9394 1
9395 1
9396 1
9397 1
9398 1
9399 1
9400 1
9401 1
9402 1
9403 1
9404 1
9405 1
9406 1
9407 1
9408 1
9409 1
9410 1
9411 1
9412 1
9413 1
9414 1
9415 1
9416 1
9417 1
9418 1
9419 1
9420 1
9421 1
9422 1
9423 1
9424 1
9425 1
9426 1
9427 1
9428 1
9429 1
9430 1
9431 1
9432 1
9433 1
9434 1
9435 1
9436 1
9437 1
9438 1
9439 1
9440 1
9441 1
9442 1
9443 1
9444 1
9445 1
9446 1
9447 1
9448 1
9449 1
9450 1
9451 1
9452 1
9453 1
9454 1
9455 1
9456 1
9457 1
9458 1
9459 1
9460 1
9461 1
9462 1
9463 1
9464 1
9465 1
9466 1
9467 1
9468 1
9469 1
9470 1
9471 1
9472 1
9473 1
9474 1
9475 1
9476 1
9477 1
9478 1
9479 1
9480 1
9481 1
9482 1
9483 1
9484 1
9485 1
9486 1
9487 1
9488 1
9489 1
9490 1
9491 1
9492 1
9493 1
9494 1
9495 1
9496 1
9497 1
9498 1
9499 1
9500 1
9501 1
9502 1
9503 1
9504 1
9505 1
9506 1
9507 1
9508 1
9509 1
9510 1
9511 1
9512 1
9513 1
9514 1
9515 1
9516 1
9517 1
9518 1
9519 1
9520 1
9521 1
9522 1
9523 1
9524 1
9525 1
9526 1
9527 1
9528 1
9529 1
9530 1
9531 1
9532 1
9533 1
9534 1
9535 1
9536 1
9537 1
9538 1
9539 1
9540 1
9541 1
9542 1
9543 1
9544 1
9545 1
9546 1
9547 1
9548 1
9549 1
9550 1
9551 1
9552 1
9553 1
9554 1
9555 1
9556 1
9557 1
9558 1
9559 1
9560 1
9561 1
9562 1
9563 1
9564 1
9565 1
9566 1
9567 1
9568 1
9569 1
9570 1
9571 1
9572 1
9573 1
9574 1
9575 1
9576 1
9577 1
9578 1
9579 1
9580 1
9581 1
9582 1
9583 1
9584 1
9585 1
9586 1
9587 1
9588 1
9589 1
9590 1
9591 1
9592 1
9593 1
9594 1
9595 1
9596 1
9597 1
9598 1
9599 1
9600 1
9601 1
9602 1
9603 1
9604 1
9605 1
9606 1
9607 1
9608 1
9609 1
9610 1
9611 1
9612 1
9613 1
9614 1
9615 1
9616 1
9617 1
9618 1
9619 1
9620 1
9621 1
9622 1
9623 1
9624 1
9625 1
9626 1
9627 1
9628 1
9629 1
9630 1
9631 1
9632 1
9633 1
9634 1
9635 1
9636 1
9637 1
9638 1
9639 1
9640 1
9641 1
9642 1
9643 1
9644 1
9645 1
9646 1
9647 1
9648 1
9649 1
9650 1
9651 1
9652 1
9653 1
9654 1
9655 1
9656 1
9657 1
9658 1
9659 1
9660 1
9661 1
9662 1
9663 1
9664 1
9665 1
9666 1
9667 1
9668 1
9669 1
9670 1
9671 1
9672 1
9673 1
9674 1
9675 1
9676 1
9677 1
9678 1
9679 1
9680 1
9681 1
9682 1
9683 1
9684 1
9685 1
9686 1
9687 1
9688 1
9689 1
9690 1
9691 1
9692 1
9693 1
9694 1
9695 1
9696 1
9697 1
9698 1
9699 1
9700 1
9701 1
9702 1
9703 1
9704 1
9705 1
9706 1
9707 1
9708 1
9709 1
9710 1
9711 1
9712 1
9713 1
9714 1
9715 1
9716 1
9717 1
9718 1
9719 1
9720 1
9721 1
9722 1
9723 1
9724 1
9725 1
9726 1
9727 1
9728 1
9729 1
9730 1
9731 1
9732 1
9733 1
9734 1
9735 1
9736 1
9737 1
9738 1
9739 1
9740 1
9741 1
9742 1
9743 1
9744 1
9745 1
9746 1
9747 1
9748 1
9749 1
9750 1
9751 1
9752 1
9753 1
9754 1
9755 1
9756 1
9757 1
9758 1
9759 1
9760 1
9761 1
9762 1
9763 1
9764 1
9765 1
9766 1
9767 1
9768 1
9769 1
9770 1
9771 1
9772 1
9773 1
9774 1
9775 1
9776 1
9777 1
9778 1
9779 1
9780 1
9781 1
9782 1
9783 1
9784 1
9785 1
9786 1
9787 1
9788 1
9789 1
9790 1
9791 1
9792 1
9793 1
9794 1
9795 1
9796 1
9797 1
9798 1
9799 1
9800 1
9801 1
9802 1
9803 1
9804 1
9805 1
9806 1
9807 1
9808 1
9809 1
9810 1
9811 1
9812 1
9813 1
9814 1
9815 1
9816 1
9817 1
9818 1
9819 1
9820 1
9821 1
9822 1
9823 1
9824 1
9825 1
9826 1
9827 1
9828 1
9829 1
9830 1
9831 1
9832 1
9833 1
9834 1
9835 1
9836 1
9837 1
9838 1
9839 1
9840 1
9841 1
9842 1
9843 1
9844 1
9845 1
9846 1
9847 1
9848 1
9849 1
9850 1
9851 1
9852 1
9853 1
9854 1
9855 1
9856 1
9857 1
9858 1
9859 1
9860 1
9861 1
9862 1
9863 1
9864 1
9865 1
9866 1
9867 1
9868 1
9869 1
9870 1
9871 1
9872 1
9873 1
9874 1
9875 1
9876 1
9877 1
9878 1
9879 1
9880 1
9881 1
9882 1
9883 1
9884 1
9885 1
9886 1
9887 1
9888 1
9889 1
9890 1
9891 1
9892 1
9893 1
9894 1
9895 1
9896 1
9897 1
9898 1
9899 1
9900 1
9901 1
9902 1
9903 1
9904 1
9905 1
9906 1
9907 1
9908 1
9909 1
9910 1
9911 1
9912 1
9913 1
9914 1
9915 1
9916 1
9917 1
9918 1
9919 1
9920 1
9921 1
9922 1
9923 1
9924 1
9925 1
9926 1
9927 1
9928 1
9929 1
9930 1
9931 1
9932 1
9933 1
9934 1
9935 1
9936 1
9937 1
9938 1
9939 1
9940 1
9941 1
9942 1
9943 1
9944 1
9945 1
9946 1
9947 1
9948 1
9949 1
9950 1
9951 1
9952 1
9953 1
9954 1
9955 1
9956 1
9957 1
9958 1
9959 1
9960 1
9961 1
9962 1
9963 1
9964 1
9965 1
9966 1
9967 1
9968 1
9969 1
9970 1
9971 1
9972 1
9973 1
9974 1
9975 1
9976 1
9977 1
9978 1
9979 1
9980 1
9981 1
9982 1
9983 1
9984 1
9985 1
9986 1
9987 1
9988 1
9989 1
9990 1
9991 1
9992 1
9993 1
9994 1
9995 1
9996 1
9997 1
9998 1
9999 1
10000 1
10001 2
10002 2
10003 2
10004 2
10005 2
10006 2
10007 2
10008 2
10009 2
10010 2
10011 2
10012 2
10013 2
10014 2
10015 2
10016 2
10017 2
10018 2
10019 2
10020 2
10021 2
10022 2
10023 2
10024 2
10025 2
10026 2
10027 2
10028 2
10029 2
10030 2
10031 2
10032 2
10033 2
10034 2
10035 2
10036 2
10037 2
10038 2
10039 2
10040 2
10041 2
10042 2
10043 2
10044 2
10045 2
10046 2
10047 2
10048 2
10049 2
10050 2
10051 2
10052 2
10053 2
10054 2
10055 2
10056 2
10057 2
10058 2
10059 2
10060 2
10061 2
10062 2
10063 2
10064 2
10065 2
10066 2
10067 2
10068 2
10069 2
10070 2
10071 2
10072 2
10073 2
10074 2
10075 2
10076 2
10077 2
10078 2
10079 2
10080 2
10081 2
10082 2
10083 2
10084 2
10085 2
10086 2
10087 2
10088 2
10089 2
10090 2
10091 2
10092 2
10093 2
10094 2
10095 2
10096 2
10097 2
10098 2
10099 2
10100 2
10101 2
10102 2
10103 2
10104 2
10105 2
10106 2
10107 2
10108 2
10109 2
10110 2
10111 2
10112 2
10113 2
10114 2
10115 2
10116 2
10117 2
10118 2
10119 2
10120 2
10121 2
10122 2
10123 2
10124 2
10125 2
10126 2
10127 2
10128 2
10129 2
10130 2
10131 2
10132 2
10133 2
10134 2
10135 2
10136 2
10137 2
10138 2
10139 2
10140 2
10141 2
10142 2
10143 2
10144 2
10145 2
10146 2
10147 2
10148 2
10149 2
10150 2
10151 2
10152 2
10153 2
10154 2
10155 2
10156 2
10157 2
10158 2
10159 2
10160 2
10161 2
10162 2
10163 2
10164 2
10165 2
10166 2
10167 2
10168 2
10169 2
10170 2
10171 2
10172 2
10173 2
10174 2
10175 2
10176 2
10177 2
10178 2
10179 2
10180 2
10181 2
10182 2
10183 2
10184 2
10185 2
10186 2
10187 2
10188 2
10189 2
10190 2
10191 2
10192 2
10193 2
10194 2
10195 2
10196 2
10197 2
10198 2
10199 2
10200 2
10201 2
10202 2
10203 2
10204 2
10205 2
10206 2
10207 2
10208 2
10209 2
10210 2
10211 2
10212 2
10213 2
10214 2
10215 2
10216 2
10217 2
10218 2
10219 2
10220 2
10221 2
10222 2
10223 2
10224 2
10225 2
10226 2
10227 2
10228 2
10229 2
10230 2
10231 2
10232 2
10233 2
10234 2
10235 2
10236 2
10237 2
10238 2
10239 2
10240 2
10241 2
10242 2
10243 2
10244 2
10245 2
10246 2
10247 2
10248 2
10249 2
10250 2
10251 2
10252 2
10253 2
10254 2
10255 2
10256 2
10257 2
10258 2
10259 2
10260 2
10261 2
10262 2
10263 2
10264 2
10265 2
10266 2
10267 2
10268 2
10269 2
10270 2
10271 2
10272 2
10273 2
10274 2
10275 2
10276 2
10277 2
10278 2
10279 2
10280 2
10281 2
10282 2
10283 2
10284 2
10285 2
10286 2
10287 2
10288 2
10289 2
10290 2
10291 2
10292 2
10293 2
10294 2
10295 2
10296 2
10297 2
10298 2
10299 2
10300 2
10301 2
10302 2
10303 2
10304 2
10305 2
10306 2
10307 2
10308 2
10309 2
10310 2
10311 2
10312 2
10313 2
10314 2
10315 2
10316 2
10317 2
10318 2
10319 2
10320 2
10321 2
10322 2
10323 2
10324 2
10325 2
10326 2
10327 2
10328 2
10329 2
10330 2
10331 2
10332 2
10333 2
10334 2
10335 2
10336 2
10337 2
10338 2
10339 2
10340 2
10341 2
10342 2
10343 2
10344 2
10345 2
10346 2
10347 2
10348 2
10349 2
10350 2
10351 2
10352 2
10353 2
10354 2
10355 2
10356 2
10357 2
10358 2
10359 2
10360 2
10361 2
10362 2
10363 2
10364 2
10365 2
10366 2
10367 2
10368 2
10369 2
10370 2
10371 2
10372 2
10373 2
10374 2
10375 2
10376 2
10377 2
10378 2
10379 2
10380 2
10381 2
10382 2
10383 2
10384 2
10385 2
10386 2
10387 2
10388 2
10389 2
10390 2
10391 2
10392 2
10393 2
10394 2
10395 2
10396 2
10397 2
10398 2
10399 2
10400 2
10401 2
10402 2
10403 2
10404 2
10405 2
10406 2
10407 2
10408 2
10409 2
10410 2
10411 2
10412 2
10413 2
10414 2
10415 2
10416 2
10417 2
10418 2
10419 2
10420 2
10421 2
10422 2
10423 2
10424 2
10425 2
10426 2
10427 2
10428 2
10429 2
10430 2
10431 2
10432 2
10433 2
10434 2
10435 2
10436 2
10437 2
10438 2
10439 2
10440 2
10441 2
10442 2
10443 2
10444 2
10445 2
10446 2
10447 2
10448 2
10449 2
10450 2
10451 2
10452 2
10453 2
10454 2
10455 2
10456 2
10457 2
10458 2
10459 2
10460 2
10461 2
10462 2
10463 2
10464 2
10465 2
10466 2
10467 2
10468 2
10469 2
10470 2
10471 2
10472 2
10473 2
10474 2
10475 2
10476 2
10477 2
10478 2
10479 2
10480 2
10481 2
10482 2
10483 2
10484 2
10485 2
10486 2
10487 2
10488 2
10489 2
10490 2
10491 2
10492 2
10493 2
10494 2
10495 2
10496 2
10497 2
10498 2
10499 2
10500 2
10501 2
10502 2
10503 2
10504 2
10505 2
10506 2
10507 2
10508 2
10509 2
10510 2
10511 2
10512 2
10513 2
10514 2
10515 2
10516 2
10517 2
10518 2
10519 2
10520 2
10521 2
10522 2
10523 2
10524 2
10525 2
10526 2
10527 2
10528 2
10529 2
10530 2
10531 2
10532 2
10533 2
10534 2
10535 2
10536 2
10537 2
10538 2
10539 2
10540 2
10541 2
10542 2
10543 2
10544 2
10545 2
10546 2
10547 2
10548 2
10549 2
10550 2
10551 2
10552 2
10553 2
10554 2
10555 2
10556 2
10557 2
10558 2
10559 2
10560 2
10561 2
10562 2
10563 2
10564 2
10565 2
10566 2
10567 2
10568 2
10569 2
10570 2
10571 2
10572 2
10573 2
10574 2
10575 2
10576 2
10577 2
10578 2
10579 2
10580 2
10581 2
10582 2
10583 2
10584 2
10585 2
10586 2
10587 2
10588 2
10589 2
10590 2
10591 2
10592 2
10593 2
10594 2
10595 2
10596 2
10597 2
10598 2
10599 2
10600 2
10601 2
10602 2
10603 2
10604 2
10605 2
10606 2
10607 2
10608 2
10609 2
10610 2
10611 2
10612 2
10613 2
10614 2
10615 2
10616 2
10617 2
10618 2
10619 2
10620 2
10621 2
10622 2
10623 2
10624 2
10625 2
10626 2
10627 2
10628 2
10629 2
10630 2
10631 2
10632 2
10633 2
10634 2
10635 2
10636 2
10637 2
10638 2
10639 2
10640 2
10641 2
10642 2
10643 2
10644 2
10645 2
10646 2
10647 2
10648 2
10649 2
10650 2
10651 2
10652 2
10653 2
10654 2
10655 2
10656 2
10657 2
10658 2
10659 2
10660 2
10661 2
10662 2
10663 2
10664 2
10665 2
10666 2
10667 2
10668 2
10669 2
10670 2
10671 2
10672 2
10673 2
10674 2
10675 2
10676 2
10677 2
10678 2
10679 2
10680 2
10681 2
10682 2
10683 2
10684 2
10685 2
10686 2
10687 2
10688 2
10689 2
10690 2
10691 2
10692 2
10693 2
10694 2
10695 2
10696 2
10697 2
10698 2
10699 2
10700 2
10701 2
10702 2
10703 2
10704 2
10705 2
10706 2
10707 2
10708 2
10709 2
10710 2
10711 2
10712 2
10713 2
10714 2
10715 2
10716 2
10717 2
10718 2
10719 2
10720 2
10721 2
10722 2
10723 2
10724 2
10725 2
10726 2
10727 2
10728 2
10729 2
10730 2
10731 2
10732 2
10733 2
10734 2
10735 2
10736 2
10737 2
10738 2
10739 2
10740 2
10741 2
10742 2
10743 2
10744 2
10745 2
10746 2
10747 2
10748 2
10749 2
10750 2
10751 2
10752 2
10753 2
10754 2
10755 2
10756 2
10757 2
10758 2
10759 2
10760 2
10761 2
10762 2
10763 2
10764 2
10765 2
10766 2
10767 2
10768 2
10769 2
10770 2
10771 2
10772 2
10773 2
10774 2
10775 2
10776 2
10777 2
10778 2
10779 2
10780 2
10781 2
10782 2
10783 2
10784 2
10785 2
10786 2
10787 2
10788 2
10789 2
10790 2
10791 2
10792 2
10793 2
10794 2
10795 2
10796 2
10797 2
10798 2
10799 2
10800 2
10801 2
10802 2
10803 2
10804 2
10805 2
10806 2
10807 2
10808 2
10809 2
10810 2
10811 2
10812 2
10813 2
10814 2
10815 2
10816 2
10817 2
10818 2
10819 2
10820 2
10821 2
10822 2
10823 2
10824 2
10825 2
10826 2
10827 2
10828 2
10829 2
10830 2
10831 2
10832 2
10833 2
10834 2
10835 2
10836 2
10837 2
10838 2
10839 2
10840 2
10841 2
10842 2
10843 2
10844 2
10845 2
10846 2
10847 2
10848 2
10849 2
10850 2
10851 2
10852 2
10853 2
10854 2
10855 2
10856 2
10857 2
10858 2
10859 2
10860 2
10861 2
10862 2
10863 2
10864 2
10865 2
10866 2
10867 2
10868 2
10869 2
10870 2
10871 2
10872 2
10873 2
10874 2
10875 2
10876 2
10877 2
10878 2
10879 2
10880 2
10881 2
10882 2
10883 2
10884 2
10885 2
10886 2
10887 2
10888 2
10889 2
10890 2
10891 2
10892 2
10893 2
10894 2
10895 2
10896 2
10897 2
10898 2
10899 2
10900 2
10901 2
10902 2
10903 2
10904 2
10905 2
10906 2
10907 2
10908 2
10909 2
10910 2
10911 2
10912 2
10913 2
10914 2
10915 2
10916 2
10917 2
10918 2
10919 2
10920 2
10921 2
10922 2
10923 2
10924 2
10925 2
10926 2
10927 2
10928 2
10929 2
10930 2
10931 2
10932 2
10933 2
10934 2
10935 2
10936 2
10937 2
10938 2
10939 2
10940 2
10941 2
10942 2
10943 2
10944 2
10945 2
10946 2
10947 2
10948 2
10949 2
10950 2
10951 2
10952 2
10953 2
10954 2
10955 2
10956 2
10957 2
10958 2
10959 2
10960 2
10961 2
10962 2
10963 2
10964 2
10965 2
10966 2
10967 2
10968 2
10969 2
10970 2
10971 2
10972 2
10973 2
10974 2
10975 2
10976 2
10977 2
10978 2
10979 2
10980 2
10981 2
10982 2
10983 2
10984 2
10985 2
10986 2
10987 2
10988 2
10989 2
10990 2
10991 2
10992 2
10993 2
10994 2
10995 2
10996 2
10997 2
10998 2
10999 2
11000 2
11001 2
11002 2
11003 2
11004 2
11005 2
11006 2
11007 2
11008 2
11009 2
11010 2
11011 2
11012 2
11013 2
11014 2
11015 2
11016 2
11017 2
11018 2
11019 2
11020 2
11021 2
11022 2
11023 2
11024 2
11025 2
11026 2
11027 2
11028 2
11029 2
11030 2
11031 2
11032 2
11033 2
11034 2
11035 2
11036 2
11037 2
11038 2
11039 2
11040 2
11041 2
11042 2
11043 2
11044 2
11045 2
11046 2
11047 2
11048 2
11049 2
11050 2
11051 2
11052 2
11053 2
11054 2
11055 2
11056 2
11057 2
11058 2
11059 2
11060 2
11061 2
11062 2
11063 2
11064 2
11065 2
11066 2
11067 2
11068 2
11069 2
11070 2
11071 2
11072 2
11073 2
11074 2
11075 2
11076 2
11077 2
11078 2
11079 2
11080 2
11081 2
11082 2
11083 2
11084 2
11085 2
11086 2
11087 2
11088 2
11089 2
11090 2
11091 2
11092 2
11093 2
11094 2
11095 2
11096 2
11097 2
11098 2
11099 2
11100 2
11101 2
11102 2
11103 2
11104 2
11105 2
11106 2
11107 2
11108 2
11109 2
11110 2
11111 2
11112 2
11113 2
11114 2
11115 2
11116 2
11117 2
11118 2
11119 2
11120 2
11121 2
11122 2
11123 2
11124 2
11125 2
11126 2
11127 2
11128 2
11129 2
11130 2
11131 2
11132 2
11133 2
11134 2
11135 2
11136 2
11137 2
11138 2
11139 2
11140 2
11141 2
11142 2
11143 2
11144 2
11145 2
11146 2
11147 2
11148 2
11149 2
11150 2
11151 2
11152 2
11153 2
11154 2
11155 2
11156 2
11157 2
11158 2
11159 2
11160 2
11161 2
11162 2
11163 2
11164 2
11165 2
11166 2
11167 2
11168 2
11169 2
11170 2
11171 2
11172 2
11173 2
11174 2
11175 2
11176 2
11177 2
11178 2
11179 2
11180 2
11181 2
11182 2
11183 2
11184 2
11185 2
11186 2
11187 2
11188 2
11189 2
11190 2
11191 2
11192 2
11193 2
11194 2
11195 2
11196 2
11197 2
11198 2
11199 2
11200 2
11201 2
11202 2
11203 2
11204 2
11205 2
11206 2
11207 2
11208 2
11209 2
11210 2
11211 2
11212 2
11213 2
11214 2
11215 2
11216 2
11217 2
11218 2
11219 2
11220 2
11221 2
11222 2
11223 2
11224 2
11225 2
11226 2
11227 2
11228 2
11229 2
11230 2
11231 2
11232 2
11233 2
11234 2
11235 2
11236 2
11237 2
11238 2
11239 2
11240 2
11241 2
11242 2
11243 2
11244 2
11245 2
11246 2
11247 2
11248 2
11249 2
11250 2
11251 2
11252 2
11253 2
11254 2
11255 2
11256 2
11257 2
11258 2
11259 2
11260 2
11261 2
11262 2
11263 2
11264 2
11265 2
11266 2
11267 2
11268 2
11269 2
11270 2
11271 2
11272 2
11273 2
11274 2
11275 2
11276 2
11277 2
11278 2
11279 2
11280 2
11281 2
11282 2
11283 2
11284 2
11285 2
11286 2
11287 2
11288 2
11289 2
11290 2
11291 2
11292 2
11293 2
11294 2
11295 2
11296 2
11297 2
11298 2
11299 2
11300 2
11301 2
11302 2
11303 2
11304 2
11305 2
11306 2
11307 2
11308 2
11309 2
11310 2
11311 2
11312 2
11313 2
11314 2
11315 2
11316 2
11317 2
11318 2
11319 2
11320 2
11321 2
11322 2
11323 2
11324 2
11325 2
11326 2
11327 2
11328 2
11329 2
11330 2
11331 2
11332 2
11333 2
11334 2
11335 2
11336 2
11337 2
11338 2
11339 2
11340 2
11341 2
11342 2
11343 2
11344 2
11345 2
11346 2
11347 2
11348 2
11349 2
11350 2
11351 2
11352 2
11353 2
11354 2
11355 2
11356 2
11357 2
11358 2
11359 2
11360 2
11361 2
11362 2
11363 2
11364 2
11365 2
11366 2
11367 2
11368 2
11369 2
11370 2
11371 2
11372 2
11373 2
11374 2
11375 2
11376 2
11377 2
11378 2
11379 2
11380 2
11381 2
11382 2
11383 2
11384 2
11385 2
11386 2
11387 2
11388 2
11389 2
11390 2
11391 2
11392 2
11393 2
11394 2
11395 2
11396 2
11397 2
11398 2
11399 2
11400 2
11401 2
11402 2
11403 2
11404 2
11405 2
11406 2
11407 2
11408 2
11409 2
11410 2
11411 2
11412 2
11413 2
11414 2
11415 2
11416 2
11417 2
11418 2
11419 2
11420 2
11421 2
11422 2
11423 2
11424 2
11425 2
11426 2
11427 2
11428 2
11429 2
11430 2
11431 2
11432 2
11433 2
11434 2
11435 2
11436 2
11437 2
11438 2
11439 2
11440 2
11441 2
11442 2
11443 2
11444 2
11445 2
11446 2
11447 2
11448 2
11449 2
11450 2
11451 2
11452 2
11453 2
11454 2
11455 2
11456 2
11457 2
11458 2
11459 2
11460 2
11461 2
11462 2
11463 2
11464 2
11465 2
11466 2
11467 2
11468 2
11469 2
11470 2
11471 2
11472 2
11473 2
11474 2
11475 2
11476 2
11477 2
11478 2
11479 2
11480 2
11481 2
11482 2
11483 2
11484 2
11485 2
11486 2
11487 2
11488 2
11489 2
11490 2
11491 2
11492 2
11493 2
11494 2
11495 2
11496 2
11497 2
11498 2
11499 2
11500 2
11501 2
11502 2
11503 2
11504 2
11505 2
11506 2
11507 2
11508 2
11509 2
11510 2
11511 2
11512 2
11513 2
11514 2
11515 2
11516 2
11517 2
11518 2
11519 2
11520 2
11521 2
11522 2
11523 2
11524 2
11525 2
11526 2
11527 2
11528 2
11529 2
11530 2
11531 2
11532 2
11533 2
11534 2
11535 2
11536 2
11537 2
11538 2
11539 2
11540 2
11541 2
11542 2
11543 2
11544 2
11545 2
11546 2
11547 2
11548 2
11549 2
11550 2
11551 2
11552 2
11553 2
11554 2
11555 2
11556 2
11557 2
11558 2
11559 2
11560 2
11561 2
11562 2
11563 2
11564 2
11565 2
11566 2
11567 2
11568 2
11569 2
11570 2
11571 2
11572 2
11573 2
11574 2
11575 2
11576 2
11577 2
11578 2
11579 2
11580 2
11581 2
11582 2
11583 2
11584 2
11585 2
11586 2
11587 2
11588 2
11589 2
11590 2
11591 2
11592 2
11593 2
11594 2
11595 2
11596 2
11597 2
11598 2
11599 2
11600 2
11601 2
11602 2
11603 2
11604 2
11605 2
11606 2
11607 2
11608 2
11609 2
11610 2
11611 2
11612 2
11613 2
11614 2
11615 2
11616 2
11617 2
11618 2
11619 2
11620 2
11621 2
11622 2
11623 2
11624 2
11625 2
11626 2
11627 2
11628 2
11629 2
11630 2
11631 2
11632 2
11633 2
11634 2
11635 2
11636 2
11637 2
11638 2
11639 2
11640 2
11641 2
11642 2
11643 2
11644 2
11645 2
11646 2
11647 2
11648 2
11649 2
11650 2
11651 2
11652 2
11653 2
11654 2
11655 2
11656 2
11657 2
11658 2
11659 2
11660 2
11661 2
11662 2
11663 2
11664 2
11665 2
11666 2
11667 2
11668 2
11669 2
11670 2
11671 2
11672 2
11673 2
11674 2
11675 2
11676 2
11677 2
11678 2
11679 2
11680 2
11681 2
11682 2
11683 2
11684 2
11685 2
11686 2
11687 2
11688 2
11689 2
11690 2
11691 2
11692 2
11693 2
11694 2
11695 2
11696 2
11697 2
11698 2
11699 2
11700 2
11701 2
11702 2
11703 2
11704 2
11705 2
11706 2
11707 2
11708 2
11709 2
11710 2
11711 2
11712 2
11713 2
11714 2
11715 2
11716 2
11717 2
11718 2
11719 2
11720 2
11721 2
11722 2
11723 2
11724 2
11725 2
11726 2
11727 2
11728 2
11729 2
11730 2
11731 2
11732 2
11733 2
11734 2
11735 2
11736 2
11737 2
11738 2
11739 2
11740 2
11741 2
11742 2
11743 2
11744 2
11745 2
11746 2
11747 2
11748 2
11749 2
11750 2
11751 2
11752 2
11753 2
11754 2
11755 2
11756 2
11757 2
11758 2
11759 2
11760 2
11761 2
11762 2
11763 2
11764 2
11765 2
11766 2
11767 2
11768 2
11769 2
11770 2
11771 2
11772 2
11773 2
11774 2
11775 2
11776 2
11777 2
11778 2
11779 2
11780 2
11781 2
11782 2
11783 2
11784 2
11785 2
11786 2
11787 2
11788 2
11789 2
11790 2
11791 2
11792 2
11793 2
11794 2
11795 2
11796 2
11797 2
11798 2
11799 2
11800 2
11801 2
11802 2
11803 2
11804 2
11805 2
11806 2
11807 2
11808 2
11809 2
11810 2
11811 2
11812 2
11813 2
11814 2
11815 2
11816 2
11817 2
11818 2
11819 2
11820 2
11821 2
11822 2
11823 2
11824 2
11825 2
11826 2
11827 2
11828 2
11829 2
11830 2
11831 2
11832 2
11833 2
11834 2
11835 2
11836 2
11837 2
11838 2
11839 2
11840 2
11841 2
11842 2
11843 2
11844 2
11845 2
11846 2
11847 2
11848 2
11849 2
11850 2
11851 2
11852 2
11853 2
11854 2
11855 2
11856 2
11857 2
11858 2
11859 2
11860 2
11861 2
11862 2
11863 2
11864 2
11865 2
11866 2
11867 2
11868 2
11869 2
11870 2
11871 2
11872 2
11873 2
11874 2
11875 2
11876 2
11877 2
11878 2
11879 2
11880 2
11881 2
11882 2
11883 2
11884 2
11885 2
11886 2
11887 2
11888 2
11889 2
11890 2
11891 2
11892 2
11893 2
11894 2
11895 2
11896 2
11897 2
11898 2
11899 2
11900 2
11901 2
11902 2
11903 2
11904 2
11905 2
11906 2
11907 2
11908 2
11909 2
11910 2
11911 2
11912 2
11913 2
11914 2
11915 2
11916 2
11917 2
11918 2
11919 2
11920 2
11921 2
11922 2
11923 2
11924 2
11925 2
11926 2
11927 2
11928 2
11929 2
11930 2
11931 2
11932 2
11933 2
11934 2
11935 2
11936 2
11937 2
11938 2
11939 2
11940 2
11941 2
11942 2
11943 2
11944 2
11945 2
11946 2
11947 2
11948 2
11949 2
11950 2
11951 2
11952 2
11953 2
11954 2
11955 2
11956 2
11957 2
11958 2
11959 2
11960 2
11961 2
11962 2
11963 2
11964 2
11965 2
11966 2
11967 2
11968 2
11969 2
11970 2
11971 2
11972 2
11973 2
11974 2
11975 2
11976 2
11977 2
11978 2
11979 2
11980 2
11981 2
11982 2
11983 2
11984 2
11985 2
11986 2
11987 2
11988 2
11989 2
11990 2
11991 2
11992 2
11993 2
11994 2
11995 2
11996 2
11997 2
11998 2
11999 2
12000 2
12001 2
12002 2
12003 2
12004 2
12005 2
12006 2
12007 2
12008 2
12009 2
12010 2
12011 2
12012 2
12013 2
12014 2
12015 2
12016 2
12017 2
12018 2
12019 2
12020 2
12021 2
12022 2
12023 2
12024 2
12025 2
12026 2
12027 2
12028 2
12029 2
12030 2
12031 2
12032 2
12033 2
12034 2
12035 2
12036 2
12037 2
12038 2
12039 2
12040 2
12041 2
12042 2
12043 2
12044 2
12045 2
12046 2
12047 2
12048 2
12049 2
12050 2
12051 2
12052 2
12053 2
12054 2
12055 2
12056 2
12057 2
12058 2
12059 2
12060 2
12061 2
12062 2
12063 2
12064 2
12065 2
12066 2
12067 2
12068 2
12069 2
12070 2
12071 2
12072 2
12073 2
12074 2
12075 2
12076 2
12077 2
12078 2
12079 2
12080 2
12081 2
12082 2
12083 2
12084 2
12085 2
12086 2
12087 2
12088 2
12089 2
12090 2
12091 2
12092 2
12093 2
12094 2
12095 2
12096 2
12097 2
12098 2
12099 2
12100 2
12101 2
12102 2
12103 2
12104 2
12105 2
12106 2
12107 2
12108 2
12109 2
12110 2
12111 2
12112 2
12113 2
12114 2
12115 2
12116 2
12117 2
12118 2
12119 2
12120 2
12121 2
12122 2
12123 2
12124 2
12125 2
12126 2
12127 2
12128 2
12129 2
12130 2
12131 2
12132 2
12133 2
12134 2
12135 2
12136 2
12137 2
12138 2
12139 2
12140 2
12141 2
12142 2
12143 2
12144 2
12145 2
12146 2
12147 2
12148 2
12149 2
12150 2
12151 2
12152 2
12153 2
12154 2
12155 2
12156 2
12157 2
12158 2
12159 2
12160 2
12161 2
12162 2
12163 2
12164 2
12165 2
12166 2
12167 2
12168 2
12169 2
12170 2
12171 2
12172 2
12173 2
12174 2
12175 2
12176 2
12177 2
12178 2
12179 2
12180 2
12181 2
12182 2
12183 2
12184 2
12185 2
12186 2
12187 2
12188 2
12189 2
12190 2
12191 2
12192 2
12193 2
12194 2
12195 2
12196 2
12197 2
12198 2
12199 2
12200 2
12201 2
12202 2
12203 2
12204 2
12205 2
12206 2
12207 2
12208 2
12209 2
12210 2
12211 2
12212 2
12213 2
12214 2
12215 2
12216 2
12217 2
12218 2
12219 2
12220 2
12221 2
12222 2
12223 2
12224 2
12225 2
12226 2
12227 2
12228 2
12229 2
12230 2
12231 2
12232 2
12233 2
12234 2
12235 2
12236 2
12237 2
12238 2
12239 2
12240 2
12241 2
12242 2
12243 2
12244 2
12245 2
12246 2
12247 2
12248 2
12249 2
12250 2
12251 2
12252 2
12253 2
12254 2
12255 2
12256 2
12257 2
12258 2
12259 2
12260 2
12261 2
12262 2
12263 2
12264 2
12265 2
12266 2
12267 2
12268 2
12269 2
12270 2
12271 2
12272 2
12273 2
12274 2
12275 2
12276 2
12277 2
12278 2
12279 2
12280 2
12281 2
12282 2
12283 2
12284 2
12285 2
12286 2
12287 2
12288 2
12289 2
12290 2
12291 2
12292 2
12293 2
12294 2
12295 2
12296 2
12297 2
12298 2
12299 2
12300 2
12301 2
12302 2
12303 2
12304 2
12305 2
12306 2
12307 2
12308 2
12309 2
12310 2
12311 2
12312 2
12313 2
12314 2
12315 2
12316 2
12317 2
12318 2
12319 2
12320 2
12321 2
12322 2
12323 2
12324 2
12325 2
12326 2
12327 2
12328 2
12329 2
12330 2
12331 2
12332 2
12333 2
12334 2
12335 2
12336 2
12337 2
12338 2
12339 2
12340 2
12341 2
12342 2
12343 2
12344 2
12345 2
12346 2
12347 2
12348 2
12349 2
12350 2
12351 2
12352 2
12353 2
12354 2
12355 2
12356 2
12357 2
12358 2
12359 2
12360 2
12361 2
12362 2
12363 2
12364 2
12365 2
12366 2
12367 2
12368 2
12369 2
12370 2
12371 2
12372 2
12373 2
12374 2
12375 2
12376 2
12377 2
12378 2
12379 2
12380 2
12381 2
12382 2
12383 2
12384 2
12385 2
12386 2
12387 2
12388 2
12389 2
12390 2
12391 2
12392 2
12393 2
12394 2
12395 2
12396 2
12397 2
12398 2
12399 2
12400 2
12401 2
12402 2
12403 2
12404 2
12405 2
12406 2
12407 2
12408 2
12409 2
12410 2
12411 2
12412 2
12413 2
12414 2
12415 2
12416 2
12417 2
12418 2
12419 2
12420 2
12421 2
12422 2
12423 2
12424 2
12425 2
12426 2
12427 2
12428 2
12429 2
12430 2
12431 2
12432 2
12433 2
12434 2
12435 2
12436 2
12437 2
12438 2
12439 2
12440 2
12441 2
12442 2
12443 2
12444 2
12445 2
12446 2
12447 2
12448 2
12449 2
12450 2
12451 2
12452 2
12453 2
12454 2
12455 2
12456 2
12457 2
12458 2
12459 2
12460 2
12461 2
12462 2
12463 2
12464 2
12465 2
12466 2
12467 2
12468 2
12469 2
12470 2
12471 2
12472 2
12473 2
12474 2
12475 2
12476 2
12477 2
12478 2
12479 2
12480 2
12481 2
12482 2
12483 2
12484 2
12485 2
12486 2
12487 2
12488 2
12489 2
12490 2
12491 2
12492 2
12493 2
12494 2
12495 2
12496 2
12497 2
12498 2
12499 2
12500 2
12501 2
12502 2
12503 2
12504 2
12505 2
12506 2
12507 2
12508 2
12509 2
12510 2
12511 2
12512 2
12513 2
12514 2
12515 2
12516 2
12517 2
12518 2
12519 2
12520 2
12521 2
12522 2
12523 2
12524 2
12525 2
12526 2
12527 2
12528 2
12529 2
12530 2
12531 2
12532 2
12533 2
12534 2
12535 2
12536 2
12537 2
12538 2
12539 2
12540 2
12541 2
12542 2
12543 2
12544 2
12545 2
12546 2
12547 2
12548 2
12549 2
12550 2
12551 2
12552 2
12553 2
12554 2
12555 2
12556 2
12557 2
12558 2
12559 2
12560 2
12561 2
12562 2
12563 2
12564 2
12565 2
12566 2
12567 2
12568 2
12569 2
12570 2
12571 2
12572 2
12573 2
12574 2
12575 2
12576 2
12577 2
12578 2
12579 2
12580 2
12581 2
12582 2
12583 2
12584 2
12585 2
12586 2
12587 2
12588 2
12589 2
12590 2
12591 2
12592 2
12593 2
12594 2
12595 2
12596 2
12597 2
12598 2
12599 2
12600 2
12601 2
12602 2
12603 2
12604 2
12605 2
12606 2
12607 2
12608 2
12609 2
12610 2
12611 2
12612 2
12613 2
12614 2
12615 2
12616 2
12617 2
12618 2
12619 2
12620 2
12621 2
12622 2
12623 2
12624 2
12625 2
12626 2
12627 2
12628 2
12629 2
12630 2
12631 2
12632 2
12633 2
12634 2
12635 2
12636 2
12637 2
12638 2
12639 2
12640 2
12641 2
12642 2
12643 2
12644 2
12645 2
12646 2
12647 2
12648 2
12649 2
12650 2
12651 2
12652 2
12653 2
12654 2
12655 2
12656 2
12657 2
12658 2
12659 2
12660 2
12661 2
12662 2
12663 2
12664 2
12665 2
12666 2
12667 2
12668 2
12669 2
12670 2
12671 2
12672 2
12673 2
12674 2
12675 2
12676 2
12677 2
12678 2
12679 2
12680 2
12681 2
12682 2
12683 2
12684 2
12685 2
12686 2
12687 2
12688 2
12689 2
12690 2
12691 2
12692 2
12693 2
12694 2
12695 2
12696 2
12697 2
12698 2
12699 2
12700 2
12701 2
12702 2
12703 2
12704 2
12705 2
12706 2
12707 2
12708 2
12709 2
12710 2
12711 2
12712 2
12713 2
12714 2
12715 2
12716 2
12717 2
12718 2
12719 2
12720 2
12721 2
12722 2
12723 2
12724 2
12725 2
12726 2
12727 2
12728 2
12729 2
12730 2
12731 2
12732 2
12733 2
12734 2
12735 2
12736 2
12737 2
12738 2
12739 2
12740 2
12741 2
12742 2
12743 2
12744 2
12745 2
12746 2
12747 2
12748 2
12749 2
12750 2
12751 2
12752 2
12753 2
12754 2
12755 2
12756 2
12757 2
12758 2
12759 2
12760 2
12761 2
12762 2
12763 2
12764 2
12765 2
12766 2
12767 2
12768 2
12769 2
12770 2
12771 2
12772 2
12773 2
12774 2
12775 2
12776 2
12777 2
12778 2
12779 2
12780 2
12781 2
12782 2
12783 2
12784 2
12785 2
12786 2
12787 2
12788 2
12789 2
12790 2
12791 2
12792 2
12793 2
12794 2
12795 2
12796 2
12797 2
12798 2
12799 2
12800 2
12801 2
12802 2
12803 2
12804 2
12805 2
12806 2
12807 2
12808 2
12809 2
12810 2
12811 2
12812 2
12813 2
12814 2
12815 2
12816 2
12817 2
12818 2
12819 2
12820 2
12821 2
12822 2
12823 2
12824 2
12825 2
12826 2
12827 2
12828 2
12829 2
12830 2
12831 2
12832 2
12833 2
12834 2
12835 2
12836 2
12837 2
12838 2
12839 2
12840 2
12841 2
12842 2
12843 2
12844 2
12845 2
12846 2
12847 2
12848 2
12849 2
12850 2
12851 2
12852 2
12853 2
12854 2
12855 2
12856 2
12857 2
12858 2
12859 2
12860 2
12861 2
12862 2
12863 2
12864 2
12865 2
12866 2
12867 2
12868 2
12869 2
12870 2
12871 2
12872 2
12873 2
12874 2
12875 2
12876 2
12877 2
12878 2
12879 2
12880 2
12881 2
12882 2
12883 2
12884 2
12885 2
12886 2
12887 2
12888 2
12889 2
12890 2
12891 2
12892 2
12893 2
12894 2
12895 2
12896 2
12897 2
12898 2
12899 2
12900 2
12901 2
12902 2
12903 2
12904 2
12905 2
12906 2
12907 2
12908 2
12909 2
12910 2
12911 2
12912 2
12913 2
12914 2
12915 2
12916 2
12917 2
12918 2
12919 2
12920 2
12921 2
12922 2
12923 2
12924 2
12925 2
12926 2
12927 2
12928 2
12929 2
12930 2
12931 2
12932 2
12933 2
12934 2
12935 2
12936 2
12937 2
12938 2
12939 2
12940 2
12941 2
12942 2
12943 2
12944 2
12945 2
12946 2
12947 2
12948 2
12949 2
12950 2
12951 2
12952 2
12953 2
12954 2
12955 2
12956 2
12957 2
12958 2
12959 2
12960 2
12961 2
12962 2
12963 2
12964 2
12965 2
12966 2
12967 2
12968 2
12969 2
12970 2
12971 2
12972 2
12973 2
12974 2
12975 2
12976 2
12977 2
12978 2
12979 2
12980 2
12981 2
12982 2
12983 2
12984 2
12985 2
12986 2
12987 2
12988 2
12989 2
12990 2
12991 2
12992 2
12993 2
12994 2
12995 2
12996 2
12997 2
12998 2
12999 2
13000 2
13001 2
13002 2
13003 2
13004 2
13005 2
13006 2
13007 2
13008 2
13009 2
13010 2
13011 2
13012 2
13013 2
13014 2
13015 2
13016 2
13017 2
13018 2
13019 2
13020 2
13021 2
13022 2
13023 2
13024 2
13025 2
13026 2
13027 2
13028 2
13029 2
13030 2
13031 2
13032 2
13033 2
13034 2
13035 2
13036 2
13037 2
13038 2
13039 2
13040 2
13041 2
13042 2
13043 2
13044 2
13045 2
13046 2
13047 2
13048 2
13049 2
13050 2
13051 2
13052 2
13053 2
13054 2
13055 2
13056 2
13057 2
13058 2
13059 2
13060 2
13061 2
13062 2
13063 2
13064 2
13065 2
13066 2
13067 2
13068 2
13069 2
13070 2
13071 2
13072 2
13073 2
13074 2
13075 2
13076 2
13077 2
13078 2
13079 2
13080 2
13081 2
13082 2
13083 2
13084 2
13085 2
13086 2
13087 2
13088 2
13089 2
13090 2
13091 2
13092 2
13093 2
13094 2
13095 2
13096 2
13097 2
13098 2
13099 2
13100 2
13101 2
13102 2
13103 2
13104 2
13105 2
13106 2
13107 2
13108 2
13109 2
13110 2
13111 2
13112 2
13113 2
13114 2
13115 2
13116 2
13117 2
13118 2
13119 2
13120 2
13121 2
13122 2
13123 2
13124 2
13125 2
13126 2
13127 2
13128 2
13129 2
13130 2
13131 2
13132 2
13133 2
13134 2
13135 2
13136 2
13137 2
13138 2
13139 2
13140 2
13141 2
13142 2
13143 2
13144 2
13145 2
13146 2
13147 2
13148 2
13149 2
13150 2
13151 2
13152 2
13153 2
13154 2
13155 2
13156 2
13157 2
13158 2
13159 2
13160 2
13161 2
13162 2
13163 2
13164 2
13165 2
13166 2
13167 2
13168 2
13169 2
13170 2
13171 2
13172 2
13173 2
13174 2
13175 2
13176 2
13177 2
13178 2
13179 2
13180 2
13181 2
13182 2
13183 2
13184 2
13185 2
13186 2
13187 2
13188 2
13189 2
13190 2
13191 2
13192 2
13193 2
13194 2
13195 2
13196 2
13197 2
13198 2
13199 2
13200 2
13201 2
13202 2
13203 2
13204 2
13205 2
13206 2
13207 2
13208 2
13209 2
13210 2
13211 2
13212 2
13213 2
13214 2
13215 2
13216 2
13217 2
13218 2
13219 2
13220 2
13221 2
13222 2
13223 2
13224 2
13225 2
13226 2
13227 2
13228 2
13229 2
13230 2
13231 2
13232 2
13233 2
13234 2
13235 2
13236 2
13237 2
13238 2
13239 2
13240 2
13241 2
13242 2
13243 2
13244 2
13245 2
13246 2
13247 2
13248 2
13249 2
13250 2
13251 2
13252 2
13253 2
13254 2
13255 2
13256 2
13257 2
13258 2
13259 2
13260 2
13261 2
13262 2
13263 2
13264 2
13265 2
13266 2
13267 2
13268 2
13269 2
13270 2
13271 2
13272 2
13273 2
13274 2
13275 2
13276 2
13277 2
13278 2
13279 2
13280 2
13281 2
13282 2
13283 2
13284 2
13285 2
13286 2
13287 2
13288 2
13289 2
13290 2
13291 2
13292 2
13293 2
13294 2
13295 2
13296 2
13297 2
13298 2
13299 2
13300 2
13301 2
13302 2
13303 2
13304 2
13305 2
13306 2
13307 2
13308 2
13309 2
13310 2
13311 2
13312 2
13313 2
13314 2
13315 2
13316 2
13317 2
13318 2
13319 2
13320 2
13321 2
13322 2
13323 2
13324 2
13325 2
13326 2
13327 2
13328 2
13329 2
13330 2
13331 2
13332 2
13333 2
13334 2
13335 2
13336 2
13337 2
13338 2
13339 2
13340 2
13341 2
13342 2
13343 2
13344 2
13345 2
13346 2
13347 2
13348 2
13349 2
13350 2
13351 2
13352 2
13353 2
13354 2
13355 2
13356 2
13357 2
13358 2
13359 2
13360 2
13361 2
13362 2
13363 2
13364 2
13365 2
13366 2
13367 2
13368 2
13369 2
13370 2
13371 2
13372 2
13373 2
13374 2
13375 2
13376 2
13377 2
13378 2
13379 2
13380 2
13381 2
13382 2
13383 2
13384 2
13385 2
13386 2
13387 2
13388 2
13389 2
13390 2
13391 2
13392 2
13393 2
13394 2
13395 2
13396 2
13397 2
13398 2
13399 2
13400 2
13401 2
13402 2
13403 2
13404 2
13405 2
13406 2
13407 2
13408 2
13409 2
13410 2
13411 2
13412 2
13413 2
13414 2
13415 2
13416 2
13417 2
13418 2
13419 2
13420 2
13421 2
13422 2
13423 2
13424 2
13425 2
13426 2
13427 2
13428 2
13429 2
13430 2
13431 2
13432 2
13433 2
13434 2
13435 2
13436 2
13437 2
13438 2
13439 2
13440 2
13441 2
13442 2
13443 2
13444 2
13445 2
13446 2
13447 2
13448 2
13449 2
13450 2
13451 2
13452 2
13453 2
13454 2
13455 2
13456 2
13457 2
13458 2
13459 2
13460 2
13461 2
13462 2
13463 2
13464 2
13465 2
13466 2
13467 2
13468 2
13469 2
13470 2
13471 2
13472 2
13473 2
13474 2
13475 2
13476 2
13477 2
13478 2
13479 2
13480 2
13481 2
13482 2
13483 2
13484 2
13485 2
13486 2
13487 2
13488 2
13489 2
13490 2
13491 2
13492 2
13493 2
13494 2
13495 2
13496 2
13497 2
13498 2
13499 2
13500 2
13501 2
13502 2
13503 2
13504 2
13505 2
13506 2
13507 2
13508 2
13509 2
13510 2
13511 2
13512 2
13513 2
13514 2
13515 2
13516 2
13517 2
13518 2
13519 2
13520 2
13521 2
13522 2
13523 2
13524 2
13525 2
13526 2
13527 2
13528 2
13529 2
13530 2
13531 2
13532 2
13533 2
13534 2
13535 2
13536 2
13537 2
13538 2
13539 2
13540 2
13541 2
13542 2
13543 2
13544 2
13545 2
13546 2
13547 2
13548 2
13549 2
13550 2
13551 2
13552 2
13553 2
13554 2
13555 2
13556 2
13557 2
13558 2
13559 2
13560 2
13561 2
13562 2
13563 2
13564 2
13565 2
13566 2
13567 2
13568 2
13569 2
13570 2
13571 2
13572 2
13573 2
13574 2
13575 2
13576 2
13577 2
13578 2
13579 2
13580 2
13581 2
13582 2
13583 2
13584 2
13585 2
13586 2
13587 2
13588 2
13589 2
13590 2
13591 2
13592 2
13593 2
13594 2
13595 2
13596 2
13597 2
13598 2
13599 2
13600 2
13601 2
13602 2
13603 2
13604 2
13605 2
13606 2
13607 2
13608 2
13609 2
13610 2
13611 2
13612 2
13613 2
13614 2
13615 2
13616 2
13617 2
13618 2
13619 2
13620 2
13621 2
13622 2
13623 2
13624 2
13625 2
13626 2
13627 2
13628 2
13629 2
13630 2
13631 2
13632 2
13633 2
13634 2
13635 2
13636 2
13637 2
13638 2
13639 2
13640 2
13641 2
13642 2
13643 2
13644 2
13645 2
13646 2
13647 2
13648 2
13649 2
13650 2
13651 2
13652 2
13653 2
13654 2
13655 2
13656 2
13657 2
13658 2
13659 2
13660 2
13661 2
13662 2
13663 2
13664 2
13665 2
13666 2
13667 2
13668 2
13669 2
13670 2
13671 2
13672 2
13673 2
13674 2
13675 2
13676 2
13677 2
13678 2
13679 2
13680 2
13681 2
13682 2
13683 2
13684 2
13685 2
13686 2
13687 2
13688 2
13689 2
13690 2
13691 2
13692 2
13693 2
13694 2
13695 2
13696 2
13697 2
13698 2
13699 2
13700 2
13701 2
13702 2
13703 2
13704 2
13705 2
13706 2
13707 2
13708 2
13709 2
13710 2
13711 2
13712 2
13713 2
13714 2
13715 2
13716 2
13717 2
13718 2
13719 2
13720 2
13721 2
13722 2
13723 2
13724 2
13725 2
13726 2
13727 2
13728 2
13729 2
13730 2
13731 2
13732 2
13733 2
13734 2
13735 2
13736 2
13737 2
13738 2
13739 2
13740 2
13741 2
13742 2
13743 2
13744 2
13745 2
13746 2
13747 2
13748 2
13749 2
13750 2
13751 2
13752 2
13753 2
13754 2
13755 2
13756 2
13757 2
13758 2
13759 2
13760 2
13761 2
13762 2
13763 2
13764 2
13765 2
13766 2
13767 2
13768 2
13769 2
13770 2
13771 2
13772 2
13773 2
13774 2
13775 2
13776 2
13777 2
13778 2
13779 2
13780 2
13781 2
13782 2
13783 2
13784 2
13785 2
13786 2
13787 2
13788 2
13789 2
13790 2
13791 2
13792 2
13793 2
13794 2
13795 2
13796 2
13797 2
13798 2
13799 2
13800 2
13801 2
13802 2
13803 2
13804 2
13805 2
13806 2
13807 2
13808 2
13809 2
13810 2
13811 2
13812 2
13813 2
13814 2
13815 2
13816 2
13817 2
13818 2
13819 2
13820 2
13821 2
13822 2
13823 2
13824 2
13825 2
13826 2
13827 2
13828 2
13829 2
13830 2
13831 2
13832 2
13833 2
13834 2
13835 2
13836 2
13837 2
13838 2
13839 2
13840 2
13841 2
13842 2
13843 2
13844 2
13845 2
13846 2
13847 2
13848 2
13849 2
13850 2
13851 2
13852 2
13853 2
13854 2
13855 2
13856 2
13857 2
13858 2
13859 2
13860 2
13861 2
13862 2
13863 2
13864 2
13865 2
13866 2
13867 2
13868 2
13869 2
13870 2
13871 2
13872 2
13873 2
13874 2
13875 2
13876 2
13877 2
13878 2
13879 2
13880 2
13881 2
13882 2
13883 2
13884 2
13885 2
13886 2
13887 2
13888 2
13889 2
13890 2
13891 2
13892 2
13893 2
13894 2
13895 2
13896 2
13897 2
13898 2
13899 2
13900 2
13901 2
13902 2
13903 2
13904 2
13905 2
13906 2
13907 2
13908 2
13909 2
13910 2
13911 2
13912 2
13913 2
13914 2
13915 2
13916 2
13917 2
13918 2
13919 2
13920 2
13921 2
13922 2
13923 2
13924 2
13925 2
13926 2
13927 2
13928 2
13929 2
13930 2
13931 2
13932 2
13933 2
13934 2
13935 2
13936 2
13937 2
13938 2
13939 2
13940 2
13941 2
13942 2
13943 2
13944 2
13945 2
13946 2
13947 2
13948 2
13949 2
13950 2
13951 2
13952 2
13953 2
13954 2
13955 2
13956 2
13957 2
13958 2
13959 2
13960 2
13961 2
13962 2
13963 2
13964 2
13965 2
13966 2
13967 2
13968 2
13969 2
13970 2
13971 2
13972 2
13973 2
13974 2
13975 2
13976 2
13977 2
13978 2
13979 2
13980 2
13981 2
13982 2
13983 2
13984 2
13985 2
13986 2
13987 2
13988 2
13989 2
13990 2
13991 2
13992 2
13993 2
13994 2
13995 2
13996 2
13997 2
13998 2
13999 2
14000 2
14001 2
14002 2
14003 2
14004 2
14005 2
14006 2
14007 2
14008 2
14009 2
14010 2
14011 2
14012 2
14013 2
14014 2
14015 2
14016 2
14017 2
14018 2
14019 2
14020 2
14021 2
14022 2
14023 2
14024 2
14025 2
14026 2
14027 2
14028 2
14029 2
14030 2
14031 2
14032 2
14033 2
14034 2
14035 2
14036 2
14037 2
14038 2
14039 2
14040 2
14041 2
14042 2
14043 2
14044 2
14045 2
14046 2
14047 2
14048 2
14049 2
14050 2
14051 2
14052 2
14053 2
14054 2
14055 2
14056 2
14057 2
14058 2
14059 2
14060 2
14061 2
14062 2
14063 2
14064 2
14065 2
14066 2
14067 2
14068 2
14069 2
14070 2
14071 2
14072 2
14073 2
14074 2
14075 2
14076 2
14077 2
14078 2
14079 2
14080 2
14081 2
14082 2
14083 2
14084 2
14085 2
14086 2
14087 2
14088 2
14089 2
14090 2
14091 2
14092 2
14093 2
14094 2
14095 2
14096 2
14097 2
14098 2
14099 2
14100 2
14101 2
14102 2
14103 2
14104 2
14105 2
14106 2
14107 2
14108 2
14109 2
14110 2
14111 2
14112 2
14113 2
14114 2
14115 2
14116 2
14117 2
14118 2
14119 2
14120 2
14121 2
14122 2
14123 2
14124 2
14125 2
14126 2
14127 2
14128 2
14129 2
14130 2
14131 2
14132 2
14133 2
14134 2
14135 2
14136 2
14137 2
14138 2
14139 2
14140 2
14141 2
14142 2
14143 2
14144 2
14145 2
14146 2
14147 2
14148 2
14149 2
14150 2
14151 2
14152 2
14153 2
14154 2
14155 2
14156 2
14157 2
14158 2
14159 2
14160 2
14161 2
14162 2
14163 2
14164 2
14165 2
14166 2
14167 2
14168 2
14169 2
14170 2
14171 2
14172 2
14173 2
14174 2
14175 2
14176 2
14177 2
14178 2
14179 2
14180 2
14181 2
14182 2
14183 2
14184 2
14185 2
14186 2
14187 2
14188 2
14189 2
14190 2
14191 2
14192 2
14193 2
14194 2
14195 2
14196 2
14197 2
14198 2
14199 2
14200 2
14201 2
14202 2
14203 2
14204 2
14205 2
14206 2
14207 2
14208 2
14209 2
14210 2
14211 2
14212 2
14213 2
14214 2
14215 2
14216 2
14217 2
14218 2
14219 2
14220 2
14221 2
14222 2
14223 2
14224 2
14225 2
14226 2
14227 2
14228 2
14229 2
14230 2
14231 2
14232 2
14233 2
14234 2
14235 2
14236 2
14237 2
14238 2
14239 2
14240 2
14241 2
14242 2
14243 2
14244 2
14245 2
14246 2
14247 2
14248 2
14249 2
14250 2
14251 2
14252 2
14253 2
14254 2
14255 2
14256 2
14257 2
14258 2
14259 2
14260 2
14261 2
14262 2
14263 2
14264 2
14265 2
14266 2
14267 2
14268 2
14269 2
14270 2
14271 2
14272 2
14273 2
14274 2
14275 2
14276 2
14277 2
14278 2
14279 2
14280 2
14281 2
14282 2
14283 2
14284 2
14285 2
14286 2
14287 2
14288 2
14289 2
14290 2
14291 2
14292 2
14293 2
14294 2
14295 2
14296 2
14297 2
14298 2
14299 2
14300 2
14301 2
14302 2
14303 2
14304 2
14305 2
14306 2
14307 2
14308 2
14309 2
14310 2
14311 2
14312 2
14313 2
14314 2
14315 2
14316 2
14317 2
14318 2
14319 2
14320 2
14321 2
14322 2
14323 2
14324 2
14325 2
14326 2
14327 2
14328 2
14329 2
14330 2
14331 2
14332 2
14333 2
14334 2
14335 2
14336 2
14337 2
14338 2
14339 2
14340 2
14341 2
14342 2
14343 2
14344 2
14345 2
14346 2
14347 2
14348 2
14349 2
14350 2
14351 2
14352 2
14353 2
14354 2
14355 2
14356 2
14357 2
14358 2
14359 2
14360 2
14361 2
14362 2
14363 2
14364 2
14365 2
14366 2
14367 2
14368 2
14369 2
14370 2
14371 2
14372 2
14373 2
14374 2
14375 2
14376 2
14377 2
14378 2
14379 2
14380 2
14381 2
14382 2
14383 2
14384 2
14385 2
14386 2
14387 2
14388 2
14389 2
14390 2
14391 2
14392 2
14393 2
14394 2
14395 2
14396 2
14397 2
14398 2
14399 2
14400 2
14401 2
14402 2
14403 2
14404 2
14405 2
14406 2
14407 2
14408 2
14409 2
14410 2
14411 2
14412 2
14413 2
14414 2
14415 2
14416 2
14417 2
14418 2
14419 2
14420 2
14421 2
14422 2
14423 2
14424 2
14425 2
14426 2
14427 2
14428 2
14429 2
14430 2
14431 2
14432 2
14433 2
14434 2
14435 2
14436 2
14437 2
14438 2
14439 2
14440 2
14441 2
14442 2
14443 2
14444 2
14445 2
14446 2
14447 2
14448 2
14449 2
14450 2
14451 2
14452 2
14453 2
14454 2
14455 2
14456 2
14457 2
14458 2
14459 2
14460 2
14461 2
14462 2
14463 2
14464 2
14465 2
14466 2
14467 2
14468 2
14469 2
14470 2
14471 2
14472 2
14473 2
14474 2
14475 2
14476 2
14477 2
14478 2
14479 2
14480 2
14481 2
14482 2
14483 2
14484 2
14485 2
14486 2
14487 2
14488 2
14489 2
14490 2
14491 2
14492 2
14493 2
14494 2
14495 2
14496 2
14497 2
14498 2
14499 2
14500 2
14501 2
14502 2
14503 2
14504 2
14505 2
14506 2
14507 2
14508 2
14509 2
14510 2
14511 2
14512 2
14513 2
14514 2
14515 2
14516 2
14517 2
14518 2
14519 2
14520 2
14521 2
14522 2
14523 2
14524 2
14525 2
14526 2
14527 2
14528 2
14529 2
14530 2
14531 2
14532 2
14533 2
14534 2
14535 2
14536 2
14537 2
14538 2
14539 2
14540 2
14541 2
14542 2
14543 2
14544 2
14545 2
14546 2
14547 2
14548 2
14549 2
14550 2
14551 2
14552 2
14553 2
14554 2
14555 2
14556 2
14557 2
14558 2
14559 2
14560 2
14561 2
14562 2
14563 2
14564 2
14565 2
14566 2
14567 2
14568 2
14569 2
14570 2
14571 2
14572 2
14573 2
14574 2
14575 2
14576 2
14577 2
14578 2
14579 2
14580 2
14581 2
14582 2
14583 2
14584 2
14585 2
14586 2
14587 2
14588 2
14589 2
14590 2
14591 2
14592 2
14593 2
14594 2
14595 2
14596 2
14597 2
14598 2
14599 2
14600 2
14601 2
14602 2
14603 2
14604 2
14605 2
14606 2
14607 2
14608 2
14609 2
14610 2
14611 2
14612 2
14613 2
14614 2
14615 2
14616 2
14617 2
14618 2
14619 2
14620 2
14621 2
14622 2
14623 2
14624 2
14625 2
14626 2
14627 2
14628 2
14629 2
14630 2
14631 2
14632 2
14633 2
14634 2
14635 2
14636 2
14637 2
14638 2
14639 2
14640 2
14641 2
14642 2
14643 2
14644 2
14645 2
14646 2
14647 2
14648 2
14649 2
14650 2
14651 2
14652 2
14653 2
14654 2
14655 2
14656 2
14657 2
14658 2
14659 2
14660 2
14661 2
14662 2
14663 2
14664 2
14665 2
14666 2
14667 2
14668 2
14669 2
14670 2
14671 2
14672 2
14673 2
14674 2
14675 2
14676 2
14677 2
14678 2
14679 2
14680 2
14681 2
14682 2
14683 2
14684 2
14685 2
14686 2
14687 2
14688 2
14689 2
14690 2
14691 2
14692 2
14693 2
14694 2
14695 2
14696 2
14697 2
14698 2
14699 2
14700 2
14701 2
14702 2
14703 2
14704 2
14705 2
14706 2
14707 2
14708 2
14709 2
14710 2
14711 2
14712 2
14713 2
14714 2
14715 2
14716 2
14717 2
14718 2
14719 2
14720 2
14721 2
14722 2
14723 2
14724 2
14725 2
14726 2
14727 2
14728 2
14729 2
14730 2
14731 2
14732 2
14733 2
14734 2
14735 2
14736 2
14737 2
14738 2
14739 2
14740 2
14741 2
14742 2
14743 2
14744 2
14745 2
14746 2
14747 2
14748 2
14749 2
14750 2
14751 2
14752 2
14753 2
14754 2
14755 2
14756 2
14757 2
14758 2
14759 2
14760 2
14761 2
14762 2
14763 2
14764 2
14765 2
14766 2
14767 2
14768 2
14769 2
14770 2
14771 2
14772 2
14773 2
14774 2
14775 2
14776 2
14777 2
14778 2
14779 2
14780 2
14781 2
14782 2
14783 2
14784 2
14785 2
14786 2
14787 2
14788 2
14789 2
14790 2
14791 2
14792 2
14793 2
14794 2
14795 2
14796 2
14797 2
14798 2
14799 2
14800 2
14801 2
14802 2
14803 2
14804 2
14805 2
14806 2
14807 2
14808 2
14809 2
14810 2
14811 2
14812 2
14813 2
14814 2
14815 2
14816 2
14817 2
14818 2
14819 2
14820 2
14821 2
14822 2
14823 2
14824 2
14825 2
14826 2
14827 2
14828 2
14829 2
14830 2
14831 2
14832 2
14833 2
14834 2
14835 2
14836 2
14837 2
14838 2
14839 2
14840 2
14841 2
14842 2
14843 2
14844 2
14845 2
14846 2
14847 2
14848 2
14849 2
14850 2
14851 2
14852 2
14853 2
14854 2
14855 2
14856 2
14857 2
14858 2
14859 2
14860 2
14861 2
14862 2
14863 2
14864 2
14865 2
14866 2
14867 2
14868 2
14869 2
14870 2
14871 2
14872 2
14873 2
14874 2
14875 2
14876 2
14877 2
14878 2
14879 2
14880 2
14881 2
14882 2
14883 2
14884 2
14885 2
14886 2
14887 2
14888 2
14889 2
14890 2
14891 2
14892 2
14893 2
14894 2
14895 2
14896 2
14897 2
14898 2
14899 2
14900 2
14901 2
14902 2
14903 2
14904 2
14905 2
14906 2
14907 2
14908 2
14909 2
14910 2
14911 2
14912 2
14913 2
14914 2
14915 2
14916 2
14917 2
14918 2
14919 2
14920 2
14921 2
14922 2
14923 2
14924 2
14925 2
14926 2
14927 2
14928 2
14929 2
14930 2
14931 2
14932 2
14933 2
14934 2
14935 2
14936 2
14937 2
14938 2
14939 2
14940 2
14941 2
14942 2
14943 2
14944 2
14945 2
14946 2
14947 2
14948 2
14949 2
14950 2
14951 2
14952 2
14953 2
14954 2
14955 2
14956 2
14957 2
14958 2
14959 2
14960 2
14961 2
14962 2
14963 2
14964 2
14965 2
14966 2
14967 2
14968 2
14969 2
14970 2
14971 2
14972 2
14973 2
14974 2
14975 2
14976 2
14977 2
14978 2
14979 2
14980 2
14981 2
14982 2
14983 2
14984 2
14985 2
14986 2
14987 2
14988 2
14989 2
14990 2
14991 2
14992 2
14993 2
14994 2
14995 2
14996 2
14997 2
14998 2
14999 2
15000 2
15001 2
15002 2
15003 2
15004 2
15005 2
15006 2
15007 2
15008 2
15009 2
15010 2
15011 2
15012 2
15013 2
15014 2
15015 2
15016 2
15017 2
15018 2
15019 2
15020 2
15021 2
15022 2
15023 2
15024 2
15025 2
15026 2
15027 2
15028 2
15029 2
15030 2
15031 2
15032 2
15033 2
15034 2
15035 2
15036 2
15037 2
15038 2
15039 2
15040 2
15041 2
15042 2
15043 2
15044 2
15045 2
15046 2
15047 2
15048 2
15049 2
15050 2
15051 2
15052 2
15053 2
15054 2
15055 2
15056 2
15057 2
15058 2
15059 2
15060 2
15061 2
15062 2
15063 2
15064 2
15065 2
15066 2
15067 2
15068 2
15069 2
15070 2
15071 2
15072 2
15073 2
15074 2
15075 2
15076 2
15077 2
15078 2
15079 2
15080 2
15081 2
15082 2
15083 2
15084 2
15085 2
15086 2
15087 2
15088 2
15089 2
15090 2
15091 2
15092 2
15093 2
15094 2
15095 2
15096 2
15097 2
15098 2
15099 2
15100 2
15101 2
15102 2
15103 2
15104 2
15105 2
15106 2
15107 2
15108 2
15109 2
15110 2
15111 2
15112 2
15113 2
15114 2
15115 2
15116 2
15117 2
15118 2
15119 2
15120 2
15121 2
15122 2
15123 2
15124 2
15125 2
15126 2
15127 2
15128 2
15129 2
15130 2
15131 2
15132 2
15133 2
15134 2
15135 2
15136 2
15137 2
15138 2
15139 2
15140 2
15141 2
15142 2
15143 2
15144 2
15145 2
15146 2
15147 2
15148 2
15149 2
15150 2
15151 2
15152 2
15153 2
15154 2
15155 2
15156 2
15157 2
15158 2
15159 2
15160 2
15161 2
15162 2
15163 2
15164 2
15165 2
15166 2
15167 2
15168 2
15169 2
15170 2
15171 2
15172 2
15173 2
15174 2
15175 2
15176 2
15177 2
15178 2
15179 2
15180 2
15181 2
15182 2
15183 2
15184 2
15185 2
15186 2
15187 2
15188 2
15189 2
15190 2
15191 2
15192 2
15193 2
15194 2
15195 2
15196 2
15197 2
15198 2
15199 2
15200 2
15201 2
15202 2
15203 2
15204 2
15205 2
15206 2
15207 2
15208 2
15209 2
15210 2
15211 2
15212 2
15213 2
15214 2
15215 2
15216 2
15217 2
15218 2
15219 2
15220 2
15221 2
15222 2
15223 2
15224 2
15225 2
15226 2
15227 2
15228 2
15229 2
15230 2
15231 2
15232 2
15233 2
15234 2
15235 2
15236 2
15237 2
15238 2
15239 2
15240 2
15241 2
15242 2
15243 2
15244 2
15245 2
15246 2
15247 2
15248 2
15249 2
15250 2
15251 2
15252 2
15253 2
15254 2
15255 2
15256 2
15257 2
15258 2
15259 2
15260 2
15261 2
15262 2
15263 2
15264 2
15265 2
15266 2
15267 2
15268 2
15269 2
15270 2
15271 2
15272 2
15273 2
15274 2
15275 2
15276 2
15277 2
15278 2
15279 2
15280 2
15281 2
15282 2
15283 2
15284 2
15285 2
15286 2
15287 2
15288 2
15289 2
15290 2
15291 2
15292 2
15293 2
15294 2
15295 2
15296 2
15297 2
15298 2
15299 2
15300 2
15301 2
15302 2
15303 2
15304 2
15305 2
15306 2
15307 2
15308 2
15309 2
15310 2
15311 2
15312 2
15313 2
15314 2
15315 2
15316 2
15317 2
15318 2
15319 2
15320 2
15321 2
15322 2
15323 2
15324 2
15325 2
15326 2
15327 2
15328 2
15329 2
15330 2
15331 2
15332 2
15333 2
15334 2
15335 2
15336 2
15337 2
15338 2
15339 2
15340 2
15341 2
15342 2
15343 2
15344 2
15345 2
15346 2
15347 2
15348 2
15349 2
15350 2
15351 2
15352 2
15353 2
15354 2
15355 2
15356 2
15357 2
15358 2
15359 2
15360 2
15361 2
15362 2
15363 2
15364 2
15365 2
15366 2
15367 2
15368 2
15369 2
15370 2
15371 2
15372 2
15373 2
15374 2
15375 2
15376 2
15377 2
15378 2
15379 2
15380 2
15381 2
15382 2
15383 2
15384 2
15385 2
15386 2
15387 2
15388 2
15389 2
15390 2
15391 2
15392 2
15393 2
15394 2
15395 2
15396 2
15397 2
15398 2
15399 2
15400 2
15401 2
15402 2
15403 2
15404 2
15405 2
15406 2
15407 2
15408 2
15409 2
15410 2
15411 2
15412 2
15413 2
15414 2
15415 2
15416 2
15417 2
15418 2
15419 2
15420 2
15421 2
15422 2
15423 2
15424 2
15425 2
15426 2
15427 2
15428 2
15429 2
15430 2
15431 2
15432 2
15433 2
15434 2
15435 2
15436 2
15437 2
15438 2
15439 2
15440 2
15441 2
15442 2
15443 2
15444 2
15445 2
15446 2
15447 2
15448 2
15449 2
15450 2
15451 2
15452 2
15453 2
15454 2
15455 2
15456 2
15457 2
15458 2
15459 2
15460 2
15461 2
15462 2
15463 2
15464 2
15465 2
15466 2
15467 2
15468 2
15469 2
15470 2
15471 2
15472 2
15473 2
15474 2
15475 2
15476 2
15477 2
15478 2
15479 2
15480 2
15481 2
15482 2
15483 2
15484 2
15485 2
15486 2
15487 2
15488 2
15489 2
15490 2
15491 2
15492 2
15493 2
15494 2
15495 2
15496 2
15497 2
15498 2
15499 2
15500 2
15501 2
15502 2
15503 2
15504 2
15505 2
15506 2
15507 2
15508 2
15509 2
15510 2
15511 2
15512 2
15513 2
15514 2
15515 2
15516 2
15517 2
15518 2
15519 2
15520 2
15521 2
15522 2
15523 2
15524 2
15525 2
15526 2
15527 2
15528 2
15529 2
15530 2
15531 2
15532 2
15533 2
15534 2
15535 2
15536 2
15537 2
15538 2
15539 2
15540 2
15541 2
15542 2
15543 2
15544 2
15545 2
15546 2
15547 2
15548 2
15549 2
15550 2
15551 2
15552 2
15553 2
15554 2
15555 2
15556 2
15557 2
15558 2
15559 2
15560 2
15561 2
15562 2
15563 2
15564 2
15565 2
15566 2
15567 2
15568 2
15569 2
15570 2
15571 2
15572 2
15573 2
15574 2
15575 2
15576 2
15577 2
15578 2
15579 2
15580 2
15581 2
15582 2
15583 2
15584 2
15585 2
15586 2
15587 2
15588 2
15589 2
15590 2
15591 2
15592 2
15593 2
15594 2
15595 2
15596 2
15597 2
15598 2
15599 2
15600 2
15601 2
15602 2
15603 2
15604 2
15605 2
15606 2
15607 2
15608 2
15609 2
15610 2
15611 2
15612 2
15613 2
15614 2
15615 2
15616 2
15617 2
15618 2
15619 2
15620 2
15621 2
15622 2
15623 2
15624 2
15625 2
15626 2
15627 2
15628 2
15629 2
15630 2
15631 2
15632 2
15633 2
15634 2
15635 2
15636 2
15637 2
15638 2
15639 2
15640 2
15641 2
15642 2
15643 2
15644 2
15645 2
15646 2
15647 2
15648 2
15649 2
15650 2
15651 2
15652 2
15653 2
15654 2
15655 2
15656 2
15657 2
15658 2
15659 2
15660 2
15661 2
15662 2
15663 2
15664 2
15665 2
15666 2
15667 2
15668 2
15669 2
15670 2
15671 2
15672 2
15673 2
15674 2
15675 2
15676 2
15677 2
15678 2
15679 2
15680 2
15681 2
15682 2
15683 2
15684 2
15685 2
15686 2
15687 2
15688 2
15689 2
15690 2
15691 2
15692 2
15693 2
15694 2
15695 2
15696 2
15697 2
15698 2
15699 2
15700 2
15701 2
15702 2
15703 2
15704 2
15705 2
15706 2
15707 2
15708 2
15709 2
15710 2
15711 2
15712 2
15713 2
15714 2
15715 2
15716 2
15717 2
15718 2
15719 2
15720 2
15721 2
15722 2
15723 2
15724 2
15725 2
15726 2
15727 2
15728 2
15729 2
15730 2
15731 2
15732 2
15733 2
15734 2
15735 2
15736 2
15737 2
15738 2
15739 2
15740 2
15741 2
15742 2
15743 2
15744 2
15745 2
15746 2
15747 2
15748 2
15749 2
15750 2
15751 2
15752 2
15753 2
15754 2
15755 2
15756 2
15757 2
15758 2
15759 2
15760 2
15761 2
15762 2
15763 2
15764 2
15765 2
15766 2
15767 2
15768 2
15769 2
15770 2
15771 2
15772 2
15773 2
15774 2
15775 2
15776 2
15777 2
15778 2
15779 2
15780 2
15781 2
15782 2
15783 2
15784 2
15785 2
15786 2
15787 2
15788 2
15789 2
15790 2
15791 2
15792 2
15793 2
15794 2
15795 2
15796 2
15797 2
15798 2
15799 2
15800 2
15801 2
15802 2
15803 2
15804 2
15805 2
15806 2
15807 2
15808 2
15809 2
15810 2
15811 2
15812 2
15813 2
15814 2
15815 2
15816 2
15817 2
15818 2
15819 2
15820 2
15821 2
15822 2
15823 2
15824 2
15825 2
15826 2
15827 2
15828 2
15829 2
15830 2
15831 2
15832 2
15833 2
15834 2
15835 2
15836 2
15837 2
15838 2
15839 2
15840 2
15841 2
15842 2
15843 2
15844 2
15845 2
15846 2
15847 2
15848 2
15849 2
15850 2
15851 2
15852 2
15853 2
15854 2
15855 2
15856 2
15857 2
15858 2
15859 2
15860 2
15861 2
15862 2
15863 2
15864 2
15865 2
15866 2
15867 2
15868 2
15869 2
15870 2
15871 2
15872 2
15873 2
15874 2
15875 2
15876 2
15877 2
15878 2
15879 2
15880 2
15881 2
15882 2
15883 2
15884 2
15885 2
15886 2
15887 2
15888 2
15889 2
15890 2
15891 2
15892 2
15893 2
15894 2
15895 2
15896 2
15897 2
15898 2
15899 2
15900 2
15901 2
15902 2
15903 2
15904 2
15905 2
15906 2
15907 2
15908 2
15909 2
15910 2
15911 2
15912 2
15913 2
15914 2
15915 2
15916 2
15917 2
15918 2
15919 2
15920 2
15921 2
15922 2
15923 2
15924 2
15925 2
15926 2
15927 2
15928 2
15929 2
15930 2
15931 2
15932 2
15933 2
15934 2
15935 2
15936 2
15937 2
15938 2
15939 2
15940 2
15941 2
15942 2
15943 2
15944 2
15945 2
15946 2
15947 2
15948 2
15949 2
15950 2
15951 2
15952 2
15953 2
15954 2
15955 2
15956 2
15957 2
15958 2
15959 2
15960 2
15961 2
15962 2
15963 2
15964 2
15965 2
15966 2
15967 2
15968 2
15969 2
15970 2
15971 2
15972 2
15973 2
15974 2
15975 2
15976 2
15977 2
15978 2
15979 2
15980 2
15981 2
15982 2
15983 2
15984 2
15985 2
15986 2
15987 2
15988 2
15989 2
15990 2
15991 2
15992 2
15993 2
15994 2
15995 2
15996 2
15997 2
15998 2
15999 2
16000 2
16001 2
16002 2
16003 2
16004 2
16005 2
16006 2
16007 2
16008 2
16009 2
16010 2
16011 2
16012 2
16013 2
16014 2
16015 2
16016 2
16017 2
16018 2
16019 2
16020 2
16021 2
16022 2
16023 2
16024 2
16025 2
16026 2
16027 2
16028 2
16029 2
16030 2
16031 2
16032 2
16033 2
16034 2
16035 2
16036 2
16037 2
16038 2
16039 2
16040 2
16041 2
16042 2
16043 2
16044 2
16045 2
16046 2
16047 2
16048 2
16049 2
16050 2
16051 2
16052 2
16053 2
16054 2
16055 2
16056 2
16057 2
16058 2
16059 2
16060 2
16061 2
16062 2
16063 2
16064 2
16065 2
16066 2
16067 2
16068 2
16069 2
16070 2
16071 2
16072 2
16073 2
16074 2
16075 2
16076 2
16077 2
16078 2
16079 2
16080 2
16081 2
16082 2
16083 2
16084 2
16085 2
16086 2
16087 2
16088 2
16089 2
16090 2
16091 2
16092 2
16093 2
16094 2
16095 2
16096 2
16097 2
16098 2
16099 2
16100 2
16101 2
16102 2
16103 2
16104 2
16105 2
16106 2
16107 2
16108 2
16109 2
16110 2
16111 2
16112 2
16113 2
16114 2
16115 2
16116 2
16117 2
16118 2
16119 2
16120 2
16121 2
16122 2
16123 2
16124 2
16125 2
16126 2
16127 2
16128 2
16129 2
16130 2
16131 2
16132 2
16133 2
16134 2
16135 2
16136 2
16137 2
16138 2
16139 2
16140 2
16141 2
16142 2
16143 2
16144 2
16145 2
16146 2
16147 2
16148 2
16149 2
16150 2
16151 2
16152 2
16153 2
16154 2
16155 2
16156 2
16157 2
16158 2
16159 2
16160 2
16161 2
16162 2
16163 2
16164 2
16165 2
16166 2
16167 2
16168 2
16169 2
16170 2
16171 2
16172 2
16173 2
16174 2
16175 2
16176 2
16177 2
16178 2
16179 2
16180 2
16181 2
16182 2
16183 2
16184 2
16185 2
16186 2
16187 2
16188 2
16189 2
16190 2
16191 2
16192 2
16193 2
16194 2
16195 2
16196 2
16197 2
16198 2
16199 2
16200 2
16201 2
16202 2
16203 2
16204 2
16205 2
16206 2
16207 2
16208 2
16209 2
16210 2
16211 2
16212 2
16213 2
16214 2
16215 2
16216 2
16217 2
16218 2
16219 2
16220 2
16221 2
16222 2
16223 2
16224 2
16225 2
16226 2
16227 2
16228 2
16229 2
16230 2
16231 2
16232 2
16233 2
16234 2
16235 2
16236 2
16237 2
16238 2
16239 2
16240 2
16241 2
16242 2
16243 2
16244 2
16245 2
16246 2
16247 2
16248 2
16249 2
16250 2
16251 2
16252 2
16253 2
16254 2
16255 2
16256 2
16257 2
16258 2
16259 2
16260 2
16261 2
16262 2
16263 2
16264 2
16265 2
16266 2
16267 2
16268 2
16269 2
16270 2
16271 2
16272 2
16273 2
16274 2
16275 2
16276 2
16277 2
16278 2
16279 2
16280 2
16281 2
16282 2
16283 2
16284 2
16285 2
16286 2
16287 2
16288 2
16289 2
16290 2
16291 2
16292 2
16293 2
16294 2
16295 2
16296 2
16297 2
16298 2
16299 2
16300 2
16301 2
16302 2
16303 2
16304 2
16305 2
16306 2
16307 2
16308 2
16309 2
16310 2
16311 2
16312 2
16313 2
16314 2
16315 2
16316 2
16317 2
16318 2
16319 2
16320 2
16321 2
16322 2
16323 2
16324 2
16325 2
16326 2
16327 2
16328 2
16329 2
16330 2
16331 2
16332 2
16333 2
16334 2
16335 2
16336 2
16337 2
16338 2
16339 2
16340 2
16341 2
16342 2
16343 2
16344 2
16345 2
16346 2
16347 2
16348 2
16349 2
16350 2
16351 2
16352 2
16353 2
16354 2
16355 2
16356 2
16357 2
16358 2
16359 2
16360 2
16361 2
16362 2
16363 2
16364 2
16365 2
16366 2
16367 2
16368 2
16369 2
16370 2
16371 2
16372 2
16373 2
16374 2
16375 2
16376 2
16377 2
16378 2
16379 2
16380 2
16381 2
16382 2
16383 2
16384 2
16385 2
16386 2
16387 2
16388 2
16389 2
16390 2
16391 2
16392 2
16393 2
16394 2
16395 2
16396 2
16397 2
16398 2
16399 2
16400 2
16401 2
16402 2
16403 2
16404 2
16405 2
16406 2
16407 2
16408 2
16409 2
16410 2
16411 2
16412 2
16413 2
16414 2
16415 2
16416 2
16417 2
16418 2
16419 2
16420 2
16421 2
16422 2
16423 2
16424 2
16425 2
16426 2
16427 2
16428 2
16429 2
16430 2
16431 2
16432 2
16433 2
16434 2
16435 2
16436 2
16437 2
16438 2
16439 2
16440 2
16441 2
16442 2
16443 2
16444 2
16445 2
16446 2
16447 2
16448 2
16449 2
16450 2
16451 2
16452 2
16453 2
16454 2
16455 2
16456 2
16457 2
16458 2
16459 2
16460 2
16461 2
16462 2
16463 2
16464 2
16465 2
16466 2
16467 2
16468 2
16469 2
16470 2
16471 2
16472 2
16473 2
16474 2
16475 2
16476 2
16477 2
16478 2
16479 2
16480 2
16481 2
16482 2
16483 2
16484 2
16485 2
16486 2
16487 2
16488 2
16489 2
16490 2
16491 2
16492 2
16493 2
16494 2
16495 2
16496 2
16497 2
16498 2
16499 2
16500 2
16501 2
16502 2
16503 2
16504 2
16505 2
16506 2
16507 2
16508 2
16509 2
16510 2
16511 2
16512 2
16513 2
16514 2
16515 2
16516 2
16517 2
16518 2
16519 2
16520 2
16521 2
16522 2
16523 2
16524 2
16525 2
16526 2
16527 2
16528 2
16529 2
16530 2
16531 2
16532 2
16533 2
16534 2
16535 2
16536 2
16537 2
16538 2
16539 2
16540 2
16541 2
16542 2
16543 2
16544 2
16545 2
16546 2
16547 2
16548 2
16549 2
16550 2
16551 2
16552 2
16553 2
16554 2
16555 2
16556 2
16557 2
16558 2
16559 2
16560 2
16561 2
16562 2
16563 2
16564 2
16565 2
16566 2
16567 2
16568 2
16569 2
16570 2
16571 2
16572 2
16573 2
16574 2
16575 2
16576 2
16577 2
16578 2
16579 2
16580 2
16581 2
16582 2
16583 2
16584 2
16585 2
16586 2
16587 2
16588 2
16589 2
16590 2
16591 2
16592 2
16593 2
16594 2
16595 2
16596 2
16597 2
16598 2
16599 2
16600 2
16601 2
16602 2
16603 2
16604 2
16605 2
16606 2
16607 2
16608 2
16609 2
16610 2
16611 2
16612 2
16613 2
16614 2
16615 2
16616 2
16617 2
16618 2
16619 2
16620 2
16621 2
16622 2
16623 2
16624 2
16625 2
16626 2
16627 2
16628 2
16629 2
16630 2
16631 2
16632 2
16633 2
16634 2
16635 2
16636 2
16637 2
16638 2
16639 2
16640 2
16641 2
16642 2
16643 2
16644 2
16645 2
16646 2
16647 2
16648 2
16649 2
16650 2
16651 2
16652 2
16653 2
16654 2
16655 2
16656 2
16657 2
16658 2
16659 2
16660 2
16661 2
16662 2
16663 2
16664 2
16665 2
16666 2
16667 2
16668 2
16669 2
16670 2
16671 2
16672 2
16673 2
16674 2
16675 2
16676 2
16677 2
16678 2
16679 2
16680 2
16681 2
16682 2
16683 2
16684 2
16685 2
16686 2
16687 2
16688 2
16689 2
16690 2
16691 2
16692 2
16693 2
16694 2
16695 2
16696 2
16697 2
16698 2
16699 2
16700 2
16701 2
16702 2
16703 2
16704 2
16705 2
16706 2
16707 2
16708 2
16709 2
16710 2
16711 2
16712 2
16713 2
16714 2
16715 2
16716 2
16717 2
16718 2
16719 2
16720 2
16721 2
16722 2
16723 2
16724 2
16725 2
16726 2
16727 2
16728 2
16729 2
16730 2
16731 2
16732 2
16733 2
16734 2
16735 2
16736 2
16737 2
16738 2
16739 2
16740 2
16741 2
16742 2
16743 2
16744 2
16745 2
16746 2
16747 2
16748 2
16749 2
16750 2
16751 2
16752 2
16753 2
16754 2
16755 2
16756 2
16757 2
16758 2
16759 2
16760 2
16761 2
16762 2
16763 2
16764 2
16765 2
16766 2
16767 2
16768 2
16769 2
16770 2
16771 2
16772 2
16773 2
16774 2
16775 2
16776 2
16777 2
16778 2
16779 2
16780 2
16781 2
16782 2
16783 2
16784 2
16785 2
16786 2
16787 2
16788 2
16789 2
16790 2
16791 2
16792 2
16793 2
16794 2
16795 2
16796 2
16797 2
16798 2
16799 2
16800 2
16801 2
16802 2
16803 2
16804 2
16805 2
16806 2
16807 2
16808 2
16809 2
16810 2
16811 2
16812 2
16813 2
16814 2
16815 2
16816 2
16817 2
16818 2
16819 2
16820 2
16821 2
16822 2
16823 2
16824 2
16825 2
16826 2
16827 2
16828 2
16829 2
16830 2
16831 2
16832 2
16833 2
16834 2
16835 2
16836 2
16837 2
16838 2
16839 2
16840 2
16841 2
16842 2
16843 2
16844 2
16845 2
16846 2
16847 2
16848 2
16849 2
16850 2
16851 2
16852 2
16853 2
16854 2
16855 2
16856 2
16857 2
16858 2
16859 2
16860 2
16861 2
16862 2
16863 2
16864 2
16865 2
16866 2
16867 2
16868 2
16869 2
16870 2
16871 2
16872 2
16873 2
16874 2
16875 2
16876 2
16877 2
16878 2
16879 2
16880 2
16881 2
16882 2
16883 2
16884 2
16885 2
16886 2
16887 2
16888 2
16889 2
16890 2
16891 2
16892 2
16893 2
16894 2
16895 2
16896 2
16897 2
16898 2
16899 2
16900 2
16901 2
16902 2
16903 2
16904 2
16905 2
16906 2
16907 2
16908 2
16909 2
16910 2
16911 2
16912 2
16913 2
16914 2
16915 2
16916 2
16917 2
16918 2
16919 2
16920 2
16921 2
16922 2
16923 2
16924 2
16925 2
16926 2
16927 2
16928 2
16929 2
16930 2
16931 2
16932 2
16933 2
16934 2
16935 2
16936 2
16937 2
16938 2
16939 2
16940 2
16941 2
16942 2
16943 2
16944 2
16945 2
16946 2
16947 2
16948 2
16949 2
16950 2
16951 2
16952 2
16953 2
16954 2
16955 2
16956 2
16957 2
16958 2
16959 2
16960 2
16961 2
16962 2
16963 2
16964 2
16965 2
16966 2
16967 2
16968 2
16969 2
16970 2
16971 2
16972 2
16973 2
16974 2
16975 2
16976 2
16977 2
16978 2
16979 2
16980 2
16981 2
16982 2
16983 2
16984 2
16985 2
16986 2
16987 2
16988 2
16989 2
16990 2
16991 2
16992 2
16993 2
16994 2
16995 2
16996 2
16997 2
16998 2
16999 2
17000 2
17001 2
17002 2
17003 2
17004 2
17005 2
17006 2
17007 2
17008 2
17009 2
17010 2
17011 2
17012 2
17013 2
17014 2
17015 2
17016 2
17017 2
17018 2
17019 2
17020 2
17021 2
17022 2
17023 2
17024 2
17025 2
17026 2
17027 2
17028 2
17029 2
17030 2
17031 2
17032 2
17033 2
17034 2
17035 2
17036 2
17037 2
17038 2
17039 2
17040 2
17041 2
17042 2
17043 2
17044 2
17045 2
17046 2
17047 2
17048 2
17049 2
17050 2
17051 2
17052 2
17053 2
17054 2
17055 2
17056 2
17057 2
17058 2
17059 2
17060 2
17061 2
17062 2
17063 2
17064 2
17065 2
17066 2
17067 2
17068 2
17069 2
17070 2
17071 2
17072 2
17073 2
17074 2
17075 2
17076 2
17077 2
17078 2
17079 2
17080 2
17081 2
17082 2
17083 2
17084 2
17085 2
17086 2
17087 2
17088 2
17089 2
17090 2
17091 2
17092 2
17093 2
17094 2
17095 2
17096 2
17097 2
17098 2
17099 2
17100 2
17101 2
17102 2
17103 2
17104 2
17105 2
17106 2
17107 2
17108 2
17109 2
17110 2
17111 2
17112 2
17113 2
17114 2
17115 2
17116 2
17117 2
17118 2
17119 2
17120 2
17121 2
17122 2
17123 2
17124 2
17125 2
17126 2
17127 2
17128 2
17129 2
17130 2
17131 2
17132 2
17133 2
17134 2
17135 2
17136 2
17137 2
17138 2
17139 2
17140 2
17141 2
17142 2
17143 2
17144 2
17145 2
17146 2
17147 2
17148 2
17149 2
17150 2
17151 2
17152 2
17153 2
17154 2
17155 2
17156 2
17157 2
17158 2
17159 2
17160 2
17161 2
17162 2
17163 2
17164 2
17165 2
17166 2
17167 2
17168 2
17169 2
17170 2
17171 2
17172 2
17173 2
17174 2
17175 2
17176 2
17177 2
17178 2
17179 2
17180 2
17181 2
17182 2
17183 2
17184 2
17185 2
17186 2
17187 2
17188 2
17189 2
17190 2
17191 2
17192 2
17193 2
17194 2
17195 2
17196 2
17197 2
17198 2
17199 2
17200 2
17201 2
17202 2
17203 2
17204 2
17205 2
17206 2
17207 2
17208 2
17209 2
17210 2
17211 2
17212 2
17213 2
17214 2
17215 2
17216 2
17217 2
17218 2
17219 2
17220 2
17221 2
17222 2
17223 2
17224 2
17225 2
17226 2
17227 2
17228 2
17229 2
17230 2
17231 2
17232 2
17233 2
17234 2
17235 2
17236 2
17237 2
17238 2
17239 2
17240 2
17241 2
17242 2
17243 2
17244 2
17245 2
17246 2
17247 2
17248 2
17249 2
17250 2
17251 2
17252 2
17253 2
17254 2
17255 2
17256 2
17257 2
17258 2
17259 2
17260 2
17261 2
17262 2
17263 2
17264 2
17265 2
17266 2
17267 2
17268 2
17269 2
17270 2
17271 2
17272 2
17273 2
17274 2
17275 2
17276 2
17277 2
17278 2
17279 2
17280 2
17281 2
17282 2
17283 2
17284 2
17285 2
17286 2
17287 2
17288 2
17289 2
17290 2
17291 2
17292 2
17293 2
17294 2
17295 2
17296 2
17297 2
17298 2
17299 2
17300 2
17301 2
17302 2
17303 2
17304 2
17305 2
17306 2
17307 2
17308 2
17309 2
17310 2
17311 2
17312 2
17313 2
17314 2
17315 2
17316 2
17317 2
17318 2
17319 2
17320 2
17321 2
17322 2
17323 2
17324 2
17325 2
17326 2
17327 2
17328 2
17329 2
17330 2
17331 2
17332 2
17333 2
17334 2
17335 2
17336 2
17337 2
17338 2
17339 2
17340 2
17341 2
17342 2
17343 2
17344 2
17345 2
17346 2
17347 2
17348 2
17349 2
17350 2
17351 2
17352 2
17353 2
17354 2
17355 2
17356 2
17357 2
17358 2
17359 2
17360 2
17361 2
17362 2
17363 2
17364 2
17365 2
17366 2
17367 2
17368 2
17369 2
17370 2
17371 2
17372 2
17373 2
17374 2
17375 2
17376 2
17377 2
17378 2
17379 2
17380 2
17381 2
17382 2
17383 2
17384 2
17385 2
17386 2
17387 2
17388 2
17389 2
17390 2
17391 2
17392 2
17393 2
17394 2
17395 2
17396 2
17397 2
17398 2
17399 2
17400 2
17401 2
17402 2
17403 2
17404 2
17405 2
17406 2
17407 2
17408 2
17409 2
17410 2
17411 2
17412 2
17413 2
17414 2
17415 2
17416 2
17417 2
17418 2
17419 2
17420 2
17421 2
17422 2
17423 2
17424 2
17425 2
17426 2
17427 2
17428 2
17429 2
17430 2
17431 2
17432 2
17433 2
17434 2
17435 2
17436 2
17437 2
17438 2
17439 2
17440 2
17441 2
17442 2
17443 2
17444 2
17445 2
17446 2
17447 2
17448 2
17449 2
17450 2
17451 2
17452 2
17453 2
17454 2
17455 2
17456 2
17457 2
17458 2
17459 2
17460 2
17461 2
17462 2
17463 2
17464 2
17465 2
17466 2
17467 2
17468 2
17469 2
17470 2
17471 2
17472 2
17473 2
17474 2
17475 2
17476 2
17477 2
17478 2
17479 2
17480 2
17481 2
17482 2
17483 2
17484 2
17485 2
17486 2
17487 2
17488 2
17489 2
17490 2
17491 2
17492 2
17493 2
17494 2
17495 2
17496 2
17497 2
17498 2
17499 2
17500 2
17501 2
17502 2
17503 2
17504 2
17505 2
17506 2
17507 2
17508 2
17509 2
17510 2
17511 2
17512 2
17513 2
17514 2
17515 2
17516 2
17517 2
17518 2
17519 2
17520 2
17521 2
17522 2
17523 2
17524 2
17525 2
17526 2
17527 2
17528 2
17529 2
17530 2
17531 2
17532 2
17533 2
17534 2
17535 2
17536 2
17537 2
17538 2
17539 2
17540 2
17541 2
17542 2
17543 2
17544 2
17545 2
17546 2
17547 2
17548 2
17549 2
17550 2
17551 2
17552 2
17553 2
17554 2
17555 2
17556 2
17557 2
17558 2
17559 2
17560 2
17561 2
17562 2
17563 2
17564 2
17565 2
17566 2
17567 2
17568 2
17569 2
17570 2
17571 2
17572 2
17573 2
17574 2
17575 2
17576 2
17577 2
17578 2
17579 2
17580 2
17581 2
17582 2
17583 2
17584 2
17585 2
17586 2
17587 2
17588 2
17589 2
17590 2
17591 2
17592 2
17593 2
17594 2
17595 2
17596 2
17597 2
17598 2
17599 2
17600 2
17601 2
17602 2
17603 2
17604 2
17605 2
17606 2
17607 2
17608 2
17609 2
17610 2
17611 2
17612 2
17613 2
17614 2
17615 2
17616 2
17617 2
17618 2
17619 2
17620 2
17621 2
17622 2
17623 2
17624 2
17625 2
17626 2
17627 2
17628 2
17629 2
17630 2
17631 2
17632 2
17633 2
17634 2
17635 2
17636 2
17637 2
17638 2
17639 2
17640 2
17641 2
17642 2
17643 2
17644 2
17645 2
17646 2
17647 2
17648 2
17649 2
17650 2
17651 2
17652 2
17653 2
17654 2
17655 2
17656 2
17657 2
17658 2
17659 2
17660 2
17661 2
17662 2
17663 2
17664 2
17665 2
17666 2
17667 2
17668 2
17669 2
17670 2
17671 2
17672 2
17673 2
17674 2
17675 2
17676 2
17677 2
17678 2
17679 2
17680 2
17681 2
17682 2
17683 2
17684 2
17685 2
17686 2
17687 2
17688 2
17689 2
17690 2
17691 2
17692 2
17693 2
17694 2
17695 2
17696 2
17697 2
17698 2
17699 2
17700 2
17701 2
17702 2
17703 2
17704 2
17705 2
17706 2
17707 2
17708 2
17709 2
17710 2
17711 2
17712 2
17713 2
17714 2
17715 2
17716 2
17717 2
17718 2
17719 2
17720 2
17721 2
17722 2
17723 2
17724 2
17725 2
17726 2
17727 2
17728 2
17729 2
17730 2
17731 2
17732 2
17733 2
17734 2
17735 2
17736 2
17737 2
17738 2
17739 2
17740 2
17741 2
17742 2
17743 2
17744 2
17745 2
17746 2
17747 2
17748 2
17749 2
17750 2
17751 2
17752 2
17753 2
17754 2
17755 2
17756 2
17757 2
17758 2
17759 2
17760 2
17761 2
17762 2
17763 2
17764 2
17765 2
17766 2
17767 2
17768 2
17769 2
17770 2
17771 2
17772 2
17773 2
17774 2
17775 2
17776 2
17777 2
17778 2
17779 2
17780 2
17781 2
17782 2
17783 2
17784 2
17785 2
17786 2
17787 2
17788 2
17789 2
17790 2
17791 2
17792 2
17793 2
17794 2
17795 2
17796 2
17797 2
17798 2
17799 2
17800 2
17801 2
17802 2
17803 2
17804 2
17805 2
17806 2
17807 2
17808 2
17809 2
17810 2
17811 2
17812 2
17813 2
17814 2
17815 2
17816 2
17817 2
17818 2
17819 2
17820 2
17821 2
17822 2
17823 2
17824 2
17825 2
17826 2
17827 2
17828 2
17829 2
17830 2
17831 2
17832 2
17833 2
17834 2
17835 2
17836 2
17837 2
17838 2
17839 2
17840 2
17841 2
17842 2
17843 2
17844 2
17845 2
17846 2
17847 2
17848 2
17849 2
17850 2
17851 2
17852 2
17853 2
17854 2
17855 2
17856 2
17857 2
17858 2
17859 2
17860 2
17861 2
17862 2
17863 2
17864 2
17865 2
17866 2
17867 2
17868 2
17869 2
17870 2
17871 2
17872 2
17873 2
17874 2
17875 2
17876 2
17877 2
17878 2
17879 2
17880 2
17881 2
17882 2
17883 2
17884 2
17885 2
17886 2
17887 2
17888 2
17889 2
17890 2
17891 2
17892 2
17893 2
17894 2
17895 2
17896 2
17897 2
17898 2
17899 2
17900 2
17901 2
17902 2
17903 2
17904 2
17905 2
17906 2
17907 2
17908 2
17909 2
17910 2
17911 2
17912 2
17913 2
17914 2
17915 2
17916 2
17917 2
17918 2
17919 2
17920 2
17921 2
17922 2
17923 2
17924 2
17925 2
17926 2
17927 2
17928 2
17929 2
17930 2
17931 2
17932 2
17933 2
17934 2
17935 2
17936 2
17937 2
17938 2
17939 2
17940 2
17941 2
17942 2
17943 2
17944 2
17945 2
17946 2
17947 2
17948 2
17949 2
17950 2
17951 2
17952 2
17953 2
17954 2
17955 2
17956 2
17957 2
17958 2
17959 2
17960 2
17961 2
17962 2
17963 2
17964 2
17965 2
17966 2
17967 2
17968 2
17969 2
17970 2
17971 2
17972 2
17973 2
17974 2
17975 2
17976 2
17977 2
17978 2
17979 2
17980 2
17981 2
17982 2
17983 2
17984 2
17985 2
17986 2
17987 2
17988 2
17989 2
17990 2
17991 2
17992 2
17993 2
17994 2
17995 2
17996 2
17997 2
17998 2
17999 2
18000 2
18001 2
18002 2
18003 2
18004 2
18005 2
18006 2
18007 2
18008 2
18009 2
18010 2
18011 2
18012 2
18013 2
18014 2
18015 2
18016 2
18017 2
18018 2
18019 2
18020 2
18021 2
18022 2
18023 2
18024 2
18025 2
18026 2
18027 2
18028 2
18029 2
18030 2
18031 2
18032 2
18033 2
18034 2
18035 2
18036 2
18037 2
18038 2
18039 2
18040 2
18041 2
18042 2
18043 2
18044 2
18045 2
18046 2
18047 2
18048 2
18049 2
18050 2
18051 2
18052 2
18053 2
18054 2
18055 2
18056 2
18057 2
18058 2
18059 2
18060 2
18061 2
18062 2
18063 2
18064 2
18065 2
18066 2
18067 2
18068 2
18069 2
18070 2
18071 2
18072 2
18073 2
18074 2
18075 2
18076 2
18077 2
18078 2
18079 2
18080 2
18081 2
18082 2
18083 2
18084 2
18085 2
18086 2
18087 2
18088 2
18089 2
18090 2
18091 2
18092 2
18093 2
18094 2
18095 2
18096 2
18097 2
18098 2
18099 2
18100 2
18101 2
18102 2
18103 2
18104 2
18105 2
18106 2
18107 2
18108 2
18109 2
18110 2
18111 2
18112 2
18113 2
18114 2
18115 2
18116 2
18117 2
18118 2
18119 2
18120 2
18121 2
18122 2
18123 2
18124 2
18125 2
18126 2
18127 2
18128 2
18129 2
18130 2
18131 2
18132 2
18133 2
18134 2
18135 2
18136 2
18137 2
18138 2
18139 2
18140 2
18141 2
18142 2
18143 2
18144 2
18145 2
18146 2
18147 2
18148 2
18149 2
18150 2
18151 2
18152 2
18153 2
18154 2
18155 2
18156 2
18157 2
18158 2
18159 2
18160 2
18161 2
18162 2
18163 2
18164 2
18165 2
18166 2
18167 2
18168 2
18169 2
18170 2
18171 2
18172 2
18173 2
18174 2
18175 2
18176 2
18177 2
18178 2
18179 2
18180 2
18181 2
18182 2
18183 2
18184 2
18185 2
18186 2
18187 2
18188 2
18189 2
18190 2
18191 2
18192 2
18193 2
18194 2
18195 2
18196 2
18197 2
18198 2
18199 2
18200 2
18201 2
18202 2
18203 2
18204 2
18205 2
18206 2
18207 2
18208 2
18209 2
18210 2
18211 2
18212 2
18213 2
18214 2
18215 2
18216 2
18217 2
18218 2
18219 2
18220 2
18221 2
18222 2
18223 2
18224 2
18225 2
18226 2
18227 2
18228 2
18229 2
18230 2
18231 2
18232 2
18233 2
18234 2
18235 2
18236 2
18237 2
18238 2
18239 2
18240 2
18241 2
18242 2
18243 2
18244 2
18245 2
18246 2
18247 2
18248 2
18249 2
18250 2
18251 2
18252 2
18253 2
18254 2
18255 2
18256 2
18257 2
18258 2
18259 2
18260 2
18261 2
18262 2
18263 2
18264 2
18265 2
18266 2
18267 2
18268 2
18269 2
18270 2
18271 2
18272 2
18273 2
18274 2
18275 2
18276 2
18277 2
18278 2
18279 2
18280 2
18281 2
18282 2
18283 2
18284 2
18285 2
18286 2
18287 2
18288 2
18289 2
18290 2
18291 2
18292 2
18293 2
18294 2
18295 2
18296 2
18297 2
18298 2
18299 2
18300 2
18301 2
18302 2
18303 2
18304 2
18305 2
18306 2
18307 2
18308 2
18309 2
18310 2
18311 2
18312 2
18313 2
18314 2
18315 2
18316 2
18317 2
18318 2
18319 2
18320 2
18321 2
18322 2
18323 2
18324 2
18325 2
18326 2
18327 2
18328 2
18329 2
18330 2
18331 2
18332 2
18333 2
18334 2
18335 2
18336 2
18337 2
18338 2
18339 2
18340 2
18341 2
18342 2
18343 2
18344 2
18345 2
18346 2
18347 2
18348 2
18349 2
18350 2
18351 2
18352 2
18353 2
18354 2
18355 2
18356 2
18357 2
18358 2
18359 2
18360 2
18361 2
18362 2
18363 2
18364 2
18365 2
18366 2
18367 2
18368 2
18369 2
18370 2
18371 2
18372 2
18373 2
18374 2
18375 2
18376 2
18377 2
18378 2
18379 2
18380 2
18381 2
18382 2
18383 2
18384 2
18385 2
18386 2
18387 2
18388 2
18389 2
18390 2
18391 2
18392 2
18393 2
18394 2
18395 2
18396 2
18397 2
18398 2
18399 2
18400 2
18401 2
18402 2
18403 2
18404 2
18405 2
18406 2
18407 2
18408 2
18409 2
18410 2
18411 2
18412 2
18413 2
18414 2
18415 2
18416 2
18417 2
18418 2
18419 2
18420 2
18421 2
18422 2
18423 2
18424 2
18425 2
18426 2
18427 2
18428 2
18429 2
18430 2
18431 2
18432 2
18433 2
18434 2
18435 2
18436 2
18437 2
18438 2
18439 2
18440 2
18441 2
18442 2
18443 2
18444 2
18445 2
18446 2
18447 2
18448 2
18449 2
18450 2
18451 2
18452 2
18453 2
18454 2
18455 2
18456 2
18457 2
18458 2
18459 2
18460 2
18461 2
18462 2
18463 2
18464 2
18465 2
18466 2
18467 2
18468 2
18469 2
18470 2
18471 2
18472 2
18473 2
18474 2
18475 2
18476 2
18477 2
18478 2
18479 2
18480 2
18481 2
18482 2
18483 2
18484 2
18485 2
18486 2
18487 2
18488 2
18489 2
18490 2
18491 2
18492 2
18493 2
18494 2
18495 2
18496 2
18497 2
18498 2
18499 2
18500 2
18501 2
18502 2
18503 2
18504 2
18505 2
18506 2
18507 2
18508 2
18509 2
18510 2
18511 2
18512 2
18513 2
18514 2
18515 2
18516 2
18517 2
18518 2
18519 2
18520 2
18521 2
18522 2
18523 2
18524 2
18525 2
18526 2
18527 2
18528 2
18529 2
18530 2
18531 2
18532 2
18533 2
18534 2
18535 2
18536 2
18537 2
18538 2
18539 2
18540 2
18541 2
18542 2
18543 2
18544 2
18545 2
18546 2
18547 2
18548 2
18549 2
18550 2
18551 2
18552 2
18553 2
18554 2
18555 2
18556 2
18557 2
18558 2
18559 2
18560 2
18561 2
18562 2
18563 2
18564 2
18565 2
18566 2
18567 2
18568 2
18569 2
18570 2
18571 2
18572 2
18573 2
18574 2
18575 2
18576 2
18577 2
18578 2
18579 2
18580 2
18581 2
18582 2
18583 2
18584 2
18585 2
18586 2
18587 2
18588 2
18589 2
18590 2
18591 2
18592 2
18593 2
18594 2
18595 2
18596 2
18597 2
18598 2
18599 2
18600 2
18601 2
18602 2
18603 2
18604 2
18605 2
18606 2
18607 2
18608 2
18609 2
18610 2
18611 2
18612 2
18613 2
18614 2
18615 2
18616 2
18617 2
18618 2
18619 2
18620 2
18621 2
18622 2
18623 2
18624 2
18625 2
18626 2
18627 2
18628 2
18629 2
18630 2
18631 2
18632 2
18633 2
18634 2
18635 2
18636 2
18637 2
18638 2
18639 2
18640 2
18641 2
18642 2
18643 2
18644 2
18645 2
18646 2
18647 2
18648 2
18649 2
18650 2
18651 2
18652 2
18653 2
18654 2
18655 2
18656 2
18657 2
18658 2
18659 2
18660 2
18661 2
18662 2
18663 2
18664 2
18665 2
18666 2
18667 2
18668 2
18669 2
18670 2
18671 2
18672 2
18673 2
18674 2
18675 2
18676 2
18677 2
18678 2
18679 2
18680 2
18681 2
18682 2
18683 2
18684 2
18685 2
18686 2
18687 2
18688 2
18689 2
18690 2
18691 2
18692 2
18693 2
18694 2
18695 2
18696 2
18697 2
18698 2
18699 2
18700 2
18701 2
18702 2
18703 2
18704 2
18705 2
18706 2
18707 2
18708 2
18709 2
18710 2
18711 2
18712 2
18713 2
18714 2
18715 2
18716 2
18717 2
18718 2
18719 2
18720 2
18721 2
18722 2
18723 2
18724 2
18725 2
18726 2
18727 2
18728 2
18729 2
18730 2
18731 2
18732 2
18733 2
18734 2
18735 2
18736 2
18737 2
18738 2
18739 2
18740 2
18741 2
18742 2
18743 2
18744 2
18745 2
18746 2
18747 2
18748 2
18749 2
18750 2
18751 2
18752 2
18753 2
18754 2
18755 2
18756 2
18757 2
18758 2
18759 2
18760 2
18761 2
18762 2
18763 2
18764 2
18765 2
18766 2
18767 2
18768 2
18769 2
18770 2
18771 2
18772 2
18773 2
18774 2
18775 2
18776 2
18777 2
18778 2
18779 2
18780 2
18781 2
18782 2
18783 2
18784 2
18785 2
18786 2
18787 2
18788 2
18789 2
18790 2
18791 2
18792 2
18793 2
18794 2
18795 2
18796 2
18797 2
18798 2
18799 2
18800 2
18801 2
18802 2
18803 2
18804 2
18805 2
18806 2
18807 2
18808 2
18809 2
18810 2
18811 2
18812 2
18813 2
18814 2
18815 2
18816 2
18817 2
18818 2
18819 2
18820 2
18821 2
18822 2
18823 2
18824 2
18825 2
18826 2
18827 2
18828 2
18829 2
18830 2
18831 2
18832 2
18833 2
18834 2
18835 2
18836 2
18837 2
18838 2
18839 2
18840 2
18841 2
18842 2
18843 2
18844 2
18845 2
18846 2
18847 2
18848 2
18849 2
18850 2
18851 2
18852 2
18853 2
18854 2
18855 2
18856 2
18857 2
18858 2
18859 2
18860 2
18861 2
18862 2
18863 2
18864 2
18865 2
18866 2
18867 2
18868 2
18869 2
18870 2
18871 2
18872 2
18873 2
18874 2
18875 2
18876 2
18877 2
18878 2
18879 2
18880 2
18881 2
18882 2
18883 2
18884 2
18885 2
18886 2
18887 2
18888 2
18889 2
18890 2
18891 2
18892 2
18893 2
18894 2
18895 2
18896 2
18897 2
18898 2
18899 2
18900 2
18901 2
18902 2
18903 2
18904 2
18905 2
18906 2
18907 2
18908 2
18909 2
18910 2
18911 2
18912 2
18913 2
18914 2
18915 2
18916 2
18917 2
18918 2
18919 2
18920 2
18921 2
18922 2
18923 2
18924 2
18925 2
18926 2
18927 2
18928 2
18929 2
18930 2
18931 2
18932 2
18933 2
18934 2
18935 2
18936 2
18937 2
18938 2
18939 2
18940 2
18941 2
18942 2
18943 2
18944 2
18945 2
18946 2
18947 2
18948 2
18949 2
18950 2
18951 2
18952 2
18953 2
18954 2
18955 2
18956 2
18957 2
18958 2
18959 2
18960 2
18961 2
18962 2
18963 2
18964 2
18965 2
18966 2
18967 2
18968 2
18969 2
18970 2
18971 2
18972 2
18973 2
18974 2
18975 2
18976 2
18977 2
18978 2
18979 2
18980 2
18981 2
18982 2
18983 2
18984 2
18985 2
18986 2
18987 2
18988 2
18989 2
18990 2
18991 2
18992 2
18993 2
18994 2
18995 2
18996 2
18997 2
18998 2
18999 2
19000 2
19001 2
19002 2
19003 2
19004 2
19005 2
19006 2
19007 2
19008 2
19009 2
19010 2
19011 2
19012 2
19013 2
19014 2
19015 2
19016 2
19017 2
19018 2
19019 2
19020 2
19021 2
19022 2
19023 2
19024 2
19025 2
19026 2
19027 2
19028 2
19029 2
19030 2
19031 2
19032 2
19033 2
19034 2
19035 2
19036 2
19037 2
19038 2
19039 2
19040 2
19041 2
19042 2
19043 2
19044 2
19045 2
19046 2
19047 2
19048 2
19049 2
19050 2
19051 2
19052 2
19053 2
19054 2
19055 2
19056 2
19057 2
19058 2
19059 2
19060 2
19061 2
19062 2
19063 2
19064 2
19065 2
19066 2
19067 2
19068 2
19069 2
19070 2
19071 2
19072 2
19073 2
19074 2
19075 2
19076 2
19077 2
19078 2
19079 2
19080 2
19081 2
19082 2
19083 2
19084 2
19085 2
19086 2
19087 2
19088 2
19089 2
19090 2
19091 2
19092 2
19093 2
19094 2
19095 2
19096 2
19097 2
19098 2
19099 2
19100 2
19101 2
19102 2
19103 2
19104 2
19105 2
19106 2
19107 2
19108 2
19109 2
19110 2
19111 2
19112 2
19113 2
19114 2
19115 2
19116 2
19117 2
19118 2
19119 2
19120 2
19121 2
19122 2
19123 2
19124 2
19125 2
19126 2
19127 2
19128 2
19129 2
19130 2
19131 2
19132 2
19133 2
19134 2
19135 2
19136 2
19137 2
19138 2
19139 2
19140 2
19141 2
19142 2
19143 2
19144 2
19145 2
19146 2
19147 2
19148 2
19149 2
19150 2
19151 2
19152 2
19153 2
19154 2
19155 2
19156 2
19157 2
19158 2
19159 2
19160 2
19161 2
19162 2
19163 2
19164 2
19165 2
19166 2
19167 2
19168 2
19169 2
19170 2
19171 2
19172 2
19173 2
19174 2
19175 2
19176 2
19177 2
19178 2
19179 2
19180 2
19181 2
19182 2
19183 2
19184 2
19185 2
19186 2
19187 2
19188 2
19189 2
19190 2
19191 2
19192 2
19193 2
19194 2
19195 2
19196 2
19197 2
19198 2
19199 2
19200 2
19201 2
19202 2
19203 2
19204 2
19205 2
19206 2
19207 2
19208 2
19209 2
19210 2
19211 2
19212 2
19213 2
19214 2
19215 2
19216 2
19217 2
19218 2
19219 2
19220 2
19221 2
19222 2
19223 2
19224 2
19225 2
19226 2
19227 2
19228 2
19229 2
19230 2
19231 2
19232 2
19233 2
19234 2
19235 2
19236 2
19237 2
19238 2
19239 2
19240 2
19241 2
19242 2
19243 2
19244 2
19245 2
19246 2
19247 2
19248 2
19249 2
19250 2
19251 2
19252 2
19253 2
19254 2
19255 2
19256 2
19257 2
19258 2
19259 2
19260 2
19261 2
19262 2
19263 2
19264 2
19265 2
19266 2
19267 2
19268 2
19269 2
19270 2
19271 2
19272 2
19273 2
19274 2
19275 2
19276 2
19277 2
19278 2
19279 2
19280 2
19281 2
19282 2
19283 2
19284 2
19285 2
19286 2
19287 2
19288 2
19289 2
19290 2
19291 2
19292 2
19293 2
19294 2
19295 2
19296 2
19297 2
19298 2
19299 2
19300 2
19301 2
19302 2
19303 2
19304 2
19305 2
19306 2
19307 2
19308 2
19309 2
19310 2
19311 2
19312 2
19313 2
19314 2
19315 2
19316 2
19317 2
19318 2
19319 2
19320 2
19321 2
19322 2
19323 2
19324 2
19325 2
19326 2
19327 2
19328 2
19329 2
19330 2
19331 2
19332 2
19333 2
19334 2
19335 2
19336 2
19337 2
19338 2
19339 2
19340 2
19341 2
19342 2
19343 2
19344 2
19345 2
19346 2
19347 2
19348 2
19349 2
19350 2
19351 2
19352 2
19353 2
19354 2
19355 2
19356 2
19357 2
19358 2
19359 2
19360 2
19361 2
19362 2
19363 2
19364 2
19365 2
19366 2
19367 2
19368 2
19369 2
19370 2
19371 2
19372 2
19373 2
19374 2
19375 2
19376 2
19377 2
19378 2
19379 2
19380 2
19381 2
19382 2
19383 2
19384 2
19385 2
19386 2
19387 2
19388 2
19389 2
19390 2
19391 2
19392 2
19393 2
19394 2
19395 2
19396 2
19397 2
19398 2
19399 2
19400 2
19401 2
19402 2
19403 2
19404 2
19405 2
19406 2
19407 2
19408 2
19409 2
19410 2
19411 2
19412 2
19413 2
19414 2
19415 2
19416 2
19417 2
19418 2
19419 2
19420 2
19421 2
19422 2
19423 2
19424 2
19425 2
19426 2
19427 2
19428 2
19429 2
19430 2
19431 2
19432 2
19433 2
19434 2
19435 2
19436 2
19437 2
19438 2
19439 2
19440 2
19441 2
19442 2
19443 2
19444 2
19445 2
19446 2
19447 2
19448 2
19449 2
19450 2
19451 2
19452 2
19453 2
19454 2
19455 2
19456 2
19457 2
19458 2
19459 2
19460 2
19461 2
19462 2
19463 2
19464 2
19465 2
19466 2
19467 2
19468 2
19469 2
19470 2
19471 2
19472 2
19473 2
19474 2
19475 2
19476 2
19477 2
19478 2
19479 2
19480 2
19481 2
19482 2
19483 2
19484 2
19485 2
19486 2
19487 2
19488 2
19489 2
19490 2
19491 2
19492 2
19493 2
19494 2
19495 2
19496 2
19497 2
19498 2
19499 2
19500 2
19501 2
19502 2
19503 2
19504 2
19505 2
19506 2
19507 2
19508 2
19509 2
19510 2
19511 2
19512 2
19513 2
19514 2
19515 2
19516 2
19517 2
19518 2
19519 2
19520 2
19521 2
19522 2
19523 2
19524 2
19525 2
19526 2
19527 2
19528 2
19529 2
19530 2
19531 2
19532 2
19533 2
19534 2
19535 2
19536 2
19537 2
19538 2
19539 2
19540 2
19541 2
19542 2
19543 2
19544 2
19545 2
19546 2
19547 2
19548 2
19549 2
19550 2
19551 2
19552 2
19553 2
19554 2
19555 2
19556 2
19557 2
19558 2
19559 2
19560 2
19561 2
19562 2
19563 2
19564 2
19565 2
19566 2
19567 2
19568 2
19569 2
19570 2
19571 2
19572 2
19573 2
19574 2
19575 2
19576 2
19577 2
19578 2
19579 2
19580 2
19581 2
19582 2
19583 2
19584 2
19585 2
19586 2
19587 2
19588 2
19589 2
19590 2
19591 2
19592 2
19593 2
19594 2
19595 2
19596 2
19597 2
19598 2
19599 2
19600 2
19601 2
19602 2
19603 2
19604 2
19605 2
19606 2
19607 2
19608 2
19609 2
19610 2
19611 2
19612 2
19613 2
19614 2
19615 2
19616 2
19617 2
19618 2
19619 2
19620 2
19621 2
19622 2
19623 2
19624 2
19625 2
19626 2
19627 2
19628 2
19629 2
19630 2
19631 2
19632 2
19633 2
19634 2
19635 2
19636 2
19637 2
19638 2
19639 2
19640 2
19641 2
19642 2
19643 2
19644 2
19645 2
19646 2
19647 2
19648 2
19649 2
19650 2
19651 2
19652 2
19653 2
19654 2
19655 2
19656 2
19657 2
19658 2
19659 2
19660 2
19661 2
19662 2
19663 2
19664 2
19665 2
19666 2
19667 2
19668 2
19669 2
19670 2
19671 2
19672 2
19673 2
19674 2
19675 2
19676 2
19677 2
19678 2
19679 2
19680 2
19681 2
19682 2
19683 2
19684 2
19685 2
19686 2
19687 2
19688 2
19689 2
19690 2
19691 2
19692 2
19693 2
19694 2
19695 2
19696 2
19697 2
19698 2
19699 2
19700 2
19701 2
19702 2
19703 2
19704 2
19705 2
19706 2
19707 2
19708 2
19709 2
19710 2
19711 2
19712 2
19713 2
19714 2
19715 2
19716 2
19717 2
19718 2
19719 2
19720 2
19721 2
19722 2
19723 2
19724 2
19725 2
19726 2
19727 2
19728 2
19729 2
19730 2
19731 2
19732 2
19733 2
19734 2
19735 2
19736 2
19737 2
19738 2
19739 2
19740 2
19741 2
19742 2
19743 2
19744 2
19745 2
19746 2
19747 2
19748 2
19749 2
19750 2
19751 2
19752 2
19753 2
19754 2
19755 2
19756 2
19757 2
19758 2
19759 2
19760 2
19761 2
19762 2
19763 2
19764 2
19765 2
19766 2
19767 2
19768 2
19769 2
19770 2
19771 2
19772 2
19773 2
19774 2
19775 2
19776 2
19777 2
19778 2
19779 2
19780 2
19781 2
19782 2
19783 2
19784 2
19785 2
19786 2
19787 2
19788 2
19789 2
19790 2
19791 2
19792 2
19793 2
19794 2
19795 2
19796 2
19797 2
19798 2
19799 2
19800 2
19801 2
19802 2
19803 2
19804 2
19805 2
19806 2
19807 2
19808 2
19809 2
19810 2
19811 2
19812 2
19813 2
19814 2
19815 2
19816 2
19817 2
19818 2
19819 2
19820 2
19821 2
19822 2
19823 2
19824 2
19825 2
19826 2
19827 2
19828 2
19829 2
19830 2
19831 2
19832 2
19833 2
19834 2
19835 2
19836 2
19837 2
19838 2
19839 2
19840 2
19841 2
19842 2
19843 2
19844 2
19845 2
19846 2
19847 2
19848 2
19849 2
19850 2
19851 2
19852 2
19853 2
19854 2
19855 2
19856 2
19857 2
19858 2
19859 2
19860 2
19861 2
19862 2
19863 2
19864 2
19865 2
19866 2
19867 2
19868 2
19869 2
19870 2
19871 2
19872 2
19873 2
19874 2
19875 2
19876 2
19877 2
19878 2
19879 2
19880 2
19881 2
19882 2
19883 2
19884 2
19885 2
19886 2
19887 2
19888 2
19889 2
19890 2
19891 2
19892 2
19893 2
19894 2
19895 2
19896 2
19897 2
19898 2
19899 2
19900 2
19901 2
19902 2
19903 2
19904 2
19905 2
19906 2
19907 2
19908 2
19909 2
19910 2
19911 2
19912 2
19913 2
19914 2
19915 2
19916 2
19917 2
19918 2
19919 2
19920 2
19921 2
19922 2
19923 2
19924 2
19925 2
19926 2
19927 2
19928 2
19929 2
19930 2
19931 2
19932 2
19933 2
19934 2
19935 2
19936 2
19937 2
19938 2
19939 2
19940 2
19941 2
19942 2
19943 2
19944 2
19945 2
19946 2
19947 2
19948 2
19949 2
19950 2
19951 2
19952 2
19953 2
19954 2
19955 2
19956 2
19957 2
19958 2
19959 2
19960 2
19961 2
19962 2
19963 2
19964 2
19965 2
19966 2
19967 2
19968 2
19969 2
19970 2
19971 2
19972 2
19973 2
19974 2
19975 2
19976 2
19977 2
19978 2
19979 2
19980 2
19981 2
19982 2
19983 2
19984 2
19985 2
19986 2
19987 2
19988 2
19989 2
19990 2
19991 2
19992 2
19993 2
19994 2
19995 2
19996 2
19997 2
19998 2
19999 2
20000 2
20001
S 1 11
1 2 11
2 3 10
3 4 16
4 5 13
5 6 11
6 7 7
7 8 9
8 9 9
9 10 17
10 11 8
11 12 8
12 13 9
13 14 11
14 15 18
15 16 12
16 17 20
17 18 19
18 19 1
19 20 3
20 21 11
21 22 11
22 23 10
23 24 9
24 25 8
25 26 8
26 27 10
27 28 6
28 29 2
29 30 5
30 31 2
31 32 11
32 33 1
33 34 11
34 35 20
35 36 20
36 37 14
37 38 4
38 39 19
39 40 5
40 41 2
41 42 6
42 43 16
43 44 5
44 45 2
45 46 13
46 47 11
47 48 16
48 49 12
49 50 12
50 51 18
51 52 14
52 53 6
53 54 8
54 55 9
55 56 5
56 57 18
57 58 7
58 59 7
59 60 16
60 61 10
61 62 4
62 63 10
63 64 20
64 65 11
65 66 15
66 67 6
67 68 11
68 69 16
69 70 17
70 71 11
71 72 6
72 73 19
73 74 13
74 75 17
75 76 9
76 77 10
77 78 16
78 79 8
79 80 5
80 81 14
81 82 18
82 83 18
83 84 15
84 85 17
85 86 13
86 87 8
87 88 12
88 89 7
89 90 12
90 91 4
91 92 5
92 93 5
93 94 19
94 95 5
95 96 7
96 97 13
97 98 17
98 99 10
99 100 4
100 101 19
101 102 5
102 103 9
103 104 12
104 105 20
105 106 19
106 107 13
107 108 1
108 109 8
109 110 7
110 111 8
111 112 14
112 113 8
113 114 8
114 115 6
115 116 18
116 117 7
117 118 5
118 119 20
119 120 11
120 121 3
121 122 14
122 123 14
123 124 17
124 125 3
125 126 19
126 127 20
127 128 14
128 129 18
129 130 5
130 131 19
131 132 2
132 133 18
133 134 11
134 135 17
135 136 12
136 137 19
137 138 9
138 139 1
139 140 19
140 141 18
141 142 16
142 143 15
143 144 13
144 145 12
145 146 5
146 147 10
147 148 9
148 149 3
149 150 6
150 151 14
151 152 9
152 153 13
153 154 1
154 155 15
155 156 17
156 157 18
157 158 10
158 159 12
159 160 5
160 161 14
161 162 13
162 163 11
163 164 6
164 165 19
165 166 19
166 167 11
167 168 10
168 169 3
169 170 5
170 171 20
171 172 6
172 173 18
173 174 15
174 175 12
175 176 16
176 177 2
177 178 14
178 179 14
179 180 16
180 181 9
181 182 2
182 183 3
183 184 12
184 185 6
185 186 2
186 187 16
187 188 4
188 189 9
189 190 6
190 191 16
191 192 18
192 193 8
193 194 16
194 195 16
195 196 1
196 197 16
197 198 13
198 199 4
199 200 7
200 201 12
201 202 8
202 203 15
203 204 20
204 205 15
205 206 18
206 207 1
207 208 5
208 209 6
209 210 14
210 211 5
211 212 14
212 213 1
213 214 4
214 215 6
215 216 4
216 217 13
217 218 20
218 219 14
219 220 3
220 221 10
221 222 19
222 223 15
223 224 3
224 225 10
225 226 2
226 227 3
227 228 6
228 229 20
229 230 20
230 231 2
231 232 16
232 233 10
233 234 11
234 235 5
235 236 19
236 237 11
237 238 20
238 239 4
239 240 18
240 241 7
241 242 20
242 243 5
243 244 5
244 245 2
245 246 17
246 247 11
247 248 7
248 249 3
249 250 14
250 251 18
251 252 3
252 253 12
253 254 12
254 255 13
255 256 15
256 257 10
257 258 13
258 259 13
259 260 20
260 261 6
261 262 15
262 263 3
263 264 20
264 265 19
265 266 8
266 267 8
267 268 3
268 269 12
269 270 17
270 271 1
271 272 9
272 273 10
273 274 20
274 275 18
275 276 9
276 277 1
277 278 19
278 279 7
279 280 4
280 281 13
281 282 9
282 283 18
283 284 9
284 285 16
285 286 4
286 287 16
287 288 1
288 289 15
289 290 14
290 291 1
291 292 17
292 293 10
293 294 16
294 295 7
295 296 5
296 297 11
297 298 7
298 299 6
299 300 11
300 301 18
301 302 4
302 303 5
303 304 12
304 305 18
305 306 18
306 307 7
307 308 16
308 309 10
309 310 1
310 311 8
311 312 20
312 313 2
313 314 10
314 315 13
315 316 13
316 317 20
317 318 10
318 319 6
319 320 8
320 321 6
321 322 13
322 323 11
323 324 1
324 325 17
325 326 15
326 327 16
327 328 18
328 329 11
329 330 12
330 331 17
331 332 5
332 333 15
333 334 12
334 335 13
335 336 16
336 337 6
337 338 16
338 339 17
339 340 13
340 341 9
341 342 16
342 343 3
343 344 3
344 345 4
345 346 15
346 347 9
347 348 11
348 349 17
349 350 1
350 351 20
351 352 20
352 353 15
353 354 19
354 355 9
355 356 5
356 357 18
357 358 7
358 359 6
359 360 1
360 361 15
361 362 6
362 363 12
363 364 11
364 365 13
365 366 5
366 367 7
367 368 19
368 369 20
369 370 13
370 371 9
371 372 20
372 373 11
373 374 3
374 375 5
375 376 3
376 377 2
377 378 10
378 379 2
379 380 3
380 381 14
381 382 1
382 383 12
383 384 4
384 385 13
385 386 4
386 387 14
387 388 8
388 389 12
389 390 6
390 391 12
391 392 2
392 393 10
393 394 19
394 395 19
395 396 10
396 397 4
397 398 3
398 399 10
399 400 2
400 401 14
401 402 17
402 403 15
403 404 12
404 405 18
405 406 17
406 407 6
407 408 20
408 409 13
409 410 7
410 411 7
411 412 14
412 413 8
413 414 5
414 415 13
415 416 11
416 417 11
417 418 20
418 419 2
419 420 13
420 421 8
421 422 19
422 423 19
423 424 5
424 425 14
425 426 12
426 427 13
427 428 11
428 429 7
429 430 13
430 431 18
431 432 2
432 433 11
433 434 20
434 435 12
435 436 11
436 437 6
437 438 1
438 439 8
439 440 12
440 441 20
441 442 11
442 443 1
443 444 8
444 445 12
445 446 17
446 447 14
447 448 18
448 449 14
449 450 6
450 451 13
451 452 19
452 453 11
453 454 10
454 455 15
455 456 9
456 457 13
457 458 9
458 459 6
459 460 18
460 461 7
461 462 20
462 463 16
463 464 6
464 465 16
465 466 6
466 467 12
467 468 14
468 469 8
469 470 1
470 471 5
471 472 18
472 473 19
473 474 20
474 475 19
475 476 16
476 477 13
477 478 17
478 479 18
479 480 7
480 481 3
481 482 8
482 483 13
483 484 4
484 485 17
485 486 11
486 487 14
487 488 10
488 489 2
489 490 4
490 491 18
491 492 11
492 493 16
493 494 5
494 495 6
495 496 19
496 497 16
497 498 5
498 499 19
499 500 7
500 501 8
501 502 16
502 503 14
503 504 8
504 505 11
505 506 5
506 507 10
507 508 8
508 509 20
509 510 18
510 511 3
511 512 10
512 513 1
513 514 15
514 515 9
515 516 10
516 517 1
517 518 2
518 519 12
519 520 13
520 521 18
521 522 4
522 523 4
523 524 12
524 525 1
525 526 14
526 527 9
527 528 8
528 529 14
529 530 13
530 531 8
531 532 20
532 533 11
533 534 9
534 535 12
535 536 5
536 537 17
537 538 10
538 539 2
539 540 6
540 541 13
541 542 5
542 543 15
543 544 7
544 545 6
545 546 20
546 547 17
547 548 9
548 549 11
549 550 7
550 551 6
551 552 20
552 553 10
553 554 6
554 555 12
555 556 8
556 557 17
557 558 14
558 559 19
559 560 11
560 561 18
561 562 20
562 563 13
563 564 18
564 565 16
565 566 6
566 567 8
567 568 17
568 569 1
569 570 16
570 571 6
571 572 5
572 573 14
573 574 3
574 575 3
575 576 2
576 577 11
577 578 19
578 579 6
579 580 2
580 581 3
581 582 17
582 583 14
583 584 12
584 585 19
585 586 12
586 587 17
587 588 1
588 589 2
589 590 5
590 591 7
591 592 8
592 593 18
593 594 19
594 595 7
595 596 20
596 597 8
597 598 15
598 599 9
599 600 7
600 601 20
601 602 18
602 603 15
603 604 11
604 605 8
605 606 7
606 607 1
607 608 10
608 609 1
609 610 15
610 611 11
611 612 13
612 613 20
613 614 8
614 615 12
615 616 15
616 617 4
617 618 6
618 619 5
619 620 5
620 621 2
621 622 15
622 623 3
623 624 12
624 625 14
625 626 14
626 627 7
627 628 17
628 629 4
629 630 5
630 631 15
631 632 3
632 633 7
633 634 16
634 635 17
635 636 9
636 637 7
637 638 11
638 639 5
639 640 1
640 641 16
641 642 4
642 643 8
643 644 1
644 645 19
645 646 4
646 647 1
647 648 11
648 649 8
649 650 12
650 651 5
651 652 17
652 653 3
653 654 17
654 655 6
655 656 19
656 657 20
657 658 15
658 659 18
659 660 8
660 661 16
661 662 2
662 663 2
663 664 4
664 665 10
665 666 10
666 667 6
667 668 14
668 669 11
669 670 10
670 671 12
671 672 11
672 673 8
673 674 4
674 675 5
675 676 6
676 677 5
677 678 2
678 679 18
679 680 9
680 681 10
681 682 18
682 683 11
683 684 18
684 685 2
685 686 14
686 687 6
687 688 8
688 689 18
689 690 14
690 691 20
691 692 13
692 693 16
693 694 13
694 695 9
695 696 10
696 697 18
697 698 18
698 699 18
699 700 8
700 701 1
701 702 18
702 703 6
703 704 14
704 705 14
705 706 14
706 707 20
707 708 12
708 709 17
709 710 19
710 711 15
711 712 12
712 713 2
713 714 14
714 715 18
715 716 16
716 717 15
717 718 12
718 719 17
719 720 20
720 721 19
721 722 5
722 723 16
723 724 10
724 725 11
725 726 11
726 727 18
727 728 8
728 729 7
729 730 8
730 731 12
731 732 12
732 733 20
733 734 11
734 735 8
735 736 17
736 737 2
737 738 8
738 739 4
739 740 6
740 741 14
741 742 15
742 743 20
743 744 20
744 745 4
745 746 6
746 747 20
747 748 2
748 749 3
749 750 14
750 751 2
751 752 12
752 753 4
753 754 17
754 755 3
755 756 8
756 757 1
757 758 14
758 759 3
759 760 17
760 761 6
761 762 4
762 763 3
763 764 3
764 765 6
765 766 10
766 767 18
767 768 15
768 769 11
769 770 4
770 771 11
771 772 4
772 773 7
773 774 19
774 775 5
775 776 3
776 777 3
777 778 12
778 779 5
779 780 19
780 781 17
781 782 20
782 783 9
783 784 16
784 785 9
785 786 13
786 787 20
787 788 20
788 789 2
789 790 16
790 791 9
791 792 3
792 793 10
793 794 13
794 795 17
795 796 15
796 797 16
797 798 11
798 799 9
799 800 15
800 801 13
801 802 10
802 803 2
803 804 19
804 805 9
805 806 19
806 807 7
807 808 7
808 809 1
809 810 5
810 811 2
811 812 2
812 813 2
813 814 4
814 815 10
815 816 8
816 817 6
817 818 20
818 819 17
819 820 6
820 821 19
821 822 11
822 823 17
823 824 1
824 825 15
825 826 20
826 827 14
827 828 10
828 829 2
829 830 8
830 831 12
831 832 3
832 833 9
833 834 20
834 835 8
835 836 3
836 837 16
837 838 3
838 839 14
839 840 2
840 841 8
841 842 1
842 843 4
843 844 3
844 845 12
845 846 3
846 847 18
847 848 16
848 849 8
849 850 10
850 851 6
851 852 20
852 853 6
853 854 18
854 855 6
855 856 12
856 857 4
857 858 9
858 859 4
859 860 17
860 861 19
861 862 10
862 863 2
863 864 19
864 865 6
865 866 20
866 867 6
867 868 8
868 869 20
869 870 10
870 871 5
871 872 3
872 873 19
873 874 10
874 875 14
875 876 19
876 877 6
877 878 10
878 879 19
879 880 11
880 881 13
881 882 14
882 883 18
883 884 18
884 885 5
885 886 12
886 887 9
887 888 16
888 889 12
889 890 4
890 891 10
891 892 14
892 893 16
893 894 10
894 895 5
895 896 5
896 897 20
897 898 9
898 899 10
899 900 1
900 901 11
901 902 3
902 903 19
903 904 11
904 905 9
905 906 18
906 907 7
907 908 4
908 909 19
909 910 3
910 911 1
911 912 3
912 913 9
913 914 16
914 915 12
915 916 2
916 917 14
917 918 8
918 919 4
919 920 19
920 921 1
921 922 15
922 923 15
923 924 6
924 925 15
925 926 13
926 927 1
927 928 10
928 929 6
929 930 6
930 931 9
931 932 16
932 933 6
933 934 1
934 935 7
935 936 13
936 937 19
937 938 5
938 939 18
939 940 18
940 941 12
941 942 10
942 943 18
943 944 10
944 945 9
945 946 15
946 947 9
947 948 3
948 949 5
949 950 4
950 951 16
951 952 17
952 953 18
953 954 6
954 955 1
955 956 1
956 957 5
957 958 10
958 959 3
959 960 4
960 961 7
961 962 19
962 963 9
963 964 14
964 965 19
965 966 17
966 967 14
967 968 7
968 969 20
969 970 13
970 971 7
971 972 8
972 973 7
973 974 10
974 975 20
975 976 14
976 977 12
977 978 5
978 979 11
979 980 6
980 981 14
981 982 13
982 983 10
983 984 6
984 985 5
985 986 9
986 987 11
987 988 19
988 989 14
989 990 3
990 991 17
991 992 12
992 993 9
993 994 12
994 995 18
995 996 1
996 997 10
997 998 14
998 999 5
999 1000 1
1000 1001 17
1001 1002 4
1002 1003 8
1003 1004 8
1004 1005 18
1005 1006 6
1006 1007 16
1007 1008 13
1008 1009 14
1009 1010 9
1010 1011 16
1011 1012 11
1012 1013 19
1013 1014 14
1014 1015 3
1015 1016 9
1016 1017 13
1017 1018 14
1018 1019 4
1019 1020 3
1020 1021 15
1021 1022 20
1022 1023 7
1023 1024 4
1024 1025 14
1025 1026 20
1026 1027 5
1027 1028 8
1028 1029 4
1029 1030 2
1030 1031 2
1031 1032 17
1032 1033 1
1033 1034 13
1034 1035 16
1035 1036 12
1036 1037 2
1037 1038 4
1038 1039 13
1039 1040 8
1040 1041 8
1041 1042 18
1042 1043 10
1043 1044 4
1044 1045 6
1045 1046 3
1046 1047 12
1047 1048 10
1048 1049 7
1049 1050 16
1050 1051 10
1051 1052 2
1052 1053 3
1053 1054 10
1054 1055 13
1055 1056 1
1056 1057 20
1057 1058 2
1058 1059 19
1059 1060 8
1060 1061 10
1061 1062 16
1062 1063 16
1063 1064 14
1064 1065 1
1065 1066 14
1066 1067 18
1067 1068 6
1068 1069 1
1069 1070 12
1070 1071 8
1071 1072 16
1072 1073 3
1073 1074 14
1074 1075 18
1075 1076 15
1076 1077 18
1077 1078 11
1078 1079 12
1079 1080 4
1080 1081 16
1081 1082 4
1082 1083 11
1083 1084 14
1084 1085 8
1085 1086 2
1086 1087 17
1087 1088 8
1088 1089 20
1089 1090 9
1090 1091 3
1091 1092 10
1092 1093 12
1093 1094 2
1094 1095 14
1095 1096 12
1096 1097 16
1097 1098 19
1098 1099 16
1099 1100 13
1100 1101 18
1101 1102 11
1102 1103 1
1103 1104 7
1104 1105 10
1105 1106 16
1106 1107 17
1107 1108 2
1108 1109 16
1109 1110 7
1110 1111 11
1111 1112 2
1112 1113 10
1113 1114 14
1114 1115 20
1115 1116 12
1116 1117 4
1117 1118 16
1118 1119 19
1119 1120 8
1120 1121 19
1121 1122 5
1122 1123 15
1123 1124 6
1124 1125 12
1125 1126 6
1126 1127 17
1127 1128 3
1128 1129 4
1129 1130 8
1130 1131 7
1131 1132 1
1132 1133 3
1133 1134 6
1134 1135 3
1135 1136 19
1136 1137 4
1137 1138 12
1138 1139 18
1139 1140 2
1140 1141 6
1141 1142 13
1142 1143 16
1143 1144 14
1144 1145 10
1145 1146 19
1146 1147 16
1147 1148 9
1148 1149 1
1149 1150 2
1150 1151 7
1151 1152 7
1152 1153 10
1153 1154 12
1154 1155 4
1155 1156 9
1156 1157 17
1157 1158 7
1158 1159 15
1159 1160 12
1160 1161 11
1161 1162 6
1162 1163 8
1163 1164 4
1164 1165 14
1165 1166 10
1166 1167 4
1167 1168 9
1168 1169 15
1169 1170 18
1170 1171 9
1171 1172 11
1172 1173 3
1173 1174 2
1174 1175 18
1175 1176 11
1176 1177 19
1177 1178 19
1178 1179 15
1179 1180 14
1180 1181 16
1181 1182 9
1182 1183 9
1183 1184 17
1184 1185 1
1185 1186 3
1186 1187 7
1187 1188 14
1188 1189 18
1189 1190 14
1190 1191 18
1191 1192 12
1192 1193 14
1193 1194 14
1194 1195 8
1195 1196 8
1196 1197 5
1197 1198 16
1198 1199 18
1199 1200 16
1200 1201 19
1201 1202 15
1202 1203 6
1203 1204 11
1204 1205 10
1205 1206 13
1206 1207 6
1207 1208 18
1208 1209 19
1209 1210 2
1210 1211 2
1211 1212 17
1212 1213 15
1213 1214 15
1214 1215 6
1215 1216 14
1216 1217 9
1217 1218 2
1218 1219 4
1219 1220 10
1220 1221 16
1221 1222 6
1222 1223 19
1223 1224 4
1224 1225 12
1225 1226 8
1226 1227 20
1227 1228 3
1228 1229 14
1229 1230 15
1230 1231 9
1231 1232 6
1232 1233 8
1233 1234 3
1234 1235 19
1235 1236 15
1236 1237 6
1237 1238 7
1238 1239 19
1239 1240 5
1240 1241 20
1241 1242 4
1242 1243 6
1243 1244 12
1244 1245 16
1245 1246 17
1246 1247 16
1247 1248 11
1248 1249 17
1249 1250 2
1250 1251 18
1251 1252 16
1252 1253 9
1253 1254 4
1254 1255 14
1255 1256 19
1256 1257 15
1257 1258 11
1258 1259 15
1259 1260 8
1260 1261 2
1261 1262 11
1262 1263 3
1263 1264 18
1264 1265 16
1265 1266 14
1266 1267 2
1267 1268 2
1268 1269 19
1269 1270 16
1270 1271 7
1271 1272 14
1272 1273 20
1273 1274 2
1274 1275 20
1275 1276 3
1276 1277 10
1277 1278 3
1278 1279 20
1279 1280 17
1280 1281 2
1281 1282 14
1282 1283 6
1283 1284 11
1284 1285 2
1285 1286 4
1286 1287 11
1287 1288 12
1288 1289 18
1289 1290 17
1290 1291 15
1291 1292 2
1292 1293 15
1293 1294 16
1294 1295 3
1295 1296 5
1296 1297 8
1297 1298 15
1298 1299 6
1299 1300 2
1300 1301 11
1301 1302 19
1302 1303 2
1303 1304 19
1304 1305 13
1305 1306 8
1306 1307 20
1307 1308 19
1308 1309 14
1309 1310 13
1310 1311 4
1311 1312 11
1312 1313 8
1313 1314 20
1314 1315 2
1315 1316 1
1316 1317 13
1317 1318 9
1318 1319 1
1319 1320 17
1320 1321 5
1321 1322 4
1322 1323 11
1323 1324 1
1324 1325 9
1325 1326 6
1326 1327 12
1327 1328 3
1328 1329 5
1329 1330 1
1330 1331 1
1331 1332 10
1332 1333 15
1333 1334 17
1334 1335 9
1335 1336 18
1336 1337 9
1337 1338 7
1338 1339 12
1339 1340 9
1340 1341 11
1341 1342 1
1342 1343 11
1343 1344 12
1344 1345 2
1345 1346 10
1346 1347 16
1347 1348 3
1348 1349 2
1349 1350 19
1350 1351 5
1351 1352 19
1352 1353 16
1353 1354 4
1354 1355 19
1355 1356 10
1356 1357 10
1357 1358 14
1358 1359 7
1359 1360 4
1360 1361 16
1361 1362 12
1362 1363 4
1363 1364 11
1364 1365 20
1365 1366 1
1366 1367 14
1367 1368 1
1368 1369 14
1369 1370 1
1370 1371 20
1371 1372 4
1372 1373 20
1373 1374 13
1374 1375 17
1375 1376 6
1376 1377 13
1377 1378 7
1378 1379 16
1379 1380 4
1380 1381 13
1381 1382 2
1382 1383 15
1383 1384 8
1384 1385 13
1385 1386 11
1386 1387 17
1387 1388 3
1388 1389 3
1389 1390 5
1390 1391 2
1391 1392 13
1392 1393 10
1393 1394 9
1394 1395 18
1395 1396 2
1396 1397 12
1397 1398 6
1398 1399 4
1399 1400 7
1400 1401 2
1401 1402 1
1402 1403 16
1403 1404 19
1404 1405 7
1405 1406 5
1406 1407 17
1407 1408 11
1408 1409 11
1409 1410 6
1410 1411 3
1411 1412 18
1412 1413 1
1413 1414 3
1414 1415 2
1415 1416 13
1416 1417 1
1417 1418 16
1418 1419 6
1419 1420 14
1420 1421 19
1421 1422 13
1422 1423 12
1423 1424 13
1424 1425 13
1425 1426 20
1426 1427 13
1427 1428 3
1428 1429 4
1429 1430 16
1430 1431 11
1431 1432 6
1432 1433 5
1433 1434 7
1434 1435 1
1435 1436 1
1436 1437 6
1437 1438 14
1438 1439 13
1439 1440 9
1440 1441 4
1441 1442 2
1442 1443 11
1443 1444 12
1444 1445 17
1445 1446 14
1446 1447 8
1447 1448 17
1448 1449 16
1449 1450 9
1450 1451 17
1451 1452 13
1452 1453 5
1453 1454 5
1454 1455 20
1455 1456 5
1456 1457 15
1457 1458 2
1458 1459 15
1459 1460 7
1460 1461 13
1461 1462 20
1462 1463 17
1463 1464 12
1464 1465 2
1465 1466 16
1466 1467 3
1467 1468 5
1468 1469 6
1469 1470 2
1470 1471 5
1471 1472 4
1472 1473 2
1473 1474 8
1474 1475 6
1475 1476 8
1476 1477 6
1477 1478 16
1478 1479 13
1479 1480 10
1480 1481 6
1481 1482 11
1482 1483 9
1483 1484 4
1484 1485 3
1485 1486 3
1486 1487 14
1487 1488 6
1488 1489 18
1489 1490 20
1490 1491 1
1491 1492 16
1492 1493 6
1493 1494 18
1494 1495 1
1495 1496 19
1496 1497 8
1497 1498 9
1498 1499 14
1499 1500 4
1500 1501 6
1501 1502 12
1502 1503 11
1503 1504 11
1504 1505 20
1505 1506 20
1506 1507 19
1507 1508 20
1508 1509 14
1509 1510 9
1510 1511 14
1511 1512 14
1512 1513 13
1513 1514 20
1514 1515 8
1515 1516 3
1516 1517 2
1517 1518 1
1518 1519 16
1519 1520 16
1520 1521 5
1521 1522 8
1522 1523 12
1523 1524 10
1524 1525 19
1525 1526 11
1526 1527 8
1527 1528 5
1528 1529 7
1529 1530 10
1530 1531 11
1531 1532 4
1532 1533 10
1533 1534 12
1534 1535 5
1535 1536 3
1536 1537 12
1537 1538 17
1538 1539 10
1539 1540 6
1540 1541 2
1541 1542 2
1542 1543 12
1543 1544 18
1544 1545 1
1545 1546 4
1546 1547 12
1547 1548 4
1548 1549 17
1549 1550 4
1550 1551 10
1551 1552 12
1552 1553 15
1553 1554 14
1554 1555 12
1555 1556 19
1556 1557 8
1557 1558 8
1558 1559 5
1559 1560 8
1560 1561 18
1561 1562 6
1562 1563 9
1563 1564 4
1564 1565 11
1565 1566 4
1566 1567 1
1567 1568 15
1568 1569 10
1569 1570 20
1570 1571 19
1571 1572 6
1572 1573 6
1573 1574 8
1574 1575 6
1575 1576 7
1576 1577 12
1577 1578 11
1578 1579 2
1579 1580 3
1580 1581 2
1581 1582 5
1582 1583 14
1583 1584 10
1584 1585 14
1585 1586 9
1586 1587 11
1587 1588 12
1588 1589 4
1589 1590 5
1590 1591 13
1591 1592 4
1592 1593 11
1593 1594 7
1594 1595 13
1595 1596 6
1596 1597 17
1597 1598 7
1598 1599 5
1599 1600 19
1600 1601 10
1601 1602 13
1602 1603 19
1603 1604 17
1604 1605 8
1605 1606 14
1606 1607 20
1607 1608 13
1608 1609 20
1609 1610 3
1610 1611 2
1611 1612 5
1612 1613 2
1613 1614 5
1614 1615 13
1615 1616 9
1616 1617 2
1617 1618 10
1618 1619 5
1619 1620 14
1620 1621 7
1621 1622 4
1622 1623 5
1623 1624 4
1624 1625 2
1625 1626 17
1626 1627 6
1627 1628 5
1628 1629 8
1629 1630 19
1630 1631 7
1631 1632 17
1632 1633 4
1633 1634 8
1634 1635 6
1635 1636 2
1636 1637 14
1637 1638 7
1638 1639 4
1639 1640 7
1640 1641 7
1641 1642 19
1642 1643 10
1643 1644 2
1644 1645 12
1645 1646 20
1646 1647 14
1647 1648 18
1648 1649 16
1649 1650 7
1650 1651 1
1651 1652 16
1652 1653 10
1653 1654 17
1654 1655 2
1655 1656 18
1656 1657 14
1657 1658 14
1658 1659 13
1659 1660 7
1660 1661 5
1661 1662 14
1662 1663 19
1663 1664 1
1664 1665 8
1665 1666 18
1666 1667 4
1667 1668 3
1668 1669 14
1669 1670 10
1670 1671 15
1671 1672 20
1672 1673 6
1673 1674 3
1674 1675 13
1675 1676 1
1676 1677 11
1677 1678 8
1678 1679 19
1679 1680 20
1680 1681 7
1681 1682 15
1682 1683 5
1683 1684 7
1684 1685 11
1685 1686 1
1686 1687 10
1687 1688 8
1688 1689 15
1689 1690 13
1690 1691 8
1691 1692 4
1692 1693 9
1693 1694 15
1694 1695 11
1695 1696 17
1696 1697 1
1697 1698 2
1698 1699 13
1699 1700 10
1700 1701 11
1701 1702 14
1702 1703 2
1703 1704 10
1704 1705 16
1705 1706 10
1706 1707 7
1707 1708 16
1708 1709 7
1709 1710 10
1710 1711 15
1711 1712 16
1712 1713 19
1713 1714 5
1714 1715 7
1715 1716 9
1716 1717 15
1717 1718 6
1718 1719 11
1719 1720 11
1720 1721 2
1721 1722 15
1722 1723 19
1723 1724 14
1724 1725 20
1725 1726 6
1726 1727 12
1727 1728 1
1728 1729 17
1729 1730 17
1730 1731 14
1731 1732 17
1732 1733 8
1733 1734 11
1734 1735 18
1735 1736 7
1736 1737 7
1737 1738 4
1738 1739 6
1739 1740 3
1740 1741 15
1741 1742 14
1742 1743 1
1743 1744 4
1744 1745 6
1745 1746 9
1746 1747 18
1747 1748 9
1748 1749 18
1749 1750 4
1750 1751 13
1751 1752 20
1752 1753 5
1753 1754 20
1754 1755 5
1755 1756 15
1756 1757 3
1757 1758 19
1758 1759 5
1759 1760 18
1760 1761 12
1761 1762 12
1762 1763 15
1763 1764 4
1764 1765 3
1765 1766 13
1766 1767 3
1767 1768 15
1768 1769 12
1769 1770 14
1770 1771 20
1771 1772 10
1772 1773 11
1773 1774 10
1774 1775 20
1775 1776 7
1776 1777 16
1777 1778 14
1778 1779 18
1779 1780 10
1780 1781 6
1781 1782 9
1782 1783 3
1783 1784 5
1784 1785 15
1785 1786 19
1786 1787 14
1787 1788 19
1788 1789 2
1789 1790 5
1790 1791 4
1791 1792 17
1792 1793 20
1793 1794 7
1794 1795 12
1795 1796 11
1796 1797 2
1797 1798 17
1798 1799 8
1799 1800 10
1800 1801 1
1801 1802 5
1802 1803 20
1803 1804 15
1804 1805 15
1805 1806 3
1806 1807 15
1807 1808 20
1808 1809 5
1809 1810 13
1810 1811 10
1811 1812 16
1812 1813 4
1813 1814 11
1814 1815 17
1815 1816 5
1816 1817 4
1817 1818 4
1818 1819 14
1819 1820 15
1820 1821 18
1821 1822 5
1822 1823 7
1823 1824 12
1824 1825 12
1825 1826 7
1826 1827 15
1827 1828 13
1828 1829 20
1829 1830 3
1830 1831 11
1831 1832 10
1832 1833 10
1833 1834 13
1834 1835 14
1835 1836 4
1836 1837 20
1837 1838 16
1838 1839 18
1839 1840 11
1840 1841 6
1841 1842 4
1842 1843 9
1843 1844 6
1844 1845 12
1845 1846 4
1846 1847 16
1847 1848 16
1848 1849 4
1849 1850 20
1850 1851 13
1851 1852 7
1852 1853 9
1853 1854 14
1854 1855 4
1855 1856 15
1856 1857 12
1857 1858 9
1858 1859 20
1859 1860 12
1860 1861 13
1861 1862 16
1862 1863 17
1863 1864 10
1864 1865 10
1865 1866 11
1866 1867 15
1867 1868 8
1868 1869 14
1869 1870 19
1870 1871 15
1871 1872 3
1872 1873 14
1873 1874 5
1874 1875 18
1875 1876 5
1876 1877 6
1877 1878 9
1878 1879 1
1879 1880 6
1880 1881 15
1881 1882 19
1882 1883 2
1883 1884 3
1884 1885 6
1885 1886 11
1886 1887 4
1887 1888 13
1888 1889 15
1889 1890 13
1890 1891 13
1891 1892 14
1892 1893 5
1893 1894 5
1894 1895 17
1895 1896 16
1896 1897 11
1897 1898 7
1898 1899 13
1899 1900 13
1900 1901 8
1901 1902 9
1902 1903 20
1903 1904 4
1904 1905 17
1905 1906 12
1906 1907 16
1907 1908 8
1908 1909 15
1909 1910 10
1910 1911 16
1911 1912 19
1912 1913 8
1913 1914 3
1914 1915 11
1915 1916 3
1916 1917 12
1917 1918 8
1918 1919 7
1919 1920 1
1920 1921 14
1921 1922 5
1922 1923 14
1923 1924 13
1924 1925 3
1925 1926 12
1926 1927 11
1927 1928 1
1928 1929 15
1929 1930 1
1930 1931 15
1931 1932 11
1932 1933 12
1933 1934 19
1934 1935 7
1935 1936 7
1936 1937 16
1937 1938 10
1938 1939 6
1939 1940 2
1940 1941 17
1941 1942 17
1942 1943 16
1943 1944 1
1944 1945 19
1945 1946 17
1946 1947 1
1947 1948 11
1948 1949 15
1949 1950 20
1950 1951 14
1951 1952 19
1952 1953 17
1953 1954 1
1954 1955 4
1955 1956 11
1956 1957 9
1957 1958 10
1958 1959 10
1959 1960 7
1960 1961 17
1961 1962 12
1962 1963 6
1963 1964 3
1964 1965 20
1965 1966 2
1966 1967 19
1967 1968 9
1968 1969 4
1969 1970 1
1970 1971 18
1971 1972 10
1972 1973 17
1973 1974 18
1974 1975 20
1975 1976 7
1976 1977 20
1977 1978 7
1978 1979 4
1979 1980 14
1980 1981 18
1981 1982 19
1982 1983 11
1983 1984 6
1984 1985 2
1985 1986 7
1986 1987 12
1987 1988 3
1988 1989 5
1989 1990 17
1990 1991 10
1991 1992 17
1992 1993 3
1993 1994 18
1994 1995 15
1995 1996 6
1996 1997 2
1997 1998 17
1998 1999 13
1999 2000 2
2000 2001 18
2001 2002 11
2002 2003 5
2003 2004 10
2004 2005 10
2005 2006 20
2006 2007 8
2007 2008 16
2008 2009 20
2009 2010 1
2010 2011 3
2011 2012 17
2012 2013 12
2013 2014 19
2014 2015 19
2015 2016 9
2016 2017 8
2017 2018 10
2018 2019 20
2019 2020 12
2020 2021 19
2021 2022 2
2022 2023 9
2023 2024 3
2024 2025 18
2025 2026 8
2026 2027 15
2027 2028 8
2028 2029 11
2029 2030 13
2030 2031 20
2031 2032 6
2032 2033 1
2033 2034 13
2034 2035 9
2035 2036 14
2036 2037 11
2037 2038 18
2038 2039 5
2039 2040 6
2040 2041 9
2041 2042 20
2042 2043 11
2043 2044 6
2044 2045 19
2045 2046 18
2046 2047 10
2047 2048 10
2048 2049 10
2049 2050 5
2050 2051 4
2051 2052 19
2052 2053 2
2053 2054 18
2054 2055 2
2055 2056 12
2056 2057 4
2057 2058 8
2058 2059 6
2059 2060 16
2060 2061 6
2061 2062 12
2062 2063 8
2063 2064 17
2064 2065 4
2065 2066 16
2066 2067 19
2067 2068 17
2068 2069 7
2069 2070 2
2070 2071 16
2071 2072 3
2072 2073 9
2073 2074 2
2074 2075 6
2075 2076 17
2076 2077 1
2077 2078 3
2078 2079 18
2079 2080 8
2080 2081 11
2081 2082 15
2082 2083 4
2083 2084 17
2084 2085 3
2085 2086 16
2086 2087 3
2087 2088 1
2088 2089 12
2089 2090 3
2090 2091 17
2091 2092 2
2092 2093 7
2093 2094 18
2094 2095 16
2095 2096 6
2096 2097 15
2097 2098 10
2098 2099 6
2099 2100 14
2100 2101 3
2101 2102 11
2102 2103 12
2103 2104 14
2104 2105 14
2105 2106 12
2106 2107 20
2107 2108 1
2108 2109 19
2109 2110 8
2110 2111 9
2111 2112 1
2112 2113 18
2113 2114 8
2114 2115 18
2115 2116 4
2116 2117 5
2117 2118 17
2118 2119 1
2119 2120 12
2120 2121 17
2121 2122 20
2122 2123 11
2123 2124 4
2124 2125 4
2125 2126 4
2126 2127 16
2127 2128 10
2128 2129 8
2129 2130 17
2130 2131 7
2131 2132 11
2132 2133 15
2133 2134 15
2134 2135 8
2135 2136 7
2136 2137 1
2137 2138 2
2138 2139 7
2139 2140 17
2140 2141 3
2141 2142 2
2142 2143 15
2143 2144 4
2144 2145 3
2145 2146 12
2146 2147 7
2147 2148 3
2148 2149 12
2149 2150 3
2150 2151 9
2151 2152 15
2152 2153 12
2153 2154 2
2154 2155 16
2155 2156 16
2156 2157 14
2157 2158 5
2158 2159 11
2159 2160 5
2160 2161 4
2161 2162 18
2162 2163 6
2163 2164 4
2164 2165 11
2165 2166 14
2166 2167 4
2167 2168 13
2168 2169 6
2169 2170 12
2170 2171 2
2171 2172 2
2172 2173 16
2173 2174 13
2174 2175 9
2175 2176 8
2176 2177 8
2177 2178 1
2178 2179 20
2179 2180 11
2180 2181 16
2181 2182 20
2182 2183 11
2183 2184 20
2184 2185 1
2185 2186 12
2186 2187 5
2187 2188 4
2188 2189 13
2189 2190 17
2190 2191 5
2191 2192 17
2192 2193 12
2193 2194 9
2194 2195 18
2195 2196 3
2196 2197 18
2197 2198 3
2198 2199 7
2199 2200 18
2200 2201 13
2201 2202 17
2202 2203 5
2203 2204 15
2204 2205 18
2205 2206 3
2206 2207 9
2207 2208 12
2208 2209 18
2209 2210 6
2210 2211 16
2211 2212 5
2212 2213 15
2213 2214 14
2214 2215 17
2215 2216 19
2216 2217 11
2217 2218 1
2218 2219 6
2219 2220 3
2220 2221 13
2221 2222 12
2222 2223 9
2223 2224 19
2224 2225 7
2225 2226 20
2226 2227 9
2227 2228 11
2228 2229 15
2229 2230 2
2230 2231 6
2231 2232 8
2232 2233 4
2233 2234 15
2234 2235 14
2235 2236 14
2236 2237 6
2237 2238 2
2238 2239 1
2239 2240 9
2240 2241 5
2241 2242 4
2242 2243 13
2243 2244 10
2244 2245 9
2245 2246 14
2246 2247 10
2247 2248 7
2248 2249 18
2249 2250 7
2250 2251 17
2251 2252 5
2252 2253 19
2253 2254 20
2254 2255 5
2255 2256 13
2256 2257 5
2257 2258 14
2258 2259 19
2259 2260 10
2260 2261 18
2261 2262 3
2262 2263 7
2263 2264 1
2264 2265 7
2265 2266 5
2266 2267 2
2267 2268 1
2268 2269 20
2269 2270 7
2270 2271 18
2271 2272 16
2272 2273 7
2273 2274 6
2274 2275 13
2275 2276 8
2276 2277 1
2277 2278 10
2278 2279 13
2279 2280 15
2280 2281 3
2281 2282 2
2282 2283 6
2283 2284 10
2284 2285 3
2285 2286 15
2286 2287 14
2287 2288 17
2288 2289 13
2289 2290 17
2290 2291 20
2291 2292 12
2292 2293 6
2293 2294 7
2294 2295 16
2295 2296 14
2296 2297 20
2297 2298 7
2298 2299 12
2299 2300 6
2300 2301 2
2301 2302 14
2302 2303 19
2303 2304 9
2304 2305 19
2305 2306 19
2306 2307 16
2307 2308 17
2308 2309 18
2309 2310 13
2310 2311 20
2311 2312 6
2312 2313 19
2313 2314 5
2314 2315 11
2315 2316 19
2316 2317 2
2317 2318 15
2318 2319 9
2319 2320 19
2320 2321 2
2321 2322 5
2322 2323 7
2323 2324 4
2324 2325 8
2325 2326 7
2326 2327 1
2327 2328 19
2328 2329 9
2329 2330 13
2330 2331 2
2331 2332 20
2332 2333 10
2333 2334 12
2334 2335 4
2335 2336 17
2336 2337 7
2337 2338 1
2338 2339 11
2339 2340 10
2340 2341 1
2341 2342 12
2342 2343 18
2343 2344 20
2344 2345 9
2345 2346 17
2346 2347 5
2347 2348 19
2348 2349 10
2349 2350 12
2350 2351 19
2351 2352 1
2352 2353 3
2353 2354 17
2354 2355 18
2355 2356 17
2356 2357 5
2357 2358 6
2358 2359 11
2359 2360 7
2360 2361 4
2361 2362 12
2362 2363 4
2363 2364 9
2364 2365 9
2365 2366 12
2366 2367 2
2367 2368 19
2368 2369 18
2369 2370 20
2370 2371 8
2371 2372 10
2372 2373 2
2373 2374 8
2374 2375 18
2375 2376 8
2376 2377 8
2377 2378 7
2378 2379 15
2379 2380 8
2380 2381 10
2381 2382 19
2382 2383 19
2383 2384 12
2384 2385 4
2385 2386 15
2386 2387 5
2387 2388 3
2388 2389 19
2389 2390 14
2390 2391 3
2391 2392 17
2392 2393 16
2393 2394 4
2394 2395 7
2395 2396 9
2396 2397 10
2397 2398 20
2398 2399 16
2399 2400 3
2400 2401 9
2401 2402 2
2402 2403 18
2403 2404 17
2404 2405 3
2405 2406 2
2406 2407 5
2407 2408 15
2408 2409 18
2409 2410 9
2410 2411 17
2411 2412 17
2412 2413 17
2413 2414 14
2414 2415 14
2415 2416 15
2416 2417 4
2417 2418 5
2418 2419 20
2419 2420 13
2420 2421 9
2421 2422 11
2422 2423 5
2423 2424 8
2424 2425 10
2425 2426 11
2426 2427 10
2427 2428 9
2428 2429 15
2429 2430 10
2430 2431 8
2431 2432 14
2432 2433 20
2433 2434 12
2434 2435 3
2435 2436 17
2436 2437 9
2437 2438 4
2438 2439 11
2439 2440 8
2440 2441 19
2441 2442 13
2442 2443 5
2443 2444 17
2444 2445 8
2445 2446 14
2446 2447 3
2447 2448 8
2448 2449 19
2449 2450 17
2450 2451 9
2451 2452 7
2452 2453 11
2453 2454 1
2454 2455 6
2455 2456 1
2456 2457 10
2457 2458 17
2458 2459 8
2459 2460 19
2460 2461 13
2461 2462 9
2462 2463 11
2463 2464 16
2464 2465 7
2465 2466 18
2466 2467 10
2467 2468 2
2468 2469 15
2469 2470 11
2470 2471 8
2471 2472 13
2472 2473 6
2473 2474 10
2474 2475 6
2475 2476 7
2476 2477 13
2477 2478 2
2478 2479 15
2479 2480 2
2480 2481 16
2481 2482 12
2482 2483 7
2483 2484 13
2484 2485 8
2485 2486 11
2486 2487 16
2487 2488 10
2488 2489 18
2489 2490 19
2490 2491 3
2491 2492 20
2492 2493 14
2493 2494 9
2494 2495 6
2495 2496 4
2496 2497 1
2497 2498 13
2498 2499 8
2499 2500 12
2500 2501 20
2501 2502 4
2502 2503 13
2503 2504 9
2504 2505 18
2505 2506 4
2506 2507 6
2507 2508 13
2508 2509 5
2509 2510 17
2510 2511 10
2511 2512 8
2512 2513 16
2513 2514 20
2514 2515 6
2515 2516 18
2516 2517 17
2517 2518 6
2518 2519 9
2519 2520 19
2520 2521 11
2521 2522 19
2522 2523 6
2523 2524 15
2524 2525 9
2525 2526 15
2526 2527 13
2527 2528 19
2528 2529 8
2529 2530 3
2530 2531 2
2531 2532 7
2532 2533 5
2533 2534 9
2534 2535 9
2535 2536 12
2536 2537 11
2537 2538 2
2538 2539 14
2539 2540 9
2540 2541 2
2541 2542 20
2542 2543 12
2543 2544 7
2544 2545 1
2545 2546 8
2546 2547 12
2547 2548 17
2548 2549 7
2549 2550 20
2550 2551 11
2551 2552 20
2552 2553 19
2553 2554 1
2554 2555 5
2555 2556 13
2556 2557 12
2557 2558 10
2558 2559 17
2559 2560 7
2560 2561 5
2561 2562 10
2562 2563 12
2563 2564 8
2564 2565 19
2565 2566 20
2566 2567 4
2567 2568 6
2568 2569 7
2569 2570 19
2570 2571 12
2571 2572 19
2572 2573 6
2573 2574 20
2574 2575 20
2575 2576 8
2576 2577 20
2577 2578 10
2578 2579 17
2579 2580 10
2580 2581 9
2581 2582 6
2582 2583 4
2583 2584 17
2584 2585 18
2585 2586 7
2586 2587 18
2587 2588 5
2588 2589 14
2589 2590 10
2590 2591 1
2591 2592 12
2592 2593 4
2593 2594 3
2594 2595 20
2595 2596 4
2596 2597 11
2597 2598 2
2598 2599 20
2599 2600 8
2600 2601 14
2601 2602 10
2602 2603 15
2603 2604 1
2604 2605 14
2605 2606 6
2606 2607 10
2607 2608 14
2608 2609 13
2609 2610 9
2610 2611 12
2611 2612 20
2612 2613 17
2613 2614 6
2614 2615 1
2615 2616 19
2616 2617 13
2617 2618 7
2618 2619 5
2619 2620 13
2620 2621 20
2621 2622 1
2622 2623 8
2623 2624 3
2624 2625 2
2625 2626 8
2626 2627 19
2627 2628 17
2628 2629 5
2629 2630 13
2630 2631 12
2631 2632 10
2632 2633 10
2633 2634 8
2634 2635 2
2635 2636 15
2636 2637 11
2637 2638 18
2638 2639 14
2639 2640 20
2640 2641 10
2641 2642 18
2642 2643 12
2643 2644 10
2644 2645 14
2645 2646 11
2646 2647 9
2647 2648 16
2648 2649 12
2649 2650 5
2650 2651 10
2651 2652 3
2652 2653 17
2653 2654 14
2654 2655 1
2655 2656 10
2656 2657 19
2657 2658 2
2658 2659 7
2659 2660 11
2660 2661 14
2661 2662 9
2662 2663 10
2663 2664 20
2664 2665 14
2665 2666 1
2666 2667 10
2667 2668 10
2668 2669 10
2669 2670 6
2670 2671 16
2671 2672 2
2672 2673 12
2673 2674 2
2674 2675 14
2675 2676 5
2676 2677 13
2677 2678 17
2678 2679 18
2679 2680 3
2680 2681 11
2681 2682 20
2682 2683 12
2683 2684 19
2684 2685 4
2685 2686 2
2686 2687 14
2687 2688 13
2688 2689 18
2689 2690 11
2690 2691 8
2691 2692 13
2692 2693 7
2693 2694 11
2694 2695 15
2695 2696 12
2696 2697 17
2697 2698 11
2698 2699 10
2699 2700 2
2700 2701 2
2701 2702 7
2702 2703 14
2703 2704 2
2704 2705 8
2705 2706 12
2706 2707 3
2707 2708 2
2708 2709 17
2709 2710 3
2710 2711 7
2711 2712 16
2712 2713 11
2713 2714 1
2714 2715 19
2715 2716 7
2716 2717 2
2717 2718 10
2718 2719 12
2719 2720 10
2720 2721 7
2721 2722 4
2722 2723 6
2723 2724 14
2724 2725 7
2725 2726 13
2726 2727 9
2727 2728 12
2728 2729 4
2729 2730 20
2730 2731 2
2731 2732 12
2732 2733 8
2733 2734 3
2734 2735 1
2735 2736 15
2736 2737 11
2737 2738 10
2738 2739 10
2739 2740 20
2740 2741 4
2741 2742 2
2742 2743 11
2743 2744 9
2744 2745 18
2745 2746 16
2746 2747 10
2747 2748 16
2748 2749 5
2749 2750 14
2750 2751 15
2751 2752 2
2752 2753 16
2753 2754 13
2754 2755 17
2755 2756 9
2756 2757 18
2757 2758 15
2758 2759 11
2759 2760 3
2760 2761 8
2761 2762 13
2762 2763 11
2763 2764 13
2764 2765 1
2765 2766 2
2766 2767 2
2767 2768 13
2768 2769 20
2769 2770 8
2770 2771 13
2771 2772 20
2772 2773 17
2773 2774 13
2774 2775 7
2775 2776 12
2776 2777 18
2777 2778 11
2778 2779 16
2779 2780 4
2780 2781 8
2781 2782 20
2782 2783 8
2783 2784 11
2784 2785 19
2785 2786 18
2786 2787 17
2787 2788 13
2788 2789 14
2789 2790 18
2790 2791 6
2791 2792 16
2792 2793 13
2793 2794 6
2794 2795 8
2795 2796 8
2796 2797 8
2797 2798 9
2798 2799 13
2799 2800 3
2800 2801 1
2801 2802 2
2802 2803 14
2803 2804 10
2804 2805 7
2805 2806 20
2806 2807 9
2807 2808 12
2808 2809 2
2809 2810 13
2810 2811 6
2811 2812 19
2812 2813 15
2813 2814 3
2814 2815 17
2815 2816 2
2816 2817 8
2817 2818 17
2818 2819 18
2819 2820 15
2820 2821 12
2821 2822 17
2822 2823 1
2823 2824 11
2824 2825 15
2825 2826 17
2826 2827 6
2827 2828 16
2828 2829 19
2829 2830 17
2830 2831 16
2831 2832 4
2832 2833 18
2833 2834 5
2834 2835 12
2835 2836 2
2836 2837 9
2837 2838 5
2838 2839 14
2839 2840 19
2840 2841 7
2841 2842 11
2842 2843 14
2843 2844 12
2844 2845 16
2845 2846 19
2846 2847 18
2847 2848 4
2848 2849 3
2849 2850 20
2850 2851 8
2851 2852 9
2852 2853 11
2853 2854 16
2854 2855 9
2855 2856 1
2856 2857 10
2857 2858 10
2858 2859 19
2859 2860 11
2860 2861 11
2861 2862 18
2862 2863 3
2863 2864 13
2864 2865 11
2865 2866 3
2866 2867 10
2867 2868 13
2868 2869 2
2869 2870 11
2870 2871 7
2871 2872 14
2872 2873 9
2873 2874 11
2874 2875 12
2875 2876 11
2876 2877 17
2877 2878 1
2878 2879 17
2879 2880 4
2880 2881 3
2881 2882 1
2882 2883 16
2883 2884 3
2884 2885 19
2885 2886 15
2886 2887 3
2887 2888 10
2888 2889 12
2889 2890 1
2890 2891 4
2891 2892 2
2892 2893 5
2893 2894 10
2894 2895 11
2895 2896 3
2896 2897 18
2897 2898 10
2898 2899 4
2899 2900 19
2900 2901 13
2901 2902 19
2902 2903 19
2903 2904 10
2904 2905 8
2905 2906 15
2906 2907 9
2907 2908 3
2908 2909 2
2909 2910 5
2910 2911 7
2911 2912 17
2912 2913 7
2913 2914 6
2914 2915 19
2915 2916 19
2916 2917 18
2917 2918 13
2918 2919 17
2919 2920 7
2920 2921 1
2921 2922 12
2922 2923 17
2923 2924 8
2924 2925 7
2925 2926 16
2926 2927 2
2927 2928 19
2928 2929 3
2929 2930 3
2930 2931 2
2931 2932 13
2932 2933 15
2933 2934 7
2934 2935 14
2935 2936 5
2936 2937 8
2937 2938 6
2938 2939 1
2939 2940 15
2940 2941 19
2941 2942 19
2942 2943 4
2943 2944 4
2944 2945 1
2945 2946 6
2946 2947 16
2947 2948 11
2948 2949 16
2949 2950 3
2950 2951 12
2951 2952 8
2952 2953 12
2953 2954 18
2954 2955 9
2955 2956 16
2956 2957 8
2957 2958 20
2958 2959 4
2959 2960 12
2960 2961 2
2961 2962 20
2962 2963 4
2963 2964 11
2964 2965 10
2965 2966 12
2966 2967 16
2967 2968 20
2968 2969 9
2969 2970 20
2970 2971 4
2971 2972 8
2972 2973 20
2973 2974 5
2974 2975 14
2975 2976 10
2976 2977 16
2977 2978 2
2978 2979 5
2979 2980 13
2980 2981 19
2981 2982 4
2982 2983 8
2983 2984 1
2984 2985 17
2985 2986 1
2986 2987 16
2987 2988 19
2988 2989 10
2989 2990 11
2990 2991 14
2991 2992 3
2992 2993 5
2993 2994 18
2994 2995 9
2995 2996 9
2996 2997 8
2997 2998 6
2998 2999 12
2999 3000 19
3000 3001 4
3001 3002 4
3002 3003 9
3003 3004 5
3004 3005 12
3005 3006 19
3006 3007 2
3007 3008 16
3008 3009 20
3009 3010 10
3010 3011 11
3011 3012 6
3012 3013 9
3013 3014 15
3014 3015 20
3015 3016 18
3016 3017 17
3017 3018 14
3018 3019 8
3019 3020 12
3020 3021 6
3021 3022 13
3022 3023 16
3023 3024 8
3024 3025 20
3025 3026 7
3026 3027 17
3027 3028 14
3028 3029 9
3029 3030 8
3030 3031 11
3031 3032 12
3032 3033 17
3033 3034 5
3034 3035 19
3035 3036 14
3036 3037 20
3037 3038 16
3038 3039 12
3039 3040 16
3040 3041 16
3041 3042 4
3042 3043 4
3043 3044 10
3044 3045 13
3045 3046 8
3046 3047 7
3047 3048 16
3048 3049 2
3049 3050 12
3050 3051 20
3051 3052 16
3052 3053 14
3053 3054 19
3054 3055 6
3055 3056 9
3056 3057 10
3057 3058 17
3058 3059 20
3059 3060 15
3060 3061 9
3061 3062 7
3062 3063 12
3063 3064 15
3064 3065 18
3065 3066 4
3066 3067 14
3067 3068 7
3068 3069 4
3069 3070 13
3070 3071 8
3071 3072 13
3072 3073 20
3073 3074 19
3074 3075 12
3075 3076 19
3076 3077 19
3077 3078 9
3078 3079 20
3079 3080 16
3080 3081 6
3081 3082 7
3082 3083 19
3083 3084 17
3084 3085 12
3085 3086 18
3086 3087 9
3087 3088 5
3088 3089 12
3089 3090 13
3090 3091 1
3091 3092 12
3092 3093 1
3093 3094 18
3094 3095 18
3095 3096 16
3096 3097 10
3097 3098 1
3098 3099 14
3099 3100 8
3100 3101 8
3101 3102 1
3102 3103 2
3103 3104 7
3104 3105 3
3105 3106 7
3106 3107 16
3107 3108 14
3108 3109 16
3109 3110 3
3110 3111 9
3111 3112 20
3112 3113 12
3113 3114 20
3114 3115 6
3115 3116 5
3116 3117 5
3117 3118 2
3118 3119 1
3119 3120 5
3120 3121 3
3121 3122 9
3122 3123 3
3123 3124 12
3124 3125 13
3125 3126 15
3126 3127 16
3127 3128 14
3128 3129 18
3129 3130 5
3130 3131 1
3131 3132 11
3132 3133 14
3133 3134 7
3134 3135 10
3135 3136 10
3136 3137 14
3137 3138 16
3138 3139 12
3139 3140 4
3140 3141 16
3141 3142 19
3142 3143 6
3143 3144 6
3144 3145 16
3145 3146 11
3146 3147 12
3147 3148 17
3148 3149 16
3149 3150 7
3150 3151 9
3151 3152 14
3152 3153 9
3153 3154 1
3154 3155 2
3155 3156 10
3156 3157 10
3157 3158 13
3158 3159 19
3159 3160 13
3160 3161 10
3161 3162 4
3162 3163 13
3163 3164 16
3164 3165 10
3165 3166 7
3166 3167 15
3167 3168 6
3168 3169 16
3169 3170 3
3170 3171 11
3171 3172 18
3172 3173 13
3173 3174 15
3174 3175 3
3175 3176 2
3176 3177 3
3177 3178 15
3178 3179 15
3179 3180 15
3180 3181 6
3181 3182 10
3182 3183 12
3183 3184 20
3184 3185 6
3185 3186 1
3186 3187 19
3187 3188 18
3188 3189 14
3189 3190 13
3190 3191 1
3191 3192 7
3192 3193 10
3193 3194 8
3194 3195 2
3195 3196 16
3196 3197 1
3197 3198 15
3198 3199 8
3199 3200 15
3200 3201 3
3201 3202 20
3202 3203 20
3203 3204 19
3204 3205 10
3205 3206 8
3206 3207 19
3207 3208 3
3208 3209 2
3209 3210 17
3210 3211 9
3211 3212 8
3212 3213 1
3213 3214 2
3214 3215 3
3215 3216 13
3216 3217 9
3217 3218 6
3218 3219 12
3219 3220 9
3220 3221 19
3221 3222 10
3222 3223 14
3223 3224 14
3224 3225 17
3225 3226 17
3226 3227 13
3227 3228 10
3228 3229 17
3229 3230 17
3230 3231 13
3231 3232 9
3232 3233 4
3233 3234 2
3234 3235 6
3235 3236 13
3236 3237 12
3237 3238 20
3238 3239 2
3239 3240 5
3240 3241 4
3241 3242 17
3242 3243 7
3243 3244 2
3244 3245 16
3245 3246 11
3246 3247 3
3247 3248 16
3248 3249 2
3249 3250 2
3250 3251 20
3251 3252 8
3252 3253 17
3253 3254 6
3254 3255 16
3255 3256 8
3256 3257 13
3257 3258 20
3258 3259 10
3259 3260 5
3260 3261 20
3261 3262 5
3262 3263 11
3263 3264 20
3264 3265 20
3265 3266 18
3266 3267 8
3267 3268 9
3268 3269 15
3269 3270 6
3270 3271 12
3271 3272 15
3272 3273 3
3273 3274 7
3274 3275 8
3275 3276 17
3276 3277 6
3277 3278 1
3278 3279 12
3279 3280 20
3280 3281 19
3281 3282 15
3282 3283 7
3283 3284 9
3284 3285 4
3285 3286 13
3286 3287 18
3287 3288 10
3288 3289 17
3289 3290 3
3290 3291 9
3291 3292 1
3292 3293 7
3293 3294 20
3294 3295 4
3295 3296 10
3296 3297 14
3297 3298 11
3298 3299 4
3299 3300 9
3300 3301 20
3301 3302 19
3302 3303 11
3303 3304 3
3304 3305 5
3305 3306 3
3306 3307 17
3307 3308 6
3308 3309 5
3309 3310 9
3310 3311 1
3311 3312 5
3312 3313 16
3313 3314 19
3314 3315 14
3315 3316 9
3316 3317 12
3317 3318 16
3318 3319 14
3319 3320 4
3320 3321 16
3321 3322 6
3322 3323 7
3323 3324 20
3324 3325 14
3325 3326 5
3326 3327 4
3327 3328 3
3328 3329 19
3329 3330 5
3330 3331 17
3331 3332 17
3332 3333 13
3333 3334 10
3334 3335 5
3335 3336 7
3336 3337 12
3337 3338 3
3338 3339 1
3339 3340 5
3340 3341 13
3341 3342 13
3342 3343 2
3343 3344 12
3344 3345 12
3345 3346 10
3346 3347 9
3347 3348 7
3348 3349 18
3349 3350 11
3350 3351 4
3351 3352 10
3352 3353 19
3353 3354 16
3354 3355 10
3355 3356 12
3356 3357 10
3357 3358 16
3358 3359 5
3359 3360 1
3360 3361 15
3361 3362 18
3362 3363 3
3363 3364 4
3364 3365 9
3365 3366 2
3366 3367 17
3367 3368 13
3368 3369 10
3369 3370 8
3370 3371 10
3371 3372 13
3372 3373 4
3373 3374 16
3374 3375 6
3375 3376 19
3376 3377 9
3377 3378 1
3378 3379 18
3379 3380 13
3380 3381 7
3381 3382 1
3382 3383 4
3383 3384 5
3384 3385 7
3385 3386 8
3386 3387 18
3387 3388 10
3388 3389 13
3389 3390 5
3390 3391 11
3391 3392 7
3392 3393 1
3393 3394 15
3394 3395 5
3395 3396 13
3396 3397 5
3397 3398 19
3398 3399 16
3399 3400 10
3400 3401 5
3401 3402 1
3402 3403 10
3403 3404 13
3404 3405 13
3405 3406 13
3406 3407 5
3407 3408 9
3408 3409 9
3409 3410 17
3410 3411 4
3411 3412 8
3412 3413 12
3413 3414 13
3414 3415 12
3415 3416 11
3416 3417 10
3417 3418 4
3418 3419 19
3419 3420 11
3420 3421 11
3421 3422 11
3422 3423 2
3423 3424 18
3424 3425 5
3425 3426 8
3426 3427 7
3427 3428 6
3428 3429 15
3429 3430 9
3430 3431 1
3431 3432 7
3432 3433 1
3433 3434 17
3434 3435 9
3435 3436 14
3436 3437 14
3437 3438 3
3438 3439 3
3439 3440 10
3440 3441 2
3441 3442 6
3442 3443 4
3443 3444 2
3444 3445 2
3445 3446 11
3446 3447 2
3447 3448 13
3448 3449 19
3449 3450 2
3450 3451 10
3451 3452 12
3452 3453 14
3453 3454 18
3454 3455 5
3455 3456 6
3456 3457 4
3457 3458 13
3458 3459 19
3459 3460 14
3460 3461 9
3461 3462 5
3462 3463 16
3463 3464 9
3464 3465 17
3465 3466 4
3466 3467 15
3467 3468 7
3468 3469 15
3469 3470 15
3470 3471 18
3471 3472 1
3472 3473 15
3473 3474 12
3474 3475 1
3475 3476 3
3476 3477 1
3477 3478 1
3478 3479 7
3479 3480 14
3480 3481 19
3481 3482 19
3482 3483 16
3483 3484 1
3484 3485 1
3485 3486 15
3486 3487 17
3487 3488 4
3488 3489 13
3489 3490 10
3490 3491 9
3491 3492 15
3492 3493 13
3493 3494 8
3494 3495 2
3495 3496 6
3496 3497 20
3497 3498 13
3498 3499 7
3499 3500 19
3500 3501 5
3501 3502 7
3502 3503 18
3503 3504 7
3504 3505 10
3505 3506 2
3506 3507 10
3507 3508 14
3508 3509 12
3509 3510 2
3510 3511 1
3511 3512 14
3512 3513 7
3513 3514 12
3514 3515 11
3515 3516 2
3516 3517 16
3517 3518 19
3518 3519 11
3519 3520 20
3520 3521 9
3521 3522 10
3522 3523 10
3523 3524 1
3524 3525 4
3525 3526 14
3526 3527 20
3527 3528 13
3528 3529 7
3529 3530 11
3530 3531 17
3531 3532 19
3532 3533 14
3533 3534 11
3534 3535 16
3535 3536 8
3536 3537 20
3537 3538 17
3538 3539 13
3539 3540 20
3540 3541 11
3541 3542 6
3542 3543 10
3543 3544 5
3544 3545 16
3545 3546 12
3546 3547 5
3547 3548 14
3548 3549 12
3549 3550 19
3550 3551 12
3551 3552 14
3552 3553 4
3553 3554 13
3554 3555 12
3555 3556 1
3556 3557 8
3557 3558 7
3558 3559 17
3559 3560 17
3560 3561 5
3561 3562 14
3562 3563 17
3563 3564 12
3564 3565 2
3565 3566 2
3566 3567 4
3567 3568 1
3568 3569 8
3569 3570 19
3570 3571 14
3571 3572 7
3572 3573 16
3573 3574 10
3574 3575 10
3575 3576 3
3576 3577 12
3577 3578 18
3578 3579 20
3579 3580 10
3580 3581 11
3581 3582 15
3582 3583 8
3583 3584 17
3584 3585 8
3585 3586 3
3586 3587 14
3587 3588 1
3588 3589 10
3589 3590 11
3590 3591 5
3591 3592 4
3592 3593 11
3593 3594 17
3594 3595 10
3595 3596 11
3596 3597 8
3597 3598 1
3598 3599 12
3599 3600 15
3600 3601 16
3601 3602 11
3602 3603 2
3603 3604 13
3604 3605 2
3605 3606 2
3606 3607 13
3607 3608 20
3608 3609 15
3609 3610 17
3610 3611 3
3611 3612 18
3612 3613 2
3613 3614 6
3614 3615 20
3615 3616 12
3616 3617 6
3617 3618 14
3618 3619 16
3619 3620 2
3620 3621 8
3621 3622 17
3622 3623 12
3623 3624 1
3624 3625 9
3625 3626 19
3626 3627 3
3627 3628 13
3628 3629 19
3629 3630 10
3630 3631 1
3631 3632 7
3632 3633 20
3633 3634 4
3634 3635 10
3635 3636 12
3636 3637 4
3637 3638 9
3638 3639 11
3639 3640 11
3640 3641 8
3641 3642 12
3642 3643 12
3643 3644 4
3644 3645 13
3645 3646 18
3646 3647 20
3647 3648 9
3648 3649 2
3649 3650 1
3650 3651 14
3651 3652 5
3652 3653 15
3653 3654 15
3654 3655 19
3655 3656 20
3656 3657 14
3657 3658 18
3658 3659 12
3659 3660 5
3660 3661 9
3661 3662 11
3662 3663 19
3663 3664 8
3664 3665 18
3665 3666 15
3666 3667 18
3667 3668 4
3668 3669 12
3669 3670 7
3670 3671 16
3671 3672 7
3672 3673 6
3673 3674 11
3674 3675 3
3675 3676 3
3676 3677 19
3677 3678 11
3678 3679 16
3679 3680 11
3680 3681 15
3681 3682 10
3682 3683 8
3683 3684 2
3684 3685 1
3685 3686 8
3686 3687 4
3687 3688 13
3688 3689 10
3689 3690 8
3690 3691 4
3691 3692 8
3692 3693 16
3693 3694 1
3694 3695 8
3695 3696 11
3696 3697 9
3697 3698 3
3698 3699 7
3699 3700 17
3700 3701 10
3701 3702 17
3702 3703 16
3703 3704 13
3704 3705 6
3705 3706 10
3706 3707 1
3707 3708 14
3708 3709 2
3709 3710 1
3710 3711 7
3711 3712 12
3712 3713 8
3713 3714 20
3714 3715 8
3715 3716 5
3716 3717 17
3717 3718 6
3718 3719 5
3719 3720 5
3720 3721 16
3721 3722 5
3722 3723 18
3723 3724 7
3724 3725 16
3725 3726 2
3726 3727 15
3727 3728 13
3728 3729 6
3729 3730 6
3730 3731 16
3731 3732 20
3732 3733 15
3733 3734 17
3734 3735 5
3735 3736 7
3736 3737 13
3737 3738 16
3738 3739 15
3739 3740 3
3740 3741 3
3741 3742 7
3742 3743 17
3743 3744 1
3744 3745 17
3745 3746 15
3746 3747 3
3747 3748 19
3748 3749 19
3749 3750 6
3750 3751 2
3751 3752 18
3752 3753 15
3753 3754 2
3754 3755 8
3755 3756 17
3756 3757 1
3757 3758 13
3758 3759 9
3759 3760 11
3760 3761 13
3761 3762 9
3762 3763 15
3763 3764 8
3764 3765 18
3765 3766 16
3766 3767 18
3767 3768 4
3768 3769 19
3769 3770 15
3770 3771 3
3771 3772 1
3772 3773 18
3773 3774 20
3774 3775 12
3775 3776 14
3776 3777 2
3777 3778 3
3778 3779 15
3779 3780 13
3780 3781 6
3781 3782 16
3782 3783 1
3783 3784 9
3784 3785 20
3785 3786 4
3786 3787 6
3787 3788 2
3788 3789 16
3789 3790 16
3790 3791 1
3791 3792 15
3792 3793 14
3793 3794 4
3794 3795 17
3795 3796 4
3796 3797 20
3797 3798 1
3798 3799 8
3799 3800 5
3800 3801 6
3801 3802 19
3802 3803 20
3803 3804 15
3804 3805 10
3805 3806 20
3806 3807 1
3807 3808 2
3808 3809 10
3809 3810 15
3810 3811 5
3811 3812 2
3812 3813 3
3813 3814 18
3814 3815 11
3815 3816 11
3816 3817 2
3817 3818 4
3818 3819 11
3819 3820 13
3820 3821 3
3821 3822 10
3822 3823 18
3823 3824 18
3824 3825 4
3825 3826 20
3826 3827 15
3827 3828 12
3828 3829 8
3829 3830 4
3830 3831 14
3831 3832 5
3832 3833 7
3833 3834 19
3834 3835 14
3835 3836 18
3836 3837 1
3837 3838 1
3838 3839 7
3839 3840 17
3840 3841 10
3841 3842 10
3842 3843 14
3843 3844 7
3844 3845 16
3845 3846 1
3846 3847 5
3847 3848 12
3848 3849 13
3849 3850 6
3850 3851 2
3851 3852 17
3852 3853 17
3853 3854 10
3854 3855 9
3855 3856 18
3856 3857 18
3857 3858 3
3858 3859 18
3859 3860 2
3860 3861 13
3861 3862 5
3862 3863 20
3863 3864 17
3864 3865 4
3865 3866 6
3866 3867 6
3867 3868 10
3868 3869 4
3869 3870 13
3870 3871 6
3871 3872 11
3872 3873 19
3873 3874 17
3874 3875 6
3875 3876 14
3876 3877 5
3877 3878 6
3878 3879 1
3879 3880 15
3880 3881 4
3881 3882 20
3882 3883 6
3883 3884 13
3884 3885 2
3885 3886 13
3886 3887 20
3887 3888 16
3888 3889 3
3889 3890 8
3890 3891 14
3891 3892 17
3892 3893 12
3893 3894 15
3894 3895 1
3895 3896 9
3896 3897 2
3897 3898 20
3898 3899 20
3899 3900 3
3900 3901 17
3901 3902 16
3902 3903 19
3903 3904 19
3904 3905 6
3905 3906 13
3906 3907 6
3907 3908 17
3908 3909 6
3909 3910 17
3910 3911 17
3911 3912 5
3912 3913 6
3913 3914 14
3914 3915 8
3915 3916 20
3916 3917 13
3917 3918 13
3918 3919 7
3919 3920 19
3920 3921 7
3921 3922 19
3922 3923 2
3923 3924 14
3924 3925 11
3925 3926 8
3926 3927 15
3927 3928 14
3928 3929 11
3929 3930 1
3930 3931 6
3931 3932 7
3932 3933 9
3933 3934 6
3934 3935 11
3935 3936 18
3936 3937 1
3937 3938 17
3938 3939 19
3939 3940 13
3940 3941 12
3941 3942 3
3942 3943 2
3943 3944 14
3944 3945 10
3945 3946 15
3946 3947 4
3947 3948 10
3948 3949 19
3949 3950 10
3950 3951 10
3951 3952 17
3952 3953 6
3953 3954 16
3954 3955 20
3955 3956 1
3956 3957 19
3957 3958 18
3958 3959 6
3959 3960 5
3960 3961 18
3961 3962 1
3962 3963 15
3963 3964 16
3964 3965 5
3965 3966 19
3966 3967 19
3967 3968 7
3968 3969 15
3969 3970 12
3970 3971 12
3971 3972 14
3972 3973 13
3973 3974 7
3974 3975 7
3975 3976 13
3976 3977 16
3977 3978 17
3978 3979 8
3979 3980 17
3980 3981 16
3981 3982 15
3982 3983 3
3983 3984 18
3984 3985 18
3985 3986 17
3986 3987 20
3987 3988 14
3988 3989 17
3989 3990 12
3990 3991 2
3991 3992 9
3992 3993 9
3993 3994 15
3994 3995 17
3995 3996 19
3996 3997 13
3997 3998 4
3998 3999 19
3999 4000 10
4000 4001 17
4001 4002 13
4002 4003 16
4003 4004 12
4004 4005 14
4005 4006 16
4006 4007 10
4007 4008 4
4008 4009 2
4009 4010 4
4010 4011 20
4011 4012 20
4012 4013 7
4013 4014 2
4014 4015 3
4015 4016 5
4016 4017 14
4017 4018 2
4018 4019 9
4019 4020 9
4020 4021 16
4021 4022 17
4022 4023 20
4023 4024 5
4024 4025 19
4025 4026 7
4026 4027 13
4027 4028 20
4028 4029 20
4029 4030 3
4030 4031 13
4031 4032 18
4032 4033 5
4033 4034 18
4034 4035 15
4035 4036 5
4036 4037 3
4037 4038 16
4038 4039 14
4039 4040 15
4040 4041 16
4041 4042 6
4042 4043 9
4043 4044 14
4044 4045 1
4045 4046 12
4046 4047 10
4047 4048 2
4048 4049 18
4049 4050 11
4050 4051 17
4051 4052 16
4052 4053 10
4053 4054 14
4054 4055 19
4055 4056 11
4056 4057 5
4057 4058 11
4058 4059 3
4059 4060 1
4060 4061 19
4061 4062 6
4062 4063 3
4063 4064 2
4064 4065 12
4065 4066 5
4066 4067 14
4067 4068 10
4068 4069 4
4069 4070 10
4070 4071 6
4071 4072 10
4072 4073 2
4073 4074 10
4074 4075 5
4075 4076 10
4076 4077 12
4077 4078 12
4078 4079 10
4079 4080 13
4080 4081 8
4081 4082 6
4082 4083 4
4083 4084 5
4084 4085 17
4085 4086 15
4086 4087 5
4087 4088 1
4088 4089 10
4089 4090 18
4090 4091 6
4091 4092 10
4092 4093 6
4093 4094 7
4094 4095 9
4095 4096 20
4096 4097 16
4097 4098 18
4098 4099 11
4099 4100 16
4100 4101 5
4101 4102 13
4102 4103 11
4103 4104 3
4104 4105 16
4105 4106 15
4106 4107 17
4107 4108 16
4108 4109 19
4109 4110 2
4110 4111 10
4111 4112 4
4112 4113 17
4113 4114 19
4114 4115 17
4115 4116 10
4116 4117 11
4117 4118 20
4118 4119 2
4119 4120 14
4120 4121 2
4121 4122 9
4122 4123 16
4123 4124 6
4124 4125 5
4125 4126 19
4126 4127 4
4127 4128 15
4128 4129 7
4129 4130 7
4130 4131 18
4131 4132 3
4132 4133 3
4133 4134 12
4134 4135 14
4135 4136 16
4136 4137 16
4137 4138 20
4138 4139 4
4139 4140 17
4140 4141 9
4141 4142 3
4142 4143 4
4143 4144 2
4144 4145 1
4145 4146 9
4146 4147 17
4147 4148 20
4148 4149 12
4149 4150 12
4150 4151 6
4151 4152 6
4152 4153 7
4153 4154 16
4154 4155 1
4155 4156 15
4156 4157 5
4157 4158 13
4158 4159 20
4159 4160 14
4160 4161 4
4161 4162 5
4162 4163 8
4163 4164 18
4164 4165 11
4165 4166 1
4166 4167 18
4167 4168 13
4168 4169 1
4169 4170 10
4170 4171 15
4171 4172 1
4172 4173 20
4173 4174 20
4174 4175 2
4175 4176 10
4176 4177 16
4177 4178 20
4178 4179 6
4179 4180 19
4180 4181 20
4181 4182 16
4182 4183 14
4183 4184 12
4184 4185 1
4185 4186 9
4186 4187 6
4187 4188 6
4188 4189 10
4189 4190 11
4190 4191 6
4191 4192 20
4192 4193 2
4193 4194 20
4194 4195 18
4195 4196 19
4196 4197 16
4197 4198 6
4198 4199 4
4199 4200 12
4200 4201 14
4201 4202 20
4202 4203 1
4203 4204 13
4204 4205 18
4205 4206 16
4206 4207 2
4207 4208 7
4208 4209 14
4209 4210 19
4210 4211 7
4211 4212 13
4212 4213 20
4213 4214 5
4214 4215 2
4215 4216 10
4216 4217 5
4217 4218 16
4218 4219 3
4219 4220 2
4220 4221 13
4221 4222 4
4222 4223 16
4223 4224 18
4224 4225 4
4225 4226 8
4226 4227 6
4227 4228 7
4228 4229 1
4229 4230 8
4230 4231 14
4231 4232 18
4232 4233 2
4233 4234 14
4234 4235 11
4235 4236 15
4236 4237 14
4237 4238 6
4238 4239 16
4239 4240 10
4240 4241 1
4241 4242 16
4242 4243 18
4243 4244 11
4244 4245 16
4245 4246 5
4246 4247 1
4247 4248 19
4248 4249 2
4249 4250 4
4250 4251 4
4251 4252 4
4252 4253 4
4253 4254 9
4254 4255 12
4255 4256 8
4256 4257 4
4257 4258 18
4258 4259 20
4259 4260 5
4260 4261 2
4261 4262 12
4262 4263 12
4263 4264 16
4264 4265 2
4265 4266 14
4266 4267 15
4267 4268 10
4268 4269 16
4269 4270 14
4270 4271 8
4271 4272 10
4272 4273 4
4273 4274 12
4274 4275 5
4275 4276 19
4276 4277 4
4277 4278 5
4278 4279 18
4279 4280 14
4280 4281 1
4281 4282 7
4282 4283 2
4283 4284 8
4284 4285 14
4285 4286 1
4286 4287 20
4287 4288 7
4288 4289 11
4289 4290 17
4290 4291 14
4291 4292 6
4292 4293 8
4293 4294 8
4294 4295 5
4295 4296 19
4296 4297 17
4297 4298 8
4298 4299 2
4299 4300 10
4300 4301 1
4301 4302 20
4302 4303 19
4303 4304 7
4304 4305 11
4305 4306 15
4306 4307 1
4307 4308 12
4308 4309 10
4309 4310 4
4310 4311 15
4311 4312 20
4312 4313 3
4313 4314 12
4314 4315 2
4315 4316 19
4316 4317 1
4317 4318 1
4318 4319 16
4319 4320 15
4320 4321 8
4321 4322 1
4322 4323 6
4323 4324 14
4324 4325 6
4325 4326 14
4326 4327 18
4327 4328 14
4328 4329 18
4329 4330 1
4330 4331 3
4331 4332 19
4332 4333 10
4333 4334 7
4334 4335 11
4335 4336 18
4336 4337 2
4337 4338 16
4338 4339 4
4339 4340 17
4340 4341 3
4341 4342 14
4342 4343 7
4343 4344 9
4344 4345 17
4345 4346 15
4346 4347 10
4347 4348 15
4348 4349 16
4349 4350 8
4350 4351 5
4351 4352 11
4352 4353 16
4353 4354 19
4354 4355 9
4355 4356 11
4356 4357 2
4357 4358 3
4358 4359 17
4359 4360 2
4360 4361 20
4361 4362 7
4362 4363 5
4363 4364 7
4364 4365 6
4365 4366 20
4366 4367 17
4367 4368 16
4368 4369 5
4369 4370 13
4370 4371 12
4371 4372 16
4372 4373 14
4373 4374 14
4374 4375 10
4375 4376 8
4376 4377 15
4377 4378 14
4378 4379 5
4379 4380 3
4380 4381 9
4381 4382 9
4382 4383 11
4383 4384 20
4384 4385 3
4385 4386 19
4386 4387 2
4387 4388 7
4388 4389 10
4389 4390 5
4390 4391 16
4391 4392 6
4392 4393 11
4393 4394 1
4394 4395 1
4395 4396 17
4396 4397 18
4397 4398 17
4398 4399 20
4399 4400 12
4400 4401 6
4401 4402 10
4402 4403 2
4403 4404 19
4404 4405 3
4405 4406 6
4406 4407 4
4407 4408 4
4408 4409 7
4409 4410 17
4410 4411 10
4411 4412 9
4412 4413 19
4413 4414 18
4414 4415 19
4415 4416 11
4416 4417 11
4417 4418 19
4418 4419 15
4419 4420 11
4420 4421 19
4421 4422 18
4422 4423 4
4423 4424 1
4424 4425 8
4425 4426 18
4426 4427 10
4427 4428 7
4428 4429 13
4429 4430 8
4430 4431 7
4431 4432 14
4432 4433 17
4433 4434 12
4434 4435 3
4435 4436 7
4436 4437 11
4437 4438 8
4438 4439 3
4439 4440 5
4440 4441 8
4441 4442 18
4442 4443 6
4443 4444 4
4444 4445 15
4445 4446 4
4446 4447 10
4447 4448 19
4448 4449 10
4449 4450 12
4450 4451 11
4451 4452 20
4452 4453 9
4453 4454 18
4454 4455 11
4455 4456 13
4456 4457 1
4457 4458 20
4458 4459 2
4459 4460 5
4460 4461 11
4461 4462 13
4462 4463 1
4463 4464 1
4464 4465 5
4465 4466 1
4466 4467 15
4467 4468 13
4468 4469 17
4469 4470 17
4470 4471 11
4471 4472 5
4472 4473 3
4473 4474 4
4474 4475 4
4475 4476 7
4476 4477 7
4477 4478 5
4478 4479 8
4479 4480 2
4480 4481 10
4481 4482 8
4482 4483 12
4483 4484 15
4484 4485 20
4485 4486 15
4486 4487 10
4487 4488 8
4488 4489 6
4489 4490 13
4490 4491 19
4491 4492 2
4492 4493 10
4493 4494 3
4494 4495 9
4495 4496 16
4496 4497 18
4497 4498 19
4498 4499 4
4499 4500 12
4500 4501 5
4501 4502 6
4502 4503 8
4503 4504 3
4504 4505 11
4505 4506 1
4506 4507 7
4507 4508 6
4508 4509 15
4509 4510 2
4510 4511 6
4511 4512 20
4512 4513 8
4513 4514 7
4514 4515 8
4515 4516 5
4516 4517 9
4517 4518 15
4518 4519 11
4519 4520 12
4520 4521 17
4521 4522 3
4522 4523 11
4523 4524 5
4524 4525 12
4525 4526 4
4526 4527 7
4527 4528 20
4528 4529 3
4529 4530 17
4530 4531 14
4531 4532 1
4532 4533 11
4533 4534 8
4534 4535 17
4535 4536 20
4536 4537 13
4537 4538 11
4538 4539 2
4539 4540 8
4540 4541 11
4541 4542 11
4542 4543 8
4543 4544 12
4544 4545 5
4545 4546 1
4546 4547 5
4547 4548 15
4548 4549 18
4549 4550 6
4550 4551 16
4551 4552 5
4552 4553 11
4553 4554 4
4554 4555 19
4555 4556 5
4556 4557 4
4557 4558 13
4558 4559 4
4559 4560 2
4560 4561 16
4561 4562 18
4562 4563 17
4563 4564 10
4564 4565 6
4565 4566 19
4566 4567 14
4567 4568 4
4568 4569 18
4569 4570 6
4570 4571 4
4571 4572 15
4572 4573 1
4573 4574 19
4574 4575 8
4575 4576 1
4576 4577 12
4577 4578 19
4578 4579 13
4579 4580 13
4580 4581 1
4581 4582 8
4582 4583 15
4583 4584 13
4584 4585 2
4585 4586 8
4586 4587 9
4587 4588 2
4588 4589 20
4589 4590 5
4590 4591 20
4591 4592 19
4592 4593 1
4593 4594 16
4594 4595 14
4595 4596 13
4596 4597 11
4597 4598 19
4598 4599 6
4599 4600 15
4600 4601 18
4601 4602 6
4602 4603 11
4603 4604 16
4604 4605 16
4605 4606 13
4606 4607 2
4607 4608 2
4608 4609 5
4609 4610 9
4610 4611 6
4611 4612 10
4612 4613 18
4613 4614 7
4614 4615 9
4615 4616 4
4616 4617 8
4617 4618 7
4618 4619 12
4619 4620 9
4620 4621 1
4621 4622 2
4622 4623 18
4623 4624 12
4624 4625 12
4625 4626 5
4626 4627 18
4627 4628 9
4628 4629 16
4629 4630 6
4630 4631 8
4631 4632 5
4632 4633 13
4633 4634 13
4634 4635 14
4635 4636 18
4636 4637 10
4637 4638 2
4638 4639 13
4639 4640 13
4640 4641 3
4641 4642 9
4642 4643 3
4643 4644 19
4644 4645 18
4645 4646 19
4646 4647 20
4647 4648 18
4648 4649 13
4649 4650 3
4650 4651 16
4651 4652 17
4652 4653 11
4653 4654 11
4654 4655 14
4655 4656 7
4656 4657 10
4657 4658 6
4658 4659 17
4659 4660 8
4660 4661 15
4661 4662 15
4662 4663 1
4663 4664 8
4664 4665 10
4665 4666 13
4666 4667 12
4667 4668 19
4668 4669 19
4669 4670 15
4670 4671 20
4671 4672 10
4672 4673 5
4673 4674 13
4674 4675 20
4675 4676 15
4676 4677 8
4677 4678 9
4678 4679 15
4679 4680 17
4680 4681 6
4681 4682 2
4682 4683 4
4683 4684 9
4684 4685 10
4685 4686 12
4686 4687 13
4687 4688 13
4688 4689 4
4689 4690 11
4690 4691 3
4691 4692 10
4692 4693 11
4693 4694 19
4694 4695 11
4695 4696 2
4696 4697 16
4697 4698 2
4698 4699 11
4699 4700 11
4700 4701 11
4701 4702 18
4702 4703 10
4703 4704 10
4704 4705 19
4705 4706 9
4706 4707 8
4707 4708 19
4708 4709 3
4709 4710 2
4710 4711 6
4711 4712 10
4712 4713 4
4713 4714 11
4714 4715 6
4715 4716 5
4716 4717 20
4717 4718 18
4718 4719 20
4719 4720 20
4720 4721 15
4721 4722 12
4722 4723 3
4723 4724 3
4724 4725 7
4725 4726 16
4726 4727 12
4727 4728 4
4728 4729 1
4729 4730 16
4730 4731 11
4731 4732 20
4732 4733 11
4733 4734 12
4734 4735 17
4735 4736 7
4736 4737 19
4737 4738 2
4738 4739 7
4739 4740 1
4740 4741 17
4741 4742 19
4742 4743 5
4743 4744 6
4744 4745 15
4745 4746 18
4746 4747 10
4747 4748 12
4748 4749 6
4749 4750 8
4750 4751 16
4751 4752 17
4752 4753 6
4753 4754 13
4754 4755 9
4755 4756 3
4756 4757 12
4757 4758 3
4758 4759 9
4759 4760 18
4760 4761 12
4761 4762 6
4762 4763 10
4763 4764 4
4764 4765 8
4765 4766 4
4766 4767 9
4767 4768 6
4768 4769 11
4769 4770 7
4770 4771 5
4771 4772 9
4772 4773 13
4773 4774 15
4774 4775 9
4775 4776 15
4776 4777 10
4777 4778 8
4778 4779 18
4779 4780 20
4780 4781 12
4781 4782 20
4782 4783 5
4783 4784 11
4784 4785 3
4785 4786 7
4786 4787 10
4787 4788 6
4788 4789 20
4789 4790 13
4790 4791 3
4791 4792 2
4792 4793 5
4793 4794 17
4794 4795 6
4795 4796 11
4796 4797 3
4797 4798 6
4798 4799 9
4799 4800 20
4800 4801 6
4801 4802 4
4802 4803 5
4803 4804 9
4804 4805 12
4805 4806 7
4806 4807 7
4807 4808 13
4808 4809 2
4809 4810 11
4810 4811 19
4811 4812 8
4812 4813 17
4813 4814 15
4814 4815 6
4815 4816 12
4816 4817 17
4817 4818 2
4818 4819 4
4819 4820 13
4820 4821 17
4821 4822 9
4822 4823 20
4823 4824 11
4824 4825 2
4825 4826 7
4826 4827 17
4827 4828 3
4828 4829 12
4829 4830 11
4830 4831 15
4831 4832 15
4832 4833 16
4833 4834 9
4834 4835 5
4835 4836 13
4836 4837 4
4837 4838 19
4838 4839 8
4839 4840 1
4840 4841 8
4841 4842 15
4842 4843 2
4843 4844 4
4844 4845 13
4845 4846 15
4846 4847 12
4847 4848 7
4848 4849 4
4849 4850 4
4850 4851 2
4851 4852 20
4852 4853 2
4853 4854 12
4854 4855 1
4855 4856 16
4856 4857 2
4857 4858 16
4858 4859 8
4859 4860 9
4860 4861 11
4861 4862 10
4862 4863 17
4863 4864 14
4864 4865 9
4865 4866 4
4866 4867 17
4867 4868 11
4868 4869 17
4869 4870 5
4870 4871 15
4871 4872 6
4872 4873 11
4873 4874 2
4874 4875 3
4875 4876 10
4876 4877 5
4877 4878 8
4878 4879 17
4879 4880 13
4880 4881 4
4881 4882 4
4882 4883 7
4883 4884 11
4884 4885 2
4885 4886 10
4886 4887 14
4887 4888 15
4888 4889 3
4889 4890 3
4890 4891 16
4891 4892 1
4892 4893 8
4893 4894 12
4894 4895 18
4895 4896 14
4896 4897 20
4897 4898 9
4898 4899 11
4899 4900 2
4900 4901 3
4901 4902 4
4902 4903 13
4903 4904 16
4904 4905 5
4905 4906 16
4906 4907 15
4907 4908 5
4908 4909 2
4909 4910 7
4910 4911 4
4911 4912 15
4912 4913 8
4913 4914 4
4914 4915 16
4915 4916 5
4916 4917 8
4917 4918 8
4918 4919 14
4919 4920 13
4920 4921 20
4921 4922 11
4922 4923 5
4923 4924 17
4924 4925 14
4925 4926 8
4926 4927 16
4927 4928 19
4928 4929 3
4929 4930 4
4930 4931 18
4931 4932 11
4932 4933 9
4933 4934 16
4934 4935 10
4935 4936 12
4936 4937 8
4937 4938 19
4938 4939 11
4939 4940 4
4940 4941 18
4941 4942 1
4942 4943 11
4943 4944 9
4944 4945 19
4945 4946 12
4946 4947 11
4947 4948 8
4948 4949 7
4949 4950 7
4950 4951 8
4951 4952 13
4952 4953 12
4953 4954 10
4954 4955 1
4955 4956 13
4956 4957 2
4957 4958 15
4958 4959 17
4959 4960 18
4960 4961 8
4961 4962 2
4962 4963 11
4963 4964 14
4964 4965 14
4965 4966 19
4966 4967 15
4967 4968 7
4968 4969 2
4969 4970 6
4970 4971 9
4971 4972 13
4972 4973 11
4973 4974 8
4974 4975 7
4975 4976 6
4976 4977 20
4977 4978 3
4978 4979 7
4979 4980 12
4980 4981 16
4981 4982 20
4982 4983 2
4983 4984 8
4984 4985 7
4985 4986 17
4986 4987 18
4987 4988 19
4988 4989 14
4989 4990 9
4990 4991 12
4991 4992 8
4992 4993 10
4993 4994 12
4994 4995 4
4995 4996 2
4996 4997 15
4997 4998 13
4998 4999 5
4999 5000 10
5000 5001 14
5001 5002 7
5002 5003 8
5003 5004 1
5004 5005 1
5005 5006 2
5006 5007 14
5007 5008 7
5008 5009 14
5009 5010 8
5010 5011 7
5011 5012 10
5012 5013 13
5013 5014 19
5014 5015 6
5015 5016 7
5016 5017 11
5017 5018 7
5018 5019 14
5019 5020 13
5020 5021 1
5021 5022 19
5022 5023 12
5023 5024 18
5024 5025 17
5025 5026 16
5026 5027 19
5027 5028 5
5028 5029 4
5029 5030 20
5030 5031 20
5031 5032 15
5032 5033 6
5033 5034 19
5034 5035 3
5035 5036 3
5036 5037 16
5037 5038 17
5038 5039 10
5039 5040 10
5040 5041 15
5041 5042 2
5042 5043 10
5043 5044 13
5044 5045 12
5045 5046 14
5046 5047 12
5047 5048 5
5048 5049 10
5049 5050 6
5050 5051 4
5051 5052 20
5052 5053 18
5053 5054 12
5054 5055 17
5055 5056 18
5056 5057 18
5057 5058 8
5058 5059 6
5059 5060 10
5060 5061 19
5061 5062 3
5062 5063 13
5063 5064 20
5064 5065 18
5065 5066 12
5066 5067 13
5067 5068 5
5068 5069 9
5069 5070 19
5070 5071 10
5071 5072 4
5072 5073 12
5073 5074 16
5074 5075 14
5075 5076 11
5076 5077 15
5077 5078 1
5078 5079 10
5079 5080 13
5080 5081 8
5081 5082 19
5082 5083 7
5083 5084 11
5084 5085 18
5085 5086 11
5086 5087 7
5087 5088 4
5088 5089 17
5089 5090 13
5090 5091 14
5091 5092 7
5092 5093 13
5093 5094 11
5094 5095 11
5095 5096 13
5096 5097 18
5097 5098 5
5098 5099 3
5099 5100 20
5100 5101 1
5101 5102 1
5102 5103 4
5103 5104 9
5104 5105 17
5105 5106 20
5106 5107 9
5107 5108 14
5108 5109 20
5109 5110 3
5110 5111 7
5111 5112 5
5112 5113 13
5113 5114 6
5114 5115 16
5115 5116 7
5116 5117 5
5117 5118 17
5118 5119 3
5119 5120 3
5120 5121 15
5121 5122 13
5122 5123 16
5123 5124 4
5124 5125 10
5125 5126 1
5126 5127 5
5127 5128 18
5128 5129 18
5129 5130 8
5130 5131 1
5131 5132 3
5132 5133 19
5133 5134 15
5134 5135 17
5135 5136 5
5136 5137 7
5137 5138 18
5138 5139 12
5139 5140 7
5140 5141 13
5141 5142 2
5142 5143 1
5143 5144 5
5144 5145 16
5145 5146 16
5146 5147 13
5147 5148 4
5148 5149 19
5149 5150 19
5150 5151 13
5151 5152 3
5152 5153 6
5153 5154 10
5154 5155 15
5155 5156 20
5156 5157 20
5157 5158 10
5158 5159 13
5159 5160 20
5160 5161 18
5161 5162 10
5162 5163 15
5163 5164 15
5164 5165 10
5165 5166 9
5166 5167 13
5167 5168 10
5168 5169 14
5169 5170 11
5170 5171 5
5171 5172 19
5172 5173 14
5173 5174 15
5174 5175 4
5175 5176 11
5176 5177 16
5177 5178 16
5178 5179 8
5179 5180 7
5180 5181 18
5181 5182 3
5182 5183 13
5183 5184 14
5184 5185 3
5185 5186 9
5186 5187 18
5187 5188 17
5188 5189 14
5189 5190 19
5190 5191 13
5191 5192 9
5192 5193 5
5193 5194 12
5194 5195 12
5195 5196 1
5196 5197 6
5197 5198 10
5198 5199 9
5199 5200 12
5200 5201 12
5201 5202 2
5202 5203 8
5203 5204 14
5204 5205 15
5205 5206 16
5206 5207 7
5207 5208 7
5208 5209 13
5209 5210 18
5210 5211 13
5211 5212 14
5212 5213 15
5213 5214 11
5214 5215 11
5215 5216 20
5216 5217 12
5217 5218 4
5218 5219 16
5219 5220 3
5220 5221 3
5221 5222 20
5222 5223 18
5223 5224 5
5224 5225 5
5225 5226 15
5226 5227 1
5227 5228 17
5228 5229 19
5229 5230 5
5230 5231 8
5231 5232 4
5232 5233 12
5233 5234 17
5234 5235 6
5235 5236 10
5236 5237 16
5237 5238 20
5238 5239 13
5239 5240 13
5240 5241 20
5241 5242 10
5242 5243 20
5243 5244 13
5244 5245 18
5245 5246 19
5246 5247 14
5247 5248 18
5248 5249 6
5249 5250 3
5250 5251 6
5251 5252 14
5252 5253 2
5253 5254 14
5254 5255 11
5255 5256 19
5256 5257 13
5257 5258 10
5258 5259 15
5259 5260 9
5260 5261 4
5261 5262 18
5262 5263 3
5263 5264 14
5264 5265 12
5265 5266 1
5266 5267 14
5267 5268 5
5268 5269 5
5269 5270 19
5270 5271 12
5271 5272 1
5272 5273 1
5273 5274 16
5274 5275 13
5275 5276 17
5276 5277 19
5277 5278 7
5278 5279 12
5279 5280 9
5280 5281 3
5281 5282 12
5282 5283 1
5283 5284 16
5284 5285 14
5285 5286 6
5286 5287 9
5287 5288 18
5288 5289 10
5289 5290 1
5290 5291 12
5291 5292 1
5292 5293 2
5293 5294 16
5294 5295 12
5295 5296 15
5296 5297 5
5297 5298 12
5298 5299 13
5299 5300 1
5300 5301 7
5301 5302 11
5302 5303 18
5303 5304 3
5304 5305 20
5305 5306 6
5306 5307 10
5307 5308 14
5308 5309 16
5309 5310 20
5310 5311 2
5311 5312 7
5312 5313 8
5313 5314 5
5314 5315 2
5315 5316 7
5316 5317 6
5317 5318 9
5318 5319 19
5319 5320 13
5320 5321 2
5321 5322 7
5322 5323 19
5323 5324 2
5324 5325 16
5325 5326 3
5326 5327 7
5327 5328 8
5328 5329 20
5329 5330 1
5330 5331 5
5331 5332 20
5332 5333 13
5333 5334 8
5334 5335 7
5335 5336 8
5336 5337 19
5337 5338 17
5338 5339 15
5339 5340 14
5340 5341 4
5341 5342 12
5342 5343 2
5343 5344 4
5344 5345 2
5345 5346 6
5346 5347 5
5347 5348 20
5348 5349 4
5349 5350 9
5350 5351 6
5351 5352 6
5352 5353 17
5353 5354 17
5354 5355 3
5355 5356 19
5356 5357 1
5357 5358 4
5358 5359 5
5359 5360 2
5360 5361 4
5361 5362 11
5362 5363 9
5363 5364 14
5364 5365 1
5365 5366 3
5366 5367 11
5367 5368 16
5368 5369 17
5369 5370 7
5370 5371 10
5371 5372 10
5372 5373 10
5373 5374 11
5374 5375 8
5375 5376 14
5376 5377 7
5377 5378 12
5378 5379 10
5379 5380 7
5380 5381 11
5381 5382 20
5382 5383 1
5383 5384 13
5384 5385 1
5385 5386 14
5386 5387 11
5387 5388 11
5388 5389 12
5389 5390 2
5390 5391 20
5391 5392 15
5392 5393 14
5393 5394 19
5394 5395 17
5395 5396 16
5396 5397 11
5397 5398 7
5398 5399 5
5399 5400 1
5400 5401 11
5401 5402 17
5402 5403 8
5403 5404 13
5404 5405 14
5405 5406 13
5406 5407 16
5407 5408 11
5408 5409 7
5409 5410 4
5410 5411 18
5411 5412 6
5412 5413 7
5413 5414 8
5414 5415 10
5415 5416 19
5416 5417 16
5417 5418 10
5418 5419 5
5419 5420 10
5420 5421 4
5421 5422 2
5422 5423 3
5423 5424 10
5424 5425 14
5425 5426 13
5426 5427 20
5427 5428 17
5428 5429 13
5429 5430 17
5430 5431 15
5431 5432 19
5432 5433 1
5433 5434 17
5434 5435 9
5435 5436 1
5436 5437 14
5437 5438 11
5438 5439 2
5439 5440 17
5440 5441 13
5441 5442 14
5442 5443 4
5443 5444 17
5444 5445 7
5445 5446 16
5446 5447 19
5447 5448 12
5448 5449 7
5449 5450 5
5450 5451 4
5451 5452 17
5452 5453 3
5453 5454 4
5454 5455 17
5455 5456 5
5456 5457 15
5457 5458 10
5458 5459 4
5459 5460 1
5460 5461 12
5461 5462 8
5462 5463 4
5463 5464 12
5464 5465 1
5465 5466 5
5466 5467 12
5467 5468 2
5468 5469 12
5469 5470 19
5470 5471 4
5471 5472 18
5472 5473 8
5473 5474 5
5474 5475 12
5475 5476 5
5476 5477 6
5477 5478 1
5478 5479 5
5479 5480 1
5480 5481 5
5481 5482 16
5482 5483 17
5483 5484 11
5484 5485 8
5485 5486 11
5486 5487 1
5487 5488 18
5488 5489 17
5489 5490 1
5490 5491 18
5491 5492 20
5492 5493 17
5493 5494 18
5494 5495 1
5495 5496 8
5496 5497 17
5497 5498 17
5498 5499 11
5499 5500 11
5500 5501 15
5501 5502 18
5502 5503 18
5503 5504 7
5504 5505 2
5505 5506 1
5506 5507 14
5507 5508 9
5508 5509 14
5509 5510 7
5510 5511 12
5511 5512 15
5512 5513 9
5513 5514 17
5514 5515 4
5515 5516 11
5516 5517 8
5517 5518 11
5518 5519 20
5519 5520 5
5520 5521 14
5521 5522 20
5522 5523 12
5523 5524 3
5524 5525 4
5525 5526 10
5526 5527 1
5527 5528 20
5528 5529 8
5529 5530 9
5530 5531 9
5531 5532 8
5532 5533 5
5533 5534 14
5534 5535 13
5535 5536 1
5536 5537 11
5537 5538 12
5538 5539 12
5539 5540 2
5540 5541 5
5541 5542 15
5542 5543 2
5543 5544 18
5544 5545 8
5545 5546 13
5546 5547 7
5547 5548 1
5548 5549 4
5549 5550 17
5550 5551 2
5551 5552 20
5552 5553 19
5553 5554 18
5554 5555 13
5555 5556 8
5556 5557 18
5557 5558 10
5558 5559 11
5559 5560 12
5560 5561 19
5561 5562 20
5562 5563 18
5563 5564 19
5564 5565 8
5565 5566 8
5566 5567 7
5567 5568 15
5568 5569 17
5569 5570 10
5570 5571 1
5571 5572 19
5572 5573 10
5573 5574 15
5574 5575 4
5575 5576 1
5576 5577 6
5577 5578 18
5578 5579 4
5579 5580 10
5580 5581 1
5581 5582 8
5582 5583 11
5583 5584 19
5584 5585 4
5585 5586 2
5586 5587 6
5587 5588 8
5588 5589 20
5589 5590 10
5590 5591 13
5591 5592 19
5592 5593 18
5593 5594 13
5594 5595 17
5595 5596 3
5596 5597 4
5597 5598 11
5598 5599 3
5599 5600 2
5600 5601 4
5601 5602 14
5602 5603 1
5603 5604 10
5604 5605 7
5605 5606 20
5606 5607 10
5607 5608 11
5608 5609 20
5609 5610 19
5610 5611 8
5611 5612 20
5612 5613 15
5613 5614 13
5614 5615 6
5615 5616 5
5616 5617 7
5617 5618 16
5618 5619 3
5619 5620 14
5620 5621 7
5621 5622 7
5622 5623 1
5623 5624 1
5624 5625 18
5625 5626 4
5626 5627 2
5627 5628 6
5628 5629 5
5629 5630 13
5630 5631 11
5631 5632 8
5632 5633 14
5633 5634 1
5634 5635 7
5635 5636 1
5636 5637 3
5637 5638 7
5638 5639 9
5639 5640 5
5640 5641 9
5641 5642 17
5642 5643 13
5643 5644 15
5644 5645 20
5645 5646 4
5646 5647 20
5647 5648 9
5648 5649 4
5649 5650 18
5650 5651 15
5651 5652 1
5652 5653 13
5653 5654 7
5654 5655 5
5655 5656 4
5656 5657 14
5657 5658 16
5658 5659 9
5659 5660 9
5660 5661 3
5661 5662 19
5662 5663 15
5663 5664 14
5664 5665 10
5665 5666 8
5666 5667 3
5667 5668 2
5668 5669 8
5669 5670 15
5670 5671 17
5671 5672 5
5672 5673 5
5673 5674 20
5674 5675 15
5675 5676 9
5676 5677 12
5677 5678 9
5678 5679 5
5679 5680 1
5680 5681 8
5681 5682 2
5682 5683 5
5683 5684 18
5684 5685 16
5685 5686 4
5686 5687 8
5687 5688 8
5688 5689 7
5689 5690 19
5690 5691 16
5691 5692 13
5692 5693 8
5693 5694 14
5694 5695 13
5695 5696 17
5696 5697 4
5697 5698 1
5698 5699 5
5699 5700 5
5700 5701 18
5701 5702 3
5702 5703 17
5703 5704 12
5704 5705 7
5705 5706 7
5706 5707 7
5707 5708 14
5708 5709 7
5709 5710 6
5710 5711 17
5711 5712 7
5712 5713 9
5713 5714 14
5714 5715 10
5715 5716 18
5716 5717 11
5717 5718 3
5718 5719 18
5719 5720 6
5720 5721 20
5721 5722 13
5722 5723 4
5723 5724 13
5724 5725 19
5725 5726 16
5726 5727 20
5727 5728 15
5728 5729 12
5729 5730 5
5730 5731 3
5731 5732 4
5732 5733 9
5733 5734 1
5734 5735 17
5735 5736 13
5736 5737 8
5737 5738 5
5738 5739 7
5739 5740 19
5740 5741 20
5741 5742 18
5742 5743 9
5743 5744 18
5744 5745 17
5745 5746 13
5746 5747 17
5747 5748 13
5748 5749 19
5749 5750 10
5750 5751 9
5751 5752 20
5752 5753 8
5753 5754 1
5754 5755 7
5755 5756 10
5756 5757 4
5757 5758 16
5758 5759 13
5759 5760 2
5760 5761 4
5761 5762 19
5762 5763 3
5763 5764 16
5764 5765 12
5765 5766 12
5766 5767 17
5767 5768 14
5768 5769 7
5769 5770 20
5770 5771 6
5771 5772 4
5772 5773 2
5773 5774 5
5774 5775 19
5775 5776 10
5776 5777 14
5777 5778 15
5778 5779 15
5779 5780 15
5780 5781 14
5781 5782 20
5782 5783 8
5783 5784 5
5784 5785 9
5785 5786 11
5786 5787 5
5787 5788 4
5788 5789 3
5789 5790 11
5790 5791 15
5791 5792 4
5792 5793 15
5793 5794 6
5794 5795 18
5795 5796 18
5796 5797 19
5797 5798 9
5798 5799 5
5799 5800 11
5800 5801 3
5801 5802 10
5802 5803 4
5803 5804 13
5804 5805 2
5805 5806 6
5806 5807 15
5807 5808 3
5808 5809 1
5809 5810 10
5810 5811 19
5811 5812 14
5812 5813 5
5813 5814 16
5814 5815 9
5815 5816 7
5816 5817 17
5817 5818 1
5818 5819 1
5819 5820 5
5820 5821 4
5821 5822 7
5822 5823 5
5823 5824 7
5824 5825 6
5825 5826 8
5826 5827 6
5827 5828 2
5828 5829 8
5829 5830 16
5830 5831 6
5831 5832 9
5832 5833 4
5833 5834 7
5834 5835 19
5835 5836 17
5836 5837 20
5837 5838 16
5838 5839 6
5839 5840 1
5840 5841 12
5841 5842 4
5842 5843 12
5843 5844 4
5844 5845 19
5845 5846 10
5846 5847 15
5847 5848 13
5848 5849 12
5849 5850 6
5850 5851 9
5851 5852 18
5852 5853 17
5853 5854 19
5854 5855 6
5855 5856 4
5856 5857 14
5857 5858 7
5858 5859 20
5859 5860 13
5860 5861 20
5861 5862 6
5862 5863 13
5863 5864 4
5864 5865 2
5865 5866 4
5866 5867 7
5867 5868 6
5868 5869 4
5869 5870 6
5870 5871 13
5871 5872 18
5872 5873 13
5873 5874 7
5874 5875 9
5875 5876 3
5876 5877 19
5877 5878 2
5878 5879 1
5879 5880 8
5880 5881 2
5881 5882 6
5882 5883 18
5883 5884 7
5884 5885 8
5885 5886 7
5886 5887 16
5887 5888 10
5888 5889 15
5889 5890 6
5890 5891 9
5891 5892 6
5892 5893 7
5893 5894 17
5894 5895 7
5895 5896 5
5896 5897 17
5897 5898 19
5898 5899 20
5899 5900 20
5900 5901 13
5901 5902 5
5902 5903 15
5903 5904 17
5904 5905 14
5905 5906 3
5906 5907 3
5907 5908 5
5908 5909 10
5909 5910 12
5910 5911 9
5911 5912 3
5912 5913 10
5913 5914 20
5914 5915 15
5915 5916 6
5916 5917 9
5917 5918 1
5918 5919 17
5919 5920 3
5920 5921 14
5921 5922 17
5922 5923 7
5923 5924 13
5924 5925 18
5925 5926 7
5926 5927 11
5927 5928 9
5928 5929 7
5929 5930 12
5930 5931 16
5931 5932 17
5932 5933 14
5933 5934 17
5934 5935 15
5935 5936 16
5936 5937 20
5937 5938 3
5938 5939 20
5939 5940 10
5940 5941 18
5941 5942 14
5942 5943 19
5943 5944 16
5944 5945 1
5945 5946 15
5946 5947 2
5947 5948 20
5948 5949 1
5949 5950 17
5950 5951 5
5951 5952 12
5952 5953 11
5953 5954 3
5954 5955 19
5955 5956 14
5956 5957 14
5957 5958 4
5958 5959 12
5959 5960 8
5960 5961 16
5961 5962 20
5962 5963 19
5963 5964 13
5964 5965 19
5965 5966 19
5966 5967 5
5967 5968 2
5968 5969 7
5969 5970 20
5970 5971 20
5971 5972 3
5972 5973 11
5973 5974 2
5974 5975 16
5975 5976 3
5976 5977 2
5977 5978 8
5978 5979 9
5979 5980 11
5980 5981 9
5981 5982 15
5982 5983 19
5983 5984 15
5984 5985 7
5985 5986 16
5986 5987 7
5987 5988 4
5988 5989 6
5989 5990 13
5990 5991 16
5991 5992 12
5992 5993 2
5993 5994 3
5994 5995 1
5995 5996 6
5996 5997 18
5997 5998 15
5998 5999 5
5999 6000 5
6000 6001 20
6001 6002 11
6002 6003 10
6003 6004 1
6004 6005 10
6005 6006 16
6006 6007 17
6007 6008 12
6008 6009 4
6009 6010 2
6010 6011 3
6011 6012 8
6012 6013 15
6013 6014 4
6014 6015 7
6015 6016 19
6016 6017 7
6017 6018 11
6018 6019 5
6019 6020 10
6020 6021 19
6021 6022 10
6022 6023 6
6023 6024 20
6024 6025 16
6025 6026 20
6026 6027 9
6027 6028 16
6028 6029 14
6029 6030 6
6030 6031 17
6031 6032 1
6032 6033 3
6033 6034 16
6034 6035 10
6035 6036 8
6036 6037 15
6037 6038 9
6038 6039 19
6039 6040 6
6040 6041 8
6041 6042 16
6042 6043 15
6043 6044 7
6044 6045 15
6045 6046 3
6046 6047 2
6047 6048 12
6048 6049 19
6049 6050 1
6050 6051 16
6051 6052 1
6052 6053 15
6053 6054 10
6054 6055 8
6055 6056 11
6056 6057 3
6057 6058 18
6058 6059 8
6059 6060 12
6060 6061 3
6061 6062 16
6062 6063 2
6063 6064 16
6064 6065 6
6065 6066 6
6066 6067 15
6067 6068 1
6068 6069 1
6069 6070 11
6070 6071 3
6071 6072 18
6072 6073 5
6073 6074 3
6074 6075 11
6075 6076 18
6076 6077 7
6077 6078 20
6078 6079 15
6079 6080 5
6080 6081 10
6081 6082 17
6082 6083 7
6083 6084 1
6084 6085 7
6085 6086 13
6086 6087 16
6087 6088 12
6088 6089 20
6089 6090 8
6090 6091 14
6091 6092 17
6092 6093 13
6093 6094 16
6094 6095 4
6095 6096 15
6096 6097 4
6097 6098 14
6098 6099 19
6099 6100 4
6100 6101 3
6101 6102 16
6102 6103 11
6103 6104 11
6104 6105 6
6105 6106 1
6106 6107 2
6107 6108 1
6108 6109 11
6109 6110 15
6110 6111 1
6111 6112 19
6112 6113 20
6113 6114 8
6114 6115 6
6115 6116 7
6116 6117 18
6117 6118 5
6118 6119 14
6119 6120 15
6120 6121 15
6121 6122 20
6122 6123 5
6123 6124 20
6124 6125 2
6125 6126 1
6126 6127 1
6127 6128 6
6128 6129 20
6129 6130 5
6130 6131 20
6131 6132 6
6132 6133 10
6133 6134 18
6134 6135 1
6135 6136 19
6136 6137 14
6137 6138 10
6138 6139 5
6139 6140 14
6140 6141 13
6141 6142 6
6142 6143 10
6143 6144 18
6144 6145 10
6145 6146 1
6146 6147 3
6147 6148 16
6148 6149 15
6149 6150 12
6150 6151 3
6151 6152 16
6152 6153 7
6153 6154 7
6154 6155 15
6155 6156 9
6156 6157 4
6157 6158 18
6158 6159 17
6159 6160 12
6160 6161 10
6161 6162 5
6162 6163 1
6163 6164 19
6164 6165 12
6165 6166 3
6166 6167 7
6167 6168 6
6168 6169 2
6169 6170 1
6170 6171 10
6171 6172 16
6172 6173 16
6173 6174 4
6174 6175 20
6175 6176 7
6176 6177 10
6177 6178 20
6178 6179 10
6179 6180 13
6180 6181 2
6181 6182 14
6182 6183 19
6183 6184 15
6184 6185 10
6185 6186 15
6186 6187 19
6187 6188 6
6188 6189 3
6189 6190 1
6190 6191 15
6191 6192 11
6192 6193 1
6193 6194 5
6194 6195 20
6195 6196 17
6196 6197 13
6197 6198 2
6198 6199 6
6199 6200 4
6200 6201 16
6201 6202 14
6202 6203 19
6203 6204 11
6204 6205 8
6205 6206 4
6206 6207 10
6207 6208 4
6208 6209 20
6209 6210 15
6210 6211 7
6211 6212 14
6212 6213 7
6213 6214 7
6214 6215 8
6215 6216 15
6216 6217 3
6217 6218 19
6218 6219 11
6219 6220 16
6220 6221 18
6221 6222 18
6222 6223 7
6223 6224 6
6224 6225 12
6225 6226 13
6226 6227 5
6227 6228 17
6228 6229 13
6229 6230 5
6230 6231 18
6231 6232 16
6232 6233 14
6233 6234 13
6234 6235 14
6235 6236 13
6236 6237 4
6237 6238 18
6238 6239 14
6239 6240 13
6240 6241 12
6241 6242 5
6242 6243 2
6243 6244 13
6244 6245 6
6245 6246 17
6246 6247 5
6247 6248 4
6248 6249 3
6249 6250 6
6250 6251 11
6251 6252 13
6252 6253 5
6253 6254 19
6254 6255 17
6255 6256 4
6256 6257 7
6257 6258 6
6258 6259 1
6259 6260 20
6260 6261 8
6261 6262 5
6262 6263 17
6263 6264 2
6264 6265 9
6265 6266 10
6266 6267 3
6267 6268 2
6268 6269 11
6269 6270 16
6270 6271 5
6271 6272 17
6272 6273 7
6273 6274 18
6274 6275 2
6275 6276 18
6276 6277 12
6277 6278 12
6278 6279 1
6279 6280 17
6280 6281 13
6281 6282 7
6282 6283 12
6283 6284 3
6284 6285 1
6285 6286 19
6286 6287 2
6287 6288 20
6288 6289 10
6289 6290 20
6290 6291 3
6291 6292 16
6292 6293 16
6293 6294 11
6294 6295 16
6295 6296 12
6296 6297 18
6297 6298 1
6298 6299 13
6299 6300 20
6300 6301 7
6301 6302 3
6302 6303 3
6303 6304 20
6304 6305 17
6305 6306 14
6306 6307 5
6307 6308 2
6308 6309 2
6309 6310 17
6310 6311 11
6311 6312 2
6312 6313 2
6313 6314 15
6314 6315 9
6315 6316 13
6316 6317 20
6317 6318 7
6318 6319 15
6319 6320 16
6320 6321 5
6321 6322 15
6322 6323 9
6323 6324 19
6324 6325 3
6325 6326 8
6326 6327 17
6327 6328 18
6328 6329 8
6329 6330 12
6330 6331 5
6331 6332 10
6332 6333 12
6333 6334 11
6334 6335 5
6335 6336 15
6336 6337 2
6337 6338 3
6338 6339 5
6339 6340 1
6340 6341 8
6341 6342 13
6342 6343 12
6343 6344 5
6344 6345 4
6345 6346 3
6346 6347 10
6347 6348 19
6348 6349 5
6349 6350 2
6350 6351 3
6351 6352 3
6352 6353 9
6353 6354 18
6354 6355 20
6355 6356 1
6356 6357 19
6357 6358 13
6358 6359 2
6359 6360 16
6360 6361 20
6361 6362 5
6362 6363 15
6363 6364 2
6364 6365 7
6365 6366 15
6366 6367 18
6367 6368 9
6368 6369 4
6369 6370 5
6370 6371 9
6371 6372 12
6372 6373 10
6373 6374 7
6374 6375 11
6375 6376 18
6376 6377 8
6377 6378 4
6378 6379 11
6379 6380 6
6380 6381 10
6381 6382 11
6382 6383 18
6383 6384 3
6384 6385 14
6385 6386 3
6386 6387 7
6387 6388 18
6388 6389 8
6389 6390 6
6390 6391 6
6391 6392 12
6392 6393 18
6393 6394 3
6394 6395 5
6395 6396 2
6396 6397 18
6397 6398 10
6398 6399 18
6399 6400 16
6400 6401 10
6401 6402 19
6402 6403 17
6403 6404 10
6404 6405 10
6405 6406 8
6406 6407 14
6407 6408 11
6408 6409 7
6409 6410 4
6410 6411 16
6411 6412 2
6412 6413 18
6413 6414 3
6414 6415 7
6415 6416 6
6416 6417 16
6417 6418 11
6418 6419 19
6419 6420 13
6420 6421 18
6421 6422 18
6422 6423 2
6423 6424 13
6424 6425 8
6425 6426 4
6426 6427 5
6427 6428 3
6428 6429 9
6429 6430 10
6430 6431 18
6431 6432 6
6432 6433 13
6433 6434 1
6434 6435 15
6435 6436 8
6436 6437 3
6437 6438 16
6438 6439 14
6439 6440 20
6440 6441 14
6441 6442 11
6442 6443 5
6443 6444 11
6444 6445 12
6445 6446 12
6446 6447 4
6447 6448 16
6448 6449 3
6449 6450 19
6450 6451 3
6451 6452 17
6452 6453 18
6453 6454 13
6454 6455 13
6455 6456 12
6456 6457 7
6457 6458 2
6458 6459 12
6459 6460 11
6460 6461 17
6461 6462 14
6462 6463 4
6463 6464 12
6464 6465 20
6465 6466 17
6466 6467 8
6467 6468 7
6468 6469 15
6469 6470 20
6470 6471 20
6471 6472 15
6472 6473 14
6473 6474 4
6474 6475 13
6475 6476 18
6476 6477 12
6477 6478 10
6478 6479 20
6479 6480 1
6480 6481 12
6481 6482 13
6482 6483 10
6483 6484 2
6484 6485 12
6485 6486 12
6486 6487 12
6487 6488 10
6488 6489 6
6489 6490 19
6490 6491 13
6491 6492 4
6492 6493 4
6493 6494 14
6494 6495 11
6495 6496 3
6496 6497 7
6497 6498 6
6498 6499 10
6499 6500 12
6500 6501 7
6501 6502 5
6502 6503 17
6503 6504 13
6504 6505 20
6505 6506 3
6506 6507 8
6507 6508 5
6508 6509 6
6509 6510 10
6510 6511 11
6511 6512 10
6512 6513 3
6513 6514 12
6514 6515 18
6515 6516 7
6516 6517 9
6517 6518 9
6518 6519 16
6519 6520 8
6520 6521 4
6521 6522 16
6522 6523 18
6523 6524 5
6524 6525 15
6525 6526 18
6526 6527 12
6527 6528 2
6528 6529 11
6529 6530 11
6530 6531 11
6531 6532 5
6532 6533 17
6533 6534 5
6534 6535 2
6535 6536 2
6536 6537 20
6537 6538 2
6538 6539 13
6539 6540 8
6540 6541 20
6541 6542 1
6542 6543 2
6543 6544 3
6544 6545 19
6545 6546 17
6546 6547 18
6547 6548 4
6548 6549 1
6549 6550 20
6550 6551 15
6551 6552 9
6552 6553 19
6553 6554 14
6554 6555 9
6555 6556 19
6556 6557 17
6557 6558 7
6558 6559 4
6559 6560 17
6560 6561 10
6561 6562 1
6562 6563 18
6563 6564 19
6564 6565 16
6565 6566 18
6566 6567 19
6567 6568 2
6568 6569 8
6569 6570 5
6570 6571 9
6571 6572 13
6572 6573 1
6573 6574 11
6574 6575 13
6575 6576 16
6576 6577 11
6577 6578 8
6578 6579 2
6579 6580 11
6580 6581 5
6581 6582 8
6582 6583 18
6583 6584 18
6584 6585 16
6585 6586 1
6586 6587 12
6587 6588 14
6588 6589 15
6589 6590 4
6590 6591 10
6591 6592 10
6592 6593 3
6593 6594 1
6594 6595 8
6595 6596 10
6596 6597 11
6597 6598 9
6598 6599 12
6599 6600 8
6600 6601 5
6601 6602 10
6602 6603 1
6603 6604 7
6604 6605 16
6605 6606 10
6606 6607 15
6607 6608 16
6608 6609 9
6609 6610 13
6610 6611 14
6611 6612 1
6612 6613 16
6613 6614 8
6614 6615 16
6615 6616 16
6616 6617 3
6617 6618 15
6618 6619 14
6619 6620 7
6620 6621 13
6621 6622 19
6622 6623 20
6623 6624 10
6624 6625 12
6625 6626 6
6626 6627 3
6627 6628 6
6628 6629 6
6629 6630 14
6630 6631 5
6631 6632 19
6632 6633 11
6633 6634 6
6634 6635 13
6635 6636 7
6636 6637 3
6637 6638 11
6638 6639 16
6639 6640 7
6640 6641 18
6641 6642 17
6642 6643 2
6643 6644 12
6644 6645 3
6645 6646 8
6646 6647 3
6647 6648 14
6648 6649 14
6649 6650 3
6650 6651 10
6651 6652 15
6652 6653 6
6653 6654 4
6654 6655 4
6655 6656 11
6656 6657 19
6657 6658 18
6658 6659 6
6659 6660 18
6660 6661 11
6661 6662 18
6662 6663 14
6663 6664 2
6664 6665 8
6665 6666 10
6666 6667 13
6667 6668 15
6668 6669 20
6669 6670 12
6670 6671 12
6671 6672 12
6672 6673 16
6673 6674 6
6674 6675 11
6675 6676 17
6676 6677 7
6677 6678 17
6678 6679 4
6679 6680 2
6680 6681 6
6681 6682 13
6682 6683 19
6683 6684 18
6684 6685 15
6685 6686 10
6686 6687 9
6687 6688 14
6688 6689 1
6689 6690 9
6690 6691 2
6691 6692 6
6692 6693 9
6693 6694 3
6694 6695 3
6695 6696 20
6696 6697 20
6697 6698 11
6698 6699 15
6699 6700 8
6700 6701 20
6701 6702 17
6702 6703 11
6703 6704 11
6704 6705 6
6705 6706 3
6706 6707 9
6707 6708 11
6708 6709 9
6709 6710 15
6710 6711 19
6711 6712 19
6712 6713 1
6713 6714 17
6714 6715 16
6715 6716 13
6716 6717 9
6717 6718 14
6718 6719 5
6719 6720 11
6720 6721 17
6721 6722 2
6722 6723 18
6723 6724 4
6724 6725 10
6725 6726 1
6726 6727 15
6727 6728 19
6728 6729 9
6729 6730 18
6730 6731 12
6731 6732 19
6732 6733 17
6733 6734 2
6734 6735 10
6735 6736 2
6736 6737 5
6737 6738 12
6738 6739 4
6739 6740 9
6740 6741 11
6741 6742 18
6742 6743 17
6743 6744 12
6744 6745 20
6745 6746 19
6746 6747 8
6747 6748 5
6748 6749 18
6749 6750 14
6750 6751 20
6751 6752 9
6752 6753 7
6753 6754 3
6754 6755 14
6755 6756 8
6756 6757 2
6757 6758 14
6758 6759 10
6759 6760 1
6760 6761 11
6761 6762 15
6762 6763 2
6763 6764 12
6764 6765 14
6765 6766 19
6766 6767 6
6767 6768 16
6768 6769 18
6769 6770 13
6770 6771 1
6771 6772 17
6772 6773 15
6773 6774 2
6774 6775 6
6775 6776 19
6776 6777 10
6777 6778 14
6778 6779 1
6779 6780 20
6780 6781 20
6781 6782 6
6782 6783 6
6783 6784 2
6784 6785 19
6785 6786 13
6786 6787 20
6787 6788 10
6788 6789 18
6789 6790 14
6790 6791 18
6791 6792 9
6792 6793 1
6793 6794 16
6794 6795 9
6795 6796 10
6796 6797 4
6797 6798 14
6798 6799 11
6799 6800 12
6800 6801 7
6801 6802 1
6802 6803 11
6803 6804 15
6804 6805 2
6805 6806 7
6806 6807 9
6807 6808 20
6808 6809 6
6809 6810 14
6810 6811 13
6811 6812 15
6812 6813 18
6813 6814 2
6814 6815 6
6815 6816 9
6816 6817 5
6817 6818 2
6818 6819 14
6819 6820 6
6820 6821 7
6821 6822 8
6822 6823 7
6823 6824 11
6824 6825 20
6825 6826 8
6826 6827 10
6827 6828 8
6828 6829 11
6829 6830 6
6830 6831 1
6831 6832 11
6832 6833 3
6833 6834 19
6834 6835 15
6835 6836 12
6836 6837 6
6837 6838 16
6838 6839 16
6839 6840 15
6840 6841 16
6841 6842 15
6842 6843 15
6843 6844 2
6844 6845 10
6845 6846 20
6846 6847 12
6847 6848 19
6848 6849 11
6849 6850 19
6850 6851 5
6851 6852 14
6852 6853 2
6853 6854 14
6854 6855 18
6855 6856 9
6856 6857 8
6857 6858 1
6858 6859 8
6859 6860 8
6860 6861 13
6861 6862 2
6862 6863 4
6863 6864 15
6864 6865 18
6865 6866 17
6866 6867 5
6867 6868 15
6868 6869 11
6869 6870 4
6870 6871 12
6871 6872 13
6872 6873 6
6873 6874 6
6874 6875 7
6875 6876 6
6876 6877 13
6877 6878 12
6878 6879 4
6879 6880 9
6880 6881 11
6881 6882 19
6882 6883 1
6883 6884 13
6884 6885 18
6885 6886 16
6886 6887 1
6887 6888 2
6888 6889 5
6889 6890 13
6890 6891 9
6891 6892 4
6892 6893 17
6893 6894 11
6894 6895 14
6895 6896 3
6896 6897 7
6897 6898 4
6898 6899 17
6899 6900 14
6900 6901 17
6901 6902 7
6902 6903 20
6903 6904 17
6904 6905 18
6905 6906 20
6906 6907 2
6907 6908 8
6908 6909 15
6909 6910 15
6910 6911 12
6911 6912 7
6912 6913 4
6913 6914 12
6914 6915 4
6915 6916 6
6916 6917 20
6917 6918 8
6918 6919 16
6919 6920 2
6920 6921 4
6921 6922 12
6922 6923 20
6923 6924 3
6924 6925 3
6925 6926 12
6926 6927 12
6927 6928 4
6928 6929 6
6929 6930 2
6930 6931 15
6931 6932 17
6932 6933 3
6933 6934 18
6934 6935 6
6935 6936 14
6936 6937 13
6937 6938 2
6938 6939 17
6939 6940 19
6940 6941 19
6941 6942 7
6942 6943 15
6943 6944 15
6944 6945 20
6945 6946 9
6946 6947 16
6947 6948 3
6948 6949 18
6949 6950 1
6950 6951 2
6951 6952 19
6952 6953 3
6953 6954 13
6954 6955 5
6955 6956 2
6956 6957 7
6957 6958 1
6958 6959 14
6959 6960 17
6960 6961 9
6961 6962 4
6962 6963 18
6963 6964 2
6964 6965 12
6965 6966 20
6966 6967 1
6967 6968 2
6968 6969 2
6969 6970 3
6970 6971 3
6971 6972 20
6972 6973 4
6973 6974 15
6974 6975 10
6975 6976 2
6976 6977 18
6977 6978 14
6978 6979 14
6979 6980 12
6980 6981 6
6981 6982 14
6982 6983 19
6983 6984 20
6984 6985 17
6985 6986 6
6986 6987 18
6987 6988 8
6988 6989 4
6989 6990 18
6990 6991 9
6991 6992 20
6992 6993 4
6993 6994 17
6994 6995 15
6995 6996 11
6996 6997 15
6997 6998 18
6998 6999 13
6999 7000 10
7000 7001 20
7001 7002 1
7002 7003 1
7003 7004 20
7004 7005 6
7005 7006 12
7006 7007 6
7007 7008 6
7008 7009 1
7009 7010 14
7010 7011 8
7011 7012 10
7012 7013 8
7013 7014 14
7014 7015 10
7015 7016 15
7016 7017 13
7017 7018 18
7018 7019 8
7019 7020 13
7020 7021 18
7021 7022 14
7022 7023 20
7023 7024 11
7024 7025 15
7025 7026 19
7026 7027 15
7027 7028 20
7028 7029 3
7029 7030 1
7030 7031 13
7031 7032 9
7032 7033 13
7033 7034 2
7034 7035 8
7035 7036 8
7036 7037 1
7037 7038 2
7038 7039 10
7039 7040 1
7040 7041 15
7041 7042 14
7042 7043 10
7043 7044 1
7044 7045 15
7045 7046 3
7046 7047 14
7047 7048 12
7048 7049 17
7049 7050 3
7050 7051 2
7051 7052 7
7052 7053 19
7053 7054 2
7054 7055 18
7055 7056 3
7056 7057 15
7057 7058 10
7058 7059 10
7059 7060 16
7060 7061 4
7061 7062 14
7062 7063 13
7063 7064 8
7064 7065 2
7065 7066 2
7066 7067 20
7067 7068 11
7068 7069 19
7069 7070 3
7070 7071 10
7071 7072 14
7072 7073 19
7073 7074 14
7074 7075 12
7075 7076 13
7076 7077 4
7077 7078 17
7078 7079 5
7079 7080 16
7080 7081 11
7081 7082 14
7082 7083 17
7083 7084 20
7084 7085 19
7085 7086 13
7086 7087 3
7087 7088 17
7088 7089 14
7089 7090 14
7090 7091 18
7091 7092 13
7092 7093 12
7093 7094 15
7094 7095 8
7095 7096 18
7096 7097 18
7097 7098 1
7098 7099 13
7099 7100 17
7100 7101 18
7101 7102 15
7102 7103 7
7103 7104 11
7104 7105 1
7105 7106 15
7106 7107 18
7107 7108 11
7108 7109 2
7109 7110 10
7110 7111 3
7111 7112 15
7112 7113 10
7113 7114 14
7114 7115 20
7115 7116 18
7116 7117 16
7117 7118 5
7118 7119 1
7119 7120 2
7120 7121 11
7121 7122 20
7122 7123 1
7123 7124 19
7124 7125 18
7125 7126 19
7126 7127 13
7127 7128 14
7128 7129 10
7129 7130 3
7130 7131 12
7131 7132 4
7132 7133 18
7133 7134 11
7134 7135 12
7135 7136 19
7136 7137 17
7137 7138 20
7138 7139 6
7139 7140 20
7140 7141 15
7141 7142 2
7142 7143 11
7143 7144 20
7144 7145 20
7145 7146 16
7146 7147 11
7147 7148 13
7148 7149 12
7149 7150 2
7150 7151 1
7151 7152 20
7152 7153 6
7153 7154 17
7154 7155 12
7155 7156 16
7156 7157 15
7157 7158 1
7158 7159 12
7159 7160 11
7160 7161 2
7161 7162 14
7162 7163 6
7163 7164 10
7164 7165 15
7165 7166 10
7166 7167 12
7167 7168 20
7168 7169 16
7169 7170 2
7170 7171 12
7171 7172 14
7172 7173 5
7173 7174 19
7174 7175 8
7175 7176 19
7176 7177 20
7177 7178 16
7178 7179 20
7179 7180 8
7180 7181 12
7181 7182 7
7182 7183 5
7183 7184 18
7184 7185 6
7185 7186 14
7186 7187 14
7187 7188 20
7188 7189 3
7189 7190 11
7190 7191 5
7191 7192 16
7192 7193 11
7193 7194 2
7194 7195 5
7195 7196 8
7196 7197 12
7197 7198 19
7198 7199 20
7199 7200 14
7200 7201 12
7201 7202 4
7202 7203 2
7203 7204 5
7204 7205 5
7205 7206 3
7206 7207 15
7207 7208 5
7208 7209 19
7209 7210 4
7210 7211 17
7211 7212 12
7212 7213 14
7213 7214 2
7214 7215 14
7215 7216 5
7216 7217 6
7217 7218 4
7218 7219 13
7219 7220 8
7220 7221 18
7221 7222 6
7222 7223 11
7223 7224 7
7224 7225 15
7225 7226 5
7226 7227 19
7227 7228 10
7228 7229 11
7229 7230 1
7230 7231 16
7231 7232 4
7232 7233 7
7233 7234 16
7234 7235 7
7235 7236 1
7236 7237 12
7237 7238 6
7238 7239 9
7239 7240 9
7240 7241 2
7241 7242 14
7242 7243 12
7243 7244 7
7244 7245 7
7245 7246 8
7246 7247 10
7247 7248 11
7248 7249 14
7249 7250 17
7250 7251 19
7251 7252 10
7252 7253 5
7253 7254 4
7254 7255 13
7255 7256 3
7256 7257 11
7257 7258 6
7258 7259 15
7259 7260 12
7260 7261 4
7261 7262 14
7262 7263 14
7263 7264 19
7264 7265 12
7265 7266 10
7266 7267 4
7267 7268 8
7268 7269 9
7269 7270 9
7270 7271 5
7271 7272 17
7272 7273 19
7273 7274 12
7274 7275 11
7275 7276 18
7276 7277 19
7277 7278 7
7278 7279 3
7279 7280 1
7280 7281 4
7281 7282 8
7282 7283 10
7283 7284 11
7284 7285 4
7285 7286 8
7286 7287 14
7287 7288 2
7288 7289 18
7289 7290 9
7290 7291 9
7291 7292 9
7292 7293 2
7293 7294 2
7294 7295 16
7295 7296 5
7296 7297 4
7297 7298 1
7298 7299 6
7299 7300 10
7300 7301 11
7301 7302 15
7302 7303 20
7303 7304 1
7304 7305 19
7305 7306 17
7306 7307 18
7307 7308 13
7308 7309 2
7309 7310 20
7310 7311 12
7311 7312 16
7312 7313 14
7313 7314 16
7314 7315 15
7315 7316 8
7316 7317 4
7317 7318 16
7318 7319 4
7319 7320 11
7320 7321 9
7321 7322 12
7322 7323 18
7323 7324 17
7324 7325 20
7325 7326 13
7326 7327 8
7327 7328 4
7328 7329 14
7329 7330 5
7330 7331 2
7331 7332 15
7332 7333 16
7333 7334 13
7334 7335 3
7335 7336 2
7336 7337 20
7337 7338 1
7338 7339 1
7339 7340 8
7340 7341 16
7341 7342 8
7342 7343 11
7343 7344 11
7344 7345 4
7345 7346 6
7346 7347 2
7347 7348 7
7348 7349 6
7349 7350 9
7350 7351 3
7351 7352 14
7352 7353 6
7353 7354 18
7354 7355 15
7355 7356 12
7356 7357 1
7357 7358 5
7358 7359 3
7359 7360 19
7360 7361 19
7361 7362 18
7362 7363 3
7363 7364 13
7364 7365 17
7365 7366 9
7366 7367 2
7367 7368 12
7368 7369 10
7369 7370 13
7370 7371 6
7371 7372 18
7372 7373 16
7373 7374 19
7374 7375 7
7375 7376 2
7376 7377 2
7377 7378 1
7378 7379 17
7379 7380 9
7380 7381 5
7381 7382 8
7382 7383 5
7383 7384 11
7384 7385 1
7385 7386 6
7386 7387 12
7387 7388 9
7388 7389 8
7389 7390 17
7390 7391 4
7391 7392 2
7392 7393 12
7393 7394 6
7394 7395 11
7395 7396 10
7396 7397 13
7397 7398 18
7398 7399 14
7399 7400 4
7400 7401 14
7401 7402 6
7402 7403 15
7403 7404 15
7404 7405 5
7405 7406 9
7406 7407 8
7407 7408 6
7408 7409 14
7409 7410 17
7410 7411 18
7411 7412 14
7412 7413 7
7413 7414 20
7414 7415 18
7415 7416 19
7416 7417 11
7417 7418 2
7418 7419 2
7419 7420 6
7420 7421 3
7421 7422 5
7422 7423 8
7423 7424 6
7424 7425 9
7425 7426 10
7426 7427 15
7427 7428 18
7428 7429 5
7429 7430 3
7430 7431 12
7431 7432 18
7432 7433 10
7433 7434 20
7434 7435 18
7435 7436 12
7436 7437 10
7437 7438 19
7438 7439 9
7439 7440 8
7440 7441 20
7441 7442 18
7442 7443 11
7443 7444 15
7444 7445 16
7445 7446 9
7446 7447 3
7447 7448 9
7448 7449 6
7449 7450 5
7450 7451 10
7451 7452 16
7452 7453 10
7453 7454 20
7454 7455 2
7455 7456 19
7456 7457 16
7457 7458 8
7458 7459 9
7459 7460 13
7460 7461 1
7461 7462 3
7462 7463 14
7463 7464 13
7464 7465 13
7465 7466 5
7466 7467 18
7467 7468 19
7468 7469 16
7469 7470 5
7470 7471 13
7471 7472 3
7472 7473 5
7473 7474 10
7474 7475 3
7475 7476 11
7476 7477 8
7477 7478 18
7478 7479 6
7479 7480 9
7480 7481 18
7481 7482 14
7482 7483 14
7483 7484 13
7484 7485 16
7485 7486 14
7486 7487 15
7487 7488 16
7488 7489 6
7489 7490 5
7490 7491 13
7491 7492 16
7492 7493 3
7493 7494 9
7494 7495 3
7495 7496 10
7496 7497 16
7497 7498 15
7498 7499 8
7499 7500 7
7500 7501 5
7501 7502 5
7502 7503 17
7503 7504 18
7504 7505 6
7505 7506 3
7506 7507 4
7507 7508 2
7508 7509 13
7509 7510 7
7510 7511 2
7511 7512 9
7512 7513 10
7513 7514 16
7514 7515 7
7515 7516 7
7516 7517 19
7517 7518 4
7518 7519 10
7519 7520 8
7520 7521 20
7521 7522 6
7522 7523 18
7523 7524 13
7524 7525 17
7525 7526 6
7526 7527 11
7527 7528 12
7528 7529 14
7529 7530 10
7530 7531 4
7531 7532 17
7532 7533 7
7533 7534 14
7534 7535 3
7535 7536 8
7536 7537 6
7537 7538 16
7538 7539 15
7539 7540 20
7540 7541 5
7541 7542 11
7542 7543 6
7543 7544 10
7544 7545 16
7545 7546 16
7546 7547 4
7547 7548 14
7548 7549 12
7549 7550 14
7550 7551 18
7551 7552 2
7552 7553 15
7553 7554 18
7554 7555 20
7555 7556 6
7556 7557 15
7557 7558 4
7558 7559 2
7559 7560 11
7560 7561 5
7561 7562 8
7562 7563 15
7563 7564 14
7564 7565 19
7565 7566 14
7566 7567 5
7567 7568 19
7568 7569 7
7569 7570 3
7570 7571 2
7571 7572 6
7572 7573 7
7573 7574 2
7574 7575 2
7575 7576 19
7576 7577 9
7577 7578 15
7578 7579 5
7579 7580 10
7580 7581 20
7581 7582 16
7582 7583 20
7583 7584 1
7584 7585 14
7585 7586 11
7586 7587 12
7587 7588 10
7588 7589 11
7589 7590 9
7590 7591 13
7591 7592 9
7592 7593 12
7593 7594 10
7594 7595 9
7595 7596 1
7596 7597 5
7597 7598 14
7598 7599 10
7599 7600 11
7600 7601 7
7601 7602 10
7602 7603 2
7603 7604 9
7604 7605 15
7605 7606 2
7606 7607 3
7607 7608 2
7608 7609 3
7609 7610 3
7610 7611 15
7611 7612 5
7612 7613 20
7613 7614 4
7614 7615 17
7615 7616 15
7616 7617 11
7617 7618 10
7618 7619 16
7619 7620 1
7620 7621 11
7621 7622 9
7622 7623 14
7623 7624 2
7624 7625 19
7625 7626 3
7626 7627 6
7627 7628 2
7628 7629 8
7629 7630 2
7630 7631 8
7631 7632 19
7632 7633 18
7633 7634 12
7634 7635 13
7635 7636 4
7636 7637 14
7637 7638 10
7638 7639 4
7639 7640 19
7640 7641 7
7641 7642 13
7642 7643 3
7643 7644 17
7644 7645 8
7645 7646 9
7646 7647 5
7647 7648 19
7648 7649 5
7649 7650 18
7650 7651 13
7651 7652 12
7652 7653 9
7653 7654 14
7654 7655 6
7655 7656 18
7656 7657 4
7657 7658 13
7658 7659 16
7659 7660 8
7660 7661 20
7661 7662 10
7662 7663 12
7663 7664 5
7664 7665 5
7665 7666 9
7666 7667 10
7667 7668 5
7668 7669 12
7669 7670 19
7670 7671 6
7671 7672 5
7672 7673 7
7673 7674 19
7674 7675 2
7675 7676 11
7676 7677 9
7677 7678 17
7678 7679 13
7679 7680 12
7680 7681 20
7681 7682 6
7682 7683 13
7683 7684 14
7684 7685 7
7685 7686 15
7686 7687 4
7687 7688 17
7688 7689 11
7689 7690 16
7690 7691 18
7691 7692 8
7692 7693 11
7693 7694 5
7694 7695 11
7695 7696 11
7696 7697 11
7697 7698 14
7698 7699 20
7699 7700 19
7700 7701 16
7701 7702 16
7702 7703 18
7703 7704 9
7704 7705 16
7705 7706 18
7706 7707 15
7707 7708 11
7708 7709 5
7709 7710 7
7710 7711 13
7711 7712 7
7712 7713 10
7713 7714 12
7714 7715 11
7715 7716 3
7716 7717 20
7717 7718 4
7718 7719 13
7719 7720 3
7720 7721 15
7721 7722 13
7722 7723 20
7723 7724 1
7724 7725 17
7725 7726 7
7726 7727 14
7727 7728 6
7728 7729 13
7729 7730 6
7730 7731 19
7731 7732 9
7732 7733 19
7733 7734 7
7734 7735 10
7735 7736 19
7736 7737 10
7737 7738 11
7738 7739 18
7739 7740 7
7740 7741 6
7741 7742 16
7742 7743 4
7743 7744 3
7744 7745 3
7745 7746 3
7746 7747 12
7747 7748 19
7748 7749 2
7749 7750 7
7750 7751 2
7751 7752 2
7752 7753 5
7753 7754 10
7754 7755 13
7755 7756 10
7756 7757 9
7757 7758 12
7758 7759 9
7759 7760 9
7760 7761 11
7761 7762 10
7762 7763 4
7763 7764 14
7764 7765 15
7765 7766 18
7766 7767 19
7767 7768 3
7768 7769 6
7769 7770 7
7770 7771 9
7771 7772 19
7772 7773 11
7773 7774 7
7774 7775 2
7775 7776 14
7776 7777 3
7777 7778 11
7778 7779 13
7779 7780 1
7780 7781 18
7781 7782 7
7782 7783 8
7783 7784 17
7784 7785 13
7785 7786 1
7786 7787 2
7787 7788 9
7788 7789 6
7789 7790 15
7790 7791 8
7791 7792 5
7792 7793 14
7793 7794 9
7794 7795 14
7795 7796 18
7796 7797 11
7797 7798 17
7798 7799 13
7799 7800 11
7800 7801 18
7801 7802 16
7802 7803 11
7803 7804 11
7804 7805 7
7805 7806 11
7806 7807 14
7807 7808 20
7808 7809 1
7809 7810 4
7810 7811 3
7811 7812 16
7812 7813 17
7813 7814 3
7814 7815 13
7815 7816 5
7816 7817 17
7817 7818 16
7818 7819 13
7819 7820 8
7820 7821 17
7821 7822 5
7822 7823 8
7823 7824 7
7824 7825 9
7825 7826 19
7826 7827 8
7827 7828 7
7828 7829 16
7829 7830 3
7830 7831 18
7831 7832 1
7832 7833 19
7833 7834 20
7834 7835 12
7835 7836 19
7836 7837 13
7837 7838 13
7838 7839 7
7839 7840 1
7840 7841 4
7841 7842 3
7842 7843 12
7843 7844 6
7844 7845 20
7845 7846 20
7846 7847 3
7847 7848 14
7848 7849 1
7849 7850 12
7850 7851 19
7851 7852 20
7852 7853 19
7853 7854 17
7854 7855 18
7855 7856 10
7856 7857 11
7857 7858 13
7858 7859 11
7859 7860 1
7860 7861 8
7861 7862 10
7862 7863 1
7863 7864 20
7864 7865 2
7865 7866 4
7866 7867 17
7867 7868 16
7868 7869 5
7869 7870 16
7870 7871 12
7871 7872 10
7872 7873 20
7873 7874 11
7874 7875 15
7875 7876 17
7876 7877 16
7877 7878 3
7878 7879 15
7879 7880 2
7880 7881 17
7881 7882 15
7882 7883 8
7883 7884 2
7884 7885 7
7885 7886 18
7886 7887 14
7887 7888 4
7888 7889 16
7889 7890 4
7890 7891 13
7891 7892 14
7892 7893 9
7893 7894 18
7894 7895 3
7895 7896 18
7896 7897 16
7897 7898 19
7898 7899 11
7899 7900 9
7900 7901 2
7901 7902 1
7902 7903 1
7903 7904 15
7904 7905 8
7905 7906 9
7906 7907 1
7907 7908 6
7908 7909 19
7909 7910 5
7910 7911 3
7911 7912 13
7912 7913 7
7913 7914 14
7914 7915 12
7915 7916 20
7916 7917 16
7917 7918 16
7918 7919 1
7919 7920 15
7920 7921 19
7921 7922 19
7922 7923 17
7923 7924 15
7924 7925 5
7925 7926 10
7926 7927 8
7927 7928 12
7928 7929 20
7929 7930 3
7930 7931 7
7931 7932 9
7932 7933 9
7933 7934 1
7934 7935 16
7935 7936 11
7936 7937 3
7937 7938 3
7938 7939 8
7939 7940 16
7940 7941 10
7941 7942 10
7942 7943 18
7943 7944 18
7944 7945 6
7945 7946 8
7946 7947 16
7947 7948 17
7948 7949 2
7949 7950 1
7950 7951 20
7951 7952 15
7952 7953 12
7953 7954 15
7954 7955 8
7955 7956 5
7956 7957 9
7957 7958 18
7958 7959 19
7959 7960 19
7960 7961 2
7961 7962 13
7962 7963 12
7963 7964 12
7964 7965 19
7965 7966 5
7966 7967 18
7967 7968 12
7968 7969 19
7969 7970 20
7970 7971 19
7971 7972 4
7972 7973 4
7973 7974 5
7974 7975 20
7975 7976 1
7976 7977 18
7977 7978 14
7978 7979 14
7979 7980 17
7980 7981 17
7981 7982 2
7982 7983 8
7983 7984 2
7984 7985 13
7985 7986 19
7986 7987 3
7987 7988 20
7988 7989 16
7989 7990 19
7990 7991 20
7991 7992 10
7992 7993 3
7993 7994 17
7994 7995 1
7995 7996 7
7996 7997 4
7997 7998 3
7998 7999 10
7999 8000 2
8000 8001 5
8001 8002 10
8002 8003 16
8003 8004 2
8004 8005 2
8005 8006 19
8006 8007 3
8007 8008 3
8008 8009 1
8009 8010 12
8010 8011 18
8011 8012 12
8012 8013 4
8013 8014 19
8014 8015 2
8015 8016 12
8016 8017 4
8017 8018 2
8018 8019 6
8019 8020 3
8020 8021 13
8021 8022 18
8022 8023 4
8023 8024 11
8024 8025 11
8025 8026 4
8026 8027 9
8027 8028 15
8028 8029 7
8029 8030 11
8030 8031 8
8031 8032 5
8032 8033 16
8033 8034 8
8034 8035 10
8035 8036 12
8036 8037 8
8037 8038 20
8038 8039 2
8039 8040 20
8040 8041 9
8041 8042 6
8042 8043 12
8043 8044 7
8044 8045 14
8045 8046 3
8046 8047 3
8047 8048 18
8048 8049 7
8049 8050 11
8050 8051 18
8051 8052 1
8052 8053 16
8053 8054 9
8054 8055 16
8055 8056 19
8056 8057 1
8057 8058 19
8058 8059 6
8059 8060 11
8060 8061 20
8061 8062 16
8062 8063 9
8063 8064 19
8064 8065 9
8065 8066 5
8066 8067 17
8067 8068 5
8068 8069 18
8069 8070 3
8070 8071 10
8071 8072 20
8072 8073 19
8073 8074 7
8074 8075 15
8075 8076 16
8076 8077 15
8077 8078 20
8078 8079 14
8079 8080 2
8080 8081 20
8081 8082 18
8082 8083 15
8083 8084 19
8084 8085 11
8085 8086 5
8086 8087 14
8087 8088 17
8088 8089 19
8089 8090 10
8090 8091 1
8091 8092 3
8092 8093 17
8093 8094 1
8094 8095 12
8095 8096 5
8096 8097 1
8097 8098 17
8098 8099 13
8099 8100 1
8100 8101 9
8101 8102 13
8102 8103 6
8103 8104 9
8104 8105 18
8105 8106 19
8106 8107 15
8107 8108 9
8108 8109 3
8109 8110 12
8110 8111 14
8111 8112 10
8112 8113 13
8113 8114 18
8114 8115 4
8115 8116 19
8116 8117 11
8117 8118 13
8118 8119 17
8119 8120 11
8120 8121 2
8121 8122 14
8122 8123 1
8123 8124 18
8124 8125 10
8125 8126 17
8126 8127 15
8127 8128 18
8128 8129 18
8129 8130 19
8130 8131 11
8131 8132 10
8132 8133 18
8133 8134 18
8134 8135 17
8135 8136 6
8136 8137 18
8137 8138 8
8138 8139 4
8139 8140 11
8140 8141 9
8141 8142 19
8142 8143 10
8143 8144 15
8144 8145 1
8145 8146 9
8146 8147 13
8147 8148 14
8148 8149 17
8149 8150 12
8150 8151 11
8151 8152 18
8152 8153 2
8153 8154 3
8154 8155 10
8155 8156 3
8156 8157 12
8157 8158 12
8158 8159 9
8159 8160 2
8160 8161 11
8161 8162 14
8162 8163 9
8163 8164 9
8164 8165 14
8165 8166 11
8166 8167 11
8167 8168 10
8168 8169 2
8169 8170 16
8170 8171 8
8171 8172 12
8172 8173 4
8173 8174 11
8174 8175 14
8175 8176 4
8176 8177 15
8177 8178 1
8178 8179 13
8179 8180 17
8180 8181 17
8181 8182 2
8182 8183 4
8183 8184 2
8184 8185 7
8185 8186 11
8186 8187 4
8187 8188 14
8188 8189 17
8189 8190 17
8190 8191 3
8191 8192 20
8192 8193 3
8193 8194 20
8194 8195 1
8195 8196 2
8196 8197 15
8197 8198 15
8198 8199 12
8199 8200 19
8200 8201 16
8201 8202 11
8202 8203 2
8203 8204 16
8204 8205 4
8205 8206 11
8206 8207 1
8207 8208 17
8208 8209 19
8209 8210 19
8210 8211 12
8211 8212 11
8212 8213 7
8213 8214 20
8214 8215 13
8215 8216 11
8216 8217 14
8217 8218 1
8218 8219 9
8219 8220 19
8220 8221 10
8221 8222 8
8222 8223 13
8223 8224 19
8224 8225 7
8225 8226 10
8226 8227 20
8227 8228 17
8228 8229 15
8229 8230 1
8230 8231 17
8231 8232 7
8232 8233 14
8233 8234 13
8234 8235 12
8235 8236 4
8236 8237 13
8237 8238 6
8238 8239 12
8239 8240 15
8240 8241 20
8241 8242 14
8242 8243 13
8243 8244 5
8244 8245 6
8245 8246 13
8246 8247 17
8247 8248 4
8248 8249 2
8249 8250 18
8250 8251 19
8251 8252 2
8252 8253 20
8253 8254 20
8254 8255 17
8255 8256 7
8256 8257 14
8257 8258 3
8258 8259 17
8259 8260 15
8260 8261 2
8261 8262 7
8262 8263 12
8263 8264 6
8264 8265 12
8265 8266 20
8266 8267 17
8267 8268 12
8268 8269 17
8269 8270 19
8270 8271 10
8271 8272 15
8272 8273 14
8273 8274 10
8274 8275 12
8275 8276 15
8276 8277 5
8277 8278 13
8278 8279 14
8279 8280 17
8280 8281 17
8281 8282 15
8282 8283 12
8283 8284 15
8284 8285 1
8285 8286 9
8286 8287 1
8287 8288 2
8288 8289 15
8289 8290 3
8290 8291 9
8291 8292 18
8292 8293 2
8293 8294 17
8294 8295 17
8295 8296 13
8296 8297 17
8297 8298 17
8298 8299 1
8299 8300 3
8300 8301 20
8301 8302 15
8302 8303 14
8303 8304 5
8304 8305 1
8305 8306 15
8306 8307 4
8307 8308 4
8308 8309 10
8309 8310 5
8310 8311 12
8311 8312 16
8312 8313 16
8313 8314 13
8314 8315 10
8315 8316 20
8316 8317 4
8317 8318 13
8318 8319 7
8319 8320 14
8320 8321 1
8321 8322 14
8322 8323 19
8323 8324 15
8324 8325 19
8325 8326 10
8326 8327 16
8327 8328 1
8328 8329 10
8329 8330 20
8330 8331 12
8331 8332 3
8332 8333 15
8333 8334 7
8334 8335 17
8335 8336 3
8336 8337 5
8337 8338 13
8338 8339 8
8339 8340 12
8340 8341 12
8341 8342 3
8342 8343 9
8343 8344 2
8344 8345 17
8345 8346 4
8346 8347 15
8347 8348 20
8348 8349 20
8349 8350 20
8350 8351 3
8351 8352 4
8352 8353 15
8353 8354 11
8354 8355 3
8355 8356 16
8356 8357 11
8357 8358 8
8358 8359 7
8359 8360 2
8360 8361 19
8361 8362 20
8362 8363 19
8363 8364 14
8364 8365 3
8365 8366 2
8366 8367 2
8367 8368 5
8368 8369 20
8369 8370 20
8370 8371 3
8371 8372 14
8372 8373 19
8373 8374 3
8374 8375 12
8375 8376 2
8376 8377 20
8377 8378 4
8378 8379 6
8379 8380 10
8380 8381 14
8381 8382 12
8382 8383 9
8383 8384 16
8384 8385 6
8385 8386 14
8386 8387 6
8387 8388 10
8388 8389 8
8389 8390 20
8390 8391 16
8391 8392 1
8392 8393 20
8393 8394 12
8394 8395 10
8395 8396 10
8396 8397 14
8397 8398 15
8398 8399 13
8399 8400 16
8400 8401 7
8401 8402 19
8402 8403 10
8403 8404 1
8404 8405 17
8405 8406 20
8406 8407 7
8407 8408 1
8408 8409 18
8409 8410 8
8410 8411 17
8411 8412 19
8412 8413 5
8413 8414 1
8414 8415 14
8415 8416 12
8416 8417 10
8417 8418 18
8418 8419 19
8419 8420 2
8420 8421 11
8421 8422 16
8422 8423 12
8423 8424 5
8424 8425 3
8425 8426 4
8426 8427 8
8427 8428 18
8428 8429 17
8429 8430 12
8430 8431 14
8431 8432 5
8432 8433 2
8433 8434 10
8434 8435 7
8435 8436 20
8436 8437 2
8437 8438 6
8438 8439 14
8439 8440 4
8440 8441 20
8441 8442 13
8442 8443 1
8443 8444 20
8444 8445 4
8445 8446 9
8446 8447 10
8447 8448 7
8448 8449 20
8449 8450 18
8450 8451 13
8451 8452 8
8452 8453 20
8453 8454 1
8454 8455 1
8455 8456 7
8456 8457 16
8457 8458 11
8458 8459 15
8459 8460 1
8460 8461 6
8461 8462 19
8462 8463 5
8463 8464 17
8464 8465 5
8465 8466 19
8466 8467 12
8467 8468 2
8468 8469 6
8469 8470 4
8470 8471 2
8471 8472 13
8472 8473 16
8473 8474 4
8474 8475 10
8475 8476 18
8476 8477 1
8477 8478 8
8478 8479 11
8479 8480 9
8480 8481 7
8481 8482 13
8482 8483 8
8483 8484 5
8484 8485 15
8485 8486 15
8486 8487 17
8487 8488 17
8488 8489 8
8489 8490 8
8490 8491 14
8491 8492 8
8492 8493 7
8493 8494 2
8494 8495 6
8495 8496 15
8496 8497 15
8497 8498 14
8498 8499 10
8499 8500 17
8500 8501 20
8501 8502 6
8502 8503 14
8503 8504 4
8504 8505 8
8505 8506 3
8506 8507 9
8507 8508 16
8508 8509 13
8509 8510 8
8510 8511 2
8511 8512 8
8512 8513 13
8513 8514 11
8514 8515 19
8515 8516 11
8516 8517 1
8517 8518 19
8518 8519 11
8519 8520 19
8520 8521 19
8521 8522 2
8522 8523 4
8523 8524 12
8524 8525 4
8525 8526 18
8526 8527 1
8527 8528 7
8528 8529 15
8529 8530 9
8530 8531 8
8531 8532 2
8532 8533 13
8533 8534 1
8534 8535 16
8535 8536 2
8536 8537 20
8537 8538 13
8538 8539 20
8539 8540 12
8540 8541 6
8541 8542 2
8542 8543 3
8543 8544 15
8544 8545 4
8545 8546 15
8546 8547 10
8547 8548 9
8548 8549 15
8549 8550 16
8550 8551 17
8551 8552 3
8552 8553 6
8553 8554 2
8554 8555 18
8555 8556 16
8556 8557 1
8557 8558 8
8558 8559 1
8559 8560 20
8560 8561 20
8561 8562 14
8562 8563 9
8563 8564 6
8564 8565 17
8565 8566 18
8566 8567 16
8567 8568 7
8568 8569 7
8569 8570 1
8570 8571 5
8571 8572 15
8572 8573 14
8573 8574 11
8574 8575 15
8575 8576 18
8576 8577 1
8577 8578 9
8578 8579 8
8579 8580 5
8580 8581 16
8581 8582 14
8582 8583 18
8583 8584 4
8584 8585 13
8585 8586 17
8586 8587 3
8587 8588 13
8588 8589 2
8589 8590 9
8590 8591 11
8591 8592 19
8592 8593 11
8593 8594 17
8594 8595 15
8595 8596 13
8596 8597 5
8597 8598 12
8598 8599 7
8599 8600 4
8600 8601 16
8601 8602 9
8602 8603 6
8603 8604 3
8604 8605 3
8605 8606 19
8606 8607 8
8607 8608 2
8608 8609 8
8609 8610 8
8610 8611 13
8611 8612 13
8612 8613 19
8613 8614 9
8614 8615 16
8615 8616 10
8616 8617 10
8617 8618 4
8618 8619 3
8619 8620 19
8620 8621 1
8621 8622 5
8622 8623 18
8623 8624 12
8624 8625 11
8625 8626 18
8626 8627 9
8627 8628 19
8628 8629 11
8629 8630 10
8630 8631 17
8631 8632 20
8632 8633 3
8633 8634 17
8634 8635 11
8635 8636 13
8636 8637 17
8637 8638 14
8638 8639 18
8639 8640 3
8640 8641 2
8641 8642 7
8642 8643 15
8643 8644 17
8644 8645 14
8645 8646 3
8646 8647 15
8647 8648 10
8648 8649 1
8649 8650 19
8650 8651 15
8651 8652 19
8652 8653 8
8653 8654 2
8654 8655 17
8655 8656 16
8656 8657 16
8657 8658 13
8658 8659 10
8659 8660 13
8660 8661 1
8661 8662 5
8662 8663 1
8663 8664 7
8664 8665 17
8665 8666 2
8666 8667 12
8667 8668 3
8668 8669 9
8669 8670 14
8670 8671 3
8671 8672 6
8672 8673 14
8673 8674 1
8674 8675 16
8675 8676 15
8676 8677 5
8677 8678 11
8678 8679 15
8679 8680 3
8680 8681 14
8681 8682 13
8682 8683 7
8683 8684 8
8684 8685 16
8685 8686 6
8686 8687 8
8687 8688 15
8688 8689 9
8689 8690 18
8690 8691 1
8691 8692 3
8692 8693 8
8693 8694 13
8694 8695 19
8695 8696 6
8696 8697 15
8697 8698 1
8698 8699 16
8699 8700 16
8700 8701 9
8701 8702 5
8702 8703 15
8703 8704 7
8704 8705 6
8705 8706 8
8706 8707 14
8707 8708 17
8708 8709 15
8709 8710 17
8710 8711 14
8711 8712 6
8712 8713 10
8713 8714 1
8714 8715 4
8715 8716 3
8716 8717 6
8717 8718 7
8718 8719 12
8719 8720 3
8720 8721 14
8721 8722 13
8722 8723 2
8723 8724 8
8724 8725 10
8725 8726 14
8726 8727 5
8727 8728 10
8728 8729 16
8729 8730 2
8730 8731 5
8731 8732 9
8732 8733 16
8733 8734 17
8734 8735 10
8735 8736 5
8736 8737 14
8737 8738 18
8738 8739 7
8739 8740 11
8740 8741 18
8741 8742 2
8742 8743 18
8743 8744 19
8744 8745 7
8745 8746 17
8746 8747 10
8747 8748 19
8748 8749 16
8749 8750 16
8750 8751 11
8751 8752 9
8752 8753 2
8753 8754 11
8754 8755 17
8755 8756 14
8756 8757 8
8757 8758 14
8758 8759 2
8759 8760 5
8760 8761 17
8761 8762 20
8762 8763 12
8763 8764 11
8764 8765 18
8765 8766 16
8766 8767 15
8767 8768 20
8768 8769 19
8769 8770 7
8770 8771 7
8771 8772 20
8772 8773 13
8773 8774 2
8774 8775 8
8775 8776 14
8776 8777 10
8777 8778 1
8778 8779 8
8779 8780 14
8780 8781 17
8781 8782 6
8782 8783 6
8783 8784 18
8784 8785 12
8785 8786 10
8786 8787 5
8787 8788 4
8788 8789 8
8789 8790 10
8790 8791 13
8791 8792 11
8792 8793 17
8793 8794 13
8794 8795 11
8795 8796 10
8796 8797 16
8797 8798 3
8798 8799 7
8799 8800 12
8800 8801 3
8801 8802 9
8802 8803 5
8803 8804 17
8804 8805 5
8805 8806 16
8806 8807 13
8807 8808 4
8808 8809 13
8809 8810 20
8810 8811 17
8811 8812 5
8812 8813 5
8813 8814 5
8814 8815 5
8815 8816 1
8816 8817 12
8817 8818 2
8818 8819 3
8819 8820 5
8820 8821 18
8821 8822 17
8822 8823 1
8823 8824 12
8824 8825 4
8825 8826 15
8826 8827 20
8827 8828 15
8828 8829 3
8829 8830 15
8830 8831 1
8831 8832 5
8832 8833 3
8833 8834 3
8834 8835 7
8835 8836 10
8836 8837 12
8837 8838 11
8838 8839 8
8839 8840 17
8840 8841 20
8841 8842 9
8842 8843 11
8843 8844 8
8844 8845 20
8845 8846 18
8846 8847 13
8847 8848 18
8848 8849 11
8849 8850 6
8850 8851 18
8851 8852 3
8852 8853 19
8853 8854 5
8854 8855 12
8855 8856 3
8856 8857 15
8857 8858 11
8858 8859 13
8859 8860 5
8860 8861 3
8861 8862 12
8862 8863 20
8863 8864 18
8864 8865 6
8865 8866 13
8866 8867 18
8867 8868 1
8868 8869 4
8869 8870 17
8870 8871 15
8871 8872 8
8872 8873 19
8873 8874 4
8874 8875 11
8875 8876 5
8876 8877 15
8877 8878 20
8878 8879 6
8879 8880 5
8880 8881 10
8881 8882 20
8882 8883 11
8883 8884 5
8884 8885 13
8885 8886 9
8886 8887 6
8887 8888 7
8888 8889 13
8889 8890 13
8890 8891 20
8891 8892 19
8892 8893 2
8893 8894 7
8894 8895 16
8895 8896 8
8896 8897 14
8897 8898 9
8898 8899 13
8899 8900 19
8900 8901 10
8901 8902 2
8902 8903 15
8903 8904 13
8904 8905 14
8905 8906 16
8906 8907 4
8907 8908 7
8908 8909 3
8909 8910 17
8910 8911 8
8911 8912 8
8912 8913 14
8913 8914 18
8914 8915 3
8915 8916 4
8916 8917 20
8917 8918 20
8918 8919 20
8919 8920 15
8920 8921 1
8921 8922 14
8922 8923 5
8923 8924 11
8924 8925 7
8925 8926 7
8926 8927 5
8927 8928 20
8928 8929 15
8929 8930 6
8930 8931 7
8931 8932 19
8932 8933 11
8933 8934 6
8934 8935 13
8935 8936 9
8936 8937 13
8937 8938 8
8938 8939 1
8939 8940 19
8940 8941 11
8941 8942 13
8942 8943 12
8943 8944 7
8944 8945 20
8945 8946 5
8946 8947 14
8947 8948 1
8948 8949 7
8949 8950 13
8950 8951 9
8951 8952 17
8952 8953 12
8953 8954 16
8954 8955 17
8955 8956 12
8956 8957 4
8957 8958 1
8958 8959 8
8959 8960 18
8960 8961 10
8961 8962 13
8962 8963 6
8963 8964 6
8964 8965 5
8965 8966 15
8966 8967 4
8967 8968 16
8968 8969 4
8969 8970 18
8970 8971 2
8971 8972 3
8972 8973 18
8973 8974 10
8974 8975 19
8975 8976 12
8976 8977 6
8977 8978 19
8978 8979 1
8979 8980 9
8980 8981 19
8981 8982 3
8982 8983 1
8983 8984 15
8984 8985 19
8985 8986 14
8986 8987 16
8987 8988 7
8988 8989 5
8989 8990 8
8990 8991 19
8991 8992 9
8992 8993 18
8993 8994 8
8994 8995 16
8995 8996 15
8996 8997 3
8997 8998 3
8998 8999 10
8999 9000 6
9000 9001 7
9001 9002 19
9002 9003 9
9003 9004 10
9004 9005 3
9005 9006 20
9006 9007 7
9007 9008 19
9008 9009 11
9009 9010 13
9010 9011 17
9011 9012 17
9012 9013 7
9013 9014 12
9014 9015 20
9015 9016 1
9016 9017 14
9017 9018 19
9018 9019 11
9019 9020 18
9020 9021 10
9021 9022 13
9022 9023 6
9023 9024 12
9024 9025 3
9025 9026 20
9026 9027 10
9027 9028 13
9028 9029 13
9029 9030 15
9030 9031 19
9031 9032 18
9032 9033 14
9033 9034 6
9034 9035 8
9035 9036 7
9036 9037 14
9037 9038 19
9038 9039 20
9039 9040 7
9040 9041 10
9041 9042 9
9042 9043 11
9043 9044 14
9044 9045 1
9045 9046 20
9046 9047 17
9047 9048 19
9048 9049 2
9049 9050 15
9050 9051 2
9051 9052 10
9052 9053 1
9053 9054 9
9054 9055 12
9055 9056 4
9056 9057 19
9057 9058 9
9058 9059 11
9059 9060 3
9060 9061 19
9061 9062 1
9062 9063 12
9063 9064 3
9064 9065 13
9065 9066 19
9066 9067 18
9067 9068 15
9068 9069 9
9069 9070 18
9070 9071 3
9071 9072 9
9072 9073 17
9073 9074 14
9074 9075 1
9075 9076 3
9076 9077 14
9077 9078 5
9078 9079 11
9079 9080 5
9080 9081 19
9081 9082 1
9082 9083 6
9083 9084 7
9084 9085 2
9085 9086 16
9086 9087 10
9087 9088 10
9088 9089 19
9089 9090 20
9090 9091 5
9091 9092 9
9092 9093 16
9093 9094 2
9094 9095 2
9095 9096 18
9096 9097 19
9097 9098 19
9098 9099 20
9099 9100 17
9100 9101 19
9101 9102 10
9102 9103 6
9103 9104 15
9104 9105 13
9105 9106 19
9106 9107 3
9107 9108 10
9108 9109 9
9109 9110 5
9110 9111 14
9111 9112 18
9112 9113 10
9113 9114 5
9114 9115 19
9115 9116 18
9116 9117 20
9117 9118 10
9118 9119 1
9119 9120 17
9120 9121 12
9121 9122 7
9122 9123 20
9123 9124 12
9124 9125 2
9125 9126 5
9126 9127 13
9127 9128 10
9128 9129 2
9129 9130 17
9130 9131 18
9131 9132 2
9132 9133 1
9133 9134 7
9134 9135 2
9135 9136 8
9136 9137 17
9137 9138 15
9138 9139 4
9139 9140 8
9140 9141 11
9141 9142 13
9142 9143 19
9143 9144 12
9144 9145 3
9145 9146 17
9146 9147 19
9147 9148 8
9148 9149 9
9149 9150 8
9150 9151 8
9151 9152 2
9152 9153 3
9153 9154 5
9154 9155 1
9155 9156 19
9156 9157 11
9157 9158 14
9158 9159 3
9159 9160 6
9160 9161 2
9161 9162 12
9162 9163 19
9163 9164 8
9164 9165 9
9165 9166 4
9166 9167 5
9167 9168 17
9168 9169 5
9169 9170 16
9170 9171 20
9171 9172 10
9172 9173 16
9173 9174 19
9174 9175 4
9175 9176 8
9176 9177 12
9177 9178 14
9178 9179 11
9179 9180 15
9180 9181 8
9181 9182 2
9182 9183 2
9183 9184 6
9184 9185 9
9185 9186 20
9186 9187 2
9187 9188 4
9188 9189 9
9189 9190 15
9190 9191 15
9191 9192 19
9192 9193 1
9193 9194 17
9194 9195 20
9195 9196 17
9196 9197 10
9197 9198 11
9198 9199 10
9199 9200 19
9200 9201 3
9201 9202 18
9202 9203 5
9203 9204 17
9204 9205 9
9205 9206 15
9206 9207 9
9207 9208 10
9208 9209 2
9209 9210 2
9210 9211 11
9211 9212 5
9212 9213 15
9213 9214 15
9214 9215 14
9215 9216 14
9216 9217 4
9217 9218 15
9218 9219 12
9219 9220 8
9220 9221 8
9221 9222 16
9222 9223 20
9223 9224 8
9224 9225 15
9225 9226 3
9226 9227 6
9227 9228 20
9228 9229 5
9229 9230 20
9230 9231 10
9231 9232 7
9232 9233 19
9233 9234 18
9234 9235 3
9235 9236 4
9236 9237 2
9237 9238 15
9238 9239 9
9239 9240 16
9240 9241 1
9241 9242 8
9242 9243 18
9243 9244 4
9244 9245 12
9245 9246 16
9246 9247 11
9247 9248 12
9248 9249 6
9249 9250 16
9250 9251 6
9251 9252 12
9252 9253 5
9253 9254 12
9254 9255 14
9255 9256 11
9256 9257 10
9257 9258 9
9258 9259 1
9259 9260 13
9260 9261 11
9261 9262 9
9262 9263 19
9263 9264 19
9264 9265 10
9265 9266 7
9266 9267 10
9267 9268 5
9268 9269 14
9269 9270 6
9270 9271 10
9271 9272 11
9272 9273 6
9273 9274 5
9274 9275 15
9275 9276 15
9276 9277 16
9277 9278 12
9278 9279 4
9279 9280 19
9280 9281 16
9281 9282 18
9282 9283 11
9283 9284 8
9284 9285 7
9285 9286 14
9286 9287 6
9287 9288 7
9288 9289 20
9289 9290 3
9290 9291 9
9291 9292 9
9292 9293 9
9293 9294 19
9294 9295 6
9295 9296 4
9296 9297 16
9297 9298 1
9298 9299 15
9299 9300 6
9300 9301 13
9301 9302 12
9302 9303 5
9303 9304 8
9304 9305 3
9305 9306 16
9306 9307 3
9307 9308 12
9308 9309 10
9309 9310 6
9310 9311 20
9311 9312 15
9312 9313 2
9313 9314 12
9314 9315 13
9315 9316 15
9316 9317 2
9317 9318 12
9318 9319 20
9319 9320 7
9320 9321 1
9321 9322 4
9322 9323 12
9323 9324 7
9324 9325 3
9325 9326 9
9326 9327 13
9327 9328 16
9328 9329 5
9329 9330 12
9330 9331 18
9331 9332 15
9332 9333 16
9333 9334 20
9334 9335 15
9335 9336 18
9336 9337 18
9337 9338 20
9338 9339 18
9339 9340 16
9340 9341 15
9341 9342 14
9342 9343 20
9343 9344 7
9344 9345 20
9345 9346 8
9346 9347 15
9347 9348 3
9348 9349 17
9349 9350 20
9350 9351 3
9351 9352 15
9352 9353 20
9353 9354 6
9354 9355 15
9355 9356 13
9356 9357 11
9357 9358 6
9358 9359 10
9359 9360 5
9360 9361 13
9361 9362 1
9362 9363 19
9363 9364 8
9364 9365 3
9365 9366 5
9366 9367 15
9367 9368 5
9368 9369 3
9369 9370 19
9370 9371 8
9371 9372 13
9372 9373 4
9373 9374 16
9374 9375 3
9375 9376 1
9376 9377 9
9377 9378 16
9378 9379 1
9379 9380 20
9380 9381 4
9381 9382 13
9382 9383 6
9383 9384 18
9384 9385 15
9385 9386 17
9386 9387 3
9387 9388 8
9388 9389 1
9389 9390 9
9390 9391 1
9391 9392 6
9392 9393 2
9393 9394 10
9394 9395 7
9395 9396 14
9396 9397 14
9397 9398 14
9398 9399 16
9399 9400 7
9400 9401 19
9401 9402 7
9402 9403 20
9403 9404 5
9404 9405 9
9405 9406 7
9406 9407 17
9407 9408 8
9408 9409 9
9409 9410 8
9410 9411 14
9411 9412 13
9412 9413 17
9413 9414 15
9414 9415 4
9415 9416 14
9416 9417 8
9417 9418 7
9418 9419 1
9419 9420 20
9420 9421 1
9421 9422 17
9422 9423 15
9423 9424 11
9424 9425 15
9425 9426 9
9426 9427 12
9427 9428 15
9428 9429 6
9429 9430 15
9430 9431 12
9431 9432 9
9432 9433 6
9433 9434 8
9434 9435 7
9435 9436 8
9436 9437 2
9437 9438 11
9438 9439 10
9439 9440 7
9440 9441 3
9441 9442 5
9442 9443 18
9443 9444 4
9444 9445 3
9445 9446 4
9446 9447 3
9447 9448 9
9448 9449 6
9449 9450 6
9450 9451 16
9451 9452 10
9452 9453 7
9453 9454 6
9454 9455 12
9455 9456 7
9456 9457 5
9457 9458 5
9458 9459 1
9459 9460 20
9460 9461 8
9461 9462 4
9462 9463 15
9463 9464 7
9464 9465 13
9465 9466 6
9466 9467 3
9467 9468 11
9468 9469 19
9469 9470 18
9470 9471 13
9471 9472 13
9472 9473 8
9473 9474 2
9474 9475 1
9475 9476 12
9476 9477 9
9477 9478 17
9478 9479 17
9479 9480 1
9480 9481 2
9481 9482 14
9482 9483 11
9483 9484 2
9484 9485 12
9485 9486 9
9486 9487 7
9487 9488 7
9488 9489 14
9489 9490 16
9490 9491 16
9491 9492 17
9492 9493 17
9493 9494 2
9494 9495 8
9495 9496 6
9496 9497 1
9497 9498 6
9498 9499 5
9499 9500 18
9500 9501 15
9501 9502 2
9502 9503 4
9503 9504 1
9504 9505 1
9505 9506 12
9506 9507 1
9507 9508 3
9508 9509 14
9509 9510 7
9510 9511 12
9511 9512 17
9512 9513 16
9513 9514 12
9514 9515 3
9515 9516 11
9516 9517 19
9517 9518 4
9518 9519 4
9519 9520 4
9520 9521 12
9521 9522 3
9522 9523 3
9523 9524 6
9524 9525 9
9525 9526 12
9526 9527 10
9527 9528 15
9528 9529 3
9529 9530 3
9530 9531 17
9531 9532 17
9532 9533 1
9533 9534 7
9534 9535 11
9535 9536 18
9536 9537 11
9537 9538 5
9538 9539 5
9539 9540 2
9540 9541 3
9541 9542 6
9542 9543 10
9543 9544 3
9544 9545 19
9545 9546 3
9546 9547 20
9547 9548 2
9548 9549 1
9549 9550 6
9550 9551 7
9551 9552 2
9552 9553 14
9553 9554 7
9554 9555 9
9555 9556 13
9556 9557 1
9557 9558 4
9558 9559 8
9559 9560 20
9560 9561 20
9561 9562 15
9562 9563 9
9563 9564 15
9564 9565 12
9565 9566 7
9566 9567 11
9567 9568 18
9568 9569 15
9569 9570 17
9570 9571 7
9571 9572 11
9572 9573 16
9573 9574 12
9574 9575 20
9575 9576 2
9576 9577 1
9577 9578 2
9578 9579 4
9579 9580 18
9580 9581 11
9581 9582 20
9582 9583 6
9583 9584 4
9584 9585 15
9585 9586 9
9586 9587 15
9587 9588 13
9588 9589 14
9589 9590 11
9590 9591 4
9591 9592 2
9592 9593 14
9593 9594 15
9594 9595 12
9595 9596 5
9596 9597 17
9597 9598 17
9598 9599 17
9599 9600 19
9600 9601 14
9601 9602 12
9602 9603 6
9603 9604 17
9604 9605 3
9605 9606 16
9606 9607 13
9607 9608 17
9608 9609 4
9609 9610 1
9610 9611 12
9611 9612 11
9612 9613 9
9613 9614 7
9614 9615 12
9615 9616 19
9616 9617 12
9617 9618 6
9618 9619 1
9619 9620 16
9620 9621 20
9621 9622 15
9622 9623 7
9623 9624 16
9624 9625 9
9625 9626 12
9626 9627 2
9627 9628 2
9628 9629 6
9629 9630 12
9630 9631 2
9631 9632 20
9632 9633 19
9633 9634 7
9634 9635 5
9635 9636 14
9636 9637 2
9637 9638 10
9638 9639 14
9639 9640 3
9640 9641 17
9641 9642 17
9642 9643 20
9643 9644 1
9644 9645 8
9645 9646 10
9646 9647 1
9647 9648 7
9648 9649 6
9649 9650 8
9650 9651 17
9651 9652 12
9652 9653 12
9653 9654 4
9654 9655 11
9655 9656 14
9656 9657 17
9657 9658 14
9658 9659 16
9659 9660 7
9660 9661 9
9661 9662 19
9662 9663 3
9663 9664 7
9664 9665 12
9665 9666 9
9666 9667 18
9667 9668 7
9668 9669 5
9669 9670 15
9670 9671 1
9671 9672 6
9672 9673 9
9673 9674 4
9674 9675 5
9675 9676 2
9676 9677 12
9677 9678 20
9678 9679 17
9679 9680 7
9680 9681 20
9681 9682 13
9682 9683 18
9683 9684 9
9684 9685 1
9685 9686 16
9686 9687 20
9687 9688 2
9688 9689 11
9689 9690 20
9690 9691 8
9691 9692 5
9692 9693 4
9693 9694 10
9694 9695 17
9695 9696 12
9696 9697 8
9697 9698 6
9698 9699 7
9699 9700 2
9700 9701 18
9701 9702 3
9702 9703 2
9703 9704 12
9704 9705 5
9705 9706 1
9706 9707 1
9707 9708 12
9708 9709 1
9709 9710 2
9710 9711 5
9711 9712 8
9712 9713 19
9713 9714 18
9714 9715 9
9715 9716 15
9716 9717 8
9717 9718 1
9718 9719 14
9719 9720 2
9720 9721 14
9721 9722 12
9722 9723 13
9723 9724 14
9724 9725 12
9725 9726 7
9726 9727 4
9727 9728 7
9728 9729 19
9729 9730 2
9730 9731 14
9731 9732 18
9732 9733 4
9733 9734 2
9734 9735 2
9735 9736 14
9736 9737 7
9737 9738 5
9738 9739 1
9739 9740 6
9740 9741 3
9741 9742 6
9742 9743 8
9743 9744 8
9744 9745 20
9745 9746 5
9746 9747 9
9747 9748 5
9748 9749 9
9749 9750 9
9750 9751 16
9751 9752 6
9752 9753 12
9753 9754 19
9754 9755 20
9755 9756 10
9756 9757 11
9757 9758 9
9758 9759 13
9759 9760 10
9760 9761 6
9761 9762 12
9762 9763 13
9763 9764 5
9764 9765 1
9765 9766 19
9766 9767 12
9767 9768 9
9768 9769 19
9769 9770 4
9770 9771 5
9771 9772 13
9772 9773 16
9773 9774 3
9774 9775 5
9775 9776 9
9776 9777 14
9777 9778 1
9778 9779 20
9779 9780 15
9780 9781 13
9781 9782 20
9782 9783 15
9783 9784 11
9784 9785 2
9785 9786 5
9786 9787 14
9787 9788 3
9788 9789 15
9789 9790 2
9790 9791 16
9791 9792 9
9792 9793 16
9793 9794 19
9794 9795 19
9795 9796 6
9796 9797 2
9797 9798 17
9798 9799 15
9799 9800 15
9800 9801 8
9801 9802 11
9802 9803 20
9803 9804 9
9804 9805 1
9805 9806 2
9806 9807 10
9807 9808 8
9808 9809 12
9809 9810 15
9810 9811 12
9811 9812 6
9812 9813 20
9813 9814 5
9814 9815 9
9815 9816 1
9816 9817 15
9817 9818 7
9818 9819 18
9819 9820 6
9820 9821 12
9821 9822 16
9822 9823 5
9823 9824 4
9824 9825 10
9825 9826 13
9826 9827 2
9827 9828 10
9828 9829 4
9829 9830 11
9830 9831 1
9831 9832 18
9832 9833 1
9833 9834 15
9834 9835 15
9835 9836 11
9836 9837 14
9837 9838 15
9838 9839 14
9839 9840 10
9840 9841 10
9841 9842 6
9842 9843 19
9843 9844 10
9844 9845 12
9845 9846 3
9846 9847 10
9847 9848 19
9848 9849 10
9849 9850 7
9850 9851 11
9851 9852 7
9852 9853 8
9853 9854 2
9854 9855 15
9855 9856 9
9856 9857 5
9857 9858 2
9858 9859 3
9859 9860 18
9860 9861 1
9861 9862 6
9862 9863 6
9863 9864 20
9864 9865 16
9865 9866 20
9866 9867 11
9867 9868 4
9868 9869 17
9869 9870 12
9870 9871 5
9871 9872 14
9872 9873 15
9873 9874 4
9874 9875 16
9875 9876 14
9876 9877 2
9877 9878 13
9878 9879 10
9879 9880 20
9880 9881 2
9881 9882 3
9882 9883 13
9883 9884 15
9884 9885 6
9885 9886 20
9886 9887 19
9887 9888 12
9888 9889 1
9889 9890 2
9890 9891 16
9891 9892 17
9892 9893 11
9893 9894 12
9894 9895 5
9895 9896 13
9896 9897 10
9897 9898 12
9898 9899 20
9899 9900 18
9900 9901 12
9901 9902 16
9902 9903 18
9903 9904 10
9904 9905 2
9905 9906 7
9906 9907 20
9907 9908 13
9908 9909 3
9909 9910 4
9910 9911 15
9911 9912 17
9912 9913 10
9913 9914 8
9914 9915 18
9915 9916 9
9916 9917 17
9917 9918 3
9918 9919 12
9919 9920 18
9920 9921 2
9921 9922 3
9922 9923 6
9923 9924 4
9924 9925 19
9925 9926 18
9926 9927 1
9927 9928 7
9928 9929 8
9929 9930 20
9930 9931 1
9931 9932 16
9932 9933 6
9933 9934 19
9934 9935 13
9935 9936 18
9936 9937 7
9937 9938 19
9938 9939 5
9939 9940 15
9940 9941 2
9941 9942 8
9942 9943 14
9943 9944 18
9944 9945 7
9945 9946 8
9946 9947 4
9947 9948 6
9948 9949 10
9949 9950 8
9950 9951 20
9951 9952 10
9952 9953 17
9953 9954 12
9954 9955 16
9955 9956 8
9956 9957 13
9957 9958 19
9958 9959 18
9959 9960 5
9960 9961 15
9961 9962 3
9962 9963 6
9963 9964 4
9964 9965 11
9965 9966 15
9966 9967 16
9967 9968 6
9968 9969 12
9969 9970 16
9970 9971 9
9971 9972 3
9972 9973 18
9973 9974 8
9974 9975 6
9975 9976 11
9976 9977 10
9977 9978 9
9978 9979 3
9979 9980 18
9980 9981 10
9981 9982 9
9982 9983 15
9983 9984 18
9984 9985 19
9985 9986 19
9986 9987 2
9987 9988 13
9988 9989 9
9989 9990 11
9990 9991 9
9991 9992 19
9992 9993 16
9993 9994 12
9994 9995 6
9995 9996 16
9996 9997 4
9997 9998 4
9998 9999 2
9999 10000 5
10000 10001 10
10001 10002 13
10002 10003 11
10003 10004 15
10004 10005 13
10005 10006 8
10006 10007 13
10007 10008 12
10008 10009 5
10009 10010 1
10010 10011 10
10011 10012 10
10012 10013 5
10013 10014 11
10014 10015 4
10015 10016 19
10016 10017 20
10017 10018 1
10018 10019 1
10019 10020 5
10020 10021 16
10021 10022 9
10022 10023 20
10023 10024 18
10024 10025 5
10025 10026 4
10026 10027 14
10027 10028 18
10028 10029 6
10029 10030 7
10030 10031 14
10031 10032 18
10032 10033 14
10033 10034 7
10034 10035 17
10035 10036 10
10036 10037 16
10037 10038 4
10038 10039 7
10039 10040 8
10040 10041 12
10041 10042 4
10042 10043 4
10043 10044 17
10044 10045 2
10045 10046 10
10046 10047 15
10047 10048 19
10048 10049 2
10049 10050 10
10050 10051 18
10051 10052 17
10052 10053 15
10053 10054 8
10054 10055 18
10055 10056 14
10056 10057 9
10057 10058 20
10058 10059 8
10059 10060 20
10060 10061 19
10061 10062 12
10062 10063 14
10063 10064 19
10064 10065 10
10065 10066 6
10066 10067 14
10067 10068 12
10068 10069 11
10069 10070 7
10070 10071 5
10071 10072 17
10072 10073 2
10073 10074 18
10074 10075 14
10075 10076 12
10076 10077 2
10077 10078 10
10078 10079 11
10079 10080 15
10080 10081 14
10081 10082 8
10082 10083 3
10083 10084 20
10084 10085 9
10085 10086 14
10086 10087 2
10087 10088 10
10088 10089 15
10089 10090 9
10090 10091 9
10091 10092 11
10092 10093 13
10093 10094 2
10094 10095 8
10095 10096 10
10096 10097 3
10097 10098 3
10098 10099 19
10099 10100 13
10100 10101 19
10101 10102 4
10102 10103 14
10103 10104 9
10104 10105 3
10105 10106 3
10106 10107 4
10107 10108 3
10108 10109 6
10109 10110 20
10110 10111 19
10111 10112 13
10112 10113 11
10113 10114 2
10114 10115 4
10115 10116 15
10116 10117 4
10117 10118 17
10118 10119 12
10119 10120 17
10120 10121 18
10121 10122 18
10122 10123 19
10123 10124 1
10124 10125 14
10125 10126 9
10126 10127 3
10127 10128 15
10128 10129 9
10129 10130 12
10130 10131 12
10131 10132 20
10132 10133 20
10133 10134 5
10134 10135 14
10135 10136 11
10136 10137 15
10137 10138 6
10138 10139 10
10139 10140 12
10140 10141 9
10141 10142 8
10142 10143 9
10143 10144 13
10144 10145 7
10145 10146 14
10146 10147 18
10147 10148 16
10148 10149 20
10149 10150 16
10150 10151 20
10151 10152 12
10152 10153 10
10153 10154 20
10154 10155 10
10155 10156 3
10156 10157 16
10157 10158 17
10158 10159 12
10159 10160 16
10160 10161 2
10161 10162 18
10162 10163 19
10163 10164 9
10164 10165 15
10165 10166 9
10166 10167 10
10167 10168 3
10168 10169 13
10169 10170 7
10170 10171 16
10171 10172 20
10172 10173 14
10173 10174 14
10174 10175 16
10175 10176 17
10176 10177 15
10177 10178 2
10178 10179 18
10179 10180 14
10180 10181 12
10181 10182 1
10182 10183 15
10183 10184 11
10184 10185 6
10185 10186 2
10186 10187 14
10187 10188 13
10188 10189 9
10189 10190 2
10190 10191 4
10191 10192 5
10192 10193 5
10193 10194 7
10194 10195 11
10195 10196 2
10196 10197 10
10197 10198 16
10198 10199 16
10199 10200 2
10200 10201 9
10201 10202 9
10202 10203 11
10203 10204 18
10204 10205 11
10205 10206 4
10206 10207 13
10207 10208 10
10208 10209 5
10209 10210 3
10210 10211 11
10211 10212 18
10212 10213 15
10213 10214 17
10214 10215 19
10215 10216 8
10216 10217 8
10217 10218 18
10218 10219 1
10219 10220 4
10220 10221 16
10221 10222 20
10222 10223 10
10223 10224 7
10224 10225 19
10225 10226 14
10226 10227 7
10227 10228 2
10228 10229 19
10229 10230 14
10230 10231 19
10231 10232 4
10232 10233 12
10233 10234 11
10234 10235 19
10235 10236 16
10236 10237 1
10237 10238 7
10238 10239 16
10239 10240 5
10240 10241 2
10241 10242 8
10242 10243 18
10243 10244 19
10244 10245 9
10245 10246 16
10246 10247 10
10247 10248 3
10248 10249 17
10249 10250 2
10250 10251 2
10251 10252 20
10252 10253 10
10253 10254 1
10254 10255 12
10255 10256 16
10256 10257 4
10257 10258 5
10258 10259 3
10259 10260 10
10260 10261 16
10261 10262 11
10262 10263 18
10263 10264 14
10264 10265 12
10265 10266 17
10266 10267 10
10267 10268 6
10268 10269 17
10269 10270 15
10270 10271 18
10271 10272 7
10272 10273 9
10273 10274 19
10274 10275 16
10275 10276 12
10276 10277 1
10277 10278 17
10278 10279 11
10279 10280 15
10280 10281 19
10281 10282 5
10282 10283 19
10283 10284 2
10284 10285 8
10285 10286 8
10286 10287 6
10287 10288 1
10288 10289 3
10289 10290 10
10290 10291 12
10291 10292 7
10292 10293 2
10293 10294 15
10294 10295 3
10295 10296 2
10296 10297 1
10297 10298 15
10298 10299 12
10299 10300 20
10300 10301 3
10301 10302 13
10302 10303 2
10303 10304 15
10304 10305 4
10305 10306 13
10306 10307 11
10307 10308 4
10308 10309 6
10309 10310 14
10310 10311 11
10311 10312 13
10312 10313 11
10313 10314 11
10314 10315 10
10315 10316 3
10316 10317 16
10317 10318 20
10318 10319 5
10319 10320 20
10320 10321 2
10321 10322 12
10322 10323 8
10323 10324 1
10324 10325 16
10325 10326 1
10326 10327 10
10327 10328 2
10328 10329 15
10329 10330 14
10330 10331 13
10331 10332 8
10332 10333 10
10333 10334 16
10334 10335 20
10335 10336 10
10336 10337 6
10337 10338 14
10338 10339 14
10339 10340 17
10340 10341 11
10341 10342 17
10342 10343 3
10343 10344 8
10344 10345 18
10345 10346 18
10346 10347 16
10347 10348 7
10348 10349 5
10349 10350 20
10350 10351 19
10351 10352 9
10352 10353 15
10353 10354 12
10354 10355 16
10355 10356 5
10356 10357 20
10357 10358 17
10358 10359 12
10359 10360 7
10360 10361 15
10361 10362 8
10362 10363 10
10363 10364 9
10364 10365 18
10365 10366 13
10366 10367 20
10367 10368 12
10368 10369 4
10369 10370 4
10370 10371 3
10371 10372 2
10372 10373 3
10373 10374 7
10374 10375 8
10375 10376 2
10376 10377 17
10377 10378 7
10378 10379 3
10379 10380 7
10380 10381 1
10381 10382 13
10382 10383 11
10383 10384 7
10384 10385 5
10385 10386 18
10386 10387 20
10387 10388 1
10388 10389 11
10389 10390 12
10390 10391 4
10391 10392 19
10392 10393 8
10393 10394 13
10394 10395 7
10395 10396 1
10396 10397 4
10397 10398 4
10398 10399 5
10399 10400 2
10400 10401 1
10401 10402 17
10402 10403 12
10403 10404 9
10404 10405 20
10405 10406 15
10406 10407 2
10407 10408 15
10408 10409 7
10409 10410 19
10410 10411 14
10411 10412 8
10412 10413 4
10413 10414 14
10414 10415 7
10415 10416 14
10416 10417 1
10417 10418 7
10418 10419 4
10419 10420 15
10420 10421 4
10421 10422 15
10422 10423 11
10423 10424 19
10424 10425 12
10425 10426 16
10426 10427 13
10427 10428 1
10428 10429 17
10429 10430 7
10430 10431 13
10431 10432 16
10432 10433 20
10433 10434 8
10434 10435 5
10435 10436 5
10436 10437 11
10437 10438 9
10438 10439 3
10439 10440 13
10440 10441 2
10441 10442 20
10442 10443 7
10443 10444 7
10444 10445 2
10445 10446 3
10446 10447 6
10447 10448 6
10448 10449 5
10449 10450 15
10450 10451 18
10451 10452 16
10452 10453 10
10453 10454 4
10454 10455 18
10455 10456 19
10456 10457 15
10457 10458 3
10458 10459 3
10459 10460 9
10460 10461 13
10461 10462 3
10462 10463 12
10463 10464 14
10464 10465 11
10465 10466 1
10466 10467 9
10467 10468 8
10468 10469 8
10469 10470 8
10470 10471 18
10471 10472 14
10472 10473 19
10473 10474 15
10474 10475 2
10475 10476 4
10476 10477 3
10477 10478 1
10478 10479 6
10479 10480 1
10480 10481 14
10481 10482 1
10482 10483 3
10483 10484 15
10484 10485 18
10485 10486 9
10486 10487 11
10487 10488 12
10488 10489 2
10489 10490 17
10490 10491 8
10491 10492 18
10492 10493 12
10493 10494 16
10494 10495 9
10495 10496 10
10496 10497 4
10497 10498 13
10498 10499 9
10499 10500 11
10500 10501 1
10501 10502 1
10502 10503 9
10503 10504 15
10504 10505 1
10505 10506 6
10506 10507 18
10507 10508 2
10508 10509 17
10509 10510 13
10510 10511 2
10511 10512 4
10512 10513 10
10513 10514 6
10514 10515 2
10515 10516 15
10516 10517 20
10517 10518 5
10518 10519 15
10519 10520 8
10520 10521 17
10521 10522 19
10522 10523 13
10523 10524 2
10524 10525 8
10525 10526 10
10526 10527 19
10527 10528 18
10528 10529 7
10529 10530 20
10530 10531 17
10531 10532 5
10532 10533 20
10533 10534 11
10534 10535 5
10535 10536 5
10536 10537 10
10537 10538 16
10538 10539 12
10539 10540 2
10540 10541 20
10541 10542 7
10542 10543 15
10543 10544 11
10544 10545 14
10545 10546 19
10546 10547 10
10547 10548 19
10548 10549 18
10549 10550 18
10550 10551 16
10551 10552 19
10552 10553 15
10553 10554 5
10554 10555 3
10555 10556 1
10556 10557 15
10557 10558 1
10558 10559 16
10559 10560 15
10560 10561 5
10561 10562 19
10562 10563 15
10563 10564 14
10564 10565 1
10565 10566 19
10566 10567 19
10567 10568 13
10568 10569 15
10569 10570 10
10570 10571 18
10571 10572 10
10572 10573 20
10573 10574 17
10574 10575 8
10575 10576 2
10576 10577 7
10577 10578 4
10578 10579 9
10579 10580 12
10580 10581 2
10581 10582 4
10582 10583 8
10583 10584 9
10584 10585 19
10585 10586 4
10586 10587 12
10587 10588 6
10588 10589 13
10589 10590 8
10590 10591 17
10591 10592 12
10592 10593 16
10593 10594 12
10594 10595 4
10595 10596 15
10596 10597 3
10597 10598 12
10598 10599 9
10599 10600 10
10600 10601 7
10601 10602 10
10602 10603 9
10603 10604 5
10604 10605 16
10605 10606 6
10606 10607 9
10607 10608 15
10608 10609 3
10609 10610 11
10610 10611 14
10611 10612 6
10612 10613 10
10613 10614 6
10614 10615 2
10615 10616 2
10616 10617 11
10617 10618 12
10618 10619 8
10619 10620 4
10620 10621 15
10621 10622 2
10622 10623 5
10623 10624 1
10624 10625 5
10625 10626 15
10626 10627 14
10627 10628 15
10628 10629 11
10629 10630 14
10630 10631 10
10631 10632 4
10632 10633 14
10633 10634 20
10634 10635 8
10635 10636 18
10636 10637 11
10637 10638 6
10638 10639 7
10639 10640 16
10640 10641 17
10641 10642 6
10642 10643 1
10643 10644 14
10644 10645 13
10645 10646 9
10646 10647 15
10647 10648 10
10648 10649 20
10649 10650 3
10650 10651 4
10651 10652 9
10652 10653 13
10653 10654 5
10654 10655 10
10655 10656 7
10656 10657 6
10657 10658 14
10658 10659 6
10659 10660 9
10660 10661 11
10661 10662 15
10662 10663 10
10663 10664 4
10664 10665 4
10665 10666 16
10666 10667 7
10667 10668 2
10668 10669 12
10669 10670 1
10670 10671 19
10671 10672 9
10672 10673 17
10673 10674 6
10674 10675 12
10675 10676 14
10676 10677 18
10677 10678 11
10678 10679 5
10679 10680 5
10680 10681 3
10681 10682 3
10682 10683 18
10683 10684 6
10684 10685 12
10685 10686 8
10686 10687 15
10687 10688 2
10688 10689 8
10689 10690 4
10690 10691 3
10691 10692 17
10692 10693 17
10693 10694 16
10694 10695 6
10695 10696 7
10696 10697 2
10697 10698 6
10698 10699 8
10699 10700 2
10700 10701 13
10701 10702 16
10702 10703 7
10703 10704 6
10704 10705 14
10705 10706 11
10706 10707 5
10707 10708 13
10708 10709 20
10709 10710 9
10710 10711 20
10711 10712 1
10712 10713 6
10713 10714 1
10714 10715 9
10715 10716 19
10716 10717 17
10717 10718 4
10718 10719 3
10719 10720 12
10720 10721 6
10721 10722 13
10722 10723 9
10723 10724 20
10724 10725 12
10725 10726 8
10726 10727 14
10727 10728 17
10728 10729 18
10729 10730 19
10730 10731 7
10731 10732 19
10732 10733 4
10733 10734 13
10734 10735 7
10735 10736 13
10736 10737 4
10737 10738 13
10738 10739 4
10739 10740 20
10740 10741 8
10741 10742 7
10742 10743 19
10743 10744 13
10744 10745 12
10745 10746 14
10746 10747 15
10747 10748 5
10748 10749 16
10749 10750 6
10750 10751 5
10751 10752 20
10752 10753 10
10753 10754 18
10754 10755 2
10755 10756 5
10756 10757 2
10757 10758 4
10758 10759 7
10759 10760 20
10760 10761 13
10761 10762 10
10762 10763 16
10763 10764 10
10764 10765 1
10765 10766 20
10766 10767 14
10767 10768 9
10768 10769 12
10769 10770 6
10770 10771 5
10771 10772 17
10772 10773 14
10773 10774 20
10774 10775 2
10775 10776 14
10776 10777 16
10777 10778 11
10778 10779 18
10779 10780 12
10780 10781 6
10781 10782 6
10782 10783 9
10783 10784 18
10784 10785 14
10785 10786 11
10786 10787 18
10787 10788 8
10788 10789 20
10789 10790 19
10790 10791 14
10791 10792 18
10792 10793 15
10793 10794 11
10794 10795 3
10795 10796 10
10796 10797 15
10797 10798 20
10798 10799 4
10799 10800 2
10800 10801 14
10801 10802 4
10802 10803 19
10803 10804 5
10804 10805 18
10805 10806 1
10806 10807 15
10807 10808 5
10808 10809 3
10809 10810 6
10810 10811 1
10811 10812 13
10812 10813 13
10813 10814 17
10814 10815 3
10815 10816 15
10816 10817 3
10817 10818 7
10818 10819 6
10819 10820 1
10820 10821 16
10821 10822 10
10822 10823 10
10823 10824 9
10824 10825 8
10825 10826 10
10826 10827 18
10827 10828 16
10828 10829 12
10829 10830 6
10830 10831 2
10831 10832 15
10832 10833 7
10833 10834 2
10834 10835 9
10835 10836 9
10836 10837 3
10837 10838 10
10838 10839 3
10839 10840 11
10840 10841 6
10841 10842 9
10842 10843 18
10843 10844 9
10844 10845 15
10845 10846 4
10846 10847 3
10847 10848 5
10848 10849 20
10849 10850 13
10850 10851 16
10851 10852 8
10852 10853 6
10853 10854 11
10854 10855 12
10855 10856 20
10856 10857 17
10857 10858 9
10858 10859 7
10859 10860 3
10860 10861 6
10861 10862 1
10862 10863 8
10863 10864 18
10864 10865 17
10865 10866 2
10866 10867 14
10867 10868 2
10868 10869 7
10869 10870 10
10870 10871 5
10871 10872 17
10872 10873 16
10873 10874 12
10874 10875 10
10875 10876 20
10876 10877 9
10877 10878 4
10878 10879 7
10879 10880 13
10880 10881 7
10881 10882 10
10882 10883 5
10883 10884 7
10884 10885 4
10885 10886 11
10886 10887 19
10887 10888 14
10888 10889 6
10889 10890 1
10890 10891 11
10891 10892 1
10892 10893 5
10893 10894 8
10894 10895 17
10895 10896 14
10896 10897 12
10897 10898 3
10898 10899 17
10899 10900 18
10900 10901 18
10901 10902 5
10902 10903 1
10903 10904 3
10904 10905 13
10905 10906 11
10906 10907 18
10907 10908 11
10908 10909 20
10909 10910 16
10910 10911 5
10911 10912 1
10912 10913 12
10913 10914 14
10914 10915 5
10915 10916 15
10916 10917 13
10917 10918 2
10918 10919 4
10919 10920 17
10920 10921 16
10921 10922 8
10922 10923 17
10923 10924 5
10924 10925 7
10925 10926 12
10926 10927 20
10927 10928 10
10928 10929 3
10929 10930 5
10930 10931 20
10931 10932 18
10932 10933 20
10933 10934 11
10934 10935 20
10935 10936 3
10936 10937 18
10937 10938 18
10938 10939 8
10939 10940 20
10940 10941 13
10941 10942 14
10942 10943 17
10943 10944 11
10944 10945 16
10945 10946 17
10946 10947 20
10947 10948 5
10948 10949 11
10949 10950 13
10950 10951 6
10951 10952 14
10952 10953 15
10953 10954 7
10954 10955 12
10955 10956 13
10956 10957 10
10957 10958 19
10958 10959 14
10959 10960 12
10960 10961 6
10961 10962 2
10962 10963 3
10963 10964 19
10964 10965 12
10965 10966 16
10966 10967 10
10967 10968 13
10968 10969 16
10969 10970 2
10970 10971 7
10971 10972 18
10972 10973 20
10973 10974 8
10974 10975 7
10975 10976 8
10976 10977 2
10977 10978 11
10978 10979 18
10979 10980 14
10980 10981 4
10981 10982 10
10982 10983 17
10983 10984 19
10984 10985 5
10985 10986 19
10986 10987 18
10987 10988 17
10988 10989 15
10989 10990 6
10990 10991 12
10991 10992 12
10992 10993 3
10993 10994 19
10994 10995 3
10995 10996 5
10996 10997 18
10997 10998 16
10998 10999 5
10999 11000 20
11000 11001 8
11001 11002 7
11002 11003 15
11003 11004 11
11004 11005 15
11005 11006 9
11006 11007 12
11007 11008 12
11008 11009 20
11009 11010 13
11010 11011 18
11011 11012 17
11012 11013 16
11013 11014 1
11014 11015 11
11015 11016 6
11016 11017 19
11017 11018 3
11018 11019 7
11019 11020 14
11020 11021 12
11021 11022 8
11022 11023 3
11023 11024 9
11024 11025 19
11025 11026 17
11026 11027 6
11027 11028 4
11028 11029 2
11029 11030 10
11030 11031 1
11031 11032 13
11032 11033 19
11033 11034 3
11034 11035 1
11035 11036 15
11036 11037 5
11037 11038 20
11038 11039 14
11039 11040 8
11040 11041 15
11041 11042 8
11042 11043 16
11043 11044 18
11044 11045 16
11045 11046 5
11046 11047 3
11047 11048 7
11048 11049 15
11049 11050 5
11050 11051 8
11051 11052 18
11052 11053 3
11053 11054 11
11054 11055 9
11055 11056 9
11056 11057 3
11057 11058 18
11058 11059 13
11059 11060 12
11060 11061 20
11061 11062 8
11062 11063 1
11063 11064 9
11064 11065 20
11065 11066 4
11066 11067 7
11067 11068 8
11068 11069 1
11069 11070 15
11070 11071 20
11071 11072 18
11072 11073 7
11073 11074 4
11074 11075 9
11075 11076 2
11076 11077 8
11077 11078 6
11078 11079 4
11079 11080 9
11080 11081 3
11081 11082 5
11082 11083 7
11083 11084 1
11084 11085 17
11085 11086 17
11086 11087 19
11087 11088 12
11088 11089 3
11089 11090 13
11090 11091 1
11091 11092 19
11092 11093 19
11093 11094 1
11094 11095 20
11095 11096 3
11096 11097 5
11097 11098 14
11098 11099 7
11099 11100 13
11100 11101 16
11101 11102 11
11102 11103 8
11103 11104 11
11104 11105 1
11105 11106 17
11106 11107 2
11107 11108 7
11108 11109 8
11109 11110 19
11110 11111 4
11111 11112 2
11112 11113 9
11113 11114 11
11114 11115 2
11115 11116 4
11116 11117 11
11117 11118 19
11118 11119 20
11119 11120 11
11120 11121 5
11121 11122 8
11122 11123 6
11123 11124 4
11124 11125 5
11125 11126 1
11126 11127 18
11127 11128 9
11128 11129 14
11129 11130 7
11130 11131 7
11131 11132 1
11132 11133 11
11133 11134 6
11134 11135 1
11135 11136 16
11136 11137 6
11137 11138 20
11138 11139 20
11139 11140 13
11140 11141 6
11141 11142 4
11142 11143 16
11143 11144 2
11144 11145 17
11145 11146 8
11146 11147 12
11147 11148 2
11148 11149 17
11149 11150 4
11150 11151 17
11151 11152 2
11152 11153 10
11153 11154 14
11154 11155 20
11155 11156 14
11156 11157 7
11157 11158 3
11158 11159 16
11159 11160 15
11160 11161 15
11161 11162 17
11162 11163 20
11163 11164 19
11164 11165 10
11165 11166 8
11166 11167 17
11167 11168 17
11168 11169 12
11169 11170 4
11170 11171 14
11171 11172 19
11172 11173 18
11173 11174 5
11174 11175 12
11175 11176 3
11176 11177 6
11177 11178 15
11178 11179 11
11179 11180 4
11180 11181 14
11181 11182 4
11182 11183 16
11183 11184 8
11184 11185 4
11185 11186 11
11186 11187 14
11187 11188 12
11188 11189 8
11189 11190 10
11190 11191 15
11191 11192 14
11192 11193 14
11193 11194 18
11194 11195 18
11195 11196 18
11196 11197 15
11197 11198 9
11198 11199 3
11199 11200 13
11200 11201 8
11201 11202 11
11202 11203 13
11203 11204 13
11204 11205 13
11205 11206 7
11206 11207 15
11207 11208 16
11208 11209 5
11209 11210 2
11210 11211 12
11211 11212 1
11212 11213 15
11213 11214 4
11214 11215 11
11215 11216 4
11216 11217 12
11217 11218 4
11218 11219 7
11219 11220 5
11220 11221 7
11221 11222 4
11222 11223 10
11223 11224 20
11224 11225 1
11225 11226 11
11226 11227 20
11227 11228 15
11228 11229 16
11229 11230 7
11230 11231 17
11231 11232 2
11232 11233 4
11233 11234 19
11234 11235 14
11235 11236 15
11236 11237 10
11237 11238 20
11238 11239 19
11239 11240 20
11240 11241 11
11241 11242 17
11242 11243 7
11243 11244 12
11244 11245 4
11245 11246 11
11246 11247 11
11247 11248 11
11248 11249 7
11249 11250 4
11250 11251 15
11251 11252 15
11252 11253 12
11253 11254 1
11254 11255 14
11255 11256 13
11256 11257 18
11257 11258 13
11258 11259 15
11259 11260 16
11260 11261 10
11261 11262 19
11262 11263 6
11263 11264 12
11264 11265 3
11265 11266 10
11266 11267 5
11267 11268 7
11268 11269 9
11269 11270 14
11270 11271 13
11271 11272 7
11272 11273 15
11273 11274 1
11274 11275 15
11275 11276 10
11276 11277 8
11277 11278 20
11278 11279 20
11279 11280 2
11280 11281 14
11281 11282 3
11282 11283 4
11283 11284 3
11284 11285 8
11285 11286 1
11286 11287 12
11287 11288 2
11288 11289 12
11289 11290 20
11290 11291 16
11291 11292 12
11292 11293 8
11293 11294 7
11294 11295 11
11295 11296 15
11296 11297 16
11297 11298 14
11298 11299 6
11299 11300 20
11300 11301 17
11301 11302 12
11302 11303 11
11303 11304 1
11304 11305 19
11305 11306 11
11306 11307 19
11307 11308 19
11308 11309 3
11309 11310 20
11310 11311 3
11311 11312 8
11312 11313 6
11313 11314 3
11314 11315 13
11315 11316 17
11316 11317 2
11317 11318 11
11318 11319 6
11319 11320 13
11320 11321 10
11321 11322 20
11322 11323 6
11323 11324 2
11324 11325 12
11325 11326 9
11326 11327 18
11327 11328 12
11328 11329 16
11329 11330 18
11330 11331 15
11331 11332 8
11332 11333 18
11333 11334 13
11334 11335 4
11335 11336 4
11336 11337 17
11337 11338 7
11338 11339 13
11339 11340 8
11340 11341 7
11341 11342 11
11342 11343 7
11343 11344 9
11344 11345 19
11345 11346 12
11346 11347 14
11347 11348 6
11348 11349 12
11349 11350 9
11350 11351 6
11351 11352 14
11352 11353 12
11353 11354 20
11354 11355 6
11355 11356 6
11356 11357 19
11357 11358 19
11358 11359 19
11359 11360 2
11360 11361 9
11361 11362 18
11362 11363 20
11363 11364 4
11364 11365 11
11365 11366 10
11366 11367 9
11367 11368 3
11368 11369 7
11369 11370 18
11370 11371 17
11371 11372 10
11372 11373 19
11373 11374 18
11374 11375 19
11375 11376 2
11376 11377 11
11377 11378 6
11378 11379 20
11379 11380 5
11380 11381 10
11381 11382 10
11382 11383 10
11383 11384 2
11384 11385 4
11385 11386 7
11386 11387 17
11387 11388 7
11388 11389 18
11389 11390 5
11390 11391 4
11391 11392 19
11392 11393 3
11393 11394 17
11394 11395 12
11395 11396 19
11396 11397 4
11397 11398 20
11398 11399 5
11399 11400 8
11400 11401 14
11401 11402 4
11402 11403 1
11403 11404 12
11404 11405 11
11405 11406 13
11406 11407 2
11407 11408 14
11408 11409 20
11409 11410 12
11410 11411 11
11411 11412 4
11412 11413 1
11413 11414 1
11414 11415 9
11415 11416 9
11416 11417 2
11417 11418 12
11418 11419 15
11419 11420 19
11420 11421 17
11421 11422 1
11422 11423 14
11423 11424 8
11424 11425 13
11425 11426 20
11426 11427 13
11427 11428 19
11428 11429 3
11429 11430 20
11430 11431 1
11431 11432 6
11432 11433 11
11433 11434 3
11434 11435 2
11435 11436 11
11436 11437 18
11437 11438 2
11438 11439 4
11439 11440 16
11440 11441 7
11441 11442 18
11442 11443 14
11443 11444 18
11444 11445 15
11445 11446 3
11446 11447 20
11447 11448 1
11448 11449 20
11449 11450 17
11450 11451 8
11451 11452 7
11452 11453 19
11453 11454 4
11454 11455 16
11455 11456 14
11456 11457 19
11457 11458 20
11458 11459 9
11459 11460 16
11460 11461 16
11461 11462 3
11462 11463 15
11463 11464 15
11464 11465 10
11465 11466 15
11466 11467 1
11467 11468 1
11468 11469 10
11469 11470 19
11470 11471 2
11471 11472 6
11472 11473 16
11473 11474 1
11474 11475 1
11475 11476 6
11476 11477 13
11477 11478 4
11478 11479 5
11479 11480 16
11480 11481 18
11481 11482 17
11482 11483 5
11483 11484 13
11484 11485 12
11485 11486 11
11486 11487 18
11487 11488 4
11488 11489 15
11489 11490 9
11490 11491 5
11491 11492 4
11492 11493 13
11493 11494 4
11494 11495 4
11495 11496 18
11496 11497 18
11497 11498 15
11498 11499 17
11499 11500 6
11500 11501 10
11501 11502 10
11502 11503 18
11503 11504 11
11504 11505 18
11505 11506 19
11506 11507 12
11507 11508 12
11508 11509 15
11509 11510 10
11510 11511 9
11511 11512 9
11512 11513 5
11513 11514 14
11514 11515 19
11515 11516 17
11516 11517 6
11517 11518 14
11518 11519 20
11519 11520 9
11520 11521 13
11521 11522 9
11522 11523 19
11523 11524 3
11524 11525 14
11525 11526 11
11526 11527 5
11527 11528 18
11528 11529 1
11529 11530 14
11530 11531 11
11531 11532 1
11532 11533 9
11533 11534 15
11534 11535 6
11535 11536 16
11536 11537 14
11537 11538 15
11538 11539 6
11539 11540 6
11540 11541 7
11541 11542 11
11542 11543 12
11543 11544 13
11544 11545 12
11545 11546 19
11546 11547 10
11547 11548 2
11548 11549 15
11549 11550 19
11550 11551 19
11551 11552 10
11552 11553 3
11553 11554 13
11554 11555 8
11555 11556 16
11556 11557 1
11557 11558 12
11558 11559 12
11559 11560 17
11560 11561 1
11561 11562 15
11562 11563 12
11563 11564 18
11564 11565 11
11565 11566 19
11566 11567 20
11567 11568 20
11568 11569 2
11569 11570 8
11570 11571 20
11571 11572 8
11572 11573 13
11573 11574 8
11574 11575 16
11575 11576 7
11576 11577 13
11577 11578 11
11578 11579 7
11579 11580 7
11580 11581 9
11581 11582 17
11582 11583 15
11583 11584 14
11584 11585 15
11585 11586 13
11586 11587 10
11587 11588 9
11588 11589 3
11589 11590 11
11590 11591 2
11591 11592 15
11592 11593 10
11593 11594 2
11594 11595 18
11595 11596 8
11596 11597 2
11597 11598 18
11598 11599 9
11599 11600 16
11600 11601 15
11601 11602 10
11602 11603 18
11603 11604 2
11604 11605 6
11605 11606 13
11606 11607 18
11607 11608 12
11608 11609 2
11609 11610 2
11610 11611 2
11611 11612 6
11612 11613 18
11613 11614 7
11614 11615 5
11615 11616 15
11616 11617 18
11617 11618 9
11618 11619 2
11619 11620 20
11620 11621 11
11621 11622 20
11622 11623 5
11623 11624 15
11624 11625 7
11625 11626 2
11626 11627 17
11627 11628 4
11628 11629 6
11629 11630 3
11630 11631 13
11631 11632 5
11632 11633 10
11633 11634 5
11634 11635 20
11635 11636 18
11636 11637 13
11637 11638 19
11638 11639 13
11639 11640 13
11640 11641 4
11641 11642 8
11642 11643 13
11643 11644 9
11644 11645 9
11645 11646 4
11646 11647 6
11647 11648 1
11648 11649 14
11649 11650 19
11650 11651 10
11651 11652 12
11652 11653 11
11653 11654 5
11654 11655 7
11655 11656 4
11656 11657 17
11657 11658 3
11658 11659 15
11659 11660 1
11660 11661 7
11661 11662 9
11662 11663 15
11663 11664 18
11664 11665 11
11665 11666 13
11666 11667 3
11667 11668 10
11668 11669 20
11669 11670 8
11670 11671 16
11671 11672 17
11672 11673 6
11673 11674 6
11674 11675 12
11675 11676 2
11676 11677 15
11677 11678 10
11678 11679 1
11679 11680 14
11680 11681 19
11681 11682 16
11682 11683 19
11683 11684 18
11684 11685 12
11685 11686 14
11686 11687 8
11687 11688 18
11688 11689 18
11689 11690 17
11690 11691 13
11691 11692 4
11692 11693 17
11693 11694 18
11694 11695 10
11695 11696 20
11696 11697 8
11697 11698 19
11698 11699 10
11699 11700 6
11700 11701 2
11701 11702 12
11702 11703 2
11703 11704 11
11704 11705 17
11705 11706 18
11706 11707 6
11707 11708 5
11708 11709 10
11709 11710 5
11710 11711 18
11711 11712 4
11712 11713 9
11713 11714 11
11714 11715 9
11715 11716 12
11716 11717 17
11717 11718 8
11718 11719 13
11719 11720 7
11720 11721 13
11721 11722 20
11722 11723 13
11723 11724 5
11724 11725 2
11725 11726 7
11726 11727 19
11727 11728 7
11728 11729 2
11729 11730 18
11730 11731 13
11731 11732 12
11732 11733 11
11733 11734 4
11734 11735 12
11735 11736 15
11736 11737 9
11737 11738 18
11738 11739 1
11739 11740 8
11740 11741 11
11741 11742 18
11742 11743 2
11743 11744 13
11744 11745 15
11745 11746 7
11746 11747 19
11747 11748 9
11748 11749 4
11749 11750 8
11750 11751 8
11751 11752 20
11752 11753 20
11753 11754 8
11754 11755 14
11755 11756 19
11756 11757 6
11757 11758 12
11758 11759 10
11759 11760 17
11760 11761 1
11761 11762 11
11762 11763 18
11763 11764 4
11764 11765 14
11765 11766 7
11766 11767 15
11767 11768 19
11768 11769 14
11769 11770 11
11770 11771 1
11771 11772 5
11772 11773 20
11773 11774 5
11774 11775 11
11775 11776 17
11776 11777 19
11777 11778 5
11778 11779 13
11779 11780 12
11780 11781 9
11781 11782 10
11782 11783 2
11783 11784 2
11784 11785 8
11785 11786 8
11786 11787 13
11787 11788 7
11788 11789 6
11789 11790 18
11790 11791 2
11791 11792 11
11792 11793 7
11793 11794 8
11794 11795 10
11795 11796 4
11796 11797 3
11797 11798 13
11798 11799 16
11799 11800 15
11800 11801 1
11801 11802 8
11802 11803 10
11803 11804 20
11804 11805 9
11805 11806 7
11806 11807 16
11807 11808 2
11808 11809 19
11809 11810 15
11810 11811 6
11811 11812 16
11812 11813 13
11813 11814 6
11814 11815 1
11815 11816 1
11816 11817 17
11817 11818 12
11818 11819 2
11819 11820 2
11820 11821 17
11821 11822 14
11822 11823 17
11823 11824 9
11824 11825 9
11825 11826 11
11826 11827 19
11827 11828 10
11828 11829 2
11829 11830 1
11830 11831 17
11831 11832 18
11832 11833 20
11833 11834 10
11834 11835 17
11835 11836 2
11836 11837 14
11837 11838 5
11838 11839 20
11839 11840 15
11840 11841 17
11841 11842 10
11842 11843 9
11843 11844 2
11844 11845 2
11845 11846 19
11846 11847 20
11847 11848 5
11848 11849 15
11849 11850 20
11850 11851 19
11851 11852 15
11852 11853 16
11853 11854 15
11854 11855 12
11855 11856 3
11856 11857 19
11857 11858 12
11858 11859 9
11859 11860 2
11860 11861 4
11861 11862 14
11862 11863 3
11863 11864 16
11864 11865 13
11865 11866 4
11866 11867 7
11867 11868 8
11868 11869 1
11869 11870 11
11870 11871 8
11871 11872 20
11872 11873 1
11873 11874 10
11874 11875 3
11875 11876 12
11876 11877 10
11877 11878 4
11878 11879 9
11879 11880 13
11880 11881 17
11881 11882 16
11882 11883 12
11883 11884 3
11884 11885 7
11885 11886 7
11886 11887 15
11887 11888 8
11888 11889 17
11889 11890 1
11890 11891 6
11891 11892 2
11892 11893 9
11893 11894 19
11894 11895 19
11895 11896 16
11896 11897 10
11897 11898 11
11898 11899 4
11899 11900 17
11900 11901 4
11901 11902 12
11902 11903 16
11903 11904 14
11904 11905 4
11905 11906 5
11906 11907 11
11907 11908 8
11908 11909 6
11909 11910 14
11910 11911 13
11911 11912 19
11912 11913 11
11913 11914 10
11914 11915 19
11915 11916 11
11916 11917 15
11917 11918 18
11918 11919 7
11919 11920 5
11920 11921 7
11921 11922 6
11922 11923 2
11923 11924 14
11924 11925 15
11925 11926 11
11926 11927 20
11927 11928 4
11928 11929 13
11929 11930 2
11930 11931 9
11931 11932 20
11932 11933 3
11933 11934 13
11934 11935 6
11935 11936 1
11936 11937 5
11937 11938 13
11938 11939 5
11939 11940 7
11940 11941 7
11941 11942 6
11942 11943 1
11943 11944 15
11944 11945 3
11945 11946 4
11946 11947 19
11947 11948 2
11948 11949 20
11949 11950 17
11950 11951 15
11951 11952 18
11952 11953 18
11953 11954 5
11954 11955 7
11955 11956 10
11956 11957 4
11957 11958 3
11958 11959 11
11959 11960 8
11960 11961 17
11961 11962 12
11962 11963 2
11963 11964 8
11964 11965 16
11965 11966 19
11966 11967 10
11967 11968 14
11968 11969 2
11969 11970 13
11970 11971 7
11971 11972 14
11972 11973 9
11973 11974 16
11974 11975 14
11975 11976 12
11976 11977 14
11977 11978 12
11978 11979 19
11979 11980 7
11980 11981 3
11981 11982 15
11982 11983 5
11983 11984 7
11984 11985 7
11985 11986 18
11986 11987 15
11987 11988 18
11988 11989 17
11989 11990 3
11990 11991 17
11991 11992 18
11992 11993 7
11993 11994 5
11994 11995 15
11995 11996 4
11996 11997 3
11997 11998 1
11998 11999 9
11999 12000 5
12000 12001 4
12001 12002 10
12002 12003 2
12003 12004 6
12004 12005 8
12005 12006 15
12006 12007 13
12007 12008 8
12008 12009 13
12009 12010 18
12010 12011 11
12011 12012 7
12012 12013 12
12013 12014 11
12014 12015 15
12015 12016 12
12016 12017 11
12017 12018 14
12018 12019 3
12019 12020 2
12020 12021 17
12021 12022 6
12022 12023 17
12023 12024 19
12024 12025 4
12025 12026 7
12026 12027 4
12027 12028 15
12028 12029 13
12029 12030 20
12030 12031 4
12031 12032 13
12032 12033 18
12033 12034 12
12034 12035 15
12035 12036 3
12036 12037 1
12037 12038 14
12038 12039 3
12039 12040 19
12040 12041 5
12041 12042 5
12042 12043 13
12043 12044 14
12044 12045 2
12045 12046 7
12046 12047 3
12047 12048 20
12048 12049 7
12049 12050 8
12050 12051 19
12051 12052 10
12052 12053 16
12053 12054 9
12054 12055 11
12055 12056 16
12056 12057 17
12057 12058 2
12058 12059 3
12059 12060 14
12060 12061 15
12061 12062 17
12062 12063 13
12063 12064 19
12064 12065 14
12065 12066 15
12066 12067 19
12067 12068 7
12068 12069 14
12069 12070 20
12070 12071 4
12071 12072 10
12072 12073 15
12073 12074 1
12074 12075 17
12075 12076 7
12076 12077 15
12077 12078 6
12078 12079 17
12079 12080 15
12080 12081 18
12081 12082 3
12082 12083 9
12083 12084 7
12084 12085 13
12085 12086 7
12086 12087 16
12087 12088 20
12088 12089 10
12089 12090 20
12090 12091 5
12091 12092 5
12092 12093 13
12093 12094 15
12094 12095 3
12095 12096 18
12096 12097 20
12097 12098 13
12098 12099 17
12099 12100 11
12100 12101 6
12101 12102 19
12102 12103 1
12103 12104 9
12104 12105 10
12105 12106 12
12106 12107 2
12107 12108 19
12108 12109 7
12109 12110 10
12110 12111 16
12111 12112 1
12112 12113 9
12113 12114 1
12114 12115 6
12115 12116 19
12116 12117 5
12117 12118 8
12118 12119 13
12119 12120 9
12120 12121 7
12121 12122 17
12122 12123 5
12123 12124 16
12124 12125 17
12125 12126 18
12126 12127 15
12127 12128 3
12128 12129 8
12129 12130 7
12130 12131 20
12131 12132 2
12132 12133 15
12133 12134 3
12134 12135 12
12135 12136 4
12136 12137 2
12137 12138 7
12138 12139 18
12139 12140 2
12140 12141 2
12141 12142 11
12142 12143 18
12143 12144 13
12144 12145 10
12145 12146 9
12146 12147 19
12147 12148 11
12148 12149 10
12149 12150 6
12150 12151 20
12151 12152 16
12152 12153 16
12153 12154 13
12154 12155 5
12155 12156 20
12156 12157 9
12157 12158 16
12158 12159 18
12159 12160 5
12160 12161 8
12161 12162 17
12162 12163 8
12163 12164 16
12164 12165 4
12165 12166 17
12166 12167 4
12167 12168 20
12168 12169 4
12169 12170 13
12170 12171 11
12171 12172 5
12172 12173 15
12173 12174 20
12174 12175 7
12175 12176 10
12176 12177 1
12177 12178 1
12178 12179 6
12179 12180 14
12180 12181 18
12181 12182 3
12182 12183 12
12183 12184 6
12184 12185 10
12185 12186 14
12186 12187 17
12187 12188 17
12188 12189 18
12189 12190 11
12190 12191 7
12191 12192 17
12192 12193 5
12193 12194 3
12194 12195 20
12195 12196 11
12196 12197 20
12197 12198 17
12198 12199 13
12199 12200 13
12200 12201 15
12201 12202 10
12202 12203 5
12203 12204 19
12204 12205 14
12205 12206 8
12206 12207 1
12207 12208 16
12208 12209 14
12209 12210 6
12210 12211 5
12211 12212 10
12212 12213 16
12213 12214 11
12214 12215 18
12215 12216 19
12216 12217 5
12217 12218 3
12218 12219 14
12219 12220 14
12220 12221 13
12221 12222 4
12222 12223 15
12223 12224 18
12224 12225 16
12225 12226 10
12226 12227 14
12227 12228 13
12228 12229 20
12229 12230 20
12230 12231 20
12231 12232 3
12232 12233 20
12233 12234 4
12234 12235 10
12235 12236 14
12236 12237 20
12237 12238 4
12238 12239 14
12239 12240 15
12240 12241 16
12241 12242 13
12242 12243 1
12243 12244 4
12244 12245 3
12245 12246 11
12246 12247 7
12247 12248 7
12248 12249 19
12249 12250 3
12250 12251 19
12251 12252 10
12252 12253 17
12253 12254 5
12254 12255 18
12255 12256 16
12256 12257 16
12257 12258 6
12258 12259 18
12259 12260 5
12260 12261 5
12261 12262 10
12262 12263 5
12263 12264 8
12264 12265 5
12265 12266 18
12266 12267 3
12267 12268 6
12268 12269 7
12269 12270 2
12270 12271 9
12271 12272 12
12272 12273 11
12273 12274 1
12274 12275 7
12275 12276 7
12276 12277 13
12277 12278 3
12278 12279 17
12279 12280 6
12280 12281 17
12281 12282 6
12282 12283 15
12283 12284 19
12284 12285 10
12285 12286 2
12286 12287 16
12287 12288 20
12288 12289 6
12289 12290 17
12290 12291 7
12291 12292 17
12292 12293 7
12293 12294 13
12294 12295 15
12295 12296 7
12296 12297 16
12297 12298 19
12298 12299 18
12299 12300 9
12300 12301 1
12301 12302 7
12302 12303 20
12303 12304 3
12304 12305 4
12305 12306 15
12306 12307 17
12307 12308 12
12308 12309 17
12309 12310 10
12310 12311 20
12311 12312 9
12312 12313 19
12313 12314 12
12314 12315 11
12315 12316 9
12316 12317 6
12317 12318 7
12318 12319 6
12319 12320 7
12320 12321 16
12321 12322 16
12322 12323 16
12323 12324 19
12324 12325 6
12325 12326 12
12326 12327 8
12327 12328 15
12328 12329 20
12329 12330 4
12330 12331 6
12331 12332 2
12332 12333 10
12333 12334 10
12334 12335 9
12335 12336 14
12336 12337 13
12337 12338 12
12338 12339 6
12339 12340 10
12340 12341 6
12341 12342 1
12342 12343 9
12343 12344 16
12344 12345 9
12345 12346 6
12346 12347 10
12347 12348 18
12348 12349 3
12349 12350 16
12350 12351 20
12351 12352 8
12352 12353 14
12353 12354 18
12354 12355 6
12355 12356 13
12356 12357 17
12357 12358 13
12358 12359 14
12359 12360 20
12360 12361 11
12361 12362 10
12362 12363 18
12363 12364 19
12364 12365 18
12365 12366 12
12366 12367 7
12367 12368 16
12368 12369 13
12369 12370 15
12370 12371 5
12371 12372 2
12372 12373 8
12373 12374 19
12374 12375 2
12375 12376 12
12376 12377 2
12377 12378 20
12378 12379 7
12379 12380 4
12380 12381 9
12381 12382 6
12382 12383 8
12383 12384 16
12384 12385 18
12385 12386 3
12386 12387 12
12387 12388 6
12388 12389 11
12389 12390 20
12390 12391 4
12391 12392 2
12392 12393 8
12393 12394 4
12394 12395 8
12395 12396 7
12396 12397 9
12397 12398 8
12398 12399 5
12399 12400 18
12400 12401 2
12401 12402 3
12402 12403 11
12403 12404 17
12404 12405 14
12405 12406 2
12406 12407 19
12407 12408 5
12408 12409 18
12409 12410 14
12410 12411 11
12411 12412 1
12412 12413 3
12413 12414 10
12414 12415 16
12415 12416 6
12416 12417 13
12417 12418 3
12418 12419 18
12419 12420 9
12420 12421 13
12421 12422 5
12422 12423 2
12423 12424 11
12424 12425 19
12425 12426 14
12426 12427 19
12427 12428 13
12428 12429 16
12429 12430 2
12430 12431 10
12431 12432 1
12432 12433 8
12433 12434 14
12434 12435 7
12435 12436 20
12436 12437 11
12437 12438 15
12438 12439 19
12439 12440 3
12440 12441 19
12441 12442 1
12442 12443 11
12443 12444 4
12444 12445 15
12445 12446 16
12446 12447 4
12447 12448 9
12448 12449 13
12449 12450 12
12450 12451 20
12451 12452 19
12452 12453 9
12453 12454 8
12454 12455 20
12455 12456 20
12456 12457 14
12457 12458 8
12458 12459 11
12459 12460 17
12460 12461 4
12461 12462 16
12462 12463 12
12463 12464 14
12464 12465 7
12465 12466 17
12466 12467 15
12467 12468 6
12468 12469 18
12469 12470 1
12470 12471 10
12471 12472 18
12472 12473 17
12473 12474 9
12474 12475 10
12475 12476 2
12476 12477 20
12477 12478 6
12478 12479 16
12479 12480 20
12480 12481 4
12481 12482 19
12482 12483 13
12483 12484 7
12484 12485 9
12485 12486 12
12486 12487 17
12487 12488 18
12488 12489 16
12489 12490 10
12490 12491 18
12491 12492 12
12492 12493 1
12493 12494 2
12494 12495 19
12495 12496 9
12496 12497 19
12497 12498 14
12498 12499 12
12499 12500 6
12500 12501 1
12501 12502 9
12502 12503 12
12503 12504 4
12504 12505 1
12505 12506 8
12506 12507 11
12507 12508 8
12508 12509 7
12509 12510 8
12510 12511 5
12511 12512 18
12512 12513 4
12513 12514 11
12514 12515 4
12515 12516 18
12516 12517 6
12517 12518 4
12518 12519 9
12519 12520 10
12520 12521 2
12521 12522 20
12522 12523 10
12523 12524 3
12524 12525 8
12525 12526 20
12526 12527 20
12527 12528 13
12528 12529 20
12529 12530 17
12530 12531 10
12531 12532 5
12532 12533 5
12533 12534 19
12534 12535 7
12535 12536 9
12536 12537 10
12537 12538 11
12538 12539 15
12539 12540 11
12540 12541 19
12541 12542 13
12542 12543 13
12543 12544 11
12544 12545 6
12545 12546 6
12546 12547 15
12547 12548 18
12548 12549 18
12549 12550 17
12550 12551 19
12551 12552 8
12552 12553 7
12553 12554 5
12554 12555 10
12555 12556 7
12556 12557 4
12557 12558 5
12558 12559 9
12559 12560 18
12560 12561 9
12561 12562 6
12562 12563 18
12563 12564 8
12564 12565 19
12565 12566 4
12566 12567 12
12567 12568 12
12568 12569 13
12569 12570 5
12570 12571 5
12571 12572 17
12572 12573 3
12573 12574 14
12574 12575 14
12575 12576 14
12576 12577 5
12577 12578 10
12578 12579 4
12579 12580 17
12580 12581 9
12581 12582 19
12582 12583 17
12583 12584 14
12584 12585 3
12585 12586 5
12586 12587 16
12587 12588 11
12588 12589 1
12589 12590 13
12590 12591 20
12591 12592 6
12592 12593 20
12593 12594 10
12594 12595 6
12595 12596 17
12596 12597 20
12597 12598 16
12598 12599 13
12599 12600 7
12600 12601 6
12601 12602 6
12602 12603 20
12603 12604 6
12604 12605 20
12605 12606 7
12606 12607 7
12607 12608 7
12608 12609 14
12609 12610 12
12610 12611 10
12611 12612 20
12612 12613 9
12613 12614 14
12614 12615 14
12615 12616 11
12616 12617 7
12617 12618 15
12618 12619 11
12619 12620 15
12620 12621 4
12621 12622 9
12622 12623 3
12623 12624 3
12624 12625 15
12625 12626 10
12626 12627 5
12627 12628 17
12628 12629 18
12629 12630 2
12630 12631 7
12631 12632 4
12632 12633 17
12633 12634 20
12634 12635 20
12635 12636 16
12636 12637 6
12637 12638 16
12638 12639 2
12639 12640 4
12640 12641 19
12641 12642 4
12642 12643 20
12643 12644 11
12644 12645 20
12645 12646 5
12646 12647 3
12647 12648 17
12648 12649 7
12649 12650 12
12650 12651 6
12651 12652 12
12652 12653 6
12653 12654 7
12654 12655 4
12655 12656 13
12656 12657 15
12657 12658 18
12658 12659 3
12659 12660 6
12660 12661 12
12661 12662 17
12662 12663 4
12663 12664 20
12664 12665 6
12665 12666 20
12666 12667 1
12667 12668 1
12668 12669 10
12669 12670 1
12670 12671 7
12671 12672 16
12672 12673 11
12673 12674 14
12674 12675 18
12675 12676 6
12676 12677 10
12677 12678 4
12678 12679 14
12679 12680 20
12680 12681 3
12681 12682 16
12682 12683 5
12683 12684 18
12684 12685 15
12685 12686 20
12686 12687 16
12687 12688 3
12688 12689 7
12689 12690 5
12690 12691 18
12691 12692 19
12692 12693 6
12693 12694 11
12694 12695 2
12695 12696 15
12696 12697 20
12697 12698 17
12698 12699 3
12699 12700 14
12700 12701 6
12701 12702 14
12702 12703 7
12703 12704 16
12704 12705 16
12705 12706 2
12706 12707 5
12707 12708 15
12708 12709 1
12709 12710 10
12710 12711 6
12711 12712 8
12712 12713 20
12713 12714 12
12714 12715 8
12715 12716 8
12716 12717 15
12717 12718 11
12718 12719 20
12719 12720 17
12720 12721 19
12721 12722 14
12722 12723 10
12723 12724 8
12724 12725 2
12725 12726 15
12726 12727 7
12727 12728 18
12728 12729 11
12729 12730 14
12730 12731 7
12731 12732 5
12732 12733 6
12733 12734 3
12734 12735 10
12735 12736 8
12736 12737 3
12737 12738 16
12738 12739 11
12739 12740 13
12740 12741 15
12741 12742 7
12742 12743 8
12743 12744 4
12744 12745 19
12745 12746 16
12746 12747 15
12747 12748 12
12748 12749 17
12749 12750 10
12750 12751 8
12751 12752 8
12752 12753 8
12753 12754 11
12754 12755 4
12755 12756 12
12756 12757 1
12757 12758 10
12758 12759 17
12759 12760 17
12760 12761 1
12761 12762 3
12762 12763 1
12763 12764 9
12764 12765 15
12765 12766 7
12766 12767 20
12767 12768 14
12768 12769 18
12769 12770 19
12770 12771 12
12771 12772 4
12772 12773 3
12773 12774 18
12774 12775 13
12775 12776 13
12776 12777 18
12777 12778 3
12778 12779 8
12779 12780 16
12780 12781 18
12781 12782 11
12782 12783 14
12783 12784 16
12784 12785 15
12785 12786 11
12786 12787 17
12787 12788 19
12788 12789 17
12789 12790 9
12790 12791 12
12791 12792 17
12792 12793 5
12793 12794 5
12794 12795 14
12795 12796 5
12796 12797 20
12797 12798 1
12798 12799 15
12799 12800 14
12800 12801 5
12801 12802 18
12802 12803 9
12803 12804 7
12804 12805 10
12805 12806 18
12806 12807 20
12807 12808 4
12808 12809 5
12809 12810 4
12810 12811 10
12811 12812 6
12812 12813 19
12813 12814 17
12814 12815 16
12815 12816 12
12816 12817 4
12817 12818 16
12818 12819 10
12819 12820 17
12820 12821 10
12821 12822 18
12822 12823 9
12823 12824 3
12824 12825 7
12825 12826 6
12826 12827 5
12827 12828 5
12828 12829 2
12829 12830 20
12830 12831 11
12831 12832 2
12832 12833 15
12833 12834 11
12834 12835 9
12835 12836 7
12836 12837 7
12837 12838 4
12838 12839 11
12839 12840 11
12840 12841 8
12841 12842 1
12842 12843 10
12843 12844 11
12844 12845 2
12845 12846 5
12846 12847 17
12847 12848 6
12848 12849 8
12849 12850 15
12850 12851 15
12851 12852 4
12852 12853 7
12853 12854 9
12854 12855 17
12855 12856 4
12856 12857 4
12857 12858 11
12858 12859 1
12859 12860 8
12860 12861 12
12861 12862 5
12862 12863 11
12863 12864 8
12864 12865 1
12865 12866 14
12866 12867 20
12867 12868 5
12868 12869 1
12869 12870 8
12870 12871 13
12871 12872 20
12872 12873 12
12873 12874 12
12874 12875 15
12875 12876 16
12876 12877 9
12877 12878 7
12878 12879 3
12879 12880 19
12880 12881 1
12881 12882 14
12882 12883 4
12883 12884 14
12884 12885 17
12885 12886 18
12886 12887 4
12887 12888 13
12888 12889 10
12889 12890 2
12890 12891 1
12891 12892 16
12892 12893 12
12893 12894 12
12894 12895 19
12895 12896 9
12896 12897 17
12897 12898 3
12898 12899 7
12899 12900 12
12900 12901 15
12901 12902 13
12902 12903 3
12903 12904 6
12904 12905 16
12905 12906 18
12906 12907 11
12907 12908 10
12908 12909 18
12909 12910 11
12910 12911 6
12911 12912 15
12912 12913 8
12913 12914 11
12914 12915 15
12915 12916 1
12916 12917 1
12917 12918 17
12918 12919 19
12919 12920 8
12920 12921 8
12921 12922 7
12922 12923 1
12923 12924 4
12924 12925 2
12925 12926 10
12926 12927 10
12927 12928 18
12928 12929 19
12929 12930 7
12930 12931 19
12931 12932 7
12932 12933 15
12933 12934 12
12934 12935 1
12935 12936 8
12936 12937 3
12937 12938 18
12938 12939 4
12939 12940 11
12940 12941 8
12941 12942 13
12942 12943 1
12943 12944 13
12944 12945 3
12945 12946 14
12946 12947 18
12947 12948 8
12948 12949 11
12949 12950 18
12950 12951 15
12951 12952 6
12952 12953 18
12953 12954 13
12954 12955 13
12955 12956 20
12956 12957 14
12957 12958 15
12958 12959 15
12959 12960 4
12960 12961 6
12961 12962 18
12962 12963 16
12963 12964 12
12964 12965 10
12965 12966 9
12966 12967 19
12967 12968 3
12968 12969 6
12969 12970 17
12970 12971 15
12971 12972 14
12972 12973 14
12973 12974 7
12974 12975 3
12975 12976 5
12976 12977 2
12977 12978 14
12978 12979 3
12979 12980 1
12980 12981 9
12981 12982 14
12982 12983 7
12983 12984 2
12984 12985 17
12985 12986 17
12986 12987 7
12987 12988 13
12988 12989 8
12989 12990 3
12990 12991 8
12991 12992 15
12992 12993 17
12993 12994 15
12994 12995 11
12995 12996 10
12996 12997 18
12997 12998 10
12998 12999 1
12999 13000 20
13000 13001 18
13001 13002 7
13002 13003 14
13003 13004 19
13004 13005 1
13005 13006 4
13006 13007 13
13007 13008 9
13008 13009 6
13009 13010 10
13010 13011 12
13011 13012 7
13012 13013 11
13013 13014 3
13014 13015 16
13015 13016 15
13016 13017 8
13017 13018 16
13018 13019 11
13019 13020 16
13020 13021 7
13021 13022 18
13022 13023 6
13023 13024 12
13024 13025 11
13025 13026 20
13026 13027 18
13027 13028 9
13028 13029 10
13029 13030 19
13030 13031 5
13031 13032 16
13032 13033 16
13033 13034 4
13034 13035 18
13035 13036 2
13036 13037 18
13037 13038 7
13038 13039 7
13039 13040 16
13040 13041 8
13041 13042 15
13042 13043 8
13043 13044 16
13044 13045 6
13045 13046 18
13046 13047 12
13047 13048 14
13048 13049 3
13049 13050 17
13050 13051 15
13051 13052 10
13052 13053 10
13053 13054 2
13054 13055 13
13055 13056 14
13056 13057 4
13057 13058 20
13058 13059 5
13059 13060 7
13060 13061 17
13061 13062 20
13062 13063 20
13063 13064 15
13064 13065 9
13065 13066 1
13066 13067 8
13067 13068 17
13068 13069 19
13069 13070 9
13070 13071 7
13071 13072 13
13072 13073 17
13073 13074 1
13074 13075 13
13075 13076 7
13076 13077 18
13077 13078 15
13078 13079 19
13079 13080 2
13080 13081 7
13081 13082 2
13082 13083 20
13083 13084 14
13084 13085 13
13085 13086 18
13086 13087 16
13087 13088 3
13088 13089 5
13089 13090 5
13090 13091 5
13091 13092 1
13092 13093 11
13093 13094 8
13094 13095 10
13095 13096 15
13096 13097 12
13097 13098 11
13098 13099 16
13099 13100 5
13100 13101 16
13101 13102 1
13102 13103 19
13103 13104 7
13104 13105 7
13105 13106 10
13106 13107 19
13107 13108 7
13108 13109 8
13109 13110 11
13110 13111 5
13111 13112 5
13112 13113 16
13113 13114 6
13114 13115 17
13115 13116 14
13116 13117 6
13117 13118 11
13118 13119 2
13119 13120 11
13120 13121 3
13121 13122 3
13122 13123 7
13123 13124 9
13124 13125 8
13125 13126 7
13126 13127 13
13127 13128 10
13128 13129 5
13129 13130 18
13130 13131 11
13131 13132 17
13132 13133 5
13133 13134 11
13134 13135 17
13135 13136 6
13136 13137 20
13137 13138 17
13138 13139 13
13139 13140 14
13140 13141 16
13141 13142 13
13142 13143 9
13143 13144 2
13144 13145 9
13145 13146 2
13146 13147 18
13147 13148 12
13148 13149 9
13149 13150 7
13150 13151 14
13151 13152 12
13152 13153 7
13153 13154 14
13154 13155 14
13155 13156 4
13156 13157 5
13157 13158 6
13158 13159 4
13159 13160 12
13160 13161 12
13161 13162 8
13162 13163 9
13163 13164 5
13164 13165 13
13165 13166 7
13166 13167 6
13167 13168 14
13168 13169 17
13169 13170 2
13170 13171 18
13171 13172 6
13172 13173 16
13173 13174 17
13174 13175 3
13175 13176 6
13176 13177 19
13177 13178 7
13178 13179 1
13179 13180 20
13180 13181 1
13181 13182 9
13182 13183 11
13183 13184 15
13184 13185 1
13185 13186 19
13186 13187 13
13187 13188 14
13188 13189 18
13189 13190 10
13190 13191 8
13191 13192 17
13192 13193 14
13193 13194 14
13194 13195 17
13195 13196 4
13196 13197 1
13197 13198 18
13198 13199 2
13199 13200 5
13200 13201 1
13201 13202 3
13202 13203 15
13203 13204 2
13204 13205 18
13205 13206 9
13206 13207 6
13207 13208 8
13208 13209 10
13209 13210 8
13210 13211 8
13211 13212 11
13212 13213 1
13213 13214 3
13214 13215 20
13215 13216 19
13216 13217 15
13217 13218 8
13218 13219 15
13219 13220 3
13220 13221 6
13221 13222 18
13222 13223 3
13223 13224 9
13224 13225 16
13225 13226 1
13226 13227 12
13227 13228 6
13228 13229 18
13229 13230 7
13230 13231 5
13231 13232 20
13232 13233 5
13233 13234 11
13234 13235 16
13235 13236 16
13236 13237 2
13237 13238 11
13238 13239 3
13239 13240 7
13240 13241 17
13241 13242 1
13242 13243 18
13243 13244 6
13244 13245 8
13245 13246 7
13246 13247 17
13247 13248 16
13248 13249 20
13249 13250 19
13250 13251 13
13251 13252 8
13252 13253 17
13253 13254 3
13254 13255 18
13255 13256 13
13256 13257 12
13257 13258 14
13258 13259 9
13259 13260 4
13260 13261 14
13261 13262 5
13262 13263 2
13263 13264 11
13264 13265 1
13265 13266 19
13266 13267 2
13267 13268 6
13268 13269 12
13269 13270 19
13270 13271 20
13271 13272 4
13272 13273 17
13273 13274 4
13274 13275 9
13275 13276 15
13276 13277 10
13277 13278 3
13278 13279 20
13279 13280 17
13280 13281 19
13281 13282 12
13282 13283 3
13283 13284 18
13284 13285 7
13285 13286 2
13286 13287 6
13287 13288 10
13288 13289 1
13289 13290 9
13290 13291 12
13291 13292 11
13292 13293 13
13293 13294 9
13294 13295 14
13295 13296 2
13296 13297 6
13297 13298 1
13298 13299 19
13299 13300 17
13300 13301 17
13301 13302 5
13302 13303 17
13303 13304 7
13304 13305 17
13305 13306 4
13306 13307 18
13307 13308 5
13308 13309 18
13309 13310 13
13310 13311 4
13311 13312 4
13312 13313 16
13313 13314 18
13314 13315 19
13315 13316 1
13316 13317 16
13317 13318 2
13318 13319 15
13319 13320 8
13320 13321 3
13321 13322 7
13322 13323 19
13323 13324 20
13324 13325 19
13325 13326 15
13326 13327 15
13327 13328 9
13328 13329 9
13329 13330 14
13330 13331 17
13331 13332 4
13332 13333 11
13333 13334 12
13334 13335 7
13335 13336 16
13336 13337 18
13337 13338 16
13338 13339 2
13339 13340 12
13340 13341 5
13341 13342 13
13342 13343 20
13343 13344 20
13344 13345 15
13345 13346 8
13346 13347 7
13347 13348 6
13348 13349 6
13349 13350 17
13350 13351 8
13351 13352 7
13352 13353 20
13353 13354 8
13354 13355 13
13355 13356 16
13356 13357 4
13357 13358 20
13358 13359 6
13359 13360 2
13360 13361 2
13361 13362 9
13362 13363 13
13363 13364 5
13364 13365 7
13365 13366 14
13366 13367 1
13367 13368 16
13368 13369 13
13369 13370 7
13370 13371 8
13371 13372 5
13372 13373 6
13373 13374 2
13374 13375 8
13375 13376 16
13376 13377 7
13377 13378 18
13378 13379 19
13379 13380 6
13380 13381 3
13381 13382 10
13382 13383 18
13383 13384 13
13384 13385 1
13385 13386 19
13386 13387 5
13387 13388 12
13388 13389 17
13389 13390 5
13390 13391 3
13391 13392 2
13392 13393 13
13393 13394 10
13394 13395 8
13395 13396 6
13396 13397 15
13397 13398 17
13398 13399 10
13399 13400 16
13400 13401 12
13401 13402 18
13402 13403 19
13403 13404 12
13404 13405 8
13405 13406 3
13406 13407 18
13407 13408 14
13408 13409 13
13409 13410 15
13410 13411 10
13411 13412 11
13412 13413 12
13413 13414 5
13414 13415 12
13415 13416 13
13416 13417 16
13417 13418 2
13418 13419 5
13419 13420 8
13420 13421 20
13421 13422 2
13422 13423 19
13423 13424 7
13424 13425 2
13425 13426 15
13426 13427 11
13427 13428 8
13428 13429 7
13429 13430 6
13430 13431 17
13431 13432 5
13432 13433 6
13433 13434 16
13434 13435 4
13435 13436 8
13436 13437 17
13437 13438 4
13438 13439 10
13439 13440 15
13440 13441 20
13441 13442 15
13442 13443 9
13443 13444 12
13444 13445 3
13445 13446 16
13446 13447 11
13447 13448 3
13448 13449 5
13449 13450 13
13450 13451 11
13451 13452 4
13452 13453 8
13453 13454 8
13454 13455 17
13455 13456 3
13456 13457 13
13457 13458 15
13458 13459 14
13459 13460 8
13460 13461 18
13461 13462 2
13462 13463 16
13463 13464 4
13464 13465 4
13465 13466 5
13466 13467 6
13467 13468 1
13468 13469 5
13469 13470 13
13470 13471 7
13471 13472 6
13472 13473 11
13473 13474 16
13474 13475 13
13475 13476 15
13476 13477 18
13477 13478 1
13478 13479 18
13479 13480 5
13480 13481 19
13481 13482 4
13482 13483 8
13483 13484 5
13484 13485 1
13485 13486 18
13486 13487 2
13487 13488 4
13488 13489 19
13489 13490 2
13490 13491 10
13491 13492 16
13492 13493 18
13493 13494 7
13494 13495 13
13495 13496 10
13496 13497 19
13497 13498 7
13498 13499 8
13499 13500 9
13500 13501 1
13501 13502 13
13502 13503 5
13503 13504 9
13504 13505 20
13505 13506 10
13506 13507 9
13507 13508 10
13508 13509 1
13509 13510 16
13510 13511 9
13511 13512 20
13512 13513 13
13513 13514 6
13514 13515 19
13515 13516 5
13516 13517 7
13517 13518 15
13518 13519 18
13519 13520 19
13520 13521 10
13521 13522 19
13522 13523 1
13523 13524 13
13524 13525 17
13525 13526 6
13526 13527 18
13527 13528 15
13528 13529 5
13529 13530 15
13530 13531 16
13531 13532 1
13532 13533 9
13533 13534 1
13534 13535 3
13535 13536 12
13536 13537 2
13537 13538 1
13538 13539 1
13539 13540 20
13540 13541 1
13541 13542 5
13542 13543 8
13543 13544 8
13544 13545 17
13545 13546 3
13546 13547 14
13547 13548 12
13548 13549 18
13549 13550 18
13550 13551 12
13551 13552 3
13552 13553 20
13553 13554 3
13554 13555 3
13555 13556 3
13556 13557 6
13557 13558 9
13558 13559 3
13559 13560 14
13560 13561 16
13561 13562 6
13562 13563 12
13563 13564 1
13564 13565 10
13565 13566 6
13566 13567 1
13567 13568 20
13568 13569 20
13569 13570 4
13570 13571 3
13571 13572 9
13572 13573 19
13573 13574 6
13574 13575 7
13575 13576 20
13576 13577 13
13577 13578 6
13578 13579 11
13579 13580 12
13580 13581 8
13581 13582 1
13582 13583 4
13583 13584 20
13584 13585 6
13585 13586 19
13586 13587 20
13587 13588 15
13588 13589 13
13589 13590 4
13590 13591 15
13591 13592 17
13592 13593 13
13593 13594 15
13594 13595 19
13595 13596 3
13596 13597 6
13597 13598 8
13598 13599 4
13599 13600 15
13600 13601 2
13601 13602 12
13602 13603 4
13603 13604 6
13604 13605 1
13605 13606 7
13606 13607 16
13607 13608 14
13608 13609 6
13609 13610 18
13610 13611 5
13611 13612 13
13612 13613 7
13613 13614 2
13614 13615 4
13615 13616 10
13616 13617 12
13617 13618 15
13618 13619 18
13619 13620 4
13620 13621 12
13621 13622 20
13622 13623 19
13623 13624 8
13624 13625 18
13625 13626 8
13626 13627 3
13627 13628 11
13628 13629 9
13629 13630 6
13630 13631 1
13631 13632 7
13632 13633 6
13633 13634 3
13634 13635 11
13635 13636 5
13636 13637 7
13637 13638 15
13638 13639 13
13639 13640 10
13640 13641 3
13641 13642 18
13642 13643 12
13643 13644 11
13644 13645 8
13645 13646 4
13646 13647 10
13647 13648 10
13648 13649 1
13649 13650 2
13650 13651 2
13651 13652 10
13652 13653 8
13653 13654 17
13654 13655 11
13655 13656 9
13656 13657 20
13657 13658 2
13658 13659 8
13659 13660 16
13660 13661 16
13661 13662 11
13662 13663 4
13663 13664 3
13664 13665 8
13665 13666 4
13666 13667 16
13667 13668 2
13668 13669 12
13669 13670 5
13670 13671 11
13671 13672 20
13672 13673 7
13673 13674 5
13674 13675 10
13675 13676 2
13676 13677 6
13677 13678 4
13678 13679 7
13679 13680 2
13680 13681 10
13681 13682 13
13682 13683 7
13683 13684 13
13684 13685 15
13685 13686 2
13686 13687 16
13687 13688 18
13688 13689 12
13689 13690 5
13690 13691 8
13691 13692 11
13692 13693 10
13693 13694 5
13694 13695 1
13695 13696 5
13696 13697 6
13697 13698 9
13698 13699 11
13699 13700 5
13700 13701 17
13701 13702 4
13702 13703 11
13703 13704 17
13704 13705 7
13705 13706 6
13706 13707 17
13707 13708 17
13708 13709 20
13709 13710 3
13710 13711 4
13711 13712 2
13712 13713 3
13713 13714 5
13714 13715 6
13715 13716 16
13716 13717 15
13717 13718 9
13718 13719 17
13719 13720 5
13720 13721 1
13721 13722 14
13722 13723 8
13723 13724 14
13724 13725 5
13725 13726 19
13726 13727 13
13727 13728 8
13728 13729 17
13729 13730 15
13730 13731 6
13731 13732 10
13732 13733 8
13733 13734 16
13734 13735 2
13735 13736 16
13736 13737 8
13737 13738 14
13738 13739 3
13739 13740 20
13740 13741 19
13741 13742 13
13742 13743 5
13743 13744 9
13744 13745 2
13745 13746 18
13746 13747 13
13747 13748 6
13748 13749 16
13749 13750 5
13750 13751 10
13751 13752 3
13752 13753 8
13753 13754 16
13754 13755 1
13755 13756 20
13756 13757 8
13757 13758 6
13758 13759 9
13759 13760 4
13760 13761 15
13761 13762 12
13762 13763 20
13763 13764 11
13764 13765 4
13765 13766 17
13766 13767 20
13767 13768 6
13768 13769 4
13769 13770 6
13770 13771 14
13771 13772 11
13772 13773 4
13773 13774 17
13774 13775 8
13775 13776 20
13776 13777 9
13777 13778 15
13778 13779 17
13779 13780 17
13780 13781 14
13781 13782 10
13782 13783 6
13783 13784 18
13784 13785 17
13785 13786 6
13786 13787 17
13787 13788 5
13788 13789 19
13789 13790 15
13790 13791 4
13791 13792 17
13792 13793 2
13793 13794 11
13794 13795 1
13795 13796 6
13796 13797 12
13797 13798 3
13798 13799 20
13799 13800 20
13800 13801 2
13801 13802 5
13802 13803 16
13803 13804 15
13804 13805 7
13805 13806 15
13806 13807 3
13807 13808 9
13808 13809 2
13809 13810 13
13810 13811 18
13811 13812 5
13812 13813 10
13813 13814 4
13814 13815 10
13815 13816 16
13816 13817 1
13817 13818 12
13818 13819 8
13819 13820 18
13820 13821 13
13821 13822 13
13822 13823 16
13823 13824 6
13824 13825 11
13825 13826 9
13826 13827 15
13827 13828 20
13828 13829 6
13829 13830 18
13830 13831 18
13831 13832 9
13832 13833 7
13833 13834 5
13834 13835 19
13835 13836 12
13836 13837 17
13837 13838 5
13838 13839 8
13839 13840 1
13840 13841 8
13841 13842 14
13842 13843 3
13843 13844 2
13844 13845 14
13845 13846 15
13846 13847 13
13847 13848 5
13848 13849 16
13849 13850 10
13850 13851 19
13851 13852 7
13852 13853 2
13853 13854 10
13854 13855 5
13855 13856 1
13856 13857 13
13857 13858 7
13858 13859 4
13859 13860 18
13860 13861 5
13861 13862 8
13862 13863 7
13863 13864 20
13864 13865 12
13865 13866 14
13866 13867 13
13867 13868 19
13868 13869 7
13869 13870 5
13870 13871 7
13871 13872 15
13872 13873 19
13873 13874 5
13874 13875 17
13875 13876 18
13876 13877 2
13877 13878 9
13878 13879 20
13879 13880 15
13880 13881 14
13881 13882 18
13882 13883 11
13883 13884 15
13884 13885 2
13885 13886 9
13886 13887 8
13887 13888 17
13888 13889 20
13889 13890 4
13890 13891 20
13891 13892 13
13892 13893 17
13893 13894 10
13894 13895 11
13895 13896 17
13896 13897 9
13897 13898 12
13898 13899 14
13899 13900 18
13900 13901 4
13901 13902 19
13902 13903 12
13903 13904 7
13904 13905 16
13905 13906 18
13906 13907 5
13907 13908 10
13908 13909 17
13909 13910 13
13910 13911 14
13911 13912 1
13912 13913 3
13913 13914 10
13914 13915 8
13915 13916 9
13916 13917 5
13917 13918 14
13918 13919 7
13919 13920 19
13920 13921 18
13921 13922 3
13922 13923 17
13923 13924 8
13924 13925 19
13925 13926 15
13926 13927 6
13927 13928 7
13928 13929 15
13929 13930 11
13930 13931 10
13931 13932 15
13932 13933 2
13933 13934 4
13934 13935 4
13935 13936 9
13936 13937 16
13937 13938 1
13938 13939 6
13939 13940 11
13940 13941 1
13941 13942 14
13942 13943 18
13943 13944 5
13944 13945 19
13945 13946 12
13946 13947 7
13947 13948 5
13948 13949 17
13949 13950 12
13950 13951 18
13951 13952 18
13952 13953 13
13953 13954 10
13954 13955 9
13955 13956 5
13956 13957 5
13957 13958 16
13958 13959 4
13959 13960 16
13960 13961 15
13961 13962 7
13962 13963 13
13963 13964 14
13964 13965 1
13965 13966 1
13966 13967 9
13967 13968 16
13968 13969 5
13969 13970 20
13970 13971 19
13971 13972 5
13972 13973 13
13973 13974 20
13974 13975 1
13975 13976 16
13976 13977 19
13977 13978 6
13978 13979 8
13979 13980 15
13980 13981 6
13981 13982 10
13982 13983 1
13983 13984 10
13984 13985 2
13985 13986 14
13986 13987 13
13987 13988 6
13988 13989 4
13989 13990 10
13990 13991 15
13991 13992 10
13992 13993 3
13993 13994 2
13994 13995 2
13995 13996 11
13996 13997 13
13997 13998 9
13998 13999 3
13999 14000 5
14000 14001 16
14001 14002 17
14002 14003 8
14003 14004 8
14004 14005 14
14005 14006 1
14006 14007 2
14007 14008 9
14008 14009 2
14009 14010 1
14010 14011 7
14011 14012 15
14012 14013 11
14013 14014 14
14014 14015 18
14015 14016 2
14016 14017 5
14017 14018 14
14018 14019 3
14019 14020 5
14020 14021 1
14021 14022 2
14022 14023 8
14023 14024 3
14024 14025 10
14025 14026 10
14026 14027 18
14027 14028 17
14028 14029 3
14029 14030 8
14030 14031 2
14031 14032 16
14032 14033 4
14033 14034 7
14034 14035 17
14035 14036 20
14036 14037 18
14037 14038 14
14038 14039 15
14039 14040 19
14040 14041 7
14041 14042 6
14042 14043 13
14043 14044 11
14044 14045 8
14045 14046 12
14046 14047 15
14047 14048 17
14048 14049 6
14049 14050 11
14050 14051 1
14051 14052 4
14052 14053 8
14053 14054 3
14054 14055 14
14055 14056 6
14056 14057 13
14057 14058 5
14058 14059 14
14059 14060 12
14060 14061 8
14061 14062 10
14062 14063 5
14063 14064 17
14064 14065 19
14065 14066 20
14066 14067 3
14067 14068 8
14068 14069 14
14069 14070 13
14070 14071 17
14071 14072 9
14072 14073 7
14073 14074 12
14074 14075 14
14075 14076 11
14076 14077 5
14077 14078 15
14078 14079 15
14079 14080 11
14080 14081 11
14081 14082 8
14082 14083 4
14083 14084 13
14084 14085 10
14085 14086 10
14086 14087 2
14087 14088 15
14088 14089 6
14089 14090 18
14090 14091 13
14091 14092 11
14092 14093 8
14093 14094 15
14094 14095 17
14095 14096 1
14096 14097 13
14097 14098 2
14098 14099 19
14099 14100 2
14100 14101 19
14101 14102 2
14102 14103 5
14103 14104 19
14104 14105 12
14105 14106 8
14106 14107 3
14107 14108 16
14108 14109 4
14109 14110 1
14110 14111 17
14111 14112 14
14112 14113 5
14113 14114 14
14114 14115 7
14115 14116 4
14116 14117 18
14117 14118 20
14118 14119 1
14119 14120 2
14120 14121 11
14121 14122 7
14122 14123 14
14123 14124 9
14124 14125 3
14125 14126 14
14126 14127 6
14127 14128 7
14128 14129 14
14129 14130 3
14130 14131 20
14131 14132 5
14132 14133 5
14133 14134 12
14134 14135 8
14135 14136 8
14136 14137 8
14137 14138 6
14138 14139 2
14139 14140 3
14140 14141 18
14141 14142 18
14142 14143 7
14143 14144 9
14144 14145 4
14145 14146 19
14146 14147 9
14147 14148 15
14148 14149 11
14149 14150 12
14150 14151 4
14151 14152 16
14152 14153 15
14153 14154 16
14154 14155 13
14155 14156 10
14156 14157 8
14157 14158 8
14158 14159 18
14159 14160 10
14160 14161 18
14161 14162 18
14162 14163 13
14163 14164 9
14164 14165 17
14165 14166 2
14166 14167 4
14167 14168 16
14168 14169 17
14169 14170 12
14170 14171 7
14171 14172 7
14172 14173 17
14173 14174 13
14174 14175 19
14175 14176 15
14176 14177 7
14177 14178 7
14178 14179 17
14179 14180 11
14180 14181 9
14181 14182 2
14182 14183 2
14183 14184 19
14184 14185 6
14185 14186 8
14186 14187 2
14187 14188 3
14188 14189 18
14189 14190 8
14190 14191 6
14191 14192 1
14192 14193 13
14193 14194 2
14194 14195 18
14195 14196 12
14196 14197 14
14197 14198 10
14198 14199 17
14199 14200 9
14200 14201 18
14201 14202 5
14202 14203 12
14203 14204 17
14204 14205 5
14205 14206 10
14206 14207 8
14207 14208 15
14208 14209 19
14209 14210 20
14210 14211 9
14211 14212 6
14212 14213 10
14213 14214 6
14214 14215 16
14215 14216 7
14216 14217 13
14217 14218 9
14218 14219 20
14219 14220 1
14220 14221 10
14221 14222 10
14222 14223 11
14223 14224 13
14224 14225 15
14225 14226 19
14226 14227 14
14227 14228 16
14228 14229 4
14229 14230 15
14230 14231 11
14231 14232 5
14232 14233 9
14233 14234 18
14234 14235 3
14235 14236 8
14236 14237 2
14237 14238 9
14238 14239 2
14239 14240 3
14240 14241 15
14241 14242 20
14242 14243 1
14243 14244 8
14244 14245 6
14245 14246 6
14246 14247 20
14247 14248 14
14248 14249 13
14249 14250 5
14250 14251 7
14251 14252 13
14252 14253 15
14253 14254 19
14254 14255 17
14255 14256 10
14256 14257 17
14257 14258 10
14258 14259 13
14259 14260 12
14260 14261 12
14261 14262 1
14262 14263 12
14263 14264 20
14264 14265 18
14265 14266 17
14266 14267 6
14267 14268 15
14268 14269 2
14269 14270 18
14270 14271 5
14271 14272 4
14272 14273 1
14273 14274 12
14274 14275 19
14275 14276 6
14276 14277 6
14277 14278 11
14278 14279 13
14279 14280 9
14280 14281 15
14281 14282 3
14282 14283 8
14283 14284 15
14284 14285 12
14285 14286 9
14286 14287 17
14287 14288 8
14288 14289 17
14289 14290 13
14290 14291 11
14291 14292 12
14292 14293 19
14293 14294 18
14294 14295 14
14295 14296 18
14296 14297 4
14297 14298 8
14298 14299 1
14299 14300 15
14300 14301 7
14301 14302 19
14302 14303 18
14303 14304 3
14304 14305 13
14305 14306 20
14306 14307 8
14307 14308 16
14308 14309 8
14309 14310 2
14310 14311 5
14311 14312 13
14312 14313 5
14313 14314 11
14314 14315 18
14315 14316 8
14316 14317 5
14317 14318 1
14318 14319 16
14319 14320 18
14320 14321 8
14321 14322 18
14322 14323 19
14323 14324 14
14324 14325 6
14325 14326 19
14326 14327 19
14327 14328 8
14328 14329 8
14329 14330 6
14330 14331 19
14331 14332 3
14332 14333 16
14333 14334 7
14334 14335 16
14335 14336 7
14336 14337 6
14337 14338 2
14338 14339 5
14339 14340 17
14340 14341 3
14341 14342 6
14342 14343 14
14343 14344 8
14344 14345 13
14345 14346 18
14346 14347 2
14347 14348 2
14348 14349 19
14349 14350 7
14350 14351 10
14351 14352 19
14352 14353 9
14353 14354 1
14354 14355 7
14355 14356 5
14356 14357 14
14357 14358 9
14358 14359 18
14359 14360 16
14360 14361 14
14361 14362 13
14362 14363 1
14363 14364 7
14364 14365 12
14365 14366 6
14366 14367 15
14367 14368 4
14368 14369 19
14369 14370 9
14370 14371 16
14371 14372 10
14372 14373 20
14373 14374 8
14374 14375 6
14375 14376 18
14376 14377 20
14377 14378 12
14378 14379 13
14379 14380 8
14380 14381 8
14381 14382 16
14382 14383 3
14383 14384 9
14384 14385 12
14385 14386 4
14386 14387 19
14387 14388 5
14388 14389 16
14389 14390 17
14390 14391 7
14391 14392 7
14392 14393 5
14393 14394 20
14394 14395 10
14395 14396 1
14396 14397 8
14397 14398 13
14398 14399 7
14399 14400 19
14400 14401 1
14401 14402 5
14402 14403 19
14403 14404 15
14404 14405 12
14405 14406 5
14406 14407 2
14407 14408 4
14408 14409 18
14409 14410 6
14410 14411 15
14411 14412 11
14412 14413 6
14413 14414 9
14414 14415 20
14415 14416 14
14416 14417 17
14417 14418 2
14418 14419 3
14419 14420 10
14420 14421 9
14421 14422 1
14422 14423 17
14423 14424 11
14424 14425 20
14425 14426 17
14426 14427 19
14427 14428 18
14428 14429 5
14429 14430 10
14430 14431 15
14431 14432 6
14432 14433 20
14433 14434 16
14434 14435 13
14435 14436 3
14436 14437 6
14437 14438 10
14438 14439 4
14439 14440 14
14440 14441 6
14441 14442 5
14442 14443 14
14443 14444 10
14444 14445 2
14445 14446 5
14446 14447 20
14447 14448 4
14448 14449 7
14449 14450 15
14450 14451 4
14451 14452 7
14452 14453 1
14453 14454 9
14454 14455 14
14455 14456 6
14456 14457 18
14457 14458 16
14458 14459 9
14459 14460 16
14460 14461 9
14461 14462 14
14462 14463 18
14463 14464 9
14464 14465 10
14465 14466 11
14466 14467 13
14467 14468 7
14468 14469 8
14469 14470 3
14470 14471 17
14471 14472 3
14472 14473 13
14473 14474 19
14474 14475 1
14475 14476 17
14476 14477 20
14477 14478 20
14478 14479 12
14479 14480 6
14480 14481 9
14481 14482 19
14482 14483 13
14483 14484 5
14484 14485 11
14485 14486 5
14486 14487 16
14487 14488 13
14488 14489 3
14489 14490 19
14490 14491 17
14491 14492 10
14492 14493 19
14493 14494 16
14494 14495 2
14495 14496 16
14496 14497 9
14497 14498 4
14498 14499 20
14499 14500 19
14500 14501 11
14501 14502 1
14502 14503 15
14503 14504 10
14504 14505 15
14505 14506 8
14506 14507 13
14507 14508 9
14508 14509 10
14509 14510 6
14510 14511 19
14511 14512 15
14512 14513 17
14513 14514 13
14514 14515 17
14515 14516 11
14516 14517 2
14517 14518 20
14518 14519 13
14519 14520 17
14520 14521 11
14521 14522 18
14522 14523 6
14523 14524 20
14524 14525 6
14525 14526 9
14526 14527 11
14527 14528 19
14528 14529 10
14529 14530 11
14530 14531 6
14531 14532 1
14532 14533 14
14533 14534 18
14534 14535 7
14535 14536 15
14536 14537 17
14537 14538 14
14538 14539 14
14539 14540 1
14540 14541 13
14541 14542 4
14542 14543 16
14543 14544 5
14544 14545 6
14545 14546 13
14546 14547 7
14547 14548 3
14548 14549 17
14549 14550 10
14550 14551 7
14551 14552 8
14552 14553 3
14553 14554 7
14554 14555 12
14555 14556 17
14556 14557 13
14557 14558 18
14558 14559 11
14559 14560 3
14560 14561 14
14561 14562 10
14562 14563 3
14563 14564 18
14564 14565 8
14565 14566 1
14566 14567 7
14567 14568 16
14568 14569 15
14569 14570 16
14570 14571 12
14571 14572 9
14572 14573 20
14573 14574 11
14574 14575 11
14575 14576 2
14576 14577 2
14577 14578 5
14578 14579 8
14579 14580 8
14580 14581 16
14581 14582 2
14582 14583 7
14583 14584 9
14584 14585 8
14585 14586 5
14586 14587 9
14587 14588 14
14588 14589 17
14589 14590 7
14590 14591 6
14591 14592 13
14592 14593 6
14593 14594 20
14594 14595 19
14595 14596 15
14596 14597 5
14597 14598 15
14598 14599 20
14599 14600 12
14600 14601 10
14601 14602 4
14602 14603 5
14603 14604 16
14604 14605 14
14605 14606 4
14606 14607 13
14607 14608 4
14608 14609 19
14609 14610 8
14610 14611 15
14611 14612 6
14612 14613 19
14613 14614 20
14614 14615 5
14615 14616 14
14616 14617 10
14617 14618 18
14618 14619 8
14619 14620 15
14620 14621 13
14621 14622 3
14622 14623 5
14623 14624 18
14624 14625 15
14625 14626 6
14626 14627 19
14627 14628 4
14628 14629 1
14629 14630 19
14630 14631 1
14631 14632 4
14632 14633 10
14633 14634 11
14634 14635 8
14635 14636 13
14636 14637 18
14637 14638 10
14638 14639 1
14639 14640 16
14640 14641 18
14641 14642 15
14642 14643 10
14643 14644 1
14644 14645 4
14645 14646 20
14646 14647 8
14647 14648 9
14648 14649 13
14649 14650 7
14650 14651 10
14651 14652 2
14652 14653 5
14653 14654 7
14654 14655 6
14655 14656 5
14656 14657 9
14657 14658 5
14658 14659 6
14659 14660 14
14660 14661 4
14661 14662 3
14662 14663 9
14663 14664 19
14664 14665 6
14665 14666 14
14666 14667 18
14667 14668 20
14668 14669 3
14669 14670 10
14670 14671 19
14671 14672 13
14672 14673 8
14673 14674 16
14674 14675 16
14675 14676 4
14676 14677 13
14677 14678 3
14678 14679 5
14679 14680 16
14680 14681 17
14681 14682 19
14682 14683 14
14683 14684 8
14684 14685 8
14685 14686 15
14686 14687 17
14687 14688 3
14688 14689 11
14689 14690 16
14690 14691 12
14691 14692 3
14692 14693 20
14693 14694 3
14694 14695 14
14695 14696 3
14696 14697 4
14697 14698 11
14698 14699 8
14699 14700 6
14700 14701 12
14701 14702 1
14702 14703 17
14703 14704 15
14704 14705 3
14705 14706 1
14706 14707 18
14707 14708 3
14708 14709 7
14709 14710 13
14710 14711 8
14711 14712 12
14712 14713 4
14713 14714 16
14714 14715 14
14715 14716 7
14716 14717 4
14717 14718 5
14718 14719 4
14719 14720 4
14720 14721 19
14721 14722 6
14722 14723 20
14723 14724 13
14724 14725 13
14725 14726 10
14726 14727 11
14727 14728 1
14728 14729 6
14729 14730 1
14730 14731 1
14731 14732 20
14732 14733 9
14733 14734 19
14734 14735 18
14735 14736 3
14736 14737 13
14737 14738 9
14738 14739 20
14739 14740 7
14740 14741 4
14741 14742 15
14742 14743 10
14743 14744 16
14744 14745 2
14745 14746 18
14746 14747 9
14747 14748 14
14748 14749 19
14749 14750 4
14750 14751 6
14751 14752 12
14752 14753 3
14753 14754 11
14754 14755 18
14755 14756 19
14756 14757 9
14757 14758 2
14758 14759 6
14759 14760 1
14760 14761 10
14761 14762 18
14762 14763 9
14763 14764 15
14764 14765 5
14765 14766 19
14766 14767 16
14767 14768 20
14768 14769 16
14769 14770 8
14770 14771 10
14771 14772 12
14772 14773 9
14773 14774 5
14774 14775 8
14775 14776 10
14776 14777 20
14777 14778 16
14778 14779 7
14779 14780 13
14780 14781 17
14781 14782 6
14782 14783 18
14783 14784 13
14784 14785 13
14785 14786 16
14786 14787 17
14787 14788 10
14788 14789 6
14789 14790 16
14790 14791 15
14791 14792 17
14792 14793 2
14793 14794 17
14794 14795 2
14795 14796 20
14796 14797 9
14797 14798 13
14798 14799 6
14799 14800 17
14800 14801 9
14801 14802 15
14802 14803 4
14803 14804 6
14804 14805 1
14805 14806 12
14806 14807 10
14807 14808 14
14808 14809 18
14809 14810 13
14810 14811 4
14811 14812 8
14812 14813 3
14813 14814 15
14814 14815 3
14815 14816 13
14816 14817 9
14817 14818 12
14818 14819 7
14819 14820 4
14820 14821 2
14821 14822 11
14822 14823 5
14823 14824 18
14824 14825 9
14825 14826 2
14826 14827 14
14827 14828 13
14828 14829 9
14829 14830 3
14830 14831 6
14831 14832 4
14832 14833 13
14833 14834 14
14834 14835 12
14835 14836 8
14836 14837 4
14837 14838 16
14838 14839 4
14839 14840 7
14840 14841 12
14841 14842 7
14842 14843 14
14843 14844 9
14844 14845 6
14845 14846 20
14846 14847 17
14847 14848 16
14848 14849 9
14849 14850 3
14850 14851 8
14851 14852 2
14852 14853 9
14853 14854 18
14854 14855 12
14855 14856 5
14856 14857 10
14857 14858 3
14858 14859 7
14859 14860 3
14860 14861 9
14861 14862 11
14862 14863 20
14863 14864 5
14864 14865 3
14865 14866 19
14866 14867 5
14867 14868 14
14868 14869 11
14869 14870 14
14870 14871 5
14871 14872 14
14872 14873 5
14873 14874 3
14874 14875 8
14875 14876 2
14876 14877 16
14877 14878 9
14878 14879 6
14879 14880 20
14880 14881 9
14881 14882 12
14882 14883 14
14883 14884 13
14884 14885 8
14885 14886 9
14886 14887 14
14887 14888 20
14888 14889 17
14889 14890 5
14890 14891 15
14891 14892 17
14892 14893 17
14893 14894 17
14894 14895 9
14895 14896 20
14896 14897 6
14897 14898 19
14898 14899 19
14899 14900 12
14900 14901 19
14901 14902 11
14902 14903 10
14903 14904 2
14904 14905 13
14905 14906 20
14906 14907 20
14907 14908 8
14908 14909 20
14909 14910 12
14910 14911 14
14911 14912 7
14912 14913 5
14913 14914 4
14914 14915 1
14915 14916 14
14916 14917 6
14917 14918 9
14918 14919 9
14919 14920 5
14920 14921 18
14921 14922 20
14922 14923 14
14923 14924 15
14924 14925 15
14925 14926 10
14926 14927 14
14927 14928 8
14928 14929 5
14929 14930 19
14930 14931 20
14931 14932 14
14932 14933 14
14933 14934 11
14934 14935 2
14935 14936 8
14936 14937 15
14937 14938 20
14938 14939 18
14939 14940 13
14940 14941 15
14941 14942 8
14942 14943 18
14943 14944 2
14944 14945 9
14945 14946 6
14946 14947 6
14947 14948 15
14948 14949 13
14949 14950 15
14950 14951 14
14951 14952 16
14952 14953 1
14953 14954 20
14954 14955 10
14955 14956 17
14956 14957 1
14957 14958 19
14958 14959 9
14959 14960 9
14960 14961 7
14961 14962 4
14962 14963 12
14963 14964 11
14964 14965 18
14965 14966 20
14966 14967 11
14967 14968 2
14968 14969 20
14969 14970 15
14970 14971 6
14971 14972 4
14972 14973 4
14973 14974 14
14974 14975 1
14975 14976 9
14976 14977 8
14977 14978 17
14978 14979 8
14979 14980 15
14980 14981 10
14981 14982 16
14982 14983 20
14983 14984 6
14984 14985 1
14985 14986 3
14986 14987 8
14987 14988 1
14988 14989 8
14989 14990 11
14990 14991 19
14991 14992 11
14992 14993 12
14993 14994 14
14994 14995 14
14995 14996 15
14996 14997 9
14997 14998 10
14998 14999 18
14999 15000 1
15000 15001 16
15001 15002 18
15002 15003 11
15003 15004 5
15004 15005 6
15005 15006 3
15006 15007 4
15007 15008 19
15008 15009 6
15009 15010 10
15010 15011 19
15011 15012 19
15012 15013 14
15013 15014 16
15014 15015 1
15015 15016 16
15016 15017 20
15017 15018 19
15018 15019 13
15019 15020 10
15020 15021 15
15021 15022 16
15022 15023 4
15023 15024 18
15024 15025 12
15025 15026 2
15026 15027 6
15027 15028 11
15028 15029 14
15029 15030 13
15030 15031 8
15031 15032 18
15032 15033 16
15033 15034 6
15034 15035 4
15035 15036 7
15036 15037 17
15037 15038 12
15038 15039 7
15039 15040 14
15040 15041 5
15041 15042 20
15042 15043 13
15043 15044 15
15044 15045 10
15045 15046 6
15046 15047 19
15047 15048 2
15048 15049 3
15049 15050 2
15050 15051 5
15051 15052 17
15052 15053 2
15053 15054 3
15054 15055 14
15055 15056 19
15056 15057 11
15057 15058 16
15058 15059 16
15059 15060 3
15060 15061 19
15061 15062 16
15062 15063 3
15063 15064 12
15064 15065 15
15065 15066 5
15066 15067 20
15067 15068 4
15068 15069 19
15069 15070 10
15070 15071 14
15071 15072 14
15072 15073 7
15073 15074 20
15074 15075 10
15075 15076 12
15076 15077 16
15077 15078 6
15078 15079 6
15079 15080 3
15080 15081 20
15081 15082 11
15082 15083 6
15083 15084 8
15084 15085 3
15085 15086 16
15086 15087 7
15087 15088 15
15088 15089 18
15089 15090 15
15090 15091 10
15091 15092 6
15092 15093 8
15093 15094 20
15094 15095 2
15095 15096 13
15096 15097 13
15097 15098 4
15098 15099 14
15099 15100 9
15100 15101 15
15101 15102 17
15102 15103 3
15103 15104 18
15104 15105 10
15105 15106 11
15106 15107 4
15107 15108 3
15108 15109 20
15109 15110 16
15110 15111 17
15111 15112 11
15112 15113 12
15113 15114 6
15114 15115 20
15115 15116 10
15116 15117 10
15117 15118 8
15118 15119 5
15119 15120 10
15120 15121 12
15121 15122 19
15122 15123 19
15123 15124 14
15124 15125 14
15125 15126 18
15126 15127 1
15127 15128 15
15128 15129 13
15129 15130 9
15130 15131 14
15131 15132 9
15132 15133 12
15133 15134 8
15134 15135 5
15135 15136 20
15136 15137 13
15137 15138 10
15138 15139 17
15139 15140 7
15140 15141 2
15141 15142 14
15142 15143 2
15143 15144 20
15144 15145 7
15145 15146 18
15146 15147 2
15147 15148 5
15148 15149 12
15149 15150 16
15150 15151 9
15151 15152 16
15152 15153 19
15153 15154 10
15154 15155 12
15155 15156 20
15156 15157 1
15157 15158 13
15158 15159 19
15159 15160 1
15160 15161 12
15161 15162 20
15162 15163 15
15163 15164 14
15164 15165 2
15165 15166 5
15166 15167 18
15167 15168 16
15168 15169 10
15169 15170 18
15170 15171 11
15171 15172 11
15172 15173 14
15173 15174 14
15174 15175 4
15175 15176 15
15176 15177 2
15177 15178 17
15178 15179 12
15179 15180 16
15180 15181 9
15181 15182 19
15182 15183 4
15183 15184 5
15184 15185 9
15185 15186 1
15186 15187 4
15187 15188 15
15188 15189 19
15189 15190 3
15190 15191 11
15191 15192 2
15192 15193 13
15193 15194 4
15194 15195 10
15195 15196 10
15196 15197 17
15197 15198 6
15198 15199 1
15199 15200 6
15200 15201 1
15201 15202 6
15202 15203 6
15203 15204 8
15204 15205 19
15205 15206 2
15206 15207 19
15207 15208 4
15208 15209 18
15209 15210 13
15210 15211 13
15211 15212 19
15212 15213 6
15213 15214 8
15214 15215 17
15215 15216 12
15216 15217 13
15217 15218 8
15218 15219 7
15219 15220 1
15220 15221 12
15221 15222 2
15222 15223 16
15223 15224 15
15224 15225 7
15225 15226 9
15226 15227 12
15227 15228 18
15228 15229 14
15229 15230 7
15230 15231 17
15231 15232 4
15232 15233 11
15233 15234 9
15234 15235 14
15235 15236 20
15236 15237 12
15237 15238 19
15238 15239 8
15239 15240 7
15240 15241 7
15241 15242 8
15242 15243 14
15243 15244 6
15244 15245 12
15245 15246 1
15246 15247 12
15247 15248 20
15248 15249 4
15249 15250 18
15250 15251 15
15251 15252 13
15252 15253 18
15253 15254 9
15254 15255 11
15255 15256 12
15256 15257 9
15257 15258 8
15258 15259 2
15259 15260 10
15260 15261 19
15261 15262 11
15262 15263 18
15263 15264 4
15264 15265 9
15265 15266 12
15266 15267 13
15267 15268 10
15268 15269 9
15269 15270 15
15270 15271 1
15271 15272 16
15272 15273 5
15273 15274 5
15274 15275 5
15275 15276 10
15276 15277 20
15277 15278 15
15278 15279 12
15279 15280 17
15280 15281 11
15281 15282 6
15282 15283 14
15283 15284 19
15284 15285 20
15285 15286 9
15286 15287 14
15287 15288 20
15288 15289 12
15289 15290 6
15290 15291 13
15291 15292 4
15292 15293 17
15293 15294 17
15294 15295 13
15295 15296 20
15296 15297 14
15297 15298 8
15298 15299 5
15299 15300 19
15300 15301 17
15301 15302 20
15302 15303 5
15303 15304 9
15304 15305 5
15305 15306 18
15306 15307 13
15307 15308 9
15308 15309 2
15309 15310 2
15310 15311 4
15311 15312 10
15312 15313 11
15313 15314 19
15314 15315 8
15315 15316 2
15316 15317 1
15317 15318 11
15318 15319 10
15319 15320 9
15320 15321 6
15321 15322 12
15322 15323 14
15323 15324 15
15324 15325 10
15325 15326 17
15326 15327 7
15327 15328 13
15328 15329 9
15329 15330 19
15330 15331 3
15331 15332 9
15332 15333 9
15333 15334 10
15334 15335 20
15335 15336 3
15336 15337 14
15337 15338 2
15338 15339 2
15339 15340 20
15340 15341 17
15341 15342 11
15342 15343 1
15343 15344 5
15344 15345 11
15345 15346 10
15346 15347 14
15347 15348 8
15348 15349 12
15349 15350 5
15350 15351 14
15351 15352 17
15352 15353 13
15353 15354 13
15354 15355 15
15355 15356 7
15356 15357 9
15357 15358 11
15358 15359 16
15359 15360 15
15360 15361 1
15361 15362 2
15362 15363 15
15363 15364 14
15364 15365 18
15365 15366 3
15366 15367 17
15367 15368 4
15368 15369 11
15369 15370 6
15370 15371 8
15371 15372 6
15372 15373 9
15373 15374 1
15374 15375 8
15375 15376 5
15376 15377 5
15377 15378 11
15378 15379 15
15379 15380 16
15380 15381 18
15381 15382 2
15382 15383 10
15383 15384 2
15384 15385 20
15385 15386 14
15386 15387 15
15387 15388 2
15388 15389 9
15389 15390 9
15390 15391 1
15391 15392 8
15392 15393 16
15393 15394 13
15394 15395 6
15395 15396 7
15396 15397 13
15397 15398 19
15398 15399 13
15399 15400 6
15400 15401 12
15401 15402 13
15402 15403 15
15403 15404 17
15404 15405 5
15405 15406 19
15406 15407 20
15407 15408 15
15408 15409 13
15409 15410 13
15410 15411 3
15411 15412 6
15412 15413 10
15413 15414 1
15414 15415 3
15415 15416 4
15416 15417 17
15417 15418 18
15418 15419 20
15419 15420 1
15420 15421 2
15421 15422 8
15422 15423 6
15423 15424 9
15424 15425 15
15425 15426 15
15426 15427 17
15427 15428 15
15428 15429 7
15429 15430 14
15430 15431 19
15431 15432 13
15432 15433 15
15433 15434 16
15434 15435 8
15435 15436 5
15436 15437 2
15437 15438 4
15438 15439 20
15439 15440 15
15440 15441 4
15441 15442 19
15442 15443 11
15443 15444 19
15444 15445 8
15445 15446 15
15446 15447 7
15447 15448 16
15448 15449 8
15449 15450 18
15450 15451 2
15451 15452 17
15452 15453 6
15453 15454 19
15454 15455 14
15455 15456 20
15456 15457 2
15457 15458 20
15458 15459 6
15459 15460 18
15460 15461 10
15461 15462 5
15462 15463 4
15463 15464 5
15464 15465 1
15465 15466 1
15466 15467 15
15467 15468 7
15468 15469 7
15469 15470 9
15470 15471 11
15471 15472 17
15472 15473 17
15473 15474 12
15474 15475 20
15475 15476 6
15476 15477 16
15477 15478 6
15478 15479 8
15479 15480 5
15480 15481 8
15481 15482 7
15482 15483 20
15483 15484 12
15484 15485 18
15485 15486 10
15486 15487 6
15487 15488 5
15488 15489 16
15489 15490 13
15490 15491 11
15491 15492 5
15492 15493 5
15493 15494 3
15494 15495 11
15495 15496 19
15496 15497 9
15497 15498 2
15498 15499 19
15499 15500 16
15500 15501 6
15501 15502 14
15502 15503 18
15503 15504 2
15504 15505 20
15505 15506 11
15506 15507 18
15507 15508 4
15508 15509 1
15509 15510 14
15510 15511 12
15511 15512 17
15512 15513 7
15513 15514 17
15514 15515 2
15515 15516 13
15516 15517 6
15517 15518 17
15518 15519 4
15519 15520 14
15520 15521 15
15521 15522 12
15522 15523 13
15523 15524 5
15524 15525 12
15525 15526 9
15526 15527 7
15527 15528 8
15528 15529 17
15529 15530 16
15530 15531 13
15531 15532 18
15532 15533 9
15533 15534 19
15534 15535 10
15535 15536 19
15536 15537 9
15537 15538 18
15538 15539 4
15539 15540 17
15540 15541 17
15541 15542 3
15542 15543 15
15543 15544 7
15544 15545 4
15545 15546 6
15546 15547 15
15547 15548 7
15548 15549 15
15549 15550 9
15550 15551 1
15551 15552 5
15552 15553 9
15553 15554 17
15554 15555 8
15555 15556 10
15556 15557 16
15557 15558 20
15558 15559 17
15559 15560 5
15560 15561 7
15561 15562 9
15562 15563 15
15563 15564 10
15564 15565 15
15565 15566 4
15566 15567 5
15567 15568 20
15568 15569 12
15569 15570 5
15570 15571 17
15571 15572 8
15572 15573 9
15573 15574 2
15574 15575 10
15575 15576 2
15576 15577 1
15577 15578 11
15578 15579 14
15579 15580 16
15580 15581 18
15581 15582 7
15582 15583 12
15583 15584 2
15584 15585 13
15585 15586 4
15586 15587 6
15587 15588 14
15588 15589 11
15589 15590 10
15590 15591 2
15591 15592 19
15592 15593 17
15593 15594 17
15594 15595 1
15595 15596 7
15596 15597 10
15597 15598 16
15598 15599 10
15599 15600 18
15600 15601 12
15601 15602 19
15602 15603 7
15603 15604 11
15604 15605 19
15605 15606 20
15606 15607 7
15607 15608 6
15608 15609 10
15609 15610 16
15610 15611 2
15611 15612 20
15612 15613 9
15613 15614 20
15614 15615 11
15615 15616 18
15616 15617 14
15617 15618 16
15618 15619 17
15619 15620 2
15620 15621 19
15621 15622 12
15622 15623 6
15623 15624 5
15624 15625 4
15625 15626 14
15626 15627 13
15627 15628 8
15628 15629 16
15629 15630 1
15630 15631 20
15631 15632 3
15632 15633 4
15633 15634 7
15634 15635 14
15635 15636 10
15636 15637 8
15637 15638 10
15638 15639 2
15639 15640 9
15640 15641 17
15641 15642 4
15642 15643 9
15643 15644 19
15644 15645 1
15645 15646 9
15646 15647 16
15647 15648 17
15648 15649 9
15649 15650 6
15650 15651 17
15651 15652 17
15652 15653 8
15653 15654 10
15654 15655 20
15655 15656 18
15656 15657 4
15657 15658 10
15658 15659 5
15659 15660 19
15660 15661 12
15661 15662 18
15662 15663 6
15663 15664 3
15664 15665 13
15665 15666 6
15666 15667 12
15667 15668 17
15668 15669 17
15669 15670 8
15670 15671 6
15671 15672 14
15672 15673 19
15673 15674 7
15674 15675 10
15675 15676 2
15676 15677 20
15677 15678 10
15678 15679 4
15679 15680 20
15680 15681 13
15681 15682 11
15682 15683 10
15683 15684 10
15684 15685 17
15685 15686 7
15686 15687 6
15687 15688 9
15688 15689 13
15689 15690 5
15690 15691 1
15691 15692 11
15692 15693 16
15693 15694 20
15694 15695 3
15695 15696 2
15696 15697 19
15697 15698 9
15698 15699 12
15699 15700 4
15700 15701 13
15701 15702 14
15702 15703 17
15703 15704 2
15704 15705 5
15705 15706 12
15706 15707 7
15707 15708 5
15708 15709 7
15709 15710 2
15710 15711 10
15711 15712 2
15712 15713 8
15713 15714 1
15714 15715 13
15715 15716 8
15716 15717 6
15717 15718 14
15718 15719 19
15719 15720 20
15720 15721 17
15721 15722 7
15722 15723 13
15723 15724 18
15724 15725 17
15725 15726 6
15726 15727 2
15727 15728 12
15728 15729 6
15729 15730 20
15730 15731 7
15731 15732 4
15732 15733 1
15733 15734 10
15734 15735 3
15735 15736 5
15736 15737 2
15737 15738 17
15738 15739 2
15739 15740 5
15740 15741 8
15741 15742 12
15742 15743 17
15743 15744 20
15744 15745 13
15745 15746 8
15746 15747 18
15747 15748 8
15748 15749 1
15749 15750 13
15750 15751 10
15751 15752 17
15752 15753 8
15753 15754 15
15754 15755 8
15755 15756 16
15756 15757 14
15757 15758 15
15758 15759 10
15759 15760 5
15760 15761 4
15761 15762 8
15762 15763 1
15763 15764 15
15764 15765 2
15765 15766 14
15766 15767 10
15767 15768 5
15768 15769 14
15769 15770 16
15770 15771 10
15771 15772 11
15772 15773 6
15773 15774 15
15774 15775 4
15775 15776 20
15776 15777 11
15777 15778 14
15778 15779 6
15779 15780 1
15780 15781 17
15781 15782 11
15782 15783 4
15783 15784 19
15784 15785 10
15785 15786 19
15786 15787 18
15787 15788 18
15788 15789 16
15789 15790 17
15790 15791 16
15791 15792 16
15792 15793 13
15793 15794 1
15794 15795 1
15795 15796 7
15796 15797 14
15797 15798 6
15798 15799 8
15799 15800 19
15800 15801 10
15801 15802 7
15802 15803 15
15803 15804 6
15804 15805 8
15805 15806 17
15806 15807 1
15807 15808 8
15808 15809 8
15809 15810 4
15810 15811 13
15811 15812 17
15812 15813 11
15813 15814 15
15814 15815 15
15815 15816 18
15816 15817 15
15817 15818 3
15818 15819 2
15819 15820 13
15820 15821 3
15821 15822 8
15822 15823 2
15823 15824 12
15824 15825 2
15825 15826 4
15826 15827 17
15827 15828 13
15828 15829 17
15829 15830 10
15830 15831 17
15831 15832 10
15832 15833 7
15833 15834 6
15834 15835 20
15835 15836 17
15836 15837 13
15837 15838 1
15838 15839 8
15839 15840 2
15840 15841 15
15841 15842 1
15842 15843 12
15843 15844 18
15844 15845 15
15845 15846 7
15846 15847 12
15847 15848 4
15848 15849 4
15849 15850 10
15850 15851 6
15851 15852 14
15852 15853 9
15853 15854 2
15854 15855 13
15855 15856 11
15856 15857 14
15857 15858 13
15858 15859 1
15859 15860 17
15860 15861 12
15861 15862 1
15862 15863 1
15863 15864 18
15864 15865 10
15865 15866 11
15866 15867 19
15867 15868 5
15868 15869 11
15869 15870 3
15870 15871 16
15871 15872 19
15872 15873 20
15873 15874 19
15874 15875 1
15875 15876 6
15876 15877 10
15877 15878 14
15878 15879 6
15879 15880 20
15880 15881 18
15881 15882 18
15882 15883 18
15883 15884 16
15884 15885 15
15885 15886 10
15886 15887 3
15887 15888 1
15888 15889 7
15889 15890 5
15890 15891 2
15891 15892 8
15892 15893 4
15893 15894 19
15894 15895 5
15895 15896 1
15896 15897 14
15897 15898 2
15898 15899 2
15899 15900 20
15900 15901 2
15901 15902 4
15902 15903 16
15903 15904 14
15904 15905 19
15905 15906 3
15906 15907 8
15907 15908 9
15908 15909 1
15909 15910 10
15910 15911 10
15911 15912 10
15912 15913 19
15913 15914 1
15914 15915 13
15915 15916 4
15916 15917 18
15917 15918 14
15918 15919 18
15919 15920 12
15920 15921 18
15921 15922 13
15922 15923 18
15923 15924 4
15924 15925 12
15925 15926 19
15926 15927 1
15927 15928 6
15928 15929 8
15929 15930 13
15930 15931 7
15931 15932 13
15932 15933 17
15933 15934 16
15934 15935 12
15935 15936 5
15936 15937 15
15937 15938 14
15938 15939 4
15939 15940 19
15940 15941 10
15941 15942 15
15942 15943 2
15943 15944 15
15944 15945 3
15945 15946 6
15946 15947 3
15947 15948 19
15948 15949 4
15949 15950 15
15950 15951 16
15951 15952 4
15952 15953 6
15953 15954 17
15954 15955 18
15955 15956 12
15956 15957 17
15957 15958 18
15958 15959 12
15959 15960 8
15960 15961 3
15961 15962 3
15962 15963 4
15963 15964 9
15964 15965 13
15965 15966 14
15966 15967 19
15967 15968 2
15968 15969 1
15969 15970 1
15970 15971 14
15971 15972 20
15972 15973 16
15973 15974 1
15974 15975 9
15975 15976 13
15976 15977 1
15977 15978 5
15978 15979 16
15979 15980 5
15980 15981 9
15981 15982 4
15982 15983 11
15983 15984 10
15984 15985 18
15985 15986 1
15986 15987 3
15987 15988 14
15988 15989 5
15989 15990 9
15990 15991 3
15991 15992 19
15992 15993 4
15993 15994 19
15994 15995 12
15995 15996 4
15996 15997 10
15997 15998 18
15998 15999 3
15999 16000 10
16000 16001 1
16001 16002 16
16002 16003 6
16003 16004 13
16004 16005 19
16005 16006 10
16006 16007 20
16007 16008 17
16008 16009 18
16009 16010 7
16010 16011 15
16011 16012 13
16012 16013 12
16013 16014 3
16014 16015 11
16015 16016 15
16016 16017 5
16017 16018 10
16018 16019 17
16019 16020 15
16020 16021 16
16021 16022 20
16022 16023 5
16023 16024 11
16024 16025 6
16025 16026 2
16026 16027 10
16027 16028 6
16028 16029 15
16029 16030 4
16030 16031 17
16031 16032 10
16032 16033 4
16033 16034 17
16034 16035 4
16035 16036 3
16036 16037 2
16037 16038 14
16038 16039 20
16039 16040 19
16040 16041 15
16041 16042 15
16042 16043 1
16043 16044 11
16044 16045 20
16045 16046 10
16046 16047 13
16047 16048 15
16048 16049 11
16049 16050 13
16050 16051 11
16051 16052 11
16052 16053 7
16053 16054 14
16054 16055 10
16055 16056 4
16056 16057 10
16057 16058 2
16058 16059 14
16059 16060 14
16060 16061 13
16061 16062 16
16062 16063 2
16063 16064 4
16064 16065 6
16065 16066 3
16066 16067 11
16067 16068 7
16068 16069 4
16069 16070 19
16070 16071 8
16071 16072 4
16072 16073 16
16073 16074 11
16074 16075 2
16075 16076 4
16076 16077 17
16077 16078 20
16078 16079 18
16079 16080 12
16080 16081 2
16081 16082 7
16082 16083 20
16083 16084 6
16084 16085 20
16085 16086 15
16086 16087 8
16087 16088 5
16088 16089 1
16089 16090 3
16090 16091 9
16091 16092 16
16092 16093 9
16093 16094 9
16094 16095 13
16095 16096 10
16096 16097 9
16097 16098 14
16098 16099 6
16099 16100 5
16100 16101 18
16101 16102 3
16102 16103 18
16103 16104 20
16104 16105 18
16105 16106 16
16106 16107 20
16107 16108 8
16108 16109 7
16109 16110 6
16110 16111 8
16111 16112 18
16112 16113 14
16113 16114 19
16114 16115 6
16115 16116 17
16116 16117 12
16117 16118 19
16118 16119 8
16119 16120 16
16120 16121 20
16121 16122 3
16122 16123 5
16123 16124 20
16124 16125 9
16125 16126 15
16126 16127 1
16127 16128 18
16128 16129 8
16129 16130 9
16130 16131 18
16131 16132 7
16132 16133 14
16133 16134 16
16134 16135 20
16135 16136 7
16136 16137 15
16137 16138 5
16138 16139 12
16139 16140 4
16140 16141 1
16141 16142 12
16142 16143 13
16143 16144 19
16144 16145 2
16145 16146 16
16146 16147 3
16147 16148 9
16148 16149 9
16149 16150 2
16150 16151 12
16151 16152 19
16152 16153 15
16153 16154 8
16154 16155 13
16155 16156 2
16156 16157 19
16157 16158 13
16158 16159 17
16159 16160 11
16160 16161 8
16161 16162 14
16162 16163 2
16163 16164 11
16164 16165 19
16165 16166 9
16166 16167 12
16167 16168 20
16168 16169 8
16169 16170 20
16170 16171 2
16171 16172 2
16172 16173 2
16173 16174 5
16174 16175 4
16175 16176 11
16176 16177 10
16177 16178 1
16178 16179 7
16179 16180 19
16180 16181 12
16181 16182 3
16182 16183 12
16183 16184 10
16184 16185 4
16185 16186 2
16186 16187 20
16187 16188 13
16188 16189 14
16189 16190 14
16190 16191 3
16191 16192 5
16192 16193 17
16193 16194 16
16194 16195 5
16195 16196 11
16196 16197 18
16197 16198 8
16198 16199 19
16199 16200 4
16200 16201 5
16201 16202 17
16202 16203 7
16203 16204 2
16204 16205 5
16205 16206 8
16206 16207 10
16207 16208 4
16208 16209 18
16209 16210 19
16210 16211 10
16211 16212 6
16212 16213 3
16213 16214 17
16214 16215 16
16215 16216 11
16216 16217 12
16217 16218 20
16218 16219 10
16219 16220 15
16220 16221 2
16221 16222 17
16222 16223 19
16223 16224 15
16224 16225 18
16225 16226 13
16226 16227 20
16227 16228 14
16228 16229 4
16229 16230 9
16230 16231 1
16231 16232 19
16232 16233 12
16233 16234 4
16234 16235 4
16235 16236 10
16236 16237 2
16237 16238 12
16238 16239 8
16239 16240 20
16240 16241 8
16241 16242 6
16242 16243 5
16243 16244 1
16244 16245 2
16245 16246 8
16246 16247 12
16247 16248 4
16248 16249 8
16249 16250 6
16250 16251 18
16251 16252 7
16252 16253 9
16253 16254 15
16254 16255 18
16255 16256 20
16256 16257 8
16257 16258 15
16258 16259 17
16259 16260 7
16260 16261 3
16261 16262 19
16262 16263 20
16263 16264 16
16264 16265 3
16265 16266 14
16266 16267 4
16267 16268 19
16268 16269 13
16269 16270 16
16270 16271 19
16271 16272 2
16272 16273 20
16273 16274 17
16274 16275 15
16275 16276 3
16276 16277 20
16277 16278 6
16278 16279 2
16279 16280 7
16280 16281 17
16281 16282 6
16282 16283 7
16283 16284 18
16284 16285 14
16285 16286 19
16286 16287 17
16287 16288 3
16288 16289 6
16289 16290 12
16290 16291 9
16291 16292 13
16292 16293 16
16293 16294 1
16294 16295 14
16295 16296 7
16296 16297 10
16297 16298 3
16298 16299 20
16299 16300 19
16300 16301 12
16301 16302 10
16302 16303 20
16303 16304 6
16304 16305 19
16305 16306 18
16306 16307 12
16307 16308 8
16308 16309 20
16309 16310 2
16310 16311 4
16311 16312 12
16312 16313 14
16313 16314 2
16314 16315 5
16315 16316 8
16316 16317 11
16317 16318 5
16318 16319 20
16319 16320 4
16320 16321 4
16321 16322 7
16322 16323 1
16323 16324 5
16324 16325 6
16325 16326 16
16326 16327 19
16327 16328 15
16328 16329 8
16329 16330 1
16330 16331 4
16331 16332 20
16332 16333 8
16333 16334 17
16334 16335 13
16335 16336 11
16336 16337 9
16337 16338 1
16338 16339 8
16339 16340 7
16340 16341 2
16341 16342 17
16342 16343 17
16343 16344 14
16344 16345 1
16345 16346 16
16346 16347 16
16347 16348 5
16348 16349 20
16349 16350 4
16350 16351 16
16351 16352 4
16352 16353 12
16353 16354 11
16354 16355 15
16355 16356 10
16356 16357 18
16357 16358 20
16358 16359 14
16359 16360 17
16360 16361 7
16361 16362 14
16362 16363 7
16363 16364 18
16364 16365 1
16365 16366 7
16366 16367 4
16367 16368 2
16368 16369 3
16369 16370 1
16370 16371 10
16371 16372 6
16372 16373 3
16373 16374 4
16374 16375 20
16375 16376 9
16376 16377 7
16377 16378 13
16378 16379 7
16379 16380 8
16380 16381 3
16381 16382 20
16382 16383 1
16383 16384 11
16384 16385 2
16385 16386 1
16386 16387 2
16387 16388 14
16388 16389 4
16389 16390 11
16390 16391 20
16391 16392 10
16392 16393 1
16393 16394 12
16394 16395 15
16395 16396 5
16396 16397 2
16397 16398 6
16398 16399 5
16399 16400 19
16400 16401 11
16401 16402 10
16402 16403 5
16403 16404 10
16404 16405 13
16405 16406 13
16406 16407 8
16407 16408 11
16408 16409 16
16409 16410 16
16410 16411 6
16411 16412 4
16412 16413 6
16413 16414 2
16414 16415 11
16415 16416 4
16416 16417 3
16417 16418 10
16418 16419 11
16419 16420 1
16420 16421 1
16421 16422 17
16422 16423 9
16423 16424 9
16424 16425 5
16425 16426 20
16426 16427 9
16427 16428 15
16428 16429 16
16429 16430 19
16430 16431 1
16431 16432 11
16432 16433 17
16433 16434 10
16434 16435 10
16435 16436 19
16436 16437 20
16437 16438 13
16438 16439 4
16439 16440 6
16440 16441 14
16441 16442 15
16442 16443 20
16443 16444 9
16444 16445 4
16445 16446 6
16446 16447 3
16447 16448 6
16448 16449 17
16449 16450 8
16450 16451 16
16451 16452 19
16452 16453 2
16453 16454 1
16454 16455 13
16455 16456 2
16456 16457 13
16457 16458 12
16458 16459 19
16459 16460 18
16460 16461 17
16461 16462 2
16462 16463 20
16463 16464 18
16464 16465 14
16465 16466 13
16466 16467 13
16467 16468 2
16468 16469 13
16469 16470 9
16470 16471 7
16471 16472 2
16472 16473 19
16473 16474 8
16474 16475 4
16475 16476 10
16476 16477 2
16477 16478 17
16478 16479 8
16479 16480 6
16480 16481 19
16481 16482 4
16482 16483 13
16483 16484 6
16484 16485 8
16485 16486 11
16486 16487 6
16487 16488 5
16488 16489 8
16489 16490 17
16490 16491 3
16491 16492 14
16492 16493 19
16493 16494 6
16494 16495 17
16495 16496 18
16496 16497 7
16497 16498 4
16498 16499 11
16499 16500 15
16500 16501 19
16501 16502 18
16502 16503 4
16503 16504 7
16504 16505 19
16505 16506 13
16506 16507 10
16507 16508 6
16508 16509 12
16509 16510 17
16510 16511 8
16511 16512 17
16512 16513 12
16513 16514 14
16514 16515 18
16515 16516 7
16516 16517 6
16517 16518 16
16518 16519 12
16519 16520 18
16520 16521 7
16521 16522 5
16522 16523 4
16523 16524 15
16524 16525 2
16525 16526 13
16526 16527 20
16527 16528 2
16528 16529 4
16529 16530 5
16530 16531 2
16531 16532 15
16532 16533 6
16533 16534 3
16534 16535 12
16535 16536 12
16536 16537 13
16537 16538 16
16538 16539 6
16539 16540 15
16540 16541 15
16541 16542 13
16542 16543 5
16543 16544 3
16544 16545 2
16545 16546 8
16546 16547 20
16547 16548 1
16548 16549 19
16549 16550 3
16550 16551 19
16551 16552 8
16552 16553 6
16553 16554 9
16554 16555 19
16555 16556 14
16556 16557 1
16557 16558 10
16558 16559 19
16559 16560 6
16560 16561 20
16561 16562 2
16562 16563 15
16563 16564 1
16564 16565 14
16565 16566 15
16566 16567 14
16567 16568 19
16568 16569 13
16569 16570 6
16570 16571 7
16571 16572 13
16572 16573 17
16573 16574 12
16574 16575 3
16575 16576 7
16576 16577 6
16577 16578 5
16578 16579 2
16579 16580 11
16580 16581 19
16581 16582 1
16582 16583 18
16583 16584 8
16584 16585 18
16585 16586 19
16586 16587 2
16587 16588 4
16588 16589 15
16589 16590 3
16590 16591 15
16591 16592 13
16592 16593 3
16593 16594 1
16594 16595 10
16595 16596 7
16596 16597 4
16597 16598 11
16598 16599 20
16599 16600 14
16600 16601 15
16601 16602 3
16602 16603 17
16603 16604 14
16604 16605 14
16605 16606 2
16606 16607 18
16607 16608 4
16608 16609 1
16609 16610 3
16610 16611 13
16611 16612 2
16612 16613 13
16613 16614 12
16614 16615 6
16615 16616 19
16616 16617 17
16617 16618 14
16618 16619 5
16619 16620 7
16620 16621 1
16621 16622 5
16622 16623 18
16623 16624 9
16624 16625 15
16625 16626 2
16626 16627 20
16627 16628 19
16628 16629 6
16629 16630 9
16630 16631 3
16631 16632 2
16632 16633 4
16633 16634 17
16634 16635 4
16635 16636 20
16636 16637 10
16637 16638 18
16638 16639 15
16639 16640 19
16640 16641 15
16641 16642 13
16642 16643 18
16643 16644 4
16644 16645 9
16645 16646 2
16646 16647 1
16647 16648 5
16648 16649 20
16649 16650 15
16650 16651 20
16651 16652 18
16652 16653 11
16653 16654 15
16654 16655 6
16655 16656 2
16656 16657 5
16657 16658 3
16658 16659 9
16659 16660 3
16660 16661 1
16661 16662 10
16662 16663 8
16663 16664 8
16664 16665 11
16665 16666 5
16666 16667 11
16667 16668 7
16668 16669 6
16669 16670 15
16670 16671 6
16671 16672 2
16672 16673 1
16673 16674 4
16674 16675 6
16675 16676 10
16676 16677 4
16677 16678 4
16678 16679 17
16679 16680 13
16680 16681 10
16681 16682 18
16682 16683 15
16683 16684 10
16684 16685 5
16685 16686 13
16686 16687 9
16687 16688 20
16688 16689 6
16689 16690 16
16690 16691 20
16691 16692 4
16692 16693 11
16693 16694 7
16694 16695 20
16695 16696 9
16696 16697 16
16697 16698 19
16698 16699 9
16699 16700 10
16700 16701 8
16701 16702 3
16702 16703 5
16703 16704 12
16704 16705 2
16705 16706 9
16706 16707 19
16707 16708 8
16708 16709 16
16709 16710 6
16710 16711 4
16711 16712 12
16712 16713 15
16713 16714 15
16714 16715 9
16715 16716 13
16716 16717 19
16717 16718 14
16718 16719 8
16719 16720 9
16720 16721 18
16721 16722 2
16722 16723 6
16723 16724 2
16724 16725 5
16725 16726 5
16726 16727 2
16727 16728 17
16728 16729 3
16729 16730 8
16730 16731 7
16731 16732 7
16732 16733 17
16733 16734 13
16734 16735 15
16735 16736 15
16736 16737 2
16737 16738 13
16738 16739 5
16739 16740 13
16740 16741 7
16741 16742 13
16742 16743 8
16743 16744 1
16744 16745 1
16745 16746 1
16746 16747 7
16747 16748 14
16748 16749 13
16749 16750 18
16750 16751 18
16751 16752 15
16752 16753 10
16753 16754 6
16754 16755 9
16755 16756 4
16756 16757 1
16757 16758 10
16758 16759 7
16759 16760 1
16760 16761 7
16761 16762 1
16762 16763 19
16763 16764 16
16764 16765 6
16765 16766 3
16766 16767 17
16767 16768 20
16768 16769 9
16769 16770 6
16770 16771 12
16771 16772 1
16772 16773 4
16773 16774 2
16774 16775 9
16775 16776 3
16776 16777 13
16777 16778 18
16778 16779 20
16779 16780 20
16780 16781 18
16781 16782 14
16782 16783 18
16783 16784 5
16784 16785 1
16785 16786 6
16786 16787 4
16787 16788 3
16788 16789 16
16789 16790 12
16790 16791 8
16791 16792 2
16792 16793 13
16793 16794 7
16794 16795 8
16795 16796 4
16796 16797 17
16797 16798 7
16798 16799 18
16799 16800 11
16800 16801 5
16801 16802 15
16802 16803 1
16803 16804 5
16804 16805 18
16805 16806 9
16806 16807 11
16807 16808 7
16808 16809 16
16809 16810 10
16810 16811 17
16811 16812 9
16812 16813 16
16813 16814 13
16814 16815 16
16815 16816 1
16816 16817 11
16817 16818 11
16818 16819 17
16819 16820 11
16820 16821 17
16821 16822 19
16822 16823 3
16823 16824 1
16824 16825 10
16825 16826 18
16826 16827 15
16827 16828 13
16828 16829 14
16829 16830 15
16830 16831 6
16831 16832 16
16832 16833 19
16833 16834 18
16834 16835 17
16835 16836 1
16836 16837 18
16837 16838 13
16838 16839 3
16839 16840 16
16840 16841 1
16841 16842 3
16842 16843 9
16843 16844 18
16844 16845 3
16845 16846 6
16846 16847 1
16847 16848 20
16848 16849 15
16849 16850 5
16850 16851 14
16851 16852 13
16852 16853 16
16853 16854 9
16854 16855 14
16855 16856 11
16856 16857 14
16857 16858 6
16858 16859 9
16859 16860 11
16860 16861 16
16861 16862 7
16862 16863 5
16863 16864 9
16864 16865 19
16865 16866 6
16866 16867 13
16867 16868 16
16868 16869 18
16869 16870 20
16870 16871 5
16871 16872 3
16872 16873 11
16873 16874 15
16874 16875 7
16875 16876 18
16876 16877 13
16877 16878 16
16878 16879 16
16879 16880 14
16880 16881 5
16881 16882 7
16882 16883 3
16883 16884 19
16884 16885 13
16885 16886 18
16886 16887 6
16887 16888 16
16888 16889 2
16889 16890 20
16890 16891 6
16891 16892 14
16892 16893 16
16893 16894 16
16894 16895 4
16895 16896 6
16896 16897 14
16897 16898 5
16898 16899 7
16899 16900 6
16900 16901 6
16901 16902 18
16902 16903 7
16903 16904 12
16904 16905 4
16905 16906 11
16906 16907 14
16907 16908 18
16908 16909 17
16909 16910 15
16910 16911 6
16911 16912 18
16912 16913 2
16913 16914 15
16914 16915 1
16915 16916 20
16916 16917 5
16917 16918 17
16918 16919 10
16919 16920 10
16920 16921 20
16921 16922 11
16922 16923 2
16923 16924 20
16924 16925 3
16925 16926 5
16926 16927 2
16927 16928 2
16928 16929 13
16929 16930 19
16930 16931 13
16931 16932 14
16932 16933 15
16933 16934 11
16934 16935 13
16935 16936 8
16936 16937 8
16937 16938 2
16938 16939 15
16939 16940 8
16940 16941 12
16941 16942 3
16942 16943 6
16943 16944 13
16944 16945 18
16945 16946 18
16946 16947 12
16947 16948 13
16948 16949 1
16949 16950 7
16950 16951 19
16951 16952 4
16952 16953 2
16953 16954 2
16954 16955 17
16955 16956 4
16956 16957 7
16957 16958 11
16958 16959 1
16959 16960 7
16960 16961 12
16961 16962 9
16962 16963 10
16963 16964 3
16964 16965 19
16965 16966 18
16966 16967 8
16967 16968 11
16968 16969 16
16969 16970 6
16970 16971 1
16971 16972 3
16972 16973 20
16973 16974 13
16974 16975 16
16975 16976 7
16976 16977 16
16977 16978 10
16978 16979 2
16979 16980 6
16980 16981 7
16981 16982 13
16982 16983 8
16983 16984 16
16984 16985 15
16985 16986 3
16986 16987 19
16987 16988 16
16988 16989 4
16989 16990 13
16990 16991 11
16991 16992 19
16992 16993 9
16993 16994 19
16994 16995 16
16995 16996 4
16996 16997 18
16997 16998 8
16998 16999 18
16999 17000 15
17000 17001 4
17001 17002 2
17002 17003 10
17003 17004 2
17004 17005 6
17005 17006 2
17006 17007 16
17007 17008 2
17008 17009 7
17009 17010 17
17010 17011 18
17011 17012 4
17012 17013 19
17013 17014 4
17014 17015 9
17015 17016 11
17016 17017 15
17017 17018 4
17018 17019 10
17019 17020 2
17020 17021 15
17021 17022 5
17022 17023 5
17023 17024 4
17024 17025 7
17025 17026 10
17026 17027 2
17027 17028 5
17028 17029 5
17029 17030 15
17030 17031 5
17031 17032 18
17032 17033 14
17033 17034 11
17034 17035 17
17035 17036 3
17036 17037 6
17037 17038 12
17038 17039 12
17039 17040 5
17040 17041 9
17041 17042 10
17042 17043 20
17043 17044 8
17044 17045 19
17045 17046 12
17046 17047 17
17047 17048 11
17048 17049 4
17049 17050 20
17050 17051 7
17051 17052 11
17052 17053 2
17053 17054 3
17054 17055 7
17055 17056 9
17056 17057 8
17057 17058 9
17058 17059 10
17059 17060 19
17060 17061 18
17061 17062 15
17062 17063 9
17063 17064 12
17064 17065 15
17065 17066 1
17066 17067 17
17067 17068 7
17068 17069 8
17069 17070 4
17070 17071 6
17071 17072 3
17072 17073 16
17073 17074 14
17074 17075 13
17075 17076 4
17076 17077 5
17077 17078 6
17078 17079 5
17079 17080 6
17080 17081 11
17081 17082 2
17082 17083 15
17083 17084 20
17084 17085 10
17085 17086 17
17086 17087 11
17087 17088 8
17088 17089 15
17089 17090 5
17090 17091 19
17091 17092 12
17092 17093 9
17093 17094 11
17094 17095 9
17095 17096 1
17096 17097 2
17097 17098 1
17098 17099 18
17099 17100 11
17100 17101 18
17101 17102 17
17102 17103 16
17103 17104 20
17104 17105 10
17105 17106 1
17106 17107 10
17107 17108 6
17108 17109 19
17109 17110 10
17110 17111 4
17111 17112 6
17112 17113 1
17113 17114 9
17114 17115 18
17115 17116 11
17116 17117 5
17117 17118 16
17118 17119 12
17119 17120 12
17120 17121 15
17121 17122 14
17122 17123 15
17123 17124 7
17124 17125 16
17125 17126 8
17126 17127 11
17127 17128 12
17128 17129 12
17129 17130 19
17130 17131 6
17131 17132 4
17132 17133 11
17133 17134 6
17134 17135 12
17135 17136 16
17136 17137 13
17137 17138 12
17138 17139 6
17139 17140 16
17140 17141 18
17141 17142 15
17142 17143 5
17143 17144 4
17144 17145 11
17145 17146 12
17146 17147 6
17147 17148 3
17148 17149 14
17149 17150 4
17150 17151 6
17151 17152 9
17152 17153 3
17153 17154 12
17154 17155 7
17155 17156 14
17156 17157 2
17157 17158 12
17158 17159 14
17159 17160 8
17160 17161 19
17161 17162 7
17162 17163 13
17163 17164 9
17164 17165 20
17165 17166 18
17166 17167 3
17167 17168 7
17168 17169 6
17169 17170 5
17170 17171 19
17171 17172 8
17172 17173 11
17173 17174 8
17174 17175 15
17175 17176 14
17176 17177 2
17177 17178 3
17178 17179 11
17179 17180 6
17180 17181 16
17181 17182 16
17182 17183 4
17183 17184 10
17184 17185 2
17185 17186 6
17186 17187 10
17187 17188 3
17188 17189 4
17189 17190 18
17190 17191 3
17191 17192 2
17192 17193 4
17193 17194 6
17194 17195 6
17195 17196 17
17196 17197 20
17197 17198 19
17198 17199 12
17199 17200 20
17200 17201 6
17201 17202 3
17202 17203 11
17203 17204 14
17204 17205 10
17205 17206 20
17206 17207 4
17207 17208 6
17208 17209 2
17209 17210 19
17210 17211 15
17211 17212 10
17212 17213 10
17213 17214 17
17214 17215 1
17215 17216 8
17216 17217 2
17217 17218 10
17218 17219 5
17219 17220 16
17220 17221 3
17221 17222 2
17222 17223 11
17223 17224 6
17224 17225 14
17225 17226 13
17226 17227 13
17227 17228 19
17228 17229 1
17229 17230 18
17230 17231 20
17231 17232 2
17232 17233 15
17233 17234 5
17234 17235 14
17235 17236 1
17236 17237 5
17237 17238 17
17238 17239 7
17239 17240 19
17240 17241 11
17241 17242 6
17242 17243 6
17243 17244 7
17244 17245 20
17245 17246 16
17246 17247 18
17247 17248 15
17248 17249 4
17249 17250 3
17250 17251 18
17251 17252 16
17252 17253 7
17253 17254 20
17254 17255 17
17255 17256 10
17256 17257 17
17257 17258 7
17258 17259 17
17259 17260 12
17260 17261 13
17261 17262 9
17262 17263 6
17263 17264 15
17264 17265 11
17265 17266 19
17266 17267 14
17267 17268 18
17268 17269 6
17269 17270 3
17270 17271 8
17271 17272 19
17272 17273 9
17273 17274 1
17274 17275 8
17275 17276 13
17276 17277 17
17277 17278 16
17278 17279 6
17279 17280 20
17280 17281 7
17281 17282 15
17282 17283 2
17283 17284 11
17284 17285 11
17285 17286 20
17286 17287 18
17287 17288 8
17288 17289 5
17289 17290 8
17290 17291 18
17291 17292 11
17292 17293 8
17293 17294 11
17294 17295 1
17295 17296 2
17296 17297 9
17297 17298 20
17298 17299 13
17299 17300 20
17300 17301 19
17301 17302 6
17302 17303 4
17303 17304 17
17304 17305 1
17305 17306 15
17306 17307 9
17307 17308 4
17308 17309 10
17309 17310 19
17310 17311 19
17311 17312 20
17312 17313 13
17313 17314 14
17314 17315 3
17315 17316 4
17316 17317 20
17317 17318 14
17318 17319 4
17319 17320 11
17320 17321 9
17321 17322 10
17322 17323 12
17323 17324 13
17324 17325 1
17325 17326 5
17326 17327 12
17327 17328 8
17328 17329 8
17329 17330 14
17330 17331 2
17331 17332 14
17332 17333 7
17333 17334 13
17334 17335 16
17335 17336 13
17336 17337 20
17337 17338 10
17338 17339 20
17339 17340 14
17340 17341 4
17341 17342 18
17342 17343 18
17343 17344 9
17344 17345 7
17345 17346 8
17346 17347 20
17347 17348 15
17348 17349 10
17349 17350 4
17350 17351 3
17351 17352 9
17352 17353 2
17353 17354 15
17354 17355 8
17355 17356 5
17356 17357 9
17357 17358 13
17358 17359 14
17359 17360 15
17360 17361 6
17361 17362 6
17362 17363 8
17363 17364 15
17364 17365 14
17365 17366 18
17366 17367 11
17367 17368 12
17368 17369 8
17369 17370 15
17370 17371 5
17371 17372 16
17372 17373 15
17373 17374 2
17374 17375 16
17375 17376 1
17376 17377 13
17377 17378 18
17378 17379 6
17379 17380 1
17380 17381 19
17381 17382 8
17382 17383 20
17383 17384 1
17384 17385 14
17385 17386 16
17386 17387 9
17387 17388 4
17388 17389 14
17389 17390 17
17390 17391 8
17391 17392 17
17392 17393 7
17393 17394 9
17394 17395 4
17395 17396 17
17396 17397 3
17397 17398 1
17398 17399 7
17399 17400 14
17400 17401 14
17401 17402 13
17402 17403 5
17403 17404 12
17404 17405 19
17405 17406 11
17406 17407 1
17407 17408 19
17408 17409 4
17409 17410 17
17410 17411 6
17411 17412 7
17412 17413 12
17413 17414 18
17414 17415 9
17415 17416 11
17416 17417 16
17417 17418 18
17418 17419 4
17419 17420 15
17420 17421 18
17421 17422 14
17422 17423 10
17423 17424 12
17424 17425 10
17425 17426 9
17426 17427 20
17427 17428 3
17428 17429 7
17429 17430 11
17430 17431 7
17431 17432 13
17432 17433 12
17433 17434 6
17434 17435 1
17435 17436 7
17436 17437 16
17437 17438 14
17438 17439 14
17439 17440 14
17440 17441 8
17441 17442 17
17442 17443 5
17443 17444 12
17444 17445 14
17445 17446 8
17446 17447 1
17447 17448 15
17448 17449 10
17449 17450 1
17450 17451 6
17451 17452 3
17452 17453 14
17453 17454 19
17454 17455 14
17455 17456 18
17456 17457 13
17457 17458 6
17458 17459 12
17459 17460 14
17460 17461 4
17461 17462 13
17462 17463 1
17463 17464 14
17464 17465 11
17465 17466 17
17466 17467 14
17467 17468 2
17468 17469 7
17469 17470 3
17470 17471 20
17471 17472 5
17472 17473 10
17473 17474 12
17474 17475 18
17475 17476 12
17476 17477 2
17477 17478 17
17478 17479 1
17479 17480 16
17480 17481 8
17481 17482 19
17482 17483 6
17483 17484 6
17484 17485 19
17485 17486 6
17486 17487 16
17487 17488 5
17488 17489 5
17489 17490 2
17490 17491 17
17491 17492 13
17492 17493 19
17493 17494 7
17494 17495 7
17495 17496 4
17496 17497 8
17497 17498 2
17498 17499 17
17499 17500 17
17500 17501 9
17501 17502 9
17502 17503 2
17503 17504 1
17504 17505 5
17505 17506 13
17506 17507 3
17507 17508 2
17508 17509 4
17509 17510 3
17510 17511 15
17511 17512 12
17512 17513 1
17513 17514 3
17514 17515 19
17515 17516 5
17516 17517 8
17517 17518 3
17518 17519 6
17519 17520 13
17520 17521 18
17521 17522 8
17522 17523 4
17523 17524 4
17524 17525 19
17525 17526 20
17526 17527 5
17527 17528 9
17528 17529 15
17529 17530 10
17530 17531 7
17531 17532 1
17532 17533 14
17533 17534 13
17534 17535 17
17535 17536 8
17536 17537 8
17537 17538 2
17538 17539 9
17539 17540 14
17540 17541 6
17541 17542 17
17542 17543 11
17543 17544 9
17544 17545 2
17545 17546 20
17546 17547 19
17547 17548 8
17548 17549 5
17549 17550 17
17550 17551 20
17551 17552 2
17552 17553 20
17553 17554 8
17554 17555 9
17555 17556 8
17556 17557 12
17557 17558 13
17558 17559 18
17559 17560 1
17560 17561 13
17561 17562 20
17562 17563 16
17563 17564 13
17564 17565 17
17565 17566 11
17566 17567 8
17567 17568 15
17568 17569 9
17569 17570 2
17570 17571 19
17571 17572 16
17572 17573 11
17573 17574 16
17574 17575 9
17575 17576 4
17576 17577 11
17577 17578 16
17578 17579 7
17579 17580 5
17580 17581 13
17581 17582 18
17582 17583 12
17583 17584 6
17584 17585 8
17585 17586 14
17586 17587 10
17587 17588 11
17588 17589 19
17589 17590 11
17590 17591 12
17591 17592 5
17592 17593 17
17593 17594 8
17594 17595 18
17595 17596 19
17596 17597 20
17597 17598 19
17598 17599 11
17599 17600 3
17600 17601 6
17601 17602 9
17602 17603 19
17603 17604 20
17604 17605 18
17605 17606 2
17606 17607 9
17607 17608 2
17608 17609 14
17609 17610 4
17610 17611 1
17611 17612 5
17612 17613 4
17613 17614 17
17614 17615 12
17615 17616 8
17616 17617 20
17617 17618 3
17618 17619 16
17619 17620 10
17620 17621 16
17621 17622 12
17622 17623 13
17623 17624 5
17624 17625 13
17625 17626 15
17626 17627 7
17627 17628 10
17628 17629 3
17629 17630 4
17630 17631 15
17631 17632 4
17632 17633 19
17633 17634 4
17634 17635 20
17635 17636 8
17636 17637 6
17637 17638 12
17638 17639 14
17639 17640 19
17640 17641 14
17641 17642 9
17642 17643 13
17643 17644 18
17644 17645 13
17645 17646 3
17646 17647 20
17647 17648 17
17648 17649 8
17649 17650 12
17650 17651 19
17651 17652 7
17652 17653 8
17653 17654 17
17654 17655 5
17655 17656 7
17656 17657 16
17657 17658 16
17658 17659 3
17659 17660 8
17660 17661 8
17661 17662 6
17662 17663 18
17663 17664 9
17664 17665 20
17665 17666 16
17666 17667 18
17667 17668 20
17668 17669 18
17669 17670 18
17670 17671 7
17671 17672 9
17672 17673 16
17673 17674 1
17674 17675 18
17675 17676 4
17676 17677 2
17677 17678 11
17678 17679 10
17679 17680 5
17680 17681 12
17681 17682 16
17682 17683 4
17683 17684 15
17684 17685 16
17685 17686 12
17686 17687 10
17687 17688 4
17688 17689 18
17689 17690 13
17690 17691 3
17691 17692 19
17692 17693 17
17693 17694 7
17694 17695 14
17695 17696 16
17696 17697 5
17697 17698 8
17698 17699 11
17699 17700 20
17700 17701 12
17701 17702 6
17702 17703 18
17703 17704 4
17704 17705 5
17705 17706 18
17706 17707 16
17707 17708 4
17708 17709 12
17709 17710 12
17710 17711 12
17711 17712 11
17712 17713 3
17713 17714 17
17714 17715 8
17715 17716 14
17716 17717 3
17717 17718 20
17718 17719 11
17719 17720 4
17720 17721 13
17721 17722 16
17722 17723 1
17723 17724 16
17724 17725 7
17725 17726 5
17726 17727 16
17727 17728 20
17728 17729 20
17729 17730 19
17730 17731 18
17731 17732 14
17732 17733 2
17733 17734 13
17734 17735 17
17735 17736 6
17736 17737 14
17737 17738 7
17738 17739 8
17739 17740 7
17740 17741 15
17741 17742 15
17742 17743 20
17743 17744 11
17744 17745 1
17745 17746 19
17746 17747 6
17747 17748 6
17748 17749 17
17749 17750 6
17750 17751 12
17751 17752 7
17752 17753 17
17753 17754 4
17754 17755 5
17755 17756 9
17756 17757 18
17757 17758 16
17758 17759 19
17759 17760 18
17760 17761 1
17761 17762 6
17762 17763 18
17763 17764 19
17764 17765 9
17765 17766 17
17766 17767 20
17767 17768 9
17768 17769 1
17769 17770 4
17770 17771 8
17771 17772 12
17772 17773 7
17773 17774 19
17774 17775 14
17775 17776 19
17776 17777 3
17777 17778 5
17778 17779 16
17779 17780 15
17780 17781 1
17781 17782 12
17782 17783 6
17783 17784 20
17784 17785 17
17785 17786 6
17786 17787 17
17787 17788 10
17788 17789 8
17789 17790 16
17790 17791 19
17791 17792 9
17792 17793 2
17793 17794 17
17794 17795 14
17795 17796 11
17796 17797 9
17797 17798 2
17798 17799 16
17799 17800 10
17800 17801 11
17801 17802 18
17802 17803 6
17803 17804 16
17804 17805 18
17805 17806 18
17806 17807 6
17807 17808 13
17808 17809 8
17809 17810 17
17810 17811 19
17811 17812 11
17812 17813 4
17813 17814 16
17814 17815 5
17815 17816 17
17816 17817 18
17817 17818 15
17818 17819 10
17819 17820 11
17820 17821 19
17821 17822 3
17822 17823 14
17823 17824 18
17824 17825 2
17825 17826 12
17826 17827 2
17827 17828 9
17828 17829 2
17829 17830 12
17830 17831 3
17831 17832 20
17832 17833 8
17833 17834 5
17834 17835 8
17835 17836 16
17836 17837 1
17837 17838 8
17838 17839 9
17839 17840 9
17840 17841 4
17841 17842 19
17842 17843 11
17843 17844 13
17844 17845 3
17845 17846 14
17846 17847 10
17847 17848 10
17848 17849 19
17849 17850 20
17850 17851 8
17851 17852 5
17852 17853 6
17853 17854 9
17854 17855 11
17855 17856 14
17856 17857 15
17857 17858 14
17858 17859 5
17859 17860 13
17860 17861 1
17861 17862 20
17862 17863 4
17863 17864 10
17864 17865 1
17865 17866 14
17866 17867 1
17867 17868 9
17868 17869 12
17869 17870 6
17870 17871 19
17871 17872 18
17872 17873 10
17873 17874 12
17874 17875 20
17875 17876 5
17876 17877 8
17877 17878 7
17878 17879 14
17879 17880 3
17880 17881 2
17881 17882 11
17882 17883 1
17883 17884 7
17884 17885 8
17885 17886 12
17886 17887 11
17887 17888 17
17888 17889 7
17889 17890 12
17890 17891 19
17891 17892 18
17892 17893 8
17893 17894 7
17894 17895 12
17895 17896 12
17896 17897 4
17897 17898 4
17898 17899 16
17899 17900 6
17900 17901 20
17901 17902 11
17902 17903 7
17903 17904 20
17904 17905 3
17905 17906 11
17906 17907 10
17907 17908 9
17908 17909 4
17909 17910 6
17910 17911 4
17911 17912 3
17912 17913 11
17913 17914 7
17914 17915 17
17915 17916 4
17916 17917 20
17917 17918 4
17918 17919 13
17919 17920 1
17920 17921 5
17921 17922 2
17922 17923 9
17923 17924 7
17924 17925 20
17925 17926 19
17926 17927 12
17927 17928 13
17928 17929 6
17929 17930 16
17930 17931 7
17931 17932 4
17932 17933 7
17933 17934 18
17934 17935 7
17935 17936 14
17936 17937 4
17937 17938 2
17938 17939 12
17939 17940 6
17940 17941 3
17941 17942 15
17942 17943 20
17943 17944 17
17944 17945 20
17945 17946 4
17946 17947 14
17947 17948 1
17948 17949 4
17949 17950 12
17950 17951 7
17951 17952 6
17952 17953 1
17953 17954 2
17954 17955 18
17955 17956 4
17956 17957 13
17957 17958 19
17958 17959 6
17959 17960 4
17960 17961 16
17961 17962 7
17962 17963 13
17963 17964 5
17964 17965 6
17965 17966 8
17966 17967 14
17967 17968 8
17968 17969 10
17969 17970 11
17970 17971 20
17971 17972 15
17972 17973 13
17973 17974 15
17974 17975 10
17975 17976 7
17976 17977 15
17977 17978 12
17978 17979 8
17979 17980 15
17980 17981 17
17981 17982 1
17982 17983 2
17983 17984 4
17984 17985 5
17985 17986 15
17986 17987 11
17987 17988 15
17988 17989 4
17989 17990 6
17990 17991 3
17991 17992 13
17992 17993 15
17993 17994 1
17994 17995 12
17995 17996 15
17996 17997 7
17997 17998 4
17998 17999 2
17999 18000 7
18000 18001 4
18001 18002 8
18002 18003 9
18003 18004 5
18004 18005 14
18005 18006 13
18006 18007 19
18007 18008 16
18008 18009 7
18009 18010 18
18010 18011 20
18011 18012 13
18012 18013 11
18013 18014 14
18014 18015 4
18015 18016 13
18016 18017 8
18017 18018 13
18018 18019 2
18019 18020 9
18020 18021 17
18021 18022 20
18022 18023 2
18023 18024 20
18024 18025 4
18025 18026 4
18026 18027 17
18027 18028 17
18028 18029 9
18029 18030 1
18030 18031 10
18031 18032 12
18032 18033 11
18033 18034 8
18034 18035 10
18035 18036 13
18036 18037 10
18037 18038 13
18038 18039 6
18039 18040 13
18040 18041 16
18041 18042 1
18042 18043 15
18043 18044 13
18044 18045 4
18045 18046 19
18046 18047 17
18047 18048 15
18048 18049 18
18049 18050 6
18050 18051 8
18051 18052 5
18052 18053 20
18053 18054 16
18054 18055 11
18055 18056 12
18056 18057 12
18057 18058 7
18058 18059 14
18059 18060 9
18060 18061 6
18061 18062 6
18062 18063 15
18063 18064 4
18064 18065 11
18065 18066 11
18066 18067 16
18067 18068 6
18068 18069 15
18069 18070 14
18070 18071 2
18071 18072 6
18072 18073 1
18073 18074 18
18074 18075 15
18075 18076 19
18076 18077 6
18077 18078 12
18078 18079 5
18079 18080 1
18080 18081 10
18081 18082 7
18082 18083 6
18083 18084 11
18084 18085 17
18085 18086 3
18086 18087 15
18087 18088 12
18088 18089 19
18089 18090 11
18090 18091 10
18091 18092 18
18092 18093 8
18093 18094 3
18094 18095 15
18095 18096 9
18096 18097 9
18097 18098 16
18098 18099 6
18099 18100 4
18100 18101 3
18101 18102 13
18102 18103 20
18103 18104 13
18104 18105 5
18105 18106 1
18106 18107 9
18107 18108 1
18108 18109 8
18109 18110 12
18110 18111 3
18111 18112 4
18112 18113 14
18113 18114 11
18114 18115 13
18115 18116 7
18116 18117 2
18117 18118 2
18118 18119 13
18119 18120 15
18120 18121 2
18121 18122 17
18122 18123 19
18123 18124 9
18124 18125 4
18125 18126 9
18126 18127 13
18127 18128 20
18128 18129 16
18129 18130 1
18130 18131 3
18131 18132 9
18132 18133 15
18133 18134 19
18134 18135 1
18135 18136 13
18136 18137 20
18137 18138 9
18138 18139 19
18139 18140 4
18140 18141 9
18141 18142 19
18142 18143 9
18143 18144 8
18144 18145 2
18145 18146 7
18146 18147 7
18147 18148 2
18148 18149 3
18149 18150 15
18150 18151 7
18151 18152 2
18152 18153 8
18153 18154 6
18154 18155 7
18155 18156 18
18156 18157 20
18157 18158 7
18158 18159 3
18159 18160 12
18160 18161 4
18161 18162 10
18162 18163 7
18163 18164 17
18164 18165 14
18165 18166 14
18166 18167 13
18167 18168 4
18168 18169 18
18169 18170 2
18170 18171 3
18171 18172 14
18172 18173 5
18173 18174 16
18174 18175 6
18175 18176 11
18176 18177 3
18177 18178 20
18178 18179 17
18179 18180 19
18180 18181 11
18181 18182 8
18182 18183 15
18183 18184 17
18184 18185 15
18185 18186 6
18186 18187 7
18187 18188 11
18188 18189 8
18189 18190 3
18190 18191 17
18191 18192 10
18192 18193 2
18193 18194 20
18194 18195 17
18195 18196 18
18196 18197 15
18197 18198 17
18198 18199 12
18199 18200 2
18200 18201 13
18201 18202 18
18202 18203 15
18203 18204 15
18204 18205 20
18205 18206 12
18206 18207 3
18207 18208 10
18208 18209 10
18209 18210 19
18210 18211 4
18211 18212 14
18212 18213 17
18213 18214 5
18214 18215 11
18215 18216 12
18216 18217 15
18217 18218 4
18218 18219 2
18219 18220 14
18220 18221 3
18221 18222 7
18222 18223 1
18223 18224 6
18224 18225 3
18225 18226 7
18226 18227 12
18227 18228 11
18228 18229 18
18229 18230 1
18230 18231 11
18231 18232 8
18232 18233 12
18233 18234 19
18234 18235 16
18235 18236 9
18236 18237 17
18237 18238 10
18238 18239 3
18239 18240 3
18240 18241 4
18241 18242 2
18242 18243 3
18243 18244 9
18244 18245 11
18245 18246 16
18246 18247 17
18247 18248 4
18248 18249 12
18249 18250 15
18250 18251 19
18251 18252 2
18252 18253 20
18253 18254 7
18254 18255 11
18255 18256 2
18256 18257 17
18257 18258 18
18258 18259 7
18259 18260 4
18260 18261 20
18261 18262 17
18262 18263 9
18263 18264 15
18264 18265 18
18265 18266 7
18266 18267 16
18267 18268 3
18268 18269 20
18269 18270 1
18270 18271 1
18271 18272 2
18272 18273 4
18273 18274 12
18274 18275 7
18275 18276 8
18276 18277 14
18277 18278 19
18278 18279 17
18279 18280 20
18280 18281 7
18281 18282 9
18282 18283 12
18283 18284 5
18284 18285 8
18285 18286 10
18286 18287 7
18287 18288 3
18288 18289 9
18289 18290 10
18290 18291 13
18291 18292 16
18292 18293 16
18293 18294 18
18294 18295 14
18295 18296 8
18296 18297 19
18297 18298 3
18298 18299 5
18299 18300 12
18300 18301 1
18301 18302 9
18302 18303 18
18303 18304 4
18304 18305 3
18305 18306 1
18306 18307 1
18307 18308 14
18308 18309 16
18309 18310 13
18310 18311 6
18311 18312 13
18312 18313 20
18313 18314 9
18314 18315 7
18315 18316 15
18316 18317 18
18317 18318 12
18318 18319 18
18319 18320 16
18320 18321 2
18321 18322 12
18322 18323 3
18323 18324 8
18324 18325 1
18325 18326 9
18326 18327 8
18327 18328 5
18328 18329 6
18329 18330 2
18330 18331 4
18331 18332 12
18332 18333 18
18333 18334 18
18334 18335 2
18335 18336 2
18336 18337 9
18337 18338 5
18338 18339 8
18339 18340 18
18340 18341 11
18341 18342 6
18342 18343 13
18343 18344 7
18344 18345 6
18345 18346 9
18346 18347 12
18347 18348 5
18348 18349 15
18349 18350 12
18350 18351 15
18351 18352 4
18352 18353 7
18353 18354 19
18354 18355 3
18355 18356 12
18356 18357 5
18357 18358 8
18358 18359 19
18359 18360 12
18360 18361 7
18361 18362 14
18362 18363 4
18363 18364 5
18364 18365 1
18365 18366 14
18366 18367 10
18367 18368 14
18368 18369 7
18369 18370 9
18370 18371 4
18371 18372 1
18372 18373 3
18373 18374 7
18374 18375 16
18375 18376 3
18376 18377 17
18377 18378 17
18378 18379 12
18379 18380 19
18380 18381 1
18381 18382 1
18382 18383 14
18383 18384 14
18384 18385 12
18385 18386 8
18386 18387 1
18387 18388 18
18388 18389 15
18389 18390 7
18390 18391 11
18391 18392 1
18392 18393 2
18393 18394 5
18394 18395 18
18395 18396 5
18396 18397 14
18397 18398 5
18398 18399 11
18399 18400 1
18400 18401 20
18401 18402 18
18402 18403 9
18403 18404 20
18404 18405 20
18405 18406 16
18406 18407 14
18407 18408 4
18408 18409 7
18409 18410 20
18410 18411 1
18411 18412 18
18412 18413 10
18413 18414 7
18414 18415 4
18415 18416 18
18416 18417 14
18417 18418 4
18418 18419 16
18419 18420 19
18420 18421 13
18421 18422 4
18422 18423 13
18423 18424 19
18424 18425 20
18425 18426 6
18426 18427 17
18427 18428 13
18428 18429 11
18429 18430 6
18430 18431 15
18431 18432 5
18432 18433 18
18433 18434 3
18434 18435 15
18435 18436 16
18436 18437 14
18437 18438 6
18438 18439 3
18439 18440 8
18440 18441 4
18441 18442 15
18442 18443 6
18443 18444 7
18444 18445 18
18445 18446 5
18446 18447 16
18447 18448 9
18448 18449 15
18449 18450 19
18450 18451 15
18451 18452 1
18452 18453 11
18453 18454 7
18454 18455 10
18455 18456 4
18456 18457 14
18457 18458 13
18458 18459 16
18459 18460 15
18460 18461 20
18461 18462 5
18462 18463 1
18463 18464 4
18464 18465 3
18465 18466 19
18466 18467 9
18467 18468 19
18468 18469 17
18469 18470 14
18470 18471 18
18471 18472 11
18472 18473 17
18473 18474 16
18474 18475 11
18475 18476 13
18476 18477 18
18477 18478 19
18478 18479 15
18479 18480 11
18480 18481 8
18481 18482 8
18482 18483 19
18483 18484 9
18484 18485 9
18485 18486 14
18486 18487 3
18487 18488 3
18488 18489 17
18489 18490 17
18490 18491 8
18491 18492 10
18492 18493 6
18493 18494 8
18494 18495 20
18495 18496 6
18496 18497 8
18497 18498 3
18498 18499 19
18499 18500 2
18500 18501 11
18501 18502 18
18502 18503 14
18503 18504 9
18504 18505 2
18505 18506 12
18506 18507 19
18507 18508 8
18508 18509 7
18509 18510 13
18510 18511 9
18511 18512 2
18512 18513 6
18513 18514 15
18514 18515 17
18515 18516 16
18516 18517 7
18517 18518 7
18518 18519 1
18519 18520 2
18520 18521 13
18521 18522 9
18522 18523 13
18523 18524 10
18524 18525 17
18525 18526 12
18526 18527 17
18527 18528 11
18528 18529 14
18529 18530 7
18530 18531 10
18531 18532 19
18532 18533 9
18533 18534 18
18534 18535 4
18535 18536 2
18536 18537 15
18537 18538 2
18538 18539 16
18539 18540 4
18540 18541 20
18541 18542 3
18542 18543 1
18543 18544 14
18544 18545 5
18545 18546 19
18546 18547 12
18547 18548 7
18548 18549 10
18549 18550 17
18550 18551 14
18551 18552 4
18552 18553 11
18553 18554 16
18554 18555 4
18555 18556 5
18556 18557 8
18557 18558 17
18558 18559 4
18559 18560 9
18560 18561 20
18561 18562 7
18562 18563 8
18563 18564 14
18564 18565 4
18565 18566 14
18566 18567 19
18567 18568 4
18568 18569 13
18569 18570 19
18570 18571 8
18571 18572 14
18572 18573 5
18573 18574 18
18574 18575 16
18575 18576 5
18576 18577 5
18577 18578 7
18578 18579 15
18579 18580 1
18580 18581 20
18581 18582 1
18582 18583 9
18583 18584 6
18584 18585 16
18585 18586 8
18586 18587 7
18587 18588 2
18588 18589 10
18589 18590 1
18590 18591 12
18591 18592 11
18592 18593 18
18593 18594 1
18594 18595 20
18595 18596 6
18596 18597 20
18597 18598 10
18598 18599 15
18599 18600 10
18600 18601 10
18601 18602 19
18602 18603 18
18603 18604 6
18604 18605 14
18605 18606 12
18606 18607 4
18607 18608 8
18608 18609 15
18609 18610 15
18610 18611 18
18611 18612 1
18612 18613 13
18613 18614 12
18614 18615 4
18615 18616 4
18616 18617 7
18617 18618 13
18618 18619 6
18619 18620 10
18620 18621 4
18621 18622 4
18622 18623 9
18623 18624 12
18624 18625 8
18625 18626 15
18626 18627 12
18627 18628 13
18628 18629 15
18629 18630 8
18630 18631 19
18631 18632 18
18632 18633 11
18633 18634 1
18634 18635 3
18635 18636 6
18636 18637 8
18637 18638 6
18638 18639 17
18639 18640 12
18640 18641 8
18641 18642 16
18642 18643 15
18643 18644 18
18644 18645 5
18645 18646 12
18646 18647 7
18647 18648 20
18648 18649 4
18649 18650 5
18650 18651 19
18651 18652 20
18652 18653 1
18653 18654 17
18654 18655 8
18655 18656 18
18656 18657 8
18657 18658 8
18658 18659 7
18659 18660 13
18660 18661 18
18661 18662 14
18662 18663 4
18663 18664 18
18664 18665 11
18665 18666 19
18666 18667 1
18667 18668 18
18668 18669 2
18669 18670 1
18670 18671 2
18671 18672 5
18672 18673 10
18673 18674 6
18674 18675 1
18675 18676 11
18676 18677 13
18677 18678 6
18678 18679 10
18679 18680 17
18680 18681 18
18681 18682 4
18682 18683 3
18683 18684 1
18684 18685 18
18685 18686 10
18686 18687 13
18687 18688 9
18688 18689 11
18689 18690 4
18690 18691 4
18691 18692 7
18692 18693 17
18693 18694 9
18694 18695 10
18695 18696 12
18696 18697 6
18697 18698 9
18698 18699 4
18699 18700 11
18700 18701 16
18701 18702 9
18702 18703 1
18703 18704 14
18704 18705 17
18705 18706 7
18706 18707 20
18707 18708 11
18708 18709 6
18709 18710 16
18710 18711 20
18711 18712 10
18712 18713 6
18713 18714 4
18714 18715 13
18715 18716 18
18716 18717 5
18717 18718 4
18718 18719 6
18719 18720 4
18720 18721 6
18721 18722 11
18722 18723 4
18723 18724 3
18724 18725 14
18725 18726 13
18726 18727 9
18727 18728 11
18728 18729 3
18729 18730 9
18730 18731 18
18731 18732 16
18732 18733 18
18733 18734 3
18734 18735 2
18735 18736 13
18736 18737 6
18737 18738 18
18738 18739 10
18739 18740 7
18740 18741 9
18741 18742 14
18742 18743 1
18743 18744 15
18744 18745 12
18745 18746 15
18746 18747 5
18747 18748 7
18748 18749 1
18749 18750 6
18750 18751 7
18751 18752 1
18752 18753 20
18753 18754 15
18754 18755 14
18755 18756 1
18756 18757 3
18757 18758 5
18758 18759 13
18759 18760 12
18760 18761 12
18761 18762 12
18762 18763 19
18763 18764 18
18764 18765 13
18765 18766 11
18766 18767 9
18767 18768 1
18768 18769 14
18769 18770 19
18770 18771 11
18771 18772 1
18772 18773 5
18773 18774 7
18774 18775 1
18775 18776 20
18776 18777 19
18777 18778 9
18778 18779 11
18779 18780 15
18780 18781 1
18781 18782 17
18782 18783 2
18783 18784 15
18784 18785 16
18785 18786 11
18786 18787 3
18787 18788 6
18788 18789 9
18789 18790 12
18790 18791 14
18791 18792 13
18792 18793 8
18793 18794 3
18794 18795 9
18795 18796 14
18796 18797 11
18797 18798 10
18798 18799 9
18799 18800 14
18800 18801 13
18801 18802 11
18802 18803 19
18803 18804 5
18804 18805 14
18805 18806 17
18806 18807 12
18807 18808 4
18808 18809 15
18809 18810 1
18810 18811 14
18811 18812 12
18812 18813 9
18813 18814 3
18814 18815 1
18815 18816 8
18816 18817 12
18817 18818 18
18818 18819 14
18819 18820 9
18820 18821 18
18821 18822 5
18822 18823 17
18823 18824 11
18824 18825 8
18825 18826 10
18826 18827 17
18827 18828 17
18828 18829 8
18829 18830 9
18830 18831 18
18831 18832 2
18832 18833 8
18833 18834 14
18834 18835 7
18835 18836 17
18836 18837 19
18837 18838 10
18838 18839 17
18839 18840 18
18840 18841 7
18841 18842 6
18842 18843 10
18843 18844 2
18844 18845 1
18845 18846 4
18846 18847 11
18847 18848 9
18848 18849 12
18849 18850 18
18850 18851 18
18851 18852 14
18852 18853 9
18853 18854 15
18854 18855 5
18855 18856 19
18856 18857 3
18857 18858 4
18858 18859 11
18859 18860 3
18860 18861 16
18861 18862 12
18862 18863 6
18863 18864 8
18864 18865 4
18865 18866 15
18866 18867 15
18867 18868 4
18868 18869 4
18869 18870 16
18870 18871 15
18871 18872 6
18872 18873 11
18873 18874 12
18874 18875 9
18875 18876 9
18876 18877 5
18877 18878 11
18878 18879 2
18879 18880 8
18880 18881 16
18881 18882 16
18882 18883 5
18883 18884 6
18884 18885 15
18885 18886 15
18886 18887 7
18887 18888 20
18888 18889 19
18889 18890 19
18890 18891 10
18891 18892 16
18892 18893 12
18893 18894 12
18894 18895 2
18895 18896 16
18896 18897 10
18897 18898 9
18898 18899 12
18899 18900 7
18900 18901 4
18901 18902 3
18902 18903 17
18903 18904 9
18904 18905 20
18905 18906 14
18906 18907 16
18907 18908 2
18908 18909 1
18909 18910 16
18910 18911 20
18911 18912 12
18912 18913 13
18913 18914 17
18914 18915 2
18915 18916 13
18916 18917 2
18917 18918 18
18918 18919 5
18919 18920 6
18920 18921 11
18921 18922 10
18922 18923 17
18923 18924 12
18924 18925 12
18925 18926 4
18926 18927 12
18927 18928 1
18928 18929 11
18929 18930 5
18930 18931 9
18931 18932 9
18932 18933 20
18933 18934 13
18934 18935 8
18935 18936 5
18936 18937 9
18937 18938 19
18938 18939 18
18939 18940 6
18940 18941 17
18941 18942 2
18942 18943 9
18943 18944 4
18944 18945 10
18945 18946 10
18946 18947 2
18947 18948 7
18948 18949 7
18949 18950 1
18950 18951 11
18951 18952 17
18952 18953 16
18953 18954 11
18954 18955 5
18955 18956 15
18956 18957 12
18957 18958 1
18958 18959 6
18959 18960 3
18960 18961 15
18961 18962 18
18962 18963 6
18963 18964 13
18964 18965 2
18965 18966 5
18966 18967 11
18967 18968 18
18968 18969 6
18969 18970 18
18970 18971 15
18971 18972 8
18972 18973 14
18973 18974 5
18974 18975 3
18975 18976 20
18976 18977 1
18977 18978 12
18978 18979 1
18979 18980 3
18980 18981 11
18981 18982 11
18982 18983 5
18983 18984 11
18984 18985 20
18985 18986 18
18986 18987 16
18987 18988 1
18988 18989 11
18989 18990 19
18990 18991 7
18991 18992 15
18992 18993 1
18993 18994 19
18994 18995 10
18995 18996 20
18996 18997 11
18997 18998 2
18998 18999 13
18999 19000 18
19000 19001 19
19001 19002 10
19002 19003 9
19003 19004 10
19004 19005 17
19005 19006 18
19006 19007 3
19007 19008 17
19008 19009 18
19009 19010 15
19010 19011 15
19011 19012 17
19012 19013 20
19013 19014 18
19014 19015 1
19015 19016 2
19016 19017 5
19017 19018 15
19018 19019 13
19019 19020 15
19020 19021 9
19021 19022 3
19022 19023 13
19023 19024 4
19024 19025 16
19025 19026 18
19026 19027 11
19027 19028 11
19028 19029 11
19029 19030 18
19030 19031 17
19031 19032 3
19032 19033 1
19033 19034 10
19034 19035 8
19035 19036 18
19036 19037 15
19037 19038 16
19038 19039 6
19039 19040 2
19040 19041 5
19041 19042 3
19042 19043 9
19043 19044 11
19044 19045 7
19045 19046 15
19046 19047 1
19047 19048 13
19048 19049 3
19049 19050 15
19050 19051 8
19051 19052 8
19052 19053 17
19053 19054 16
19054 19055 12
19055 19056 17
19056 19057 18
19057 19058 1
19058 19059 15
19059 19060 10
19060 19061 20
19061 19062 13
19062 19063 2
19063 19064 10
19064 19065 16
19065 19066 12
19066 19067 15
19067 19068 10
19068 19069 14
19069 19070 9
19070 19071 12
19071 19072 5
19072 19073 4
19073 19074 2
19074 19075 5
19075 19076 2
19076 19077 14
19077 19078 10
19078 19079 19
19079 19080 4
19080 19081 14
19081 19082 10
19082 19083 6
19083 19084 6
19084 19085 7
19085 19086 19
19086 19087 10
19087 19088 6
19088 19089 9
19089 19090 6
19090 19091 10
19091 19092 8
19092 19093 16
19093 19094 18
19094 19095 9
19095 19096 3
19096 19097 10
19097 19098 13
19098 19099 2
19099 19100 18
19100 19101 5
19101 19102 13
19102 19103 6
19103 19104 19
19104 19105 6
19105 19106 10
19106 19107 8
19107 19108 14
19108 19109 5
19109 19110 8
19110 19111 9
19111 19112 18
19112 19113 11
19113 19114 3
19114 19115 7
19115 19116 15
19116 19117 15
19117 19118 8
19118 19119 8
19119 19120 20
19120 19121 9
19121 19122 5
19122 19123 12
19123 19124 6
19124 19125 11
19125 19126 8
19126 19127 8
19127 19128 14
19128 19129 18
19129 19130 10
19130 19131 15
19131 19132 13
19132 19133 12
19133 19134 2
19134 19135 6
19135 19136 18
19136 19137 15
19137 19138 11
19138 19139 16
19139 19140 3
19140 19141 15
19141 19142 3
19142 19143 12
19143 19144 7
19144 19145 6
19145 19146 18
19146 19147 15
19147 19148 12
19148 19149 1
19149 19150 18
19150 19151 16
19151 19152 19
19152 19153 5
19153 19154 19
19154 19155 2
19155 19156 9
19156 19157 16
19157 19158 16
19158 19159 17
19159 19160 1
19160 19161 2
19161 19162 5
19162 19163 3
19163 19164 2
19164 19165 3
19165 19166 6
19166 19167 5
19167 19168 20
19168 19169 5
19169 19170 17
19170 19171 7
19171 19172 13
19172 19173 18
19173 19174 11
19174 19175 10
19175 19176 7
19176 19177 16
19177 19178 9
19178 19179 9
19179 19180 20
19180 19181 20
19181 19182 8
19182 19183 7
19183 19184 5
19184 19185 16
19185 19186 19
19186 19187 16
19187 19188 1
19188 19189 6
19189 19190 13
19190 19191 6
19191 19192 14
19192 19193 12
19193 19194 2
19194 19195 18
19195 19196 17
19196 19197 2
19197 19198 20
19198 19199 2
19199 19200 12
19200 19201 12
19201 19202 19
19202 19203 7
19203 19204 13
19204 19205 7
19205 19206 19
19206 19207 16
19207 19208 19
19208 19209 1
19209 19210 18
19210 19211 1
19211 19212 8
19212 19213 15
19213 19214 2
19214 19215 16
19215 19216 7
19216 19217 16
19217 19218 12
19218 19219 8
19219 19220 14
19220 19221 12
19221 19222 2
19222 19223 2
19223 19224 17
19224 19225 15
19225 19226 1
19226 19227 3
19227 19228 13
19228 19229 17
19229 19230 7
19230 19231 12
19231 19232 17
19232 19233 1
19233 19234 3
19234 19235 5
19235 19236 5
19236 19237 4
19237 19238 2
19238 19239 9
19239 19240 4
19240 19241 10
19241 19242 14
19242 19243 16
19243 19244 4
19244 19245 6
19245 19246 1
19246 19247 8
19247 19248 2
19248 19249 3
19249 19250 19
19250 19251 14
19251 19252 16
19252 19253 4
19253 19254 7
19254 19255 1
19255 19256 12
19256 19257 19
19257 19258 10
19258 19259 8
19259 19260 3
19260 19261 16
19261 19262 1
19262 19263 12
19263 19264 3
19264 19265 5
19265 19266 14
19266 19267 6
19267 19268 16
19268 19269 13
19269 19270 14
19270 19271 1
19271 19272 18
19272 19273 1
19273 19274 15
19274 19275 18
19275 19276 2
19276 19277 6
19277 19278 16
19278 19279 12
19279 19280 16
19280 19281 12
19281 19282 17
19282 19283 5
19283 19284 1
19284 19285 17
19285 19286 3
19286 19287 20
19287 19288 10
19288 19289 12
19289 19290 17
19290 19291 2
19291 19292 16
19292 19293 14
19293 19294 4
19294 19295 11
19295 19296 16
19296 19297 4
19297 19298 6
19298 19299 11
19299 19300 12
19300 19301 9
19301 19302 9
19302 19303 16
19303 19304 13
19304 19305 4
19305 19306 17
19306 19307 10
19307 19308 5
19308 19309 12
19309 19310 4
19310 19311 15
19311 19312 7
19312 19313 7
19313 19314 16
19314 19315 12
19315 19316 3
19316 19317 3
19317 19318 2
19318 19319 14
19319 19320 13
19320 19321 8
19321 19322 15
19322 19323 19
19323 19324 9
19324 19325 13
19325 19326 11
19326 19327 14
19327 19328 15
19328 19329 5
19329 19330 20
19330 19331 18
19331 19332 2
19332 19333 9
19333 19334 5
19334 19335 7
19335 19336 8
19336 19337 19
19337 19338 9
19338 19339 14
19339 19340 12
19340 19341 6
19341 19342 12
19342 19343 6
19343 19344 17
19344 19345 17
19345 19346 7
19346 19347 19
19347 19348 7
19348 19349 3
19349 19350 4
19350 19351 4
19351 19352 20
19352 19353 13
19353 19354 3
19354 19355 17
19355 19356 9
19356 19357 12
19357 19358 19
19358 19359 3
19359 19360 11
19360 19361 13
19361 19362 16
19362 19363 13
19363 19364 4
19364 19365 19
19365 19366 10
19366 19367 19
19367 19368 16
19368 19369 17
19369 19370 18
19370 19371 15
19371 19372 7
19372 19373 6
19373 19374 16
19374 19375 10
19375 19376 4
19376 19377 4
19377 19378 12
19378 19379 7
19379 19380 18
19380 19381 11
19381 19382 11
19382 19383 8
19383 19384 11
19384 19385 2
19385 19386 10
19386 19387 12
19387 19388 5
19388 19389 15
19389 19390 11
19390 19391 7
19391 19392 6
19392 19393 6
19393 19394 12
19394 19395 11
19395 19396 17
19396 19397 19
19397 19398 17
19398 19399 12
19399 19400 11
19400 19401 11
19401 19402 19
19402 19403 10
19403 19404 17
19404 19405 18
19405 19406 17
19406 19407 2
19407 19408 8
19408 19409 5
19409 19410 17
19410 19411 11
19411 19412 7
19412 19413 7
19413 19414 1
19414 19415 12
19415 19416 17
19416 19417 3
19417 19418 11
19418 19419 16
19419 19420 17
19420 19421 1
19421 19422 11
19422 19423 4
19423 19424 14
19424 19425 12
19425 19426 15
19426 19427 7
19427 19428 18
19428 19429 13
19429 19430 19
19430 19431 10
19431 19432 1
19432 19433 18
19433 19434 4
19434 19435 17
19435 19436 15
19436 19437 17
19437 19438 13
19438 19439 5
19439 19440 1
19440 19441 3
19441 19442 18
19442 19443 2
19443 19444 19
19444 19445 13
19445 19446 9
19446 19447 2
19447 19448 4
19448 19449 9
19449 19450 13
19450 19451 4
19451 19452 5
19452 19453 11
19453 19454 1
19454 19455 1
19455 19456 13
19456 19457 7
19457 19458 8
19458 19459 16
19459 19460 12
19460 19461 9
19461 19462 6
19462 19463 13
19463 19464 15
19464 19465 2
19465 19466 1
19466 19467 5
19467 19468 4
19468 19469 8
19469 19470 10
19470 19471 11
19471 19472 11
19472 19473 20
19473 19474 2
19474 19475 16
19475 19476 16
19476 19477 8
19477 19478 9
19478 19479 13
19479 19480 1
19480 19481 13
19481 19482 9
19482 19483 11
19483 19484 2
19484 19485 2
19485 19486 5
19486 19487 19
19487 19488 15
19488 19489 13
19489 19490 11
19490 19491 14
19491 19492 12
19492 19493 10
19493 19494 20
19494 19495 18
19495 19496 15
19496 19497 8
19497 19498 13
19498 19499 20
19499 19500 1
19500 19501 15
19501 19502 10
19502 19503 10
19503 19504 8
19504 19505 18
19505 19506 8
19506 19507 15
19507 19508 11
19508 19509 19
19509 19510 2
19510 19511 16
19511 19512 9
19512 19513 19
19513 19514 12
19514 19515 16
19515 19516 13
19516 19517 5
19517 19518 17
19518 19519 1
19519 19520 8
19520 19521 11
19521 19522 2
19522 19523 3
19523 19524 9
19524 19525 3
19525 19526 16
19526 19527 7
19527 19528 6
19528 19529 2
19529 19530 4
19530 19531 19
19531 19532 4
19532 19533 6
19533 19534 8
19534 19535 18
19535 19536 19
19536 19537 11
19537 19538 13
19538 19539 13
19539 19540 18
19540 19541 1
19541 19542 19
19542 19543 15
19543 19544 12
19544 19545 4
19545 19546 14
19546 19547 14
19547 19548 2
19548 19549 8
19549 19550 12
19550 19551 11
19551 19552 16
19552 19553 4
19553 19554 13
19554 19555 12
19555 19556 5
19556 19557 18
19557 19558 8
19558 19559 17
19559 19560 3
19560 19561 5
19561 19562 16
19562 19563 5
19563 19564 12
19564 19565 1
19565 19566 15
19566 19567 4
19567 19568 14
19568 19569 20
19569 19570 1
19570 19571 14
19571 19572 20
19572 19573 19
19573 19574 6
19574 19575 15
19575 19576 7
19576 19577 14
19577 19578 20
19578 19579 4
19579 19580 19
19580 19581 20
19581 19582 11
19582 19583 3
19583 19584 3
19584 19585 20
19585 19586 13
19586 19587 19
19587 19588 4
19588 19589 12
19589 19590 7
19590 19591 20
19591 19592 6
19592 19593 14
19593 19594 18
19594 19595 9
19595 19596 1
19596 19597 11
19597 19598 20
19598 19599 10
19599 19600 1
19600 19601 3
19601 19602 16
19602 19603 9
19603 19604 3
19604 19605 9
19605 19606 1
19606 19607 17
19607 19608 10
19608 19609 6
19609 19610 15
19610 19611 10
19611 19612 19
19612 19613 19
19613 19614 17
19614 19615 12
19615 19616 15
19616 19617 20
19617 19618 11
19618 19619 15
19619 19620 12
19620 19621 6
19621 19622 1
19622 19623 7
19623 19624 8
19624 19625 19
19625 19626 12
19626 19627 13
19627 19628 6
19628 19629 13
19629 19630 3
19630 19631 15
19631 19632 20
19632 19633 2
19633 19634 9
19634 19635 18
19635 19636 14
19636 19637 17
19637 19638 4
19638 19639 3
19639 19640 9
19640 19641 7
19641 19642 16
19642 19643 14
19643 19644 16
19644 19645 20
19645 19646 19
19646 19647 17
19647 19648 10
19648 19649 8
19649 19650 17
19650 19651 6
19651 19652 12
19652 19653 15
19653 19654 14
19654 19655 12
19655 19656 4
19656 19657 7
19657 19658 11
19658 19659 7
19659 19660 8
19660 19661 18
19661 19662 9
19662 19663 5
19663 19664 4
19664 19665 6
19665 19666 19
19666 19667 19
19667 19668 9
19668 19669 20
19669 19670 11
19670 19671 13
19671 19672 8
19672 19673 17
19673 19674 20
19674 19675 1
19675 19676 2
19676 19677 2
19677 19678 17
19678 19679 6
19679 19680 5
19680 19681 20
19681 19682 2
19682 19683 17
19683 19684 2
19684 19685 18
19685 19686 17
19686 19687 20
19687 19688 18
19688 19689 17
19689 19690 15
19690 19691 1
19691 19692 17
19692 19693 10
19693 19694 6
19694 19695 16
19695 19696 1
19696 19697 10
19697 19698 9
19698 19699 6
19699 19700 8
19700 19701 11
19701 19702 4
19702 19703 11
19703 19704 20
19704 19705 3
19705 19706 4
19706 19707 18
19707 19708 11
19708 19709 10
19709 19710 5
19710 19711 15
19711 19712 10
19712 19713 8
19713 19714 13
19714 19715 17
19715 19716 19
19716 19717 2
19717 19718 14
19718 19719 4
19719 19720 13
19720 19721 20
19721 19722 11
19722 19723 13
19723 19724 2
19724 19725 7
19725 19726 17
19726 19727 5
19727 19728 10
19728 19729 19
19729 19730 20
19730 19731 19
19731 19732 15
19732 19733 3
19733 19734 2
19734 19735 7
19735 19736 14
19736 19737 9
19737 19738 18
19738 19739 12
19739 19740 10
19740 19741 5
19741 19742 12
19742 19743 17
19743 19744 3
19744 19745 4
19745 19746 12
19746 19747 3
19747 19748 12
19748 19749 14
19749 19750 8
19750 19751 19
19751 19752 16
19752 19753 14
19753 19754 12
19754 19755 5
19755 19756 13
19756 19757 5
19757 19758 16
19758 19759 3
19759 19760 6
19760 19761 5
19761 19762 9
19762 19763 10
19763 19764 17
19764 19765 1
19765 19766 6
19766 19767 7
19767 19768 5
19768 19769 19
19769 19770 2
19770 19771 8
19771 19772 5
19772 19773 12
19773 19774 17
19774 19775 6
19775 19776 9
19776 19777 12
19777 19778 2
19778 19779 20
19779 19780 8
19780 19781 19
19781 19782 18
19782 19783 13
19783 19784 7
19784 19785 11
19785 19786 11
19786 19787 7
19787 19788 17
19788 19789 13
19789 19790 2
19790 19791 2
19791 19792 17
19792 19793 19
19793 19794 8
19794 19795 16
19795 19796 14
19796 19797 18
19797 19798 19
19798 19799 12
19799 19800 7
19800 19801 20
19801 19802 2
19802 19803 12
19803 19804 13
19804 19805 11
19805 19806 14
19806 19807 6
19807 19808 7
19808 19809 18
19809 19810 2
19810 19811 7
19811 19812 5
19812 19813 7
19813 19814 20
19814 19815 1
19815 19816 8
19816 19817 20
19817 19818 8
19818 19819 5
19819 19820 2
19820 19821 10
19821 19822 14
19822 19823 18
19823 19824 1
19824 19825 8
19825 19826 9
19826 19827 19
19827 19828 6
19828 19829 18
19829 19830 11
19830 19831 4
19831 19832 9
19832 19833 8
19833 19834 11
19834 19835 6
19835 19836 9
19836 19837 1
19837 19838 7
19838 19839 18
19839 19840 18
19840 19841 4
19841 19842 9
19842 19843 14
19843 19844 7
19844 19845 9
19845 19846 3
19846 19847 7
19847 19848 20
19848 19849 5
19849 19850 7
19850 19851 10
19851 19852 3
19852 19853 9
19853 19854 4
19854 19855 8
19855 19856 4
19856 19857 18
19857 19858 2
19858 19859 15
19859 19860 18
19860 19861 18
19861 19862 7
19862 19863 2
19863 19864 4
19864 19865 20
19865 19866 20
19866 19867 6
19867 19868 16
19868 19869 4
19869 19870 6
19870 19871 20
19871 19872 20
19872 19873 7
19873 19874 14
19874 19875 15
19875 19876 17
19876 19877 15
19877 19878 9
19878 19879 6
19879 19880 1
19880 19881 7
19881 19882 15
19882 19883 16
19883 19884 4
19884 19885 13
19885 19886 16
19886 19887 15
19887 19888 4
19888 19889 17
19889 19890 8
19890 19891 17
19891 19892 2
19892 19893 9
19893 19894 13
19894 19895 11
19895 19896 8
19896 19897 1
19897 19898 20
19898 19899 2
19899 19900 7
19900 19901 6
19901 19902 5
19902 19903 19
19903 19904 20
19904 19905 17
19905 19906 9
19906 19907 17
19907 19908 10
19908 19909 15
19909 19910 1
19910 19911 6
19911 19912 15
19912 19913 4
19913 19914 19
19914 19915 11
19915 19916 17
19916 19917 11
19917 19918 8
19918 19919 13
19919 19920 7
19920 19921 2
19921 19922 8
19922 19923 18
19923 19924 4
19924 19925 18
19925 19926 9
19926 19927 6
19927 19928 7
19928 19929 4
19929 19930 7
19930 19931 15
19931 19932 3
19932 19933 4
19933 19934 16
19934 19935 7
19935 19936 15
19936 19937 6
19937 19938 19
19938 19939 11
19939 19940 14
19940 19941 13
19941 19942 2
19942 19943 14
19943 19944 12
19944 19945 11
19945 19946 13
19946 19947 17
19947 19948 13
19948 19949 5
19949 19950 8
19950 19951 9
19951 19952 11
19952 19953 13
19953 19954 8
19954 19955 12
19955 19956 16
19956 19957 3
19957 19958 4
19958 19959 3
19959 19960 18
19960 19961 7
19961 19962 19
19962 19963 5
19963 19964 19
19964 19965 19
19965 19966 19
19966 19967 7
19967 19968 8
19968 19969 9
19969 19970 10
19970 19971 14
19971 19972 15
19972 19973 20
19973 19974 20
19974 19975 12
19975 19976 14
19976 19977 19
19977 19978 5
19978 19979 12
19979 19980 15
19980 19981 15
19981 19982 3
19982 19983 12
19983 19984 16
19984 19985 9
19985 19986 11
19986 19987 17
19987 19988 3
19988 19989 4
19989 19990 13
19990 19991 18
19991 19992 2
19992 19993 5
19993 19994 12
19994 19995 12
19995 19996 14
19996 19997 13
19997 19998 12
19998 19999 7
19999 20000 19
20000 T 16
