1000000000
5000
2 2 2 2 3 2 3 2 3 2 2 3 3 3 3 3 3 3 3 3 3 3 3 2 3 3 2 3 3 2 2 2 3 3 2 3 2 3 3 3 3 3 3 2 2 2 3 3 3 2 3 3 2 3 2 3 2 3 2 2 2 3 3 2 2 2 3 3 2 3 3 2 3 3 3 3 2 2 3 3 2 2 2 2 3 2 2 2 3 3 2 3 2 2 3 2 2 3 3 3 3 2 3 2 2 2 2 3 3 3 3 3 2 2 2 3 2 2 3 2 3 2 2 3 2 3 3 3 2 3 3 3 3 2 3 2 3 3 2 3 2 3 2 3 2 2 3 3 3 2 2 2 2 2 3 3 3 3 2 3 2 3 3 3 3 3 2 2 3 2 3 2 3 3 3 2 3 2 2 3 3 3 2 2 2 2 3 3 2 2 2 2 3 2 3 2 2 2 3 3 3 2 2 2 2 3 2 3 3 2 3 3 2 2 2 2 3 3 3 2 2 2 3 2 3 2 3 2 2 3 2 3 2 2 3 2 3 3 3 2 2 3 2 2 2 2 3 3 2 3 2 3 2 3 2 3 2 2 2 3 3 3 2 2 2 2 3 2 3 2 3 2 3 2 3 3 3 3 3 2 2 3 2 2 2 2 3 2 3 2 2 3 3 2 2 2 2 3 2 3 3 2 2 2 2 2 3 2 2 3 2 3 2 3 3 2 2 3 2 2 2 2 3 3 2 3 2 3 2 2 3 3 3 2 2 3 2 2 3 3 3 3 2 2 2 2 3 2 3 3 2 2 3 2 3 2 3 2 3 3 3 3 2 3 2 2 2 3 3 3 2 3 3 2 2 2 2 2 2 3 3 2 3 2 3 2 2 2 3 2 3 3 3 2 3 3 3 2 3 3 2 3 2 2 3 2 3 2 3 3 2 2 2 3 3 2 2 3 3 2 3 3 3 2 3 3 3 3 3 3 2 2 3 2 2 2 2 2 3 2 2 2 2 3 2 2 2 2 3 3 3 3 3 2 2 3 2 2 2 3 3 2 2 3 2 2 3 2 3 3 2 2 3 2 3 2 2 2 3 3 2 3 3 2 3 2 2 2 2 3 3 2 2 3 3 3 3 3 2 3 2 2 2 2 2 2 3 2 3 2 3 3 2 3 2 2 3 3 3 3 2 2 3 3 3 2 3 2 3 2 3 2 2 3 2 3 2 2 2 2 2 3 2 3 3 2 3 2 2 2 2 3 2 3 2 3 3 2 3 2 2 2 2 2 2 2 3 3 2 3 2 2 2 2 3 2 3 3 3 2 2 3 3 2 2 3 2 3 3 2 2 2 2 2 3 2 2 3 3 2 3 3 2 3 2 2 3 2 3 2 3 2 2 2 3 3 2 2 3 3 2 2 2 3 3 3 2 2 2 3 3 3 3 3 3 3 2 2 3 3 3 3 2 2 3 2 2 2 2 2 2 3 3 2 3 3 2 3 3 2 2 3 2 3 2 3 2 2 2 3 2 2 3 3 2 3 2 3 3 3 2 2 2 2 2 3 3 2 2 2 3 2 3 2 2 3 3 2 2 3 3 2 3 2 2 3 2 3 2 3 3 2 2 3 2 2 3 3 3 2 3 3 2 3 2 3 3 2 2 3 2 2 3 3 3 2 2 3 2 3 3 3 3 2 2 2 3 3 3 2 2 2 3 2 2 2 2 2 2 3 3 3 2 3 2 2 3 3 3 3 3 2 2 3 3 3 3 2 2 2 2 3 3 2 2 3 3 3 3 2 3 2 2 3 2 2 3 2 3 3 3 3 3 2 3 2 2 3 3 2 2 3 2 3 3 2 2 2 3 2 2 3 3 2 3 2 2 3 3 3 3 2 2 3 3 3 3 2 3 2 2 2 2 3 3 2 3 2 2 2 2 2 2 3 3 3 2 2 2 2 2 2 2 3 2 2 2 3 2 2 2 3 3 2 2 3 2 2 2 3 2 2 3 3 2 2 2 3 3 2 2 2 2 3 2 3 2 3 2 3 3 3 2 2 2 3 2 3 2 3 2 3 3 3 3 2 3 2 3 3 2 2 2 2 2 3 3 3 2 3 2 3 2 3 2 3 3 3 2 3 3 2 2 2 3 3 2 2 3 2 3 3 2 2 2 3 3 3 2 3 2 2 3 3 2 2 3 3 2 3 2 3 2 3 2 3 2 2 2 2 2 3 2 2 2 3 3 3 3 2 3 3 3 3 3 3 2 3 3 3 2 2 3 3 3 3 3 2 2 2 3 3 3 2 3 3 2 3 3 3 3 2 2 3 2 2 2 3 3 3 2 2 3 2 2 2 3 2 2 2 3 2 2 3 3 3 2 3 3 3 3 3 2 2 2 2 3 2 3 3 3 2 3 3 3 2 2 3 3 2 2 2 2 2 2 3 2 2 3 2 2 2 3 3 2 3 3 2 2 2 3 2 2 3 3 2 2 3 2 3 3 3 2 2 2 2 2 2 2 3 3 2 2 2 3 3 2 2 3 3 2 2 3 3 2 2 2 2 3 3 2 2 3 3 2 3 2 2 2 2 3 2 3 2 3 2 2 3 2 3 3 3 2 3 3 3 3 2 3 3 3 3 2 2 2 2 3 2 2 2 2 2 2 2 3 3 3 3 2 2 2 2 2 2 2 3 2 2 2 3 3 2 3 3 3 2 3 2 2 3 3 3 3 2 3 2 2 2 3 3 3 3 2 3 2 2 3 3 3 3 2 2 3 3 3 2 3 3 2 3 2 3 2 2 3 2 2 2 3 3 3 2 2 2 2 3 3 2 2 3 3 3 2 2 3 2 2 2 2 2 3 3 2 3 3 2 2 2 3 3 2 3 3 3 2 3 3 2 3 2 3 3 2 2 3 3 3 3 2 3 3 2 3 2 3 2 3 2 3 3 3 3 3 3 3 2 2 3 2 3 2 3 3 2 2 2 3 3 3 2 3 2 2 2 3 2 3 3 2 2 3 2 2 3 2 2 2 2 3 3 2 3 2 2 2 2 3 3 2 3 3 2 2 3 2 2 3 2 3 2 3 3 2 3 3 2 2 2 3 3 2 3 2 3 3 3 2 2 3 3 3 3 3 2 2 2 2 3 2 2 2 2 3 2 3 2 3 3 2 2 2 3 2 2 2 3 3 3 3 2 2 3 2 2 3 2 2 3 2 2 3 2 2 2 3 3 2 2 2 3 2 3 2 3 3 3 2 2 3 2 2 3 3 2 2 2 2 3 3 2 2 3 3 3 2 3 2 2 3 2 2 2 2 2 2 3 2 2 3 2 2 3 3 2 3 2 2 2 2 2 2 3 3 2 2 3 2 3 3 2 2 3 3 3 2 2 2 2 2 3 3 2 2 2 3 3 3 2 3 2 2 3 3 2 3 3 3 3 2 3 2 2 3 2 3 2 2 3 3 2 2 3 2 2 3 2 3 3 2 3 3 2 3 2 2 2 2 3 3 2 3 3 2 2 2 3 2 2 3 3 3 2 2 2 3 3 2 2 2 3 2 3 3 3 3 3 3 3 3 2 2 3 3 3 3 3 2 3 2 3 2 2 2 3 3 2 2 3 2 3 3 3 3 3 2 2 3 3 2 3 2 2 2 3 2 3 2 3 2 3 2 2 3 2 3 3 3 2 3 3 2 3 2 3 2 3 2 3 3 2 2 2 3 3 3 2 2 3 3 2 3 3 3 3 3 2 3 2 3 2 2 2 3 3 2 2 3 3 2 2 3 3 2 3 2 3 2 3 2 2 3 3 2 3 2 2 3 2 3 3 3 2 3 3 3 2 2 2 2 2 2 3 3 3 2 3 2 2 2 3 3 3 3 2 2 2 2 3 3 2 3 3 3 3 2 3 2 3 2 3 3 2 3 3 2 2 3 3 2 3 2 2 3 3 2 3 3 3 2 3 2 3 3 2 3 3 3 3 2 3 2 2 2 2 3 2 3 2 2 3 3 3 2 3 3 3 3 3 3 3 2 2 2 3 3 3 3 2 2 2 2 3 2 3 3 2 2 3 3 2 3 2 2 3 2 3 2 2 2 2 3 2 2 2 2 3 2 3 2 2 3 2 3 3 3 2 3 3 3 3 2 2 2 2 2 3 2 3 2 2 2 2 3 3 2 2 3 3 3 2 3 3 3 3 2 3 3 2 2 2 3 3 3 3 2 2 3 2 2 3 3 3 2 3 2 3 3 3 2 2 2 2 2 2 3 2 3 2 3 3 2 2 2 2 3 3 3 2 2 3 3 2 3 2 2 3 2 2 3 2 2 2 3 3 2 2 3 2 2 2 2 2 2 2 3 3 3 2 2 3 3 3 2 2 3 2 3 3 3 2 3 3 2 3 3 3 3 2 3 2 2 3 2 2 2 3 3 3 2 3 2 2 3 3 2 2 2 3 3 2 2 2 3 3 2 3 2 2 3 3 3 2 2 3 3 2 3 2 3 2 2 3 3 2 2 3 3 2 2 2 3 2 2 2 3 2 3 3 3 2 2 2 3 3 2 2 3 3 3 2 2 2 2 2 2 2 2 3 3 3 2 3 3 3 2 2 3 3 2 2 3 2 2 2 2 3 2 2 2 3 2 3 2 3 2 3 3 2 3 3 3 3 3 3 2 3 3 2 2 3 2 2 3 3 3 3 2 3 3 2 3 3 2 3 3 3 2 2 2 3 2 2 2 3 3 2 3 2 2 3 2 2 3 3 2 3 2 3 2 3 2 2 3 3 2 3 3 3 3 3 3 2 3 2 2 2 3 2 3 3 3 2 2 2 2 3 2 2 3 3 3 2 3 3 3 3 2 2 2 2 3 2 2 2 2 3 3 3 3 3 2 3 2 3 2 3 3 3 3 3 2 3 3 2 2 2 2 2 3 2 3 3 2 2 2 3 2 2 3 2 3 3 2 3 3 2 3 3 3 2 3 3 2 3 3 3 3 2 3 2 3 3 3 3 3 3 3 2 2 3 2 2 2 3 3 3 3 3 3 2 2 2 2 3 2 2 2 3 3 3 3 3 3 2 2 2 2 3 2 3 2 3 3 3 2 2 2 3 2 2 3 2 2 3 3 3 2 3 3 2 2 2 2 2 2 2 3 3 3 3 3 3 3 3 2 2 3 2 2 2 3 3 2 2 3 3 2 3 2 2 3 2 2 2 3 2 3 2 3 2 3 3 3 3 3 3 2 2 3 3 2 3 2 2 2 2 2 3 2 2 3 3 2 3 3 3 3 2 3 2 3 2 3 3 3 3 2 2 3 3 3 2 3 3 2 2 3 3 3 2 2 3 3 2 3 2 3 2 3 3 2 2 3 2 3 3 2 3 3 2 2 3 3 3 2 3 3 2 3 2 2 2 2 2 3 3 2 3 3 2 3 3 3 3 3 3 2 2 2 3 3 2 3 3 2 2 3 2 3 3 2 3 2 3 3 2 3 3 3 3 2 3 2 3 2 2 2 3 3 2 3 2 3 3 3 3 2 2 3 2 3 3 2 2 2 3 2 3 3 2 2 2 3 3 2 3 2 2 2 2 3 2 2 3 2 3 2 2 3 3 2 2 3 3 2 3 2 3 2 2 2 3 2 2 2 2 2 3 2 2 2 3 3 2 3 2 3 2 2 3 3 2 2 2 3 3 2 3 2 2 3 2 3 3 3 2 3 3 2 3 3 3 3 3 3 3 2 2 3 3 2 2 2 2 3 3 3 2 3 3 3 2 3 3 2 2 3 3 3 2 3 3 3 2 2 2 2 3 3 3 3 3 2 2 3 2 2 3 2 3 3 2 3 2 2 2 2 2 2 2 2 3 3 2 2 2 2 2 2 2 3 3 3 2 2 3 2 3 2 3 3 3 3 2 3 3 2 2 2 3 3 3 3 3 2 2 2 3 3 2 2 3 3 2 3 2 2 2 3 2 2 3 3 3 2 2 3 3 3 2 2 2 2 2 3 3 3 3 3 3 2 3 3 2 3 3 3 2 2 3 3 2 2 3 2 3 2 2 3 2 2 2 2 2 2 2 3 3 2 2 2 2 3 3 3 3 3 3 2 3 2 3 3 2 2 3 2 2 2 3 3 3 2 2 2 2 3 2 2 3 3 2 2 3 2 3 3 3 3 2 2 3 3 2 3 3 3 3 2 2 2 2 3 2 2 2 3 2 3 2 2 3 2 3 2 2 3 3 2 3 2 3 2 2 3 2 3 3 2 3 2 3 3 2 3 2 3 3 3 2 3 2 2 2 3 3 2 2 3 3 2 3 2 3 2 2 2 2 2 2 3 2 2 2 2 2 2 3 2 3 3 2 3 2 3 3 3 3 3 3 3 2 3 3 2 3 3 2 3 2 2 2 3 3 3 2 3 2 2 2 3 2 3 3 3 2 2 3 3 2 3 2 3 2 3 3 2 3 2 3 2 3 3 2 2 2 3 2 2 3 2 3 2 3 2 3 2 3 3 3 3 2 2 3 3 3 3 3 2 2 3 3 2 3 3 3 2 2 2 3 2 3 2 2 2 2 2 3 3 3 2 2 2 2 3 2 2 3 3 3 2 3 2 2 3 2 3 2 3 3 3 3 3 3 2 3 2 3 2 3 2 2 2 2 2 3 3 2 3 2 3 2 3 2 3 2 3 2 2 3 2 2 2 2 2 3 2 3 3 3 3 2 3 3 2 2 2 3 2 3 2 3 2 3 2 3 3 3 2 3 3 3 3 3 2 3 2 2 2 3 3 3 3 3 2 3 3 3 3 2 3 3 3 2 3 3 2 3 2 2 3 2 3 3 3 2 3 3 3 3 2 2 2 3 2 2 3 2 3 3 2 2 2 2 2 2 2 3 3 3 2 2 2 2 2 3 2 3 3 2 2 3 3 3 3 2 2 2 3 3 3 2 3 2 2 2 3 3 3 3 3 2 3 2 2 3 2 2 2 3 3 3 2 3 3 3 2 2 2 3 3 2 3 2 2 3 2 2 2 3 2 2 2 2 2 3 3 2 2 3 3 3 3 3 3 2 2 2 2 2 3 3 3 3 2 2 3 2 3 3 2 3 3 2 2 2 2 3 3 3 3 3 2 2 3 2 2 2 2 2 3 2 3 2 2 2 2 2 2 2 2 3 2 2 2 2 3 3 2 2 3 3 2 3 3 3 2 3 2 3 2 2 2 2 2 2 2 3 3 3 2 2 2 2 3 2 3 3 3 3 3 3 2 3 3 3 2 2 2 3 3 3 2 2 3 3 3 3 3 3 3 2 2 2 2 3 2 3 3 3 2 2 3 3 2 3 2 3 2 3 2 3 3 3 2 3 2 3 2 3 2 2 3 3 2 2 2 3 2 2 2 2 3 3 2 2 3 3 2 2 3 2 3 2 2 2 3 2 3 3 3 3 3 3 3 2 3 2 3 2 3 2 3 3 2 2 2 2 3 3 3 3 2 3 3 2 3 3 2 3 2 3 3 3 3 2 2 2 2 2 3 3 3 2 3 2 3 2 2 3 3 3 3 2 2 2 3 2 3 3 2 2 2 3 2 2 2 3 3 2 2 3 2 3 2 3 2 3 2 2 3 3 2 2 3 3 3 2 2 3 3 2 2 2 2 2 3 3 3 2 2 2 3 3 3 2 3 3 3 2 2 3 2 3 2 3 2 2 2 3 3 3 3 2 2 3 2 3 2 3 3 3 2 2 3 2 3 2 2 2 3 3 2 2 2 3 2 3 3 3 2 3 2 2 3 2 3 3 2 3 2 2 3 3 2 2 2 2 3 3 2 2 3 2 2 3 3 2 2 3 2 3 3 2 3 2 2 2 2 3 3 2 2 2 2 3 3 2 3 3 2 2 2 3 2 2 3 2 3 3 3 2 3 2 2 2 3 2 3 3 3 3 2 3 3 2 3 2 3 3 2 3 3 2 2 3 2 2 2 2 3 3 3 3 2 3 3 2 3 2 2 2 3 3 2 2 3 3 3 3 3 3 3 2 2 2 3 3 2 2 3 3 2 3 2 3 2 2 3 2 3 2 3 2 3 3 3 3 2 3 2 3 2 2 3 3 3 3 3 2 3 2 2 3 2 3 2 3 2 2 3 3 2 2 3 3 2 3 3 3 2 3 3 2 3 3 3 3 2 2 2 3 2 2 3 2 2 3 2 3 3 3 2 3 3 2 2 2 3 2 3 3 3 3 2 3 3 3 2 2 2 3 2 2 2 2 2 2 3 3 2 3 2 3 2 2 2 2 3 2 2 3 3 3 2 2 2 2 2 2 2 3 2 3 3 3 2 3 2 3 3 2 2 3 2 3 3 2 3 3 2 2 3 3 2 3 2 3 2 3 2 3 2 3 2 3 2 2 2 3 3 2 2 3 2 3 3 3 3 2 3 2 2 2 3 3 3 3 2 3 2 2 2 2 2 3 3 3 3 3 3 2 2 2 3 2 2 2 3 3 2 2 3 3 3 3 3 2 2 2 3 2 2 2 3 3 3 2 3 3 3 3 3 3 2 2 2 2 2 2 2 2 3 2 3 2 3 3 2 3 2 3 3 3 2 3 3 2 2 2 3 3 3 3 2 3 3 2 2 2 3 2 2 2 2 3 2 3 3 3 2 3 3 3 2 2 2 3 2 3 3 2 2 2 2 2 2 3 2 2 2 3 3 3 2 3 2 2 3 2 2 2 2 3 3 2 3 2 2 3 3 3 2 2 2 2 3 2 2 3 3 3 3 2 2 3 2 3 3 3 3 2 2 2 2 3 3 3 3 2 2 3 2 2 2 2 3 2 2 2 3 3 3 2 3 3 2 2 3 3 3 2 2 3 2 3 3 2 3 2 2 2 2 2 3 3 2 3 3 3 3 2 3 2 2 2 2 3 2 3 2 3 2 2 2 3 3 2 3 3 2 3 2 2 3 3 2 2 2 2 2 3 2 2 3 3 2 2 3 3 3 2 3 3 2 3 3 3 3 3 2 2 3 3 2 3 2 3 2 3 2 3 3 3 3 2 3 3 3 3 3 2 2 3 3 3 2 3 2 3 3 3 3 3 3 2 2 3 2 2 3 2 3 3 2 2 3 2 2 3 3 3 2 3 3 2 2 2 3 3 2 3 2 3 3 3 2 3 3 2 2 2 3 3 2 2 3 3 2 2 2 3 2 2 3 3 3 2 2 2 3 2 2 3 3 3 3 3 2 3 3 3 2 2 2 3 3 3 3 2 3 2 2 3 2 3 3 3 2 2 2 3 3 3 2 2 3 3 2 3 3 3 3 2 3 3 2 2 3 3 3 2 3 2 3 3 2 2 2 3 3 3 3 2 3 3 2 3 2 3 2 3 3 2 3 3 2 2 2 2 3 3 3 2 2 3 2 3 2 2 2 3 3 2 3 2 2 3 3 2 3 3 3 2 3 3 2 3 3 3 3 3 3 3 3 3 3 3 3 2 2 3 3 3 3 2 2 3 2 2 3 2 3 3 3 3 2 3 3 3 3 2 3 3 2 3 2 2 2 2 2 3 3 3 3 2 2 2 3 3 2 3 2 3 2 3 3 3 2 2 2 2 2 3 2 2 3 2 2 2 2 2 2 2 2 2 2 3 2 3 2 3 2 2 2 2 2 3 2 3 3 3 3 2 2 3 2 2 3 2 2 2 2 2 3 2 2 3 2 3 3 2 2 3 2 2 3 2 2 3 3 2 3 2 2 2 2 2 3 3 3 2 2 2 2 2 3 3 2 3 3 3 3 3 2 2 2 2 2 3 3 2 2 3 3 3 3 2 3 3 3 2 3 2 3 2 2 3 3 2 2 3 2 2 3 3 2 2 2 3 2 2 3 2 3 2 2 3 3 3 2 3 2 3 2 2 2 2 3 3 2 3 2 2 2 3 2 3 3 2 3 3 2 3 2 3 2 3 2 2 2 2 2 2 2 3 3 3 2 3 2 3 3 2 2 3 3 3 3 3 3 3 3 2 2 2 2 2 3 3 2 2 3 3 2 2 2 2 2 3 2 3 2 2 2 2 2 3 2 2 2 2 3 3 2 2 2 2 3 2 3 2 3 2 2 2 3 3 3 3 3 2 3 3 3 2 3 2 3 3 3 2 2 2 2 2 2 2 3 2 2 2 3 2 2 3 2 2 3 3 3 2 2 2 3 3 2 2 2 3 2 2 3 2 3 3 2 2 2 2 3 3 2 3 2 2 3 3 2 3 2 2 2 3 2 3 3 3 2 3 2 3 2 2 3 3 2 2 2 3 3 3 3 2 3 2 3 2 2 3 3 2 2 2 2 2 2 2 3 2 3 3 2 3 2 3 2 2 3 3 2 3 3 3 3 3 2 2 3 3 3 2 2 2 2 3 2 3 3 2 3 2 2 3 2 3 2 3 2 3 2 3 3 2 3 3 3 3 2 3 3 2 3 2 3 3 2 3 3 2 3 3 2 2 2 3 2 3 3 3 3 3 2 2 2 2 2 2 3 2 3 2 3 2 3 2 2 2 2 3 3 2 2 2 2 3 3 2 2 3 3 2 3 2 3 2 3 3 3 3 3 2 2 2 3 2 2 3 2 2 2 2 3 3 3 2 2 3 3 2 3 3 2 3 3 3 3 2 2 2 3 3 2 2 3 3 3 2 3 3 3 3 2 3 2 3 3 3 3 2 2 2 2 3 3 2 3 3 3 2 3 2 2 2 3 3 3 3 3 3 2 2 3 2 2 3 2 3 3 3 2 2 2 2 3 2 2 3 2 2 2 2 3 2 3 3 2 3 3 3 2 3 3 2 2 2 2 2 2 2 2 2 2 3 3 3 3 3 3 3 3 2 3 2 3 3 2 3 3 3 3 3 2 3 2 2 2 3 3 3 3 3 3 2 2 2 3 2 3 3 2 3 3 3 2 3 2 3 3 2 3 2 3 3 3 3 2 2 2 3 3 2 3 2 3 3 2 3 2 2 2 3 3 3 2 2 3 3 3 3 3 2 3 2 2 3 3 2 2 2 3 2 3 2 3 2 2 3 3 3 2 3 2 3 3 3 3 3 3 3 2 2 3 2 2 3 2 2 3 2 2 3 2 2 2 3 2 2 3 3 3 2 2 2 2 2 2 3 2 2 2 3 3 3 2 2 2 2 3 2 3 3 2 2 3 2 3 2 3 3 3 3 3 2 2 3 2 3 2 2 2 3 2 3 2 3 3 3 2 2 3 3 2 3 3 2 2 2 2 2 2 2 3 2 2 2 3 3 2 2
12494
1 1
2 1
3 2
4 2
5 3
6 3
7 4
8 4
9 5
10 5
11 5
12 6
13 6
14 7
15 7
16 7
17 8
18 8
19 9
20 9
21 9
22 10
23 10
24 11
25 11
26 12
27 12
28 12
29 13
30 13
31 13
32 14
33 14
34 14
35 15
36 15
37 15
38 16
39 16
40 16
41 17
42 17
43 17
44 18
45 18
46 18
47 19
48 19
49 19
50 20
51 20
52 20
53 21
54 21
55 21
56 22
57 22
58 22
59 23
60 23
61 23
62 24
63 24
64 25
65 25
66 25
67 26
68 26
69 26
70 27
71 27
72 28
73 28
74 28
75 29
76 29
77 29
78 30
79 30
80 31
81 31
82 32
83 32
84 33
85 33
86 33
87 34
88 34
89 34
90 35
91 35
92 36
93 36
94 36
95 37
96 37
97 38
98 38
99 38
100 39
101 39
102 39
103 40
104 40
105 40
106 41
107 41
108 41
109 42
110 42
111 42
112 43
113 43
114 43
115 44
116 44
117 45
118 45
119 46
120 46
121 47
122 47
123 47
124 48
125 48
126 48
127 49
128 49
129 49
130 50
131 50
132 51
133 51
134 51
135 52
136 52
137 52
138 53
139 53
140 54
141 54
142 54
143 55
144 55
145 56
146 56
147 56
148 57
149 57
150 58
151 58
152 58
153 59
154 59
155 60
156 60
157 61
158 61
159 62
160 62
161 62
162 63
163 63
164 63
165 64
166 64
167 65
168 65
169 66
170 66
171 67
172 67
173 67
174 68
175 68
176 68
177 69
178 69
179 70
180 70
181 70
182 71
183 71
184 71
185 72
186 72
187 73
188 73
189 73
190 74
191 74
192 74
193 75
194 75
195 75
196 76
197 76
198 76
199 77
200 77
201 78
202 78
203 79
204 79
205 79
206 80
207 80
208 80
209 81
210 81
211 82
212 82
213 83
214 83
215 84
216 84
217 85
218 85
219 85
220 86
221 86
222 87
223 87
224 88
225 88
226 89
227 89
228 89
229 90
230 90
231 90
232 91
233 91
234 92
235 92
236 92
237 93
238 93
239 94
240 94
241 95
242 95
243 95
244 96
245 96
246 97
247 97
248 98
249 98
250 98
251 99
252 99
253 99
254 100
255 100
256 100
257 101
258 101
259 101
260 102
261 102
262 103
263 103
264 103
265 104
266 104
267 105
268 105
269 106
270 106
271 107
272 107
273 108
274 108
275 108
276 109
277 109
278 109
279 110
280 110
281 110
282 111
283 111
284 111
285 112
286 112
287 112
288 113
289 113
290 114
291 114
292 115
293 115
294 116
295 116
296 116
297 117
298 117
299 118
300 118
301 119
302 119
303 119
304 120
305 120
306 121
307 121
308 121
309 122
310 122
311 123
312 123
313 124
314 124
315 124
316 125
317 125
318 126
319 126
320 126
321 127
322 127
323 127
324 128
325 128
326 128
327 129
328 129
329 130
330 130
331 130
332 131
333 131
334 131
335 132
336 132
337 132
338 133
339 133
340 133
341 134
342 134
343 135
344 135
345 135
346 136
347 136
348 137
349 137
350 137
351 138
352 138
353 138
354 139
355 139
356 140
357 140
358 140
359 141
360 141
361 142
362 142
363 142
364 143
365 143
366 144
367 144
368 144
369 145
370 145
371 146
372 146
373 147
374 147
375 147
376 148
377 148
378 148
379 149
380 149
381 149
382 150
383 150
384 151
385 151
386 152
387 152
388 153
389 153
390 154
391 154
392 155
393 155
394 155
395 156
396 156
397 156
398 157
399 157
400 157
401 158
402 158
403 158
404 159
405 159
406 160
407 160
408 160
409 161
410 161
411 162
412 162
413 162
414 163
415 163
416 163
417 164
418 164
419 164
420 165
421 165
422 165
423 166
424 166
425 166
426 167
427 167
428 168
429 168
430 169
431 169
432 169
433 170
434 170
435 171
436 171
437 171
438 172
439 172
440 173
441 173
442 173
443 174
444 174
445 174
446 175
447 175
448 175
449 176
450 176
451 177
452 177
453 177
454 178
455 178
456 179
457 179
458 180
459 180
460 180
461 181
462 181
463 181
464 182
465 182
466 182
467 183
468 183
469 184
470 184
471 185
472 185
473 186
474 186
475 187
476 187
477 187
478 188
479 188
480 188
481 189
482 189
483 190
484 190
485 191
486 191
487 192
488 192
489 193
490 193
491 193
492 194
493 194
494 195
495 195
496 195
497 196
498 196
499 197
500 197
501 198
502 198
503 199
504 199
505 199
506 200
507 200
508 200
509 201
510 201
511 201
512 202
513 202
514 203
515 203
516 204
517 204
518 205
519 205
520 206
521 206
522 206
523 207
524 207
525 208
526 208
527 208
528 209
529 209
530 209
531 210
532 210
533 211
534 211
535 211
536 212
537 212
538 212
539 213
540 213
541 214
542 214
543 215
544 215
545 216
546 216
547 217
548 217
549 217
550 218
551 218
552 218
553 219
554 219
555 219
556 220
557 220
558 221
559 221
560 222
561 222
562 223
563 223
564 223
565 224
566 224
567 225
568 225
569 225
570 226
571 226
572 227
573 227
574 227
575 228
576 228
577 229
578 229
579 230
580 230
581 230
582 231
583 231
584 232
585 232
586 232
587 233
588 233
589 234
590 234
591 235
592 235
593 235
594 236
595 236
596 237
597 237
598 237
599 238
600 238
601 238
602 239
603 239
604 239
605 240
606 240
607 241
608 241
609 242
610 242
611 242
612 243
613 243
614 244
615 244
616 245
617 245
618 246
619 246
620 247
621 247
622 247
623 248
624 248
625 248
626 249
627 249
628 250
629 250
630 250
631 251
632 251
633 252
634 252
635 252
636 253
637 253
638 254
639 254
640 254
641 255
642 255
643 256
644 256
645 256
646 257
647 257
648 258
649 258
650 259
651 259
652 260
653 260
654 260
655 261
656 261
657 261
658 262
659 262
660 262
661 263
662 263
663 264
664 264
665 265
666 265
667 266
668 266
669 267
670 267
671 267
672 268
673 268
674 269
675 269
676 269
677 270
678 270
679 271
680 271
681 271
682 272
683 272
684 273
685 273
686 273
687 274
688 274
689 275
690 275
691 275
692 276
693 276
694 276
695 277
696 277
697 277
698 278
699 278
700 278
701 279
702 279
703 279
704 280
705 280
706 281
707 281
708 282
709 282
710 282
711 283
712 283
713 284
714 284
715 285
716 285
717 286
718 286
719 287
720 287
721 287
722 288
723 288
724 289
725 289
726 289
727 290
728 290
729 291
730 291
731 292
732 292
733 292
734 293
735 293
736 293
737 294
738 294
739 295
740 295
741 296
742 296
743 297
744 297
745 298
746 298
747 298
748 299
749 299
750 300
751 300
752 300
753 301
754 301
755 301
756 302
757 302
758 303
759 303
760 304
761 304
762 305
763 305
764 306
765 306
766 307
767 307
768 307
769 308
770 308
771 309
772 309
773 310
774 310
775 310
776 311
777 311
778 312
779 312
780 312
781 313
782 313
783 314
784 314
785 314
786 315
787 315
788 315
789 316
790 316
791 317
792 317
793 318
794 318
795 318
796 319
797 319
798 320
799 320
800 321
801 321
802 322
803 322
804 323
805 323
806 323
807 324
808 324
809 324
810 325
811 325
812 326
813 326
814 326
815 327
816 327
817 328
818 328
819 328
820 329
821 329
822 330
823 330
824 331
825 331
826 331
827 332
828 332
829 332
830 333
831 333
832 333
833 334
834 334
835 335
836 335
837 336
838 336
839 336
840 337
841 337
842 338
843 338
844 339
845 339
846 339
847 340
848 340
849 340
850 341
851 341
852 341
853 342
854 342
855 342
856 343
857 343
858 344
859 344
860 345
861 345
862 346
863 346
864 347
865 347
866 347
867 348
868 348
869 349
870 349
871 349
872 350
873 350
874 350
875 351
876 351
877 352
878 352
879 353
880 353
881 353
882 354
883 354
884 355
885 355
886 355
887 356
888 356
889 357
890 357
891 357
892 358
893 358
894 359
895 359
896 359
897 360
898 360
899 360
900 361
901 361
902 361
903 362
904 362
905 362
906 363
907 363
908 364
909 364
910 364
911 365
912 365
913 366
914 366
915 367
916 367
917 368
918 368
919 368
920 369
921 369
922 369
923 370
924 370
925 370
926 371
927 371
928 372
929 372
930 372
931 373
932 373
933 373
934 374
935 374
936 375
937 375
938 376
939 376
940 377
941 377
942 378
943 378
944 379
945 379
946 380
947 380
948 380
949 381
950 381
951 381
952 382
953 382
954 383
955 383
956 383
957 384
958 384
959 385
960 385
961 385
962 386
963 386
964 387
965 387
966 388
967 388
968 389
969 389
970 389
971 390
972 390
973 391
974 391
975 391
976 392
977 392
978 392
979 393
980 393
981 393
982 394
983 394
984 395
985 395
986 395
987 396
988 396
989 396
990 397
991 397
992 397
993 398
994 398
995 399
996 399
997 399
998 400
999 400
1000 400
1001 401
1002 401
1003 402
1004 402
1005 402
1006 403
1007 403
1008 404
1009 404
1010 405
1011 405
1012 405
1013 406
1014 406
1015 407
1016 407
1017 407
1018 408
1019 408
1020 409
1021 409
1022 409
1023 410
1024 410
1025 410
1026 411
1027 411
1028 412
1029 412
1030 413
1031 413
1032 414
1033 414
1034 414
1035 415
1036 415
1037 415
1038 416
1039 416
1040 417
1041 417
1042 418
1043 418
1044 418
1045 419
1046 419
1047 419
1048 420
1049 420
1050 421
1051 421
1052 421
1053 422
1054 422
1055 422
1056 423
1057 423
1058 423
1059 424
1060 424
1061 425
1062 425
1063 425
1064 426
1065 426
1066 426
1067 427
1068 427
1069 427
1070 428
1071 428
1072 428
1073 429
1074 429
1075 429
1076 430
1077 430
1078 430
1079 431
1080 431
1081 432
1082 432
1083 433
1084 433
1085 433
1086 434
1087 434
1088 435
1089 435
1090 436
1091 436
1092 437
1093 437
1094 438
1095 438
1096 439
1097 439
1098 439
1099 440
1100 440
1101 441
1102 441
1103 442
1104 442
1105 443
1106 443
1107 444
1108 444
1109 444
1110 445
1111 445
1112 446
1113 446
1114 447
1115 447
1116 448
1117 448
1118 449
1119 449
1120 449
1121 450
1122 450
1123 450
1124 451
1125 451
1126 451
1127 452
1128 452
1129 452
1130 453
1131 453
1132 453
1133 454
1134 454
1135 455
1136 455
1137 456
1138 456
1139 456
1140 457
1141 457
1142 458
1143 458
1144 459
1145 459
1146 460
1147 460
1148 460
1149 461
1150 461
1151 461
1152 462
1153 462
1154 463
1155 463
1156 464
1157 464
1158 464
1159 465
1160 465
1161 466
1162 466
1163 467
1164 467
1165 467
1166 468
1167 468
1168 469
1169 469
1170 469
1171 470
1172 470
1173 470
1174 471
1175 471
1176 472
1177 472
1178 473
1179 473
1180 473
1181 474
1182 474
1183 475
1184 475
1185 475
1186 476
1187 476
1188 477
1189 477
1190 478
1191 478
1192 479
1193 479
1194 479
1195 480
1196 480
1197 480
1198 481
1199 481
1200 482
1201 482
1202 482
1203 483
1204 483
1205 483
1206 484
1207 484
1208 485
1209 485
1210 485
1211 486
1212 486
1213 487
1214 487
1215 488
1216 488
1217 489
1218 489
1219 490
1220 490
1221 490
1222 491
1223 491
1224 491
1225 492
1226 492
1227 493
1228 493
1229 494
1230 494
1231 494
1232 495
1233 495
1234 495
1235 496
1236 496
1237 496
1238 497
1239 497
1240 497
1241 498
1242 498
1243 498
1244 499
1245 499
1246 500
1247 500
1248 500
1249 501
1250 501
1251 502
1252 502
1253 503
1254 503
1255 504
1256 504
1257 505
1258 505
1259 506
1260 506
1261 507
1262 507
1263 507
1264 508
1265 508
1266 509
1267 509
1268 509
1269 510
1270 510
1271 511
1272 511
1273 511
1274 512
1275 512
1276 512
1277 513
1278 513
1279 514
1280 514
1281 514
1282 515
1283 515
1284 516
1285 516
1286 517
1287 517
1288 517
1289 518
1290 518
1291 518
1292 519
1293 519
1294 519
1295 520
1296 520
1297 520
1298 521
1299 521
1300 522
1301 522
1302 523
1303 523
1304 523
1305 524
1306 524
1307 524
1308 525
1309 525
1310 525
1311 526
1312 526
1313 527
1314 527
1315 527
1316 528
1317 528
1318 529
1319 529
1320 529
1321 530
1322 530
1323 531
1324 531
1325 531
1326 532
1327 532
1328 533
1329 533
1330 534
1331 534
1332 534
1333 535
1334 535
1335 536
1336 536
1337 536
1338 537
1339 537
1340 538
1341 538
1342 539
1343 539
1344 540
1345 540
1346 541
1347 541
1348 542
1349 542
1350 542
1351 543
1352 543
1353 544
1354 544
1355 544
1356 545
1357 545
1358 545
1359 546
1360 546
1361 547
1362 547
1363 547
1364 548
1365 548
1366 549
1367 549
1368 550
1369 550
1370 551
1371 551
1372 552
1373 552
1374 552
1375 553
1376 553
1377 554
1378 554
1379 554
1380 555
1381 555
1382 556
1383 556
1384 556
1385 557
1386 557
1387 557
1388 558
1389 558
1390 559
1391 559
1392 559
1393 560
1394 560
1395 561
1396 561
1397 562
1398 562
1399 563
1400 563
1401 564
1402 564
1403 565
1404 565
1405 566
1406 566
1407 567
1408 567
1409 567
1410 568
1411 568
1412 568
1413 569
1414 569
1415 570
1416 570
1417 570
1418 571
1419 571
1420 572
1421 572
1422 573
1423 573
1424 574
1425 574
1426 575
1427 575
1428 575
1429 576
1430 576
1431 577
1432 577
1433 577
1434 578
1435 578
1436 578
1437 579
1438 579
1439 579
1440 580
1441 580
1442 581
1443 581
1444 582
1445 582
1446 582
1447 583
1448 583
1449 583
1450 584
1451 584
1452 585
1453 585
1454 586
1455 586
1456 586
1457 587
1458 587
1459 588
1460 588
1461 588
1462 589
1463 589
1464 589
1465 590
1466 590
1467 591
1468 591
1469 592
1470 592
1471 593
1472 593
1473 594
1474 594
1475 595
1476 595
1477 595
1478 596
1479 596
1480 597
1481 597
1482 598
1483 598
1484 598
1485 599
1486 599
1487 599
1488 600
1489 600
1490 601
1491 601
1492 601
1493 602
1494 602
1495 602
1496 603
1497 603
1498 604
1499 604
1500 604
1501 605
1502 605
1503 606
1504 606
1505 607
1506 607
1507 607
1508 608
1509 608
1510 609
1511 609
1512 609
1513 610
1514 610
1515 611
1516 611
1517 611
1518 612
1519 612
1520 613
1521 613
1522 614
1523 614
1524 615
1525 615
1526 615
1527 616
1528 616
1529 616
1530 617
1531 617
1532 618
1533 618
1534 619
1535 619
1536 619
1537 620
1538 620
1539 620
1540 621
1541 621
1542 622
1543 622
1544 623
1545 623
1546 624
1547 624
1548 624
1549 625
1550 625
1551 625
1552 626
1553 626
1554 626
1555 627
1556 627
1557 628
1558 628
1559 629
1560 629
1561 630
1562 630
1563 630
1564 631
1565 631
1566 631
1567 632
1568 632
1569 632
1570 633
1571 633
1572 633
1573 634
1574 634
1575 634
1576 635
1577 635
1578 635
1579 636
1580 636
1581 636
1582 637
1583 637
1584 638
1585 638
1586 639
1587 639
1588 639
1589 640
1590 640
1591 640
1592 641
1593 641
1594 641
1595 642
1596 642
1597 642
1598 643
1599 643
1600 644
1601 644
1602 645
1603 645
1604 645
1605 646
1606 646
1607 647
1608 647
1609 648
1610 648
1611 649
1612 649
1613 650
1614 650
1615 651
1616 651
1617 652
1618 652
1619 652
1620 653
1621 653
1622 653
1623 654
1624 654
1625 655
1626 655
1627 655
1628 656
1629 656
1630 656
1631 657
1632 657
1633 658
1634 658
1635 658
1636 659
1637 659
1638 659
1639 660
1640 660
1641 661
1642 661
1643 662
1644 662
1645 662
1646 663
1647 663
1648 664
1649 664
1650 664
1651 665
1652 665
1653 666
1654 666
1655 666
1656 667
1657 667
1658 668
1659 668
1660 669
1661 669
1662 670
1663 670
1664 670
1665 671
1666 671
1667 672
1668 672
1669 673
1670 673
1671 673
1672 674
1673 674
1674 674
1675 675
1676 675
1677 676
1678 676
1679 676
1680 677
1681 677
1682 678
1683 678
1684 678
1685 679
1686 679
1687 679
1688 680
1689 680
1690 680
1691 681
1692 681
1693 682
1694 682
1695 683
1696 683
1697 684
1698 684
1699 685
1700 685
1701 686
1702 686
1703 686
1704 687
1705 687
1706 687
1707 688
1708 688
1709 689
1710 689
1711 690
1712 690
1713 691
1714 691
1715 691
1716 692
1717 692
1718 693
1719 693
1720 693
1721 694
1722 694
1723 695
1724 695
1725 696
1726 696
1727 696
1728 697
1729 697
1730 697
1731 698
1732 698
1733 699
1734 699
1735 700
1736 700
1737 700
1738 701
1739 701
1740 701
1741 702
1742 702
1743 703
1744 703
1745 703
1746 704
1747 704
1748 705
1749 705
1750 706
1751 706
1752 706
1753 707
1754 707
1755 708
1756 708
1757 708
1758 709
1759 709
1760 710
1761 710
1762 710
1763 711
1764 711
1765 711
1766 712
1767 712
1768 713
1769 713
1770 714
1771 714
1772 714
1773 715
1774 715
1775 716
1776 716
1777 717
1778 717
1779 717
1780 718
1781 718
1782 718
1783 719
1784 719
1785 719
1786 720
1787 720
1788 721
1789 721
1790 721
1791 722
1792 722
1793 722
1794 723
1795 723
1796 724
1797 724
1798 724
1799 725
1800 725
1801 726
1802 726
1803 726
1804 727
1805 727
1806 727
1807 728
1808 728
1809 729
1810 729
1811 730
1812 730
1813 730
1814 731
1815 731
1816 732
1817 732
1818 733
1819 733
1820 733
1821 734
1822 734
1823 734
1824 735
1825 735
1826 735
1827 736
1828 736
1829 737
1830 737
1831 738
1832 738
1833 738
1834 739
1835 739
1836 740
1837 740
1838 740
1839 741
1840 741
1841 741
1842 742
1843 742
1844 742
1845 743
1846 743
1847 743
1848 744
1849 744
1850 745
1851 745
1852 746
1853 746
1854 747
1855 747
1856 747
1857 748
1858 748
1859 748
1860 749
1861 749
1862 749
1863 750
1864 750
1865 751
1866 751
1867 752
1868 752
1869 753
1870 753
1871 753
1872 754
1873 754
1874 755
1875 755
1876 756
1877 756
1878 757
1879 757
1880 758
1881 758
1882 759
1883 759
1884 760
1885 760
1886 760
1887 761
1888 761
1889 761
1890 762
1891 762
1892 762
1893 763
1894 763
1895 764
1896 764
1897 764
1898 765
1899 765
1900 766
1901 766
1902 767
1903 767
1904 767
1905 768
1906 768
1907 768
1908 769
1909 769
1910 769
1911 770
1912 770
1913 770
1914 771
1915 771
1916 771
1917 772
1918 772
1919 773
1920 773
1921 774
1922 774
1923 774
1924 775
1925 775
1926 775
1927 776
1928 776
1929 776
1930 777
1931 777
1932 777
1933 778
1934 778
1935 779
1936 779
1937 780
1938 780
1939 781
1940 781
1941 782
1942 782
1943 782
1944 783
1945 783
1946 783
1947 784
1948 784
1949 785
1950 785
1951 786
1952 786
1953 786
1954 787
1955 787
1956 787
1957 788
1958 788
1959 788
1960 789
1961 789
1962 789
1963 790
1964 790
1965 791
1966 791
1967 791
1968 792
1969 792
1970 793
1971 793
1972 794
1973 794
1974 794
1975 795
1976 795
1977 796
1978 796
1979 797
1980 797
1981 797
1982 798
1983 798
1984 799
1985 799
1986 799
1987 800
1988 800
1989 800
1990 801
1991 801
1992 801
1993 802
1994 802
1995 802
1996 803
1997 803
1998 803
1999 804
2000 804
2001 805
2002 805
2003 805
2004 806
2005 806
2006 807
2007 807
2008 808
2009 808
2010 808
2011 809
2012 809
2013 809
2014 810
2015 810
2016 811
2017 811
2018 812
2019 812
2020 812
2021 813
2022 813
2023 814
2024 814
2025 814
2026 815
2027 815
2028 815
2029 816
2030 816
2031 817
2032 817
2033 818
2034 818
2035 819
2036 819
2037 819
2038 820
2039 820
2040 821
2041 821
2042 822
2043 822
2044 822
2045 823
2046 823
2047 823
2048 824
2049 824
2050 825
2051 825
2052 825
2053 826
2054 826
2055 827
2056 827
2057 828
2058 828
2059 828
2060 829
2061 829
2062 829
2063 830
2064 830
2065 830
2066 831
2067 831
2068 831
2069 832
2070 832
2071 833
2072 833
2073 834
2074 834
2075 834
2076 835
2077 835
2078 835
2079 836
2080 836
2081 836
2082 837
2083 837
2084 837
2085 838
2086 838
2087 839
2088 839
2089 839
2090 840
2091 840
2092 841
2093 841
2094 842
2095 842
2096 843
2097 843
2098 844
2099 844
2100 844
2101 845
2102 845
2103 845
2104 846
2105 846
2106 847
2107 847
2108 847
2109 848
2110 848
2111 849
2112 849
2113 850
2114 850
2115 851
2116 851
2117 852
2118 852
2119 853
2120 853
2121 854
2122 854
2123 854
2124 855
2125 855
2126 855
2127 856
2128 856
2129 856
2130 857
2131 857
2132 858
2133 858
2134 859
2135 859
2136 860
2137 860
2138 861
2139 861
2140 862
2141 862
2142 863
2143 863
2144 864
2145 864
2146 864
2147 865
2148 865
2149 866
2150 866
2151 867
2152 867
2153 868
2154 868
2155 868
2156 869
2157 869
2158 870
2159 870
2160 871
2161 871
2162 872
2163 872
2164 872
2165 873
2166 873
2167 873
2168 874
2169 874
2170 875
2171 875
2172 876
2173 876
2174 876
2175 877
2176 877
2177 878
2178 878
2179 879
2180 879
2181 880
2182 880
2183 880
2184 881
2185 881
2186 882
2187 882
2188 883
2189 883
2190 883
2191 884
2192 884
2193 884
2194 885
2195 885
2196 886
2197 886
2198 887
2199 887
2200 888
2201 888
2202 888
2203 889
2204 889
2205 889
2206 890
2207 890
2208 891
2209 891
2210 892
2211 892
2212 893
2213 893
2214 894
2215 894
2216 894
2217 895
2218 895
2219 896
2220 896
2221 896
2222 897
2223 897
2224 898
2225 898
2226 898
2227 899
2228 899
2229 900
2230 900
2231 900
2232 901
2233 901
2234 901
2235 902
2236 902
2237 902
2238 903
2239 903
2240 904
2241 904
2242 905
2243 905
2244 906
2245 906
2246 906
2247 907
2248 907
2249 908
2250 908
2251 908
2252 909
2253 909
2254 910
2255 910
2256 910
2257 911
2258 911
2259 912
2260 912
2261 912
2262 913
2263 913
2264 913
2265 914
2266 914
2267 914
2268 915
2269 915
2270 915
2271 916
2272 916
2273 917
2274 917
2275 917
2276 918
2277 918
2278 919
2279 919
2280 919
2281 920
2282 920
2283 920
2284 921
2285 921
2286 922
2287 922
2288 923
2289 923
2290 924
2291 924
2292 925
2293 925
2294 926
2295 926
2296 926
2297 927
2298 927
2299 927
2300 928
2301 928
2302 928
2303 929
2304 929
2305 930
2306 930
2307 930
2308 931
2309 931
2310 932
2311 932
2312 932
2313 933
2314 933
2315 934
2316 934
2317 934
2318 935
2319 935
2320 936
2321 936
2322 936
2323 937
2324 937
2325 937
2326 938
2327 938
2328 938
2329 939
2330 939
2331 940
2332 940
2333 940
2334 941
2335 941
2336 941
2337 942
2338 942
2339 943
2340 943
2341 944
2342 944
2343 945
2344 945
2345 945
2346 946
2347 946
2348 946
2349 947
2350 947
2351 948
2352 948
2353 949
2354 949
2355 949
2356 950
2357 950
2358 951
2359 951
2360 951
2361 952
2362 952
2363 952
2364 953
2365 953
2366 954
2367 954
2368 955
2369 955
2370 956
2371 956
2372 956
2373 957
2374 957
2375 957
2376 958
2377 958
2378 958
2379 959
2380 959
2381 960
2382 960
2383 960
2384 961
2385 961
2386 962
2387 962
2388 963
2389 963
2390 963
2391 964
2392 964
2393 964
2394 965
2395 965
2396 966
2397 966
2398 967
2399 967
2400 967
2401 968
2402 968
2403 968
2404 969
2405 969
2406 970
2407 970
2408 970
2409 971
2410 971
2411 972
2412 972
2413 972
2414 973
2415 973
2416 974
2417 974
2418 974
2419 975
2420 975
2421 976
2422 976
2423 976
2424 977
2425 977
2426 978
2427 978
2428 979
2429 979
2430 980
2431 980
2432 981
2433 981
2434 982
2435 982
2436 982
2437 983
2438 983
2439 984
2440 984
2441 985
2442 985
2443 986
2444 986
2445 986
2446 987
2447 987
2448 987
2449 988
2450 988
2451 988
2452 989
2453 989
2454 989
2455 990
2456 990
2457 991
2458 991
2459 991
2460 992
2461 992
2462 992
2463 993
2464 993
2465 993
2466 994
2467 994
2468 994
2469 995
2470 995
2471 995
2472 996
2473 996
2474 996
2475 997
2476 997
2477 998
2478 998
2479 998
2480 999
2481 999
2482 999
2483 1000
2484 1000
2485 1000
2486 1001
2487 1001
2488 1002
2489 1002
2490 1003
2491 1003
2492 1003
2493 1004
2494 1004
2495 1004
2496 1005
2497 1005
2498 1005
2499 1006
2500 1006
2501 1006
2502 1007
2503 1007
2504 1007
2505 1008
2506 1008
2507 1009
2508 1009
2509 1010
2510 1010
2511 1011
2512 1011
2513 1011
2514 1012
2515 1012
2516 1012
2517 1013
2518 1013
2519 1013
2520 1014
2521 1014
2522 1015
2523 1015
2524 1015
2525 1016
2526 1016
2527 1016
2528 1017
2529 1017
2530 1018
2531 1018
2532 1018
2533 1019
2534 1019
2535 1019
2536 1020
2537 1020
2538 1020
2539 1021
2540 1021
2541 1021
2542 1022
2543 1022
2544 1023
2545 1023
2546 1024
2547 1024
2548 1024
2549 1025
2550 1025
2551 1026
2552 1026
2553 1027
2554 1027
2555 1028
2556 1028
2557 1028
2558 1029
2559 1029
2560 1029
2561 1030
2562 1030
2563 1030
2564 1031
2565 1031
2566 1032
2567 1032
2568 1033
2569 1033
2570 1033
2571 1034
2572 1034
2573 1035
2574 1035
2575 1036
2576 1036
2577 1037
2578 1037
2579 1037
2580 1038
2581 1038
2582 1039
2583 1039
2584 1040
2585 1040
2586 1041
2587 1041
2588 1041
2589 1042
2590 1042
2591 1043
2592 1043
2593 1044
2594 1044
2595 1044
2596 1045
2597 1045
2598 1045
2599 1046
2600 1046
2601 1046
2602 1047
2603 1047
2604 1048
2605 1048
2606 1048
2607 1049
2608 1049
2609 1049
2610 1050
2611 1050
2612 1050
2613 1051
2614 1051
2615 1051
2616 1052
2617 1052
2618 1052
2619 1053
2620 1053
2621 1054
2622 1054
2623 1055
2624 1055
2625 1056
2626 1056
2627 1057
2628 1057
2629 1057
2630 1058
2631 1058
2632 1059
2633 1059
2634 1059
2635 1060
2636 1060
2637 1060
2638 1061
2639 1061
2640 1061
2641 1062
2642 1062
2643 1063
2644 1063
2645 1063
2646 1064
2647 1064
2648 1064
2649 1065
2650 1065
2651 1065
2652 1066
2653 1066
2654 1067
2655 1067
2656 1068
2657 1068
2658 1068
2659 1069
2660 1069
2661 1069
2662 1070
2663 1070
2664 1071
2665 1071
2666 1072
2667 1072
2668 1073
2669 1073
2670 1074
2671 1074
2672 1075
2673 1075
2674 1076
2675 1076
2676 1076
2677 1077
2678 1077
2679 1078
2680 1078
2681 1079
2682 1079
2683 1079
2684 1080
2685 1080
2686 1081
2687 1081
2688 1082
2689 1082
2690 1083
2691 1083
2692 1083
2693 1084
2694 1084
2695 1084
2696 1085
2697 1085
2698 1086
2699 1086
2700 1086
2701 1087
2702 1087
2703 1087
2704 1088
2705 1088
2706 1089
2707 1089
2708 1090
2709 1090
2710 1091
2711 1091
2712 1091
2713 1092
2714 1092
2715 1093
2716 1093
2717 1094
2718 1094
2719 1094
2720 1095
2721 1095
2722 1095
2723 1096
2724 1096
2725 1097
2726 1097
2727 1098
2728 1098
2729 1098
2730 1099
2731 1099
2732 1100
2733 1100
2734 1100
2735 1101
2736 1101
2737 1101
2738 1102
2739 1102
2740 1102
2741 1103
2742 1103
2743 1104
2744 1104
2745 1105
2746 1105
2747 1106
2748 1106
2749 1107
2750 1107
2751 1108
2752 1108
2753 1109
2754 1109
2755 1110
2756 1110
2757 1110
2758 1111
2759 1111
2760 1111
2761 1112
2762 1112
2763 1113
2764 1113
2765 1114
2766 1114
2767 1115
2768 1115
2769 1115
2770 1116
2771 1116
2772 1116
2773 1117
2774 1117
2775 1118
2776 1118
2777 1119
2778 1119
2779 1119
2780 1120
2781 1120
2782 1120
2783 1121
2784 1121
2785 1122
2786 1122
2787 1123
2788 1123
2789 1123
2790 1124
2791 1124
2792 1124
2793 1125
2794 1125
2795 1126
2796 1126
2797 1127
2798 1127
2799 1128
2800 1128
2801 1129
2802 1129
2803 1129
2804 1130
2805 1130
2806 1130
2807 1131
2808 1131
2809 1132
2810 1132
2811 1133
2812 1133
2813 1133
2814 1134
2815 1134
2816 1134
2817 1135
2818 1135
2819 1136
2820 1136
2821 1136
2822 1137
2823 1137
2824 1138
2825 1138
2826 1139
2827 1139
2828 1140
2829 1140
2830 1141
2831 1141
2832 1141
2833 1142
2834 1142
2835 1143
2836 1143
2837 1143
2838 1144
2839 1144
2840 1145
2841 1145
2842 1145
2843 1146
2844 1146
2845 1147
2846 1147
2847 1148
2848 1148
2849 1148
2850 1149
2851 1149
2852 1150
2853 1150
2854 1150
2855 1151
2856 1151
2857 1151
2858 1152
2859 1152
2860 1152
2861 1153
2862 1153
2863 1154
2864 1154
2865 1154
2866 1155
2867 1155
2868 1155
2869 1156
2870 1156
2871 1156
2872 1157
2873 1157
2874 1157
2875 1158
2876 1158
2877 1159
2878 1159
2879 1159
2880 1160
2881 1160
2882 1160
2883 1161
2884 1161
2885 1161
2886 1162
2887 1162
2888 1162
2889 1163
2890 1163
2891 1164
2892 1164
2893 1165
2894 1165
2895 1166
2896 1166
2897 1167
2898 1167
2899 1167
2900 1168
2901 1168
2902 1169
2903 1169
2904 1170
2905 1170
2906 1171
2907 1171
2908 1172
2909 1172
2910 1173
2911 1173
2912 1174
2913 1174
2914 1175
2915 1175
2916 1175
2917 1176
2918 1176
2919 1176
2920 1177
2921 1177
2922 1177
2923 1178
2924 1178
2925 1178
2926 1179
2927 1179
2928 1180
2929 1180
2930 1181
2931 1181
2932 1182
2933 1182
2934 1183
2935 1183
2936 1184
2937 1184
2938 1185
2939 1185
2940 1186
2941 1186
2942 1186
2943 1187
2944 1187
2945 1188
2946 1188
2947 1189
2948 1189
2949 1190
2950 1190
2951 1190
2952 1191
2953 1191
2954 1191
2955 1192
2956 1192
2957 1193
2958 1193
2959 1193
2960 1194
2961 1194
2962 1194
2963 1195
2964 1195
2965 1195
2966 1196
2967 1196
2968 1197
2969 1197
2970 1197
2971 1198
2972 1198
2973 1199
2974 1199
2975 1200
2976 1200
2977 1200
2978 1201
2979 1201
2980 1201
2981 1202
2982 1202
2983 1202
2984 1203
2985 1203
2986 1203
2987 1204
2988 1204
2989 1205
2990 1205
2991 1205
2992 1206
2993 1206
2994 1207
2995 1207
2996 1208
2997 1208
2998 1209
2999 1209
3000 1209
3001 1210
3002 1210
3003 1210
3004 1211
3005 1211
3006 1211
3007 1212
3008 1212
3009 1212
3010 1213
3011 1213
3012 1214
3013 1214
3014 1214
3015 1215
3016 1215
3017 1216
3018 1216
3019 1217
3020 1217
3021 1217
3022 1218
3023 1218
3024 1218
3025 1219
3026 1219
3027 1219
3028 1220
3029 1220
3030 1220
3031 1221
3032 1221
3033 1222
3034 1222
3035 1223
3036 1223
3037 1223
3038 1224
3039 1224
3040 1224
3041 1225
3042 1225
3043 1225
3044 1226
3045 1226
3046 1227
3047 1227
3048 1227
3049 1228
3050 1228
3051 1228
3052 1229
3053 1229
3054 1230
3055 1230
3056 1230
3057 1231
3058 1231
3059 1232
3060 1232
3061 1232
3062 1233
3063 1233
3064 1234
3065 1234
3066 1235
3067 1235
3068 1235
3069 1236
3070 1236
3071 1237
3072 1237
3073 1238
3074 1238
3075 1239
3076 1239
3077 1239
3078 1240
3079 1240
3080 1240
3081 1241
3082 1241
3083 1241
3084 1242
3085 1242
3086 1243
3087 1243
3088 1244
3089 1244
3090 1245
3091 1245
3092 1246
3093 1246
3094 1246
3095 1247
3096 1247
3097 1247
3098 1248
3099 1248
3100 1249
3101 1249
3102 1250
3103 1250
3104 1250
3105 1251
3106 1251
3107 1251
3108 1252
3109 1252
3110 1252
3111 1253
3112 1253
3113 1254
3114 1254
3115 1255
3116 1255
3117 1255
3118 1256
3119 1256
3120 1257
3121 1257
3122 1258
3123 1258
3124 1259
3125 1259
3126 1260
3127 1260
3128 1261
3129 1261
3130 1261
3131 1262
3132 1262
3133 1262
3134 1263
3135 1263
3136 1264
3137 1264
3138 1264
3139 1265
3140 1265
3141 1265
3142 1266
3143 1266
3144 1267
3145 1267
3146 1268
3147 1268
3148 1269
3149 1269
3150 1269
3151 1270
3152 1270
3153 1270
3154 1271
3155 1271
3156 1272
3157 1272
3158 1272
3159 1273
3160 1273
3161 1273
3162 1274
3163 1274
3164 1274
3165 1275
3166 1275
3167 1276
3168 1276
3169 1276
3170 1277
3171 1277
3172 1277
3173 1278
3174 1278
3175 1279
3176 1279
3177 1279
3178 1280
3179 1280
3180 1281
3181 1281
3182 1281
3183 1282
3184 1282
3185 1282
3186 1283
3187 1283
3188 1284
3189 1284
3190 1285
3191 1285
3192 1285
3193 1286
3194 1286
3195 1286
3196 1287
3197 1287
3198 1287
3199 1288
3200 1288
3201 1288
3202 1289
3203 1289
3204 1290
3205 1290
3206 1290
3207 1291
3208 1291
3209 1291
3210 1292
3211 1292
3212 1293
3213 1293
3214 1293
3215 1294
3216 1294
3217 1295
3218 1295
3219 1295
3220 1296
3221 1296
3222 1297
3223 1297
3224 1297
3225 1298
3226 1298
3227 1299
3228 1299
3229 1299
3230 1300
3231 1300
3232 1300
3233 1301
3234 1301
3235 1301
3236 1302
3237 1302
3238 1302
3239 1303
3240 1303
3241 1303
3242 1304
3243 1304
3244 1304
3245 1305
3246 1305
3247 1305
3248 1306
3249 1306
3250 1307
3251 1307
3252 1308
3253 1308
3254 1308
3255 1309
3256 1309
3257 1310
3258 1310
3259 1310
3260 1311
3261 1311
3262 1312
3263 1312
3264 1312
3265 1313
3266 1313
3267 1313
3268 1314
3269 1314
3270 1315
3271 1315
3272 1316
3273 1316
3274 1317
3275 1317
3276 1317
3277 1318
3278 1318
3279 1318
3280 1319
3281 1319
3282 1319
3283 1320
3284 1320
3285 1321
3286 1321
3287 1321
3288 1322
3289 1322
3290 1323
3291 1323
3292 1324
3293 1324
3294 1325
3295 1325
3296 1325
3297 1326
3298 1326
3299 1327
3300 1327
3301 1327
3302 1328
3303 1328
3304 1328
3305 1329
3306 1329
3307 1330
3308 1330
3309 1331
3310 1331
3311 1331
3312 1332
3313 1332
3314 1333
3315 1333
3316 1334
3317 1334
3318 1334
3319 1335
3320 1335
3321 1336
3322 1336
3323 1337
3324 1337
3325 1338
3326 1338
3327 1339
3328 1339
3329 1339
3330 1340
3331 1340
3332 1340
3333 1341
3334 1341
3335 1342
3336 1342
3337 1342
3338 1343
3339 1343
3340 1344
3341 1344
3342 1345
3343 1345
3344 1346
3345 1346
3346 1347
3347 1347
3348 1347
3349 1348
3350 1348
3351 1348
3352 1349
3353 1349
3354 1350
3355 1350
3356 1350
3357 1351
3358 1351
3359 1351
3360 1352
3361 1352
3362 1353
3363 1353
3364 1354
3365 1354
3366 1354
3367 1355
3368 1355
3369 1356
3370 1356
3371 1357
3372 1357
3373 1357
3374 1358
3375 1358
3376 1359
3377 1359
3378 1359
3379 1360
3380 1360
3381 1361
3382 1361
3383 1361
3384 1362
3385 1362
3386 1362
3387 1363
3388 1363
3389 1364
3390 1364
3391 1364
3392 1365
3393 1365
3394 1365
3395 1366
3396 1366
3397 1367
3398 1367
3399 1368
3400 1368
3401 1369
3402 1369
3403 1369
3404 1370
3405 1370
3406 1370
3407 1371
3408 1371
3409 1372
3410 1372
3411 1372
3412 1373
3413 1373
3414 1374
3415 1374
3416 1374
3417 1375
3418 1375
3419 1375
3420 1376
3421 1376
3422 1376
3423 1377
3424 1377
3425 1378
3426 1378
3427 1379
3428 1379
3429 1379
3430 1380
3431 1380
3432 1380
3433 1381
3434 1381
3435 1381
3436 1382
3437 1382
3438 1382
3439 1383
3440 1383
3441 1383
3442 1384
3443 1384
3444 1385
3445 1385
3446 1386
3447 1386
3448 1387
3449 1387
3450 1388
3451 1388
3452 1388
3453 1389
3454 1389
3455 1390
3456 1390
3457 1391
3458 1391
3459 1392
3460 1392
3461 1393
3462 1393
3463 1393
3464 1394
3465 1394
3466 1395
3467 1395
3468 1395
3469 1396
3470 1396
3471 1397
3472 1397
3473 1397
3474 1398
3475 1398
3476 1398
3477 1399
3478 1399
3479 1400
3480 1400
3481 1401
3482 1401
3483 1402
3484 1402
3485 1402
3486 1403
3487 1403
3488 1404
3489 1404
3490 1405
3491 1405
3492 1406
3493 1406
3494 1406
3495 1407
3496 1407
3497 1407
3498 1408
3499 1408
3500 1408
3501 1409
3502 1409
3503 1409
3504 1410
3505 1410
3506 1411
3507 1411
3508 1412
3509 1412
3510 1412
3511 1413
3512 1413
3513 1414
3514 1414
3515 1415
3516 1415
3517 1415
3518 1416
3519 1416
3520 1417
3521 1417
3522 1418
3523 1418
3524 1418
3525 1419
3526 1419
3527 1420
3528 1420
3529 1421
3530 1421
3531 1421
3532 1422
3533 1422
3534 1423
3535 1423
3536 1424
3537 1424
3538 1425
3539 1425
3540 1425
3541 1426
3542 1426
3543 1426
3544 1427
3545 1427
3546 1428
3547 1428
3548 1429
3549 1429
3550 1430
3551 1430
3552 1430
3553 1431
3554 1431
3555 1432
3556 1432
3557 1432
3558 1433
3559 1433
3560 1434
3561 1434
3562 1434
3563 1435
3564 1435
3565 1435
3566 1436
3567 1436
3568 1436
3569 1437
3570 1437
3571 1438
3572 1438
3573 1439
3574 1439
3575 1439
3576 1440
3577 1440
3578 1441
3579 1441
3580 1442
3581 1442
3582 1442
3583 1443
3584 1443
3585 1443
3586 1444
3587 1444
3588 1445
3589 1445
3590 1446
3591 1446
3592 1447
3593 1447
3594 1448
3595 1448
3596 1448
3597 1449
3598 1449
3599 1449
3600 1450
3601 1450
3602 1451
3603 1451
3604 1452
3605 1452
3606 1452
3607 1453
3608 1453
3609 1453
3610 1454
3611 1454
3612 1454
3613 1455
3614 1455
3615 1456
3616 1456
3617 1456
3618 1457
3619 1457
3620 1458
3621 1458
3622 1459
3623 1459
3624 1459
3625 1460
3626 1460
3627 1461
3628 1461
3629 1462
3630 1462
3631 1463
3632 1463
3633 1464
3634 1464
3635 1465
3636 1465
3637 1466
3638 1466
3639 1466
3640 1467
3641 1467
3642 1468
3643 1468
3644 1469
3645 1469
3646 1469
3647 1470
3648 1470
3649 1471
3650 1471
3651 1472
3652 1472
3653 1472
3654 1473
3655 1473
3656 1473
3657 1474
3658 1474
3659 1475
3660 1475
3661 1475
3662 1476
3663 1476
3664 1477
3665 1477
3666 1478
3667 1478
3668 1479
3669 1479
3670 1480
3671 1480
3672 1481
3673 1481
3674 1482
3675 1482
3676 1482
3677 1483
3678 1483
3679 1483
3680 1484
3681 1484
3682 1485
3683 1485
3684 1486
3685 1486
3686 1486
3687 1487
3688 1487
3689 1488
3690 1488
3691 1488
3692 1489
3693 1489
3694 1489
3695 1490
3696 1490
3697 1491
3698 1491
3699 1492
3700 1492
3701 1492
3702 1493
3703 1493
3704 1493
3705 1494
3706 1494
3707 1494
3708 1495
3709 1495
3710 1496
3711 1496
3712 1497
3713 1497
3714 1498
3715 1498
3716 1499
3717 1499
3718 1500
3719 1500
3720 1500
3721 1501
3722 1501
3723 1501
3724 1502
3725 1502
3726 1503
3727 1503
3728 1504
3729 1504
3730 1505
3731 1505
3732 1505
3733 1506
3734 1506
3735 1506
3736 1507
3737 1507
3738 1507
3739 1508
3740 1508
3741 1509
3742 1509
3743 1509
3744 1510
3745 1510
3746 1511
3747 1511
3748 1512
3749 1512
3750 1512
3751 1513
3752 1513
3753 1513
3754 1514
3755 1514
3756 1515
3757 1515
3758 1515
3759 1516
3760 1516
3761 1516
3762 1517
3763 1517
3764 1517
3765 1518
3766 1518
3767 1518
3768 1519
3769 1519
3770 1520
3771 1520
3772 1520
3773 1521
3774 1521
3775 1522
3776 1522
3777 1523
3778 1523
3779 1523
3780 1524
3781 1524
3782 1525
3783 1525
3784 1525
3785 1526
3786 1526
3787 1527
3788 1527
3789 1528
3790 1528
3791 1528
3792 1529
3793 1529
3794 1529
3795 1530
3796 1530
3797 1531
3798 1531
3799 1532
3800 1532
3801 1532
3802 1533
3803 1533
3804 1534
3805 1534
3806 1535
3807 1535
3808 1535
3809 1536
3810 1536
3811 1537
3812 1537
3813 1537
3814 1538
3815 1538
3816 1538
3817 1539
3818 1539
3819 1540
3820 1540
3821 1540
3822 1541
3823 1541
3824 1541
3825 1542
3826 1542
3827 1543
3828 1543
3829 1543
3830 1544
3831 1544
3832 1545
3833 1545
3834 1546
3835 1546
3836 1547
3837 1547
3838 1548
3839 1548
3840 1548
3841 1549
3842 1549
3843 1549
3844 1550
3845 1550
3846 1551
3847 1551
3848 1551
3849 1552
3850 1552
3851 1552
3852 1553
3853 1553
3854 1554
3855 1554
3856 1555
3857 1555
3858 1556
3859 1556
3860 1556
3861 1557
3862 1557
3863 1558
3864 1558
3865 1559
3866 1559
3867 1559
3868 1560
3869 1560
3870 1560
3871 1561
3872 1561
3873 1561
3874 1562
3875 1562
3876 1563
3877 1563
3878 1564
3879 1564
3880 1565
3881 1565
3882 1565
3883 1566
3884 1566
3885 1566
3886 1567
3887 1567
3888 1568
3889 1568
3890 1569
3891 1569
3892 1570
3893 1570
3894 1570
3895 1571
3896 1571
3897 1572
3898 1572
3899 1572
3900 1573
3901 1573
3902 1573
3903 1574
3904 1574
3905 1574
3906 1575
3907 1575
3908 1575
3909 1576
3910 1576
3911 1576
3912 1577
3913 1577
3914 1577
3915 1578
3916 1578
3917 1578
3918 1579
3919 1579
3920 1579
3921 1580
3922 1580
3923 1581
3924 1581
3925 1582
3926 1582
3927 1582
3928 1583
3929 1583
3930 1583
3931 1584
3932 1584
3933 1584
3934 1585
3935 1585
3936 1585
3937 1586
3938 1586
3939 1586
3940 1587
3941 1587
3942 1588
3943 1588
3944 1588
3945 1589
3946 1589
3947 1590
3948 1590
3949 1590
3950 1591
3951 1591
3952 1592
3953 1592
3954 1593
3955 1593
3956 1594
3957 1594
3958 1594
3959 1595
3960 1595
3961 1595
3962 1596
3963 1596
3964 1597
3965 1597
3966 1598
3967 1598
3968 1598
3969 1599
3970 1599
3971 1600
3972 1600
3973 1600
3974 1601
3975 1601
3976 1601
3977 1602
3978 1602
3979 1602
3980 1603
3981 1603
3982 1603
3983 1604
3984 1604
3985 1604
3986 1605
3987 1605
3988 1606
3989 1606
3990 1607
3991 1607
3992 1607
3993 1608
3994 1608
3995 1608
3996 1609
3997 1609
3998 1610
3999 1610
4000 1610
4001 1611
4002 1611
4003 1612
4004 1612
4005 1613
4006 1613
4007 1614
4008 1614
4009 1614
4010 1615
4011 1615
4012 1616
4013 1616
4014 1616
4015 1617
4016 1617
4017 1618
4018 1618
4019 1618
4020 1619
4021 1619
4022 1620
4023 1620
4024 1620
4025 1621
4026 1621
4027 1622
4028 1622
4029 1623
4030 1623
4031 1623
4032 1624
4033 1624
4034 1625
4035 1625
4036 1625
4037 1626
4038 1626
4039 1626
4040 1627
4041 1627
4042 1627
4043 1628
4044 1628
4045 1629
4046 1629
4047 1629
4048 1630
4049 1630
4050 1630
4051 1631
4052 1631
4053 1632
4054 1632
4055 1632
4056 1633
4057 1633
4058 1634
4059 1634
4060 1634
4061 1635
4062 1635
4063 1636
4064 1636
4065 1636
4066 1637
4067 1637
4068 1638
4069 1638
4070 1638
4071 1639
4072 1639
4073 1639
4074 1640
4075 1640
4076 1641
4077 1641
4078 1642
4079 1642
4080 1643
4081 1643
4082 1643
4083 1644
4084 1644
4085 1644
4086 1645
4087 1645
4088 1645
4089 1646
4090 1646
4091 1647
4092 1647
4093 1648
4094 1648
4095 1648
4096 1649
4097 1649
4098 1649
4099 1650
4100 1650
4101 1651
4102 1651
4103 1651
4104 1652
4105 1652
4106 1652
4107 1653
4108 1653
4109 1653
4110 1654
4111 1654
4112 1654
4113 1655
4114 1655
4115 1655
4116 1656
4117 1656
4118 1657
4119 1657
4120 1657
4121 1658
4122 1658
4123 1659
4124 1659
4125 1659
4126 1660
4127 1660
4128 1661
4129 1661
4130 1662
4131 1662
4132 1663
4133 1663
4134 1663
4135 1664
4136 1664
4137 1664
4138 1665
4139 1665
4140 1666
4141 1666
4142 1667
4143 1667
4144 1667
4145 1668
4146 1668
4147 1668
4148 1669
4149 1669
4150 1670
4151 1670
4152 1671
4153 1671
4154 1671
4155 1672
4156 1672
4157 1672
4158 1673
4159 1673
4160 1674
4161 1674
4162 1674
4163 1675
4164 1675
4165 1676
4166 1676
4167 1676
4168 1677
4169 1677
4170 1678
4171 1678
4172 1678
4173 1679
4174 1679
4175 1680
4176 1680
4177 1681
4178 1681
4179 1681
4180 1682
4181 1682
4182 1682
4183 1683
4184 1683
4185 1684
4186 1684
4187 1684
4188 1685
4189 1685
4190 1686
4191 1686
4192 1687
4193 1687
4194 1687
4195 1688
4196 1688
4197 1689
4198 1689
4199 1689
4200 1690
4201 1690
4202 1690
4203 1691
4204 1691
4205 1691
4206 1692
4207 1692
4208 1693
4209 1693
4210 1693
4211 1694
4212 1694
4213 1694
4214 1695
4215 1695
4216 1695
4217 1696
4218 1696
4219 1697
4220 1697
4221 1698
4222 1698
4223 1699
4224 1699
4225 1700
4226 1700
4227 1701
4228 1701
4229 1702
4230 1702
4231 1702
4232 1703
4233 1703
4234 1703
4235 1704
4236 1704
4237 1704
4238 1705
4239 1705
4240 1706
4241 1706
4242 1706
4243 1707
4244 1707
4245 1708
4246 1708
4247 1709
4248 1709
4249 1710
4250 1710
4251 1710
4252 1711
4253 1711
4254 1711
4255 1712
4256 1712
4257 1712
4258 1713
4259 1713
4260 1713
4261 1714
4262 1714
4263 1715
4264 1715
4265 1716
4266 1716
4267 1717
4268 1717
4269 1718
4270 1718
4271 1718
4272 1719
4273 1719
4274 1719
4275 1720
4276 1720
4277 1721
4278 1721
4279 1721
4280 1722
4281 1722
4282 1722
4283 1723
4284 1723
4285 1723
4286 1724
4287 1724
4288 1724
4289 1725
4290 1725
4291 1726
4292 1726
4293 1726
4294 1727
4295 1727
4296 1728
4297 1728
4298 1728
4299 1729
4300 1729
4301 1730
4302 1730
4303 1730
4304 1731
4305 1731
4306 1731
4307 1732
4308 1732
4309 1733
4310 1733
4311 1733
4312 1734
4313 1734
4314 1734
4315 1735
4316 1735
4317 1736
4318 1736
4319 1737
4320 1737
4321 1737
4322 1738
4323 1738
4324 1738
4325 1739
4326 1739
4327 1740
4328 1740
4329 1740
4330 1741
4331 1741
4332 1742
4333 1742
4334 1743
4335 1743
4336 1743
4337 1744
4338 1744
4339 1744
4340 1745
4341 1745
4342 1746
4343 1746
4344 1746
4345 1747
4346 1747
4347 1747
4348 1748
4349 1748
4350 1748
4351 1749
4352 1749
4353 1750
4354 1750
4355 1750
4356 1751
4357 1751
4358 1752
4359 1752
4360 1752
4361 1753
4362 1753
4363 1753
4364 1754
4365 1754
4366 1755
4367 1755
4368 1755
4369 1756
4370 1756
4371 1756
4372 1757
4373 1757
4374 1757
4375 1758
4376 1758
4377 1758
4378 1759
4379 1759
4380 1760
4381 1760
4382 1760
4383 1761
4384 1761
4385 1762
4386 1762
4387 1763
4388 1763
4389 1764
4390 1764
4391 1765
4392 1765
4393 1765
4394 1766
4395 1766
4396 1767
4397 1767
4398 1767
4399 1768
4400 1768
4401 1769
4402 1769
4403 1770
4404 1770
4405 1770
4406 1771
4407 1771
4408 1771
4409 1772
4410 1772
4411 1772
4412 1773
4413 1773
4414 1774
4415 1774
4416 1774
4417 1775
4418 1775
4419 1775
4420 1776
4421 1776
4422 1776
4423 1777
4424 1777
4425 1777
4426 1778
4427 1778
4428 1778
4429 1779
4430 1779
4431 1779
4432 1780
4433 1780
4434 1780
4435 1781
4436 1781
4437 1782
4438 1782
4439 1783
4440 1783
4441 1784
4442 1784
4443 1784
4444 1785
4445 1785
4446 1785
4447 1786
4448 1786
4449 1786
4450 1787
4451 1787
4452 1787
4453 1788
4454 1788
4455 1789
4456 1789
4457 1790
4458 1790
4459 1791
4460 1791
4461 1792
4462 1792
4463 1792
4464 1793
4465 1793
4466 1794
4467 1794
4468 1794
4469 1795
4470 1795
4471 1795
4472 1796
4473 1796
4474 1797
4475 1797
4476 1798
4477 1798
4478 1798
4479 1799
4480 1799
4481 1799
4482 1800
4483 1800
4484 1801
4485 1801
4486 1801
4487 1802
4488 1802
4489 1803
4490 1803
4491 1804
4492 1804
4493 1804
4494 1805
4495 1805
4496 1806
4497 1806
4498 1806
4499 1807
4500 1807
4501 1808
4502 1808
4503 1809
4504 1809
4505 1810
4506 1810
4507 1811
4508 1811
4509 1811
4510 1812
4511 1812
4512 1813
4513 1813
4514 1814
4515 1814
4516 1815
4517 1815
4518 1816
4519 1816
4520 1816
4521 1817
4522 1817
4523 1818
4524 1818
4525 1818
4526 1819
4527 1819
4528 1820
4529 1820
4530 1821
4531 1821
4532 1821
4533 1822
4534 1822
4535 1823
4536 1823
4537 1823
4538 1824
4539 1824
4540 1824
4541 1825
4542 1825
4543 1825
4544 1826
4545 1826
4546 1827
4547 1827
4548 1827
4549 1828
4550 1828
4551 1828
4552 1829
4553 1829
4554 1829
4555 1830
4556 1830
4557 1830
4558 1831
4559 1831
4560 1832
4561 1832
4562 1833
4563 1833
4564 1834
4565 1834
4566 1835
4567 1835
4568 1836
4569 1836
4570 1836
4571 1837
4572 1837
4573 1838
4574 1838
4575 1838
4576 1839
4577 1839
4578 1840
4579 1840
4580 1841
4581 1841
4582 1842
4583 1842
4584 1843
4585 1843
4586 1843
4587 1844
4588 1844
4589 1844
4590 1845
4591 1845
4592 1846
4593 1846
4594 1847
4595 1847
4596 1847
4597 1848
4598 1848
4599 1848
4600 1849
4601 1849
4602 1849
4603 1850
4604 1850
4605 1851
4606 1851
4607 1851
4608 1852
4609 1852
4610 1852
4611 1853
4612 1853
4613 1853
4614 1854
4615 1854
4616 1854
4617 1855
4618 1855
4619 1856
4620 1856
4621 1856
4622 1857
4623 1857
4624 1857
4625 1858
4626 1858
4627 1859
4628 1859
4629 1860
4630 1860
4631 1861
4632 1861
4633 1861
4634 1862
4635 1862
4636 1862
4637 1863
4638 1863
4639 1863
4640 1864
4641 1864
4642 1864
4643 1865
4644 1865
4645 1866
4646 1866
4647 1867
4648 1867
4649 1867
4650 1868
4651 1868
4652 1869
4653 1869
4654 1870
4655 1870
4656 1870
4657 1871
4658 1871
4659 1871
4660 1872
4661 1872
4662 1872
4663 1873
4664 1873
4665 1874
4666 1874
4667 1874
4668 1875
4669 1875
4670 1876
4671 1876
4672 1876
4673 1877
4674 1877
4675 1877
4676 1878
4677 1878
4678 1878
4679 1879
4680 1879
4681 1880
4682 1880
4683 1881
4684 1881
4685 1882
4686 1882
4687 1883
4688 1883
4689 1884
4690 1884
4691 1885
4692 1885
4693 1885
4694 1886
4695 1886
4696 1887
4697 1887
4698 1887
4699 1888
4700 1888
4701 1889
4702 1889
4703 1889
4704 1890
4705 1890
4706 1890
4707 1891
4708 1891
4709 1892
4710 1892
4711 1893
4712 1893
4713 1894
4714 1894
4715 1895
4716 1895
4717 1895
4718 1896
4719 1896
4720 1896
4721 1897
4722 1897
4723 1897
4724 1898
4725 1898
4726 1899
4727 1899
4728 1900
4729 1900
4730 1900
4731 1901
4732 1901
4733 1901
4734 1902
4735 1902
4736 1903
4737 1903
4738 1903
4739 1904
4740 1904
4741 1905
4742 1905
4743 1906
4744 1906
4745 1906
4746 1907
4747 1907
4748 1908
4749 1908
4750 1909
4751 1909
4752 1909
4753 1910
4754 1910
4755 1911
4756 1911
4757 1912
4758 1912
4759 1913
4760 1913
4761 1913
4762 1914
4763 1914
4764 1914
4765 1915
4766 1915
4767 1916
4768 1916
4769 1917
4770 1917
4771 1917
4772 1918
4773 1918
4774 1919
4775 1919
4776 1920
4777 1920
4778 1921
4779 1921
4780 1922
4781 1922
4782 1923
4783 1923
4784 1924
4785 1924
4786 1925
4787 1925
4788 1925
4789 1926
4790 1926
4791 1926
4792 1927
4793 1927
4794 1927
4795 1928
4796 1928
4797 1929
4798 1929
4799 1930
4800 1930
4801 1930
4802 1931
4803 1931
4804 1931
4805 1932
4806 1932
4807 1932
4808 1933
4809 1933
4810 1934
4811 1934
4812 1935
4813 1935
4814 1935
4815 1936
4816 1936
4817 1937
4818 1937
4819 1937
4820 1938
4821 1938
4822 1938
4823 1939
4824 1939
4825 1939
4826 1940
4827 1940
4828 1941
4829 1941
4830 1941
4831 1942
4832 1942
4833 1942
4834 1943
4835 1943
4836 1944
4837 1944
4838 1944
4839 1945
4840 1945
4841 1945
4842 1946
4843 1946
4844 1946
4845 1947
4846 1947
4847 1947
4848 1948
4849 1948
4850 1949
4851 1949
4852 1949
4853 1950
4854 1950
4855 1951
4856 1951
4857 1952
4858 1952
4859 1952
4860 1953
4861 1953
4862 1954
4863 1954
4864 1955
4865 1955
4866 1956
4867 1956
4868 1956
4869 1957
4870 1957
4871 1957
4872 1958
4873 1958
4874 1958
4875 1959
4876 1959
4877 1960
4878 1960
4879 1960
4880 1961
4881 1961
4882 1962
4883 1962
4884 1963
4885 1963
4886 1963
4887 1964
4888 1964
4889 1964
4890 1965
4891 1965
4892 1966
4893 1966
4894 1967
4895 1967
4896 1968
4897 1968
4898 1968
4899 1969
4900 1969
4901 1969
4902 1970
4903 1970
4904 1971
4905 1971
4906 1972
4907 1972
4908 1973
4909 1973
4910 1973
4911 1974
4912 1974
4913 1974
4914 1975
4915 1975
4916 1976
4917 1976
4918 1976
4919 1977
4920 1977
4921 1978
4922 1978
4923 1979
4924 1979
4925 1979
4926 1980
4927 1980
4928 1980
4929 1981
4930 1981
4931 1981
4932 1982
4933 1982
4934 1983
4935 1983
4936 1984
4937 1984
4938 1984
4939 1985
4940 1985
4941 1985
4942 1986
4943 1986
4944 1987
4945 1987
4946 1987
4947 1988
4948 1988
4949 1989
4950 1989
4951 1989
4952 1990
4953 1990
4954 1991
4955 1991
4956 1992
4957 1992
4958 1992
4959 1993
4960 1993
4961 1993
4962 1994
4963 1994
4964 1995
4965 1995
4966 1996
4967 1996
4968 1996
4969 1997
4970 1997
4971 1997
4972 1998
4973 1998
4974 1999
4975 1999
4976 2000
4977 2000
4978 2001
4979 2001
4980 2001
4981 2002
4982 2002
4983 2003
4984 2003
4985 2004
4986 2004
4987 2005
4988 2005
4989 2005
4990 2006
4991 2006
4992 2007
4993 2007
4994 2007
4995 2008
4996 2008
4997 2008
4998 2009
4999 2009
5000 2009
5001 2010
5002 2010
5003 2011
5004 2011
5005 2012
5006 2012
5007 2013
5008 2013
5009 2013
5010 2014
5011 2014
5012 2014
5013 2015
5014 2015
5015 2016
5016 2016
5017 2017
5018 2017
5019 2017
5020 2018
5021 2018
5022 2018
5023 2019
5024 2019
5025 2019
5026 2020
5027 2020
5028 2021
5029 2021
5030 2022
5031 2022
5032 2023
5033 2023
5034 2024
5035 2024
5036 2025
5037 2025
5038 2026
5039 2026
5040 2027
5041 2027
5042 2028
5043 2028
5044 2028
5045 2029
5046 2029
5047 2029
5048 2030
5049 2030
5050 2030
5051 2031
5052 2031
5053 2032
5054 2032
5055 2032
5056 2033
5057 2033
5058 2033
5059 2034
5060 2034
5061 2034
5062 2035
5063 2035
5064 2036
5065 2036
5066 2037
5067 2037
5068 2037
5069 2038
5070 2038
5071 2038
5072 2039
5073 2039
5074 2040
5075 2040
5076 2041
5077 2041
5078 2041
5079 2042
5080 2042
5081 2043
5082 2043
5083 2044
5084 2044
5085 2045
5086 2045
5087 2046
5088 2046
5089 2046
5090 2047
5091 2047
5092 2048
5093 2048
5094 2049
5095 2049
5096 2050
5097 2050
5098 2050
5099 2051
5100 2051
5101 2052
5102 2052
5103 2052
5104 2053
5105 2053
5106 2054
5107 2054
5108 2054
5109 2055
5110 2055
5111 2056
5112 2056
5113 2056
5114 2057
5115 2057
5116 2057
5117 2058
5118 2058
5119 2059
5120 2059
5121 2059
5122 2060
5123 2060
5124 2060
5125 2061
5126 2061
5127 2061
5128 2062
5129 2062
5130 2062
5131 2063
5132 2063
5133 2063
5134 2064
5135 2064
5136 2064
5137 2065
5138 2065
5139 2066
5140 2066
5141 2066
5142 2067
5143 2067
5144 2067
5145 2068
5146 2068
5147 2069
5148 2069
5149 2070
5150 2070
5151 2070
5152 2071
5153 2071
5154 2072
5155 2072
5156 2073
5157 2073
5158 2073
5159 2074
5160 2074
5161 2074
5162 2075
5163 2075
5164 2075
5165 2076
5166 2076
5167 2076
5168 2077
5169 2077
5170 2078
5171 2078
5172 2078
5173 2079
5174 2079
5175 2079
5176 2080
5177 2080
5178 2081
5179 2081
5180 2081
5181 2082
5182 2082
5183 2082
5184 2083
5185 2083
5186 2084
5187 2084
5188 2084
5189 2085
5190 2085
5191 2085
5192 2086
5193 2086
5194 2086
5195 2087
5196 2087
5197 2088
5198 2088
5199 2089
5200 2089
5201 2090
5202 2090
5203 2090
5204 2091
5205 2091
5206 2092
5207 2092
5208 2093
5209 2093
5210 2094
5211 2094
5212 2094
5213 2095
5214 2095
5215 2095
5216 2096
5217 2096
5218 2097
5219 2097
5220 2097
5221 2098
5222 2098
5223 2099
5224 2099
5225 2100
5226 2100
5227 2100
5228 2101
5229 2101
5230 2102
5231 2102
5232 2103
5233 2103
5234 2103
5235 2104
5236 2104
5237 2104
5238 2105
5239 2105
5240 2106
5241 2106
5242 2106
5243 2107
5244 2107
5245 2108
5246 2108
5247 2108
5248 2109
5249 2109
5250 2110
5251 2110
5252 2110
5253 2111
5254 2111
5255 2112
5256 2112
5257 2113
5258 2113
5259 2113
5260 2114
5261 2114
5262 2114
5263 2115
5264 2115
5265 2116
5266 2116
5267 2116
5268 2117
5269 2117
5270 2117
5271 2118
5272 2118
5273 2118
5274 2119
5275 2119
5276 2119
5277 2120
5278 2120
5279 2120
5280 2121
5281 2121
5282 2121
5283 2122
5284 2122
5285 2123
5286 2123
5287 2123
5288 2124
5289 2124
5290 2125
5291 2125
5292 2126
5293 2126
5294 2127
5295 2127
5296 2127
5297 2128
5298 2128
5299 2129
5300 2129
5301 2129
5302 2130
5303 2130
5304 2130
5305 2131
5306 2131
5307 2131
5308 2132
5309 2132
5310 2133
5311 2133
5312 2134
5313 2134
5314 2135
5315 2135
5316 2136
5317 2136
5318 2136
5319 2137
5320 2137
5321 2138
5322 2138
5323 2139
5324 2139
5325 2139
5326 2140
5327 2140
5328 2140
5329 2141
5330 2141
5331 2141
5332 2142
5333 2142
5334 2143
5335 2143
5336 2143
5337 2144
5338 2144
5339 2144
5340 2145
5341 2145
5342 2145
5343 2146
5344 2146
5345 2146
5346 2147
5347 2147
5348 2148
5349 2148
5350 2149
5351 2149
5352 2150
5353 2150
5354 2151
5355 2151
5356 2151
5357 2152
5358 2152
5359 2153
5360 2153
5361 2154
5362 2154
5363 2155
5364 2155
5365 2156
5366 2156
5367 2156
5368 2157
5369 2157
5370 2157
5371 2158
5372 2158
5373 2158
5374 2159
5375 2159
5376 2159
5377 2160
5378 2160
5379 2160
5380 2161
5381 2161
5382 2162
5383 2162
5384 2162
5385 2163
5386 2163
5387 2164
5388 2164
5389 2164
5390 2165
5391 2165
5392 2166
5393 2166
5394 2166
5395 2167
5396 2167
5397 2167
5398 2168
5399 2168
5400 2168
5401 2169
5402 2169
5403 2169
5404 2170
5405 2170
5406 2170
5407 2171
5408 2171
5409 2172
5410 2172
5411 2172
5412 2173
5413 2173
5414 2173
5415 2174
5416 2174
5417 2175
5418 2175
5419 2176
5420 2176
5421 2177
5422 2177
5423 2178
5424 2178
5425 2179
5426 2179
5427 2179
5428 2180
5429 2180
5430 2181
5431 2181
5432 2181
5433 2182
5434 2182
5435 2182
5436 2183
5437 2183
5438 2184
5439 2184
5440 2185
5441 2185
5442 2186
5443 2186
5444 2186
5445 2187
5446 2187
5447 2188
5448 2188
5449 2189
5450 2189
5451 2189
5452 2190
5453 2190
5454 2191
5455 2191
5456 2191
5457 2192
5458 2192
5459 2192
5460 2193
5461 2193
5462 2194
5463 2194
5464 2194
5465 2195
5466 2195
5467 2195
5468 2196
5469 2196
5470 2197
5471 2197
5472 2197
5473 2198
5474 2198
5475 2198
5476 2199
5477 2199
5478 2199
5479 2200
5480 2200
5481 2201
5482 2201
5483 2201
5484 2202
5485 2202
5486 2202
5487 2203
5488 2203
5489 2204
5490 2204
5491 2204
5492 2205
5493 2205
5494 2205
5495 2206
5496 2206
5497 2206
5498 2207
5499 2207
5500 2207
5501 2208
5502 2208
5503 2209
5504 2209
5505 2209
5506 2210
5507 2210
5508 2211
5509 2211
5510 2211
5511 2212
5512 2212
5513 2212
5514 2213
5515 2213
5516 2213
5517 2214
5518 2214
5519 2214
5520 2215
5521 2215
5522 2215
5523 2216
5524 2216
5525 2216
5526 2217
5527 2217
5528 2217
5529 2218
5530 2218
5531 2219
5532 2219
5533 2220
5534 2220
5535 2220
5536 2221
5537 2221
5538 2222
5539 2222
5540 2223
5541 2223
5542 2224
5543 2224
5544 2224
5545 2225
5546 2225
5547 2225
5548 2226
5549 2226
5550 2226
5551 2227
5552 2227
5553 2227
5554 2228
5555 2228
5556 2228
5557 2229
5558 2229
5559 2229
5560 2230
5561 2230
5562 2231
5563 2231
5564 2232
5565 2232
5566 2233
5567 2233
5568 2234
5569 2234
5570 2234
5571 2235
5572 2235
5573 2236
5574 2236
5575 2237
5576 2237
5577 2238
5578 2238
5579 2238
5580 2239
5581 2239
5582 2239
5583 2240
5584 2240
5585 2240
5586 2241
5587 2241
5588 2241
5589 2242
5590 2242
5591 2242
5592 2243
5593 2243
5594 2243
5595 2244
5596 2244
5597 2245
5598 2245
5599 2246
5600 2246
5601 2247
5602 2247
5603 2248
5604 2248
5605 2248
5606 2249
5607 2249
5608 2250
5609 2250
5610 2250
5611 2251
5612 2251
5613 2252
5614 2252
5615 2252
5616 2253
5617 2253
5618 2253
5619 2254
5620 2254
5621 2254
5622 2255
5623 2255
5624 2256
5625 2256
5626 2257
5627 2257
5628 2258
5629 2258
5630 2258
5631 2259
5632 2259
5633 2260
5634 2260
5635 2261
5636 2261
5637 2261
5638 2262
5639 2262
5640 2263
5641 2263
5642 2264
5643 2264
5644 2264
5645 2265
5646 2265
5647 2265
5648 2266
5649 2266
5650 2266
5651 2267
5652 2267
5653 2268
5654 2268
5655 2268
5656 2269
5657 2269
5658 2269
5659 2270
5660 2270
5661 2271
5662 2271
5663 2272
5664 2272
5665 2273
5666 2273
5667 2274
5668 2274
5669 2275
5670 2275
5671 2276
5672 2276
5673 2277
5674 2277
5675 2277
5676 2278
5677 2278
5678 2278
5679 2279
5680 2279
5681 2279
5682 2280
5683 2280
5684 2280
5685 2281
5686 2281
5687 2281
5688 2282
5689 2282
5690 2282
5691 2283
5692 2283
5693 2283
5694 2284
5695 2284
5696 2284
5697 2285
5698 2285
5699 2286
5700 2286
5701 2287
5702 2287
5703 2287
5704 2288
5705 2288
5706 2289
5707 2289
5708 2290
5709 2290
5710 2291
5711 2291
5712 2291
5713 2292
5714 2292
5715 2292
5716 2293
5717 2293
5718 2294
5719 2294
5720 2295
5721 2295
5722 2295
5723 2296
5724 2296
5725 2296
5726 2297
5727 2297
5728 2298
5729 2298
5730 2298
5731 2299
5732 2299
5733 2300
5734 2300
5735 2301
5736 2301
5737 2301
5738 2302
5739 2302
5740 2303
5741 2303
5742 2304
5743 2304
5744 2305
5745 2305
5746 2305
5747 2306
5748 2306
5749 2307
5750 2307
5751 2307
5752 2308
5753 2308
5754 2309
5755 2309
5756 2309
5757 2310
5758 2310
5759 2311
5760 2311
5761 2311
5762 2312
5763 2312
5764 2312
5765 2313
5766 2313
5767 2313
5768 2314
5769 2314
5770 2314
5771 2315
5772 2315
5773 2315
5774 2316
5775 2316
5776 2316
5777 2317
5778 2317
5779 2318
5780 2318
5781 2319
5782 2319
5783 2319
5784 2320
5785 2320
5786 2320
5787 2321
5788 2321
5789 2322
5790 2322
5791 2322
5792 2323
5793 2323
5794 2324
5795 2324
5796 2325
5797 2325
5798 2326
5799 2326
5800 2327
5801 2327
5802 2328
5803 2328
5804 2328
5805 2329
5806 2329
5807 2330
5808 2330
5809 2331
5810 2331
5811 2331
5812 2332
5813 2332
5814 2332
5815 2333
5816 2333
5817 2334
5818 2334
5819 2334
5820 2335
5821 2335
5822 2335
5823 2336
5824 2336
5825 2336
5826 2337
5827 2337
5828 2337
5829 2338
5830 2338
5831 2339
5832 2339
5833 2339
5834 2340
5835 2340
5836 2341
5837 2341
5838 2341
5839 2342
5840 2342
5841 2343
5842 2343
5843 2343
5844 2344
5845 2344
5846 2344
5847 2345
5848 2345
5849 2345
5850 2346
5851 2346
5852 2346
5853 2347
5854 2347
5855 2348
5856 2348
5857 2349
5858 2349
5859 2349
5860 2350
5861 2350
5862 2350
5863 2351
5864 2351
5865 2351
5866 2352
5867 2352
5868 2353
5869 2353
5870 2353
5871 2354
5872 2354
5873 2354
5874 2355
5875 2355
5876 2356
5877 2356
5878 2357
5879 2357
5880 2357
5881 2358
5882 2358
5883 2358
5884 2359
5885 2359
5886 2359
5887 2360
5888 2360
5889 2361
5890 2361
5891 2362
5892 2362
5893 2362
5894 2363
5895 2363
5896 2363
5897 2364
5898 2364
5899 2365
5900 2365
5901 2365
5902 2366
5903 2366
5904 2367
5905 2367
5906 2367
5907 2368
5908 2368
5909 2369
5910 2369
5911 2369
5912 2370
5913 2370
5914 2370
5915 2371
5916 2371
5917 2372
5918 2372
5919 2373
5920 2373
5921 2373
5922 2374
5923 2374
5924 2375
5925 2375
5926 2375
5927 2376
5928 2376
5929 2376
5930 2377
5931 2377
5932 2378
5933 2378
5934 2378
5935 2379
5936 2379
5937 2379
5938 2380
5939 2380
5940 2381
5941 2381
5942 2382
5943 2382
5944 2382
5945 2383
5946 2383
5947 2383
5948 2384
5949 2384
5950 2384
5951 2385
5952 2385
5953 2386
5954 2386
5955 2386
5956 2387
5957 2387
5958 2387
5959 2388
5960 2388
5961 2389
5962 2389
5963 2389
5964 2390
5965 2390
5966 2391
5967 2391
5968 2392
5969 2392
5970 2393
5971 2393
5972 2394
5973 2394
5974 2395
5975 2395
5976 2395
5977 2396
5978 2396
5979 2396
5980 2397
5981 2397
5982 2398
5983 2398
5984 2398
5985 2399
5986 2399
5987 2399
5988 2400
5989 2400
5990 2401
5991 2401
5992 2401
5993 2402
5994 2402
5995 2402
5996 2403
5997 2403
5998 2403
5999 2404
6000 2404
6001 2404
6002 2405
6003 2405
6004 2405
6005 2406
6006 2406
6007 2406
6008 2407
6009 2407
6010 2408
6011 2408
6012 2409
6013 2409
6014 2410
6015 2410
6016 2410
6017 2411
6018 2411
6019 2411
6020 2412
6021 2412
6022 2413
6023 2413
6024 2413
6025 2414
6026 2414
6027 2414
6028 2415
6029 2415
6030 2416
6031 2416
6032 2417
6033 2417
6034 2417
6035 2418
6036 2418
6037 2419
6038 2419
6039 2419
6040 2420
6041 2420
6042 2420
6043 2421
6044 2421
6045 2422
6046 2422
6047 2422
6048 2423
6049 2423
6050 2424
6051 2424
6052 2424
6053 2425
6054 2425
6055 2425
6056 2426
6057 2426
6058 2427
6059 2427
6060 2427
6061 2428
6062 2428
6063 2428
6064 2429
6065 2429
6066 2429
6067 2430
6068 2430
6069 2430
6070 2431
6071 2431
6072 2432
6073 2432
6074 2432
6075 2433
6076 2433
6077 2434
6078 2434
6079 2434
6080 2435
6081 2435
6082 2436
6083 2436
6084 2437
6085 2437
6086 2438
6087 2438
6088 2438
6089 2439
6090 2439
6091 2439
6092 2440
6093 2440
6094 2441
6095 2441
6096 2441
6097 2442
6098 2442
6099 2443
6100 2443
6101 2443
6102 2444
6103 2444
6104 2444
6105 2445
6106 2445
6107 2445
6108 2446
6109 2446
6110 2446
6111 2447
6112 2447
6113 2448
6114 2448
6115 2449
6116 2449
6117 2449
6118 2450
6119 2450
6120 2451
6121 2451
6122 2451
6123 2452
6124 2452
6125 2452
6126 2453
6127 2453
6128 2454
6129 2454
6130 2455
6131 2455
6132 2456
6133 2456
6134 2456
6135 2457
6136 2457
6137 2458
6138 2458
6139 2458
6140 2459
6141 2459
6142 2459
6143 2460
6144 2460
6145 2461
6146 2461
6147 2462
6148 2462
6149 2463
6150 2463
6151 2463
6152 2464
6153 2464
6154 2464
6155 2465
6156 2465
6157 2466
6158 2466
6159 2466
6160 2467
6161 2467
6162 2468
6163 2468
6164 2469
6165 2469
6166 2470
6167 2470
6168 2471
6169 2471
6170 2471
6171 2472
6172 2472
6173 2473
6174 2473
6175 2474
6176 2474
6177 2474
6178 2475
6179 2475
6180 2476
6181 2476
6182 2476
6183 2477
6184 2477
6185 2478
6186 2478
6187 2479
6188 2479
6189 2479
6190 2480
6191 2480
6192 2480
6193 2481
6194 2481
6195 2482
6196 2482
6197 2483
6198 2483
6199 2483
6200 2484
6201 2484
6202 2484
6203 2485
6204 2485
6205 2486
6206 2486
6207 2486
6208 2487
6209 2487
6210 2488
6211 2488
6212 2488
6213 2489
6214 2489
6215 2490
6216 2490
6217 2491
6218 2491
6219 2492
6220 2492
6221 2492
6222 2493
6223 2493
6224 2494
6225 2494
6226 2495
6227 2495
6228 2496
6229 2496
6230 2497
6231 2497
6232 2498
6233 2498
6234 2498
6235 2499
6236 2499
6237 2500
6238 2500
6239 2501
6240 2501
6241 2502
6242 2502
6243 2502
6244 2503
6245 2503
6246 2503
6247 2504
6248 2504
6249 2505
6250 2505
6251 2505
6252 2506
6253 2506
6254 2507
6255 2507
6256 2507
6257 2508
6258 2508
6259 2509
6260 2509
6261 2510
6262 2510
6263 2510
6264 2511
6265 2511
6266 2511
6267 2512
6268 2512
6269 2513
6270 2513
6271 2514
6272 2514
6273 2515
6274 2515
6275 2515
6276 2516
6277 2516
6278 2516
6279 2517
6280 2517
6281 2518
6282 2518
6283 2518
6284 2519
6285 2519
6286 2520
6287 2520
6288 2521
6289 2521
6290 2521
6291 2522
6292 2522
6293 2523
6294 2523
6295 2523
6296 2524
6297 2524
6298 2524
6299 2525
6300 2525
6301 2525
6302 2526
6303 2526
6304 2527
6305 2527
6306 2527
6307 2528
6308 2528
6309 2528
6310 2529
6311 2529
6312 2530
6313 2530
6314 2530
6315 2531
6316 2531
6317 2531
6318 2532
6319 2532
6320 2532
6321 2533
6322 2533
6323 2533
6324 2534
6325 2534
6326 2534
6327 2535
6328 2535
6329 2535
6330 2536
6331 2536
6332 2536
6333 2537
6334 2537
6335 2538
6336 2538
6337 2539
6338 2539
6339 2539
6340 2540
6341 2540
6342 2540
6343 2541
6344 2541
6345 2542
6346 2542
6347 2543
6348 2543
6349 2544
6350 2544
6351 2545
6352 2545
6353 2545
6354 2546
6355 2546
6356 2546
6357 2547
6358 2547
6359 2547
6360 2548
6361 2548
6362 2549
6363 2549
6364 2549
6365 2550
6366 2550
6367 2550
6368 2551
6369 2551
6370 2551
6371 2552
6372 2552
6373 2553
6374 2553
6375 2553
6376 2554
6377 2554
6378 2554
6379 2555
6380 2555
6381 2556
6382 2556
6383 2557
6384 2557
6385 2557
6386 2558
6387 2558
6388 2558
6389 2559
6390 2559
6391 2559
6392 2560
6393 2560
6394 2561
6395 2561
6396 2561
6397 2562
6398 2562
6399 2562
6400 2563
6401 2563
6402 2563
6403 2564
6404 2564
6405 2565
6406 2565
6407 2566
6408 2566
6409 2567
6410 2567
6411 2568
6412 2568
6413 2568
6414 2569
6415 2569
6416 2569
6417 2570
6418 2570
6419 2570
6420 2571
6421 2571
6422 2571
6423 2572
6424 2572
6425 2572
6426 2573
6427 2573
6428 2574
6429 2574
6430 2575
6431 2575
6432 2575
6433 2576
6434 2576
6435 2577
6436 2577
6437 2578
6438 2578
6439 2578
6440 2579
6441 2579
6442 2580
6443 2580
6444 2580
6445 2581
6446 2581
6447 2581
6448 2582
6449 2582
6450 2583
6451 2583
6452 2583
6453 2584
6454 2584
6455 2585
6456 2585
6457 2586
6458 2586
6459 2587
6460 2587
6461 2588
6462 2588
6463 2589
6464 2589
6465 2590
6466 2590
6467 2591
6468 2591
6469 2592
6470 2592
6471 2592
6472 2593
6473 2593
6474 2593
6475 2594
6476 2594
6477 2595
6478 2595
6479 2596
6480 2596
6481 2597
6482 2597
6483 2598
6484 2598
6485 2599
6486 2599
6487 2600
6488 2600
6489 2601
6490 2601
6491 2601
6492 2602
6493 2602
6494 2602
6495 2603
6496 2603
6497 2603
6498 2604
6499 2604
6500 2605
6501 2605
6502 2606
6503 2606
6504 2606
6505 2607
6506 2607
6507 2608
6508 2608
6509 2608
6510 2609
6511 2609
6512 2610
6513 2610
6514 2610
6515 2611
6516 2611
6517 2611
6518 2612
6519 2612
6520 2612
6521 2613
6522 2613
6523 2613
6524 2614
6525 2614
6526 2615
6527 2615
6528 2615
6529 2616
6530 2616
6531 2616
6532 2617
6533 2617
6534 2618
6535 2618
6536 2619
6537 2619
6538 2620
6539 2620
6540 2620
6541 2621
6542 2621
6543 2621
6544 2622
6545 2622
6546 2622
6547 2623
6548 2623
6549 2623
6550 2624
6551 2624
6552 2624
6553 2625
6554 2625
6555 2626
6556 2626
6557 2627
6558 2627
6559 2628
6560 2628
6561 2628
6562 2629
6563 2629
6564 2629
6565 2630
6566 2630
6567 2631
6568 2631
6569 2632
6570 2632
6571 2632
6572 2633
6573 2633
6574 2633
6575 2634
6576 2634
6577 2635
6578 2635
6579 2635
6580 2636
6581 2636
6582 2637
6583 2637
6584 2638
6585 2638
6586 2639
6587 2639
6588 2639
6589 2640
6590 2640
6591 2641
6592 2641
6593 2642
6594 2642
6595 2642
6596 2643
6597 2643
6598 2643
6599 2644
6600 2644
6601 2644
6602 2645
6603 2645
6604 2646
6605 2646
6606 2647
6607 2647
6608 2647
6609 2648
6610 2648
6611 2648
6612 2649
6613 2649
6614 2649
6615 2650
6616 2650
6617 2651
6618 2651
6619 2652
6620 2652
6621 2653
6622 2653
6623 2654
6624 2654
6625 2655
6626 2655
6627 2655
6628 2656
6629 2656
6630 2656
6631 2657
6632 2657
6633 2657
6634 2658
6635 2658
6636 2658
6637 2659
6638 2659
6639 2659
6640 2660
6641 2660
6642 2660
6643 2661
6644 2661
6645 2662
6646 2662
6647 2662
6648 2663
6649 2663
6650 2663
6651 2664
6652 2664
6653 2665
6654 2665
6655 2665
6656 2666
6657 2666
6658 2666
6659 2667
6660 2667
6661 2667
6662 2668
6663 2668
6664 2669
6665 2669
6666 2670
6667 2670
6668 2670
6669 2671
6670 2671
6671 2671
6672 2672
6673 2672
6674 2673
6675 2673
6676 2674
6677 2674
6678 2674
6679 2675
6680 2675
6681 2676
6682 2676
6683 2676
6684 2677
6685 2677
6686 2678
6687 2678
6688 2679
6689 2679
6690 2679
6691 2680
6692 2680
6693 2681
6694 2681
6695 2682
6696 2682
6697 2683
6698 2683
6699 2684
6700 2684
6701 2685
6702 2685
6703 2686
6704 2686
6705 2687
6706 2687
6707 2687
6708 2688
6709 2688
6710 2688
6711 2689
6712 2689
6713 2690
6714 2690
6715 2691
6716 2691
6717 2692
6718 2692
6719 2693
6720 2693
6721 2693
6722 2694
6723 2694
6724 2694
6725 2695
6726 2695
6727 2695
6728 2696
6729 2696
6730 2696
6731 2697
6732 2697
6733 2697
6734 2698
6735 2698
6736 2698
6737 2699
6738 2699
6739 2700
6740 2700
6741 2700
6742 2701
6743 2701
6744 2702
6745 2702
6746 2702
6747 2703
6748 2703
6749 2703
6750 2704
6751 2704
6752 2705
6753 2705
6754 2706
6755 2706
6756 2706
6757 2707
6758 2707
6759 2708
6760 2708
6761 2709
6762 2709
6763 2710
6764 2710
6765 2710
6766 2711
6767 2711
6768 2711
6769 2712
6770 2712
6771 2712
6772 2713
6773 2713
6774 2714
6775 2714
6776 2715
6777 2715
6778 2716
6779 2716
6780 2717
6781 2717
6782 2717
6783 2718
6784 2718
6785 2719
6786 2719
6787 2720
6788 2720
6789 2720
6790 2721
6791 2721
6792 2721
6793 2722
6794 2722
6795 2723
6796 2723
6797 2724
6798 2724
6799 2724
6800 2725
6801 2725
6802 2726
6803 2726
6804 2726
6805 2727
6806 2727
6807 2727
6808 2728
6809 2728
6810 2728
6811 2729
6812 2729
6813 2729
6814 2730
6815 2730
6816 2731
6817 2731
6818 2732
6819 2732
6820 2732
6821 2733
6822 2733
6823 2733
6824 2734
6825 2734
6826 2735
6827 2735
6828 2735
6829 2736
6830 2736
6831 2736
6832 2737
6833 2737
6834 2737
6835 2738
6836 2738
6837 2738
6838 2739
6839 2739
6840 2740
6841 2740
6842 2741
6843 2741
6844 2742
6845 2742
6846 2743
6847 2743
6848 2743
6849 2744
6850 2744
6851 2745
6852 2745
6853 2746
6854 2746
6855 2747
6856 2747
6857 2747
6858 2748
6859 2748
6860 2749
6861 2749
6862 2749
6863 2750
6864 2750
6865 2751
6866 2751
6867 2752
6868 2752
6869 2752
6870 2753
6871 2753
6872 2754
6873 2754
6874 2754
6875 2755
6876 2755
6877 2756
6878 2756
6879 2757
6880 2757
6881 2757
6882 2758
6883 2758
6884 2758
6885 2759
6886 2759
6887 2760
6888 2760
6889 2760
6890 2761
6891 2761
6892 2762
6893 2762
6894 2762
6895 2763
6896 2763
6897 2764
6898 2764
6899 2765
6900 2765
6901 2765
6902 2766
6903 2766
6904 2767
6905 2767
6906 2767
6907 2768
6908 2768
6909 2768
6910 2769
6911 2769
6912 2770
6913 2770
6914 2770
6915 2771
6916 2771
6917 2772
6918 2772
6919 2772
6920 2773
6921 2773
6922 2773
6923 2774
6924 2774
6925 2775
6926 2775
6927 2775
6928 2776
6929 2776
6930 2777
6931 2777
6932 2777
6933 2778
6934 2778
6935 2778
6936 2779
6937 2779
6938 2779
6939 2780
6940 2780
6941 2781
6942 2781
6943 2781
6944 2782
6945 2782
6946 2783
6947 2783
6948 2784
6949 2784
6950 2785
6951 2785
6952 2785
6953 2786
6954 2786
6955 2786
6956 2787
6957 2787
6958 2788
6959 2788
6960 2789
6961 2789
6962 2789
6963 2790
6964 2790
6965 2790
6966 2791
6967 2791
6968 2792
6969 2792
6970 2792
6971 2793
6972 2793
6973 2794
6974 2794
6975 2794
6976 2795
6977 2795
6978 2796
6979 2796
6980 2797
6981 2797
6982 2798
6983 2798
6984 2799
6985 2799
6986 2800
6987 2800
6988 2801
6989 2801
6990 2801
6991 2802
6992 2802
6993 2803
6994 2803
6995 2804
6996 2804
6997 2805
6998 2805
6999 2806
7000 2806
7001 2807
7002 2807
7003 2808
7004 2808
7005 2808
7006 2809
7007 2809
7008 2810
7009 2810
7010 2810
7011 2811
7012 2811
7013 2811
7014 2812
7015 2812
7016 2813
7017 2813
7018 2813
7019 2814
7020 2814
7021 2815
7022 2815
7023 2815
7024 2816
7025 2816
7026 2816
7027 2817
7028 2817
7029 2817
7030 2818
7031 2818
7032 2818
7033 2819
7034 2819
7035 2819
7036 2820
7037 2820
7038 2820
7039 2821
7040 2821
7041 2821
7042 2822
7043 2822
7044 2823
7045 2823
7046 2823
7047 2824
7048 2824
7049 2824
7050 2825
7051 2825
7052 2826
7053 2826
7054 2826
7055 2827
7056 2827
7057 2827
7058 2828
7059 2828
7060 2829
7061 2829
7062 2829
7063 2830
7064 2830
7065 2831
7066 2831
7067 2832
7068 2832
7069 2833
7070 2833
7071 2833
7072 2834
7073 2834
7074 2834
7075 2835
7076 2835
7077 2835
7078 2836
7079 2836
7080 2837
7081 2837
7082 2837
7083 2838
7084 2838
7085 2839
7086 2839
7087 2840
7088 2840
7089 2841
7090 2841
7091 2841
7092 2842
7093 2842
7094 2843
7095 2843
7096 2843
7097 2844
7098 2844
7099 2844
7100 2845
7101 2845
7102 2845
7103 2846
7104 2846
7105 2847
7106 2847
7107 2848
7108 2848
7109 2848
7110 2849
7111 2849
7112 2849
7113 2850
7114 2850
7115 2851
7116 2851
7117 2851
7118 2852
7119 2852
7120 2853
7121 2853
7122 2853
7123 2854
7124 2854
7125 2855
7126 2855
7127 2855
7128 2856
7129 2856
7130 2856
7131 2857
7132 2857
7133 2858
7134 2858
7135 2858
7136 2859
7137 2859
7138 2860
7139 2860
7140 2860
7141 2861
7142 2861
7143 2862
7144 2862
7145 2862
7146 2863
7147 2863
7148 2863
7149 2864
7150 2864
7151 2865
7152 2865
7153 2866
7154 2866
7155 2867
7156 2867
7157 2867
7158 2868
7159 2868
7160 2869
7161 2869
7162 2870
7163 2870
7164 2870
7165 2871
7166 2871
7167 2872
7168 2872
7169 2872
7170 2873
7171 2873
7172 2874
7173 2874
7174 2874
7175 2875
7176 2875
7177 2876
7178 2876
7179 2876
7180 2877
7181 2877
7182 2878
7183 2878
7184 2878
7185 2879
7186 2879
7187 2879
7188 2880
7189 2880
7190 2880
7191 2881
7192 2881
7193 2881
7194 2882
7195 2882
7196 2883
7197 2883
7198 2884
7199 2884
7200 2884
7201 2885
7202 2885
7203 2885
7204 2886
7205 2886
7206 2886
7207 2887
7208 2887
7209 2887
7210 2888
7211 2888
7212 2888
7213 2889
7214 2889
7215 2890
7216 2890
7217 2891
7218 2891
7219 2891
7220 2892
7221 2892
7222 2892
7223 2893
7224 2893
7225 2894
7226 2894
7227 2894
7228 2895
7229 2895
7230 2895
7231 2896
7232 2896
7233 2896
7234 2897
7235 2897
7236 2898
7237 2898
7238 2899
7239 2899
7240 2900
7241 2900
7242 2900
7243 2901
7244 2901
7245 2902
7246 2902
7247 2902
7248 2903
7249 2903
7250 2904
7251 2904
7252 2905
7253 2905
7254 2906
7255 2906
7256 2907
7257 2907
7258 2908
7259 2908
7260 2908
7261 2909
7262 2909
7263 2909
7264 2910
7265 2910
7266 2910
7267 2911
7268 2911
7269 2912
7270 2912
7271 2913
7272 2913
7273 2914
7274 2914
7275 2915
7276 2915
7277 2915
7278 2916
7279 2916
7280 2917
7281 2917
7282 2918
7283 2918
7284 2918
7285 2919
7286 2919
7287 2919
7288 2920
7289 2920
7290 2920
7291 2921
7292 2921
7293 2922
7294 2922
7295 2922
7296 2923
7297 2923
7298 2924
7299 2924
7300 2925
7301 2925
7302 2925
7303 2926
7304 2926
7305 2927
7306 2927
7307 2927
7308 2928
7309 2928
7310 2929
7311 2929
7312 2929
7313 2930
7314 2930
7315 2930
7316 2931
7317 2931
7318 2931
7319 2932
7320 2932
7321 2932
7322 2933
7323 2933
7324 2933
7325 2934
7326 2934
7327 2934
7328 2935
7329 2935
7330 2936
7331 2936
7332 2936
7333 2937
7334 2937
7335 2938
7336 2938
7337 2938
7338 2939
7339 2939
7340 2940
7341 2940
7342 2940
7343 2941
7344 2941
7345 2942
7346 2942
7347 2943
7348 2943
7349 2944
7350 2944
7351 2945
7352 2945
7353 2946
7354 2946
7355 2946
7356 2947
7357 2947
7358 2947
7359 2948
7360 2948
7361 2949
7362 2949
7363 2949
7364 2950
7365 2950
7366 2951
7367 2951
7368 2951
7369 2952
7370 2952
7371 2953
7372 2953
7373 2953
7374 2954
7375 2954
7376 2955
7377 2955
7378 2955
7379 2956
7380 2956
7381 2957
7382 2957
7383 2957
7384 2958
7385 2958
7386 2959
7387 2959
7388 2960
7389 2960
7390 2960
7391 2961
7392 2961
7393 2962
7394 2962
7395 2963
7396 2963
7397 2964
7398 2964
7399 2965
7400 2965
7401 2966
7402 2966
7403 2966
7404 2967
7405 2967
7406 2968
7407 2968
7408 2968
7409 2969
7410 2969
7411 2969
7412 2970
7413 2970
7414 2970
7415 2971
7416 2971
7417 2971
7418 2972
7419 2972
7420 2973
7421 2973
7422 2973
7423 2974
7424 2974
7425 2974
7426 2975
7427 2975
7428 2976
7429 2976
7430 2977
7431 2977
7432 2978
7433 2978
7434 2978
7435 2979
7436 2979
7437 2980
7438 2980
7439 2980
7440 2981
7441 2981
7442 2982
7443 2982
7444 2982
7445 2983
7446 2983
7447 2984
7448 2984
7449 2984
7450 2985
7451 2985
7452 2986
7453 2986
7454 2986
7455 2987
7456 2987
7457 2987
7458 2988
7459 2988
7460 2988
7461 2989
7462 2989
7463 2990
7464 2990
7465 2990
7466 2991
7467 2991
7468 2991
7469 2992
7470 2992
7471 2992
7472 2993
7473 2993
7474 2993
7475 2994
7476 2994
7477 2994
7478 2995
7479 2995
7480 2996
7481 2996
7482 2996
7483 2997
7484 2997
7485 2998
7486 2998
7487 2999
7488 2999
7489 3000
7490 3000
7491 3000
7492 3001
7493 3001
7494 3001
7495 3002
7496 3002
7497 3002
7498 3003
7499 3003
7500 3003
7501 3004
7502 3004
7503 3004
7504 3005
7505 3005
7506 3006
7507 3006
7508 3006
7509 3007
7510 3007
7511 3007
7512 3008
7513 3008
7514 3008
7515 3009
7516 3009
7517 3009
7518 3010
7519 3010
7520 3011
7521 3011
7522 3011
7523 3012
7524 3012
7525 3012
7526 3013
7527 3013
7528 3013
7529 3014
7530 3014
7531 3015
7532 3015
7533 3015
7534 3016
7535 3016
7536 3016
7537 3017
7538 3017
7539 3018
7540 3018
7541 3018
7542 3019
7543 3019
7544 3020
7545 3020
7546 3021
7547 3021
7548 3021
7549 3022
7550 3022
7551 3023
7552 3023
7553 3023
7554 3024
7555 3024
7556 3024
7557 3025
7558 3025
7559 3025
7560 3026
7561 3026
7562 3027
7563 3027
7564 3027
7565 3028
7566 3028
7567 3028
7568 3029
7569 3029
7570 3029
7571 3030
7572 3030
7573 3030
7574 3031
7575 3031
7576 3032
7577 3032
7578 3033
7579 3033
7580 3034
7581 3034
7582 3034
7583 3035
7584 3035
7585 3036
7586 3036
7587 3037
7588 3037
7589 3037
7590 3038
7591 3038
7592 3039
7593 3039
7594 3039
7595 3040
7596 3040
7597 3040
7598 3041
7599 3041
7600 3042
7601 3042
7602 3043
7603 3043
7604 3044
7605 3044
7606 3045
7607 3045
7608 3046
7609 3046
7610 3047
7611 3047
7612 3048
7613 3048
7614 3048
7615 3049
7616 3049
7617 3049
7618 3050
7619 3050
7620 3050
7621 3051
7622 3051
7623 3052
7624 3052
7625 3053
7626 3053
7627 3054
7628 3054
7629 3055
7630 3055
7631 3056
7632 3056
7633 3056
7634 3057
7635 3057
7636 3058
7637 3058
7638 3058
7639 3059
7640 3059
7641 3059
7642 3060
7643 3060
7644 3061
7645 3061
7646 3062
7647 3062
7648 3062
7649 3063
7650 3063
7651 3063
7652 3064
7653 3064
7654 3064
7655 3065
7656 3065
7657 3065
7658 3066
7659 3066
7660 3067
7661 3067
7662 3068
7663 3068
7664 3069
7665 3069
7666 3069
7667 3070
7668 3070
7669 3070
7670 3071
7671 3071
7672 3071
7673 3072
7674 3072
7675 3073
7676 3073
7677 3073
7678 3074
7679 3074
7680 3075
7681 3075
7682 3076
7683 3076
7684 3077
7685 3077
7686 3077
7687 3078
7688 3078
7689 3078
7690 3079
7691 3079
7692 3079
7693 3080
7694 3080
7695 3080
7696 3081
7697 3081
7698 3081
7699 3082
7700 3082
7701 3083
7702 3083
7703 3083
7704 3084
7705 3084
7706 3085
7707 3085
7708 3086
7709 3086
7710 3086
7711 3087
7712 3087
7713 3088
7714 3088
7715 3089
7716 3089
7717 3090
7718 3090
7719 3090
7720 3091
7721 3091
7722 3091
7723 3092
7724 3092
7725 3092
7726 3093
7727 3093
7728 3094
7729 3094
7730 3094
7731 3095
7732 3095
7733 3095
7734 3096
7735 3096
7736 3096
7737 3097
7738 3097
7739 3098
7740 3098
7741 3099
7742 3099
7743 3100
7744 3100
7745 3100
7746 3101
7747 3101
7748 3101
7749 3102
7750 3102
7751 3103
7752 3103
7753 3103
7754 3104
7755 3104
7756 3105
7757 3105
7758 3106
7759 3106
7760 3106
7761 3107
7762 3107
7763 3108
7764 3108
7765 3109
7766 3109
7767 3110
7768 3110
7769 3110
7770 3111
7771 3111
7772 3112
7773 3112
7774 3113
7775 3113
7776 3114
7777 3114
7778 3115
7779 3115
7780 3116
7781 3116
7782 3116
7783 3117
7784 3117
7785 3117
7786 3118
7787 3118
7788 3119
7789 3119
7790 3120
7791 3120
7792 3120
7793 3121
7794 3121
7795 3121
7796 3122
7797 3122
7798 3122
7799 3123
7800 3123
7801 3123
7802 3124
7803 3124
7804 3124
7805 3125
7806 3125
7807 3125
7808 3126
7809 3126
7810 3127
7811 3127
7812 3128
7813 3128
7814 3129
7815 3129
7816 3130
7817 3130
7818 3131
7819 3131
7820 3131
7821 3132
7822 3132
7823 3132
7824 3133
7825 3133
7826 3133
7827 3134
7828 3134
7829 3134
7830 3135
7831 3135
7832 3136
7833 3136
7834 3137
7835 3137
7836 3137
7837 3138
7838 3138
7839 3139
7840 3139
7841 3139
7842 3140
7843 3140
7844 3140
7845 3141
7846 3141
7847 3142
7848 3142
7849 3142
7850 3143
7851 3143
7852 3143
7853 3144
7854 3144
7855 3145
7856 3145
7857 3146
7858 3146
7859 3147
7860 3147
7861 3148
7862 3148
7863 3148
7864 3149
7865 3149
7866 3149
7867 3150
7868 3150
7869 3150
7870 3151
7871 3151
7872 3151
7873 3152
7874 3152
7875 3152
7876 3153
7877 3153
7878 3154
7879 3154
7880 3155
7881 3155
7882 3155
7883 3156
7884 3156
7885 3157
7886 3157
7887 3158
7888 3158
7889 3159
7890 3159
7891 3160
7892 3160
7893 3161
7894 3161
7895 3161
7896 3162
7897 3162
7898 3163
7899 3163
7900 3163
7901 3164
7902 3164
7903 3165
7904 3165
7905 3166
7906 3166
7907 3167
7908 3167
7909 3168
7910 3168
7911 3169
7912 3169
7913 3170
7914 3170
7915 3171
7916 3171
7917 3172
7918 3172
7919 3172
7920 3173
7921 3173
7922 3174
7923 3174
7924 3175
7925 3175
7926 3176
7927 3176
7928 3177
7929 3177
7930 3177
7931 3178
7932 3178
7933 3178
7934 3179
7935 3179
7936 3180
7937 3180
7938 3181
7939 3181
7940 3181
7941 3182
7942 3182
7943 3182
7944 3183
7945 3183
7946 3184
7947 3184
7948 3184
7949 3185
7950 3185
7951 3185
7952 3186
7953 3186
7954 3186
7955 3187
7956 3187
7957 3188
7958 3188
7959 3188
7960 3189
7961 3189
7962 3190
7963 3190
7964 3190
7965 3191
7966 3191
7967 3192
7968 3192
7969 3193
7970 3193
7971 3194
7972 3194
7973 3195
7974 3195
7975 3196
7976 3196
7977 3197
7978 3197
7979 3198
7980 3198
7981 3198
7982 3199
7983 3199
7984 3199
7985 3200
7986 3200
7987 3200
7988 3201
7989 3201
7990 3202
7991 3202
7992 3203
7993 3203
7994 3204
7995 3204
7996 3205
7997 3205
7998 3205
7999 3206
8000 3206
8001 3207
8002 3207
8003 3207
8004 3208
8005 3208
8006 3208
8007 3209
8008 3209
8009 3209
8010 3210
8011 3210
8012 3210
8013 3211
8014 3211
8015 3211
8016 3212
8017 3212
8018 3212
8019 3213
8020 3213
8021 3214
8022 3214
8023 3214
8024 3215
8025 3215
8026 3215
8027 3216
8028 3216
8029 3216
8030 3217
8031 3217
8032 3218
8033 3218
8034 3219
8035 3219
8036 3220
8037 3220
8038 3220
8039 3221
8040 3221
8041 3221
8042 3222
8043 3222
8044 3222
8045 3223
8046 3223
8047 3224
8048 3224
8049 3225
8050 3225
8051 3225
8052 3226
8053 3226
8054 3226
8055 3227
8056 3227
8057 3227
8058 3228
8059 3228
8060 3228
8061 3229
8062 3229
8063 3229
8064 3230
8065 3230
8066 3230
8067 3231
8068 3231
8069 3231
8070 3232
8071 3232
8072 3233
8073 3233
8074 3234
8075 3234
8076 3235
8077 3235
8078 3236
8079 3236
8080 3236
8081 3237
8082 3237
8083 3238
8084 3238
8085 3238
8086 3239
8087 3239
8088 3239
8089 3240
8090 3240
8091 3240
8092 3241
8093 3241
8094 3242
8095 3242
8096 3243
8097 3243
8098 3243
8099 3244
8100 3244
8101 3244
8102 3245
8103 3245
8104 3246
8105 3246
8106 3246
8107 3247
8108 3247
8109 3248
8110 3248
8111 3248
8112 3249
8113 3249
8114 3250
8115 3250
8116 3250
8117 3251
8118 3251
8119 3252
8120 3252
8121 3252
8122 3253
8123 3253
8124 3253
8125 3254
8126 3254
8127 3254
8128 3255
8129 3255
8130 3256
8131 3256
8132 3256
8133 3257
8134 3257
8135 3258
8136 3258
8137 3258
8138 3259
8139 3259
8140 3260
8141 3260
8142 3260
8143 3261
8144 3261
8145 3262
8146 3262
8147 3263
8148 3263
8149 3263
8150 3264
8151 3264
8152 3264
8153 3265
8154 3265
8155 3266
8156 3266
8157 3267
8158 3267
8159 3268
8160 3268
8161 3268
8162 3269
8163 3269
8164 3270
8165 3270
8166 3271
8167 3271
8168 3272
8169 3272
8170 3273
8171 3273
8172 3273
8173 3274
8174 3274
8175 3274
8176 3275
8177 3275
8178 3276
8179 3276
8180 3277
8181 3277
8182 3277
8183 3278
8184 3278
8185 3278
8186 3279
8187 3279
8188 3280
8189 3280
8190 3281
8191 3281
8192 3281
8193 3282
8194 3282
8195 3283
8196 3283
8197 3283
8198 3284
8199 3284
8200 3285
8201 3285
8202 3286
8203 3286
8204 3287
8205 3287
8206 3287
8207 3288
8208 3288
8209 3289
8210 3289
8211 3289
8212 3290
8213 3290
8214 3290
8215 3291
8216 3291
8217 3291
8218 3292
8219 3292
8220 3292
8221 3293
8222 3293
8223 3293
8224 3294
8225 3294
8226 3294
8227 3295
8228 3295
8229 3295
8230 3296
8231 3296
8232 3297
8233 3297
8234 3297
8235 3298
8236 3298
8237 3299
8238 3299
8239 3299
8240 3300
8241 3300
8242 3301
8243 3301
8244 3301
8245 3302
8246 3302
8247 3303
8248 3303
8249 3303
8250 3304
8251 3304
8252 3304
8253 3305
8254 3305
8255 3306
8256 3306
8257 3307
8258 3307
8259 3308
8260 3308
8261 3309
8262 3309
8263 3309
8264 3310
8265 3310
8266 3310
8267 3311
8268 3311
8269 3311
8270 3312
8271 3312
8272 3312
8273 3313
8274 3313
8275 3314
8276 3314
8277 3314
8278 3315
8279 3315
8280 3315
8281 3316
8282 3316
8283 3317
8284 3317
8285 3317
8286 3318
8287 3318
8288 3318
8289 3319
8290 3319
8291 3320
8292 3320
8293 3320
8294 3321
8295 3321
8296 3322
8297 3322
8298 3322
8299 3323
8300 3323
8301 3323
8302 3324
8303 3324
8304 3324
8305 3325
8306 3325
8307 3325
8308 3326
8309 3326
8310 3327
8311 3327
8312 3328
8313 3328
8314 3329
8315 3329
8316 3330
8317 3330
8318 3331
8319 3331
8320 3331
8321 3332
8322 3332
8323 3332
8324 3333
8325 3333
8326 3333
8327 3334
8328 3334
8329 3335
8330 3335
8331 3335
8332 3336
8333 3336
8334 3337
8335 3337
8336 3337
8337 3338
8338 3338
8339 3339
8340 3339
8341 3340
8342 3340
8343 3340
8344 3341
8345 3341
8346 3341
8347 3342
8348 3342
8349 3342
8350 3343
8351 3343
8352 3343
8353 3344
8354 3344
8355 3345
8356 3345
8357 3346
8358 3346
8359 3347
8360 3347
8361 3347
8362 3348
8363 3348
8364 3349
8365 3349
8366 3349
8367 3350
8368 3350
8369 3350
8370 3351
8371 3351
8372 3352
8373 3352
8374 3353
8375 3353
8376 3354
8377 3354
8378 3354
8379 3355
8380 3355
8381 3356
8382 3356
8383 3357
8384 3357
8385 3358
8386 3358
8387 3358
8388 3359
8389 3359
8390 3359
8391 3360
8392 3360
8393 3361
8394 3361
8395 3362
8396 3362
8397 3362
8398 3363
8399 3363
8400 3364
8401 3364
8402 3364
8403 3365
8404 3365
8405 3366
8406 3366
8407 3366
8408 3367
8409 3367
8410 3368
8411 3368
8412 3368
8413 3369
8414 3369
8415 3370
8416 3370
8417 3371
8418 3371
8419 3371
8420 3372
8421 3372
8422 3372
8423 3373
8424 3373
8425 3374
8426 3374
8427 3375
8428 3375
8429 3375
8430 3376
8431 3376
8432 3376
8433 3377
8434 3377
8435 3377
8436 3378
8437 3378
8438 3379
8439 3379
8440 3380
8441 3380
8442 3380
8443 3381
8444 3381
8445 3381
8446 3382
8447 3382
8448 3383
8449 3383
8450 3384
8451 3384
8452 3385
8453 3385
8454 3386
8455 3386
8456 3387
8457 3387
8458 3387
8459 3388
8460 3388
8461 3388
8462 3389
8463 3389
8464 3389
8465 3390
8466 3390
8467 3391
8468 3391
8469 3392
8470 3392
8471 3393
8472 3393
8473 3393
8474 3394
8475 3394
8476 3394
8477 3395
8478 3395
8479 3395
8480 3396
8481 3396
8482 3397
8483 3397
8484 3397
8485 3398
8486 3398
8487 3398
8488 3399
8489 3399
8490 3399
8491 3400
8492 3400
8493 3401
8494 3401
8495 3402
8496 3402
8497 3402
8498 3403
8499 3403
8500 3404
8501 3404
8502 3404
8503 3405
8504 3405
8505 3406
8506 3406
8507 3406
8508 3407
8509 3407
8510 3408
8511 3408
8512 3409
8513 3409
8514 3410
8515 3410
8516 3410
8517 3411
8518 3411
8519 3411
8520 3412
8521 3412
8522 3412
8523 3413
8524 3413
8525 3413
8526 3414
8527 3414
8528 3415
8529 3415
8530 3416
8531 3416
8532 3416
8533 3417
8534 3417
8535 3418
8536 3418
8537 3418
8538 3419
8539 3419
8540 3420
8541 3420
8542 3420
8543 3421
8544 3421
8545 3421
8546 3422
8547 3422
8548 3422
8549 3423
8550 3423
8551 3424
8552 3424
8553 3425
8554 3425
8555 3425
8556 3426
8557 3426
8558 3427
8559 3427
8560 3427
8561 3428
8562 3428
8563 3429
8564 3429
8565 3430
8566 3430
8567 3431
8568 3431
8569 3431
8570 3432
8571 3432
8572 3432
8573 3433
8574 3433
8575 3434
8576 3434
8577 3435
8578 3435
8579 3436
8580 3436
8581 3436
8582 3437
8583 3437
8584 3438
8585 3438
8586 3438
8587 3439
8588 3439
8589 3439
8590 3440
8591 3440
8592 3440
8593 3441
8594 3441
8595 3442
8596 3442
8597 3442
8598 3443
8599 3443
8600 3444
8601 3444
8602 3445
8603 3445
8604 3445
8605 3446
8606 3446
8607 3447
8608 3447
8609 3447
8610 3448
8611 3448
8612 3448
8613 3449
8614 3449
8615 3450
8616 3450
8617 3450
8618 3451
8619 3451
8620 3452
8621 3452
8622 3453
8623 3453
8624 3453
8625 3454
8626 3454
8627 3454
8628 3455
8629 3455
8630 3456
8631 3456
8632 3457
8633 3457
8634 3458
8635 3458
8636 3459
8637 3459
8638 3459
8639 3460
8640 3460
8641 3460
8642 3461
8643 3461
8644 3462
8645 3462
8646 3463
8647 3463
8648 3463
8649 3464
8650 3464
8651 3465
8652 3465
8653 3466
8654 3466
8655 3466
8656 3467
8657 3467
8658 3467
8659 3468
8660 3468
8661 3469
8662 3469
8663 3470
8664 3470
8665 3470
8666 3471
8667 3471
8668 3472
8669 3472
8670 3472
8671 3473
8672 3473
8673 3473
8674 3474
8675 3474
8676 3475
8677 3475
8678 3475
8679 3476
8680 3476
8681 3477
8682 3477
8683 3478
8684 3478
8685 3479
8686 3479
8687 3480
8688 3480
8689 3480
8690 3481
8691 3481
8692 3481
8693 3482
8694 3482
8695 3483
8696 3483
8697 3484
8698 3484
8699 3485
8700 3485
8701 3486
8702 3486
8703 3486
8704 3487
8705 3487
8706 3487
8707 3488
8708 3488
8709 3489
8710 3489
8711 3489
8712 3490
8713 3490
8714 3490
8715 3491
8716 3491
8717 3492
8718 3492
8719 3493
8720 3493
8721 3494
8722 3494
8723 3494
8724 3495
8725 3495
8726 3496
8727 3496
8728 3497
8729 3497
8730 3497
8731 3498
8732 3498
8733 3499
8734 3499
8735 3499
8736 3500
8737 3500
8738 3500
8739 3501
8740 3501
8741 3501
8742 3502
8743 3502
8744 3503
8745 3503
8746 3503
8747 3504
8748 3504
8749 3505
8750 3505
8751 3506
8752 3506
8753 3507
8754 3507
8755 3507
8756 3508
8757 3508
8758 3509
8759 3509
8760 3509
8761 3510
8762 3510
8763 3510
8764 3511
8765 3511
8766 3511
8767 3512
8768 3512
8769 3512
8770 3513
8771 3513
8772 3514
8773 3514
8774 3514
8775 3515
8776 3515
8777 3515
8778 3516
8779 3516
8780 3517
8781 3517
8782 3517
8783 3518
8784 3518
8785 3519
8786 3519
8787 3519
8788 3520
8789 3520
8790 3520
8791 3521
8792 3521
8793 3522
8794 3522
8795 3522
8796 3523
8797 3523
8798 3523
8799 3524
8800 3524
8801 3525
8802 3525
8803 3526
8804 3526
8805 3526
8806 3527
8807 3527
8808 3528
8809 3528
8810 3529
8811 3529
8812 3530
8813 3530
8814 3531
8815 3531
8816 3531
8817 3532
8818 3532
8819 3532
8820 3533
8821 3533
8822 3533
8823 3534
8824 3534
8825 3534
8826 3535
8827 3535
8828 3536
8829 3536
8830 3536
8831 3537
8832 3537
8833 3537
8834 3538
8835 3538
8836 3539
8837 3539
8838 3539
8839 3540
8840 3540
8841 3541
8842 3541
8843 3542
8844 3542
8845 3543
8846 3543
8847 3543
8848 3544
8849 3544
8850 3544
8851 3545
8852 3545
8853 3546
8854 3546
8855 3547
8856 3547
8857 3547
8858 3548
8859 3548
8860 3548
8861 3549
8862 3549
8863 3549
8864 3550
8865 3550
8866 3550
8867 3551
8868 3551
8869 3551
8870 3552
8871 3552
8872 3552
8873 3553
8874 3553
8875 3553
8876 3554
8877 3554
8878 3555
8879 3555
8880 3556
8881 3556
8882 3557
8883 3557
8884 3557
8885 3558
8886 3558
8887 3558
8888 3559
8889 3559
8890 3560
8891 3560
8892 3561
8893 3561
8894 3561
8895 3562
8896 3562
8897 3562
8898 3563
8899 3563
8900 3564
8901 3564
8902 3564
8903 3565
8904 3565
8905 3566
8906 3566
8907 3566
8908 3567
8909 3567
8910 3568
8911 3568
8912 3569
8913 3569
8914 3569
8915 3570
8916 3570
8917 3571
8918 3571
8919 3571
8920 3572
8921 3572
8922 3573
8923 3573
8924 3573
8925 3574
8926 3574
8927 3575
8928 3575
8929 3575
8930 3576
8931 3576
8932 3576
8933 3577
8934 3577
8935 3577
8936 3578
8937 3578
8938 3578
8939 3579
8940 3579
8941 3580
8942 3580
8943 3580
8944 3581
8945 3581
8946 3582
8947 3582
8948 3582
8949 3583
8950 3583
8951 3584
8952 3584
8953 3585
8954 3585
8955 3585
8956 3586
8957 3586
8958 3586
8959 3587
8960 3587
8961 3587
8962 3588
8963 3588
8964 3588
8965 3589
8966 3589
8967 3589
8968 3590
8969 3590
8970 3591
8971 3591
8972 3591
8973 3592
8974 3592
8975 3593
8976 3593
8977 3594
8978 3594
8979 3594
8980 3595
8981 3595
8982 3596
8983 3596
8984 3596
8985 3597
8986 3597
8987 3598
8988 3598
8989 3598
8990 3599
8991 3599
8992 3600
8993 3600
8994 3601
8995 3601
8996 3601
8997 3602
8998 3602
8999 3602
9000 3603
9001 3603
9002 3604
9003 3604
9004 3605
9005 3605
9006 3605
9007 3606
9008 3606
9009 3606
9010 3607
9011 3607
9012 3608
9013 3608
9014 3608
9015 3609
9016 3609
9017 3609
9018 3610
9019 3610
9020 3610
9021 3611
9022 3611
9023 3612
9024 3612
9025 3612
9026 3613
9027 3613
9028 3613
9029 3614
9030 3614
9031 3615
9032 3615
9033 3615
9034 3616
9035 3616
9036 3616
9037 3617
9038 3617
9039 3617
9040 3618
9041 3618
9042 3618
9043 3619
9044 3619
9045 3620
9046 3620
9047 3621
9048 3621
9049 3622
9050 3622
9051 3622
9052 3623
9053 3623
9054 3624
9055 3624
9056 3625
9057 3625
9058 3625
9059 3626
9060 3626
9061 3627
9062 3627
9063 3628
9064 3628
9065 3628
9066 3629
9067 3629
9068 3630
9069 3630
9070 3630
9071 3631
9072 3631
9073 3631
9074 3632
9075 3632
9076 3632
9077 3633
9078 3633
9079 3634
9080 3634
9081 3634
9082 3635
9083 3635
9084 3635
9085 3636
9086 3636
9087 3637
9088 3637
9089 3638
9090 3638
9091 3639
9092 3639
9093 3639
9094 3640
9095 3640
9096 3641
9097 3641
9098 3641
9099 3642
9100 3642
9101 3642
9102 3643
9103 3643
9104 3643
9105 3644
9106 3644
9107 3644
9108 3645
9109 3645
9110 3646
9111 3646
9112 3646
9113 3647
9114 3647
9115 3647
9116 3648
9117 3648
9118 3648
9119 3649
9120 3649
9121 3650
9122 3650
9123 3651
9124 3651
9125 3652
9126 3652
9127 3652
9128 3653
9129 3653
9130 3654
9131 3654
9132 3655
9133 3655
9134 3656
9135 3656
9136 3657
9137 3657
9138 3658
9139 3658
9140 3659
9141 3659
9142 3659
9143 3660
9144 3660
9145 3660
9146 3661
9147 3661
9148 3662
9149 3662
9150 3662
9151 3663
9152 3663
9153 3664
9154 3664
9155 3664
9156 3665
9157 3665
9158 3666
9159 3666
9160 3667
9161 3667
9162 3668
9163 3668
9164 3669
9165 3669
9166 3669
9167 3670
9168 3670
9169 3671
9170 3671
9171 3672
9172 3672
9173 3672
9174 3673
9175 3673
9176 3673
9177 3674
9178 3674
9179 3674
9180 3675
9181 3675
9182 3676
9183 3676
9184 3677
9185 3677
9186 3678
9187 3678
9188 3679
9189 3679
9190 3680
9191 3680
9192 3681
9193 3681
9194 3682
9195 3682
9196 3682
9197 3683
9198 3683
9199 3684
9200 3684
9201 3684
9202 3685
9203 3685
9204 3685
9205 3686
9206 3686
9207 3686
9208 3687
9209 3687
9210 3688
9211 3688
9212 3688
9213 3689
9214 3689
9215 3690
9216 3690
9217 3690
9218 3691
9219 3691
9220 3691
9221 3692
9222 3692
9223 3693
9224 3693
9225 3694
9226 3694
9227 3694
9228 3695
9229 3695
9230 3696
9231 3696
9232 3696
9233 3697
9234 3697
9235 3697
9236 3698
9237 3698
9238 3699
9239 3699
9240 3699
9241 3700
9242 3700
9243 3700
9244 3701
9245 3701
9246 3702
9247 3702
9248 3703
9249 3703
9250 3703
9251 3704
9252 3704
9253 3704
9254 3705
9255 3705
9256 3706
9257 3706
9258 3706
9259 3707
9260 3707
9261 3708
9262 3708
9263 3708
9264 3709
9265 3709
9266 3710
9267 3710
9268 3710
9269 3711
9270 3711
9271 3712
9272 3712
9273 3712
9274 3713
9275 3713
9276 3714
9277 3714
9278 3714
9279 3715
9280 3715
9281 3716
9282 3716
9283 3716
9284 3717
9285 3717
9286 3718
9287 3718
9288 3719
9289 3719
9290 3720
9291 3720
9292 3720
9293 3721
9294 3721
9295 3721
9296 3722
9297 3722
9298 3723
9299 3723
9300 3724
9301 3724
9302 3724
9303 3725
9304 3725
9305 3726
9306 3726
9307 3726
9308 3727
9309 3727
9310 3727
9311 3728
9312 3728
9313 3728
9314 3729
9315 3729
9316 3729
9317 3730
9318 3730
9319 3731
9320 3731
9321 3731
9322 3732
9323 3732
9324 3733
9325 3733
9326 3734
9327 3734
9328 3735
9329 3735
9330 3735
9331 3736
9332 3736
9333 3736
9334 3737
9335 3737
9336 3737
9337 3738
9338 3738
9339 3738
9340 3739
9341 3739
9342 3740
9343 3740
9344 3740
9345 3741
9346 3741
9347 3742
9348 3742
9349 3743
9350 3743
9351 3744
9352 3744
9353 3745
9354 3745
9355 3746
9356 3746
9357 3746
9358 3747
9359 3747
9360 3747
9361 3748
9362 3748
9363 3748
9364 3749
9365 3749
9366 3749
9367 3750
9368 3750
9369 3750
9370 3751
9371 3751
9372 3751
9373 3752
9374 3752
9375 3753
9376 3753
9377 3754
9378 3754
9379 3755
9380 3755
9381 3755
9382 3756
9383 3756
9384 3757
9385 3757
9386 3758
9387 3758
9388 3759
9389 3759
9390 3759
9391 3760
9392 3760
9393 3760
9394 3761
9395 3761
9396 3762
9397 3762
9398 3763
9399 3763
9400 3763
9401 3764
9402 3764
9403 3764
9404 3765
9405 3765
9406 3765
9407 3766
9408 3766
9409 3766
9410 3767
9411 3767
9412 3767
9413 3768
9414 3768
9415 3769
9416 3769
9417 3770
9418 3770
9419 3771
9420 3771
9421 3771
9422 3772
9423 3772
9424 3773
9425 3773
9426 3774
9427 3774
9428 3775
9429 3775
9430 3775
9431 3776
9432 3776
9433 3776
9434 3777
9435 3777
9436 3777
9437 3778
9438 3778
9439 3779
9440 3779
9441 3779
9442 3780
9443 3780
9444 3780
9445 3781
9446 3781
9447 3781
9448 3782
9449 3782
9450 3782
9451 3783
9452 3783
9453 3783
9454 3784
9455 3784
9456 3784
9457 3785
9458 3785
9459 3786
9460 3786
9461 3787
9462 3787
9463 3788
9464 3788
9465 3789
9466 3789
9467 3790
9468 3790
9469 3791
9470 3791
9471 3792
9472 3792
9473 3793
9474 3793
9475 3793
9476 3794
9477 3794
9478 3795
9479 3795
9480 3795
9481 3796
9482 3796
9483 3797
9484 3797
9485 3797
9486 3798
9487 3798
9488 3798
9489 3799
9490 3799
9491 3800
9492 3800
9493 3800
9494 3801
9495 3801
9496 3802
9497 3802
9498 3802
9499 3803
9500 3803
9501 3803
9502 3804
9503 3804
9504 3804
9505 3805
9506 3805
9507 3806
9508 3806
9509 3806
9510 3807
9511 3807
9512 3807
9513 3808
9514 3808
9515 3809
9516 3809
9517 3810
9518 3810
9519 3811
9520 3811
9521 3811
9522 3812
9523 3812
9524 3812
9525 3813
9526 3813
9527 3813
9528 3814
9529 3814
9530 3814
9531 3815
9532 3815
9533 3816
9534 3816
9535 3816
9536 3817
9537 3817
9538 3817
9539 3818
9540 3818
9541 3819
9542 3819
9543 3820
9544 3820
9545 3821
9546 3821
9547 3821
9548 3822
9549 3822
9550 3823
9551 3823
9552 3824
9553 3824
9554 3825
9555 3825
9556 3826
9557 3826
9558 3826
9559 3827
9560 3827
9561 3828
9562 3828
9563 3828
9564 3829
9565 3829
9566 3829
9567 3830
9568 3830
9569 3830
9570 3831
9571 3831
9572 3832
9573 3832
9574 3832
9575 3833
9576 3833
9577 3833
9578 3834
9579 3834
9580 3834
9581 3835
9582 3835
9583 3836
9584 3836
9585 3837
9586 3837
9587 3838
9588 3838
9589 3838
9590 3839
9591 3839
9592 3840
9593 3840
9594 3840
9595 3841
9596 3841
9597 3841
9598 3842
9599 3842
9600 3843
9601 3843
9602 3844
9603 3844
9604 3845
9605 3845
9606 3846
9607 3846
9608 3847
9609 3847
9610 3848
9611 3848
9612 3848
9613 3849
9614 3849
9615 3850
9616 3850
9617 3851
9618 3851
9619 3852
9620 3852
9621 3852
9622 3853
9623 3853
9624 3853
9625 3854
9626 3854
9627 3854
9628 3855
9629 3855
9630 3856
9631 3856
9632 3856
9633 3857
9634 3857
9635 3858
9636 3858
9637 3859
9638 3859
9639 3859
9640 3860
9641 3860
9642 3861
9643 3861
9644 3862
9645 3862
9646 3863
9647 3863
9648 3864
9649 3864
9650 3864
9651 3865
9652 3865
9653 3865
9654 3866
9655 3866
9656 3867
9657 3867
9658 3867
9659 3868
9660 3868
9661 3869
9662 3869
9663 3870
9664 3870
9665 3870
9666 3871
9667 3871
9668 3871
9669 3872
9670 3872
9671 3872
9672 3873
9673 3873
9674 3874
9675 3874
9676 3875
9677 3875
9678 3876
9679 3876
9680 3877
9681 3877
9682 3877
9683 3878
9684 3878
9685 3879
9686 3879
9687 3880
9688 3880
9689 3880
9690 3881
9691 3881
9692 3881
9693 3882
9694 3882
9695 3882
9696 3883
9697 3883
9698 3883
9699 3884
9700 3884
9701 3885
9702 3885
9703 3886
9704 3886
9705 3886
9706 3887
9707 3887
9708 3888
9709 3888
9710 3888
9711 3889
9712 3889
9713 3889
9714 3890
9715 3890
9716 3890
9717 3891
9718 3891
9719 3891
9720 3892
9721 3892
9722 3893
9723 3893
9724 3894
9725 3894
9726 3895
9727 3895
9728 3896
9729 3896
9730 3896
9731 3897
9732 3897
9733 3897
9734 3898
9735 3898
9736 3898
9737 3899
9738 3899
9739 3899
9740 3900
9741 3900
9742 3901
9743 3901
9744 3902
9745 3902
9746 3902
9747 3903
9748 3903
9749 3904
9750 3904
9751 3905
9752 3905
9753 3906
9754 3906
9755 3907
9756 3907
9757 3907
9758 3908
9759 3908
9760 3909
9761 3909
9762 3910
9763 3910
9764 3911
9765 3911
9766 3911
9767 3912
9768 3912
9769 3912
9770 3913
9771 3913
9772 3913
9773 3914
9774 3914
9775 3915
9776 3915
9777 3915
9778 3916
9779 3916
9780 3916
9781 3917
9782 3917
9783 3918
9784 3918
9785 3919
9786 3919
9787 3919
9788 3920
9789 3920
9790 3920
9791 3921
9792 3921
9793 3921
9794 3922
9795 3922
9796 3923
9797 3923
9798 3924
9799 3924
9800 3924
9801 3925
9802 3925
9803 3926
9804 3926
9805 3926
9806 3927
9807 3927
9808 3927
9809 3928
9810 3928
9811 3929
9812 3929
9813 3929
9814 3930
9815 3930
9816 3931
9817 3931
9818 3932
9819 3932
9820 3933
9821 3933
9822 3934
9823 3934
9824 3935
9825 3935
9826 3935
9827 3936
9828 3936
9829 3936
9830 3937
9831 3937
9832 3938
9833 3938
9834 3938
9835 3939
9836 3939
9837 3939
9838 3940
9839 3940
9840 3940
9841 3941
9842 3941
9843 3941
9844 3942
9845 3942
9846 3943
9847 3943
9848 3943
9849 3944
9850 3944
9851 3945
9852 3945
9853 3946
9854 3946
9855 3947
9856 3947
9857 3948
9858 3948
9859 3948
9860 3949
9861 3949
9862 3950
9863 3950
9864 3950
9865 3951
9866 3951
9867 3952
9868 3952
9869 3952
9870 3953
9871 3953
9872 3954
9873 3954
9874 3955
9875 3955
9876 3956
9877 3956
9878 3956
9879 3957
9880 3957
9881 3957
9882 3958
9883 3958
9884 3959
9885 3959
9886 3959
9887 3960
9888 3960
9889 3960
9890 3961
9891 3961
9892 3962
9893 3962
9894 3962
9895 3963
9896 3963
9897 3964
9898 3964
9899 3965
9900 3965
9901 3965
9902 3966
9903 3966
9904 3966
9905 3967
9906 3967
9907 3968
9908 3968
9909 3969
9910 3969
9911 3970
9912 3970
9913 3971
9914 3971
9915 3972
9916 3972
9917 3972
9918 3973
9919 3973
9920 3974
9921 3974
9922 3975
9923 3975
9924 3975
9925 3976
9926 3976
9927 3976
9928 3977
9929 3977
9930 3978
9931 3978
9932 3979
9933 3979
9934 3979
9935 3980
9936 3980
9937 3980
9938 3981
9939 3981
9940 3981
9941 3982
9942 3982
9943 3983
9944 3983
9945 3983
9946 3984
9947 3984
9948 3984
9949 3985
9950 3985
9951 3986
9952 3986
9953 3986
9954 3987
9955 3987
9956 3987
9957 3988
9958 3988
9959 3988
9960 3989
9961 3989
9962 3989
9963 3990
9964 3990
9965 3990
9966 3991
9967 3991
9968 3992
9969 3992
9970 3993
9971 3993
9972 3993
9973 3994
9974 3994
9975 3994
9976 3995
9977 3995
9978 3996
9979 3996
9980 3996
9981 3997
9982 3997
9983 3998
9984 3998
9985 3998
9986 3999
9987 3999
9988 4000
9989 4000
9990 4000
9991 4001
9992 4001
9993 4002
9994 4002
9995 4002
9996 4003
9997 4003
9998 4003
9999 4004
10000 4004
10001 4004
10002 4005
10003 4005
10004 4005
10005 4006
10006 4006
10007 4007
10008 4007
10009 4007
10010 4008
10011 4008
10012 4008
10013 4009
10014 4009
10015 4009
10016 4010
10017 4010
10018 4010
10019 4011
10020 4011
10021 4011
10022 4012
10023 4012
10024 4013
10025 4013
10026 4014
10027 4014
10028 4014
10029 4015
10030 4015
10031 4015
10032 4016
10033 4016
10034 4016
10035 4017
10036 4017
10037 4018
10038 4018
10039 4018
10040 4019
10041 4019
10042 4020
10043 4020
10044 4020
10045 4021
10046 4021
10047 4021
10048 4022
10049 4022
10050 4022
10051 4023
10052 4023
10053 4023
10054 4024
10055 4024
10056 4024
10057 4025
10058 4025
10059 4025
10060 4026
10061 4026
10062 4027
10063 4027
10064 4028
10065 4028
10066 4028
10067 4029
10068 4029
10069 4030
10070 4030
10071 4031
10072 4031
10073 4031
10074 4032
10075 4032
10076 4033
10077 4033
10078 4033
10079 4034
10080 4034
10081 4034
10082 4035
10083 4035
10084 4036
10085 4036
10086 4037
10087 4037
10088 4037
10089 4038
10090 4038
10091 4039
10092 4039
10093 4040
10094 4040
10095 4040
10096 4041
10097 4041
10098 4041
10099 4042
10100 4042
10101 4042
10102 4043
10103 4043
10104 4044
10105 4044
10106 4044
10107 4045
10108 4045
10109 4045
10110 4046
10111 4046
10112 4047
10113 4047
10114 4048
10115 4048
10116 4049
10117 4049
10118 4049
10119 4050
10120 4050
10121 4050
10122 4051
10123 4051
10124 4052
10125 4052
10126 4052
10127 4053
10128 4053
10129 4054
10130 4054
10131 4054
10132 4055
10133 4055
10134 4055
10135 4056
10136 4056
10137 4056
10138 4057
10139 4057
10140 4058
10141 4058
10142 4058
10143 4059
10144 4059
10145 4059
10146 4060
10147 4060
10148 4061
10149 4061
10150 4062
10151 4062
10152 4063
10153 4063
10154 4063
10155 4064
10156 4064
10157 4064
10158 4065
10159 4065
10160 4066
10161 4066
10162 4067
10163 4067
10164 4067
10165 4068
10166 4068
10167 4068
10168 4069
10169 4069
10170 4070
10171 4070
10172 4071
10173 4071
10174 4072
10175 4072
10176 4072
10177 4073
10178 4073
10179 4074
10180 4074
10181 4075
10182 4075
10183 4075
10184 4076
10185 4076
10186 4076
10187 4077
10188 4077
10189 4077
10190 4078
10191 4078
10192 4079
10193 4079
10194 4080
10195 4080
10196 4081
10197 4081
10198 4081
10199 4082
10200 4082
10201 4083
10202 4083
10203 4084
10204 4084
10205 4084
10206 4085
10207 4085
10208 4085
10209 4086
10210 4086
10211 4086
10212 4087
10213 4087
10214 4087
10215 4088
10216 4088
10217 4088
10218 4089
10219 4089
10220 4090
10221 4090
10222 4090
10223 4091
10224 4091
10225 4091
10226 4092
10227 4092
10228 4092
10229 4093
10230 4093
10231 4094
10232 4094
10233 4095
10234 4095
10235 4096
10236 4096
10237 4096
10238 4097
10239 4097
10240 4097
10241 4098
10242 4098
10243 4098
10244 4099
10245 4099
10246 4099
10247 4100
10248 4100
10249 4101
10250 4101
10251 4101
10252 4102
10253 4102
10254 4103
10255 4103
10256 4104
10257 4104
10258 4104
10259 4105
10260 4105
10261 4106
10262 4106
10263 4106
10264 4107
10265 4107
10266 4107
10267 4108
10268 4108
10269 4108
10270 4109
10271 4109
10272 4110
10273 4110
10274 4111
10275 4111
10276 4112
10277 4112
10278 4112
10279 4113
10280 4113
10281 4113
10282 4114
10283 4114
10284 4114
10285 4115
10286 4115
10287 4116
10288 4116
10289 4117
10290 4117
10291 4117
10292 4118
10293 4118
10294 4118
10295 4119
10296 4119
10297 4120
10298 4120
10299 4120
10300 4121
10301 4121
10302 4121
10303 4122
10304 4122
10305 4122
10306 4123
10307 4123
10308 4123
10309 4124
10310 4124
10311 4125
10312 4125
10313 4125
10314 4126
10315 4126
10316 4126
10317 4127
10318 4127
10319 4128
10320 4128
10321 4129
10322 4129
10323 4129
10324 4130
10325 4130
10326 4130
10327 4131
10328 4131
10329 4131
10330 4132
10331 4132
10332 4133
10333 4133
10334 4133
10335 4134
10336 4134
10337 4135
10338 4135
10339 4135
10340 4136
10341 4136
10342 4136
10343 4137
10344 4137
10345 4138
10346 4138
10347 4139
10348 4139
10349 4140
10350 4140
10351 4140
10352 4141
10353 4141
10354 4141
10355 4142
10356 4142
10357 4142
10358 4143
10359 4143
10360 4143
10361 4144
10362 4144
10363 4145
10364 4145
10365 4145
10366 4146
10367 4146
10368 4146
10369 4147
10370 4147
10371 4148
10372 4148
10373 4148
10374 4149
10375 4149
10376 4150
10377 4150
10378 4150
10379 4151
10380 4151
10381 4152
10382 4152
10383 4152
10384 4153
10385 4153
10386 4153
10387 4154
10388 4154
10389 4155
10390 4155
10391 4155
10392 4156
10393 4156
10394 4156
10395 4157
10396 4157
10397 4158
10398 4158
10399 4159
10400 4159
10401 4160
10402 4160
10403 4161
10404 4161
10405 4161
10406 4162
10407 4162
10408 4162
10409 4163
10410 4163
10411 4163
10412 4164
10413 4164
10414 4165
10415 4165
10416 4166
10417 4166
10418 4166
10419 4167
10420 4167
10421 4168
10422 4168
10423 4168
10424 4169
10425 4169
10426 4170
10427 4170
10428 4171
10429 4171
10430 4172
10431 4172
10432 4172
10433 4173
10434 4173
10435 4173
10436 4174
10437 4174
10438 4175
10439 4175
10440 4175
10441 4176
10442 4176
10443 4177
10444 4177
10445 4178
10446 4178
10447 4178
10448 4179
10449 4179
10450 4179
10451 4180
10452 4180
10453 4181
10454 4181
10455 4181
10456 4182
10457 4182
10458 4182
10459 4183
10460 4183
10461 4183
10462 4184
10463 4184
10464 4185
10465 4185
10466 4185
10467 4186
10468 4186
10469 4186
10470 4187
10471 4187
10472 4188
10473 4188
10474 4188
10475 4189
10476 4189
10477 4189
10478 4190
10479 4190
10480 4190
10481 4191
10482 4191
10483 4191
10484 4192
10485 4192
10486 4192
10487 4193
10488 4193
10489 4193
10490 4194
10491 4194
10492 4194
10493 4195
10494 4195
10495 4195
10496 4196
10497 4196
10498 4196
10499 4197
10500 4197
10501 4197
10502 4198
10503 4198
10504 4198
10505 4199
10506 4199
10507 4199
10508 4200
10509 4200
10510 4201
10511 4201
10512 4202
10513 4202
10514 4202
10515 4203
10516 4203
10517 4203
10518 4204
10519 4204
10520 4204
10521 4205
10522 4205
10523 4205
10524 4206
10525 4206
10526 4207
10527 4207
10528 4208
10529 4208
10530 4208
10531 4209
10532 4209
10533 4210
10534 4210
10535 4211
10536 4211
10537 4211
10538 4212
10539 4212
10540 4213
10541 4213
10542 4213
10543 4214
10544 4214
10545 4214
10546 4215
10547 4215
10548 4215
10549 4216
10550 4216
10551 4216
10552 4217
10553 4217
10554 4218
10555 4218
10556 4218
10557 4219
10558 4219
10559 4219
10560 4220
10561 4220
10562 4220
10563 4221
10564 4221
10565 4221
10566 4222
10567 4222
10568 4223
10569 4223
10570 4223
10571 4224
10572 4224
10573 4224
10574 4225
10575 4225
10576 4226
10577 4226
10578 4226
10579 4227
10580 4227
10581 4228
10582 4228
10583 4229
10584 4229
10585 4230
10586 4230
10587 4231
10588 4231
10589 4232
10590 4232
10591 4232
10592 4233
10593 4233
10594 4233
10595 4234
10596 4234
10597 4234
10598 4235
10599 4235
10600 4235
10601 4236
10602 4236
10603 4237
10604 4237
10605 4238
10606 4238
10607 4239
10608 4239
10609 4239
10610 4240
10611 4240
10612 4240
10613 4241
10614 4241
10615 4242
10616 4242
10617 4242
10618 4243
10619 4243
10620 4244
10621 4244
10622 4244
10623 4245
10624 4245
10625 4246
10626 4246
10627 4246
10628 4247
10629 4247
10630 4247
10631 4248
10632 4248
10633 4248
10634 4249
10635 4249
10636 4250
10637 4250
10638 4251
10639 4251
10640 4252
10641 4252
10642 4253
10643 4253
10644 4254
10645 4254
10646 4254
10647 4255
10648 4255
10649 4256
10650 4256
10651 4257
10652 4257
10653 4257
10654 4258
10655 4258
10656 4259
10657 4259
10658 4260
10659 4260
10660 4261
10661 4261
10662 4262
10663 4262
10664 4263
10665 4263
10666 4264
10667 4264
10668 4265
10669 4265
10670 4266
10671 4266
10672 4267
10673 4267
10674 4268
10675 4268
10676 4268
10677 4269
10678 4269
10679 4270
10680 4270
10681 4270
10682 4271
10683 4271
10684 4272
10685 4272
10686 4272
10687 4273
10688 4273
10689 4274
10690 4274
10691 4275
10692 4275
10693 4276
10694 4276
10695 4277
10696 4277
10697 4278
10698 4278
10699 4278
10700 4279
10701 4279
10702 4280
10703 4280
10704 4280
10705 4281
10706 4281
10707 4281
10708 4282
10709 4282
10710 4282
10711 4283
10712 4283
10713 4283
10714 4284
10715 4284
10716 4285
10717 4285
10718 4286
10719 4286
10720 4286
10721 4287
10722 4287
10723 4288
10724 4288
10725 4289
10726 4289
10727 4289
10728 4290
10729 4290
10730 4291
10731 4291
10732 4292
10733 4292
10734 4293
10735 4293
10736 4294
10737 4294
10738 4295
10739 4295
10740 4295
10741 4296
10742 4296
10743 4297
10744 4297
10745 4298
10746 4298
10747 4298
10748 4299
10749 4299
10750 4300
10751 4300
10752 4300
10753 4301
10754 4301
10755 4301
10756 4302
10757 4302
10758 4303
10759 4303
10760 4304
10761 4304
10762 4304
10763 4305
10764 4305
10765 4306
10766 4306
10767 4307
10768 4307
10769 4307
10770 4308
10771 4308
10772 4309
10773 4309
10774 4310
10775 4310
10776 4310
10777 4311
10778 4311
10779 4311
10780 4312
10781 4312
10782 4313
10783 4313
10784 4313
10785 4314
10786 4314
10787 4315
10788 4315
10789 4316
10790 4316
10791 4317
10792 4317
10793 4318
10794 4318
10795 4319
10796 4319
10797 4319
10798 4320
10799 4320
10800 4320
10801 4321
10802 4321
10803 4321
10804 4322
10805 4322
10806 4323
10807 4323
10808 4324
10809 4324
10810 4325
10811 4325
10812 4326
10813 4326
10814 4327
10815 4327
10816 4327
10817 4328
10818 4328
10819 4328
10820 4329
10821 4329
10822 4330
10823 4330
10824 4330
10825 4331
10826 4331
10827 4331
10828 4332
10829 4332
10830 4332
10831 4333
10832 4333
10833 4333
10834 4334
10835 4334
10836 4334
10837 4335
10838 4335
10839 4336
10840 4336
10841 4337
10842 4337
10843 4338
10844 4338
10845 4339
10846 4339
10847 4340
10848 4340
10849 4340
10850 4341
10851 4341
10852 4341
10853 4342
10854 4342
10855 4343
10856 4343
10857 4344
10858 4344
10859 4344
10860 4345
10861 4345
10862 4345
10863 4346
10864 4346
10865 4346
10866 4347
10867 4347
10868 4347
10869 4348
10870 4348
10871 4349
10872 4349
10873 4349
10874 4350
10875 4350
10876 4350
10877 4351
10878 4351
10879 4351
10880 4352
10881 4352
10882 4353
10883 4353
10884 4353
10885 4354
10886 4354
10887 4355
10888 4355
10889 4355
10890 4356
10891 4356
10892 4357
10893 4357
10894 4358
10895 4358
10896 4358
10897 4359
10898 4359
10899 4359
10900 4360
10901 4360
10902 4361
10903 4361
10904 4362
10905 4362
10906 4362
10907 4363
10908 4363
10909 4364
10910 4364
10911 4365
10912 4365
10913 4365
10914 4366
10915 4366
10916 4366
10917 4367
10918 4367
10919 4368
10920 4368
10921 4369
10922 4369
10923 4370
10924 4370
10925 4370
10926 4371
10927 4371
10928 4372
10929 4372
10930 4373
10931 4373
10932 4373
10933 4374
10934 4374
10935 4375
10936 4375
10937 4375
10938 4376
10939 4376
10940 4377
10941 4377
10942 4378
10943 4378
10944 4378
10945 4379
10946 4379
10947 4379
10948 4380
10949 4380
10950 4380
10951 4381
10952 4381
10953 4382
10954 4382
10955 4382
10956 4383
10957 4383
10958 4384
10959 4384
10960 4384
10961 4385
10962 4385
10963 4386
10964 4386
10965 4387
10966 4387
10967 4388
10968 4388
10969 4389
10970 4389
10971 4389
10972 4390
10973 4390
10974 4390
10975 4391
10976 4391
10977 4392
10978 4392
10979 4392
10980 4393
10981 4393
10982 4394
10983 4394
10984 4395
10985 4395
10986 4396
10987 4396
10988 4396
10989 4397
10990 4397
10991 4398
10992 4398
10993 4398
10994 4399
10995 4399
10996 4399
10997 4400
10998 4400
10999 4401
11000 4401
11001 4401
11002 4402
11003 4402
11004 4402
11005 4403
11006 4403
11007 4404
11008 4404
11009 4404
11010 4405
11011 4405
11012 4406
11013 4406
11014 4406
11015 4407
11016 4407
11017 4408
11018 4408
11019 4408
11020 4409
11021 4409
11022 4410
11023 4410
11024 4411
11025 4411
11026 4412
11027 4412
11028 4413
11029 4413
11030 4414
11031 4414
11032 4415
11033 4415
11034 4416
11035 4416
11036 4416
11037 4417
11038 4417
11039 4417
11040 4418
11041 4418
11042 4418
11043 4419
11044 4419
11045 4420
11046 4420
11047 4420
11048 4421
11049 4421
11050 4422
11051 4422
11052 4422
11053 4423
11054 4423
11055 4423
11056 4424
11057 4424
11058 4425
11059 4425
11060 4426
11061 4426
11062 4426
11063 4427
11064 4427
11065 4427
11066 4428
11067 4428
11068 4428
11069 4429
11070 4429
11071 4429
11072 4430
11073 4430
11074 4430
11075 4431
11076 4431
11077 4431
11078 4432
11079 4432
11080 4432
11081 4433
11082 4433
11083 4433
11084 4434
11085 4434
11086 4435
11087 4435
11088 4436
11089 4436
11090 4437
11091 4437
11092 4438
11093 4438
11094 4439
11095 4439
11096 4439
11097 4440
11098 4440
11099 4440
11100 4441
11101 4441
11102 4442
11103 4442
11104 4443
11105 4443
11106 4443
11107 4444
11108 4444
11109 4444
11110 4445
11111 4445
11112 4446
11113 4446
11114 4447
11115 4447
11116 4448
11117 4448
11118 4449
11119 4449
11120 4450
11121 4450
11122 4450
11123 4451
11124 4451
11125 4452
11126 4452
11127 4452
11128 4453
11129 4453
11130 4454
11131 4454
11132 4455
11133 4455
11134 4456
11135 4456
11136 4457
11137 4457
11138 4458
11139 4458
11140 4458
11141 4459
11142 4459
11143 4460
11144 4460
11145 4461
11146 4461
11147 4462
11148 4462
11149 4463
11150 4463
11151 4463
11152 4464
11153 4464
11154 4464
11155 4465
11156 4465
11157 4466
11158 4466
11159 4467
11160 4467
11161 4468
11162 4468
11163 4469
11164 4469
11165 4469
11166 4470
11167 4470
11168 4471
11169 4471
11170 4471
11171 4472
11172 4472
11173 4473
11174 4473
11175 4473
11176 4474
11177 4474
11178 4475
11179 4475
11180 4476
11181 4476
11182 4477
11183 4477
11184 4477
11185 4478
11186 4478
11187 4478
11188 4479
11189 4479
11190 4479
11191 4480
11192 4480
11193 4480
11194 4481
11195 4481
11196 4481
11197 4482
11198 4482
11199 4483
11200 4483
11201 4483
11202 4484
11203 4484
11204 4484
11205 4485
11206 4485
11207 4485
11208 4486
11209 4486
11210 4487
11211 4487
11212 4487
11213 4488
11214 4488
11215 4489
11216 4489
11217 4489
11218 4490
11219 4490
11220 4490
11221 4491
11222 4491
11223 4491
11224 4492
11225 4492
11226 4493
11227 4493
11228 4494
11229 4494
11230 4495
11231 4495
11232 4496
11233 4496
11234 4497
11235 4497
11236 4498
11237 4498
11238 4499
11239 4499
11240 4499
11241 4500
11242 4500
11243 4501
11244 4501
11245 4502
11246 4502
11247 4503
11248 4503
11249 4503
11250 4504
11251 4504
11252 4505
11253 4505
11254 4506
11255 4506
11256 4506
11257 4507
11258 4507
11259 4508
11260 4508
11261 4509
11262 4509
11263 4509
11264 4510
11265 4510
11266 4510
11267 4511
11268 4511
11269 4511
11270 4512
11271 4512
11272 4513
11273 4513
11274 4514
11275 4514
11276 4515
11277 4515
11278 4515
11279 4516
11280 4516
11281 4516
11282 4517
11283 4517
11284 4518
11285 4518
11286 4519
11287 4519
11288 4520
11289 4520
11290 4520
11291 4521
11292 4521
11293 4522
11294 4522
11295 4523
11296 4523
11297 4523
11298 4524
11299 4524
11300 4525
11301 4525
11302 4525
11303 4526
11304 4526
11305 4526
11306 4527
11307 4527
11308 4528
11309 4528
11310 4529
11311 4529
11312 4530
11313 4530
11314 4531
11315 4531
11316 4531
11317 4532
11318 4532
11319 4532
11320 4533
11321 4533
11322 4534
11323 4534
11324 4534
11325 4535
11326 4535
11327 4536
11328 4536
11329 4537
11330 4537
11331 4537
11332 4538
11333 4538
11334 4538
11335 4539
11336 4539
11337 4540
11338 4540
11339 4540
11340 4541
11341 4541
11342 4542
11343 4542
11344 4543
11345 4543
11346 4544
11347 4544
11348 4544
11349 4545
11350 4545
11351 4546
11352 4546
11353 4546
11354 4547
11355 4547
11356 4547
11357 4548
11358 4548
11359 4548
11360 4549
11361 4549
11362 4550
11363 4550
11364 4550
11365 4551
11366 4551
11367 4552
11368 4552
11369 4552
11370 4553
11371 4553
11372 4554
11373 4554
11374 4555
11375 4555
11376 4555
11377 4556
11378 4556
11379 4556
11380 4557
11381 4557
11382 4558
11383 4558
11384 4559
11385 4559
11386 4560
11387 4560
11388 4560
11389 4561
11390 4561
11391 4561
11392 4562
11393 4562
11394 4562
11395 4563
11396 4563
11397 4563
11398 4564
11399 4564
11400 4565
11401 4565
11402 4565
11403 4566
11404 4566
11405 4567
11406 4567
11407 4567
11408 4568
11409 4568
11410 4569
11411 4569
11412 4570
11413 4570
11414 4570
11415 4571
11416 4571
11417 4571
11418 4572
11419 4572
11420 4573
11421 4573
11422 4574
11423 4574
11424 4575
11425 4575
11426 4576
11427 4576
11428 4577
11429 4577
11430 4578
11431 4578
11432 4579
11433 4579
11434 4579
11435 4580
11436 4580
11437 4581
11438 4581
11439 4581
11440 4582
11441 4582
11442 4582
11443 4583
11444 4583
11445 4584
11446 4584
11447 4584
11448 4585
11449 4585
11450 4586
11451 4586
11452 4586
11453 4587
11454 4587
11455 4588
11456 4588
11457 4589
11458 4589
11459 4589
11460 4590
11461 4590
11462 4590
11463 4591
11464 4591
11465 4592
11466 4592
11467 4592
11468 4593
11469 4593
11470 4593
11471 4594
11472 4594
11473 4594
11474 4595
11475 4595
11476 4595
11477 4596
11478 4596
11479 4596
11480 4597
11481 4597
11482 4598
11483 4598
11484 4599
11485 4599
11486 4599
11487 4600
11488 4600
11489 4600
11490 4601
11491 4601
11492 4601
11493 4602
11494 4602
11495 4603
11496 4603
11497 4604
11498 4604
11499 4605
11500 4605
11501 4606
11502 4606
11503 4606
11504 4607
11505 4607
11506 4608
11507 4608
11508 4608
11509 4609
11510 4609
11511 4609
11512 4610
11513 4610
11514 4611
11515 4611
11516 4611
11517 4612
11518 4612
11519 4613
11520 4613
11521 4614
11522 4614
11523 4614
11524 4615
11525 4615
11526 4616
11527 4616
11528 4616
11529 4617
11530 4617
11531 4618
11532 4618
11533 4618
11534 4619
11535 4619
11536 4620
11537 4620
11538 4620
11539 4621
11540 4621
11541 4622
11542 4622
11543 4622
11544 4623
11545 4623
11546 4623
11547 4624
11548 4624
11549 4625
11550 4625
11551 4625
11552 4626
11553 4626
11554 4626
11555 4627
11556 4627
11557 4627
11558 4628
11559 4628
11560 4628
11561 4629
11562 4629
11563 4630
11564 4630
11565 4630
11566 4631
11567 4631
11568 4631
11569 4632
11570 4632
11571 4633
11572 4633
11573 4633
11574 4634
11575 4634
11576 4635
11577 4635
11578 4635
11579 4636
11580 4636
11581 4636
11582 4637
11583 4637
11584 4638
11585 4638
11586 4638
11587 4639
11588 4639
11589 4639
11590 4640
11591 4640
11592 4641
11593 4641
11594 4641
11595 4642
11596 4642
11597 4642
11598 4643
11599 4643
11600 4644
11601 4644
11602 4645
11603 4645
11604 4646
11605 4646
11606 4646
11607 4647
11608 4647
11609 4648
11610 4648
11611 4648
11612 4649
11613 4649
11614 4649
11615 4650
11616 4650
11617 4650
11618 4651
11619 4651
11620 4651
11621 4652
11622 4652
11623 4652
11624 4653
11625 4653
11626 4654
11627 4654
11628 4655
11629 4655
11630 4656
11631 4656
11632 4657
11633 4657
11634 4658
11635 4658
11636 4659
11637 4659
11638 4659
11639 4660
11640 4660
11641 4661
11642 4661
11643 4661
11644 4662
11645 4662
11646 4663
11647 4663
11648 4663
11649 4664
11650 4664
11651 4665
11652 4665
11653 4665
11654 4666
11655 4666
11656 4667
11657 4667
11658 4668
11659 4668
11660 4669
11661 4669
11662 4670
11663 4670
11664 4670
11665 4671
11666 4671
11667 4671
11668 4672
11669 4672
11670 4673
11671 4673
11672 4674
11673 4674
11674 4675
11675 4675
11676 4676
11677 4676
11678 4676
11679 4677
11680 4677
11681 4677
11682 4678
11683 4678
11684 4679
11685 4679
11686 4680
11687 4680
11688 4680
11689 4681
11690 4681
11691 4681
11692 4682
11693 4682
11694 4683
11695 4683
11696 4683
11697 4684
11698 4684
11699 4685
11700 4685
11701 4685
11702 4686
11703 4686
11704 4687
11705 4687
11706 4687
11707 4688
11708 4688
11709 4688
11710 4689
11711 4689
11712 4689
11713 4690
11714 4690
11715 4690
11716 4691
11717 4691
11718 4691
11719 4692
11720 4692
11721 4693
11722 4693
11723 4694
11724 4694
11725 4695
11726 4695
11727 4695
11728 4696
11729 4696
11730 4697
11731 4697
11732 4698
11733 4698
11734 4698
11735 4699
11736 4699
11737 4700
11738 4700
11739 4701
11740 4701
11741 4702
11742 4702
11743 4703
11744 4703
11745 4703
11746 4704
11747 4704
11748 4704
11749 4705
11750 4705
11751 4705
11752 4706
11753 4706
11754 4707
11755 4707
11756 4708
11757 4708
11758 4708
11759 4709
11760 4709
11761 4709
11762 4710
11763 4710
11764 4711
11765 4711
11766 4711
11767 4712
11768 4712
11769 4712
11770 4713
11771 4713
11772 4714
11773 4714
11774 4714
11775 4715
11776 4715
11777 4715
11778 4716
11779 4716
11780 4716
11781 4717
11782 4717
11783 4717
11784 4718
11785 4718
11786 4719
11787 4719
11788 4720
11789 4720
11790 4721
11791 4721
11792 4721
11793 4722
11794 4722
11795 4722
11796 4723
11797 4723
11798 4724
11799 4724
11800 4725
11801 4725
11802 4725
11803 4726
11804 4726
11805 4726
11806 4727
11807 4727
11808 4727
11809 4728
11810 4728
11811 4729
11812 4729
11813 4729
11814 4730
11815 4730
11816 4730
11817 4731
11818 4731
11819 4731
11820 4732
11821 4732
11822 4732
11823 4733
11824 4733
11825 4734
11826 4734
11827 4734
11828 4735
11829 4735
11830 4736
11831 4736
11832 4736
11833 4737
11834 4737
11835 4737
11836 4738
11837 4738
11838 4738
11839 4739
11840 4739
11841 4739
11842 4740
11843 4740
11844 4741
11845 4741
11846 4742
11847 4742
11848 4743
11849 4743
11850 4744
11851 4744
11852 4744
11853 4745
11854 4745
11855 4745
11856 4746
11857 4746
11858 4747
11859 4747
11860 4747
11861 4748
11862 4748
11863 4748
11864 4749
11865 4749
11866 4749
11867 4750
11868 4750
11869 4751
11870 4751
11871 4751
11872 4752
11873 4752
11874 4753
11875 4753
11876 4754
11877 4754
11878 4755
11879 4755
11880 4755
11881 4756
11882 4756
11883 4756
11884 4757
11885 4757
11886 4757
11887 4758
11888 4758
11889 4758
11890 4759
11891 4759
11892 4759
11893 4760
11894 4760
11895 4760
11896 4761
11897 4761
11898 4762
11899 4762
11900 4763
11901 4763
11902 4763
11903 4764
11904 4764
11905 4765
11906 4765
11907 4766
11908 4766
11909 4766
11910 4767
11911 4767
11912 4768
11913 4768
11914 4768
11915 4769
11916 4769
11917 4769
11918 4770
11919 4770
11920 4770
11921 4771
11922 4771
11923 4772
11924 4772
11925 4773
11926 4773
11927 4774
11928 4774
11929 4775
11930 4775
11931 4775
11932 4776
11933 4776
11934 4777
11935 4777
11936 4778
11937 4778
11938 4778
11939 4779
11940 4779
11941 4780
11942 4780
11943 4781
11944 4781
11945 4782
11946 4782
11947 4783
11948 4783
11949 4783
11950 4784
11951 4784
11952 4785
11953 4785
11954 4785
11955 4786
11956 4786
11957 4786
11958 4787
11959 4787
11960 4788
11961 4788
11962 4788
11963 4789
11964 4789
11965 4789
11966 4790
11967 4790
11968 4790
11969 4791
11970 4791
11971 4792
11972 4792
11973 4792
11974 4793
11975 4793
11976 4793
11977 4794
11978 4794
11979 4795
11980 4795
11981 4796
11982 4796
11983 4797
11984 4797
11985 4798
11986 4798
11987 4799
11988 4799
11989 4800
11990 4800
11991 4801
11992 4801
11993 4802
11994 4802
11995 4803
11996 4803
11997 4804
11998 4804
11999 4804
12000 4805
12001 4805
12002 4805
12003 4806
12004 4806
12005 4806
12006 4807
12007 4807
12008 4807
12009 4808
12010 4808
12011 4808
12012 4809
12013 4809
12014 4809
12015 4810
12016 4810
12017 4810
12018 4811
12019 4811
12020 4811
12021 4812
12022 4812
12023 4813
12024 4813
12025 4813
12026 4814
12027 4814
12028 4815
12029 4815
12030 4815
12031 4816
12032 4816
12033 4816
12034 4817
12035 4817
12036 4818
12037 4818
12038 4818
12039 4819
12040 4819
12041 4819
12042 4820
12043 4820
12044 4820
12045 4821
12046 4821
12047 4821
12048 4822
12049 4822
12050 4822
12051 4823
12052 4823
12053 4824
12054 4824
12055 4824
12056 4825
12057 4825
12058 4826
12059 4826
12060 4827
12061 4827
12062 4828
12063 4828
12064 4828
12065 4829
12066 4829
12067 4829
12068 4830
12069 4830
12070 4830
12071 4831
12072 4831
12073 4831
12074 4832
12075 4832
12076 4832
12077 4833
12078 4833
12079 4833
12080 4834
12081 4834
12082 4835
12083 4835
12084 4836
12085 4836
12086 4837
12087 4837
12088 4837
12089 4838
12090 4838
12091 4839
12092 4839
12093 4839
12094 4840
12095 4840
12096 4840
12097 4841
12098 4841
12099 4842
12100 4842
12101 4842
12102 4843
12103 4843
12104 4843
12105 4844
12106 4844
12107 4844
12108 4845
12109 4845
12110 4846
12111 4846
12112 4846
12113 4847
12114 4847
12115 4848
12116 4848
12117 4848
12118 4849
12119 4849
12120 4849
12121 4850
12122 4850
12123 4851
12124 4851
12125 4851
12126 4852
12127 4852
12128 4853
12129 4853
12130 4853
12131 4854
12132 4854
12133 4854
12134 4855
12135 4855
12136 4855
12137 4856
12138 4856
12139 4856
12140 4857
12141 4857
12142 4858
12143 4858
12144 4859
12145 4859
12146 4860
12147 4860
12148 4860
12149 4861
12150 4861
12151 4861
12152 4862
12153 4862
12154 4863
12155 4863
12156 4863
12157 4864
12158 4864
12159 4865
12160 4865
12161 4865
12162 4866
12163 4866
12164 4866
12165 4867
12166 4867
12167 4868
12168 4868
12169 4868
12170 4869
12171 4869
12172 4870
12173 4870
12174 4871
12175 4871
12176 4872
12177 4872
12178 4872
12179 4873
12180 4873
12181 4873
12182 4874
12183 4874
12184 4874
12185 4875
12186 4875
12187 4876
12188 4876
12189 4877
12190 4877
12191 4877
12192 4878
12193 4878
12194 4878
12195 4879
12196 4879
12197 4879
12198 4880
12199 4880
12200 4880
12201 4881
12202 4881
12203 4881
12204 4882
12205 4882
12206 4883
12207 4883
12208 4883
12209 4884
12210 4884
12211 4885
12212 4885
12213 4886
12214 4886
12215 4886
12216 4887
12217 4887
12218 4887
12219 4888
12220 4888
12221 4889
12222 4889
12223 4890
12224 4890
12225 4891
12226 4891
12227 4891
12228 4892
12229 4892
12230 4893
12231 4893
12232 4893
12233 4894
12234 4894
12235 4895
12236 4895
12237 4895
12238 4896
12239 4896
12240 4897
12241 4897
12242 4898
12243 4898
12244 4898
12245 4899
12246 4899
12247 4899
12248 4900
12249 4900
12250 4900
12251 4901
12252 4901
12253 4902
12254 4902
12255 4902
12256 4903
12257 4903
12258 4904
12259 4904
12260 4904
12261 4905
12262 4905
12263 4905
12264 4906
12265 4906
12266 4906
12267 4907
12268 4907
12269 4907
12270 4908
12271 4908
12272 4908
12273 4909
12274 4909
12275 4909
12276 4910
12277 4910
12278 4910
12279 4911
12280 4911
12281 4912
12282 4912
12283 4913
12284 4913
12285 4913
12286 4914
12287 4914
12288 4915
12289 4915
12290 4916
12291 4916
12292 4916
12293 4917
12294 4917
12295 4918
12296 4918
12297 4919
12298 4919
12299 4919
12300 4920
12301 4920
12302 4921
12303 4921
12304 4922
12305 4922
12306 4922
12307 4923
12308 4923
12309 4924
12310 4924
12311 4925
12312 4925
12313 4926
12314 4926
12315 4926
12316 4927
12317 4927
12318 4928
12319 4928
12320 4929
12321 4929
12322 4929
12323 4930
12324 4930
12325 4930
12326 4931
12327 4931
12328 4931
12329 4932
12330 4932
12331 4933
12332 4933
12333 4934
12334 4934
12335 4935
12336 4935
12337 4936
12338 4936
12339 4937
12340 4937
12341 4938
12342 4938
12343 4938
12344 4939
12345 4939
12346 4940
12347 4940
12348 4941
12349 4941
12350 4942
12351 4942
12352 4942
12353 4943
12354 4943
12355 4943
12356 4944
12357 4944
12358 4944
12359 4945
12360 4945
12361 4946
12362 4946
12363 4947
12364 4947
12365 4948
12366 4948
12367 4949
12368 4949
12369 4949
12370 4950
12371 4950
12372 4951
12373 4951
12374 4951
12375 4952
12376 4952
12377 4952
12378 4953
12379 4953
12380 4954
12381 4954
12382 4955
12383 4955
12384 4955
12385 4956
12386 4956
12387 4957
12388 4957
12389 4957
12390 4958
12391 4958
12392 4959
12393 4959
12394 4959
12395 4960
12396 4960
12397 4960
12398 4961
12399 4961
12400 4961
12401 4962
12402 4962
12403 4962
12404 4963
12405 4963
12406 4963
12407 4964
12408 4964
12409 4965
12410 4965
12411 4966
12412 4966
12413 4966
12414 4967
12415 4967
12416 4968
12417 4968
12418 4968
12419 4969
12420 4969
12421 4970
12422 4970
12423 4971
12424 4971
12425 4972
12426 4972
12427 4972
12428 4973
12429 4973
12430 4974
12431 4974
12432 4974
12433 4975
12434 4975
12435 4976
12436 4976
12437 4976
12438 4977
12439 4977
12440 4977
12441 4978
12442 4978
12443 4978
12444 4979
12445 4979
12446 4980
12447 4980
12448 4981
12449 4981
12450 4981
12451 4982
12452 4982
12453 4982
12454 4983
12455 4983
12456 4984
12457 4984
12458 4984
12459 4985
12460 4985
12461 4985
12462 4986
12463 4986
12464 4987
12465 4987
12466 4988
12467 4988
12468 4989
12469 4989
12470 4990
12471 4990
12472 4991
12473 4991
12474 4992
12475 4992
12476 4993
12477 4993
12478 4993
12479 4994
12480 4994
12481 4995
12482 4995
12483 4996
12484 4996
12485 4997
12486 4997
12487 4997
12488 4998
12489 4998
12490 4998
12491 4999
12492 4999
12493 5000
12494 5000
12495
S 1 15
1 2 14
2 3 16
3 4 17
4 5 2
5 6 13
6 7 13
7 8 4
8 9 3
9 10 16
10 11 7
11 12 10
12 13 20
13 14 4
14 15 12
15 16 17
16 17 14
17 18 11
18 19 16
19 20 10
20 21 19
21 22 6
22 23 9
23 24 11
24 25 6
25 26 15
26 27 20
27 28 8
28 29 12
29 30 4
30 31 17
31 32 8
32 33 6
33 34 7
34 35 12
35 36 13
36 37 16
37 38 13
38 39 1
39 40 8
40 41 20
41 42 20
42 43 15
43 44 4
44 45 10
45 46 14
46 47 20
47 48 7
48 49 20
49 50 2
50 51 20
51 52 19
52 53 8
53 54 20
54 55 2
55 56 17
56 57 19
57 58 1
58 59 2
59 60 6
60 61 15
61 62 5
62 63 2
63 64 16
64 65 10
65 66 2
66 67 12
67 68 15
68 69 2
69 70 9
70 71 3
71 72 12
72 73 1
73 74 11
74 75 2
75 76 19
76 77 15
77 78 19
78 79 17
79 80 8
80 81 8
81 82 8
82 83 5
83 84 6
84 85 6
85 86 7
86 87 2
87 88 4
88 89 15
89 90 12
90 91 4
91 92 7
92 93 4
93 94 8
94 95 9
95 96 16
96 97 5
97 98 16
98 99 4
99 100 9
100 101 5
101 102 16
102 103 4
103 104 15
104 105 17
105 106 1
106 107 18
107 108 12
108 109 14
109 110 7
110 111 17
111 112 14
112 113 9
113 114 2
114 115 1
115 116 8
116 117 6
117 118 10
118 119 14
119 120 9
120 121 10
121 122 5
122 123 17
123 124 18
124 125 3
125 126 9
126 127 10
127 128 12
128 129 10
129 130 13
130 131 18
131 132 14
132 133 1
133 134 6
134 135 10
135 136 5
136 137 17
137 138 19
138 139 18
139 140 1
140 141 6
141 142 2
142 143 15
143 144 4
144 145 8
145 146 3
146 147 20
147 148 19
148 149 2
149 150 6
150 151 15
151 152 8
152 153 15
153 154 5
154 155 9
155 156 11
156 157 12
157 158 4
158 159 10
159 160 8
160 161 13
161 162 11
162 163 1
163 164 9
164 165 1
165 166 20
166 167 9
167 168 14
168 169 11
169 170 12
170 171 15
171 172 11
172 173 2
173 174 18
174 175 9
175 176 8
176 177 7
177 178 6
178 179 6
179 180 14
180 181 13
181 182 6
182 183 13
183 184 20
184 185 13
185 186 13
186 187 7
187 188 19
188 189 3
189 190 15
190 191 9
191 192 5
192 193 7
193 194 14
194 195 4
195 196 11
196 197 16
197 198 2
198 199 8
199 200 7
200 201 15
201 202 10
202 203 4
203 204 18
204 205 16
205 206 11
206 207 18
207 208 7
208 209 7
209 210 11
210 211 10
211 212 2
212 213 15
213 214 9
214 215 20
215 216 4
216 217 10
217 218 20
218 219 19
219 220 13
220 221 18
221 222 4
222 223 17
223 224 17
224 225 5
225 226 19
226 227 8
227 228 20
228 229 1
229 230 20
230 231 12
231 232 9
232 233 17
233 234 9
234 235 9
235 236 11
236 237 10
237 238 6
238 239 15
239 240 9
240 241 19
241 242 5
242 243 6
243 244 16
244 245 9
245 246 4
246 247 20
247 248 19
248 249 4
249 250 18
250 251 10
251 252 16
252 253 10
253 254 4
254 255 12
255 256 11
256 257 6
257 258 11
258 259 1
259 260 17
260 261 8
261 262 11
262 263 3
263 264 5
264 265 9
265 266 16
266 267 9
267 268 12
268 269 8
269 270 20
270 271 5
271 272 6
272 273 9
273 274 17
274 275 16
275 276 20
276 277 8
277 278 5
278 279 8
279 280 16
280 281 3
281 282 14
282 283 10
283 284 12
284 285 18
285 286 9
286 287 10
287 288 19
288 289 20
289 290 14
290 291 8
291 292 6
292 293 18
293 294 2
294 295 18
295 296 2
296 297 13
297 298 10
298 299 13
299 300 3
300 301 9
301 302 17
302 303 11
303 304 5
304 305 19
305 306 9
306 307 5
307 308 14
308 309 17
309 310 18
310 311 5
311 312 16
312 313 8
313 314 1
314 315 17
315 316 20
316 317 19
317 318 17
318 319 9
319 320 1
320 321 6
321 322 17
322 323 14
323 324 9
324 325 11
325 326 17
326 327 8
327 328 18
328 329 20
329 330 12
330 331 11
331 332 15
332 333 3
333 334 10
334 335 7
335 336 12
336 337 14
337 338 7
338 339 14
339 340 6
340 341 7
341 342 16
342 343 6
343 344 10
344 345 7
345 346 20
346 347 18
347 348 8
348 349 14
349 350 13
350 351 18
351 352 13
352 353 8
353 354 13
354 355 3
355 356 2
356 357 11
357 358 6
358 359 8
359 360 5
360 361 8
361 362 12
362 363 7
363 364 20
364 365 11
365 366 5
366 367 6
367 368 19
368 369 12
369 370 8
370 371 5
371 372 14
372 373 14
373 374 2
374 375 19
375 376 1
376 377 13
377 378 9
378 379 4
379 380 19
380 381 10
381 382 4
382 383 14
383 384 17
384 385 14
385 386 12
386 387 4
387 388 11
388 389 2
389 390 18
390 391 12
391 392 3
392 393 11
393 394 7
394 395 6
395 396 10
396 397 6
397 398 17
398 399 8
399 400 4
400 401 13
401 402 3
402 403 1
403 404 15
404 405 6
405 406 9
406 407 18
407 408 14
408 409 17
409 410 19
410 411 13
411 412 2
412 413 19
413 414 10
414 415 13
415 416 8
416 417 15
417 418 6
418 419 16
419 420 19
420 421 7
421 422 16
422 423 11
423 424 10
424 425 6
425 426 12
426 427 12
427 428 15
428 429 4
429 430 2
430 431 4
431 432 5
432 433 18
433 434 18
434 435 19
435 436 17
436 437 15
437 438 15
438 439 12
439 440 4
440 441 2
441 442 1
442 443 12
443 444 11
444 445 5
445 446 18
446 447 9
447 448 1
448 449 8
449 450 8
450 451 17
451 452 8
452 453 14
453 454 5
454 455 18
455 456 13
456 457 12
457 458 15
458 459 14
459 460 16
460 461 9
461 462 20
462 463 8
463 464 7
464 465 20
465 466 18
466 467 2
467 468 6
468 469 18
469 470 18
470 471 10
471 472 2
472 473 11
473 474 14
474 475 4
475 476 8
476 477 12
477 478 2
478 479 8
479 480 17
480 481 3
481 482 18
482 483 16
483 484 18
484 485 9
485 486 17
486 487 11
487 488 3
488 489 5
489 490 4
490 491 14
491 492 14
492 493 10
493 494 6
494 495 10
495 496 12
496 497 1
497 498 19
498 499 2
499 500 8
500 501 14
501 502 3
502 503 6
503 504 10
504 505 4
505 506 4
506 507 20
507 508 10
508 509 6
509 510 19
510 511 13
511 512 4
512 513 14
513 514 15
514 515 14
515 516 6
516 517 18
517 518 18
518 519 5
519 520 12
520 521 17
521 522 15
522 523 8
523 524 2
524 525 11
525 526 9
526 527 8
527 528 13
528 529 8
529 530 8
530 531 4
531 532 2
532 533 2
533 534 6
534 535 11
535 536 8
536 537 6
537 538 17
538 539 6
539 540 1
540 541 11
541 542 7
542 543 5
543 544 13
544 545 5
545 546 19
546 547 15
547 548 17
548 549 16
549 550 2
550 551 6
551 552 9
552 553 14
553 554 3
554 555 15
555 556 6
556 557 16
557 558 12
558 559 3
559 560 5
560 561 11
561 562 8
562 563 6
563 564 7
564 565 1
565 566 9
566 567 1
567 568 20
568 569 15
569 570 3
570 571 16
571 572 13
572 573 1
573 574 19
574 575 17
575 576 7
576 577 15
577 578 10
578 579 6
579 580 18
580 581 16
581 582 5
582 583 12
583 584 4
584 585 1
585 586 15
586 587 13
587 588 1
588 589 19
589 590 2
590 591 6
591 592 4
592 593 14
593 594 13
594 595 9
595 596 20
596 597 20
597 598 2
598 599 16
599 600 3
600 601 2
601 602 12
602 603 5
603 604 18
604 605 12
605 606 17
606 607 14
607 608 12
608 609 6
609 610 4
610 611 11
611 612 11
612 613 19
613 614 6
614 615 5
615 616 7
616 617 20
617 618 5
618 619 15
619 620 13
620 621 12
621 622 10
622 623 4
623 624 3
624 625 16
625 626 8
626 627 10
627 628 16
628 629 16
629 630 8
630 631 20
631 632 11
632 633 9
633 634 13
634 635 1
635 636 17
636 637 13
637 638 7
638 639 7
639 640 16
640 641 9
641 642 2
642 643 4
643 644 12
644 645 7
645 646 1
646 647 13
647 648 10
648 649 14
649 650 10
650 651 17
651 652 10
652 653 8
653 654 7
654 655 1
655 656 18
656 657 11
657 658 16
658 659 10
659 660 15
660 661 16
661 662 9
662 663 20
663 664 7
664 665 16
665 666 16
666 667 12
667 668 9
668 669 4
669 670 3
670 671 12
671 672 7
672 673 5
673 674 11
674 675 3
675 676 16
676 677 13
677 678 13
678 679 9
679 680 9
680 681 1
681 682 19
682 683 5
683 684 20
684 685 13
685 686 14
686 687 3
687 688 6
688 689 1
689 690 20
690 691 20
691 692 19
692 693 2
693 694 15
694 695 15
695 696 15
696 697 19
697 698 9
698 699 9
699 700 18
700 701 15
701 702 16
702 703 6
703 704 7
704 705 9
705 706 6
706 707 12
707 708 20
708 709 13
709 710 3
710 711 10
711 712 9
712 713 7
713 714 16
714 715 3
715 716 14
716 717 6
717 718 15
718 719 20
719 720 7
720 721 20
721 722 19
722 723 15
723 724 5
724 725 9
725 726 14
726 727 9
727 728 18
728 729 12
729 730 4
730 731 7
731 732 13
732 733 5
733 734 9
734 735 1
735 736 13
736 737 16
737 738 15
738 739 12
739 740 15
740 741 12
741 742 3
742 743 18
743 744 7
744 745 17
745 746 10
746 747 13
747 748 19
748 749 15
749 750 15
750 751 19
751 752 11
752 753 14
753 754 10
754 755 11
755 756 14
756 757 2
757 758 16
758 759 11
759 760 16
760 761 18
761 762 4
762 763 13
763 764 1
764 765 5
765 766 8
766 767 6
767 768 19
768 769 4
769 770 7
770 771 2
771 772 3
772 773 4
773 774 13
774 775 20
775 776 14
776 777 15
777 778 8
778 779 7
779 780 15
780 781 9
781 782 1
782 783 6
783 784 14
784 785 10
785 786 1
786 787 9
787 788 8
788 789 9
789 790 19
790 791 6
791 792 9
792 793 6
793 794 9
794 795 10
795 796 12
796 797 7
797 798 15
798 799 15
799 800 5
800 801 5
801 802 20
802 803 9
803 804 13
804 805 16
805 806 6
806 807 20
807 808 17
808 809 5
809 810 19
810 811 15
811 812 17
812 813 6
813 814 20
814 815 2
815 816 1
816 817 2
817 818 5
818 819 8
819 820 11
820 821 13
821 822 8
822 823 8
823 824 4
824 825 19
825 826 14
826 827 14
827 828 19
828 829 6
829 830 4
830 831 12
831 832 8
832 833 9
833 834 12
834 835 7
835 836 8
836 837 7
837 838 11
838 839 13
839 840 4
840 841 3
841 842 6
842 843 2
843 844 16
844 845 19
845 846 2
846 847 2
847 848 7
848 849 16
849 850 11
850 851 11
851 852 11
852 853 14
853 854 1
854 855 12
855 856 14
856 857 7
857 858 5
858 859 2
859 860 12
860 861 17
861 862 8
862 863 14
863 864 1
864 865 20
865 866 20
866 867 9
867 868 16
868 869 12
869 870 20
870 871 13
871 872 15
872 873 10
873 874 7
874 875 6
875 876 2
876 877 3
877 878 6
878 879 20
879 880 19
880 881 7
881 882 7
882 883 20
883 884 10
884 885 15
885 886 1
886 887 2
887 888 11
888 889 13
889 890 12
890 891 6
891 892 9
892 893 11
893 894 1
894 895 19
895 896 19
896 897 1
897 898 14
898 899 14
899 900 11
900 901 20
901 902 5
902 903 12
903 904 8
904 905 1
905 906 12
906 907 20
907 908 2
908 909 3
909 910 1
910 911 1
911 912 5
912 913 16
913 914 19
914 915 1
915 916 20
916 917 20
917 918 10
918 919 12
919 920 8
920 921 13
921 922 14
922 923 18
923 924 15
924 925 2
925 926 10
926 927 13
927 928 2
928 929 13
929 930 4
930 931 10
931 932 15
932 933 15
933 934 12
934 935 13
935 936 17
936 937 15
937 938 8
938 939 13
939 940 4
940 941 9
941 942 16
942 943 14
943 944 2
944 945 9
945 946 4
946 947 19
947 948 15
948 949 18
949 950 20
950 951 8
951 952 8
952 953 12
953 954 1
954 955 18
955 956 16
956 957 7
957 958 12
958 959 1
959 960 14
960 961 2
961 962 18
962 963 6
963 964 10
964 965 3
965 966 11
966 967 2
967 968 9
968 969 12
969 970 3
970 971 20
971 972 20
972 973 17
973 974 12
974 975 2
975 976 3
976 977 20
977 978 1
978 979 6
979 980 19
980 981 16
981 982 3
982 983 9
983 984 7
984 985 11
985 986 11
986 987 14
987 988 1
988 989 4
989 990 8
990 991 19
991 992 6
992 993 14
993 994 4
994 995 3
995 996 17
996 997 3
997 998 8
998 999 16
999 1000 8
1000 1001 16
1001 1002 13
1002 1003 7
1003 1004 4
1004 1005 3
1005 1006 8
1006 1007 2
1007 1008 18
1008 1009 13
1009 1010 7
1010 1011 15
1011 1012 4
1012 1013 15
1013 1014 1
1014 1015 16
1015 1016 4
1016 1017 13
1017 1018 7
1018 1019 8
1019 1020 10
1020 1021 19
1021 1022 19
1022 1023 17
1023 1024 16
1024 1025 7
1025 1026 9
1026 1027 10
1027 1028 1
1028 1029 7
1029 1030 8
1030 1031 11
1031 1032 10
1032 1033 2
1033 1034 19
1034 1035 15
1035 1036 14
1036 1037 4
1037 1038 3
1038 1039 19
1039 1040 13
1040 1041 10
1041 1042 12
1042 1043 15
1043 1044 20
1044 1045 16
1045 1046 16
1046 1047 13
1047 1048 3
1048 1049 4
1049 1050 15
1050 1051 7
1051 1052 13
1052 1053 15
1053 1054 4
1054 1055 6
1055 1056 3
1056 1057 15
1057 1058 14
1058 1059 19
1059 1060 15
1060 1061 6
1061 1062 1
1062 1063 13
1063 1064 11
1064 1065 12
1065 1066 19
1066 1067 11
1067 1068 7
1068 1069 16
1069 1070 14
1070 1071 4
1071 1072 13
1072 1073 7
1073 1074 1
1074 1075 5
1075 1076 12
1076 1077 6
1077 1078 6
1078 1079 11
1079 1080 13
1080 1081 6
1081 1082 9
1082 1083 20
1083 1084 10
1084 1085 2
1085 1086 16
1086 1087 6
1087 1088 3
1088 1089 17
1089 1090 17
1090 1091 16
1091 1092 19
1092 1093 5
1093 1094 18
1094 1095 13
1095 1096 8
1096 1097 2
1097 1098 13
1098 1099 18
1099 1100 15
1100 1101 8
1101 1102 9
1102 1103 4
1103 1104 8
1104 1105 3
1105 1106 12
1106 1107 11
1107 1108 19
1108 1109 7
1109 1110 8
1110 1111 12
1111 1112 3
1112 1113 6
1113 1114 1
1114 1115 15
1115 1116 16
1116 1117 18
1117 1118 5
1118 1119 12
1119 1120 12
1120 1121 7
1121 1122 14
1122 1123 5
1123 1124 12
1124 1125 7
1125 1126 20
1126 1127 4
1127 1128 19
1128 1129 15
1129 1130 15
1130 1131 6
1131 1132 10
1132 1133 19
1133 1134 2
1134 1135 17
1135 1136 9
1136 1137 8
1137 1138 14
1138 1139 1
1139 1140 16
1140 1141 3
1141 1142 7
1142 1143 6
1143 1144 18
1144 1145 13
1145 1146 2
1146 1147 7
1147 1148 4
1148 1149 3
1149 1150 16
1150 1151 18
1151 1152 12
1152 1153 12
1153 1154 11
1154 1155 11
1155 1156 9
1156 1157 20
1157 1158 18
1158 1159 9
1159 1160 1
1160 1161 11
1161 1162 15
1162 1163 13
1163 1164 9
1164 1165 16
1165 1166 20
1166 1167 10
1167 1168 13
1168 1169 16
1169 1170 7
1170 1171 8
1171 1172 17
1172 1173 7
1173 1174 1
1174 1175 11
1175 1176 3
1176 1177 7
1177 1178 16
1178 1179 4
1179 1180 8
1180 1181 7
1181 1182 15
1182 1183 19
1183 1184 3
1184 1185 14
1185 1186 12
1186 1187 17
1187 1188 11
1188 1189 12
1189 1190 5
1190 1191 18
1191 1192 9
1192 1193 5
1193 1194 4
1194 1195 8
1195 1196 15
1196 1197 3
1197 1198 7
1198 1199 4
1199 1200 14
1200 1201 12
1201 1202 13
1202 1203 15
1203 1204 20
1204 1205 19
1205 1206 16
1206 1207 14
1207 1208 19
1208 1209 9
1209 1210 9
1210 1211 4
1211 1212 9
1212 1213 17
1213 1214 3
1214 1215 7
1215 1216 15
1216 1217 7
1217 1218 14
1218 1219 4
1219 1220 4
1220 1221 4
1221 1222 1
1222 1223 10
1223 1224 8
1224 1225 15
1225 1226 7
1226 1227 18
1227 1228 2
1228 1229 16
1229 1230 16
1230 1231 4
1231 1232 2
1232 1233 1
1233 1234 10
1234 1235 6
1235 1236 4
1236 1237 1
1237 1238 12
1238 1239 14
1239 1240 19
1240 1241 16
1241 1242 17
1242 1243 4
1243 1244 12
1244 1245 4
1245 1246 18
1246 1247 20
1247 1248 16
1248 1249 5
1249 1250 18
1250 1251 12
1251 1252 6
1252 1253 12
1253 1254 3
1254 1255 20
1255 1256 19
1256 1257 9
1257 1258 12
1258 1259 17
1259 1260 20
1260 1261 7
1261 1262 6
1262 1263 11
1263 1264 19
1264 1265 14
1265 1266 4
1266 1267 9
1267 1268 13
1268 1269 16
1269 1270 2
1270 1271 19
1271 1272 5
1272 1273 10
1273 1274 16
1274 1275 11
1275 1276 19
1276 1277 4
1277 1278 11
1278 1279 11
1279 1280 10
1280 1281 9
1281 1282 9
1282 1283 2
1283 1284 12
1284 1285 11
1285 1286 2
1286 1287 19
1287 1288 14
1288 1289 19
1289 1290 3
1290 1291 15
1291 1292 3
1292 1293 6
1293 1294 5
1294 1295 7
1295 1296 8
1296 1297 1
1297 1298 13
1298 1299 2
1299 1300 19
1300 1301 5
1301 1302 2
1302 1303 16
1303 1304 5
1304 1305 3
1305 1306 7
1306 1307 2
1307 1308 14
1308 1309 7
1309 1310 7
1310 1311 6
1311 1312 9
1312 1313 13
1313 1314 18
1314 1315 2
1315 1316 7
1316 1317 12
1317 1318 2
1318 1319 12
1319 1320 17
1320 1321 11
1321 1322 16
1322 1323 13
1323 1324 16
1324 1325 6
1325 1326 18
1326 1327 9
1327 1328 6
1328 1329 7
1329 1330 17
1330 1331 12
1331 1332 1
1332 1333 4
1333 1334 5
1334 1335 9
1335 1336 16
1336 1337 16
1337 1338 7
1338 1339 7
1339 1340 7
1340 1341 12
1341 1342 19
1342 1343 9
1343 1344 20
1344 1345 15
1345 1346 19
1346 1347 12
1347 1348 16
1348 1349 17
1349 1350 1
1350 1351 13
1351 1352 10
1352 1353 16
1353 1354 15
1354 1355 15
1355 1356 8
1356 1357 5
1357 1358 14
1358 1359 6
1359 1360 16
1360 1361 14
1361 1362 19
1362 1363 7
1363 1364 6
1364 1365 4
1365 1366 16
1366 1367 5
1367 1368 20
1368 1369 4
1369 1370 6
1370 1371 18
1371 1372 11
1372 1373 19
1373 1374 10
1374 1375 8
1375 1376 11
1376 1377 10
1377 1378 8
1378 1379 8
1379 1380 4
1380 1381 6
1381 1382 11
1382 1383 1
1383 1384 20
1384 1385 7
1385 1386 18
1386 1387 11
1387 1388 10
1388 1389 12
1389 1390 1
1390 1391 5
1391 1392 18
1392 1393 20
1393 1394 20
1394 1395 18
1395 1396 13
1396 1397 7
1397 1398 13
1398 1399 11
1399 1400 17
1400 1401 3
1401 1402 20
1402 1403 3
1403 1404 11
1404 1405 5
1405 1406 13
1406 1407 4
1407 1408 19
1408 1409 7
1409 1410 6
1410 1411 9
1411 1412 8
1412 1413 15
1413 1414 12
1414 1415 15
1415 1416 2
1416 1417 6
1417 1418 19
1418 1419 17
1419 1420 18
1420 1421 16
1421 1422 11
1422 1423 20
1423 1424 15
1424 1425 12
1425 1426 16
1426 1427 8
1427 1428 12
1428 1429 3
1429 1430 1
1430 1431 17
1431 1432 13
1432 1433 15
1433 1434 9
1434 1435 14
1435 1436 6
1436 1437 8
1437 1438 10
1438 1439 8
1439 1440 12
1440 1441 2
1441 1442 6
1442 1443 17
1443 1444 14
1444 1445 1
1445 1446 4
1446 1447 3
1447 1448 12
1448 1449 8
1449 1450 1
1450 1451 6
1451 1452 13
1452 1453 1
1453 1454 1
1454 1455 1
1455 1456 10
1456 1457 12
1457 1458 17
1458 1459 16
1459 1460 18
1460 1461 2
1461 1462 19
1462 1463 17
1463 1464 9
1464 1465 6
1465 1466 7
1466 1467 11
1467 1468 15
1468 1469 7
1469 1470 17
1470 1471 19
1471 1472 5
1472 1473 9
1473 1474 16
1474 1475 11
1475 1476 10
1476 1477 3
1477 1478 4
1478 1479 3
1479 1480 1
1480 1481 18
1481 1482 9
1482 1483 2
1483 1484 5
1484 1485 9
1485 1486 10
1486 1487 13
1487 1488 19
1488 1489 13
1489 1490 13
1490 1491 16
1491 1492 13
1492 1493 2
1493 1494 6
1494 1495 13
1495 1496 14
1496 1497 20
1497 1498 9
1498 1499 2
1499 1500 6
1500 1501 1
1501 1502 13
1502 1503 14
1503 1504 11
1504 1505 19
1505 1506 6
1506 1507 11
1507 1508 12
1508 1509 16
1509 1510 13
1510 1511 3
1511 1512 6
1512 1513 2
1513 1514 12
1514 1515 10
1515 1516 19
1516 1517 15
1517 1518 9
1518 1519 6
1519 1520 3
1520 1521 3
1521 1522 11
1522 1523 15
1523 1524 4
1524 1525 8
1525 1526 9
1526 1527 9
1527 1528 5
1528 1529 2
1529 1530 14
1530 1531 16
1531 1532 13
1532 1533 18
1533 1534 16
1534 1535 18
1535 1536 6
1536 1537 4
1537 1538 19
1538 1539 17
1539 1540 6
1540 1541 20
1541 1542 12
1542 1543 8
1543 1544 9
1544 1545 1
1545 1546 13
1546 1547 5
1547 1548 1
1548 1549 2
1549 1550 4
1550 1551 5
1551 1552 6
1552 1553 18
1553 1554 13
1554 1555 14
1555 1556 14
1556 1557 13
1557 1558 7
1558 1559 1
1559 1560 15
1560 1561 1
1561 1562 1
1562 1563 9
1563 1564 9
1564 1565 20
1565 1566 8
1566 1567 16
1567 1568 18
1568 1569 8
1569 1570 6
1570 1571 20
1571 1572 14
1572 1573 7
1573 1574 13
1574 1575 5
1575 1576 3
1576 1577 7
1577 1578 19
1578 1579 20
1579 1580 9
1580 1581 3
1581 1582 9
1582 1583 12
1583 1584 15
1584 1585 1
1585 1586 5
1586 1587 19
1587 1588 20
1588 1589 3
1589 1590 10
1590 1591 2
1591 1592 17
1592 1593 1
1593 1594 10
1594 1595 15
1595 1596 6
1596 1597 17
1597 1598 12
1598 1599 10
1599 1600 20
1600 1601 3
1601 1602 19
1602 1603 10
1603 1604 19
1604 1605 7
1605 1606 2
1606 1607 15
1607 1608 9
1608 1609 7
1609 1610 10
1610 1611 9
1611 1612 6
1612 1613 20
1613 1614 19
1614 1615 2
1615 1616 16
1616 1617 7
1617 1618 8
1618 1619 5
1619 1620 16
1620 1621 2
1621 1622 4
1622 1623 18
1623 1624 16
1624 1625 1
1625 1626 4
1626 1627 16
1627 1628 20
1628 1629 3
1629 1630 20
1630 1631 19
1631 1632 13
1632 1633 4
1633 1634 2
1634 1635 9
1635 1636 16
1636 1637 13
1637 1638 10
1638 1639 20
1639 1640 15
1640 1641 12
1641 1642 9
1642 1643 11
1643 1644 2
1644 1645 3
1645 1646 6
1646 1647 7
1647 1648 9
1648 1649 5
1649 1650 12
1650 1651 6
1651 1652 20
1652 1653 12
1653 1654 10
1654 1655 5
1655 1656 10
1656 1657 12
1657 1658 1
1658 1659 14
1659 1660 5
1660 1661 11
1661 1662 3
1662 1663 16
1663 1664 12
1664 1665 19
1665 1666 4
1666 1667 8
1667 1668 5
1668 1669 16
1669 1670 19
1670 1671 9
1671 1672 3
1672 1673 7
1673 1674 2
1674 1675 12
1675 1676 8
1676 1677 5
1677 1678 4
1678 1679 13
1679 1680 15
1680 1681 19
1681 1682 9
1682 1683 2
1683 1684 5
1684 1685 3
1685 1686 15
1686 1687 20
1687 1688 13
1688 1689 14
1689 1690 17
1690 1691 20
1691 1692 15
1692 1693 1
1693 1694 8
1694 1695 19
1695 1696 10
1696 1697 2
1697 1698 4
1698 1699 5
1699 1700 12
1700 1701 1
1701 1702 1
1702 1703 3
1703 1704 4
1704 1705 9
1705 1706 2
1706 1707 4
1707 1708 5
1708 1709 1
1709 1710 6
1710 1711 16
1711 1712 9
1712 1713 17
1713 1714 8
1714 1715 19
1715 1716 17
1716 1717 1
1717 1718 8
1718 1719 1
1719 1720 13
1720 1721 6
1721 1722 6
1722 1723 2
1723 1724 17
1724 1725 18
1725 1726 2
1726 1727 12
1727 1728 11
1728 1729 11
1729 1730 14
1730 1731 18
1731 1732 15
1732 1733 2
1733 1734 6
1734 1735 13
1735 1736 2
1736 1737 12
1737 1738 9
1738 1739 6
1739 1740 7
1740 1741 2
1741 1742 19
1742 1743 15
1743 1744 5
1744 1745 18
1745 1746 13
1746 1747 16
1747 1748 4
1748 1749 16
1749 1750 17
1750 1751 17
1751 1752 15
1752 1753 2
1753 1754 9
1754 1755 16
1755 1756 5
1756 1757 8
1757 1758 11
1758 1759 16
1759 1760 2
1760 1761 7
1761 1762 2
1762 1763 6
1763 1764 6
1764 1765 16
1765 1766 6
1766 1767 11
1767 1768 6
1768 1769 18
1769 1770 1
1770 1771 13
1771 1772 11
1772 1773 20
1773 1774 12
1774 1775 3
1775 1776 8
1776 1777 5
1777 1778 1
1778 1779 2
1779 1780 9
1780 1781 8
1781 1782 16
1782 1783 7
1783 1784 20
1784 1785 3
1785 1786 2
1786 1787 20
1787 1788 8
1788 1789 4
1789 1790 1
1790 1791 19
1791 1792 17
1792 1793 9
1793 1794 5
1794 1795 20
1795 1796 16
1796 1797 2
1797 1798 4
1798 1799 7
1799 1800 7
1800 1801 8
1801 1802 13
1802 1803 7
1803 1804 11
1804 1805 10
1805 1806 7
1806 1807 5
1807 1808 2
1808 1809 19
1809 1810 15
1810 1811 4
1811 1812 8
1812 1813 16
1813 1814 20
1814 1815 3
1815 1816 6
1816 1817 18
1817 1818 13
1818 1819 3
1819 1820 3
1820 1821 4
1821 1822 18
1822 1823 14
1823 1824 8
1824 1825 6
1825 1826 5
1826 1827 2
1827 1828 5
1828 1829 4
1829 1830 7
1830 1831 5
1831 1832 5
1832 1833 13
1833 1834 8
1834 1835 1
1835 1836 17
1836 1837 20
1837 1838 13
1838 1839 4
1839 1840 7
1840 1841 17
1841 1842 12
1842 1843 18
1843 1844 13
1844 1845 13
1845 1846 14
1846 1847 8
1847 1848 19
1848 1849 20
1849 1850 11
1850 1851 13
1851 1852 6
1852 1853 8
1853 1854 2
1854 1855 1
1855 1856 9
1856 1857 16
1857 1858 20
1858 1859 11
1859 1860 15
1860 1861 8
1861 1862 20
1862 1863 17
1863 1864 16
1864 1865 18
1865 1866 2
1866 1867 13
1867 1868 15
1868 1869 7
1869 1870 12
1870 1871 5
1871 1872 19
1872 1873 17
1873 1874 8
1874 1875 12
1875 1876 11
1876 1877 5
1877 1878 10
1878 1879 15
1879 1880 6
1880 1881 11
1881 1882 12
1882 1883 7
1883 1884 17
1884 1885 13
1885 1886 14
1886 1887 2
1887 1888 7
1888 1889 16
1889 1890 6
1890 1891 9
1891 1892 2
1892 1893 5
1893 1894 7
1894 1895 13
1895 1896 5
1896 1897 10
1897 1898 14
1898 1899 18
1899 1900 12
1900 1901 13
1901 1902 9
1902 1903 3
1903 1904 3
1904 1905 14
1905 1906 7
1906 1907 6
1907 1908 18
1908 1909 1
1909 1910 20
1910 1911 12
1911 1912 5
1912 1913 14
1913 1914 1
1914 1915 1
1915 1916 19
1916 1917 8
1917 1918 6
1918 1919 19
1919 1920 2
1920 1921 8
1921 1922 11
1922 1923 18
1923 1924 11
1924 1925 20
1925 1926 11
1926 1927 20
1927 1928 17
1928 1929 19
1929 1930 14
1930 1931 11
1931 1932 10
1932 1933 4
1933 1934 15
1934 1935 2
1935 1936 9
1936 1937 16
1937 1938 2
1938 1939 20
1939 1940 7
1940 1941 2
1941 1942 16
1942 1943 5
1943 1944 13
1944 1945 11
1945 1946 15
1946 1947 1
1947 1948 14
1948 1949 8
1949 1950 5
1950 1951 19
1951 1952 8
1952 1953 12
1953 1954 17
1954 1955 18
1955 1956 8
1956 1957 17
1957 1958 16
1958 1959 18
1959 1960 12
1960 1961 7
1961 1962 8
1962 1963 17
1963 1964 14
1964 1965 4
1965 1966 7
1966 1967 12
1967 1968 20
1968 1969 15
1969 1970 11
1970 1971 17
1971 1972 18
1972 1973 2
1973 1974 2
1974 1975 19
1975 1976 10
1976 1977 3
1977 1978 1
1978 1979 4
1979 1980 4
1980 1981 16
1981 1982 2
1982 1983 19
1983 1984 17
1984 1985 5
1985 1986 6
1986 1987 8
1987 1988 17
1988 1989 18
1989 1990 1
1990 1991 1
1991 1992 15
1992 1993 18
1993 1994 2
1994 1995 3
1995 1996 15
1996 1997 7
1997 1998 10
1998 1999 20
1999 2000 15
2000 2001 14
2001 2002 4
2002 2003 1
2003 2004 7
2004 2005 19
2005 2006 18
2006 2007 11
2007 2008 14
2008 2009 13
2009 2010 6
2010 2011 7
2011 2012 12
2012 2013 5
2013 2014 18
2014 2015 18
2015 2016 1
2016 2017 16
2017 2018 17
2018 2019 6
2019 2020 4
2020 2021 15
2021 2022 14
2022 2023 4
2023 2024 4
2024 2025 13
2025 2026 2
2026 2027 8
2027 2028 20
2028 2029 4
2029 2030 16
2030 2031 7
2031 2032 20
2032 2033 13
2033 2034 4
2034 2035 11
2035 2036 19
2036 2037 2
2037 2038 5
2038 2039 3
2039 2040 4
2040 2041 9
2041 2042 5
2042 2043 16
2043 2044 17
2044 2045 15
2045 2046 9
2046 2047 5
2047 2048 11
2048 2049 13
2049 2050 18
2050 2051 14
2051 2052 15
2052 2053 14
2053 2054 17
2054 2055 9
2055 2056 16
2056 2057 17
2057 2058 8
2058 2059 11
2059 2060 20
2060 2061 1
2061 2062 13
2062 2063 8
2063 2064 12
2064 2065 15
2065 2066 19
2066 2067 19
2067 2068 7
2068 2069 18
2069 2070 5
2070 2071 11
2071 2072 1
2072 2073 12
2073 2074 10
2074 2075 6
2075 2076 3
2076 2077 13
2077 2078 2
2078 2079 11
2079 2080 7
2080 2081 8
2081 2082 11
2082 2083 19
2083 2084 17
2084 2085 12
2085 2086 15
2086 2087 17
2087 2088 6
2088 2089 17
2089 2090 3
2090 2091 18
2091 2092 13
2092 2093 13
2093 2094 17
2094 2095 9
2095 2096 15
2096 2097 1
2097 2098 17
2098 2099 8
2099 2100 15
2100 2101 14
2101 2102 17
2102 2103 18
2103 2104 19
2104 2105 7
2105 2106 7
2106 2107 3
2107 2108 3
2108 2109 5
2109 2110 7
2110 2111 3
2111 2112 4
2112 2113 11
2113 2114 3
2114 2115 8
2115 2116 11
2116 2117 8
2117 2118 2
2118 2119 6
2119 2120 7
2120 2121 15
2121 2122 10
2122 2123 14
2123 2124 8
2124 2125 11
2125 2126 11
2126 2127 3
2127 2128 7
2128 2129 14
2129 2130 12
2130 2131 9
2131 2132 7
2132 2133 11
2133 2134 14
2134 2135 13
2135 2136 6
2136 2137 5
2137 2138 16
2138 2139 15
2139 2140 13
2140 2141 8
2141 2142 8
2142 2143 14
2143 2144 19
2144 2145 9
2145 2146 3
2146 2147 1
2147 2148 2
2148 2149 20
2149 2150 17
2150 2151 2
2151 2152 9
2152 2153 8
2153 2154 1
2154 2155 5
2155 2156 1
2156 2157 9
2157 2158 9
2158 2159 13
2159 2160 4
2160 2161 14
2161 2162 14
2162 2163 20
2163 2164 2
2164 2165 6
2165 2166 4
2166 2167 16
2167 2168 11
2168 2169 2
2169 2170 5
2170 2171 12
2171 2172 4
2172 2173 20
2173 2174 14
2174 2175 6
2175 2176 15
2176 2177 17
2177 2178 10
2178 2179 6
2179 2180 18
2180 2181 1
2181 2182 9
2182 2183 8
2183 2184 1
2184 2185 10
2185 2186 8
2186 2187 11
2187 2188 18
2188 2189 1
2189 2190 2
2190 2191 3
2191 2192 18
2192 2193 5
2193 2194 4
2194 2195 19
2195 2196 5
2196 2197 3
2197 2198 13
2198 2199 16
2199 2200 4
2200 2201 18
2201 2202 3
2202 2203 15
2203 2204 18
2204 2205 19
2205 2206 1
2206 2207 4
2207 2208 7
2208 2209 20
2209 2210 19
2210 2211 13
2211 2212 5
2212 2213 17
2213 2214 10
2214 2215 1
2215 2216 19
2216 2217 3
2217 2218 10
2218 2219 19
2219 2220 12
2220 2221 2
2221 2222 18
2222 2223 13
2223 2224 16
2224 2225 4
2225 2226 18
2226 2227 18
2227 2228 13
2228 2229 4
2229 2230 6
2230 2231 5
2231 2232 13
2232 2233 18
2233 2234 4
2234 2235 10
2235 2236 17
2236 2237 7
2237 2238 16
2238 2239 6
2239 2240 12
2240 2241 13
2241 2242 17
2242 2243 19
2243 2244 6
2244 2245 10
2245 2246 14
2246 2247 13
2247 2248 6
2248 2249 18
2249 2250 2
2250 2251 2
2251 2252 18
2252 2253 6
2253 2254 18
2254 2255 13
2255 2256 9
2256 2257 18
2257 2258 11
2258 2259 15
2259 2260 8
2260 2261 8
2261 2262 14
2262 2263 18
2263 2264 10
2264 2265 12
2265 2266 1
2266 2267 12
2267 2268 13
2268 2269 6
2269 2270 13
2270 2271 17
2271 2272 9
2272 2273 10
2273 2274 4
2274 2275 16
2275 2276 15
2276 2277 3
2277 2278 8
2278 2279 6
2279 2280 14
2280 2281 14
2281 2282 7
2282 2283 9
2283 2284 19
2284 2285 6
2285 2286 4
2286 2287 13
2287 2288 2
2288 2289 17
2289 2290 12
2290 2291 7
2291 2292 8
2292 2293 18
2293 2294 15
2294 2295 14
2295 2296 11
2296 2297 11
2297 2298 10
2298 2299 13
2299 2300 6
2300 2301 10
2301 2302 3
2302 2303 10
2303 2304 2
2304 2305 3
2305 2306 2
2306 2307 8
2307 2308 19
2308 2309 11
2309 2310 11
2310 2311 14
2311 2312 4
2312 2313 17
2313 2314 7
2314 2315 13
2315 2316 11
2316 2317 12
2317 2318 16
2318 2319 3
2319 2320 15
2320 2321 3
2321 2322 10
2322 2323 12
2323 2324 9
2324 2325 17
2325 2326 18
2326 2327 14
2327 2328 8
2328 2329 18
2329 2330 20
2330 2331 14
2331 2332 15
2332 2333 6
2333 2334 7
2334 2335 11
2335 2336 8
2336 2337 11
2337 2338 20
2338 2339 13
2339 2340 8
2340 2341 7
2341 2342 3
2342 2343 18
2343 2344 19
2344 2345 4
2345 2346 20
2346 2347 10
2347 2348 20
2348 2349 17
2349 2350 6
2350 2351 9
2351 2352 9
2352 2353 20
2353 2354 12
2354 2355 5
2355 2356 9
2356 2357 3
2357 2358 8
2358 2359 9
2359 2360 3
2360 2361 5
2361 2362 11
2362 2363 7
2363 2364 9
2364 2365 15
2365 2366 10
2366 2367 8
2367 2368 18
2368 2369 9
2369 2370 17
2370 2371 8
2371 2372 18
2372 2373 6
2373 2374 15
2374 2375 16
2375 2376 12
2376 2377 4
2377 2378 13
2378 2379 20
2379 2380 19
2380 2381 19
2381 2382 5
2382 2383 7
2383 2384 13
2384 2385 14
2385 2386 8
2386 2387 6
2387 2388 6
2388 2389 6
2389 2390 13
2390 2391 18
2391 2392 2
2392 2393 1
2393 2394 16
2394 2395 4
2395 2396 5
2396 2397 18
2397 2398 2
2398 2399 4
2399 2400 15
2400 2401 10
2401 2402 13
2402 2403 11
2403 2404 14
2404 2405 7
2405 2406 8
2406 2407 1
2407 2408 18
2408 2409 12
2409 2410 14
2410 2411 3
2411 2412 14
2412 2413 16
2413 2414 10
2414 2415 5
2415 2416 17
2416 2417 14
2417 2418 13
2418 2419 3
2419 2420 2
2420 2421 5
2421 2422 17
2422 2423 1
2423 2424 16
2424 2425 20
2425 2426 8
2426 2427 5
2427 2428 19
2428 2429 6
2429 2430 1
2430 2431 3
2431 2432 3
2432 2433 6
2433 2434 20
2434 2435 3
2435 2436 6
2436 2437 15
2437 2438 1
2438 2439 5
2439 2440 5
2440 2441 14
2441 2442 6
2442 2443 4
2443 2444 10
2444 2445 5
2445 2446 5
2446 2447 17
2447 2448 5
2448 2449 20
2449 2450 5
2450 2451 6
2451 2452 5
2452 2453 13
2453 2454 3
2454 2455 20
2455 2456 15
2456 2457 7
2457 2458 11
2458 2459 9
2459 2460 17
2460 2461 9
2461 2462 19
2462 2463 9
2463 2464 18
2464 2465 1
2465 2466 9
2466 2467 1
2467 2468 11
2468 2469 2
2469 2470 10
2470 2471 19
2471 2472 1
2472 2473 5
2473 2474 19
2474 2475 17
2475 2476 12
2476 2477 19
2477 2478 18
2478 2479 6
2479 2480 19
2480 2481 10
2481 2482 2
2482 2483 20
2483 2484 3
2484 2485 16
2485 2486 12
2486 2487 19
2487 2488 16
2488 2489 5
2489 2490 3
2490 2491 14
2491 2492 6
2492 2493 1
2493 2494 13
2494 2495 20
2495 2496 12
2496 2497 3
2497 2498 17
2498 2499 1
2499 2500 14
2500 2501 2
2501 2502 8
2502 2503 14
2503 2504 20
2504 2505 8
2505 2506 10
2506 2507 1
2507 2508 13
2508 2509 18
2509 2510 6
2510 2511 10
2511 2512 10
2512 2513 14
2513 2514 17
2514 2515 1
2515 2516 17
2516 2517 14
2517 2518 8
2518 2519 12
2519 2520 14
2520 2521 2
2521 2522 9
2522 2523 12
2523 2524 13
2524 2525 13
2525 2526 5
2526 2527 9
2527 2528 13
2528 2529 19
2529 2530 19
2530 2531 3
2531 2532 8
2532 2533 12
2533 2534 10
2534 2535 1
2535 2536 4
2536 2537 14
2537 2538 17
2538 2539 3
2539 2540 17
2540 2541 3
2541 2542 6
2542 2543 14
2543 2544 18
2544 2545 10
2545 2546 20
2546 2547 10
2547 2548 11
2548 2549 9
2549 2550 7
2550 2551 1
2551 2552 3
2552 2553 1
2553 2554 18
2554 2555 9
2555 2556 19
2556 2557 4
2557 2558 13
2558 2559 3
2559 2560 12
2560 2561 5
2561 2562 1
2562 2563 4
2563 2564 6
2564 2565 14
2565 2566 14
2566 2567 3
2567 2568 12
2568 2569 2
2569 2570 1
2570 2571 18
2571 2572 14
2572 2573 19
2573 2574 4
2574 2575 20
2575 2576 4
2576 2577 8
2577 2578 2
2578 2579 9
2579 2580 13
2580 2581 7
2581 2582 2
2582 2583 2
2583 2584 1
2584 2585 17
2585 2586 6
2586 2587 6
2587 2588 17
2588 2589 5
2589 2590 1
2590 2591 8
2591 2592 18
2592 2593 7
2593 2594 19
2594 2595 11
2595 2596 5
2596 2597 6
2597 2598 18
2598 2599 11
2599 2600 7
2600 2601 12
2601 2602 9
2602 2603 17
2603 2604 6
2604 2605 17
2605 2606 3
2606 2607 6
2607 2608 19
2608 2609 20
2609 2610 5
2610 2611 18
2611 2612 3
2612 2613 18
2613 2614 3
2614 2615 1
2615 2616 12
2616 2617 16
2617 2618 4
2618 2619 11
2619 2620 19
2620 2621 11
2621 2622 10
2622 2623 9
2623 2624 4
2624 2625 7
2625 2626 4
2626 2627 17
2627 2628 7
2628 2629 2
2629 2630 4
2630 2631 15
2631 2632 13
2632 2633 9
2633 2634 16
2634 2635 13
2635 2636 15
2636 2637 5
2637 2638 15
2638 2639 18
2639 2640 7
2640 2641 12
2641 2642 10
2642 2643 6
2643 2644 5
2644 2645 12
2645 2646 20
2646 2647 6
2647 2648 4
2648 2649 5
2649 2650 19
2650 2651 6
2651 2652 19
2652 2653 1
2653 2654 19
2654 2655 1
2655 2656 12
2656 2657 19
2657 2658 11
2658 2659 9
2659 2660 6
2660 2661 2
2661 2662 8
2662 2663 2
2663 2664 7
2664 2665 12
2665 2666 18
2666 2667 18
2667 2668 20
2668 2669 6
2669 2670 19
2670 2671 12
2671 2672 1
2672 2673 5
2673 2674 8
2674 2675 3
2675 2676 3
2676 2677 7
2677 2678 13
2678 2679 17
2679 2680 1
2680 2681 17
2681 2682 3
2682 2683 1
2683 2684 13
2684 2685 9
2685 2686 1
2686 2687 6
2687 2688 14
2688 2689 5
2689 2690 20
2690 2691 7
2691 2692 17
2692 2693 19
2693 2694 1
2694 2695 1
2695 2696 13
2696 2697 12
2697 2698 16
2698 2699 2
2699 2700 12
2700 2701 11
2701 2702 16
2702 2703 4
2703 2704 5
2704 2705 9
2705 2706 6
2706 2707 2
2707 2708 10
2708 2709 8
2709 2710 15
2710 2711 11
2711 2712 20
2712 2713 13
2713 2714 20
2714 2715 18
2715 2716 8
2716 2717 9
2717 2718 11
2718 2719 3
2719 2720 19
2720 2721 17
2721 2722 20
2722 2723 11
2723 2724 7
2724 2725 9
2725 2726 19
2726 2727 8
2727 2728 1
2728 2729 17
2729 2730 13
2730 2731 3
2731 2732 5
2732 2733 13
2733 2734 11
2734 2735 18
2735 2736 14
2736 2737 12
2737 2738 2
2738 2739 17
2739 2740 16
2740 2741 12
2741 2742 15
2742 2743 20
2743 2744 6
2744 2745 4
2745 2746 16
2746 2747 12
2747 2748 5
2748 2749 2
2749 2750 16
2750 2751 16
2751 2752 5
2752 2753 17
2753 2754 15
2754 2755 4
2755 2756 4
2756 2757 6
2757 2758 4
2758 2759 8
2759 2760 9
2760 2761 11
2761 2762 1
2762 2763 18
2763 2764 8
2764 2765 3
2765 2766 18
2766 2767 7
2767 2768 5
2768 2769 4
2769 2770 11
2770 2771 5
2771 2772 13
2772 2773 14
2773 2774 5
2774 2775 19
2775 2776 7
2776 2777 1
2777 2778 7
2778 2779 18
2779 2780 3
2780 2781 7
2781 2782 9
2782 2783 12
2783 2784 11
2784 2785 19
2785 2786 1
2786 2787 15
2787 2788 20
2788 2789 10
2789 2790 11
2790 2791 12
2791 2792 9
2792 2793 13
2793 2794 12
2794 2795 7
2795 2796 4
2796 2797 3
2797 2798 13
2798 2799 12
2799 2800 18
2800 2801 8
2801 2802 18
2802 2803 20
2803 2804 13
2804 2805 1
2805 2806 10
2806 2807 14
2807 2808 17
2808 2809 2
2809 2810 19
2810 2811 19
2811 2812 5
2812 2813 8
2813 2814 16
2814 2815 9
2815 2816 5
2816 2817 16
2817 2818 10
2818 2819 2
2819 2820 14
2820 2821 15
2821 2822 16
2822 2823 10
2823 2824 7
2824 2825 2
2825 2826 19
2826 2827 8
2827 2828 5
2828 2829 12
2829 2830 8
2830 2831 2
2831 2832 14
2832 2833 17
2833 2834 18
2834 2835 6
2835 2836 8
2836 2837 1
2837 2838 9
2838 2839 3
2839 2840 5
2840 2841 12
2841 2842 4
2842 2843 8
2843 2844 6
2844 2845 10
2845 2846 6
2846 2847 5
2847 2848 14
2848 2849 12
2849 2850 11
2850 2851 12
2851 2852 16
2852 2853 1
2853 2854 18
2854 2855 16
2855 2856 20
2856 2857 1
2857 2858 10
2858 2859 13
2859 2860 14
2860 2861 4
2861 2862 15
2862 2863 11
2863 2864 5
2864 2865 14
2865 2866 13
2866 2867 2
2867 2868 10
2868 2869 16
2869 2870 1
2870 2871 7
2871 2872 8
2872 2873 1
2873 2874 18
2874 2875 12
2875 2876 13
2876 2877 7
2877 2878 11
2878 2879 17
2879 2880 2
2880 2881 18
2881 2882 2
2882 2883 1
2883 2884 9
2884 2885 20
2885 2886 5
2886 2887 20
2887 2888 20
2888 2889 13
2889 2890 12
2890 2891 16
2891 2892 1
2892 2893 7
2893 2894 17
2894 2895 8
2895 2896 7
2896 2897 14
2897 2898 18
2898 2899 17
2899 2900 6
2900 2901 16
2901 2902 13
2902 2903 18
2903 2904 9
2904 2905 4
2905 2906 5
2906 2907 14
2907 2908 4
2908 2909 2
2909 2910 18
2910 2911 15
2911 2912 20
2912 2913 12
2913 2914 1
2914 2915 17
2915 2916 19
2916 2917 8
2917 2918 16
2918 2919 19
2919 2920 7
2920 2921 15
2921 2922 6
2922 2923 6
2923 2924 2
2924 2925 15
2925 2926 5
2926 2927 11
2927 2928 1
2928 2929 3
2929 2930 3
2930 2931 20
2931 2932 10
2932 2933 16
2933 2934 3
2934 2935 9
2935 2936 12
2936 2937 5
2937 2938 2
2938 2939 4
2939 2940 2
2940 2941 18
2941 2942 8
2942 2943 2
2943 2944 8
2944 2945 19
2945 2946 10
2946 2947 14
2947 2948 5
2948 2949 9
2949 2950 13
2950 2951 20
2951 2952 8
2952 2953 2
2953 2954 13
2954 2955 6
2955 2956 6
2956 2957 6
2957 2958 13
2958 2959 13
2959 2960 9
2960 2961 4
2961 2962 4
2962 2963 13
2963 2964 18
2964 2965 7
2965 2966 20
2966 2967 8
2967 2968 3
2968 2969 14
2969 2970 6
2970 2971 19
2971 2972 17
2972 2973 16
2973 2974 13
2974 2975 17
2975 2976 13
2976 2977 18
2977 2978 13
2978 2979 9
2979 2980 9
2980 2981 5
2981 2982 13
2982 2983 17
2983 2984 18
2984 2985 2
2985 2986 12
2986 2987 18
2987 2988 1
2988 2989 6
2989 2990 11
2990 2991 13
2991 2992 8
2992 2993 13
2993 2994 7
2994 2995 18
2995 2996 12
2996 2997 5
2997 2998 7
2998 2999 1
2999 3000 5
3000 3001 15
3001 3002 20
3002 3003 14
3003 3004 3
3004 3005 1
3005 3006 15
3006 3007 4
3007 3008 12
3008 3009 16
3009 3010 17
3010 3011 7
3011 3012 19
3012 3013 14
3013 3014 20
3014 3015 8
3015 3016 7
3016 3017 8
3017 3018 7
3018 3019 3
3019 3020 5
3020 3021 6
3021 3022 12
3022 3023 14
3023 3024 17
3024 3025 6
3025 3026 5
3026 3027 7
3027 3028 16
3028 3029 5
3029 3030 13
3030 3031 8
3031 3032 20
3032 3033 2
3033 3034 12
3034 3035 2
3035 3036 1
3036 3037 19
3037 3038 8
3038 3039 10
3039 3040 9
3040 3041 15
3041 3042 6
3042 3043 16
3043 3044 17
3044 3045 2
3045 3046 5
3046 3047 19
3047 3048 16
3048 3049 4
3049 3050 7
3050 3051 18
3051 3052 8
3052 3053 12
3053 3054 3
3054 3055 19
3055 3056 12
3056 3057 11
3057 3058 5
3058 3059 8
3059 3060 5
3060 3061 4
3061 3062 13
3062 3063 2
3063 3064 20
3064 3065 12
3065 3066 15
3066 3067 14
3067 3068 9
3068 3069 2
3069 3070 18
3070 3071 3
3071 3072 8
3072 3073 19
3073 3074 6
3074 3075 19
3075 3076 16
3076 3077 7
3077 3078 2
3078 3079 4
3079 3080 15
3080 3081 2
3081 3082 17
3082 3083 8
3083 3084 14
3084 3085 3
3085 3086 3
3086 3087 18
3087 3088 3
3088 3089 4
3089 3090 1
3090 3091 5
3091 3092 2
3092 3093 16
3093 3094 17
3094 3095 9
3095 3096 9
3096 3097 1
3097 3098 7
3098 3099 16
3099 3100 5
3100 3101 6
3101 3102 16
3102 3103 10
3103 3104 6
3104 3105 8
3105 3106 7
3106 3107 2
3107 3108 8
3108 3109 10
3109 3110 11
3110 3111 1
3111 3112 14
3112 3113 2
3113 3114 18
3114 3115 6
3115 3116 14
3116 3117 7
3117 3118 14
3118 3119 17
3119 3120 3
3120 3121 11
3121 3122 10
3122 3123 7
3123 3124 12
3124 3125 17
3125 3126 5
3126 3127 6
3127 3128 8
3128 3129 9
3129 3130 10
3130 3131 12
3131 3132 20
3132 3133 4
3133 3134 2
3134 3135 12
3135 3136 9
3136 3137 20
3137 3138 2
3138 3139 16
3139 3140 11
3140 3141 13
3141 3142 4
3142 3143 5
3143 3144 20
3144 3145 15
3145 3146 6
3146 3147 7
3147 3148 3
3148 3149 10
3149 3150 11
3150 3151 1
3151 3152 10
3152 3153 14
3153 3154 18
3154 3155 2
3155 3156 5
3156 3157 20
3157 3158 20
3158 3159 8
3159 3160 16
3160 3161 19
3161 3162 6
3162 3163 1
3163 3164 7
3164 3165 2
3165 3166 11
3166 3167 11
3167 3168 13
3168 3169 13
3169 3170 4
3170 3171 4
3171 3172 2
3172 3173 7
3173 3174 9
3174 3175 19
3175 3176 8
3176 3177 1
3177 3178 7
3178 3179 18
3179 3180 6
3180 3181 5
3181 3182 13
3182 3183 5
3183 3184 17
3184 3185 5
3185 3186 2
3186 3187 10
3187 3188 12
3188 3189 1
3189 3190 6
3190 3191 9
3191 3192 13
3192 3193 19
3193 3194 7
3194 3195 13
3195 3196 5
3196 3197 16
3197 3198 2
3198 3199 18
3199 3200 7
3200 3201 11
3201 3202 16
3202 3203 3
3203 3204 12
3204 3205 11
3205 3206 8
3206 3207 19
3207 3208 9
3208 3209 5
3209 3210 9
3210 3211 6
3211 3212 20
3212 3213 16
3213 3214 6
3214 3215 6
3215 3216 9
3216 3217 1
3217 3218 3
3218 3219 5
3219 3220 2
3220 3221 9
3221 3222 15
3222 3223 6
3223 3224 8
3224 3225 8
3225 3226 15
3226 3227 5
3227 3228 20
3228 3229 20
3229 3230 12
3230 3231 16
3231 3232 19
3232 3233 12
3233 3234 4
3234 3235 10
3235 3236 3
3236 3237 9
3237 3238 12
3238 3239 6
3239 3240 17
3240 3241 13
3241 3242 4
3242 3243 19
3243 3244 6
3244 3245 18
3245 3246 11
3246 3247 8
3247 3248 17
3248 3249 10
3249 3250 5
3250 3251 1
3251 3252 3
3252 3253 19
3253 3254 11
3254 3255 17
3255 3256 18
3256 3257 17
3257 3258 7
3258 3259 15
3259 3260 15
3260 3261 19
3261 3262 9
3262 3263 9
3263 3264 5
3264 3265 16
3265 3266 6
3266 3267 12
3267 3268 16
3268 3269 6
3269 3270 5
3270 3271 13
3271 3272 9
3272 3273 6
3273 3274 13
3274 3275 8
3275 3276 13
3276 3277 14
3277 3278 5
3278 3279 3
3279 3280 12
3280 3281 11
3281 3282 15
3282 3283 7
3283 3284 20
3284 3285 5
3285 3286 4
3286 3287 20
3287 3288 2
3288 3289 3
3289 3290 11
3290 3291 5
3291 3292 4
3292 3293 1
3293 3294 5
3294 3295 15
3295 3296 4
3296 3297 14
3297 3298 18
3298 3299 16
3299 3300 11
3300 3301 12
3301 3302 4
3302 3303 19
3303 3304 18
3304 3305 8
3305 3306 18
3306 3307 2
3307 3308 5
3308 3309 19
3309 3310 8
3310 3311 11
3311 3312 3
3312 3313 9
3313 3314 20
3314 3315 14
3315 3316 15
3316 3317 12
3317 3318 15
3318 3319 1
3319 3320 20
3320 3321 14
3321 3322 17
3322 3323 18
3323 3324 20
3324 3325 16
3325 3326 6
3326 3327 13
3327 3328 6
3328 3329 1
3329 3330 14
3330 3331 11
3331 3332 14
3332 3333 16
3333 3334 4
3334 3335 3
3335 3336 5
3336 3337 6
3337 3338 1
3338 3339 16
3339 3340 8
3340 3341 12
3341 3342 4
3342 3343 7
3343 3344 13
3344 3345 11
3345 3346 4
3346 3347 15
3347 3348 19
3348 3349 18
3349 3350 11
3350 3351 4
3351 3352 10
3352 3353 16
3353 3354 14
3354 3355 15
3355 3356 14
3356 3357 10
3357 3358 3
3358 3359 15
3359 3360 7
3360 3361 12
3361 3362 4
3362 3363 5
3363 3364 13
3364 3365 20
3365 3366 18
3366 3367 15
3367 3368 16
3368 3369 7
3369 3370 7
3370 3371 5
3371 3372 15
3372 3373 4
3373 3374 6
3374 3375 20
3375 3376 6
3376 3377 7
3377 3378 1
3378 3379 11
3379 3380 10
3380 3381 10
3381 3382 9
3382 3383 15
3383 3384 17
3384 3385 16
3385 3386 11
3386 3387 19
3387 3388 14
3388 3389 11
3389 3390 4
3390 3391 12
3391 3392 20
3392 3393 8
3393 3394 18
3394 3395 5
3395 3396 8
3396 3397 14
3397 3398 14
3398 3399 8
3399 3400 6
3400 3401 14
3401 3402 12
3402 3403 6
3403 3404 2
3404 3405 16
3405 3406 5
3406 3407 18
3407 3408 3
3408 3409 8
3409 3410 8
3410 3411 15
3411 3412 3
3412 3413 8
3413 3414 6
3414 3415 18
3415 3416 16
3416 3417 2
3417 3418 10
3418 3419 5
3419 3420 16
3420 3421 18
3421 3422 11
3422 3423 19
3423 3424 8
3424 3425 6
3425 3426 14
3426 3427 8
3427 3428 12
3428 3429 13
3429 3430 5
3430 3431 6
3431 3432 2
3432 3433 7
3433 3434 17
3434 3435 11
3435 3436 14
3436 3437 15
3437 3438 1
3438 3439 4
3439 3440 1
3440 3441 8
3441 3442 15
3442 3443 5
3443 3444 1
3444 3445 9
3445 3446 6
3446 3447 2
3447 3448 2
3448 3449 9
3449 3450 14
3450 3451 8
3451 3452 10
3452 3453 14
3453 3454 19
3454 3455 12
3455 3456 2
3456 3457 7
3457 3458 12
3458 3459 3
3459 3460 3
3460 3461 14
3461 3462 14
3462 3463 10
3463 3464 18
3464 3465 15
3465 3466 3
3466 3467 7
3467 3468 13
3468 3469 8
3469 3470 16
3470 3471 15
3471 3472 10
3472 3473 18
3473 3474 7
3474 3475 10
3475 3476 6
3476 3477 3
3477 3478 16
3478 3479 11
3479 3480 1
3480 3481 12
3481 3482 7
3482 3483 8
3483 3484 7
3484 3485 16
3485 3486 3
3486 3487 16
3487 3488 4
3488 3489 15
3489 3490 11
3490 3491 14
3491 3492 7
3492 3493 4
3493 3494 9
3494 3495 12
3495 3496 12
3496 3497 17
3497 3498 17
3498 3499 19
3499 3500 20
3500 3501 17
3501 3502 12
3502 3503 15
3503 3504 16
3504 3505 8
3505 3506 13
3506 3507 8
3507 3508 1
3508 3509 19
3509 3510 16
3510 3511 14
3511 3512 15
3512 3513 7
3513 3514 13
3514 3515 16
3515 3516 14
3516 3517 4
3517 3518 7
3518 3519 2
3519 3520 19
3520 3521 3
3521 3522 20
3522 3523 17
3523 3524 15
3524 3525 14
3525 3526 10
3526 3527 16
3527 3528 13
3528 3529 8
3529 3530 13
3530 3531 14
3531 3532 5
3532 3533 15
3533 3534 4
3534 3535 5
3535 3536 13
3536 3537 12
3537 3538 11
3538 3539 5
3539 3540 12
3540 3541 9
3541 3542 16
3542 3543 12
3543 3544 20
3544 3545 17
3545 3546 1
3546 3547 3
3547 3548 10
3548 3549 7
3549 3550 8
3550 3551 17
3551 3552 4
3552 3553 8
3553 3554 14
3554 3555 7
3555 3556 4
3556 3557 14
3557 3558 6
3558 3559 13
3559 3560 18
3560 3561 7
3561 3562 4
3562 3563 16
3563 3564 15
3564 3565 2
3565 3566 13
3566 3567 10
3567 3568 19
3568 3569 6
3569 3570 8
3570 3571 19
3571 3572 19
3572 3573 7
3573 3574 11
3574 3575 18
3575 3576 6
3576 3577 8
3577 3578 8
3578 3579 20
3579 3580 20
3580 3581 5
3581 3582 16
3582 3583 17
3583 3584 2
3584 3585 19
3585 3586 18
3586 3587 13
3587 3588 20
3588 3589 5
3589 3590 20
3590 3591 17
3591 3592 9
3592 3593 20
3593 3594 10
3594 3595 8
3595 3596 11
3596 3597 1
3597 3598 17
3598 3599 11
3599 3600 5
3600 3601 3
3601 3602 14
3602 3603 16
3603 3604 19
3604 3605 14
3605 3606 6
3606 3607 17
3607 3608 13
3608 3609 14
3609 3610 17
3610 3611 6
3611 3612 9
3612 3613 8
3613 3614 3
3614 3615 2
3615 3616 19
3616 3617 18
3617 3618 18
3618 3619 13
3619 3620 6
3620 3621 1
3621 3622 1
3622 3623 7
3623 3624 18
3624 3625 8
3625 3626 14
3626 3627 16
3627 3628 15
3628 3629 15
3629 3630 6
3630 3631 9
3631 3632 20
3632 3633 4
3633 3634 18
3634 3635 1
3635 3636 6
3636 3637 15
3637 3638 10
3638 3639 17
3639 3640 7
3640 3641 3
3641 3642 19
3642 3643 15
3643 3644 14
3644 3645 13
3645 3646 19
3646 3647 3
3647 3648 18
3648 3649 18
3649 3650 1
3650 3651 10
3651 3652 11
3652 3653 10
3653 3654 9
3654 3655 5
3655 3656 9
3656 3657 10
3657 3658 10
3658 3659 10
3659 3660 17
3660 3661 15
3661 3662 18
3662 3663 6
3663 3664 3
3664 3665 4
3665 3666 4
3666 3667 3
3667 3668 19
3668 3669 20
3669 3670 5
3670 3671 17
3671 3672 15
3672 3673 19
3673 3674 20
3674 3675 7
3675 3676 4
3676 3677 9
3677 3678 9
3678 3679 16
3679 3680 12
3680 3681 7
3681 3682 14
3682 3683 1
3683 3684 13
3684 3685 12
3685 3686 17
3686 3687 2
3687 3688 18
3688 3689 20
3689 3690 19
3690 3691 10
3691 3692 9
3692 3693 5
3693 3694 1
3694 3695 4
3695 3696 8
3696 3697 20
3697 3698 18
3698 3699 13
3699 3700 16
3700 3701 6
3701 3702 13
3702 3703 3
3703 3704 5
3704 3705 20
3705 3706 18
3706 3707 9
3707 3708 14
3708 3709 1
3709 3710 10
3710 3711 1
3711 3712 18
3712 3713 18
3713 3714 16
3714 3715 15
3715 3716 4
3716 3717 4
3717 3718 10
3718 3719 16
3719 3720 20
3720 3721 5
3721 3722 13
3722 3723 6
3723 3724 19
3724 3725 13
3725 3726 6
3726 3727 6
3727 3728 16
3728 3729 8
3729 3730 2
3730 3731 7
3731 3732 17
3732 3733 16
3733 3734 10
3734 3735 14
3735 3736 11
3736 3737 17
3737 3738 6
3738 3739 2
3739 3740 19
3740 3741 17
3741 3742 9
3742 3743 20
3743 3744 11
3744 3745 20
3745 3746 15
3746 3747 17
3747 3748 9
3748 3749 6
3749 3750 9
3750 3751 14
3751 3752 16
3752 3753 20
3753 3754 16
3754 3755 6
3755 3756 14
3756 3757 1
3757 3758 4
3758 3759 19
3759 3760 10
3760 3761 3
3761 3762 19
3762 3763 16
3763 3764 7
3764 3765 15
3765 3766 15
3766 3767 3
3767 3768 16
3768 3769 10
3769 3770 19
3770 3771 5
3771 3772 13
3772 3773 5
3773 3774 6
3774 3775 17
3775 3776 9
3776 3777 7
3777 3778 17
3778 3779 12
3779 3780 17
3780 3781 16
3781 3782 12
3782 3783 17
3783 3784 13
3784 3785 18
3785 3786 4
3786 3787 3
3787 3788 8
3788 3789 19
3789 3790 17
3790 3791 16
3791 3792 11
3792 3793 3
3793 3794 16
3794 3795 16
3795 3796 11
3796 3797 18
3797 3798 7
3798 3799 6
3799 3800 7
3800 3801 7
3801 3802 8
3802 3803 12
3803 3804 3
3804 3805 11
3805 3806 14
3806 3807 8
3807 3808 7
3808 3809 10
3809 3810 13
3810 3811 10
3811 3812 16
3812 3813 2
3813 3814 13
3814 3815 20
3815 3816 18
3816 3817 17
3817 3818 19
3818 3819 10
3819 3820 4
3820 3821 4
3821 3822 19
3822 3823 6
3823 3824 3
3824 3825 8
3825 3826 12
3826 3827 18
3827 3828 11
3828 3829 19
3829 3830 17
3830 3831 4
3831 3832 17
3832 3833 3
3833 3834 11
3834 3835 19
3835 3836 2
3836 3837 6
3837 3838 3
3838 3839 7
3839 3840 15
3840 3841 5
3841 3842 6
3842 3843 5
3843 3844 16
3844 3845 2
3845 3846 7
3846 3847 7
3847 3848 6
3848 3849 8
3849 3850 1
3850 3851 2
3851 3852 3
3852 3853 8
3853 3854 20
3854 3855 19
3855 3856 2
3856 3857 9
3857 3858 7
3858 3859 10
3859 3860 1
3860 3861 9
3861 3862 13
3862 3863 4
3863 3864 9
3864 3865 18
3865 3866 11
3866 3867 2
3867 3868 20
3868 3869 7
3869 3870 19
3870 3871 15
3871 3872 17
3872 3873 19
3873 3874 5
3874 3875 7
3875 3876 18
3876 3877 17
3877 3878 14
3878 3879 20
3879 3880 19
3880 3881 1
3881 3882 12
3882 3883 7
3883 3884 16
3884 3885 1
3885 3886 2
3886 3887 14
3887 3888 9
3888 3889 1
3889 3890 20
3890 3891 8
3891 3892 3
3892 3893 4
3893 3894 8
3894 3895 20
3895 3896 11
3896 3897 4
3897 3898 15
3898 3899 14
3899 3900 9
3900 3901 11
3901 3902 13
3902 3903 17
3903 3904 2
3904 3905 19
3905 3906 2
3906 3907 11
3907 3908 10
3908 3909 15
3909 3910 6
3910 3911 14
3911 3912 7
3912 3913 19
3913 3914 20
3914 3915 13
3915 3916 2
3916 3917 10
3917 3918 15
3918 3919 9
3919 3920 16
3920 3921 3
3921 3922 15
3922 3923 2
3923 3924 12
3924 3925 20
3925 3926 13
3926 3927 18
3927 3928 13
3928 3929 6
3929 3930 13
3930 3931 19
3931 3932 17
3932 3933 9
3933 3934 16
3934 3935 20
3935 3936 13
3936 3937 15
3937 3938 5
3938 3939 11
3939 3940 1
3940 3941 3
3941 3942 16
3942 3943 19
3943 3944 5
3944 3945 16
3945 3946 1
3946 3947 12
3947 3948 10
3948 3949 2
3949 3950 6
3950 3951 2
3951 3952 9
3952 3953 20
3953 3954 5
3954 3955 16
3955 3956 9
3956 3957 3
3957 3958 20
3958 3959 20
3959 3960 4
3960 3961 15
3961 3962 13
3962 3963 7
3963 3964 8
3964 3965 2
3965 3966 9
3966 3967 3
3967 3968 3
3968 3969 10
3969 3970 5
3970 3971 3
3971 3972 9
3972 3973 2
3973 3974 7
3974 3975 19
3975 3976 5
3976 3977 4
3977 3978 2
3978 3979 3
3979 3980 18
3980 3981 20
3981 3982 2
3982 3983 16
3983 3984 1
3984 3985 6
3985 3986 8
3986 3987 2
3987 3988 2
3988 3989 11
3989 3990 1
3990 3991 1
3991 3992 6
3992 3993 16
3993 3994 17
3994 3995 10
3995 3996 16
3996 3997 6
3997 3998 5
3998 3999 5
3999 4000 11
4000 4001 15
4001 4002 11
4002 4003 8
4003 4004 1
4004 4005 16
4005 4006 20
4006 4007 7
4007 4008 19
4008 4009 8
4009 4010 4
4010 4011 13
4011 4012 6
4012 4013 4
4013 4014 20
4014 4015 14
4015 4016 3
4016 4017 10
4017 4018 17
4018 4019 11
4019 4020 19
4020 4021 13
4021 4022 15
4022 4023 15
4023 4024 16
4024 4025 17
4025 4026 11
4026 4027 5
4027 4028 1
4028 4029 14
4029 4030 4
4030 4031 15
4031 4032 2
4032 4033 9
4033 4034 10
4034 4035 10
4035 4036 7
4036 4037 6
4037 4038 1
4038 4039 11
4039 4040 5
4040 4041 15
4041 4042 5
4042 4043 4
4043 4044 18
4044 4045 5
4045 4046 8
4046 4047 12
4047 4048 5
4048 4049 9
4049 4050 19
4050 4051 8
4051 4052 20
4052 4053 13
4053 4054 19
4054 4055 9
4055 4056 9
4056 4057 7
4057 4058 5
4058 4059 12
4059 4060 18
4060 4061 10
4061 4062 14
4062 4063 13
4063 4064 11
4064 4065 16
4065 4066 17
4066 4067 3
4067 4068 1
4068 4069 13
4069 4070 9
4070 4071 4
4071 4072 17
4072 4073 5
4073 4074 4
4074 4075 12
4075 4076 14
4076 4077 6
4077 4078 11
4078 4079 4
4079 4080 3
4080 4081 2
4081 4082 1
4082 4083 2
4083 4084 10
4084 4085 3
4085 4086 20
4086 4087 18
4087 4088 4
4088 4089 1
4089 4090 13
4090 4091 14
4091 4092 9
4092 4093 11
4093 4094 17
4094 4095 6
4095 4096 12
4096 4097 6
4097 4098 7
4098 4099 11
4099 4100 2
4100 4101 19
4101 4102 1
4102 4103 20
4103 4104 10
4104 4105 6
4105 4106 3
4106 4107 20
4107 4108 12
4108 4109 19
4109 4110 8
4110 4111 12
4111 4112 2
4112 4113 8
4113 4114 10
4114 4115 1
4115 4116 4
4116 4117 10
4117 4118 1
4118 4119 1
4119 4120 3
4120 4121 10
4121 4122 6
4122 4123 15
4123 4124 9
4124 4125 2
4125 4126 3
4126 4127 16
4127 4128 11
4128 4129 15
4129 4130 5
4130 4131 15
4131 4132 9
4132 4133 3
4133 4134 2
4134 4135 13
4135 4136 13
4136 4137 14
4137 4138 6
4138 4139 11
4139 4140 20
4140 4141 5
4141 4142 18
4142 4143 19
4143 4144 7
4144 4145 4
4145 4146 18
4146 4147 19
4147 4148 15
4148 4149 11
4149 4150 10
4150 4151 4
4151 4152 2
4152 4153 13
4153 4154 9
4154 4155 11
4155 4156 19
4156 4157 1
4157 4158 16
4158 4159 13
4159 4160 16
4160 4161 19
4161 4162 5
4162 4163 17
4163 4164 7
4164 4165 8
4165 4166 1
4166 4167 17
4167 4168 17
4168 4169 4
4169 4170 14
4170 4171 10
4171 4172 11
4172 4173 3
4173 4174 20
4174 4175 3
4175 4176 3
4176 4177 11
4177 4178 10
4178 4179 8
4179 4180 15
4180 4181 20
4181 4182 18
4182 4183 12
4183 4184 15
4184 4185 13
4185 4186 1
4186 4187 19
4187 4188 14
4188 4189 10
4189 4190 7
4190 4191 11
4191 4192 4
4192 4193 15
4193 4194 19
4194 4195 10
4195 4196 5
4196 4197 13
4197 4198 1
4198 4199 11
4199 4200 3
4200 4201 12
4201 4202 16
4202 4203 6
4203 4204 8
4204 4205 8
4205 4206 18
4206 4207 18
4207 4208 13
4208 4209 4
4209 4210 7
4210 4211 20
4211 4212 9
4212 4213 6
4213 4214 11
4214 4215 7
4215 4216 17
4216 4217 7
4217 4218 8
4218 4219 14
4219 4220 20
4220 4221 5
4221 4222 12
4222 4223 15
4223 4224 12
4224 4225 17
4225 4226 3
4226 4227 8
4227 4228 7
4228 4229 9
4229 4230 10
4230 4231 16
4231 4232 18
4232 4233 11
4233 4234 15
4234 4235 8
4235 4236 11
4236 4237 20
4237 4238 15
4238 4239 16
4239 4240 15
4240 4241 18
4241 4242 2
4242 4243 2
4243 4244 17
4244 4245 7
4245 4246 11
4246 4247 8
4247 4248 7
4248 4249 9
4249 4250 10
4250 4251 10
4251 4252 18
4252 4253 2
4253 4254 4
4254 4255 13
4255 4256 8
4256 4257 8
4257 4258 6
4258 4259 16
4259 4260 15
4260 4261 9
4261 4262 13
4262 4263 12
4263 4264 19
4264 4265 9
4265 4266 8
4266 4267 20
4267 4268 14
4268 4269 11
4269 4270 11
4270 4271 10
4271 4272 11
4272 4273 11
4273 4274 3
4274 4275 7
4275 4276 18
4276 4277 7
4277 4278 12
4278 4279 19
4279 4280 3
4280 4281 1
4281 4282 6
4282 4283 14
4283 4284 16
4284 4285 17
4285 4286 3
4286 4287 20
4287 4288 9
4288 4289 13
4289 4290 4
4290 4291 18
4291 4292 9
4292 4293 15
4293 4294 5
4294 4295 19
4295 4296 12
4296 4297 6
4297 4298 19
4298 4299 14
4299 4300 13
4300 4301 15
4301 4302 2
4302 4303 18
4303 4304 1
4304 4305 2
4305 4306 19
4306 4307 1
4307 4308 16
4308 4309 16
4309 4310 15
4310 4311 12
4311 4312 8
4312 4313 12
4313 4314 15
4314 4315 13
4315 4316 12
4316 4317 20
4317 4318 15
4318 4319 5
4319 4320 6
4320 4321 19
4321 4322 7
4322 4323 13
4323 4324 2
4324 4325 5
4325 4326 11
4326 4327 16
4327 4328 14
4328 4329 15
4329 4330 17
4330 4331 10
4331 4332 7
4332 4333 14
4333 4334 11
4334 4335 4
4335 4336 1
4336 4337 6
4337 4338 3
4338 4339 3
4339 4340 3
4340 4341 20
4341 4342 18
4342 4343 3
4343 4344 4
4344 4345 13
4345 4346 4
4346 4347 7
4347 4348 1
4348 4349 4
4349 4350 8
4350 4351 2
4351 4352 18
4352 4353 13
4353 4354 5
4354 4355 3
4355 4356 10
4356 4357 15
4357 4358 20
4358 4359 8
4359 4360 14
4360 4361 8
4361 4362 2
4362 4363 10
4363 4364 4
4364 4365 11
4365 4366 4
4366 4367 20
4367 4368 3
4368 4369 20
4369 4370 6
4370 4371 6
4371 4372 14
4372 4373 6
4373 4374 20
4374 4375 9
4375 4376 16
4376 4377 10
4377 4378 10
4378 4379 16
4379 4380 4
4380 4381 1
4381 4382 19
4382 4383 17
4383 4384 11
4384 4385 3
4385 4386 16
4386 4387 3
4387 4388 4
4388 4389 11
4389 4390 8
4390 4391 9
4391 4392 1
4392 4393 3
4393 4394 19
4394 4395 13
4395 4396 5
4396 4397 3
4397 4398 18
4398 4399 3
4399 4400 15
4400 4401 19
4401 4402 16
4402 4403 3
4403 4404 11
4404 4405 6
4405 4406 15
4406 4407 20
4407 4408 12
4408 4409 19
4409 4410 14
4410 4411 20
4411 4412 17
4412 4413 2
4413 4414 1
4414 4415 15
4415 4416 11
4416 4417 7
4417 4418 17
4418 4419 14
4419 4420 16
4420 4421 3
4421 4422 18
4422 4423 11
4423 4424 3
4424 4425 1
4425 4426 5
4426 4427 6
4427 4428 12
4428 4429 13
4429 4430 19
4430 4431 18
4431 4432 5
4432 4433 2
4433 4434 5
4434 4435 20
4435 4436 5
4436 4437 16
4437 4438 9
4438 4439 2
4439 4440 14
4440 4441 11
4441 4442 17
4442 4443 17
4443 4444 20
4444 4445 14
4445 4446 6
4446 4447 18
4447 4448 13
4448 4449 11
4449 4450 7
4450 4451 20
4451 4452 4
4452 4453 7
4453 4454 16
4454 4455 7
4455 4456 11
4456 4457 9
4457 4458 18
4458 4459 2
4459 4460 1
4460 4461 20
4461 4462 13
4462 4463 1
4463 4464 19
4464 4465 20
4465 4466 1
4466 4467 9
4467 4468 2
4468 4469 17
4469 4470 20
4470 4471 5
4471 4472 12
4472 4473 8
4473 4474 15
4474 4475 3
4475 4476 20
4476 4477 6
4477 4478 20
4478 4479 4
4479 4480 6
4480 4481 14
4481 4482 11
4482 4483 20
4483 4484 18
4484 4485 14
4485 4486 6
4486 4487 16
4487 4488 2
4488 4489 1
4489 4490 14
4490 4491 3
4491 4492 16
4492 4493 5
4493 4494 10
4494 4495 1
4495 4496 20
4496 4497 10
4497 4498 3
4498 4499 6
4499 4500 3
4500 4501 3
4501 4502 14
4502 4503 5
4503 4504 13
4504 4505 10
4505 4506 3
4506 4507 7
4507 4508 9
4508 4509 7
4509 4510 15
4510 4511 10
4511 4512 7
4512 4513 8
4513 4514 1
4514 4515 3
4515 4516 13
4516 4517 18
4517 4518 10
4518 4519 7
4519 4520 1
4520 4521 5
4521 4522 12
4522 4523 7
4523 4524 17
4524 4525 20
4525 4526 20
4526 4527 15
4527 4528 2
4528 4529 10
4529 4530 10
4530 4531 12
4531 4532 17
4532 4533 13
4533 4534 9
4534 4535 6
4535 4536 10
4536 4537 5
4537 4538 7
4538 4539 8
4539 4540 1
4540 4541 10
4541 4542 8
4542 4543 10
4543 4544 6
4544 4545 15
4545 4546 12
4546 4547 14
4547 4548 13
4548 4549 2
4549 4550 2
4550 4551 9
4551 4552 4
4552 4553 1
4553 4554 9
4554 4555 15
4555 4556 12
4556 4557 20
4557 4558 18
4558 4559 16
4559 4560 13
4560 4561 3
4561 4562 4
4562 4563 4
4563 4564 11
4564 4565 20
4565 4566 19
4566 4567 13
4567 4568 20
4568 4569 18
4569 4570 3
4570 4571 15
4571 4572 8
4572 4573 8
4573 4574 16
4574 4575 7
4575 4576 5
4576 4577 1
4577 4578 18
4578 4579 20
4579 4580 15
4580 4581 12
4581 4582 8
4582 4583 8
4583 4584 13
4584 4585 20
4585 4586 9
4586 4587 11
4587 4588 11
4588 4589 15
4589 4590 20
4590 4591 14
4591 4592 7
4592 4593 4
4593 4594 13
4594 4595 3
4595 4596 7
4596 4597 4
4597 4598 2
4598 4599 1
4599 4600 12
4600 4601 11
4601 4602 18
4602 4603 8
4603 4604 9
4604 4605 3
4605 4606 8
4606 4607 12
4607 4608 4
4608 4609 19
4609 4610 1
4610 4611 5
4611 4612 10
4612 4613 17
4613 4614 2
4614 4615 6
4615 4616 19
4616 4617 20
4617 4618 12
4618 4619 16
4619 4620 13
4620 4621 14
4621 4622 1
4622 4623 11
4623 4624 18
4624 4625 7
4625 4626 2
4626 4627 18
4627 4628 10
4628 4629 15
4629 4630 3
4630 4631 2
4631 4632 3
4632 4633 2
4633 4634 8
4634 4635 8
4635 4636 1
4636 4637 3
4637 4638 15
4638 4639 13
4639 4640 6
4640 4641 6
4641 4642 13
4642 4643 12
4643 4644 2
4644 4645 18
4645 4646 19
4646 4647 5
4647 4648 6
4648 4649 1
4649 4650 9
4650 4651 10
4651 4652 2
4652 4653 15
4653 4654 7
4654 4655 7
4655 4656 9
4656 4657 4
4657 4658 16
4658 4659 13
4659 4660 3
4660 4661 1
4661 4662 1
4662 4663 9
4663 4664 6
4664 4665 5
4665 4666 10
4666 4667 15
4667 4668 1
4668 4669 2
4669 4670 14
4670 4671 4
4671 4672 2
4672 4673 15
4673 4674 13
4674 4675 6
4675 4676 1
4676 4677 9
4677 4678 16
4678 4679 7
4679 4680 6
4680 4681 2
4681 4682 13
4682 4683 3
4683 4684 12
4684 4685 10
4685 4686 8
4686 4687 20
4687 4688 10
4688 4689 8
4689 4690 1
4690 4691 13
4691 4692 14
4692 4693 14
4693 4694 16
4694 4695 20
4695 4696 20
4696 4697 20
4697 4698 17
4698 4699 4
4699 4700 13
4700 4701 4
4701 4702 3
4702 4703 1
4703 4704 11
4704 4705 12
4705 4706 4
4706 4707 3
4707 4708 13
4708 4709 12
4709 4710 4
4710 4711 3
4711 4712 15
4712 4713 9
4713 4714 5
4714 4715 15
4715 4716 9
4716 4717 10
4717 4718 4
4718 4719 10
4719 4720 5
4720 4721 15
4721 4722 10
4722 4723 14
4723 4724 1
4724 4725 4
4725 4726 19
4726 4727 15
4727 4728 15
4728 4729 11
4729 4730 19
4730 4731 12
4731 4732 2
4732 4733 9
4733 4734 8
4734 4735 1
4735 4736 20
4736 4737 10
4737 4738 9
4738 4739 17
4739 4740 13
4740 4741 17
4741 4742 14
4742 4743 19
4743 4744 19
4744 4745 8
4745 4746 3
4746 4747 14
4747 4748 3
4748 4749 3
4749 4750 18
4750 4751 11
4751 4752 19
4752 4753 3
4753 4754 8
4754 4755 10
4755 4756 3
4756 4757 13
4757 4758 7
4758 4759 7
4759 4760 10
4760 4761 18
4761 4762 13
4762 4763 10
4763 4764 18
4764 4765 8
4765 4766 12
4766 4767 20
4767 4768 15
4768 4769 11
4769 4770 18
4770 4771 18
4771 4772 12
4772 4773 17
4773 4774 8
4774 4775 6
4775 4776 16
4776 4777 5
4777 4778 2
4778 4779 15
4779 4780 3
4780 4781 10
4781 4782 15
4782 4783 7
4783 4784 7
4784 4785 11
4785 4786 4
4786 4787 15
4787 4788 2
4788 4789 14
4789 4790 6
4790 4791 8
4791 4792 5
4792 4793 17
4793 4794 10
4794 4795 19
4795 4796 15
4796 4797 20
4797 4798 17
4798 4799 18
4799 4800 7
4800 4801 8
4801 4802 13
4802 4803 16
4803 4804 19
4804 4805 11
4805 4806 12
4806 4807 13
4807 4808 9
4808 4809 2
4809 4810 14
4810 4811 2
4811 4812 16
4812 4813 1
4813 4814 5
4814 4815 10
4815 4816 4
4816 4817 3
4817 4818 10
4818 4819 11
4819 4820 8
4820 4821 4
4821 4822 6
4822 4823 3
4823 4824 19
4824 4825 1
4825 4826 9
4826 4827 12
4827 4828 4
4828 4829 9
4829 4830 16
4830 4831 12
4831 4832 14
4832 4833 5
4833 4834 19
4834 4835 20
4835 4836 19
4836 4837 15
4837 4838 8
4838 4839 9
4839 4840 4
4840 4841 13
4841 4842 7
4842 4843 10
4843 4844 2
4844 4845 20
4845 4846 2
4846 4847 8
4847 4848 8
4848 4849 19
4849 4850 17
4850 4851 5
4851 4852 17
4852 4853 6
4853 4854 3
4854 4855 18
4855 4856 12
4856 4857 8
4857 4858 11
4858 4859 10
4859 4860 17
4860 4861 20
4861 4862 1
4862 4863 13
4863 4864 8
4864 4865 9
4865 4866 19
4866 4867 1
4867 4868 6
4868 4869 17
4869 4870 2
4870 4871 18
4871 4872 19
4872 4873 15
4873 4874 11
4874 4875 6
4875 4876 16
4876 4877 4
4877 4878 11
4878 4879 20
4879 4880 12
4880 4881 13
4881 4882 17
4882 4883 1
4883 4884 17
4884 4885 18
4885 4886 9
4886 4887 20
4887 4888 16
4888 4889 18
4889 4890 2
4890 4891 8
4891 4892 17
4892 4893 18
4893 4894 19
4894 4895 17
4895 4896 15
4896 4897 2
4897 4898 12
4898 4899 19
4899 4900 16
4900 4901 5
4901 4902 1
4902 4903 3
4903 4904 1
4904 4905 16
4905 4906 8
4906 4907 12
4907 4908 1
4908 4909 17
4909 4910 7
4910 4911 15
4911 4912 13
4912 4913 6
4913 4914 18
4914 4915 6
4915 4916 1
4916 4917 11
4917 4918 7
4918 4919 15
4919 4920 1
4920 4921 6
4921 4922 2
4922 4923 7
4923 4924 18
4924 4925 20
4925 4926 13
4926 4927 3
4927 4928 18
4928 4929 16
4929 4930 1
4930 4931 16
4931 4932 18
4932 4933 6
4933 4934 6
4934 4935 19
4935 4936 12
4936 4937 14
4937 4938 14
4938 4939 5
4939 4940 7
4940 4941 5
4941 4942 3
4942 4943 11
4943 4944 8
4944 4945 18
4945 4946 9
4946 4947 14
4947 4948 10
4948 4949 9
4949 4950 9
4950 4951 11
4951 4952 15
4952 4953 16
4953 4954 14
4954 4955 10
4955 4956 6
4956 4957 13
4957 4958 18
4958 4959 1
4959 4960 5
4960 4961 2
4961 4962 19
4962 4963 1
4963 4964 2
4964 4965 2
4965 4966 14
4966 4967 9
4967 4968 10
4968 4969 3
4969 4970 14
4970 4971 7
4971 4972 4
4972 4973 20
4973 4974 3
4974 4975 4
4975 4976 5
4976 4977 2
4977 4978 5
4978 4979 20
4979 4980 4
4980 4981 17
4981 4982 5
4982 4983 4
4983 4984 2
4984 4985 7
4985 4986 16
4986 4987 8
4987 4988 12
4988 4989 15
4989 4990 2
4990 4991 12
4991 4992 8
4992 4993 18
4993 4994 19
4994 4995 13
4995 4996 17
4996 4997 13
4997 4998 16
4998 4999 11
4999 5000 5
5000 5001 14
5001 5002 16
5002 5003 5
5003 5004 7
5004 5005 8
5005 5006 12
5006 5007 6
5007 5008 3
5008 5009 20
5009 5010 12
5010 5011 4
5011 5012 7
5012 5013 1
5013 5014 19
5014 5015 17
5015 5016 10
5016 5017 10
5017 5018 8
5018 5019 13
5019 5020 1
5020 5021 12
5021 5022 20
5022 5023 19
5023 5024 1
5024 5025 1
5025 5026 7
5026 5027 10
5027 5028 16
5028 5029 15
5029 5030 18
5030 5031 1
5031 5032 7
5032 5033 20
5033 5034 14
5034 5035 12
5035 5036 2
5036 5037 10
5037 5038 10
5038 5039 13
5039 5040 11
5040 5041 12
5041 5042 8
5042 5043 17
5043 5044 8
5044 5045 18
5045 5046 15
5046 5047 3
5047 5048 2
5048 5049 2
5049 5050 15
5050 5051 9
5051 5052 17
5052 5053 17
5053 5054 20
5054 5055 3
5055 5056 1
5056 5057 11
5057 5058 8
5058 5059 8
5059 5060 8
5060 5061 11
5061 5062 17
5062 5063 18
5063 5064 15
5064 5065 14
5065 5066 5
5066 5067 1
5067 5068 5
5068 5069 8
5069 5070 10
5070 5071 4
5071 5072 17
5072 5073 9
5073 5074 8
5074 5075 3
5075 5076 3
5076 5077 10
5077 5078 5
5078 5079 3
5079 5080 15
5080 5081 10
5081 5082 16
5082 5083 15
5083 5084 10
5084 5085 15
5085 5086 7
5086 5087 9
5087 5088 15
5088 5089 15
5089 5090 8
5090 5091 7
5091 5092 9
5092 5093 3
5093 5094 12
5094 5095 12
5095 5096 1
5096 5097 2
5097 5098 14
5098 5099 11
5099 5100 20
5100 5101 11
5101 5102 3
5102 5103 2
5103 5104 1
5104 5105 4
5105 5106 20
5106 5107 8
5107 5108 5
5108 5109 1
5109 5110 15
5110 5111 16
5111 5112 18
5112 5113 14
5113 5114 8
5114 5115 3
5115 5116 4
5116 5117 15
5117 5118 9
5118 5119 17
5119 5120 17
5120 5121 13
5121 5122 4
5122 5123 5
5123 5124 9
5124 5125 13
5125 5126 13
5126 5127 17
5127 5128 19
5128 5129 17
5129 5130 20
5130 5131 9
5131 5132 13
5132 5133 19
5133 5134 10
5134 5135 8
5135 5136 18
5136 5137 20
5137 5138 3
5138 5139 14
5139 5140 15
5140 5141 10
5141 5142 2
5142 5143 12
5143 5144 7
5144 5145 20
5145 5146 6
5146 5147 4
5147 5148 6
5148 5149 8
5149 5150 18
5150 5151 18
5151 5152 14
5152 5153 9
5153 5154 19
5154 5155 17
5155 5156 13
5156 5157 11
5157 5158 13
5158 5159 20
5159 5160 17
5160 5161 12
5161 5162 6
5162 5163 2
5163 5164 4
5164 5165 11
5165 5166 18
5166 5167 4
5167 5168 15
5168 5169 13
5169 5170 5
5170 5171 17
5171 5172 14
5172 5173 4
5173 5174 3
5174 5175 16
5175 5176 5
5176 5177 8
5177 5178 9
5178 5179 20
5179 5180 10
5180 5181 20
5181 5182 6
5182 5183 9
5183 5184 3
5184 5185 18
5185 5186 5
5186 5187 13
5187 5188 9
5188 5189 4
5189 5190 12
5190 5191 2
5191 5192 20
5192 5193 15
5193 5194 14
5194 5195 12
5195 5196 4
5196 5197 19
5197 5198 8
5198 5199 11
5199 5200 17
5200 5201 13
5201 5202 15
5202 5203 5
5203 5204 18
5204 5205 20
5205 5206 1
5206 5207 17
5207 5208 10
5208 5209 10
5209 5210 12
5210 5211 20
5211 5212 5
5212 5213 15
5213 5214 16
5214 5215 20
5215 5216 18
5216 5217 5
5217 5218 18
5218 5219 13
5219 5220 6
5220 5221 17
5221 5222 13
5222 5223 13
5223 5224 3
5224 5225 18
5225 5226 14
5226 5227 7
5227 5228 16
5228 5229 8
5229 5230 14
5230 5231 4
5231 5232 14
5232 5233 11
5233 5234 3
5234 5235 16
5235 5236 1
5236 5237 13
5237 5238 4
5238 5239 10
5239 5240 4
5240 5241 4
5241 5242 12
5242 5243 9
5243 5244 13
5244 5245 1
5245 5246 1
5246 5247 14
5247 5248 11
5248 5249 14
5249 5250 9
5250 5251 3
5251 5252 20
5252 5253 19
5253 5254 12
5254 5255 12
5255 5256 12
5256 5257 2
5257 5258 8
5258 5259 18
5259 5260 15
5260 5261 1
5261 5262 20
5262 5263 4
5263 5264 4
5264 5265 2
5265 5266 8
5266 5267 16
5267 5268 11
5268 5269 14
5269 5270 2
5270 5271 9
5271 5272 12
5272 5273 16
5273 5274 14
5274 5275 13
5275 5276 6
5276 5277 19
5277 5278 4
5278 5279 17
5279 5280 3
5280 5281 20
5281 5282 3
5282 5283 6
5283 5284 5
5284 5285 6
5285 5286 16
5286 5287 20
5287 5288 3
5288 5289 10
5289 5290 9
5290 5291 2
5291 5292 2
5292 5293 11
5293 5294 16
5294 5295 20
5295 5296 9
5296 5297 19
5297 5298 18
5298 5299 14
5299 5300 9
5300 5301 4
5301 5302 2
5302 5303 1
5303 5304 20
5304 5305 15
5305 5306 12
5306 5307 6
5307 5308 17
5308 5309 16
5309 5310 15
5310 5311 12
5311 5312 8
5312 5313 1
5313 5314 1
5314 5315 10
5315 5316 10
5316 5317 12
5317 5318 6
5318 5319 20
5319 5320 8
5320 5321 7
5321 5322 3
5322 5323 11
5323 5324 17
5324 5325 12
5325 5326 10
5326 5327 3
5327 5328 3
5328 5329 16
5329 5330 17
5330 5331 5
5331 5332 15
5332 5333 18
5333 5334 13
5334 5335 15
5335 5336 13
5336 5337 18
5337 5338 3
5338 5339 15
5339 5340 1
5340 5341 12
5341 5342 4
5342 5343 19
5343 5344 9
5344 5345 12
5345 5346 2
5346 5347 12
5347 5348 16
5348 5349 11
5349 5350 15
5350 5351 12
5351 5352 4
5352 5353 2
5353 5354 2
5354 5355 6
5355 5356 15
5356 5357 15
5357 5358 15
5358 5359 12
5359 5360 6
5360 5361 1
5361 5362 6
5362 5363 18
5363 5364 7
5364 5365 14
5365 5366 2
5366 5367 3
5367 5368 2
5368 5369 4
5369 5370 4
5370 5371 14
5371 5372 17
5372 5373 16
5373 5374 10
5374 5375 3
5375 5376 6
5376 5377 7
5377 5378 11
5378 5379 8
5379 5380 15
5380 5381 5
5381 5382 9
5382 5383 3
5383 5384 17
5384 5385 9
5385 5386 2
5386 5387 5
5387 5388 1
5388 5389 1
5389 5390 11
5390 5391 16
5391 5392 18
5392 5393 8
5393 5394 17
5394 5395 1
5395 5396 19
5396 5397 12
5397 5398 13
5398 5399 2
5399 5400 3
5400 5401 16
5401 5402 1
5402 5403 13
5403 5404 10
5404 5405 20
5405 5406 14
5406 5407 11
5407 5408 19
5408 5409 3
5409 5410 10
5410 5411 3
5411 5412 10
5412 5413 14
5413 5414 10
5414 5415 15
5415 5416 4
5416 5417 20
5417 5418 14
5418 5419 4
5419 5420 12
5420 5421 3
5421 5422 12
5422 5423 5
5423 5424 12
5424 5425 18
5425 5426 11
5426 5427 8
5427 5428 2
5428 5429 6
5429 5430 15
5430 5431 19
5431 5432 4
5432 5433 4
5433 5434 3
5434 5435 7
5435 5436 20
5436 5437 14
5437 5438 17
5438 5439 15
5439 5440 9
5440 5441 3
5441 5442 11
5442 5443 10
5443 5444 13
5444 5445 10
5445 5446 12
5446 5447 20
5447 5448 17
5448 5449 20
5449 5450 19
5450 5451 14
5451 5452 12
5452 5453 2
5453 5454 6
5454 5455 18
5455 5456 19
5456 5457 13
5457 5458 20
5458 5459 4
5459 5460 18
5460 5461 9
5461 5462 1
5462 5463 11
5463 5464 16
5464 5465 5
5465 5466 5
5466 5467 16
5467 5468 13
5468 5469 9
5469 5470 7
5470 5471 8
5471 5472 12
5472 5473 6
5473 5474 12
5474 5475 16
5475 5476 9
5476 5477 9
5477 5478 13
5478 5479 14
5479 5480 5
5480 5481 15
5481 5482 8
5482 5483 19
5483 5484 2
5484 5485 15
5485 5486 17
5486 5487 16
5487 5488 4
5488 5489 2
5489 5490 6
5490 5491 17
5491 5492 16
5492 5493 10
5493 5494 13
5494 5495 2
5495 5496 7
5496 5497 5
5497 5498 17
5498 5499 15
5499 5500 5
5500 5501 8
5501 5502 11
5502 5503 17
5503 5504 5
5504 5505 19
5505 5506 8
5506 5507 10
5507 5508 7
5508 5509 11
5509 5510 2
5510 5511 19
5511 5512 4
5512 5513 4
5513 5514 7
5514 5515 13
5515 5516 12
5516 5517 8
5517 5518 13
5518 5519 9
5519 5520 12
5520 5521 15
5521 5522 1
5522 5523 16
5523 5524 10
5524 5525 12
5525 5526 7
5526 5527 6
5527 5528 1
5528 5529 20
5529 5530 11
5530 5531 16
5531 5532 9
5532 5533 11
5533 5534 13
5534 5535 14
5535 5536 20
5536 5537 11
5537 5538 4
5538 5539 15
5539 5540 1
5540 5541 17
5541 5542 8
5542 5543 4
5543 5544 20
5544 5545 10
5545 5546 15
5546 5547 5
5547 5548 14
5548 5549 9
5549 5550 9
5550 5551 14
5551 5552 3
5552 5553 1
5553 5554 5
5554 5555 12
5555 5556 13
5556 5557 16
5557 5558 7
5558 5559 6
5559 5560 12
5560 5561 4
5561 5562 14
5562 5563 7
5563 5564 8
5564 5565 18
5565 5566 1
5566 5567 4
5567 5568 10
5568 5569 1
5569 5570 17
5570 5571 6
5571 5572 9
5572 5573 9
5573 5574 11
5574 5575 20
5575 5576 10
5576 5577 18
5577 5578 16
5578 5579 1
5579 5580 15
5580 5581 14
5581 5582 11
5582 5583 3
5583 5584 17
5584 5585 20
5585 5586 13
5586 5587 5
5587 5588 20
5588 5589 18
5589 5590 9
5590 5591 12
5591 5592 11
5592 5593 13
5593 5594 18
5594 5595 12
5595 5596 2
5596 5597 17
5597 5598 15
5598 5599 6
5599 5600 9
5600 5601 11
5601 5602 7
5602 5603 16
5603 5604 15
5604 5605 18
5605 5606 16
5606 5607 18
5607 5608 12
5608 5609 11
5609 5610 9
5610 5611 2
5611 5612 20
5612 5613 14
5613 5614 18
5614 5615 2
5615 5616 11
5616 5617 4
5617 5618 3
5618 5619 16
5619 5620 8
5620 5621 1
5621 5622 14
5622 5623 9
5623 5624 1
5624 5625 14
5625 5626 15
5626 5627 5
5627 5628 15
5628 5629 3
5629 5630 9
5630 5631 11
5631 5632 7
5632 5633 3
5633 5634 19
5634 5635 6
5635 5636 14
5636 5637 16
5637 5638 14
5638 5639 9
5639 5640 16
5640 5641 1
5641 5642 8
5642 5643 12
5643 5644 17
5644 5645 18
5645 5646 6
5646 5647 14
5647 5648 5
5648 5649 8
5649 5650 2
5650 5651 16
5651 5652 7
5652 5653 11
5653 5654 16
5654 5655 17
5655 5656 11
5656 5657 12
5657 5658 5
5658 5659 3
5659 5660 11
5660 5661 3
5661 5662 1
5662 5663 4
5663 5664 7
5664 5665 5
5665 5666 20
5666 5667 11
5667 5668 1
5668 5669 4
5669 5670 15
5670 5671 9
5671 5672 12
5672 5673 5
5673 5674 13
5674 5675 4
5675 5676 3
5676 5677 11
5677 5678 7
5678 5679 6
5679 5680 8
5680 5681 10
5681 5682 7
5682 5683 10
5683 5684 8
5684 5685 3
5685 5686 3
5686 5687 11
5687 5688 13
5688 5689 14
5689 5690 12
5690 5691 4
5691 5692 7
5692 5693 10
5693 5694 7
5694 5695 11
5695 5696 12
5696 5697 16
5697 5698 20
5698 5699 6
5699 5700 12
5700 5701 2
5701 5702 3
5702 5703 9
5703 5704 14
5704 5705 8
5705 5706 8
5706 5707 18
5707 5708 11
5708 5709 10
5709 5710 7
5710 5711 19
5711 5712 10
5712 5713 4
5713 5714 6
5714 5715 8
5715 5716 8
5716 5717 6
5717 5718 7
5718 5719 18
5719 5720 15
5720 5721 20
5721 5722 16
5722 5723 18
5723 5724 19
5724 5725 6
5725 5726 5
5726 5727 13
5727 5728 4
5728 5729 18
5729 5730 16
5730 5731 12
5731 5732 6
5732 5733 2
5733 5734 11
5734 5735 20
5735 5736 6
5736 5737 11
5737 5738 5
5738 5739 1
5739 5740 19
5740 5741 6
5741 5742 3
5742 5743 9
5743 5744 2
5744 5745 15
5745 5746 9
5746 5747 14
5747 5748 11
5748 5749 10
5749 5750 2
5750 5751 17
5751 5752 2
5752 5753 16
5753 5754 16
5754 5755 5
5755 5756 13
5756 5757 16
5757 5758 19
5758 5759 9
5759 5760 12
5760 5761 20
5761 5762 18
5762 5763 2
5763 5764 8
5764 5765 20
5765 5766 1
5766 5767 18
5767 5768 7
5768 5769 20
5769 5770 17
5770 5771 4
5771 5772 1
5772 5773 10
5773 5774 3
5774 5775 9
5775 5776 5
5776 5777 1
5777 5778 19
5778 5779 19
5779 5780 6
5780 5781 8
5781 5782 19
5782 5783 17
5783 5784 6
5784 5785 10
5785 5786 6
5786 5787 7
5787 5788 19
5788 5789 18
5789 5790 16
5790 5791 16
5791 5792 6
5792 5793 16
5793 5794 20
5794 5795 11
5795 5796 16
5796 5797 11
5797 5798 3
5798 5799 18
5799 5800 1
5800 5801 5
5801 5802 7
5802 5803 12
5803 5804 5
5804 5805 10
5805 5806 7
5806 5807 19
5807 5808 17
5808 5809 1
5809 5810 1
5810 5811 3
5811 5812 13
5812 5813 16
5813 5814 15
5814 5815 10
5815 5816 20
5816 5817 5
5817 5818 13
5818 5819 17
5819 5820 6
5820 5821 13
5821 5822 13
5822 5823 12
5823 5824 18
5824 5825 3
5825 5826 9
5826 5827 8
5827 5828 4
5828 5829 2
5829 5830 14
5830 5831 18
5831 5832 5
5832 5833 20
5833 5834 18
5834 5835 10
5835 5836 11
5836 5837 6
5837 5838 18
5838 5839 17
5839 5840 17
5840 5841 4
5841 5842 20
5842 5843 15
5843 5844 5
5844 5845 6
5845 5846 5
5846 5847 16
5847 5848 12
5848 5849 9
5849 5850 17
5850 5851 18
5851 5852 2
5852 5853 19
5853 5854 9
5854 5855 11
5855 5856 13
5856 5857 6
5857 5858 2
5858 5859 19
5859 5860 9
5860 5861 16
5861 5862 17
5862 5863 20
5863 5864 16
5864 5865 9
5865 5866 18
5866 5867 12
5867 5868 13
5868 5869 1
5869 5870 11
5870 5871 13
5871 5872 2
5872 5873 13
5873 5874 15
5874 5875 15
5875 5876 3
5876 5877 6
5877 5878 16
5878 5879 1
5879 5880 14
5880 5881 14
5881 5882 9
5882 5883 4
5883 5884 3
5884 5885 5
5885 5886 10
5886 5887 17
5887 5888 15
5888 5889 12
5889 5890 10
5890 5891 11
5891 5892 5
5892 5893 3
5893 5894 11
5894 5895 5
5895 5896 8
5896 5897 20
5897 5898 14
5898 5899 9
5899 5900 18
5900 5901 15
5901 5902 9
5902 5903 5
5903 5904 16
5904 5905 5
5905 5906 17
5906 5907 6
5907 5908 6
5908 5909 12
5909 5910 5
5910 5911 6
5911 5912 3
5912 5913 4
5913 5914 17
5914 5915 2
5915 5916 17
5916 5917 5
5917 5918 17
5918 5919 15
5919 5920 20
5920 5921 19
5921 5922 14
5922 5923 4
5923 5924 1
5924 5925 20
5925 5926 16
5926 5927 16
5927 5928 13
5928 5929 19
5929 5930 17
5930 5931 1
5931 5932 18
5932 5933 12
5933 5934 5
5934 5935 7
5935 5936 4
5936 5937 12
5937 5938 5
5938 5939 9
5939 5940 14
5940 5941 5
5941 5942 2
5942 5943 9
5943 5944 5
5944 5945 20
5945 5946 9
5946 5947 6
5947 5948 3
5948 5949 4
5949 5950 16
5950 5951 12
5951 5952 7
5952 5953 3
5953 5954 14
5954 5955 11
5955 5956 20
5956 5957 6
5957 5958 15
5958 5959 11
5959 5960 14
5960 5961 3
5961 5962 9
5962 5963 15
5963 5964 5
5964 5965 18
5965 5966 15
5966 5967 12
5967 5968 2
5968 5969 3
5969 5970 1
5970 5971 2
5971 5972 8
5972 5973 6
5973 5974 4
5974 5975 7
5975 5976 9
5976 5977 13
5977 5978 3
5978 5979 4
5979 5980 16
5980 5981 19
5981 5982 5
5982 5983 12
5983 5984 8
5984 5985 7
5985 5986 3
5986 5987 5
5987 5988 14
5988 5989 2
5989 5990 1
5990 5991 14
5991 5992 10
5992 5993 10
5993 5994 18
5994 5995 2
5995 5996 7
5996 5997 17
5997 5998 1
5998 5999 17
5999 6000 1
6000 6001 16
6001 6002 15
6002 6003 3
6003 6004 5
6004 6005 18
6005 6006 17
6006 6007 6
6007 6008 18
6008 6009 8
6009 6010 12
6010 6011 4
6011 6012 12
6012 6013 11
6013 6014 4
6014 6015 3
6015 6016 4
6016 6017 12
6017 6018 12
6018 6019 15
6019 6020 4
6020 6021 2
6021 6022 1
6022 6023 6
6023 6024 14
6024 6025 4
6025 6026 3
6026 6027 20
6027 6028 9
6028 6029 16
6029 6030 1
6030 6031 14
6031 6032 16
6032 6033 14
6033 6034 1
6034 6035 19
6035 6036 15
6036 6037 12
6037 6038 6
6038 6039 12
6039 6040 13
6040 6041 17
6041 6042 13
6042 6043 4
6043 6044 4
6044 6045 20
6045 6046 7
6046 6047 15
6047 6048 1
6048 6049 11
6049 6050 4
6050 6051 13
6051 6052 9
6052 6053 1
6053 6054 14
6054 6055 5
6055 6056 20
6056 6057 17
6057 6058 15
6058 6059 4
6059 6060 12
6060 6061 1
6061 6062 15
6062 6063 18
6063 6064 9
6064 6065 20
6065 6066 10
6066 6067 11
6067 6068 20
6068 6069 13
6069 6070 8
6070 6071 15
6071 6072 12
6072 6073 9
6073 6074 2
6074 6075 14
6075 6076 1
6076 6077 13
6077 6078 17
6078 6079 1
6079 6080 12
6080 6081 14
6081 6082 16
6082 6083 7
6083 6084 1
6084 6085 5
6085 6086 13
6086 6087 14
6087 6088 15
6088 6089 15
6089 6090 1
6090 6091 5
6091 6092 3
6092 6093 8
6093 6094 20
6094 6095 16
6095 6096 11
6096 6097 2
6097 6098 11
6098 6099 2
6099 6100 19
6100 6101 18
6101 6102 12
6102 6103 6
6103 6104 5
6104 6105 1
6105 6106 3
6106 6107 4
6107 6108 6
6108 6109 14
6109 6110 8
6110 6111 10
6111 6112 12
6112 6113 13
6113 6114 17
6114 6115 5
6115 6116 10
6116 6117 6
6117 6118 11
6118 6119 11
6119 6120 1
6120 6121 18
6121 6122 16
6122 6123 10
6123 6124 3
6124 6125 8
6125 6126 6
6126 6127 6
6127 6128 18
6128 6129 10
6129 6130 8
6130 6131 10
6131 6132 5
6132 6133 12
6133 6134 12
6134 6135 16
6135 6136 10
6136 6137 2
6137 6138 16
6138 6139 10
6139 6140 16
6140 6141 18
6141 6142 8
6142 6143 18
6143 6144 6
6144 6145 3
6145 6146 17
6146 6147 11
6147 6148 13
6148 6149 10
6149 6150 4
6150 6151 1
6151 6152 18
6152 6153 5
6153 6154 4
6154 6155 7
6155 6156 6
6156 6157 19
6157 6158 15
6158 6159 4
6159 6160 3
6160 6161 11
6161 6162 14
6162 6163 4
6163 6164 15
6164 6165 1
6165 6166 7
6166 6167 14
6167 6168 3
6168 6169 20
6169 6170 5
6170 6171 7
6171 6172 14
6172 6173 12
6173 6174 8
6174 6175 20
6175 6176 16
6176 6177 14
6177 6178 12
6178 6179 3
6179 6180 11
6180 6181 11
6181 6182 9
6182 6183 3
6183 6184 2
6184 6185 19
6185 6186 11
6186 6187 20
6187 6188 14
6188 6189 11
6189 6190 11
6190 6191 12
6191 6192 10
6192 6193 7
6193 6194 10
6194 6195 10
6195 6196 14
6196 6197 1
6197 6198 7
6198 6199 19
6199 6200 6
6200 6201 16
6201 6202 11
6202 6203 4
6203 6204 9
6204 6205 12
6205 6206 7
6206 6207 18
6207 6208 1
6208 6209 14
6209 6210 8
6210 6211 10
6211 6212 16
6212 6213 11
6213 6214 12
6214 6215 14
6215 6216 19
6216 6217 13
6217 6218 9
6218 6219 18
6219 6220 7
6220 6221 5
6221 6222 2
6222 6223 16
6223 6224 9
6224 6225 19
6225 6226 11
6226 6227 1
6227 6228 19
6228 6229 11
6229 6230 2
6230 6231 16
6231 6232 18
6232 6233 15
6233 6234 18
6234 6235 1
6235 6236 2
6236 6237 5
6237 6238 5
6238 6239 2
6239 6240 16
6240 6241 11
6241 6242 12
6242 6243 17
6243 6244 18
6244 6245 2
6245 6246 16
6246 6247 9
6247 6248 16
6248 6249 11
6249 6250 3
6250 6251 13
6251 6252 10
6252 6253 9
6253 6254 9
6254 6255 9
6255 6256 8
6256 6257 3
6257 6258 9
6258 6259 13
6259 6260 14
6260 6261 9
6261 6262 8
6262 6263 8
6263 6264 14
6264 6265 3
6265 6266 16
6266 6267 15
6267 6268 2
6268 6269 18
6269 6270 19
6270 6271 20
6271 6272 7
6272 6273 13
6273 6274 16
6274 6275 5
6275 6276 10
6276 6277 7
6277 6278 20
6278 6279 13
6279 6280 10
6280 6281 3
6281 6282 11
6282 6283 18
6283 6284 18
6284 6285 8
6285 6286 8
6286 6287 11
6287 6288 15
6288 6289 14
6289 6290 20
6290 6291 19
6291 6292 12
6292 6293 19
6293 6294 10
6294 6295 8
6295 6296 3
6296 6297 7
6297 6298 11
6298 6299 9
6299 6300 9
6300 6301 5
6301 6302 1
6302 6303 13
6303 6304 10
6304 6305 13
6305 6306 8
6306 6307 16
6307 6308 20
6308 6309 5
6309 6310 16
6310 6311 3
6311 6312 13
6312 6313 8
6313 6314 8
6314 6315 10
6315 6316 9
6316 6317 3
6317 6318 1
6318 6319 12
6319 6320 14
6320 6321 19
6321 6322 19
6322 6323 5
6323 6324 2
6324 6325 9
6325 6326 20
6326 6327 9
6327 6328 1
6328 6329 10
6329 6330 15
6330 6331 14
6331 6332 5
6332 6333 16
6333 6334 1
6334 6335 6
6335 6336 2
6336 6337 13
6337 6338 1
6338 6339 2
6339 6340 19
6340 6341 17
6341 6342 19
6342 6343 13
6343 6344 17
6344 6345 9
6345 6346 4
6346 6347 11
6347 6348 20
6348 6349 11
6349 6350 12
6350 6351 11
6351 6352 10
6352 6353 11
6353 6354 11
6354 6355 1
6355 6356 5
6356 6357 11
6357 6358 11
6358 6359 12
6359 6360 4
6360 6361 1
6361 6362 12
6362 6363 12
6363 6364 1
6364 6365 13
6365 6366 19
6366 6367 9
6367 6368 4
6368 6369 4
6369 6370 18
6370 6371 5
6371 6372 5
6372 6373 14
6373 6374 9
6374 6375 8
6375 6376 16
6376 6377 20
6377 6378 18
6378 6379 3
6379 6380 12
6380 6381 13
6381 6382 1
6382 6383 3
6383 6384 1
6384 6385 6
6385 6386 7
6386 6387 19
6387 6388 16
6388 6389 11
6389 6390 15
6390 6391 17
6391 6392 9
6392 6393 8
6393 6394 19
6394 6395 8
6395 6396 15
6396 6397 8
6397 6398 1
6398 6399 1
6399 6400 13
6400 6401 18
6401 6402 8
6402 6403 19
6403 6404 3
6404 6405 15
6405 6406 11
6406 6407 3
6407 6408 17
6408 6409 13
6409 6410 15
6410 6411 13
6411 6412 20
6412 6413 18
6413 6414 12
6414 6415 3
6415 6416 8
6416 6417 9
6417 6418 3
6418 6419 20
6419 6420 20
6420 6421 12
6421 6422 15
6422 6423 10
6423 6424 20
6424 6425 9
6425 6426 20
6426 6427 1
6427 6428 13
6428 6429 3
6429 6430 13
6430 6431 1
6431 6432 3
6432 6433 19
6433 6434 5
6434 6435 10
6435 6436 16
6436 6437 7
6437 6438 13
6438 6439 4
6439 6440 13
6440 6441 6
6441 6442 1
6442 6443 17
6443 6444 19
6444 6445 18
6445 6446 11
6446 6447 18
6447 6448 11
6448 6449 17
6449 6450 8
6450 6451 13
6451 6452 12
6452 6453 6
6453 6454 12
6454 6455 5
6455 6456 18
6456 6457 1
6457 6458 12
6458 6459 9
6459 6460 9
6460 6461 16
6461 6462 2
6462 6463 18
6463 6464 6
6464 6465 11
6465 6466 12
6466 6467 15
6467 6468 20
6468 6469 15
6469 6470 6
6470 6471 7
6471 6472 4
6472 6473 20
6473 6474 12
6474 6475 1
6475 6476 4
6476 6477 15
6477 6478 9
6478 6479 19
6479 6480 4
6480 6481 14
6481 6482 11
6482 6483 12
6483 6484 11
6484 6485 1
6485 6486 3
6486 6487 5
6487 6488 6
6488 6489 15
6489 6490 6
6490 6491 12
6491 6492 18
6492 6493 6
6493 6494 5
6494 6495 18
6495 6496 16
6496 6497 8
6497 6498 11
6498 6499 7
6499 6500 18
6500 6501 9
6501 6502 14
6502 6503 3
6503 6504 4
6504 6505 1
6505 6506 19
6506 6507 17
6507 6508 12
6508 6509 1
6509 6510 18
6510 6511 15
6511 6512 13
6512 6513 5
6513 6514 14
6514 6515 5
6515 6516 10
6516 6517 2
6517 6518 11
6518 6519 10
6519 6520 11
6520 6521 10
6521 6522 19
6522 6523 3
6523 6524 20
6524 6525 16
6525 6526 11
6526 6527 5
6527 6528 7
6528 6529 5
6529 6530 4
6530 6531 9
6531 6532 14
6532 6533 8
6533 6534 19
6534 6535 5
6535 6536 11
6536 6537 3
6537 6538 16
6538 6539 17
6539 6540 3
6540 6541 11
6541 6542 20
6542 6543 3
6543 6544 7
6544 6545 15
6545 6546 18
6546 6547 3
6547 6548 16
6548 6549 5
6549 6550 5
6550 6551 9
6551 6552 10
6552 6553 13
6553 6554 18
6554 6555 1
6555 6556 19
6556 6557 18
6557 6558 7
6558 6559 15
6559 6560 2
6560 6561 11
6561 6562 9
6562 6563 1
6563 6564 11
6564 6565 2
6565 6566 13
6566 6567 19
6567 6568 8
6568 6569 19
6569 6570 18
6570 6571 12
6571 6572 18
6572 6573 11
6573 6574 20
6574 6575 4
6575 6576 7
6576 6577 16
6577 6578 3
6578 6579 13
6579 6580 5
6580 6581 16
6581 6582 16
6582 6583 6
6583 6584 8
6584 6585 12
6585 6586 20
6586 6587 15
6587 6588 8
6588 6589 17
6589 6590 6
6590 6591 8
6591 6592 15
6592 6593 10
6593 6594 13
6594 6595 2
6595 6596 9
6596 6597 6
6597 6598 9
6598 6599 18
6599 6600 16
6600 6601 9
6601 6602 17
6602 6603 3
6603 6604 18
6604 6605 2
6605 6606 6
6606 6607 11
6607 6608 12
6608 6609 1
6609 6610 11
6610 6611 7
6611 6612 11
6612 6613 1
6613 6614 3
6614 6615 17
6615 6616 7
6616 6617 20
6617 6618 11
6618 6619 7
6619 6620 15
6620 6621 20
6621 6622 13
6622 6623 7
6623 6624 11
6624 6625 17
6625 6626 7
6626 6627 3
6627 6628 4
6628 6629 7
6629 6630 4
6630 6631 6
6631 6632 10
6632 6633 19
6633 6634 6
6634 6635 13
6635 6636 19
6636 6637 7
6637 6638 8
6638 6639 20
6639 6640 13
6640 6641 9
6641 6642 19
6642 6643 13
6643 6644 15
6644 6645 14
6645 6646 19
6646 6647 10
6647 6648 20
6648 6649 6
6649 6650 15
6650 6651 15
6651 6652 10
6652 6653 18
6653 6654 20
6654 6655 13
6655 6656 10
6656 6657 12
6657 6658 11
6658 6659 2
6659 6660 19
6660 6661 5
6661 6662 10
6662 6663 20
6663 6664 14
6664 6665 9
6665 6666 13
6666 6667 13
6667 6668 8
6668 6669 12
6669 6670 2
6670 6671 6
6671 6672 7
6672 6673 17
6673 6674 5
6674 6675 17
6675 6676 20
6676 6677 11
6677 6678 12
6678 6679 7
6679 6680 12
6680 6681 18
6681 6682 10
6682 6683 20
6683 6684 19
6684 6685 14
6685 6686 11
6686 6687 18
6687 6688 5
6688 6689 3
6689 6690 18
6690 6691 1
6691 6692 11
6692 6693 14
6693 6694 17
6694 6695 19
6695 6696 9
6696 6697 6
6697 6698 4
6698 6699 12
6699 6700 8
6700 6701 6
6701 6702 4
6702 6703 8
6703 6704 18
6704 6705 9
6705 6706 14
6706 6707 10
6707 6708 8
6708 6709 15
6709 6710 7
6710 6711 19
6711 6712 1
6712 6713 18
6713 6714 14
6714 6715 1
6715 6716 14
6716 6717 7
6717 6718 9
6718 6719 8
6719 6720 17
6720 6721 2
6721 6722 5
6722 6723 7
6723 6724 18
6724 6725 15
6725 6726 13
6726 6727 11
6727 6728 3
6728 6729 7
6729 6730 4
6730 6731 11
6731 6732 5
6732 6733 19
6733 6734 4
6734 6735 5
6735 6736 4
6736 6737 16
6737 6738 12
6738 6739 20
6739 6740 8
6740 6741 9
6741 6742 9
6742 6743 16
6743 6744 6
6744 6745 6
6745 6746 1
6746 6747 14
6747 6748 3
6748 6749 10
6749 6750 14
6750 6751 13
6751 6752 3
6752 6753 13
6753 6754 14
6754 6755 9
6755 6756 15
6756 6757 12
6757 6758 11
6758 6759 4
6759 6760 13
6760 6761 1
6761 6762 2
6762 6763 6
6763 6764 17
6764 6765 7
6765 6766 3
6766 6767 9
6767 6768 18
6768 6769 20
6769 6770 6
6770 6771 8
6771 6772 17
6772 6773 18
6773 6774 4
6774 6775 2
6775 6776 1
6776 6777 11
6777 6778 6
6778 6779 19
6779 6780 13
6780 6781 9
6781 6782 15
6782 6783 20
6783 6784 18
6784 6785 16
6785 6786 10
6786 6787 1
6787 6788 15
6788 6789 19
6789 6790 16
6790 6791 2
6791 6792 8
6792 6793 1
6793 6794 2
6794 6795 16
6795 6796 12
6796 6797 20
6797 6798 15
6798 6799 5
6799 6800 20
6800 6801 1
6801 6802 12
6802 6803 13
6803 6804 12
6804 6805 5
6805 6806 11
6806 6807 9
6807 6808 16
6808 6809 4
6809 6810 17
6810 6811 7
6811 6812 13
6812 6813 20
6813 6814 15
6814 6815 5
6815 6816 16
6816 6817 7
6817 6818 11
6818 6819 17
6819 6820 11
6820 6821 5
6821 6822 11
6822 6823 9
6823 6824 4
6824 6825 10
6825 6826 19
6826 6827 11
6827 6828 11
6828 6829 12
6829 6830 14
6830 6831 12
6831 6832 1
6832 6833 17
6833 6834 13
6834 6835 4
6835 6836 11
6836 6837 6
6837 6838 8
6838 6839 4
6839 6840 15
6840 6841 1
6841 6842 16
6842 6843 2
6843 6844 2
6844 6845 11
6845 6846 20
6846 6847 11
6847 6848 16
6848 6849 9
6849 6850 8
6850 6851 12
6851 6852 10
6852 6853 9
6853 6854 17
6854 6855 4
6855 6856 1
6856 6857 16
6857 6858 16
6858 6859 4
6859 6860 1
6860 6861 13
6861 6862 17
6862 6863 20
6863 6864 20
6864 6865 19
6865 6866 11
6866 6867 16
6867 6868 5
6868 6869 19
6869 6870 20
6870 6871 20
6871 6872 4
6872 6873 14
6873 6874 8
6874 6875 4
6875 6876 19
6876 6877 5
6877 6878 17
6878 6879 12
6879 6880 2
6880 6881 8
6881 6882 7
6882 6883 18
6883 6884 8
6884 6885 14
6885 6886 11
6886 6887 9
6887 6888 19
6888 6889 6
6889 6890 18
6890 6891 10
6891 6892 15
6892 6893 6
6893 6894 19
6894 6895 4
6895 6896 15
6896 6897 5
6897 6898 6
6898 6899 1
6899 6900 19
6900 6901 8
6901 6902 2
6902 6903 2
6903 6904 11
6904 6905 3
6905 6906 2
6906 6907 19
6907 6908 19
6908 6909 13
6909 6910 8
6910 6911 10
6911 6912 6
6912 6913 20
6913 6914 16
6914 6915 19
6915 6916 20
6916 6917 6
6917 6918 9
6918 6919 9
6919 6920 18
6920 6921 15
6921 6922 19
6922 6923 18
6923 6924 1
6924 6925 7
6925 6926 8
6926 6927 9
6927 6928 2
6928 6929 15
6929 6930 19
6930 6931 15
6931 6932 11
6932 6933 1
6933 6934 5
6934 6935 11
6935 6936 5
6936 6937 20
6937 6938 20
6938 6939 3
6939 6940 16
6940 6941 3
6941 6942 8
6942 6943 11
6943 6944 17
6944 6945 13
6945 6946 14
6946 6947 14
6947 6948 15
6948 6949 20
6949 6950 1
6950 6951 8
6951 6952 5
6952 6953 13
6953 6954 5
6954 6955 9
6955 6956 9
6956 6957 18
6957 6958 4
6958 6959 13
6959 6960 6
6960 6961 5
6961 6962 12
6962 6963 11
6963 6964 16
6964 6965 1
6965 6966 10
6966 6967 5
6967 6968 11
6968 6969 1
6969 6970 3
6970 6971 18
6971 6972 18
6972 6973 1
6973 6974 10
6974 6975 10
6975 6976 20
6976 6977 14
6977 6978 7
6978 6979 20
6979 6980 14
6980 6981 2
6981 6982 14
6982 6983 15
6983 6984 4
6984 6985 11
6985 6986 12
6986 6987 11
6987 6988 13
6988 6989 11
6989 6990 3
6990 6991 3
6991 6992 13
6992 6993 13
6993 6994 14
6994 6995 16
6995 6996 10
6996 6997 10
6997 6998 19
6998 6999 11
6999 7000 18
7000 7001 17
7001 7002 12
7002 7003 2
7003 7004 17
7004 7005 16
7005 7006 11
7006 7007 7
7007 7008 17
7008 7009 5
7009 7010 13
7010 7011 20
7011 7012 7
7012 7013 19
7013 7014 12
7014 7015 5
7015 7016 10
7016 7017 20
7017 7018 11
7018 7019 15
7019 7020 11
7020 7021 1
7021 7022 20
7022 7023 19
7023 7024 17
7024 7025 2
7025 7026 17
7026 7027 9
7027 7028 15
7028 7029 2
7029 7030 9
7030 7031 4
7031 7032 9
7032 7033 19
7033 7034 11
7034 7035 6
7035 7036 7
7036 7037 10
7037 7038 4
7038 7039 1
7039 7040 19
7040 7041 5
7041 7042 18
7042 7043 16
7043 7044 16
7044 7045 20
7045 7046 12
7046 7047 20
7047 7048 13
7048 7049 9
7049 7050 20
7050 7051 17
7051 7052 15
7052 7053 14
7053 7054 7
7054 7055 18
7055 7056 19
7056 7057 11
7057 7058 15
7058 7059 19
7059 7060 17
7060 7061 19
7061 7062 12
7062 7063 15
7063 7064 12
7064 7065 14
7065 7066 10
7066 7067 9
7067 7068 3
7068 7069 20
7069 7070 15
7070 7071 1
7071 7072 3
7072 7073 4
7073 7074 19
7074 7075 19
7075 7076 10
7076 7077 11
7077 7078 3
7078 7079 14
7079 7080 10
7080 7081 17
7081 7082 10
7082 7083 12
7083 7084 1
7084 7085 10
7085 7086 3
7086 7087 1
7087 7088 1
7088 7089 18
7089 7090 1
7090 7091 7
7091 7092 6
7092 7093 8
7093 7094 10
7094 7095 20
7095 7096 13
7096 7097 10
7097 7098 7
7098 7099 18
7099 7100 15
7100 7101 10
7101 7102 16
7102 7103 17
7103 7104 14
7104 7105 1
7105 7106 15
7106 7107 7
7107 7108 18
7108 7109 7
7109 7110 17
7110 7111 16
7111 7112 12
7112 7113 17
7113 7114 15
7114 7115 19
7115 7116 16
7116 7117 14
7117 7118 8
7118 7119 3
7119 7120 17
7120 7121 13
7121 7122 5
7122 7123 13
7123 7124 5
7124 7125 18
7125 7126 16
7126 7127 7
7127 7128 13
7128 7129 15
7129 7130 3
7130 7131 12
7131 7132 4
7132 7133 17
7133 7134 14
7134 7135 2
7135 7136 19
7136 7137 3
7137 7138 19
7138 7139 13
7139 7140 4
7140 7141 3
7141 7142 7
7142 7143 20
7143 7144 1
7144 7145 18
7145 7146 9
7146 7147 15
7147 7148 12
7148 7149 8
7149 7150 7
7150 7151 5
7151 7152 15
7152 7153 3
7153 7154 1
7154 7155 6
7155 7156 12
7156 7157 5
7157 7158 14
7158 7159 15
7159 7160 11
7160 7161 12
7161 7162 20
7162 7163 19
7163 7164 4
7164 7165 5
7165 7166 13
7166 7167 5
7167 7168 5
7168 7169 19
7169 7170 10
7170 7171 15
7171 7172 4
7172 7173 8
7173 7174 1
7174 7175 15
7175 7176 15
7176 7177 5
7177 7178 6
7178 7179 2
7179 7180 6
7180 7181 10
7181 7182 17
7182 7183 17
7183 7184 12
7184 7185 2
7185 7186 13
7186 7187 12
7187 7188 2
7188 7189 5
7189 7190 13
7190 7191 5
7191 7192 8
7192 7193 6
7193 7194 3
7194 7195 5
7195 7196 3
7196 7197 2
7197 7198 6
7198 7199 17
7199 7200 8
7200 7201 20
7201 7202 3
7202 7203 9
7203 7204 20
7204 7205 3
7205 7206 15
7206 7207 9
7207 7208 7
7208 7209 6
7209 7210 17
7210 7211 12
7211 7212 6
7212 7213 14
7213 7214 17
7214 7215 17
7215 7216 7
7216 7217 2
7217 7218 6
7218 7219 3
7219 7220 3
7220 7221 6
7221 7222 11
7222 7223 5
7223 7224 12
7224 7225 1
7225 7226 1
7226 7227 10
7227 7228 14
7228 7229 1
7229 7230 19
7230 7231 6
7231 7232 8
7232 7233 4
7233 7234 8
7234 7235 16
7235 7236 7
7236 7237 17
7237 7238 7
7238 7239 3
7239 7240 13
7240 7241 18
7241 7242 19
7242 7243 7
7243 7244 10
7244 7245 14
7245 7246 10
7246 7247 1
7247 7248 8
7248 7249 8
7249 7250 6
7250 7251 1
7251 7252 9
7252 7253 8
7253 7254 20
7254 7255 10
7255 7256 16
7256 7257 7
7257 7258 14
7258 7259 13
7259 7260 12
7260 7261 10
7261 7262 5
7262 7263 16
7263 7264 9
7264 7265 18
7265 7266 20
7266 7267 2
7267 7268 14
7268 7269 2
7269 7270 7
7270 7271 3
7271 7272 9
7272 7273 13
7273 7274 4
7274 7275 16
7275 7276 7
7276 7277 10
7277 7278 7
7278 7279 1
7279 7280 7
7280 7281 5
7281 7282 1
7282 7283 19
7283 7284 9
7284 7285 16
7285 7286 9
7286 7287 3
7287 7288 10
7288 7289 11
7289 7290 17
7290 7291 15
7291 7292 4
7292 7293 15
7293 7294 7
7294 7295 19
7295 7296 4
7296 7297 4
7297 7298 1
7298 7299 18
7299 7300 7
7300 7301 5
7301 7302 14
7302 7303 6
7303 7304 6
7304 7305 3
7305 7306 6
7306 7307 4
7307 7308 20
7308 7309 8
7309 7310 10
7310 7311 9
7311 7312 16
7312 7313 14
7313 7314 17
7314 7315 5
7315 7316 3
7316 7317 9
7317 7318 2
7318 7319 20
7319 7320 13
7320 7321 18
7321 7322 1
7322 7323 19
7323 7324 8
7324 7325 17
7325 7326 10
7326 7327 14
7327 7328 9
7328 7329 19
7329 7330 7
7330 7331 18
7331 7332 11
7332 7333 10
7333 7334 5
7334 7335 3
7335 7336 13
7336 7337 9
7337 7338 8
7338 7339 19
7339 7340 20
7340 7341 1
7341 7342 19
7342 7343 2
7343 7344 9
7344 7345 16
7345 7346 20
7346 7347 16
7347 7348 17
7348 7349 11
7349 7350 16
7350 7351 11
7351 7352 3
7352 7353 10
7353 7354 18
7354 7355 2
7355 7356 19
7356 7357 19
7357 7358 10
7358 7359 11
7359 7360 4
7360 7361 19
7361 7362 12
7362 7363 3
7363 7364 16
7364 7365 7
7365 7366 1
7366 7367 14
7367 7368 1
7368 7369 7
7369 7370 19
7370 7371 2
7371 7372 1
7372 7373 8
7373 7374 12
7374 7375 17
7375 7376 15
7376 7377 15
7377 7378 1
7378 7379 20
7379 7380 10
7380 7381 4
7381 7382 9
7382 7383 13
7383 7384 15
7384 7385 11
7385 7386 12
7386 7387 20
7387 7388 14
7388 7389 14
7389 7390 9
7390 7391 4
7391 7392 6
7392 7393 9
7393 7394 8
7394 7395 15
7395 7396 17
7396 7397 20
7397 7398 16
7398 7399 17
7399 7400 11
7400 7401 11
7401 7402 4
7402 7403 5
7403 7404 12
7404 7405 17
7405 7406 8
7406 7407 12
7407 7408 3
7408 7409 15
7409 7410 3
7410 7411 4
7411 7412 11
7412 7413 8
7413 7414 9
7414 7415 1
7415 7416 11
7416 7417 19
7417 7418 19
7418 7419 17
7419 7420 4
7420 7421 11
7421 7422 18
7422 7423 5
7423 7424 16
7424 7425 7
7425 7426 6
7426 7427 6
7427 7428 3
7428 7429 13
7429 7430 1
7430 7431 9
7431 7432 18
7432 7433 1
7433 7434 17
7434 7435 11
7435 7436 11
7436 7437 2
7437 7438 18
7438 7439 9
7439 7440 2
7440 7441 19
7441 7442 6
7442 7443 4
7443 7444 19
7444 7445 11
7445 7446 19
7446 7447 19
7447 7448 9
7448 7449 18
7449 7450 14
7450 7451 4
7451 7452 8
7452 7453 5
7453 7454 8
7454 7455 20
7455 7456 10
7456 7457 6
7457 7458 6
7458 7459 15
7459 7460 3
7460 7461 15
7461 7462 18
7462 7463 14
7463 7464 10
7464 7465 11
7465 7466 20
7466 7467 14
7467 7468 20
7468 7469 5
7469 7470 14
7470 7471 4
7471 7472 19
7472 7473 5
7473 7474 14
7474 7475 10
7475 7476 4
7476 7477 5
7477 7478 7
7478 7479 1
7479 7480 16
7480 7481 12
7481 7482 12
7482 7483 20
7483 7484 18
7484 7485 13
7485 7486 7
7486 7487 20
7487 7488 17
7488 7489 13
7489 7490 2
7490 7491 1
7491 7492 3
7492 7493 4
7493 7494 17
7494 7495 3
7495 7496 18
7496 7497 7
7497 7498 10
7498 7499 9
7499 7500 15
7500 7501 10
7501 7502 12
7502 7503 12
7503 7504 19
7504 7505 1
7505 7506 12
7506 7507 3
7507 7508 3
7508 7509 17
7509 7510 1
7510 7511 1
7511 7512 14
7512 7513 17
7513 7514 14
7514 7515 1
7515 7516 13
7516 7517 11
7517 7518 16
7518 7519 16
7519 7520 19
7520 7521 5
7521 7522 9
7522 7523 7
7523 7524 15
7524 7525 8
7525 7526 14
7526 7527 5
7527 7528 5
7528 7529 10
7529 7530 16
7530 7531 12
7531 7532 5
7532 7533 14
7533 7534 17
7534 7535 15
7535 7536 6
7536 7537 1
7537 7538 16
7538 7539 20
7539 7540 15
7540 7541 17
7541 7542 4
7542 7543 5
7543 7544 10
7544 7545 20
7545 7546 15
7546 7547 15
7547 7548 15
7548 7549 6
7549 7550 3
7550 7551 5
7551 7552 14
7552 7553 13
7553 7554 16
7554 7555 2
7555 7556 6
7556 7557 12
7557 7558 7
7558 7559 14
7559 7560 20
7560 7561 3
7561 7562 15
7562 7563 8
7563 7564 4
7564 7565 9
7565 7566 14
7566 7567 2
7567 7568 4
7568 7569 11
7569 7570 14
7570 7571 8
7571 7572 19
7572 7573 14
7573 7574 2
7574 7575 14
7575 7576 12
7576 7577 14
7577 7578 12
7578 7579 12
7579 7580 8
7580 7581 17
7581 7582 4
7582 7583 14
7583 7584 15
7584 7585 8
7585 7586 15
7586 7587 15
7587 7588 12
7588 7589 17
7589 7590 20
7590 7591 14
7591 7592 10
7592 7593 3
7593 7594 16
7594 7595 1
7595 7596 11
7596 7597 2
7597 7598 14
7598 7599 14
7599 7600 19
7600 7601 1
7601 7602 4
7602 7603 20
7603 7604 12
7604 7605 4
7605 7606 17
7606 7607 7
7607 7608 16
7608 7609 6
7609 7610 19
7610 7611 15
7611 7612 8
7612 7613 6
7613 7614 1
7614 7615 15
7615 7616 14
7616 7617 19
7617 7618 10
7618 7619 18
7619 7620 6
7620 7621 18
7621 7622 19
7622 7623 11
7623 7624 20
7624 7625 12
7625 7626 17
7626 7627 13
7627 7628 10
7628 7629 7
7629 7630 8
7630 7631 19
7631 7632 10
7632 7633 4
7633 7634 14
7634 7635 18
7635 7636 5
7636 7637 9
7637 7638 6
7638 7639 14
7639 7640 4
7640 7641 16
7641 7642 19
7642 7643 10
7643 7644 16
7644 7645 11
7645 7646 17
7646 7647 6
7647 7648 3
7648 7649 4
7649 7650 13
7650 7651 17
7651 7652 9
7652 7653 1
7653 7654 6
7654 7655 5
7655 7656 7
7656 7657 18
7657 7658 17
7658 7659 6
7659 7660 20
7660 7661 10
7661 7662 11
7662 7663 3
7663 7664 17
7664 7665 4
7665 7666 3
7666 7667 6
7667 7668 10
7668 7669 11
7669 7670 18
7670 7671 12
7671 7672 14
7672 7673 12
7673 7674 7
7674 7675 4
7675 7676 6
7676 7677 5
7677 7678 2
7678 7679 15
7679 7680 16
7680 7681 18
7681 7682 13
7682 7683 17
7683 7684 7
7684 7685 2
7685 7686 4
7686 7687 20
7687 7688 11
7688 7689 11
7689 7690 5
7690 7691 2
7691 7692 1
7692 7693 1
7693 7694 20
7694 7695 16
7695 7696 3
7696 7697 16
7697 7698 10
7698 7699 9
7699 7700 3
7700 7701 11
7701 7702 14
7702 7703 12
7703 7704 19
7704 7705 10
7705 7706 4
7706 7707 6
7707 7708 5
7708 7709 4
7709 7710 20
7710 7711 18
7711 7712 15
7712 7713 11
7713 7714 14
7714 7715 16
7715 7716 7
7716 7717 19
7717 7718 6
7718 7719 14
7719 7720 17
7720 7721 11
7721 7722 20
7722 7723 12
7723 7724 4
7724 7725 6
7725 7726 6
7726 7727 1
7727 7728 3
7728 7729 7
7729 7730 18
7730 7731 13
7731 7732 8
7732 7733 20
7733 7734 12
7734 7735 4
7735 7736 9
7736 7737 19
7737 7738 8
7738 7739 9
7739 7740 14
7740 7741 9
7741 7742 12
7742 7743 8
7743 7744 15
7744 7745 18
7745 7746 6
7746 7747 9
7747 7748 12
7748 7749 19
7749 7750 2
7750 7751 15
7751 7752 15
7752 7753 10
7753 7754 5
7754 7755 8
7755 7756 18
7756 7757 20
7757 7758 2
7758 7759 7
7759 7760 1
7760 7761 11
7761 7762 18
7762 7763 16
7763 7764 3
7764 7765 2
7765 7766 20
7766 7767 13
7767 7768 19
7768 7769 9
7769 7770 8
7770 7771 4
7771 7772 10
7772 7773 11
7773 7774 6
7774 7775 2
7775 7776 10
7776 7777 11
7777 7778 7
7778 7779 10
7779 7780 14
7780 7781 13
7781 7782 15
7782 7783 3
7783 7784 20
7784 7785 9
7785 7786 8
7786 7787 5
7787 7788 19
7788 7789 1
7789 7790 16
7790 7791 17
7791 7792 12
7792 7793 14
7793 7794 3
7794 7795 5
7795 7796 18
7796 7797 13
7797 7798 7
7798 7799 9
7799 7800 3
7800 7801 15
7801 7802 4
7802 7803 2
7803 7804 11
7804 7805 8
7805 7806 12
7806 7807 7
7807 7808 19
7808 7809 13
7809 7810 3
7810 7811 1
7811 7812 19
7812 7813 19
7813 7814 1
7814 7815 2
7815 7816 10
7816 7817 8
7817 7818 8
7818 7819 14
7819 7820 5
7820 7821 8
7821 7822 4
7822 7823 3
7823 7824 4
7824 7825 12
7825 7826 9
7826 7827 16
7827 7828 18
7828 7829 11
7829 7830 17
7830 7831 12
7831 7832 4
7832 7833 8
7833 7834 11
7834 7835 16
7835 7836 2
7836 7837 13
7837 7838 11
7838 7839 17
7839 7840 15
7840 7841 19
7841 7842 10
7842 7843 18
7843 7844 18
7844 7845 9
7845 7846 18
7846 7847 10
7847 7848 4
7848 7849 4
7849 7850 4
7850 7851 20
7851 7852 12
7852 7853 8
7853 7854 16
7854 7855 6
7855 7856 18
7856 7857 6
7857 7858 16
7858 7859 19
7859 7860 8
7860 7861 11
7861 7862 20
7862 7863 17
7863 7864 14
7864 7865 9
7865 7866 9
7866 7867 12
7867 7868 16
7868 7869 6
7869 7870 13
7870 7871 5
7871 7872 20
7872 7873 5
7873 7874 15
7874 7875 3
7875 7876 6
7876 7877 6
7877 7878 12
7878 7879 5
7879 7880 6
7880 7881 18
7881 7882 12
7882 7883 15
7883 7884 4
7884 7885 3
7885 7886 5
7886 7887 14
7887 7888 16
7888 7889 19
7889 7890 5
7890 7891 11
7891 7892 18
7892 7893 3
7893 7894 19
7894 7895 2
7895 7896 18
7896 7897 5
7897 7898 7
7898 7899 19
7899 7900 8
7900 7901 15
7901 7902 14
7902 7903 6
7903 7904 7
7904 7905 19
7905 7906 16
7906 7907 19
7907 7908 8
7908 7909 9
7909 7910 10
7910 7911 8
7911 7912 5
7912 7913 2
7913 7914 1
7914 7915 3
7915 7916 1
7916 7917 19
7917 7918 4
7918 7919 9
7919 7920 20
7920 7921 5
7921 7922 13
7922 7923 18
7923 7924 14
7924 7925 12
7925 7926 10
7926 7927 11
7927 7928 2
7928 7929 4
7929 7930 18
7930 7931 7
7931 7932 19
7932 7933 10
7933 7934 13
7934 7935 16
7935 7936 10
7936 7937 19
7937 7938 17
7938 7939 9
7939 7940 19
7940 7941 7
7941 7942 9
7942 7943 13
7943 7944 2
7944 7945 20
7945 7946 3
7946 7947 9
7947 7948 12
7948 7949 6
7949 7950 19
7950 7951 4
7951 7952 11
7952 7953 11
7953 7954 18
7954 7955 16
7955 7956 12
7956 7957 1
7957 7958 19
7958 7959 19
7959 7960 14
7960 7961 9
7961 7962 15
7962 7963 6
7963 7964 8
7964 7965 3
7965 7966 20
7966 7967 13
7967 7968 8
7968 7969 14
7969 7970 6
7970 7971 4
7971 7972 2
7972 7973 5
7973 7974 1
7974 7975 20
7975 7976 8
7976 7977 13
7977 7978 12
7978 7979 6
7979 7980 15
7980 7981 13
7981 7982 17
7982 7983 8
7983 7984 20
7984 7985 8
7985 7986 7
7986 7987 15
7987 7988 4
7988 7989 3
7989 7990 9
7990 7991 9
7991 7992 17
7992 7993 1
7993 7994 14
7994 7995 9
7995 7996 7
7996 7997 13
7997 7998 12
7998 7999 9
7999 8000 14
8000 8001 14
8001 8002 6
8002 8003 2
8003 8004 18
8004 8005 13
8005 8006 1
8006 8007 16
8007 8008 10
8008 8009 18
8009 8010 3
8010 8011 9
8011 8012 18
8012 8013 15
8013 8014 4
8014 8015 2
8015 8016 15
8016 8017 20
8017 8018 11
8018 8019 20
8019 8020 20
8020 8021 4
8021 8022 12
8022 8023 14
8023 8024 12
8024 8025 12
8025 8026 18
8026 8027 12
8027 8028 20
8028 8029 8
8029 8030 1
8030 8031 18
8031 8032 19
8032 8033 11
8033 8034 17
8034 8035 2
8035 8036 4
8036 8037 13
8037 8038 6
8038 8039 20
8039 8040 13
8040 8041 19
8041 8042 15
8042 8043 12
8043 8044 19
8044 8045 6
8045 8046 2
8046 8047 11
8047 8048 15
8048 8049 5
8049 8050 12
8050 8051 9
8051 8052 15
8052 8053 6
8053 8054 15
8054 8055 20
8055 8056 14
8056 8057 19
8057 8058 18
8058 8059 13
8059 8060 11
8060 8061 3
8061 8062 10
8062 8063 10
8063 8064 17
8064 8065 9
8065 8066 13
8066 8067 6
8067 8068 18
8068 8069 10
8069 8070 16
8070 8071 5
8071 8072 4
8072 8073 3
8073 8074 10
8074 8075 10
8075 8076 20
8076 8077 10
8077 8078 9
8078 8079 14
8079 8080 17
8080 8081 8
8081 8082 15
8082 8083 2
8083 8084 8
8084 8085 15
8085 8086 2
8086 8087 16
8087 8088 9
8088 8089 10
8089 8090 15
8090 8091 16
8091 8092 16
8092 8093 17
8093 8094 2
8094 8095 16
8095 8096 20
8096 8097 17
8097 8098 16
8098 8099 15
8099 8100 2
8100 8101 20
8101 8102 15
8102 8103 6
8103 8104 13
8104 8105 7
8105 8106 11
8106 8107 7
8107 8108 12
8108 8109 9
8109 8110 3
8110 8111 7
8111 8112 5
8112 8113 10
8113 8114 19
8114 8115 2
8115 8116 16
8116 8117 19
8117 8118 10
8118 8119 15
8119 8120 1
8120 8121 4
8121 8122 10
8122 8123 20
8123 8124 3
8124 8125 1
8125 8126 18
8126 8127 19
8127 8128 2
8128 8129 16
8129 8130 1
8130 8131 11
8131 8132 6
8132 8133 16
8133 8134 12
8134 8135 2
8135 8136 10
8136 8137 16
8137 8138 5
8138 8139 10
8139 8140 3
8140 8141 15
8141 8142 5
8142 8143 9
8143 8144 2
8144 8145 6
8145 8146 20
8146 8147 18
8147 8148 10
8148 8149 8
8149 8150 20
8150 8151 9
8151 8152 19
8152 8153 4
8153 8154 15
8154 8155 1
8155 8156 10
8156 8157 1
8157 8158 13
8158 8159 10
8159 8160 3
8160 8161 19
8161 8162 15
8162 8163 2
8163 8164 11
8164 8165 14
8165 8166 8
8166 8167 2
8167 8168 5
8168 8169 11
8169 8170 5
8170 8171 10
8171 8172 19
8172 8173 12
8173 8174 8
8174 8175 18
8175 8176 7
8176 8177 13
8177 8178 13
8178 8179 14
8179 8180 14
8180 8181 8
8181 8182 17
8182 8183 1
8183 8184 16
8184 8185 16
8185 8186 12
8186 8187 11
8187 8188 15
8188 8189 12
8189 8190 4
8190 8191 3
8191 8192 14
8192 8193 13
8193 8194 1
8194 8195 19
8195 8196 15
8196 8197 12
8197 8198 1
8198 8199 11
8199 8200 13
8200 8201 18
8201 8202 18
8202 8203 10
8203 8204 8
8204 8205 5
8205 8206 8
8206 8207 20
8207 8208 8
8208 8209 15
8209 8210 2
8210 8211 18
8211 8212 1
8212 8213 2
8213 8214 4
8214 8215 10
8215 8216 2
8216 8217 7
8217 8218 7
8218 8219 16
8219 8220 9
8220 8221 20
8221 8222 20
8222 8223 5
8223 8224 3
8224 8225 2
8225 8226 16
8226 8227 12
8227 8228 3
8228 8229 18
8229 8230 19
8230 8231 7
8231 8232 20
8232 8233 11
8233 8234 7
8234 8235 12
8235 8236 15
8236 8237 5
8237 8238 3
8238 8239 18
8239 8240 8
8240 8241 11
8241 8242 2
8242 8243 20
8243 8244 8
8244 8245 14
8245 8246 9
8246 8247 1
8247 8248 11
8248 8249 20
8249 8250 18
8250 8251 11
8251 8252 13
8252 8253 10
8253 8254 4
8254 8255 5
8255 8256 20
8256 8257 9
8257 8258 7
8258 8259 7
8259 8260 12
8260 8261 12
8261 8262 1
8262 8263 17
8263 8264 20
8264 8265 5
8265 8266 16
8266 8267 3
8267 8268 20
8268 8269 19
8269 8270 10
8270 8271 1
8271 8272 7
8272 8273 12
8273 8274 5
8274 8275 15
8275 8276 12
8276 8277 4
8277 8278 11
8278 8279 2
8279 8280 4
8280 8281 3
8281 8282 12
8282 8283 5
8283 8284 3
8284 8285 3
8285 8286 2
8286 8287 15
8287 8288 16
8288 8289 18
8289 8290 14
8290 8291 9
8291 8292 19
8292 8293 2
8293 8294 1
8294 8295 14
8295 8296 13
8296 8297 1
8297 8298 15
8298 8299 11
8299 8300 17
8300 8301 13
8301 8302 5
8302 8303 19
8303 8304 16
8304 8305 10
8305 8306 20
8306 8307 2
8307 8308 3
8308 8309 1
8309 8310 3
8310 8311 10
8311 8312 1
8312 8313 15
8313 8314 19
8314 8315 5
8315 8316 10
8316 8317 8
8317 8318 19
8318 8319 7
8319 8320 15
8320 8321 3
8321 8322 2
8322 8323 18
8323 8324 2
8324 8325 5
8325 8326 4
8326 8327 6
8327 8328 13
8328 8329 2
8329 8330 19
8330 8331 6
8331 8332 1
8332 8333 20
8333 8334 20
8334 8335 4
8335 8336 1
8336 8337 11
8337 8338 13
8338 8339 5
8339 8340 17
8340 8341 16
8341 8342 7
8342 8343 3
8343 8344 11
8344 8345 9
8345 8346 10
8346 8347 16
8347 8348 9
8348 8349 12
8349 8350 20
8350 8351 6
8351 8352 10
8352 8353 10
8353 8354 4
8354 8355 5
8355 8356 4
8356 8357 17
8357 8358 12
8358 8359 11
8359 8360 3
8360 8361 14
8361 8362 7
8362 8363 7
8363 8364 8
8364 8365 15
8365 8366 8
8366 8367 20
8367 8368 20
8368 8369 10
8369 8370 7
8370 8371 16
8371 8372 4
8372 8373 20
8373 8374 20
8374 8375 9
8375 8376 1
8376 8377 13
8377 8378 13
8378 8379 2
8379 8380 15
8380 8381 8
8381 8382 7
8382 8383 12
8383 8384 2
8384 8385 6
8385 8386 20
8386 8387 10
8387 8388 2
8388 8389 2
8389 8390 20
8390 8391 9
8391 8392 18
8392 8393 13
8393 8394 20
8394 8395 8
8395 8396 10
8396 8397 6
8397 8398 2
8398 8399 6
8399 8400 2
8400 8401 17
8401 8402 12
8402 8403 14
8403 8404 6
8404 8405 7
8405 8406 2
8406 8407 4
8407 8408 7
8408 8409 18
8409 8410 17
8410 8411 18
8411 8412 18
8412 8413 20
8413 8414 11
8414 8415 15
8415 8416 6
8416 8417 17
8417 8418 17
8418 8419 16
8419 8420 13
8420 8421 6
8421 8422 7
8422 8423 18
8423 8424 9
8424 8425 11
8425 8426 18
8426 8427 3
8427 8428 13
8428 8429 16
8429 8430 11
8430 8431 5
8431 8432 11
8432 8433 13
8433 8434 9
8434 8435 13
8435 8436 20
8436 8437 19
8437 8438 11
8438 8439 18
8439 8440 14
8440 8441 19
8441 8442 19
8442 8443 20
8443 8444 17
8444 8445 13
8445 8446 3
8446 8447 18
8447 8448 15
8448 8449 15
8449 8450 13
8450 8451 9
8451 8452 17
8452 8453 7
8453 8454 1
8454 8455 12
8455 8456 18
8456 8457 7
8457 8458 7
8458 8459 8
8459 8460 20
8460 8461 15
8461 8462 5
8462 8463 10
8463 8464 2
8464 8465 14
8465 8466 3
8466 8467 4
8467 8468 1
8468 8469 1
8469 8470 10
8470 8471 19
8471 8472 14
8472 8473 7
8473 8474 9
8474 8475 11
8475 8476 5
8476 8477 6
8477 8478 15
8478 8479 6
8479 8480 2
8480 8481 3
8481 8482 15
8482 8483 13
8483 8484 16
8484 8485 18
8485 8486 16
8486 8487 11
8487 8488 18
8488 8489 17
8489 8490 17
8490 8491 4
8491 8492 18
8492 8493 17
8493 8494 10
8494 8495 13
8495 8496 20
8496 8497 1
8497 8498 7
8498 8499 9
8499 8500 11
8500 8501 6
8501 8502 9
8502 8503 11
8503 8504 16
8504 8505 2
8505 8506 8
8506 8507 8
8507 8508 6
8508 8509 18
8509 8510 20
8510 8511 3
8511 8512 16
8512 8513 1
8513 8514 14
8514 8515 9
8515 8516 12
8516 8517 13
8517 8518 17
8518 8519 5
8519 8520 3
8520 8521 4
8521 8522 2
8522 8523 14
8523 8524 20
8524 8525 20
8525 8526 2
8526 8527 10
8527 8528 14
8528 8529 11
8529 8530 20
8530 8531 12
8531 8532 14
8532 8533 7
8533 8534 3
8534 8535 1
8535 8536 10
8536 8537 15
8537 8538 9
8538 8539 10
8539 8540 9
8540 8541 4
8541 8542 2
8542 8543 15
8543 8544 19
8544 8545 10
8545 8546 6
8546 8547 7
8547 8548 6
8548 8549 15
8549 8550 3
8550 8551 18
8551 8552 6
8552 8553 13
8553 8554 20
8554 8555 11
8555 8556 2
8556 8557 6
8557 8558 16
8558 8559 13
8559 8560 18
8560 8561 12
8561 8562 9
8562 8563 16
8563 8564 11
8564 8565 20
8565 8566 4
8566 8567 14
8567 8568 20
8568 8569 14
8569 8570 3
8570 8571 19
8571 8572 11
8572 8573 15
8573 8574 8
8574 8575 20
8575 8576 2
8576 8577 4
8577 8578 12
8578 8579 19
8579 8580 17
8580 8581 15
8581 8582 18
8582 8583 1
8583 8584 16
8584 8585 16
8585 8586 12
8586 8587 18
8587 8588 11
8588 8589 6
8589 8590 4
8590 8591 8
8591 8592 16
8592 8593 6
8593 8594 20
8594 8595 5
8595 8596 6
8596 8597 5
8597 8598 16
8598 8599 2
8599 8600 1
8600 8601 12
8601 8602 3
8602 8603 7
8603 8604 13
8604 8605 13
8605 8606 9
8606 8607 3
8607 8608 8
8608 8609 10
8609 8610 17
8610 8611 12
8611 8612 20
8612 8613 3
8613 8614 9
8614 8615 18
8615 8616 18
8616 8617 10
8617 8618 7
8618 8619 1
8619 8620 5
8620 8621 2
8621 8622 18
8622 8623 12
8623 8624 11
8624 8625 12
8625 8626 13
8626 8627 18
8627 8628 10
8628 8629 14
8629 8630 15
8630 8631 6
8631 8632 9
8632 8633 20
8633 8634 4
8634 8635 13
8635 8636 17
8636 8637 1
8637 8638 17
8638 8639 9
8639 8640 20
8640 8641 10
8641 8642 9
8642 8643 16
8643 8644 3
8644 8645 4
8645 8646 2
8646 8647 19
8647 8648 15
8648 8649 20
8649 8650 5
8650 8651 20
8651 8652 16
8652 8653 8
8653 8654 6
8654 8655 14
8655 8656 18
8656 8657 20
8657 8658 8
8658 8659 11
8659 8660 6
8660 8661 7
8661 8662 20
8662 8663 1
8663 8664 8
8664 8665 5
8665 8666 6
8666 8667 8
8667 8668 11
8668 8669 11
8669 8670 18
8670 8671 6
8671 8672 2
8672 8673 10
8673 8674 2
8674 8675 12
8675 8676 5
8676 8677 8
8677 8678 15
8678 8679 15
8679 8680 11
8680 8681 6
8681 8682 10
8682 8683 4
8683 8684 16
8684 8685 5
8685 8686 13
8686 8687 7
8687 8688 18
8688 8689 15
8689 8690 17
8690 8691 15
8691 8692 11
8692 8693 12
8693 8694 1
8694 8695 3
8695 8696 9
8696 8697 19
8697 8698 4
8698 8699 9
8699 8700 6
8700 8701 16
8701 8702 5
8702 8703 10
8703 8704 10
8704 8705 4
8705 8706 6
8706 8707 7
8707 8708 20
8708 8709 19
8709 8710 15
8710 8711 11
8711 8712 17
8712 8713 19
8713 8714 8
8714 8715 8
8715 8716 17
8716 8717 19
8717 8718 15
8718 8719 1
8719 8720 6
8720 8721 3
8721 8722 3
8722 8723 14
8723 8724 8
8724 8725 10
8725 8726 17
8726 8727 2
8727 8728 10
8728 8729 8
8729 8730 1
8730 8731 20
8731 8732 12
8732 8733 3
8733 8734 4
8734 8735 15
8735 8736 9
8736 8737 2
8737 8738 17
8738 8739 7
8739 8740 14
8740 8741 4
8741 8742 4
8742 8743 11
8743 8744 2
8744 8745 15
8745 8746 6
8746 8747 11
8747 8748 9
8748 8749 6
8749 8750 12
8750 8751 11
8751 8752 15
8752 8753 11
8753 8754 11
8754 8755 15
8755 8756 3
8756 8757 15
8757 8758 3
8758 8759 6
8759 8760 14
8760 8761 18
8761 8762 17
8762 8763 10
8763 8764 20
8764 8765 7
8765 8766 20
8766 8767 13
8767 8768 16
8768 8769 1
8769 8770 1
8770 8771 6
8771 8772 14
8772 8773 10
8773 8774 10
8774 8775 13
8775 8776 15
8776 8777 7
8777 8778 19
8778 8779 19
8779 8780 3
8780 8781 20
8781 8782 15
8782 8783 12
8783 8784 18
8784 8785 19
8785 8786 4
8786 8787 7
8787 8788 6
8788 8789 5
8789 8790 4
8790 8791 8
8791 8792 8
8792 8793 9
8793 8794 2
8794 8795 1
8795 8796 3
8796 8797 10
8797 8798 10
8798 8799 17
8799 8800 18
8800 8801 5
8801 8802 19
8802 8803 6
8803 8804 19
8804 8805 10
8805 8806 15
8806 8807 11
8807 8808 4
8808 8809 6
8809 8810 13
8810 8811 6
8811 8812 5
8812 8813 2
8813 8814 19
8814 8815 20
8815 8816 17
8816 8817 18
8817 8818 7
8818 8819 16
8819 8820 20
8820 8821 20
8821 8822 10
8822 8823 20
8823 8824 20
8824 8825 8
8825 8826 15
8826 8827 10
8827 8828 17
8828 8829 10
8829 8830 10
8830 8831 15
8831 8832 11
8832 8833 18
8833 8834 14
8834 8835 6
8835 8836 17
8836 8837 19
8837 8838 13
8838 8839 14
8839 8840 5
8840 8841 20
8841 8842 10
8842 8843 15
8843 8844 17
8844 8845 18
8845 8846 14
8846 8847 18
8847 8848 6
8848 8849 4
8849 8850 15
8850 8851 4
8851 8852 15
8852 8853 13
8853 8854 7
8854 8855 8
8855 8856 20
8856 8857 4
8857 8858 5
8858 8859 16
8859 8860 19
8860 8861 1
8861 8862 19
8862 8863 1
8863 8864 17
8864 8865 17
8865 8866 19
8866 8867 13
8867 8868 6
8868 8869 2
8869 8870 17
8870 8871 11
8871 8872 17
8872 8873 13
8873 8874 3
8874 8875 6
8875 8876 7
8876 8877 7
8877 8878 20
8878 8879 12
8879 8880 3
8880 8881 9
8881 8882 14
8882 8883 7
8883 8884 17
8884 8885 14
8885 8886 6
8886 8887 18
8887 8888 4
8888 8889 18
8889 8890 4
8890 8891 7
8891 8892 9
8892 8893 14
8893 8894 11
8894 8895 13
8895 8896 14
8896 8897 19
8897 8898 15
8898 8899 10
8899 8900 10
8900 8901 11
8901 8902 14
8902 8903 20
8903 8904 9
8904 8905 3
8905 8906 18
8906 8907 19
8907 8908 1
8908 8909 5
8909 8910 5
8910 8911 16
8911 8912 5
8912 8913 6
8913 8914 8
8914 8915 10
8915 8916 1
8916 8917 16
8917 8918 19
8918 8919 7
8919 8920 20
8920 8921 12
8921 8922 6
8922 8923 7
8923 8924 17
8924 8925 8
8925 8926 18
8926 8927 5
8927 8928 13
8928 8929 5
8929 8930 18
8930 8931 4
8931 8932 6
8932 8933 10
8933 8934 7
8934 8935 8
8935 8936 5
8936 8937 11
8937 8938 13
8938 8939 1
8939 8940 18
8940 8941 2
8941 8942 17
8942 8943 13
8943 8944 13
8944 8945 9
8945 8946 12
8946 8947 18
8947 8948 8
8948 8949 20
8949 8950 3
8950 8951 15
8951 8952 12
8952 8953 5
8953 8954 14
8954 8955 14
8955 8956 4
8956 8957 19
8957 8958 10
8958 8959 15
8959 8960 9
8960 8961 5
8961 8962 7
8962 8963 5
8963 8964 11
8964 8965 7
8965 8966 16
8966 8967 20
8967 8968 9
8968 8969 8
8969 8970 18
8970 8971 17
8971 8972 3
8972 8973 7
8973 8974 4
8974 8975 14
8975 8976 17
8976 8977 5
8977 8978 1
8978 8979 7
8979 8980 2
8980 8981 6
8981 8982 1
8982 8983 11
8983 8984 16
8984 8985 17
8985 8986 7
8986 8987 7
8987 8988 15
8988 8989 6
8989 8990 11
8990 8991 13
8991 8992 12
8992 8993 18
8993 8994 19
8994 8995 19
8995 8996 14
8996 8997 19
8997 8998 6
8998 8999 14
8999 9000 4
9000 9001 3
9001 9002 12
9002 9003 9
9003 9004 6
9004 9005 20
9005 9006 3
9006 9007 1
9007 9008 7
9008 9009 3
9009 9010 17
9010 9011 5
9011 9012 13
9012 9013 11
9013 9014 17
9014 9015 19
9015 9016 2
9016 9017 8
9017 9018 1
9018 9019 8
9019 9020 19
9020 9021 4
9021 9022 3
9022 9023 3
9023 9024 5
9024 9025 15
9025 9026 2
9026 9027 11
9027 9028 10
9028 9029 20
9029 9030 18
9030 9031 18
9031 9032 17
9032 9033 5
9033 9034 1
9034 9035 5
9035 9036 6
9036 9037 10
9037 9038 2
9038 9039 13
9039 9040 19
9040 9041 10
9041 9042 20
9042 9043 10
9043 9044 8
9044 9045 18
9045 9046 19
9046 9047 7
9047 9048 16
9048 9049 15
9049 9050 13
9050 9051 5
9051 9052 6
9052 9053 13
9053 9054 20
9054 9055 6
9055 9056 14
9056 9057 6
9057 9058 6
9058 9059 8
9059 9060 16
9060 9061 16
9061 9062 12
9062 9063 11
9063 9064 19
9064 9065 6
9065 9066 20
9066 9067 1
9067 9068 18
9068 9069 10
9069 9070 4
9070 9071 10
9071 9072 6
9072 9073 2
9073 9074 2
9074 9075 10
9075 9076 16
9076 9077 14
9077 9078 9
9078 9079 13
9079 9080 3
9080 9081 13
9081 9082 10
9082 9083 15
9083 9084 9
9084 9085 9
9085 9086 15
9086 9087 16
9087 9088 6
9088 9089 1
9089 9090 19
9090 9091 16
9091 9092 15
9092 9093 20
9093 9094 18
9094 9095 15
9095 9096 19
9096 9097 2
9097 9098 14
9098 9099 7
9099 9100 7
9100 9101 15
9101 9102 16
9102 9103 18
9103 9104 14
9104 9105 16
9105 9106 19
9106 9107 4
9107 9108 2
9108 9109 7
9109 9110 10
9110 9111 1
9111 9112 11
9112 9113 9
9113 9114 11
9114 9115 17
9115 9116 19
9116 9117 13
9117 9118 19
9118 9119 16
9119 9120 14
9120 9121 2
9121 9122 20
9122 9123 6
9123 9124 2
9124 9125 4
9125 9126 4
9126 9127 15
9127 9128 11
9128 9129 14
9129 9130 8
9130 9131 14
9131 9132 9
9132 9133 19
9133 9134 7
9134 9135 17
9135 9136 3
9136 9137 16
9137 9138 14
9138 9139 13
9139 9140 9
9140 9141 1
9141 9142 3
9142 9143 9
9143 9144 7
9144 9145 15
9145 9146 1
9146 9147 14
9147 9148 17
9148 9149 4
9149 9150 14
9150 9151 8
9151 9152 4
9152 9153 8
9153 9154 8
9154 9155 12
9155 9156 12
9156 9157 7
9157 9158 8
9158 9159 11
9159 9160 9
9160 9161 12
9161 9162 14
9162 9163 4
9163 9164 11
9164 9165 7
9165 9166 7
9166 9167 11
9167 9168 6
9168 9169 6
9169 9170 5
9170 9171 11
9171 9172 20
9172 9173 13
9173 9174 2
9174 9175 9
9175 9176 9
9176 9177 10
9177 9178 10
9178 9179 8
9179 9180 17
9180 9181 9
9181 9182 19
9182 9183 20
9183 9184 18
9184 9185 15
9185 9186 3
9186 9187 11
9187 9188 11
9188 9189 12
9189 9190 2
9190 9191 14
9191 9192 13
9192 9193 14
9193 9194 16
9194 9195 18
9195 9196 6
9196 9197 2
9197 9198 1
9198 9199 19
9199 9200 13
9200 9201 10
9201 9202 18
9202 9203 12
9203 9204 8
9204 9205 4
9205 9206 10
9206 9207 9
9207 9208 2
9208 9209 15
9209 9210 20
9210 9211 20
9211 9212 1
9212 9213 5
9213 9214 7
9214 9215 2
9215 9216 19
9216 9217 16
9217 9218 8
9218 9219 5
9219 9220 12
9220 9221 5
9221 9222 4
9222 9223 13
9223 9224 7
9224 9225 11
9225 9226 2
9226 9227 19
9227 9228 20
9228 9229 18
9229 9230 1
9230 9231 8
9231 9232 15
9232 9233 16
9233 9234 10
9234 9235 1
9235 9236 19
9236 9237 8
9237 9238 12
9238 9239 16
9239 9240 18
9240 9241 16
9241 9242 3
9242 9243 4
9243 9244 10
9244 9245 10
9245 9246 19
9246 9247 5
9247 9248 5
9248 9249 1
9249 9250 1
9250 9251 12
9251 9252 12
9252 9253 8
9253 9254 18
9254 9255 5
9255 9256 4
9256 9257 19
9257 9258 20
9258 9259 20
9259 9260 11
9260 9261 17
9261 9262 7
9262 9263 20
9263 9264 5
9264 9265 11
9265 9266 20
9266 9267 3
9267 9268 1
9268 9269 19
9269 9270 14
9270 9271 11
9271 9272 4
9272 9273 14
9273 9274 1
9274 9275 13
9275 9276 5
9276 9277 11
9277 9278 20
9278 9279 11
9279 9280 5
9280 9281 15
9281 9282 20
9282 9283 11
9283 9284 2
9284 9285 15
9285 9286 9
9286 9287 7
9287 9288 11
9288 9289 14
9289 9290 10
9290 9291 11
9291 9292 4
9292 9293 2
9293 9294 10
9294 9295 7
9295 9296 2
9296 9297 20
9297 9298 10
9298 9299 18
9299 9300 10
9300 9301 2
9301 9302 17
9302 9303 17
9303 9304 3
9304 9305 1
9305 9306 3
9306 9307 10
9307 9308 11
9308 9309 12
9309 9310 14
9310 9311 2
9311 9312 10
9312 9313 11
9313 9314 1
9314 9315 11
9315 9316 16
9316 9317 9
9317 9318 15
9318 9319 11
9319 9320 9
9320 9321 9
9321 9322 2
9322 9323 14
9323 9324 13
9324 9325 3
9325 9326 2
9326 9327 6
9327 9328 18
9328 9329 7
9329 9330 5
9330 9331 3
9331 9332 17
9332 9333 10
9333 9334 6
9334 9335 2
9335 9336 13
9336 9337 20
9337 9338 12
9338 9339 1
9339 9340 20
9340 9341 6
9341 9342 8
9342 9343 1
9343 9344 7
9344 9345 4
9345 9346 2
9346 9347 6
9347 9348 13
9348 9349 11
9349 9350 19
9350 9351 6
9351 9352 4
9352 9353 9
9353 9354 1
9354 9355 10
9355 9356 16
9356 9357 18
9357 9358 4
9358 9359 7
9359 9360 15
9360 9361 6
9361 9362 11
9362 9363 17
9363 9364 11
9364 9365 14
9365 9366 1
9366 9367 4
9367 9368 11
9368 9369 13
9369 9370 12
9370 9371 19
9371 9372 14
9372 9373 1
9373 9374 2
9374 9375 3
9375 9376 18
9376 9377 17
9377 9378 19
9378 9379 9
9379 9380 6
9380 9381 12
9381 9382 11
9382 9383 16
9383 9384 13
9384 9385 4
9385 9386 4
9386 9387 14
9387 9388 8
9388 9389 10
9389 9390 10
9390 9391 8
9391 9392 1
9392 9393 16
9393 9394 8
9394 9395 11
9395 9396 7
9396 9397 5
9397 9398 17
9398 9399 20
9399 9400 7
9400 9401 14
9401 9402 13
9402 9403 12
9403 9404 5
9404 9405 14
9405 9406 3
9406 9407 2
9407 9408 4
9408 9409 19
9409 9410 13
9410 9411 1
9411 9412 17
9412 9413 18
9413 9414 6
9414 9415 3
9415 9416 10
9416 9417 17
9417 9418 12
9418 9419 20
9419 9420 5
9420 9421 18
9421 9422 10
9422 9423 4
9423 9424 1
9424 9425 10
9425 9426 2
9426 9427 14
9427 9428 16
9428 9429 2
9429 9430 2
9430 9431 4
9431 9432 20
9432 9433 16
9433 9434 19
9434 9435 3
9435 9436 8
9436 9437 10
9437 9438 4
9438 9439 2
9439 9440 1
9440 9441 16
9441 9442 15
9442 9443 4
9443 9444 18
9444 9445 3
9445 9446 4
9446 9447 19
9447 9448 1
9448 9449 2
9449 9450 15
9450 9451 16
9451 9452 15
9452 9453 6
9453 9454 5
9454 9455 2
9455 9456 6
9456 9457 13
9457 9458 17
9458 9459 1
9459 9460 8
9460 9461 1
9461 9462 19
9462 9463 3
9463 9464 9
9464 9465 11
9465 9466 8
9466 9467 9
9467 9468 16
9468 9469 11
9469 9470 19
9470 9471 17
9471 9472 7
9472 9473 14
9473 9474 9
9474 9475 14
9475 9476 8
9476 9477 11
9477 9478 11
9478 9479 9
9479 9480 8
9480 9481 11
9481 9482 6
9482 9483 13
9483 9484 20
9484 9485 20
9485 9486 17
9486 9487 16
9487 9488 15
9488 9489 3
9489 9490 12
9490 9491 3
9491 9492 4
9492 9493 14
9493 9494 1
9494 9495 18
9495 9496 6
9496 9497 9
9497 9498 1
9498 9499 11
9499 9500 6
9500 9501 10
9501 9502 20
9502 9503 1
9503 9504 4
9504 9505 9
9505 9506 12
9506 9507 1
9507 9508 2
9508 9509 3
9509 9510 12
9510 9511 17
9511 9512 19
9512 9513 17
9513 9514 1
9514 9515 15
9515 9516 10
9516 9517 7
9517 9518 5
9518 9519 18
9519 9520 9
9520 9521 4
9521 9522 9
9522 9523 20
9523 9524 1
9524 9525 7
9525 9526 11
9526 9527 2
9527 9528 10
9528 9529 2
9529 9530 2
9530 9531 10
9531 9532 20
9532 9533 9
9533 9534 12
9534 9535 17
9535 9536 16
9536 9537 1
9537 9538 5
9538 9539 18
9539 9540 18
9540 9541 12
9541 9542 16
9542 9543 9
9543 9544 6
9544 9545 4
9545 9546 10
9546 9547 12
9547 9548 4
9548 9549 7
9549 9550 3
9550 9551 9
9551 9552 19
9552 9553 4
9553 9554 6
9554 9555 17
9555 9556 13
9556 9557 13
9557 9558 4
9558 9559 11
9559 9560 15
9560 9561 9
9561 9562 7
9562 9563 4
9563 9564 11
9564 9565 1
9565 9566 20
9566 9567 1
9567 9568 15
9568 9569 19
9569 9570 20
9570 9571 3
9571 9572 1
9572 9573 20
9573 9574 17
9574 9575 4
9575 9576 2
9576 9577 6
9577 9578 7
9578 9579 3
9579 9580 16
9580 9581 12
9581 9582 14
9582 9583 8
9583 9584 10
9584 9585 9
9585 9586 3
9586 9587 13
9587 9588 2
9588 9589 3
9589 9590 20
9590 9591 12
9591 9592 6
9592 9593 14
9593 9594 13
9594 9595 12
9595 9596 1
9596 9597 12
9597 9598 3
9598 9599 14
9599 9600 6
9600 9601 3
9601 9602 17
9602 9603 8
9603 9604 12
9604 9605 10
9605 9606 1
9606 9607 15
9607 9608 18
9608 9609 16
9609 9610 20
9610 9611 4
9611 9612 8
9612 9613 15
9613 9614 11
9614 9615 8
9615 9616 11
9616 9617 13
9617 9618 9
9618 9619 11
9619 9620 13
9620 9621 5
9621 9622 15
9622 9623 2
9623 9624 8
9624 9625 14
9625 9626 7
9626 9627 6
9627 9628 20
9628 9629 7
9629 9630 5
9630 9631 12
9631 9632 3
9632 9633 14
9633 9634 18
9634 9635 13
9635 9636 13
9636 9637 1
9637 9638 1
9638 9639 11
9639 9640 1
9640 9641 1
9641 9642 8
9642 9643 20
9643 9644 18
9644 9645 16
9645 9646 1
9646 9647 14
9647 9648 16
9648 9649 19
9649 9650 9
9650 9651 13
9651 9652 9
9652 9653 11
9653 9654 20
9654 9655 6
9655 9656 8
9656 9657 11
9657 9658 17
9658 9659 18
9659 9660 3
9660 9661 20
9661 9662 16
9662 9663 15
9663 9664 8
9664 9665 7
9665 9666 18
9666 9667 15
9667 9668 12
9668 9669 5
9669 9670 16
9670 9671 3
9671 9672 7
9672 9673 8
9673 9674 12
9674 9675 17
9675 9676 10
9676 9677 11
9677 9678 4
9678 9679 12
9679 9680 10
9680 9681 12
9681 9682 16
9682 9683 17
9683 9684 15
9684 9685 11
9685 9686 16
9686 9687 16
9687 9688 19
9688 9689 14
9689 9690 13
9690 9691 1
9691 9692 18
9692 9693 19
9693 9694 1
9694 9695 8
9695 9696 5
9696 9697 15
9697 9698 20
9698 9699 17
9699 9700 11
9700 9701 19
9701 9702 20
9702 9703 14
9703 9704 12
9704 9705 14
9705 9706 4
9706 9707 10
9707 9708 14
9708 9709 19
9709 9710 10
9710 9711 4
9711 9712 15
9712 9713 2
9713 9714 1
9714 9715 18
9715 9716 5
9716 9717 1
9717 9718 19
9718 9719 9
9719 9720 8
9720 9721 15
9721 9722 19
9722 9723 7
9723 9724 7
9724 9725 3
9725 9726 13
9726 9727 2
9727 9728 15
9728 9729 5
9729 9730 1
9730 9731 19
9731 9732 8
9732 9733 8
9733 9734 6
9734 9735 7
9735 9736 6
9736 9737 3
9737 9738 15
9738 9739 10
9739 9740 3
9740 9741 11
9741 9742 1
9742 9743 11
9743 9744 6
9744 9745 14
9745 9746 2
9746 9747 19
9747 9748 3
9748 9749 4
9749 9750 12
9750 9751 5
9751 9752 9
9752 9753 18
9753 9754 16
9754 9755 10
9755 9756 9
9756 9757 15
9757 9758 6
9758 9759 20
9759 9760 3
9760 9761 8
9761 9762 1
9762 9763 6
9763 9764 15
9764 9765 6
9765 9766 15
9766 9767 10
9767 9768 18
9768 9769 9
9769 9770 6
9770 9771 3
9771 9772 19
9772 9773 18
9773 9774 15
9774 9775 9
9775 9776 18
9776 9777 2
9777 9778 15
9778 9779 1
9779 9780 18
9780 9781 13
9781 9782 19
9782 9783 15
9783 9784 4
9784 9785 1
9785 9786 15
9786 9787 2
9787 9788 5
9788 9789 15
9789 9790 9
9790 9791 17
9791 9792 8
9792 9793 18
9793 9794 2
9794 9795 20
9795 9796 17
9796 9797 11
9797 9798 19
9798 9799 6
9799 9800 9
9800 9801 5
9801 9802 9
9802 9803 3
9803 9804 20
9804 9805 20
9805 9806 6
9806 9807 18
9807 9808 12
9808 9809 20
9809 9810 19
9810 9811 7
9811 9812 4
9812 9813 10
9813 9814 12
9814 9815 14
9815 9816 18
9816 9817 12
9817 9818 12
9818 9819 19
9819 9820 10
9820 9821 10
9821 9822 5
9822 9823 8
9823 9824 12
9824 9825 14
9825 9826 4
9826 9827 2
9827 9828 8
9828 9829 20
9829 9830 18
9830 9831 3
9831 9832 6
9832 9833 18
9833 9834 12
9834 9835 20
9835 9836 3
9836 9837 8
9837 9838 10
9838 9839 6
9839 9840 3
9840 9841 17
9841 9842 13
9842 9843 4
9843 9844 6
9844 9845 3
9845 9846 16
9846 9847 11
9847 9848 7
9848 9849 19
9849 9850 18
9850 9851 9
9851 9852 11
9852 9853 7
9853 9854 7
9854 9855 20
9855 9856 1
9856 9857 10
9857 9858 12
9858 9859 3
9859 9860 19
9860 9861 13
9861 9862 8
9862 9863 16
9863 9864 12
9864 9865 12
9865 9866 4
9866 9867 7
9867 9868 11
9868 9869 11
9869 9870 20
9870 9871 1
9871 9872 17
9872 9873 4
9873 9874 17
9874 9875 6
9875 9876 3
9876 9877 18
9877 9878 14
9878 9879 20
9879 9880 7
9880 9881 12
9881 9882 16
9882 9883 5
9883 9884 13
9884 9885 1
9885 9886 5
9886 9887 14
9887 9888 7
9888 9889 20
9889 9890 8
9890 9891 10
9891 9892 8
9892 9893 12
9893 9894 10
9894 9895 5
9895 9896 3
9896 9897 10
9897 9898 9
9898 9899 14
9899 9900 8
9900 9901 16
9901 9902 11
9902 9903 10
9903 9904 5
9904 9905 8
9905 9906 18
9906 9907 8
9907 9908 11
9908 9909 3
9909 9910 11
9910 9911 17
9911 9912 11
9912 9913 8
9913 9914 14
9914 9915 20
9915 9916 16
9916 9917 18
9917 9918 16
9918 9919 4
9919 9920 8
9920 9921 10
9921 9922 18
9922 9923 5
9923 9924 13
9924 9925 12
9925 9926 2
9926 9927 19
9927 9928 4
9928 9929 17
9929 9930 17
9930 9931 3
9931 9932 8
9932 9933 6
9933 9934 10
9934 9935 16
9935 9936 3
9936 9937 20
9937 9938 14
9938 9939 20
9939 9940 14
9940 9941 14
9941 9942 14
9942 9943 7
9943 9944 7
9944 9945 4
9945 9946 20
9946 9947 8
9947 9948 2
9948 9949 18
9949 9950 2
9950 9951 14
9951 9952 18
9952 9953 18
9953 9954 15
9954 9955 1
9955 9956 15
9956 9957 13
9957 9958 17
9958 9959 2
9959 9960 4
9960 9961 8
9961 9962 17
9962 9963 17
9963 9964 2
9964 9965 6
9965 9966 2
9966 9967 7
9967 9968 11
9968 9969 16
9969 9970 13
9970 9971 18
9971 9972 20
9972 9973 2
9973 9974 7
9974 9975 3
9975 9976 17
9976 9977 5
9977 9978 11
9978 9979 15
9979 9980 6
9980 9981 16
9981 9982 10
9982 9983 3
9983 9984 4
9984 9985 19
9985 9986 12
9986 9987 11
9987 9988 3
9988 9989 6
9989 9990 8
9990 9991 7
9991 9992 9
9992 9993 14
9993 9994 8
9994 9995 6
9995 9996 18
9996 9997 7
9997 9998 7
9998 9999 7
9999 10000 14
10000 10001 9
10001 10002 1
10002 10003 19
10003 10004 1
10004 10005 15
10005 10006 13
10006 10007 12
10007 10008 7
10008 10009 3
10009 10010 19
10010 10011 8
10011 10012 4
10012 10013 7
10013 10014 3
10014 10015 19
10015 10016 15
10016 10017 13
10017 10018 19
10018 10019 2
10019 10020 17
10020 10021 18
10021 10022 19
10022 10023 9
10023 10024 5
10024 10025 1
10025 10026 13
10026 10027 20
10027 10028 4
10028 10029 12
10029 10030 8
10030 10031 20
10031 10032 3
10032 10033 5
10033 10034 8
10034 10035 18
10035 10036 11
10036 10037 11
10037 10038 2
10038 10039 11
10039 10040 1
10040 10041 16
10041 10042 4
10042 10043 3
10043 10044 19
10044 10045 8
10045 10046 11
10046 10047 9
10047 10048 17
10048 10049 13
10049 10050 3
10050 10051 6
10051 10052 12
10052 10053 13
10053 10054 7
10054 10055 9
10055 10056 9
10056 10057 4
10057 10058 7
10058 10059 6
10059 10060 6
10060 10061 19
10061 10062 5
10062 10063 4
10063 10064 13
10064 10065 3
10065 10066 11
10066 10067 16
10067 10068 8
10068 10069 19
10069 10070 14
10070 10071 11
10071 10072 16
10072 10073 13
10073 10074 4
10074 10075 20
10075 10076 18
10076 10077 17
10077 10078 7
10078 10079 19
10079 10080 15
10080 10081 10
10081 10082 3
10082 10083 10
10083 10084 6
10084 10085 3
10085 10086 16
10086 10087 10
10087 10088 20
10088 10089 12
10089 10090 12
10090 10091 11
10091 10092 19
10092 10093 12
10093 10094 4
10094 10095 9
10095 10096 5
10096 10097 11
10097 10098 3
10098 10099 12
10099 10100 10
10100 10101 11
10101 10102 10
10102 10103 20
10103 10104 13
10104 10105 5
10105 10106 3
10106 10107 17
10107 10108 2
10108 10109 9
10109 10110 3
10110 10111 4
10111 10112 9
10112 10113 1
10113 10114 1
10114 10115 10
10115 10116 8
10116 10117 10
10117 10118 6
10118 10119 8
10119 10120 18
10120 10121 11
10121 10122 10
10122 10123 4
10123 10124 5
10124 10125 13
10125 10126 19
10126 10127 15
10127 10128 6
10128 10129 19
10129 10130 19
10130 10131 7
10131 10132 16
10132 10133 20
10133 10134 9
10134 10135 16
10135 10136 9
10136 10137 2
10137 10138 4
10138 10139 10
10139 10140 2
10140 10141 15
10141 10142 15
10142 10143 8
10143 10144 15
10144 10145 9
10145 10146 14
10146 10147 10
10147 10148 4
10148 10149 11
10149 10150 4
10150 10151 18
10151 10152 9
10152 10153 3
10153 10154 9
10154 10155 6
10155 10156 17
10156 10157 14
10157 10158 13
10158 10159 17
10159 10160 13
10160 10161 17
10161 10162 3
10162 10163 7
10163 10164 3
10164 10165 11
10165 10166 8
10166 10167 7
10167 10168 3
10168 10169 14
10169 10170 7
10170 10171 4
10171 10172 18
10172 10173 16
10173 10174 16
10174 10175 6
10175 10176 16
10176 10177 20
10177 10178 16
10178 10179 6
10179 10180 10
10180 10181 14
10181 10182 18
10182 10183 19
10183 10184 19
10184 10185 18
10185 10186 18
10186 10187 1
10187 10188 3
10188 10189 3
10189 10190 11
10190 10191 5
10191 10192 6
10192 10193 15
10193 10194 17
10194 10195 10
10195 10196 18
10196 10197 20
10197 10198 5
10198 10199 2
10199 10200 1
10200 10201 3
10201 10202 3
10202 10203 14
10203 10204 18
10204 10205 8
10205 10206 6
10206 10207 12
10207 10208 19
10208 10209 6
10209 10210 19
10210 10211 19
10211 10212 1
10212 10213 1
10213 10214 16
10214 10215 3
10215 10216 3
10216 10217 1
10217 10218 5
10218 10219 16
10219 10220 20
10220 10221 3
10221 10222 18
10222 10223 19
10223 10224 11
10224 10225 5
10225 10226 9
10226 10227 12
10227 10228 12
10228 10229 17
10229 10230 8
10230 10231 4
10231 10232 8
10232 10233 5
10233 10234 11
10234 10235 19
10235 10236 14
10236 10237 18
10237 10238 2
10238 10239 13
10239 10240 1
10240 10241 7
10241 10242 4
10242 10243 2
10243 10244 14
10244 10245 1
10245 10246 14
10246 10247 5
10247 10248 17
10248 10249 6
10249 10250 10
10250 10251 12
10251 10252 7
10252 10253 4
10253 10254 10
10254 10255 15
10255 10256 3
10256 10257 19
10257 10258 6
10258 10259 6
10259 10260 5
10260 10261 5
10261 10262 7
10262 10263 13
10263 10264 4
10264 10265 9
10265 10266 15
10266 10267 12
10267 10268 19
10268 10269 17
10269 10270 19
10270 10271 7
10271 10272 11
10272 10273 10
10273 10274 15
10274 10275 8
10275 10276 6
10276 10277 12
10277 10278 20
10278 10279 8
10279 10280 4
10280 10281 19
10281 10282 2
10282 10283 7
10283 10284 20
10284 10285 9
10285 10286 10
10286 10287 20
10287 10288 20
10288 10289 19
10289 10290 9
10290 10291 5
10291 10292 14
10292 10293 18
10293 10294 10
10294 10295 9
10295 10296 20
10296 10297 2
10297 10298 4
10298 10299 9
10299 10300 13
10300 10301 18
10301 10302 10
10302 10303 5
10303 10304 10
10304 10305 10
10305 10306 8
10306 10307 13
10307 10308 18
10308 10309 7
10309 10310 5
10310 10311 17
10311 10312 14
10312 10313 2
10313 10314 1
10314 10315 2
10315 10316 11
10316 10317 16
10317 10318 4
10318 10319 8
10319 10320 20
10320 10321 12
10321 10322 4
10322 10323 15
10323 10324 15
10324 10325 5
10325 10326 11
10326 10327 1
10327 10328 4
10328 10329 3
10329 10330 14
10330 10331 4
10331 10332 7
10332 10333 11
10333 10334 17
10334 10335 10
10335 10336 10
10336 10337 15
10337 10338 20
10338 10339 20
10339 10340 10
10340 10341 9
10341 10342 12
10342 10343 19
10343 10344 18
10344 10345 11
10345 10346 2
10346 10347 15
10347 10348 3
10348 10349 12
10349 10350 5
10350 10351 13
10351 10352 3
10352 10353 12
10353 10354 7
10354 10355 11
10355 10356 9
10356 10357 13
10357 10358 2
10358 10359 9
10359 10360 3
10360 10361 8
10361 10362 18
10362 10363 19
10363 10364 15
10364 10365 5
10365 10366 10
10366 10367 1
10367 10368 7
10368 10369 9
10369 10370 13
10370 10371 9
10371 10372 4
10372 10373 10
10373 10374 16
10374 10375 10
10375 10376 6
10376 10377 13
10377 10378 9
10378 10379 14
10379 10380 9
10380 10381 16
10381 10382 17
10382 10383 9
10383 10384 6
10384 10385 7
10385 10386 12
10386 10387 18
10387 10388 8
10388 10389 20
10389 10390 9
10390 10391 10
10391 10392 11
10392 10393 6
10393 10394 2
10394 10395 3
10395 10396 5
10396 10397 3
10397 10398 8
10398 10399 3
10399 10400 14
10400 10401 20
10401 10402 5
10402 10403 19
10403 10404 5
10404 10405 5
10405 10406 9
10406 10407 15
10407 10408 9
10408 10409 20
10409 10410 8
10410 10411 12
10411 10412 20
10412 10413 10
10413 10414 7
10414 10415 10
10415 10416 16
10416 10417 11
10417 10418 9
10418 10419 11
10419 10420 5
10420 10421 10
10421 10422 14
10422 10423 2
10423 10424 2
10424 10425 17
10425 10426 12
10426 10427 2
10427 10428 20
10428 10429 14
10429 10430 17
10430 10431 10
10431 10432 12
10432 10433 14
10433 10434 10
10434 10435 6
10435 10436 2
10436 10437 8
10437 10438 10
10438 10439 19
10439 10440 5
10440 10441 17
10441 10442 15
10442 10443 11
10443 10444 12
10444 10445 5
10445 10446 4
10446 10447 11
10447 10448 1
10448 10449 8
10449 10450 4
10450 10451 3
10451 10452 7
10452 10453 8
10453 10454 4
10454 10455 19
10455 10456 8
10456 10457 20
10457 10458 2
10458 10459 10
10459 10460 12
10460 10461 6
10461 10462 13
10462 10463 14
10463 10464 1
10464 10465 16
10465 10466 9
10466 10467 6
10467 10468 7
10468 10469 12
10469 10470 13
10470 10471 18
10471 10472 19
10472 10473 4
10473 10474 12
10474 10475 16
10475 10476 14
10476 10477 11
10477 10478 16
10478 10479 4
10479 10480 6
10480 10481 3
10481 10482 17
10482 10483 12
10483 10484 11
10484 10485 16
10485 10486 10
10486 10487 1
10487 10488 20
10488 10489 18
10489 10490 1
10490 10491 13
10491 10492 19
10492 10493 17
10493 10494 11
10494 10495 6
10495 10496 18
10496 10497 15
10497 10498 13
10498 10499 7
10499 10500 15
10500 10501 6
10501 10502 15
10502 10503 18
10503 10504 6
10504 10505 7
10505 10506 14
10506 10507 13
10507 10508 11
10508 10509 19
10509 10510 3
10510 10511 4
10511 10512 5
10512 10513 1
10513 10514 14
10514 10515 9
10515 10516 19
10516 10517 17
10517 10518 8
10518 10519 13
10519 10520 11
10520 10521 13
10521 10522 19
10522 10523 20
10523 10524 9
10524 10525 2
10525 10526 10
10526 10527 19
10527 10528 16
10528 10529 5
10529 10530 2
10530 10531 15
10531 10532 9
10532 10533 18
10533 10534 14
10534 10535 16
10535 10536 18
10536 10537 13
10537 10538 13
10538 10539 16
10539 10540 2
10540 10541 14
10541 10542 16
10542 10543 5
10543 10544 3
10544 10545 6
10545 10546 11
10546 10547 20
10547 10548 8
10548 10549 13
10549 10550 7
10550 10551 20
10551 10552 9
10552 10553 5
10553 10554 3
10554 10555 16
10555 10556 20
10556 10557 12
10557 10558 1
10558 10559 1
10559 10560 4
10560 10561 18
10561 10562 3
10562 10563 16
10563 10564 6
10564 10565 6
10565 10566 5
10566 10567 1
10567 10568 7
10568 10569 7
10569 10570 1
10570 10571 14
10571 10572 8
10572 10573 5
10573 10574 5
10574 10575 15
10575 10576 18
10576 10577 1
10577 10578 4
10578 10579 20
10579 10580 11
10580 10581 1
10581 10582 20
10582 10583 14
10583 10584 16
10584 10585 12
10585 10586 3
10586 10587 16
10587 10588 7
10588 10589 3
10589 10590 8
10590 10591 6
10591 10592 5
10592 10593 7
10593 10594 11
10594 10595 1
10595 10596 16
10596 10597 4
10597 10598 7
10598 10599 14
10599 10600 19
10600 10601 2
10601 10602 14
10602 10603 1
10603 10604 8
10604 10605 2
10605 10606 13
10606 10607 20
10607 10608 17
10608 10609 1
10609 10610 3
10610 10611 13
10611 10612 13
10612 10613 9
10613 10614 9
10614 10615 18
10615 10616 3
10616 10617 12
10617 10618 7
10618 10619 2
10619 10620 1
10620 10621 16
10621 10622 9
10622 10623 13
10623 10624 19
10624 10625 1
10625 10626 7
10626 10627 16
10627 10628 5
10628 10629 10
10629 10630 11
10630 10631 3
10631 10632 2
10632 10633 18
10633 10634 1
10634 10635 1
10635 10636 6
10636 10637 4
10637 10638 14
10638 10639 5
10639 10640 18
10640 10641 3
10641 10642 2
10642 10643 20
10643 10644 16
10644 10645 8
10645 10646 9
10646 10647 17
10647 10648 13
10648 10649 9
10649 10650 20
10650 10651 2
10651 10652 11
10652 10653 8
10653 10654 16
10654 10655 15
10655 10656 1
10656 10657 4
10657 10658 6
10658 10659 20
10659 10660 6
10660 10661 4
10661 10662 9
10662 10663 13
10663 10664 18
10664 10665 3
10665 10666 8
10666 10667 17
10667 10668 4
10668 10669 20
10669 10670 14
10670 10671 16
10671 10672 17
10672 10673 1
10673 10674 3
10674 10675 3
10675 10676 1
10676 10677 18
10677 10678 3
10678 10679 5
10679 10680 13
10680 10681 7
10681 10682 3
10682 10683 19
10683 10684 4
10684 10685 19
10685 10686 13
10686 10687 3
10687 10688 12
10688 10689 2
10689 10690 15
10690 10691 4
10691 10692 16
10692 10693 2
10693 10694 2
10694 10695 4
10695 10696 14
10696 10697 19
10697 10698 18
10698 10699 14
10699 10700 16
10700 10701 13
10701 10702 1
10702 10703 15
10703 10704 19
10704 10705 2
10705 10706 14
10706 10707 3
10707 10708 15
10708 10709 7
10709 10710 10
10710 10711 17
10711 10712 5
10712 10713 12
10713 10714 6
10714 10715 17
10715 10716 18
10716 10717 11
10717 10718 7
10718 10719 13
10719 10720 18
10720 10721 18
10721 10722 7
10722 10723 14
10723 10724 16
10724 10725 10
10725 10726 20
10726 10727 9
10727 10728 19
10728 10729 12
10729 10730 20
10730 10731 13
10731 10732 5
10732 10733 12
10733 10734 1
10734 10735 17
10735 10736 6
10736 10737 18
10737 10738 5
10738 10739 10
10739 10740 1
10740 10741 15
10741 10742 19
10742 10743 14
10743 10744 14
10744 10745 14
10745 10746 10
10746 10747 3
10747 10748 5
10748 10749 4
10749 10750 17
10750 10751 17
10751 10752 7
10752 10753 19
10753 10754 13
10754 10755 16
10755 10756 13
10756 10757 13
10757 10758 19
10758 10759 13
10759 10760 17
10760 10761 2
10761 10762 18
10762 10763 8
10763 10764 3
10764 10765 15
10765 10766 14
10766 10767 14
10767 10768 9
10768 10769 11
10769 10770 19
10770 10771 3
10771 10772 19
10772 10773 15
10773 10774 5
10774 10775 15
10775 10776 5
10776 10777 16
10777 10778 10
10778 10779 18
10779 10780 1
10780 10781 3
10781 10782 16
10782 10783 19
10783 10784 2
10784 10785 8
10785 10786 16
10786 10787 11
10787 10788 11
10788 10789 17
10789 10790 2
10790 10791 15
10791 10792 3
10792 10793 3
10793 10794 9
10794 10795 18
10795 10796 10
10796 10797 8
10797 10798 13
10798 10799 6
10799 10800 10
10800 10801 19
10801 10802 13
10802 10803 13
10803 10804 10
10804 10805 11
10805 10806 16
10806 10807 17
10807 10808 9
10808 10809 17
10809 10810 18
10810 10811 8
10811 10812 16
10812 10813 3
10813 10814 16
10814 10815 14
10815 10816 4
10816 10817 9
10817 10818 8
10818 10819 8
10819 10820 13
10820 10821 15
10821 10822 10
10822 10823 3
10823 10824 11
10824 10825 17
10825 10826 7
10826 10827 6
10827 10828 15
10828 10829 14
10829 10830 13
10830 10831 2
10831 10832 16
10832 10833 16
10833 10834 9
10834 10835 1
10835 10836 1
10836 10837 8
10837 10838 12
10838 10839 12
10839 10840 14
10840 10841 11
10841 10842 14
10842 10843 13
10843 10844 19
10844 10845 4
10845 10846 16
10846 10847 3
10847 10848 2
10848 10849 8
10849 10850 3
10850 10851 5
10851 10852 19
10852 10853 11
10853 10854 14
10854 10855 2
10855 10856 3
10856 10857 17
10857 10858 6
10858 10859 16
10859 10860 17
10860 10861 3
10861 10862 16
10862 10863 4
10863 10864 18
10864 10865 9
10865 10866 15
10866 10867 4
10867 10868 6
10868 10869 17
10869 10870 6
10870 10871 4
10871 10872 9
10872 10873 2
10873 10874 20
10874 10875 14
10875 10876 5
10876 10877 5
10877 10878 5
10878 10879 7
10879 10880 11
10880 10881 15
10881 10882 6
10882 10883 6
10883 10884 14
10884 10885 14
10885 10886 13
10886 10887 13
10887 10888 19
10888 10889 14
10889 10890 15
10890 10891 13
10891 10892 7
10892 10893 10
10893 10894 12
10894 10895 8
10895 10896 2
10896 10897 3
10897 10898 1
10898 10899 15
10899 10900 17
10900 10901 7
10901 10902 12
10902 10903 18
10903 10904 12
10904 10905 12
10905 10906 12
10906 10907 16
10907 10908 5
10908 10909 17
10909 10910 16
10910 10911 17
10911 10912 9
10912 10913 3
10913 10914 16
10914 10915 11
10915 10916 19
10916 10917 15
10917 10918 8
10918 10919 8
10919 10920 3
10920 10921 18
10921 10922 3
10922 10923 14
10923 10924 3
10924 10925 12
10925 10926 14
10926 10927 11
10927 10928 19
10928 10929 19
10929 10930 3
10930 10931 8
10931 10932 10
10932 10933 15
10933 10934 6
10934 10935 9
10935 10936 18
10936 10937 19
10937 10938 3
10938 10939 10
10939 10940 8
10940 10941 3
10941 10942 11
10942 10943 11
10943 10944 17
10944 10945 6
10945 10946 2
10946 10947 15
10947 10948 6
10948 10949 15
10949 10950 9
10950 10951 13
10951 10952 18
10952 10953 15
10953 10954 13
10954 10955 13
10955 10956 18
10956 10957 7
10957 10958 9
10958 10959 9
10959 10960 16
10960 10961 17
10961 10962 12
10962 10963 16
10963 10964 17
10964 10965 18
10965 10966 12
10966 10967 20
10967 10968 15
10968 10969 10
10969 10970 14
10970 10971 10
10971 10972 5
10972 10973 4
10973 10974 6
10974 10975 14
10975 10976 3
10976 10977 17
10977 10978 15
10978 10979 17
10979 10980 12
10980 10981 13
10981 10982 8
10982 10983 4
10983 10984 2
10984 10985 16
10985 10986 19
10986 10987 10
10987 10988 15
10988 10989 1
10989 10990 2
10990 10991 11
10991 10992 20
10992 10993 8
10993 10994 17
10994 10995 16
10995 10996 7
10996 10997 1
10997 10998 16
10998 10999 17
10999 11000 19
11000 11001 18
11001 11002 13
11002 11003 1
11003 11004 7
11004 11005 9
11005 11006 10
11006 11007 4
11007 11008 18
11008 11009 20
11009 11010 7
11010 11011 7
11011 11012 11
11012 11013 18
11013 11014 15
11014 11015 5
11015 11016 13
11016 11017 4
11017 11018 18
11018 11019 12
11019 11020 11
11020 11021 19
11021 11022 19
11022 11023 2
11023 11024 10
11024 11025 3
11025 11026 15
11026 11027 11
11027 11028 10
11028 11029 17
11029 11030 5
11030 11031 9
11031 11032 13
11032 11033 17
11033 11034 15
11034 11035 19
11035 11036 20
11036 11037 3
11037 11038 2
11038 11039 1
11039 11040 5
11040 11041 10
11041 11042 20
11042 11043 12
11043 11044 8
11044 11045 18
11045 11046 15
11046 11047 6
11047 11048 2
11048 11049 11
11049 11050 15
11050 11051 17
11051 11052 16
11052 11053 9
11053 11054 17
11054 11055 16
11055 11056 15
11056 11057 7
11057 11058 2
11058 11059 19
11059 11060 5
11060 11061 19
11061 11062 10
11062 11063 12
11063 11064 12
11064 11065 1
11065 11066 9
11066 11067 10
11067 11068 10
11068 11069 13
11069 11070 10
11070 11071 16
11071 11072 2
11072 11073 11
11073 11074 3
11074 11075 10
11075 11076 3
11076 11077 1
11077 11078 14
11078 11079 2
11079 11080 11
11080 11081 17
11081 11082 15
11082 11083 16
11083 11084 20
11084 11085 18
11085 11086 2
11086 11087 20
11087 11088 18
11088 11089 1
11089 11090 10
11090 11091 5
11091 11092 18
11092 11093 19
11093 11094 9
11094 11095 3
11095 11096 13
11096 11097 20
11097 11098 9
11098 11099 5
11099 11100 9
11100 11101 10
11101 11102 9
11102 11103 1
11103 11104 5
11104 11105 12
11105 11106 11
11106 11107 16
11107 11108 20
11108 11109 14
11109 11110 11
11110 11111 4
11111 11112 2
11112 11113 18
11113 11114 14
11114 11115 11
11115 11116 20
11116 11117 17
11117 11118 4
11118 11119 2
11119 11120 9
11120 11121 6
11121 11122 2
11122 11123 18
11123 11124 4
11124 11125 20
11125 11126 15
11126 11127 9
11127 11128 2
11128 11129 20
11129 11130 20
11130 11131 11
11131 11132 17
11132 11133 16
11133 11134 16
11134 11135 12
11135 11136 18
11136 11137 18
11137 11138 12
11138 11139 3
11139 11140 16
11140 11141 9
11141 11142 1
11142 11143 11
11143 11144 12
11144 11145 16
11145 11146 17
11146 11147 13
11147 11148 1
11148 11149 20
11149 11150 11
11150 11151 14
11151 11152 15
11152 11153 13
11153 11154 13
11154 11155 11
11155 11156 18
11156 11157 10
11157 11158 8
11158 11159 10
11159 11160 1
11160 11161 19
11161 11162 3
11162 11163 7
11163 11164 13
11164 11165 1
11165 11166 6
11166 11167 13
11167 11168 7
11168 11169 1
11169 11170 6
11170 11171 7
11171 11172 7
11172 11173 19
11173 11174 10
11174 11175 18
11175 11176 1
11176 11177 20
11177 11178 17
11178 11179 1
11179 11180 1
11180 11181 3
11181 11182 2
11182 11183 12
11183 11184 20
11184 11185 4
11185 11186 18
11186 11187 4
11187 11188 9
11188 11189 10
11189 11190 10
11190 11191 16
11191 11192 11
11192 11193 19
11193 11194 2
11194 11195 18
11195 11196 13
11196 11197 8
11197 11198 6
11198 11199 12
11199 11200 11
11200 11201 17
11201 11202 11
11202 11203 15
11203 11204 20
11204 11205 15
11205 11206 9
11206 11207 5
11207 11208 19
11208 11209 9
11209 11210 3
11210 11211 15
11211 11212 3
11212 11213 12
11213 11214 15
11214 11215 12
11215 11216 1
11216 11217 13
11217 11218 20
11218 11219 11
11219 11220 18
11220 11221 3
11221 11222 3
11222 11223 7
11223 11224 8
11224 11225 4
11225 11226 1
11226 11227 13
11227 11228 1
11228 11229 17
11229 11230 2
11230 11231 17
11231 11232 7
11232 11233 8
11233 11234 13
11234 11235 16
11235 11236 17
11236 11237 18
11237 11238 5
11238 11239 4
11239 11240 17
11240 11241 9
11241 11242 17
11242 11243 5
11243 11244 9
11244 11245 6
11245 11246 20
11246 11247 16
11247 11248 9
11248 11249 7
11249 11250 9
11250 11251 3
11251 11252 8
11252 11253 11
11253 11254 19
11254 11255 1
11255 11256 5
11256 11257 18
11257 11258 7
11258 11259 18
11259 11260 14
11260 11261 2
11261 11262 10
11262 11263 20
11263 11264 9
11264 11265 8
11265 11266 13
11266 11267 20
11267 11268 4
11268 11269 9
11269 11270 18
11270 11271 1
11271 11272 15
11272 11273 2
11273 11274 20
11274 11275 20
11275 11276 9
11276 11277 16
11277 11278 10
11278 11279 16
11279 11280 3
11280 11281 18
11281 11282 5
11282 11283 2
11283 11284 13
11284 11285 17
11285 11286 14
11286 11287 3
11287 11288 16
11288 11289 7
11289 11290 20
11290 11291 5
11291 11292 17
11292 11293 18
11293 11294 20
11294 11295 7
11295 11296 18
11296 11297 12
11297 11298 8
11298 11299 6
11299 11300 2
11300 11301 11
11301 11302 16
11302 11303 10
11303 11304 19
11304 11305 7
11305 11306 13
11306 11307 4
11307 11308 6
11308 11309 20
11309 11310 12
11310 11311 11
11311 11312 10
11312 11313 20
11313 11314 13
11314 11315 8
11315 11316 2
11316 11317 6
11317 11318 14
11318 11319 11
11319 11320 19
11320 11321 7
11321 11322 14
11322 11323 7
11323 11324 5
11324 11325 20
11325 11326 10
11326 11327 16
11327 11328 11
11328 11329 4
11329 11330 8
11330 11331 7
11331 11332 5
11332 11333 6
11333 11334 15
11334 11335 13
11335 11336 1
11336 11337 19
11337 11338 9
11338 11339 6
11339 11340 1
11340 11341 8
11341 11342 2
11342 11343 14
11343 11344 13
11344 11345 14
11345 11346 13
11346 11347 19
11347 11348 1
11348 11349 19
11349 11350 19
11350 11351 11
11351 11352 3
11352 11353 3
11353 11354 4
11354 11355 20
11355 11356 17
11356 11357 20
11357 11358 20
11358 11359 15
11359 11360 13
11360 11361 6
11361 11362 19
11362 11363 2
11363 11364 9
11364 11365 8
11365 11366 6
11366 11367 1
11367 11368 18
11368 11369 7
11369 11370 5
11370 11371 12
11371 11372 8
11372 11373 20
11373 11374 15
11374 11375 13
11375 11376 8
11376 11377 6
11377 11378 7
11378 11379 1
11379 11380 16
11380 11381 16
11381 11382 19
11382 11383 8
11383 11384 9
11384 11385 4
11385 11386 3
11386 11387 15
11387 11388 1
11388 11389 5
11389 11390 17
11390 11391 1
11391 11392 13
11392 11393 6
11393 11394 14
11394 11395 14
11395 11396 19
11396 11397 17
11397 11398 16
11398 11399 2
11399 11400 8
11400 11401 20
11401 11402 17
11402 11403 5
11403 11404 15
11404 11405 1
11405 11406 12
11406 11407 17
11407 11408 12
11408 11409 15
11409 11410 16
11410 11411 10
11411 11412 17
11412 11413 18
11413 11414 9
11414 11415 16
11415 11416 20
11416 11417 5
11417 11418 11
11418 11419 10
11419 11420 1
11420 11421 1
11421 11422 13
11422 11423 19
11423 11424 18
11424 11425 13
11425 11426 12
11426 11427 16
11427 11428 15
11428 11429 1
11429 11430 5
11430 11431 16
11431 11432 9
11432 11433 11
11433 11434 10
11434 11435 9
11435 11436 20
11436 11437 20
11437 11438 9
11438 11439 8
11439 11440 4
11440 11441 1
11441 11442 20
11442 11443 5
11443 11444 5
11444 11445 19
11445 11446 6
11446 11447 13
11447 11448 2
11448 11449 15
11449 11450 13
11450 11451 2
11451 11452 8
11452 11453 13
11453 11454 16
11454 11455 15
11455 11456 20
11456 11457 11
11457 11458 16
11458 11459 19
11459 11460 3
11460 11461 13
11461 11462 17
11462 11463 19
11463 11464 17
11464 11465 12
11465 11466 12
11466 11467 11
11467 11468 13
11468 11469 3
11469 11470 15
11470 11471 17
11471 11472 5
11472 11473 3
11473 11474 9
11474 11475 20
11475 11476 6
11476 11477 20
11477 11478 12
11478 11479 1
11479 11480 1
11480 11481 16
11481 11482 2
11482 11483 13
11483 11484 15
11484 11485 14
11485 11486 10
11486 11487 4
11487 11488 3
11488 11489 16
11489 11490 17
11490 11491 15
11491 11492 5
11492 11493 11
11493 11494 7
11494 11495 3
11495 11496 1
11496 11497 3
11497 11498 14
11498 11499 20
11499 11500 8
11500 11501 16
11501 11502 19
11502 11503 14
11503 11504 9
11504 11505 19
11505 11506 9
11506 11507 16
11507 11508 4
11508 11509 2
11509 11510 19
11510 11511 1
11511 11512 20
11512 11513 19
11513 11514 2
11514 11515 2
11515 11516 13
11516 11517 15
11517 11518 4
11518 11519 13
11519 11520 20
11520 11521 16
11521 11522 18
11522 11523 6
11523 11524 4
11524 11525 13
11525 11526 17
11526 11527 18
11527 11528 19
11528 11529 18
11529 11530 2
11530 11531 7
11531 11532 14
11532 11533 17
11533 11534 14
11534 11535 7
11535 11536 16
11536 11537 18
11537 11538 18
11538 11539 10
11539 11540 3
11540 11541 15
11541 11542 2
11542 11543 15
11543 11544 12
11544 11545 4
11545 11546 11
11546 11547 3
11547 11548 11
11548 11549 2
11549 11550 20
11550 11551 6
11551 11552 7
11552 11553 5
11553 11554 20
11554 11555 18
11555 11556 6
11556 11557 2
11557 11558 8
11558 11559 15
11559 11560 6
11560 11561 16
11561 11562 18
11562 11563 5
11563 11564 20
11564 11565 10
11565 11566 7
11566 11567 8
11567 11568 2
11568 11569 1
11569 11570 16
11570 11571 16
11571 11572 9
11572 11573 15
11573 11574 6
11574 11575 17
11575 11576 7
11576 11577 6
11577 11578 8
11578 11579 20
11579 11580 5
11580 11581 15
11581 11582 10
11582 11583 14
11583 11584 14
11584 11585 1
11585 11586 5
11586 11587 10
11587 11588 20
11588 11589 16
11589 11590 1
11590 11591 3
11591 11592 15
11592 11593 5
11593 11594 3
11594 11595 11
11595 11596 10
11596 11597 6
11597 11598 9
11598 11599 20
11599 11600 15
11600 11601 17
11601 11602 17
11602 11603 10
11603 11604 3
11604 11605 10
11605 11606 20
11606 11607 5
11607 11608 19
11608 11609 17
11609 11610 7
11610 11611 3
11611 11612 1
11612 11613 10
11613 11614 17
11614 11615 17
11615 11616 10
11616 11617 15
11617 11618 14
11618 11619 12
11619 11620 15
11620 11621 5
11621 11622 5
11622 11623 1
11623 11624 4
11624 11625 17
11625 11626 14
11626 11627 6
11627 11628 19
11628 11629 19
11629 11630 1
11630 11631 16
11631 11632 1
11632 11633 15
11633 11634 15
11634 11635 17
11635 11636 1
11636 11637 13
11637 11638 6
11638 11639 12
11639 11640 1
11640 11641 18
11641 11642 1
11642 11643 7
11643 11644 2
11644 11645 12
11645 11646 20
11646 11647 12
11647 11648 17
11648 11649 1
11649 11650 17
11650 11651 20
11651 11652 12
11652 11653 18
11653 11654 4
11654 11655 6
11655 11656 16
11656 11657 12
11657 11658 9
11658 11659 3
11659 11660 2
11660 11661 11
11661 11662 16
11662 11663 7
11663 11664 17
11664 11665 2
11665 11666 16
11666 11667 13
11667 11668 9
11668 11669 17
11669 11670 15
11670 11671 1
11671 11672 8
11672 11673 8
11673 11674 14
11674 11675 19
11675 11676 11
11676 11677 4
11677 11678 15
11678 11679 11
11679 11680 8
11680 11681 11
11681 11682 2
11682 11683 15
11683 11684 11
11684 11685 4
11685 11686 3
11686 11687 20
11687 11688 7
11688 11689 5
11689 11690 14
11690 11691 6
11691 11692 1
11692 11693 10
11693 11694 15
11694 11695 15
11695 11696 2
11696 11697 2
11697 11698 16
11698 11699 16
11699 11700 9
11700 11701 6
11701 11702 11
11702 11703 9
11703 11704 16
11704 11705 15
11705 11706 1
11706 11707 3
11707 11708 2
11708 11709 9
11709 11710 19
11710 11711 19
11711 11712 5
11712 11713 8
11713 11714 19
11714 11715 6
11715 11716 16
11716 11717 17
11717 11718 5
11718 11719 4
11719 11720 7
11720 11721 15
11721 11722 6
11722 11723 3
11723 11724 10
11724 11725 17
11725 11726 8
11726 11727 9
11727 11728 6
11728 11729 19
11729 11730 2
11730 11731 5
11731 11732 2
11732 11733 5
11733 11734 5
11734 11735 20
11735 11736 1
11736 11737 16
11737 11738 10
11738 11739 2
11739 11740 5
11740 11741 16
11741 11742 19
11742 11743 2
11743 11744 19
11744 11745 5
11745 11746 5
11746 11747 14
11747 11748 2
11748 11749 10
11749 11750 6
11750 11751 20
11751 11752 2
11752 11753 4
11753 11754 18
11754 11755 2
11755 11756 5
11756 11757 11
11757 11758 15
11758 11759 14
11759 11760 11
11760 11761 1
11761 11762 11
11762 11763 16
11763 11764 15
11764 11765 1
11765 11766 13
11766 11767 5
11767 11768 19
11768 11769 19
11769 11770 19
11770 11771 11
11771 11772 13
11772 11773 8
11773 11774 2
11774 11775 3
11775 11776 5
11776 11777 2
11777 11778 19
11778 11779 5
11779 11780 16
11780 11781 16
11781 11782 18
11782 11783 2
11783 11784 11
11784 11785 13
11785 11786 11
11786 11787 10
11787 11788 12
11788 11789 4
11789 11790 20
11790 11791 11
11791 11792 17
11792 11793 1
11793 11794 19
11794 11795 7
11795 11796 12
11796 11797 13
11797 11798 5
11798 11799 18
11799 11800 17
11800 11801 4
11801 11802 10
11802 11803 9
11803 11804 12
11804 11805 17
11805 11806 9
11806 11807 1
11807 11808 8
11808 11809 7
11809 11810 19
11810 11811 6
11811 11812 14
11812 11813 15
11813 11814 15
11814 11815 6
11815 11816 14
11816 11817 6
11817 11818 13
11818 11819 1
11819 11820 16
11820 11821 18
11821 11822 5
11822 11823 16
11823 11824 15
11824 11825 13
11825 11826 8
11826 11827 14
11827 11828 8
11828 11829 3
11829 11830 9
11830 11831 19
11831 11832 10
11832 11833 17
11833 11834 16
11834 11835 4
11835 11836 18
11836 11837 3
11837 11838 12
11838 11839 2
11839 11840 6
11840 11841 11
11841 11842 5
11842 11843 3
11843 11844 8
11844 11845 2
11845 11846 20
11846 11847 7
11847 11848 18
11848 11849 10
11849 11850 15
11850 11851 20
11851 11852 6
11852 11853 3
11853 11854 1
11854 11855 9
11855 11856 9
11856 11857 19
11857 11858 13
11858 11859 12
11859 11860 3
11860 11861 7
11861 11862 11
11862 11863 13
11863 11864 1
11864 11865 15
11865 11866 4
11866 11867 5
11867 11868 13
11868 11869 10
11869 11870 19
11870 11871 13
11871 11872 13
11872 11873 20
11873 11874 1
11874 11875 5
11875 11876 13
11876 11877 3
11877 11878 6
11878 11879 6
11879 11880 7
11880 11881 2
11881 11882 6
11882 11883 20
11883 11884 10
11884 11885 15
11885 11886 8
11886 11887 3
11887 11888 15
11888 11889 16
11889 11890 12
11890 11891 17
11891 11892 12
11892 11893 1
11893 11894 17
11894 11895 9
11895 11896 5
11896 11897 5
11897 11898 17
11898 11899 7
11899 11900 13
11900 11901 4
11901 11902 13
11902 11903 17
11903 11904 2
11904 11905 16
11905 11906 17
11906 11907 10
11907 11908 14
11908 11909 7
11909 11910 8
11910 11911 10
11911 11912 2
11912 11913 11
11913 11914 12
11914 11915 20
11915 11916 4
11916 11917 7
11917 11918 14
11918 11919 19
11919 11920 9
11920 11921 14
11921 11922 2
11922 11923 15
11923 11924 7
11924 11925 10
11925 11926 20
11926 11927 17
11927 11928 2
11928 11929 15
11929 11930 20
11930 11931 5
11931 11932 12
11932 11933 10
11933 11934 4
11934 11935 15
11935 11936 13
11936 11937 17
11937 11938 13
11938 11939 10
11939 11940 18
11940 11941 15
11941 11942 4
11942 11943 20
11943 11944 6
11944 11945 9
11945 11946 9
11946 11947 2
11947 11948 15
11948 11949 9
11949 11950 4
11950 11951 19
11951 11952 13
11952 11953 16
11953 11954 10
11954 11955 18
11955 11956 2
11956 11957 15
11957 11958 1
11958 11959 14
11959 11960 4
11960 11961 18
11961 11962 3
11962 11963 2
11963 11964 18
11964 11965 10
11965 11966 20
11966 11967 17
11967 11968 11
11968 11969 13
11969 11970 2
11970 11971 4
11971 11972 10
11972 11973 19
11973 11974 13
11974 11975 7
11975 11976 12
11976 11977 6
11977 11978 15
11978 11979 17
11979 11980 3
11980 11981 13
11981 11982 1
11982 11983 7
11983 11984 13
11984 11985 3
11985 11986 9
11986 11987 20
11987 11988 11
11988 11989 17
11989 11990 4
11990 11991 12
11991 11992 20
11992 11993 12
11993 11994 16
11994 11995 7
11995 11996 3
11996 11997 3
11997 11998 15
11998 11999 6
11999 12000 7
12000 12001 10
12001 12002 17
12002 12003 15
12003 12004 19
12004 12005 6
12005 12006 2
12006 12007 2
12007 12008 5
12008 12009 13
12009 12010 1
12010 12011 16
12011 12012 13
12012 12013 9
12013 12014 3
12014 12015 16
12015 12016 20
12016 12017 15
12017 12018 17
12018 12019 4
12019 12020 11
12020 12021 18
12021 12022 11
12022 12023 11
12023 12024 20
12024 12025 10
12025 12026 18
12026 12027 2
12027 12028 9
12028 12029 17
12029 12030 8
12030 12031 14
12031 12032 14
12032 12033 9
12033 12034 16
12034 12035 4
12035 12036 3
12036 12037 9
12037 12038 18
12038 12039 17
12039 12040 3
12040 12041 2
12041 12042 15
12042 12043 9
12043 12044 14
12044 12045 14
12045 12046 14
12046 12047 10
12047 12048 10
12048 12049 9
12049 12050 7
12050 12051 18
12051 12052 1
12052 12053 9
12053 12054 9
12054 12055 1
12055 12056 15
12056 12057 3
12057 12058 4
12058 12059 2
12059 12060 20
12060 12061 5
12061 12062 11
12062 12063 1
12063 12064 14
12064 12065 15
12065 12066 6
12066 12067 1
12067 12068 3
12068 12069 20
12069 12070 7
12070 12071 18
12071 12072 12
12072 12073 9
12073 12074 20
12074 12075 20
12075 12076 8
12076 12077 18
12077 12078 7
12078 12079 2
12079 12080 19
12080 12081 2
12081 12082 6
12082 12083 15
12083 12084 1
12084 12085 14
12085 12086 16
12086 12087 17
12087 12088 20
12088 12089 9
12089 12090 2
12090 12091 10
12091 12092 20
12092 12093 15
12093 12094 12
12094 12095 5
12095 12096 15
12096 12097 3
12097 12098 3
12098 12099 13
12099 12100 15
12100 12101 15
12101 12102 14
12102 12103 16
12103 12104 9
12104 12105 10
12105 12106 18
12106 12107 3
12107 12108 7
12108 12109 14
12109 12110 11
12110 12111 8
12111 12112 12
12112 12113 11
12113 12114 4
12114 12115 6
12115 12116 5
12116 12117 12
12117 12118 13
12118 12119 5
12119 12120 12
12120 12121 6
12121 12122 4
12122 12123 5
12123 12124 16
12124 12125 20
12125 12126 9
12126 12127 16
12127 12128 8
12128 12129 19
12129 12130 2
12130 12131 11
12131 12132 3
12132 12133 16
12133 12134 14
12134 12135 5
12135 12136 5
12136 12137 17
12137 12138 7
12138 12139 7
12139 12140 5
12140 12141 3
12141 12142 14
12142 12143 8
12143 12144 17
12144 12145 7
12145 12146 10
12146 12147 19
12147 12148 17
12148 12149 1
12149 12150 8
12150 12151 2
12151 12152 19
12152 12153 18
12153 12154 8
12154 12155 1
12155 12156 2
12156 12157 2
12157 12158 7
12158 12159 14
12159 12160 2
12160 12161 13
12161 12162 9
12162 12163 16
12163 12164 9
12164 12165 4
12165 12166 3
12166 12167 9
12167 12168 8
12168 12169 19
12169 12170 5
12170 12171 1
12171 12172 8
12172 12173 14
12173 12174 2
12174 12175 5
12175 12176 19
12176 12177 14
12177 12178 16
12178 12179 17
12179 12180 1
12180 12181 1
12181 12182 10
12182 12183 11
12183 12184 10
12184 12185 2
12185 12186 17
12186 12187 9
12187 12188 17
12188 12189 6
12189 12190 8
12190 12191 5
12191 12192 13
12192 12193 11
12193 12194 4
12194 12195 4
12195 12196 20
12196 12197 17
12197 12198 1
12198 12199 9
12199 12200 2
12200 12201 1
12201 12202 15
12202 12203 17
12203 12204 7
12204 12205 8
12205 12206 11
12206 12207 15
12207 12208 19
12208 12209 11
12209 12210 16
12210 12211 14
12211 12212 5
12212 12213 15
12213 12214 14
12214 12215 20
12215 12216 10
12216 12217 11
12217 12218 1
12218 12219 19
12219 12220 20
12220 12221 7
12221 12222 4
12222 12223 5
12223 12224 9
12224 12225 10
12225 12226 16
12226 12227 17
12227 12228 20
12228 12229 13
12229 12230 1
12230 12231 10
12231 12232 4
12232 12233 7
12233 12234 9
12234 12235 18
12235 12236 13
12236 12237 3
12237 12238 19
12238 12239 3
12239 12240 9
12240 12241 12
12241 12242 3
12242 12243 3
12243 12244 2
12244 12245 9
12245 12246 13
12246 12247 20
12247 12248 6
12248 12249 10
12249 12250 15
12250 12251 9
12251 12252 16
12252 12253 11
12253 12254 9
12254 12255 1
12255 12256 15
12256 12257 18
12257 12258 15
12258 12259 6
12259 12260 1
12260 12261 14
12261 12262 18
12262 12263 10
12263 12264 5
12264 12265 6
12265 12266 1
12266 12267 10
12267 12268 12
12268 12269 20
12269 12270 13
12270 12271 9
12271 12272 8
12272 12273 18
12273 12274 19
12274 12275 1
12275 12276 17
12276 12277 15
12277 12278 16
12278 12279 3
12279 12280 17
12280 12281 9
12281 12282 11
12282 12283 11
12283 12284 7
12284 12285 11
12285 12286 10
12286 12287 11
12287 12288 8
12288 12289 12
12289 12290 9
12290 12291 18
12291 12292 13
12292 12293 3
12293 12294 11
12294 12295 9
12295 12296 19
12296 12297 5
12297 12298 6
12298 12299 8
12299 12300 14
12300 12301 5
12301 12302 13
12302 12303 8
12303 12304 12
12304 12305 19
12305 12306 18
12306 12307 12
12307 12308 5
12308 12309 19
12309 12310 18
12310 12311 15
12311 12312 15
12312 12313 4
12313 12314 2
12314 12315 20
12315 12316 11
12316 12317 19
12317 12318 4
12318 12319 19
12319 12320 16
12320 12321 3
12321 12322 12
12322 12323 8
12323 12324 18
12324 12325 5
12325 12326 1
12326 12327 12
12327 12328 5
12328 12329 10
12329 12330 2
12330 12331 1
12331 12332 18
12332 12333 5
12333 12334 7
12334 12335 1
12335 12336 6
12336 12337 7
12337 12338 2
12338 12339 9
12339 12340 16
12340 12341 17
12341 12342 11
12342 12343 15
12343 12344 8
12344 12345 13
12345 12346 10
12346 12347 20
12347 12348 7
12348 12349 9
12349 12350 13
12350 12351 19
12351 12352 11
12352 12353 12
12353 12354 15
12354 12355 11
12355 12356 11
12356 12357 10
12357 12358 15
12358 12359 19
12359 12360 20
12360 12361 16
12361 12362 16
12362 12363 6
12363 12364 17
12364 12365 10
12365 12366 19
12366 12367 5
12367 12368 1
12368 12369 15
12369 12370 3
12370 12371 19
12371 12372 9
12372 12373 10
12373 12374 14
12374 12375 10
12375 12376 10
12376 12377 11
12377 12378 3
12378 12379 18
12379 12380 17
12380 12381 7
12381 12382 5
12382 12383 8
12383 12384 1
12384 12385 18
12385 12386 15
12386 12387 3
12387 12388 7
12388 12389 2
12389 12390 7
12390 12391 1
12391 12392 15
12392 12393 8
12393 12394 7
12394 12395 4
12395 12396 10
12396 12397 16
12397 12398 15
12398 12399 10
12399 12400 19
12400 12401 7
12401 12402 13
12402 12403 14
12403 12404 3
12404 12405 17
12405 12406 19
12406 12407 7
12407 12408 17
12408 12409 2
12409 12410 5
12410 12411 4
12411 12412 17
12412 12413 10
12413 12414 15
12414 12415 11
12415 12416 4
12416 12417 15
12417 12418 5
12418 12419 6
12419 12420 7
12420 12421 10
12421 12422 17
12422 12423 8
12423 12424 5
12424 12425 19
12425 12426 16
12426 12427 20
12427 12428 13
12428 12429 14
12429 12430 1
12430 12431 13
12431 12432 20
12432 12433 12
12433 12434 11
12434 12435 12
12435 12436 14
12436 12437 20
12437 12438 17
12438 12439 4
12439 12440 15
12440 12441 17
12441 12442 15
12442 12443 3
12443 12444 2
12444 12445 10
12445 12446 5
12446 12447 9
12447 12448 4
12448 12449 19
12449 12450 12
12450 12451 1
12451 12452 13
12452 12453 16
12453 12454 16
12454 12455 12
12455 12456 10
12456 12457 19
12457 12458 6
12458 12459 4
12459 12460 14
12460 12461 3
12461 12462 16
12462 12463 11
12463 12464 17
12464 12465 3
12465 12466 3
12466 12467 17
12467 12468 16
12468 12469 9
12469 12470 16
12470 12471 7
12471 12472 4
12472 12473 20
12473 12474 19
12474 12475 16
12475 12476 12
12476 12477 18
12477 12478 6
12478 12479 11
12479 12480 18
12480 12481 20
12481 12482 20
12482 12483 12
12483 12484 7
12484 12485 8
12485 12486 2
12486 12487 4
12487 12488 3
12488 12489 4
12489 12490 8
12490 12491 19
12491 12492 11
12492 12493 14
12493 12494 18
12494 T 12
