1000000000
5
100 100 100 100 100
500
1 1
2 1
3 1
4 1
5 1
6 1
7 1
8 1
9 1
10 1
11 1
12 1
13 1
14 1
15 1
16 1
17 1
18 1
19 1
20 1
21 1
22 1
23 1
24 1
25 1
26 1
27 1
28 1
29 1
30 1
31 1
32 1
33 1
34 1
35 1
36 1
37 1
38 1
39 1
40 1
41 1
42 1
43 1
44 1
45 1
46 1
47 1
48 1
49 1
50 1
51 1
52 1
53 1
54 1
55 1
56 1
57 1
58 1
59 1
60 1
61 1
62 1
63 1
64 1
65 1
66 1
67 1
68 1
69 1
70 1
71 1
72 1
73 1
74 1
75 1
76 1
77 1
78 1
79 1
80 1
81 1
82 1
83 1
84 1
85 1
86 1
87 1
88 1
89 1
90 1
91 1
92 1
93 1
94 1
95 1
96 1
97 1
98 1
99 1
100 1
101 2
102 2
103 2
104 2
105 2
106 2
107 2
108 2
109 2
110 2
111 2
112 2
113 2
114 2
115 2
116 2
117 2
118 2
119 2
120 2
121 2
122 2
123 2
124 2
125 2
126 2
127 2
128 2
129 2
130 2
131 2
132 2
133 2
134 2
135 2
136 2
137 2
138 2
139 2
140 2
141 2
142 2
143 2
144 2
145 2
146 2
147 2
148 2
149 2
150 2
151 2
152 2
153 2
154 2
155 2
156 2
157 2
158 2
159 2
160 2
161 2
162 2
163 2
164 2
165 2
166 2
167 2
168 2
169 2
170 2
171 2
172 2
173 2
174 2
175 2
176 2
177 2
178 2
179 2
180 2
181 2
182 2
183 2
184 2
185 2
186 2
187 2
188 2
189 2
190 2
191 2
192 2
193 2
194 2
195 2
196 2
197 2
198 2
199 2
200 2
201 3
202 3
203 3
204 3
205 3
206 3
207 3
208 3
209 3
210 3
211 3
212 3
213 3
214 3
215 3
216 3
217 3
218 3
219 3
220 3
221 3
222 3
223 3
224 3
225 3
226 3
227 3
228 3
229 3
230 3
231 3
232 3
233 3
234 3
235 3
236 3
237 3
238 3
239 3
240 3
241 3
242 3
243 3
244 3
245 3
246 3
247 3
248 3
249 3
250 3
251 3
252 3
253 3
254 3
255 3
256 3
257 3
258 3
259 3
260 3
261 3
262 3
263 3
264 3
265 3
266 3
267 3
268 3
269 3
270 3
271 3
272 3
273 3
274 3
275 3
276 3
277 3
278 3
279 3
280 3
281 3
282 3
283 3
284 3
285 3
286 3
287 3
288 3
289 3
290 3
291 3
292 3
293 3
294 3
295 3
296 3
297 3
298 3
299 3
300 3
301 4
302 4
303 4
304 4
305 4
306 4
307 4
308 4
309 4
310 4
311 4
312 4
313 4
314 4
315 4
316 4
317 4
318 4
319 4
320 4
321 4
322 4
323 4
324 4
325 4
326 4
327 4
328 4
329 4
330 4
331 4
332 4
333 4
334 4
335 4
336 4
337 4
338 4
339 4
340 4
341 4
342 4
343 4
344 4
345 4
346 4
347 4
348 4
349 4
350 4
351 4
352 4
353 4
354 4
355 4
356 4
357 4
358 4
359 4
360 4
361 4
362 4
363 4
364 4
365 4
366 4
367 4
368 4
369 4
370 4
371 4
372 4
373 4
374 4
375 4
376 4
377 4
378 4
379 4
380 4
381 4
382 4
383 4
384 4
385 4
386 4
387 4
388 4
389 4
390 4
391 4
392 4
393 4
394 4
395 4
396 4
397 4
398 4
399 4
400 4
401 5
402 5
403 5
404 5
405 5
406 5
407 5
408 5
409 5
410 5
411 5
412 5
413 5
414 5
415 5
416 5
417 5
418 5
419 5
420 5
421 5
422 5
423 5
424 5
425 5
426 5
427 5
428 5
429 5
430 5
431 5
432 5
433 5
434 5
435 5
436 5
437 5
438 5
439 5
440 5
441 5
442 5
443 5
444 5
445 5
446 5
447 5
448 5
449 5
450 5
451 5
452 5
453 5
454 5
455 5
456 5
457 5
458 5
459 5
460 5
461 5
462 5
463 5
464 5
465 5
466 5
467 5
468 5
469 5
470 5
471 5
472 5
473 5
474 5
475 5
476 5
477 5
478 5
479 5
480 5
481 5
482 5
483 5
484 5
485 5
486 5
487 5
488 5
489 5
490 5
491 5
492 5
493 5
494 5
495 5
496 5
497 5
498 5
499 5
500 5
25592
S 1 14
1 2 16
2 3 10
3 4 14
4 5 14
5 6 10
6 7 2
7 8 12
8 9 4
9 10 10
10 11 6
11 12 8
12 13 19
13 14 18
14 15 19
15 16 11
16 17 18
17 18 9
18 19 18
19 20 8
20 21 19
21 22 1
22 23 15
23 24 18
24 25 16
25 26 2
26 27 1
27 28 3
28 29 18
29 30 8
30 31 20
31 32 18
32 33 13
33 34 12
34 35 10
35 36 3
36 37 13
37 38 9
38 39 10
39 40 9
40 41 17
41 42 12
42 43 8
43 44 17
44 45 19
45 46 10
46 47 2
47 48 4
48 49 6
49 50 12
50 51 8
51 52 16
52 53 18
53 54 15
54 55 3
55 56 7
56 57 9
57 58 1
58 59 15
59 60 19
60 61 13
61 62 14
62 63 15
63 64 13
64 65 2
65 66 12
66 67 2
67 68 8
68 69 11
69 70 5
70 71 4
71 72 7
72 73 20
73 74 19
74 75 7
75 76 10
76 77 4
77 78 20
78 79 11
79 80 7
80 81 11
81 82 16
82 83 3
83 84 2
84 85 18
85 86 6
86 87 4
87 88 16
88 89 12
89 90 2
90 91 2
91 92 9
92 93 15
93 94 20
94 95 1
95 96 8
96 97 11
97 98 9
98 99 4
99 100 1
100 101 8
101 102 18
102 103 16
103 104 1
104 105 7
105 106 12
106 107 7
107 108 7
108 109 12
109 110 1
110 111 10
111 112 18
112 113 1
113 114 10
114 115 19
115 116 20
116 117 19
117 118 9
118 119 5
119 120 20
120 121 15
121 122 11
122 123 14
123 124 15
124 125 13
125 126 2
126 127 20
127 128 13
128 129 20
129 130 1
130 131 13
131 132 5
132 133 7
133 134 3
134 135 17
135 136 17
136 137 19
137 138 19
138 139 14
139 140 2
140 141 4
141 142 14
142 143 17
143 144 8
144 145 20
145 146 10
146 147 20
147 148 17
148 149 8
149 150 19
150 151 18
151 152 15
152 153 10
153 154 5
154 155 6
155 156 4
156 157 13
157 158 20
158 159 1
159 160 5
160 161 11
161 162 3
162 163 13
163 164 17
164 165 16
165 166 15
166 167 6
167 168 17
168 169 9
169 170 6
170 171 9
171 172 13
172 173 3
173 174 17
174 175 8
175 176 10
176 177 6
177 178 4
178 179 7
179 180 13
180 181 1
181 182 2
182 183 3
183 184 5
184 185 7
185 186 7
186 187 8
187 188 12
188 189 9
189 190 13
190 191 15
191 192 18
192 193 18
193 194 14
194 195 16
195 196 11
196 197 14
197 198 19
198 199 16
199 200 15
200 201 16
201 202 19
202 203 4
203 204 11
204 205 17
205 206 13
206 207 12
207 208 5
208 209 14
209 210 4
210 211 10
211 212 19
212 213 9
213 214 7
214 215 9
215 216 4
216 217 1
217 218 2
218 219 8
219 220 5
220 221 6
221 222 17
222 223 4
223 224 15
224 225 7
225 226 1
226 227 12
227 228 20
228 229 18
229 230 7
230 231 19
231 232 8
232 233 20
233 234 8
234 235 13
235 236 14
236 237 20
237 238 5
238 239 13
239 240 18
240 241 5
241 242 2
242 243 20
243 244 20
244 245 3
245 246 13
246 247 19
247 248 13
248 249 6
249 250 1
250 251 12
251 252 6
252 253 11
253 254 7
254 255 10
255 256 10
256 257 20
257 258 18
258 259 14
259 260 1
260 261 16
261 262 1
262 263 11
263 264 15
264 265 12
265 266 7
266 267 20
267 268 4
268 269 12
269 270 14
270 271 6
271 272 16
272 273 2
273 274 3
274 275 13
275 276 5
276 277 6
277 278 1
278 279 3
279 280 1
280 281 18
281 282 17
282 283 1
283 284 14
284 285 4
285 286 16
286 287 10
287 288 16
288 289 7
289 290 14
290 291 11
291 292 11
292 293 11
293 294 19
294 295 19
295 296 12
296 297 3
297 298 5
298 299 10
299 300 5
300 301 13
301 302 9
302 303 13
303 304 9
304 305 3
305 306 2
306 307 18
307 308 11
308 309 16
309 310 13
310 311 20
311 312 13
312 313 4
313 314 9
314 315 8
315 316 14
316 317 9
317 318 5
318 319 19
319 320 2
320 321 12
321 322 12
322 323 7
323 324 9
324 325 20
325 326 7
326 327 11
327 328 1
328 329 7
329 330 1
330 331 4
331 332 5
332 333 3
333 334 3
334 335 15
335 336 18
336 337 13
337 338 5
338 339 5
339 340 20
340 341 9
341 342 15
342 343 13
343 344 8
344 345 20
345 346 1
346 347 1
347 348 13
348 349 9
349 350 3
350 351 9
351 352 13
352 353 13
353 354 13
354 355 20
355 356 18
356 357 14
357 358 9
358 359 8
359 360 9
360 361 15
361 362 5
362 363 8
363 364 16
364 365 11
365 366 2
366 367 11
367 368 4
368 369 17
369 370 4
370 371 4
371 372 13
372 373 20
373 374 5
374 375 13
375 376 17
376 377 16
377 378 18
378 379 19
379 380 1
380 381 2
381 382 13
382 383 17
383 384 5
384 385 18
385 386 2
386 387 2
387 388 2
388 389 16
389 390 5
390 391 8
391 392 12
392 393 10
393 394 10
394 395 6
395 396 3
396 397 13
397 398 5
398 399 11
399 400 7
400 401 18
401 402 3
402 403 17
403 404 7
404 405 6
405 406 1
406 407 10
407 408 14
408 409 10
409 410 20
410 411 19
411 412 9
412 413 4
413 414 16
414 415 12
415 416 10
416 417 17
417 418 13
418 419 6
419 420 8
420 421 2
421 422 1
422 423 8
423 424 1
424 425 12
425 426 7
426 427 7
427 428 4
428 429 5
429 430 7
430 431 19
431 432 4
432 433 1
433 434 2
434 435 2
435 436 15
436 437 3
437 438 16
438 439 14
439 440 20
440 441 10
441 442 18
442 443 4
443 444 2
444 445 15
445 446 20
446 447 10
447 448 9
448 449 3
449 450 9
450 451 9
451 452 3
452 453 8
453 454 8
454 455 2
455 456 11
456 457 4
457 458 17
458 459 14
459 460 14
460 461 16
461 462 11
462 463 19
463 464 8
464 465 1
465 466 14
466 467 15
467 468 1
468 469 18
469 470 9
470 471 16
471 472 6
472 473 17
473 474 8
474 475 4
475 476 1
476 477 5
477 478 13
478 479 12
479 480 15
480 481 11
481 482 8
482 483 6
483 484 18
484 485 13
485 486 15
486 487 15
487 488 8
488 489 5
489 490 13
490 491 18
491 492 18
492 493 10
493 494 16
494 495 7
495 496 2
496 497 13
497 498 19
498 499 9
499 500 17
500 T 11
S 1 7
S 6 15
S 19 7
S 22 4
S 24 11
S 50 12
S 61 7
S 63 12
S 70 4
S 72 10
S 79 4
S 85 14
S 98 10
S 113 8
S 131 4
S 134 13
S 135 6
S 149 15
S 160 14
S 166 3
S 169 17
S 170 5
S 171 2
S 213 13
S 219 14
S 235 19
S 242 14
S 247 16
S 252 11
S 254 12
S 263 5
S 269 5
S 285 18
S 331 12
S 335 3
S 352 10
S 357 12
S 364 12
S 367 20
S 371 18
S 392 1
S 407 20
S 433 10
S 450 19
S 456 15
S 466 2
S 475 14
S 480 4
1 3 12
1 12 7
1 16 2
1 35 10
1 40 9
1 45 12
1 61 4
1 62 20
1 63 17
1 80 16
1 84 12
1 93 6
1 113 4
1 148 13
1 166 6
1 170 17
1 178 16
1 186 8
1 203 15
1 206 4
1 207 9
1 208 9
1 210 20
1 221 19
1 222 4
1 228 14
1 235 10
1 238 19
1 245 7
1 247 3
1 249 14
1 256 8
1 273 14
1 279 16
1 291 19
1 294 3
1 297 3
1 307 9
1 321 11
1 325 2
1 329 20
1 330 18
1 347 17
1 359 11
1 360 3
1 366 15
1 371 18
1 372 9
1 377 5
1 385 6
1 387 20
1 397 19
1 429 18
1 438 8
1 440 9
1 447 11
1 461 18
1 474 11
2 7 6
2 8 13
2 10 18
2 20 12
2 25 9
2 27 20
2 28 20
2 29 12
2 42 12
2 52 9
2 88 13
2 91 20
2 97 3
2 104 19
2 111 11
2 120 3
2 140 5
2 141 12
2 146 16
2 151 15
2 156 3
2 163 20
2 169 3
2 176 7
2 183 3
2 205 1
2 206 2
2 208 17
2 217 6
2 250 9
2 260 17
2 274 3
2 277 10
2 282 2
2 287 15
2 291 10
2 293 7
2 298 2
2 310 10
2 313 3
2 316 20
2 320 14
2 323 19
2 328 18
2 337 15
2 340 11
2 346 8
2 360 14
2 373 14
2 384 1
2 395 4
2 411 8
2 414 18
2 421 10
2 435 20
2 458 9
2 461 1
2 474 8
2 475 16
2 481 8
2 499 7
3 1 3
3 11 6
3 23 19
3 32 7
3 36 11
3 46 20
3 60 5
3 64 17
3 76 7
3 96 20
3 104 1
3 113 16
3 116 4
3 121 2
3 149 13
3 153 14
3 160 5
3 166 10
3 197 2
3 217 10
3 224 10
3 236 7
3 251 4
3 257 16
3 260 2
3 275 15
3 279 18
3 284 6
3 288 20
3 304 17
3 323 6
3 332 13
3 337 2
3 353 14
3 369 2
3 377 11
3 393 2
3 398 7
3 401 13
3 404 16
3 412 17
3 435 8
3 446 11
3 447 2
3 448 12
3 453 19
3 459 9
3 500 20
4 16 2
4 21 15
4 24 6
4 38 3
4 48 8
4 50 10
4 58 20
4 59 20
4 61 14
4 76 7
4 118 11
4 123 7
4 128 7
4 130 6
4 141 19
4 146 14
4 158 4
4 159 11
4 168 12
4 173 15
4 184 17
4 198 14
4 199 8
4 204 14
4 214 14
4 237 7
4 240 1
4 243 18
4 255 19
4 277 18
4 279 13
4 288 12
4 293 2
4 301 17
4 327 12
4 346 3
4 353 5
4 365 6
4 378 14
4 379 7
4 384 2
4 386 11
4 394 18
4 421 15
4 425 4
4 440 16
4 441 5
4 462 5
4 466 7
4 472 16
4 473 17
4 478 1
4 481 12
4 494 17
5 7 12
5 12 2
5 18 12
5 27 19
5 46 6
5 74 3
5 83 8
5 87 1
5 103 8
5 104 12
5 106 12
5 112 6
5 115 19
5 119 12
5 142 18
5 178 18
5 192 4
5 196 7
5 197 4
5 206 6
5 207 2
5 222 1
5 223 16
5 224 13
5 232 17
5 247 12
5 250 13
5 251 8
5 258 8
5 264 2
5 265 3
5 267 7
5 289 18
5 314 14
5 329 14
5 339 19
5 359 15
5 373 17
5 380 17
5 403 20
5 412 5
5 424 14
5 425 2
5 440 9
5 445 12
5 458 2
5 464 15
5 466 4
5 471 2
5 477 16
5 478 1
5 481 9
5 T 5
6 10 12
6 14 18
6 18 13
6 22 9
6 23 15
6 28 1
6 32 3
6 33 12
6 62 2
6 71 1
6 82 15
6 84 9
6 91 15
6 102 9
6 104 19
6 115 15
6 116 19
6 126 18
6 139 12
6 144 17
6 151 15
6 153 18
6 161 5
6 170 18
6 171 15
6 174 8
6 186 12
6 195 6
6 202 13
6 203 8
6 206 13
6 211 20
6 226 13
6 231 12
6 236 5
6 239 16
6 240 14
6 253 12
6 254 3
6 258 5
6 262 17
6 312 16
6 331 16
6 334 16
6 363 1
6 366 5
6 372 7
6 383 16
6 398 12
6 404 20
6 408 8
6 412 2
6 424 14
6 460 3
6 471 10
6 472 20
6 473 2
6 480 8
6 491 14
7 18 13
7 27 4
7 43 1
7 55 9
7 61 15
7 70 6
7 71 16
7 75 10
7 81 13
7 84 10
7 90 15
7 105 10
7 134 7
7 136 16
7 152 11
7 185 11
7 191 13
7 200 3
7 203 14
7 249 12
7 259 1
7 287 20
7 296 2
7 300 2
7 301 20
7 306 7
7 309 18
7 321 17
7 327 15
7 328 2
7 338 14
7 360 11
7 363 12
7 406 14
7 410 7
7 413 8
7 420 8
7 422 17
7 430 13
7 432 18
7 448 14
7 451 17
7 456 18
7 458 10
7 465 5
7 469 3
7 496 12
8 10 6
8 17 8
8 49 6
8 55 19
8 70 19
8 81 18
8 101 12
8 103 19
8 105 6
8 113 15
8 114 3
8 119 18
8 127 14
8 149 14
8 168 9
8 182 13
8 194 19
8 196 13
8 198 11
8 199 18
8 201 16
8 208 16
8 227 20
8 246 15
8 251 6
8 261 2
8 265 16
8 304 15
8 320 5
8 321 10
8 327 5
8 329 19
8 348 14
8 351 11
8 354 3
8 374 3
8 379 12
8 381 13
8 393 17
8 395 1
8 398 9
8 418 11
8 420 16
8 441 14
8 442 2
8 461 18
8 466 9
8 471 7
8 482 4
8 484 8
8 486 10
8 489 11
9 11 2
9 66 14
9 71 10
9 80 19
9 85 19
9 93 4
9 107 8
9 119 2
9 121 1
9 126 19
9 130 17
9 136 20
9 149 11
9 166 7
9 223 4
9 224 10
9 234 20
9 267 18
9 268 11
9 275 1
9 277 7
9 279 9
9 280 13
9 297 15
9 301 6
9 307 12
9 319 7
9 322 4
9 328 8
9 329 5
9 337 4
9 350 16
9 353 11
9 354 4
9 371 18
9 391 19
9 396 17
9 399 1
9 413 2
9 419 5
9 438 8
9 439 5
9 442 13
9 451 14
9 452 6
9 462 10
9 463 18
9 466 18
9 475 20
9 476 6
9 492 5
10 8 4
10 38 13
10 43 9
10 45 5
10 48 18
10 54 16
10 59 6
10 65 2
10 66 6
10 79 19
10 89 15
10 92 13
10 96 14
10 125 17
10 130 8
10 140 6
10 142 3
10 145 11
10 150 16
10 158 12
10 165 5
10 181 4
10 183 18
10 195 6
10 207 15
10 210 15
10 215 16
10 222 17
10 232 12
10 236 15
10 245 9
10 246 10
10 248 16
10 254 17
10 255 12
10 265 14
10 279 3
10 281 14
10 288 15
10 308 19
10 326 15
10 346 6
10 360 3
10 364 6
10 368 5
10 370 20
10 386 20
10 395 4
10 405 11
10 407 6
10 410 7
10 415 11
10 425 4
10 427 15
10 434 1
10 450 8
10 452 19
10 454 17
10 461 7
10 480 6
11 13 4
11 14 1
11 31 1
11 37 9
11 46 6
11 50 7
11 53 8
11 58 9
11 60 7
11 69 20
11 94 11
11 101 13
11 104 2
11 133 17
11 159 4
11 163 20
11 189 19
11 194 4
11 197 16
11 209 10
11 212 10
11 225 12
11 244 18
11 258 14
11 269 20
11 290 10
11 291 2
11 294 18
11 300 16
11 305 8
11 306 12
11 312 11
11 332 4
11 350 5
11 351 7
11 354 8
11 362 15
11 378 18
11 386 20
11 387 20
11 394 14
11 409 18
11 413 14
11 421 7
11 439 14
11 442 8
11 460 16
11 461 1
11 462 18
11 465 17
11 471 16
11 473 17
11 481 7
11 482 5
11 489 4
11 493 7
11 496 11
12 6 18
12 26 7
12 43 13
12 45 16
12 65 9
12 71 10
12 72 17
12 88 16
12 95 9
12 100 5
12 107 3
12 128 7
12 155 17
12 163 6
12 175 2
12 182 12
12 218 9
12 223 15
12 231 7
12 252 16
12 264 6
12 266 13
12 267 13
12 292 9
12 295 19
12 298 14
12 314 12
12 317 20
12 318 20
12 325 6
12 343 5
12 352 13
12 372 12
12 383 5
12 386 16
12 387 13
12 390 1
12 400 14
12 407 17
12 425 14
12 433 10
12 450 17
12 455 20
12 457 20
12 460 7
12 461 2
12 462 16
12 465 4
12 468 9
12 474 2
12 482 12
12 485 10
12 494 16
13 4 20
13 6 17
13 8 1
13 72 17
13 75 10
13 78 16
13 84 15
13 99 1
13 115 15
13 116 1
13 126 16
13 128 20
13 130 12
13 145 12
13 148 14
13 153 10
13 159 18
13 161 5
13 162 9
13 212 6
13 220 1
13 223 9
13 225 19
13 226 5
13 230 3
13 242 4
13 246 14
13 252 8
13 256 2
13 261 10
13 266 14
13 272 9
13 282 11
13 302 8
13 308 8
13 318 1
13 321 13
13 331 4
13 339 13
13 352 15
13 356 17
13 359 13
13 362 1
13 371 19
13 379 1
13 409 19
13 420 11
13 430 7
13 433 9
13 455 13
13 461 10
13 476 4
13 487 17
14 5 17
14 33 9
14 50 14
14 56 16
14 89 11
14 95 7
14 96 18
14 100 19
14 106 3
14 115 18
14 117 19
14 126 15
14 137 13
14 138 10
14 144 6
14 156 19
14 157 16
14 163 11
14 174 4
14 177 16
14 182 4
14 186 13
14 196 4
14 198 3
14 202 13
14 214 14
14 218 20
14 220 7
14 227 18
14 228 12
14 263 19
14 268 15
14 275 1
14 285 5
14 294 1
14 296 12
14 310 20
14 318 1
14 323 2
14 325 12
14 326 18
14 332 16
14 358 14
14 365 16
14 369 5
14 392 2
14 428 10
14 451 6
14 471 14
14 478 5
15 14 14
15 32 1
15 36 10
15 42 13
15 44 14
15 45 18
15 61 3
15 76 7
15 84 6
15 115 20
15 139 15
15 141 10
15 147 5
15 150 4
15 151 11
15 152 9
15 154 8
15 155 15
15 162 15
15 176 18
15 188 8
15 207 14
15 211 5
15 213 6
15 222 1
15 231 9
15 234 4
15 244 18
15 253 9
15 260 4
15 264 10
15 269 18
15 278 20
15 279 1
15 280 7
15 285 7
15 286 14
15 312 15
15 313 18
15 322 8
15 332 3
15 342 20
15 344 9
15 355 4
15 359 10
15 363 14
15 379 2
15 383 6
15 386 1
15 398 18
15 429 6
15 436 10
15 444 5
15 464 18
15 469 11
15 475 15
15 499 17
16 10 19
16 12 2
16 18 9
16 20 20
16 23 13
16 38 11
16 40 6
16 41 12
16 66 16
16 74 12
16 92 6
16 95 17
16 124 6
16 126 4
16 137 16
16 155 17
16 159 5
16 171 6
16 180 5
16 184 13
16 215 18
16 230 1
16 231 2
16 234 14
16 256 17
16 260 16
16 265 2
16 273 8
16 276 16
16 281 8
16 287 10
16 288 10
16 302 12
16 305 16
16 312 20
16 318 4
16 327 1
16 347 13
16 357 3
16 368 1
16 372 7
16 377 7
16 380 16
16 395 12
16 397 1
16 403 8
16 420 8
16 443 7
16 455 13
16 489 19
17 7 15
17 13 14
17 15 3
17 23 7
17 24 16
17 28 11
17 30 16
17 31 7
17 43 6
17 45 17
17 61 12
17 74 17
17 76 17
17 78 16
17 94 18
17 128 11
17 135 12
17 138 3
17 157 3
17 169 17
17 179 17
17 182 17
17 188 4
17 195 5
17 213 7
17 240 2
17 242 15
17 248 2
17 265 5
17 292 11
17 310 15
17 313 10
17 317 18
17 318 17
17 319 18
17 330 9
17 343 20
17 352 6
17 371 7
17 391 3
17 400 16
17 406 7
17 414 8
17 423 12
17 427 13
17 430 4
17 440 2
17 455 8
17 456 9
17 465 3
17 467 9
17 474 15
17 479 6
17 482 14
17 490 19
18 7 2
18 12 9
18 20 8
18 22 5
18 33 15
18 41 3
18 42 2
18 47 1
18 53 8
18 55 5
18 61 11
18 67 6
18 71 2
18 90 2
18 93 12
18 107 5
18 108 15
18 113 1
18 124 16
18 180 17
18 189 1
18 220 10
18 231 16
18 239 13
18 250 17
18 259 11
18 262 14
18 265 1
18 266 6
18 271 18
18 313 12
18 319 11
18 321 16
18 326 6
18 327 1
18 330 12
18 340 3
18 355 2
18 363 12
18 368 12
18 373 7
18 377 8
18 398 3
18 417 12
18 418 7
18 426 2
18 429 8
18 444 17
18 446 16
18 447 2
18 459 5
18 462 2
18 464 11
18 474 13
18 490 17
19 7 6
19 9 5
19 14 15
19 21 6
19 24 13
19 32 7
19 36 12
19 48 6
19 50 20
19 56 6
19 74 12
19 80 8
19 87 13
19 118 11
19 123 12
19 128 4
19 135 4
19 139 7
19 143 20
19 154 18
19 159 8
19 231 17
19 233 20
19 242 7
19 243 7
19 250 20
19 256 12
19 276 8
19 281 20
19 295 14
19 310 17
19 337 11
19 353 7
19 374 3
19 382 18
19 409 15
19 410 18
19 411 17
19 419 17
19 445 1
19 448 11
19 457 12
19 462 13
19 482 7
19 485 18
19 490 2
20 19 15
20 26 3
20 35 18
20 38 20
20 55 19
20 65 17
20 69 17
20 84 5
20 98 10
20 100 2
20 113 3
20 114 15
20 121 6
20 125 10
20 152 1
20 160 12
20 164 14
20 171 13
20 184 11
20 186 3
20 195 5
20 199 10
20 205 4
20 220 5
20 240 12
20 243 5
20 245 1
20 258 19
20 278 13
20 280 12
20 284 18
20 316 4
20 334 15
20 337 19
20 340 13
20 363 7
20 384 10
20 392 2
20 400 18
20 437 8
20 440 1
20 441 11
20 451 17
20 461 16
20 466 7
20 498 8
21 2 6
21 15 8
21 17 6
21 19 17
21 30 4
21 33 10
21 35 18
21 48 1
21 52 20
21 54 13
21 57 7
21 62 18
21 66 9
21 68 5
21 84 5
21 89 18
21 91 11
21 92 10
21 101 14
21 104 20
21 108 11
21 111 3
21 117 16
21 138 15
21 149 1
21 150 3
21 153 17
21 161 13
21 167 14
21 171 9
21 172 19
21 180 7
21 187 1
21 191 1
21 221 9
21 231 11
21 243 12
21 248 1
21 269 8
21 271 7
21 281 5
21 293 16
21 299 13
21 310 5
21 318 10
21 335 17
21 337 20
21 343 18
21 352 3
21 359 18
21 362 2
21 367 20
21 385 12
21 391 3
21 393 15
21 419 17
21 440 8
21 451 8
21 453 12
21 475 5
21 476 12
21 498 16
21 500 4
22 37 2
22 65 16
22 68 16
22 89 8
22 117 10
22 128 20
22 132 8
22 134 11
22 136 3
22 142 5
22 153 4
22 166 11
22 172 18
22 186 13
22 196 8
22 207 11
22 214 13
22 239 18
22 241 9
22 262 3
22 263 19
22 283 2
22 289 12
22 321 9
22 323 11
22 347 11
22 351 20
22 352 3
22 372 20
22 382 20
22 386 7
22 405 17
22 413 18
22 420 4
22 421 7
22 423 3
22 440 7
22 443 13
22 448 2
22 456 3
22 462 4
22 488 16
22 491 13
22 495 17
22 500 11
23 1 9
23 6 15
23 9 12
23 35 15
23 39 8
23 42 3
23 71 10
23 74 19
23 76 5
23 88 10
23 105 6
23 128 10
23 130 7
23 132 12
23 136 15
23 142 5
23 167 19
23 182 17
23 188 20
23 198 12
23 215 18
23 236 16
23 237 4
23 238 13
23 240 10
23 242 7
23 260 18
23 288 10
23 289 14
23 316 11
23 338 9
23 351 16
23 372 9
23 376 13
23 386 1
23 411 9
23 426 5
23 441 9
23 463 12
23 466 12
23 478 12
23 480 19
24 7 17
24 52 13
24 58 13
24 64 5
24 69 2
24 77 5
24 79 5
24 80 9
24 86 13
24 88 2
24 96 12
24 119 18
24 122 11
24 126 9
24 140 5
24 150 12
24 159 14
24 160 13
24 162 18
24 169 11
24 173 11
24 184 9
24 192 3
24 208 13
24 214 17
24 238 20
24 251 3
24 259 15
24 288 3
24 292 19
24 302 18
24 319 13
24 324 3
24 325 19
24 328 13
24 331 10
24 352 6
24 364 17
24 376 12
24 392 3
24 408 9
24 409 5
24 435 15
24 457 10
24 471 2
24 491 1
24 T 16
25 18 17
25 21 17
25 23 13
25 30 13
25 33 12
25 75 15
25 76 6
25 99 9
25 105 14
25 113 18
25 135 5
25 146 1
25 164 4
25 173 3
25 189 5
25 222 20
25 239 15
25 258 5
25 261 1
25 284 15
25 322 5
25 333 13
25 340 19
25 356 17
25 363 3
25 365 11
25 371 18
25 374 8
25 380 2
25 388 4
25 391 14
25 450 8
25 454 7
25 459 3
25 468 11
25 469 20
25 473 16
25 493 19
25 495 8
26 8 18
26 29 19
26 58 16
26 60 11
26 88 4
26 89 12
26 92 1
26 95 10
26 103 7
26 111 20
26 132 18
26 153 2
26 157 11
26 162 2
26 164 16
26 178 16
26 179 17
26 188 19
26 190 6
26 196 1
26 199 14
26 204 6
26 220 4
26 222 11
26 240 18
26 242 12
26 265 17
26 279 5
26 280 4
26 289 1
26 292 2
26 294 16
26 322 5
26 325 15
26 337 20
26 345 3
26 347 11
26 355 19
26 367 8
26 371 8
26 377 10
26 380 6
26 390 11
26 397 4
26 402 9
26 405 19
26 413 5
26 422 9
26 431 5
26 448 4
26 461 10
26 463 6
26 465 16
27 14 11
27 20 11
27 29 15
27 36 15
27 38 18
27 43 1
27 60 13
27 68 17
27 88 12
27 115 20
27 119 10
27 134 12
27 164 4
27 202 7
27 216 1
27 220 4
27 231 16
27 235 2
27 245 10
27 249 3
27 256 5
27 267 7
27 278 5
27 292 5
27 316 20
27 325 7
27 340 19
27 341 14
27 349 5
27 354 3
27 357 2
27 361 11
27 364 3
27 365 9
27 372 20
27 374 10
27 377 9
27 378 19
27 393 15
27 410 8
27 422 2
27 424 18
27 429 7
27 437 12
27 446 14
27 450 8
27 455 11
27 456 20
27 457 8
27 461 5
27 463 7
27 493 6
28 6 1
28 7 2
28 32 18
28 47 5
28 52 14
28 56 17
28 60 4
28 62 6
28 64 17
28 73 2
28 90 18
28 98 14
28 107 15
28 110 5
28 121 11
28 134 10
28 138 8
28 139 14
28 156 17
28 162 14
28 173 16
28 182 18
28 187 11
28 190 7
28 195 11
28 217 7
28 221 4
28 234 3
28 255 20
28 256 12
28 300 8
28 310 5
28 322 8
28 325 9
28 331 3
28 341 7
28 352 2
28 375 11
28 396 9
28 403 11
28 408 11
28 427 5
28 443 1
28 454 12
28 457 18
28 461 16
28 480 9
28 494 18
29 8 1
29 31 3
29 37 15
29 41 14
29 70 18
29 80 13
29 83 20
29 84 11
29 97 5
29 106 13
29 114 5
29 115 7
29 117 2
29 132 3
29 133 2
29 150 15
29 177 18
29 181 19
29 183 4
29 188 3
29 191 10
29 202 14
29 203 14
29 216 18
29 220 20
29 230 13
29 238 8
29 241 2
29 254 3
29 264 14
29 276 12
29 280 1
29 301 15
29 305 12
29 307 18
29 310 11
29 330 11
29 346 14
29 347 5
29 350 4
29 361 7
29 380 7
29 383 11
29 395 14
29 397 13
29 409 5
29 439 4
29 448 17
29 459 6
29 493 14
30 7 15
30 8 20
30 19 7
30 45 4
30 48 19
30 56 12
30 60 16
30 64 11
30 68 12
30 83 11
30 86 8
30 87 13
30 100 12
30 101 1
30 136 10
30 141 14
30 143 9
30 150 8
30 157 3
30 159 17
30 162 15
30 163 3
30 191 3
30 203 6
30 227 2
30 233 18
30 241 8
30 255 15
30 267 17
30 273 16
30 278 6
30 290 9
30 311 1
30 320 3
30 325 4
30 338 13
30 344 7
30 349 18
30 359 13
30 363 1
30 396 6
30 403 20
30 408 13
30 411 18
30 420 7
30 429 6
30 440 10
30 455 16
30 456 7
30 460 1
30 461 5
30 477 20
30 495 5
30 500 1
31 6 3
31 9 15
31 14 3
31 22 13
31 29 7
31 30 7
31 34 4
31 35 15
31 59 14
31 79 16
31 90 1
31 94 12
31 102 12
31 106 19
31 114 1
31 122 2
31 129 19
31 137 5
31 141 12
31 169 16
31 183 6
31 186 14
31 193 19
31 199 16
31 244 16
31 250 12
31 276 17
31 277 18
31 278 18
31 288 3
31 299 11
31 311 9
31 315 10
31 327 2
31 332 19
31 334 4
31 358 5
31 391 1
31 407 12
31 417 16
31 432 6
31 433 13
31 446 13
31 449 1
31 466 3
31 477 19
32 2 18
32 5 8
32 8 3
32 17 2
32 48 16
32 70 8
32 84 20
32 116 13
32 142 15
32 144 2
32 150 17
32 165 20
32 166 10
32 180 19
32 184 14
32 199 17
32 241 9
32 242 5
32 263 1
32 265 13
32 266 6
32 278 19
32 284 6
32 288 16
32 302 9
32 340 5
32 349 9
32 357 1
32 373 16
32 390 4
32 393 4
32 411 16
32 432 13
32 434 14
32 453 6
32 491 2
32 495 6
32 496 14
32 499 16
33 13 13
33 21 9
33 37 13
33 40 6
33 56 16
33 72 19
33 80 4
33 91 5
33 94 18
33 96 5
33 129 2
33 134 4
33 153 19
33 160 11
33 181 18
33 211 11
33 214 7
33 217 9
33 220 10
33 240 20
33 292 20
33 312 10
33 330 4
33 335 14
33 341 6
33 351 7
33 360 17
33 369 4
33 381 11
33 390 19
33 414 19
33 416 1
33 419 3
33 437 6
33 446 13
33 455 14
33 468 5
33 470 12
33 485 2
34 2 10
34 35 12
34 46 17
34 70 17
34 75 10
34 83 15
34 84 19
34 91 3
34 94 11
34 97 1
34 99 13
34 107 7
34 124 13
34 136 1
34 151 5
34 153 20
34 154 14
34 166 16
34 175 1
34 182 12
34 199 9
34 202 13
34 214 8
34 240 13
34 276 1
34 287 11
34 294 17
34 341 5
34 345 4
34 348 5
34 353 15
34 355 15
34 358 4
34 366 11
34 380 12
34 391 7
34 394 15
34 409 14
34 411 11
34 419 9
34 423 19
34 424 8
34 432 12
34 444 14
34 448 2
34 450 20
34 457 15
34 463 8
34 464 9
34 472 1
34 490 17
35 6 2
35 21 9
35 31 13
35 32 13
35 51 3
35 61 15
35 63 18
35 64 3
35 70 6
35 78 5
35 80 13
35 106 2
35 132 7
35 137 16
35 139 3
35 160 9
35 163 6
35 172 15
35 181 19
35 195 12
35 198 16
35 206 3
35 210 3
35 233 14
35 235 13
35 241 17
35 251 17
35 266 19
35 284 17
35 293 13
35 298 16
35 311 3
35 332 17
35 343 8
35 345 4
35 347 12
35 362 19
35 372 20
35 378 12
35 382 4
35 403 5
35 407 15
35 434 16
35 454 15
35 461 7
35 463 19
35 478 3
35 480 13
36 8 18
36 44 1
36 50 6
36 53 10
36 62 18
36 79 5
36 96 13
36 103 20
36 128 19
36 135 13
36 147 17
36 156 4
36 173 8
36 175 9
36 176 15
36 184 7
36 190 17
36 193 8
36 204 11
36 220 5
36 222 19
36 232 12
36 241 7
36 255 13
36 269 9
36 274 3
36 286 6
36 305 13
36 315 8
36 322 15
36 325 17
36 327 1
36 333 18
36 341 20
36 364 17
36 371 19
36 375 1
36 390 1
36 391 19
36 409 18
36 413 18
36 416 4
36 439 14
36 440 9
36 442 7
36 456 16
36 460 2
36 464 7
36 478 5
37 13 9
37 30 15
37 32 10
37 34 4
37 48 2
37 56 12
37 64 9
37 71 2
37 73 18
37 76 4
37 98 16
37 112 6
37 143 16
37 145 11
37 147 18
37 160 10
37 170 17
37 171 17
37 180 4
37 184 6
37 190 7
37 196 2
37 206 14
37 214 20
37 231 10
37 234 10
37 246 14
37 259 3
37 271 12
37 273 10
37 274 12
37 284 19
37 288 10
37 289 18
37 297 9
37 299 17
37 307 8
37 334 14
37 336 18
37 342 13
37 348 9
37 350 4
37 368 9
37 370 7
37 371 2
37 373 18
37 379 18
37 402 11
37 406 8
37 416 10
37 425 10
37 428 11
37 446 6
37 484 13
37 487 4
37 491 9
37 T 8
38 11 19
38 22 13
38 24 17
38 25 13
38 28 18
38 32 10
38 43 1
38 46 2
38 52 11
38 58 16
38 68 6
38 71 18
38 76 17
38 80 16
38 83 14
38 96 17
38 118 19
38 121 5
38 134 20
38 150 12
38 156 11
38 188 17
38 207 16
38 214 1
38 228 14
38 241 15
38 255 4
38 262 12
38 289 2
38 293 5
38 296 18
38 299 6
38 313 5
38 319 15
38 322 12
38 327 18
38 333 19
38 340 19
38 348 12
38 352 20
38 366 18
38 371 10
38 399 14
38 409 9
38 410 17
38 412 18
38 417 8
38 437 17
38 461 9
38 469 6
38 480 15
38 489 13
39 21 11
39 26 19
39 45 2
39 54 10
39 60 18
39 75 19
39 84 3
39 87 9
39 96 6
39 119 18
39 120 17
39 123 4
39 157 19
39 158 3
39 159 3
39 167 8
39 173 20
39 178 20
39 181 5
39 182 18
39 185 7
39 216 13
39 218 17
39 223 20
39 224 4
39 225 9
39 245 18
39 253 8
39 271 20
39 273 14
39 281 20
39 282 14
39 288 6
39 302 18
39 311 1
39 315 12
39 316 4
39 319 10
39 320 13
39 336 12
39 338 6
39 346 13
39 358 10
39 359 2
39 360 9
39 393 19
39 405 2
39 430 8
39 442 19
39 457 16
39 469 10
39 476 14
39 484 4
40 29 4
40 39 20
40 61 13
40 79 20
40 82 17
40 86 16
40 88 1
40 97 14
40 133 19
40 137 1
40 166 7
40 185 14
40 206 20
40 224 6
40 235 2
40 243 3
40 245 9
40 248 19
40 249 11
40 250 3
40 257 12
40 284 17
40 301 20
40 306 14
40 321 6
40 339 9
40 355 7
40 359 17
40 363 2
40 367 12
40 368 4
40 373 12
40 388 11
40 395 6
40 414 12
40 419 9
40 436 11
40 441 8
40 465 4
40 468 11
40 473 14
40 482 4
41 4 10
41 8 18
41 9 10
41 11 3
41 22 7
41 46 20
41 58 14
41 67 14
41 76 17
41 103 4
41 115 9
41 122 3
41 128 1
41 134 2
41 149 2
41 155 19
41 179 2
41 184 17
41 194 6
41 214 1
41 226 9
41 245 8
41 253 6
41 257 20
41 258 1
41 265 19
41 290 1
41 297 10
41 301 18
41 311 14
41 322 2
41 337 15
41 340 15
41 347 12
41 348 13
41 353 14
41 388 1
41 393 1
41 435 4
41 447 8
41 454 16
41 462 20
41 470 6
41 482 16
41 497 11
42 6 12
42 31 1
42 38 4
42 43 19
42 69 14
42 75 15
42 88 11
42 89 12
42 113 2
42 126 4
42 134 13
42 150 7
42 154 12
42 165 9
42 183 14
42 193 10
42 200 2
42 212 13
42 220 18
42 234 6
42 240 13
42 244 3
42 262 1
42 263 8
42 267 2
42 288 12
42 289 8
42 292 7
42 302 1
42 303 1
42 340 13
42 342 7
42 345 10
42 367 13
42 374 7
42 377 5
42 378 2
42 386 7
42 390 7
42 401 13
42 418 15
42 443 20
42 454 3
42 463 10
42 471 11
42 477 12
42 482 20
43 3 8
43 75 9
43 87 12
43 90 12
43 96 6
43 97 14
43 101 4
43 107 7
43 119 17
43 121 16
43 134 1
43 140 13
43 146 16
43 160 1
43 166 8
43 170 17
43 174 3
43 183 13
43 185 12
43 193 6
43 225 8
43 226 15
43 242 15
43 268 9
43 274 1
43 288 13
43 289 18
43 303 13
43 310 13
43 313 6
43 314 8
43 319 19
43 332 19
43 377 2
43 427 14
43 428 18
43 436 2
43 451 5
43 465 11
43 476 10
43 483 18
43 489 5
43 490 18
44 29 15
44 31 7
44 34 8
44 58 15
44 66 15
44 77 9
44 82 4
44 87 16
44 90 13
44 93 6
44 100 9
44 114 11
44 124 4
44 141 17
44 144 14
44 151 5
44 180 14
44 230 18
44 242 11
44 253 3
44 308 3
44 309 17
44 317 9
44 324 1
44 326 1
44 333 20
44 349 17
44 354 19
44 358 9
44 360 16
44 374 12
44 376 9
44 382 4
44 385 1
44 392 9
44 397 10
44 398 19
44 404 2
44 419 11
44 430 5
44 450 18
44 451 13
44 456 17
44 476 17
44 489 5
45 16 5
45 18 12
45 19 2
45 32 11
45 57 6
45 65 8
45 68 6
45 89 14
45 95 10
45 112 3
45 114 1
45 115 17
45 119 5
45 123 11
45 130 13
45 141 18
45 145 7
45 159 10
45 175 12
45 178 3
45 203 14
45 205 11
45 210 16
45 217 13
45 225 4
45 259 15
45 293 17
45 313 10
45 317 4
45 321 18
45 331 18
45 348 4
45 357 15
45 359 17
45 364 19
45 372 12
45 378 16
45 395 13
45 400 4
45 411 11
45 418 10
45 423 13
45 424 10
45 430 9
45 432 1
45 444 19
45 449 18
45 460 8
45 461 10
45 465 2
45 467 8
45 476 3
45 478 3
45 481 3
45 482 9
45 487 14
45 490 14
45 499 14
46 4 18
46 6 11
46 19 14
46 31 8
46 51 10
46 58 16
46 95 1
46 100 8
46 120 15
46 142 14
46 151 3
46 159 16
46 160 7
46 167 5
46 221 17
46 228 19
46 231 14
46 246 12
46 256 5
46 257 18
46 262 2
46 296 8
46 312 7
46 350 16
46 361 13
46 366 14
46 388 7
46 402 14
46 403 2
46 413 6
46 420 15
46 432 19
46 434 6
46 440 11
46 442 4
46 458 14
46 463 4
46 468 12
46 491 1
46 499 15
47 3 15
47 32 1
47 55 13
47 60 3
47 62 20
47 71 14
47 74 2
47 113 4
47 134 13
47 154 1
47 156 9
47 157 7
47 159 15
47 168 11
47 174 19
47 187 16
47 203 14
47 234 19
47 237 12
47 244 11
47 255 5
47 280 19
47 281 14
47 297 7
47 300 18
47 312 11
47 320 13
47 321 3
47 340 1
47 347 19
47 364 6
47 369 9
47 378 2
47 386 15
47 388 18
47 393 12
47 410 20
47 419 1
47 422 1
47 423 9
47 426 1
47 428 9
47 444 2
47 445 5
47 446 3
47 451 1
47 453 2
47 500 15
48 2 5
48 10 18
48 21 10
48 36 6
48 46 6
48 52 10
48 53 20
48 59 5
48 76 13
48 82 19
48 84 15
48 86 20
48 101 8
48 108 9
48 109 17
48 138 6
48 139 6
48 145 19
48 154 18
48 155 17
48 161 8
48 165 1
48 186 11
48 190 10
48 192 15
48 198 13
48 207 10
48 210 17
48 223 16
48 233 15
48 254 16
48 260 18
48 261 3
48 271 10
48 290 17
48 300 19
48 309 11
48 344 5
48 348 11
48 349 3
48 350 14
48 358 9
48 360 18
48 365 15
48 367 11
48 374 15
48 385 1
48 407 5
48 413 8
48 448 14
48 472 15
48 477 4
48 493 5
48 T 9
49 1 17
49 10 15
49 17 6
49 23 9
49 33 15
49 45 7
49 61 14
49 79 17
49 82 5
49 83 5
49 94 11
49 109 10
49 113 7
49 115 11
49 119 20
49 123 14
49 126 20
49 138 15
49 151 2
49 154 11
49 159 3
49 186 9
49 235 1
49 251 18
49 257 1
49 265 20
49 285 19
49 292 3
49 297 18
49 303 6
49 310 20
49 321 6
49 327 11
49 329 9
49 333 16
49 334 13
49 346 18
49 349 7
49 368 19
49 379 8
49 387 13
49 394 9
49 406 16
49 410 19
49 419 15
49 432 2
49 433 12
49 436 18
49 451 8
49 463 11
49 478 18
49 483 2
50 12 20
50 20 5
50 49 8
50 51 11
50 57 12
50 90 19
50 104 15
50 132 19
50 135 16
50 140 20
50 151 1
50 180 3
50 190 19
50 200 11
50 210 1
50 213 7
50 224 17
50 233 14
50 234 18
50 237 16
50 253 14
50 262 8
50 282 17
50 291 17
50 292 10
50 320 16
50 322 10
50 326 3
50 344 20
50 345 13
50 350 14
50 371 3
50 420 20
50 426 16
50 435 14
50 436 13
50 445 4
50 463 20
50 464 7
50 482 19
50 485 17
50 492 12
51 4 11
51 10 16
51 32 5
51 33 18
51 37 10
51 39 12
51 41 6
51 45 2
51 54 7
51 56 6
51 65 6
51 77 12
51 82 14
51 89 8
51 100 10
51 109 14
51 126 13
51 162 15
51 163 17
51 190 4
51 195 8
51 196 20
51 205 14
51 211 8
51 218 8
51 220 14
51 223 5
51 226 15
51 231 6
51 245 9
51 266 13
51 272 7
51 282 3
51 295 13
51 300 9
51 317 2
51 318 7
51 319 11
51 331 18
51 336 1
51 370 4
51 372 4
51 377 12
51 387 8
51 397 15
51 400 6
51 429 17
51 437 17
51 442 10
51 445 17
51 448 14
51 496 14
52 6 3
52 10 3
52 28 20
52 40 5
52 49 1
52 73 20
52 86 13
52 95 1
52 126 15
52 155 6
52 156 6
52 158 8
52 219 12
52 236 2
52 241 20
52 246 3
52 248 14
52 250 17
52 254 12
52 260 5
52 261 13
52 293 5
52 311 16
52 345 18
52 354 9
52 367 5
52 371 15
52 384 2
52 385 12
52 403 12
52 409 19
52 413 19
52 430 17
52 433 9
52 440 10
52 442 15
52 453 12
52 459 19
52 483 20
52 484 7
52 489 10
52 500 8
53 16 9
53 26 12
53 27 12
53 28 12
53 42 19
53 49 6
53 57 16
53 68 16
53 77 8
53 95 10
53 98 11
53 100 16
53 107 17
53 108 10
53 119 16
53 121 20
53 136 11
53 145 14
53 148 4
53 177 4
53 191 19
53 192 1
53 216 18
53 220 2
53 235 4
53 253 19
53 259 12
53 268 6
53 270 6
53 294 13
53 295 17
53 318 9
53 335 9
53 354 15
53 372 10
53 381 8
53 388 19
53 413 4
53 416 9
53 419 17
53 423 9
53 425 4
53 441 20
53 466 11
53 467 20
53 470 14
53 477 18
53 496 18
53 499 6
54 10 1
54 21 3
54 22 9
54 43 16
54 61 3
54 65 3
54 74 9
54 78 14
54 81 19
54 94 1
54 111 2
54 112 18
54 129 13
54 134 5
54 135 17
54 138 11
54 145 6
54 148 8
54 155 4
54 178 3
54 187 2
54 195 19
54 200 10
54 210 12
54 228 19
54 231 8
54 235 1
54 236 17
54 253 9
54 279 18
54 293 3
54 296 16
54 303 11
54 312 10
54 325 6
54 336 12
54 364 19
54 401 14
54 403 4
54 449 13
54 455 2
54 467 1
54 474 16
54 488 2
54 491 13
54 494 10
55 4 3
55 15 9
55 27 19
55 28 10
55 49 3
55 59 1
55 61 2
55 70 19
55 74 14
55 82 8
55 104 12
55 105 10
55 114 5
55 128 10
55 130 11
55 163 13
55 173 3
55 180 19
55 193 17
55 194 2
55 198 7
55 233 6
55 236 5
55 241 20
55 246 3
55 255 16
55 258 2
55 260 3
55 263 5
55 271 2
55 277 17
55 281 10
55 284 7
55 290 5
55 300 20
55 311 4
55 316 3
55 324 13
55 325 6
55 330 20
55 347 11
55 350 3
55 354 15
55 369 1
55 382 13
55 383 6
55 387 1
55 392 11
55 400 17
55 402 15
55 409 14
55 420 4
55 445 18
55 446 5
55 449 3
55 452 3
55 453 16
55 461 10
55 486 11
56 4 18
56 15 16
56 21 13
56 55 16
56 65 20
56 66 11
56 74 1
56 94 9
56 110 8
56 112 15
56 116 8
56 124 6
56 134 3
56 145 3
56 153 15
56 155 18
56 156 10
56 159 8
56 181 14
56 234 13
56 236 12
56 241 15
56 247 20
56 251 5
56 260 16
56 263 11
56 267 14
56 275 13
56 292 14
56 317 7
56 320 1
56 322 11
56 367 9
56 377 13
56 382 10
56 389 12
56 391 7
56 419 14
56 422 3
56 423 10
56 424 10
56 428 2
56 436 16
56 470 8
57 5 20
57 10 3
57 22 5
57 33 20
57 43 13
57 52 13
57 55 16
57 59 14
57 63 15
57 69 16
57 71 7
57 77 6
57 84 20
57 86 4
57 95 9
57 112 1
57 114 18
57 135 4
57 138 3
57 141 4
57 150 7
57 153 18
57 154 12
57 157 20
57 173 5
57 179 2
57 182 7
57 187 18
57 221 13
57 224 18
57 227 5
57 229 9
57 248 20
57 251 14
57 255 19
57 265 11
57 280 19
57 290 3
57 293 17
57 304 18
57 307 1
57 313 3
57 330 18
57 340 15
57 348 11
57 355 13
57 360 6
57 368 10
57 372 7
57 375 11
57 376 13
57 389 11
57 392 15
57 404 11
57 442 16
57 456 15
57 461 18
57 466 18
57 476 10
57 492 2
57 494 17
57 498 17
57 500 3
58 11 10
58 33 20
58 40 7
58 49 7
58 60 14
58 61 16
58 76 12
58 94 14
58 104 20
58 121 8
58 126 10
58 130 10
58 140 17
58 158 16
58 182 13
58 191 10
58 195 1
58 203 6
58 211 11
58 220 1
58 221 11
58 222 7
58 234 1
58 242 20
58 245 16
58 258 10
58 263 4
58 292 5
58 313 16
58 321 10
58 343 15
58 344 18
58 345 12
58 347 2
58 374 7
58 406 4
58 416 5
58 417 17
58 423 3
58 436 1
58 439 14
58 441 14
58 449 1
58 464 14
58 466 20
58 474 18
58 477 18
58 493 18
58 498 19
58 T 17
59 21 13
59 32 14
59 48 11
59 68 18
59 73 1
59 92 4
59 94 16
59 100 15
59 106 5
59 123 17
59 138 3
59 145 10
59 147 8
59 176 5
59 192 8
59 201 14
59 224 12
59 252 7
59 263 9
59 273 6
59 280 14
59 288 14
59 295 20
59 300 7
59 312 20
59 365 7
59 373 18
59 374 4
59 375 15
59 378 3
59 380 11
59 383 12
59 388 9
59 393 11
59 402 16
59 412 11
59 429 9
59 452 7
59 490 18
59 497 12
60 1 12
60 2 16
60 5 17
60 17 3
60 33 2
60 37 11
60 47 1
60 63 14
60 68 10
60 73 3
60 79 6
60 85 14
60 87 8
60 106 15
60 120 19
60 134 13
60 137 8
60 147 12
60 149 1
60 151 17
60 156 19
60 181 8
60 183 12
60 184 13
60 186 20
60 189 3
60 200 13
60 205 10
60 229 5
60 250 15
60 267 18
60 268 7
60 282 7
60 295 16
60 298 11
60 306 1
60 321 15
60 325 2
60 329 10
60 337 6
60 343 12
60 354 9
60 360 11
60 363 6
60 368 16
60 375 19
60 384 16
60 395 13
60 410 3
60 468 1
60 473 12
60 488 6
61 20 15
61 23 6
61 35 19
61 41 14
61 55 18
61 77 1
61 80 6
61 88 4
61 91 13
61 93 1
61 101 2
61 117 11
61 151 20
61 157 14
61 182 19
61 186 15
61 195 9
61 206 13
61 210 19
61 214 4
61 230 4
61 258 6
61 273 9
61 277 9
61 285 10
61 287 2
61 301 1
61 303 12
61 315 13
61 356 14
61 361 11
61 384 9
61 397 10
61 401 8
61 432 8
61 433 2
61 437 4
61 468 3
61 470 11
61 493 13
61 496 8
61 497 14
61 T 4
62 2 9
62 3 15
62 5 20
62 43 7
62 48 10
62 56 3
62 63 9
62 71 12
62 77 7
62 90 19
62 116 16
62 117 4
62 130 4
62 131 2
62 132 6
62 135 7
62 145 8
62 150 7
62 166 18
62 208 16
62 211 12
62 216 12
62 221 7
62 239 15
62 244 9
62 247 14
62 248 3
62 253 5
62 256 9
62 269 6
62 270 3
62 272 15
62 283 3
62 295 10
62 298 13
62 303 9
62 308 4
62 312 20
62 314 17
62 331 1
62 335 19
62 337 15
62 342 3
62 346 5
62 362 8
62 366 2
62 368 7
62 381 17
62 399 18
62 434 2
62 457 17
62 460 3
62 469 10
62 473 15
62 475 1
62 483 5
62 484 16
62 487 19
63 6 14
63 24 16
63 25 15
63 42 1
63 44 12
63 50 7
63 51 1
63 65 10
63 105 1
63 119 6
63 120 19
63 124 6
63 127 17
63 129 15
63 170 5
63 171 4
63 174 6
63 177 12
63 185 9
63 192 4
63 199 19
63 202 12
63 224 6
63 244 7
63 254 1
63 256 13
63 264 11
63 270 17
63 308 9
63 310 11
63 314 4
63 315 14
63 326 4
63 342 10
63 343 6
63 348 19
63 354 8
63 385 15
63 389 20
63 395 10
63 417 1
63 438 17
63 454 3
63 458 8
63 464 6
63 465 14
63 469 9
63 471 18
63 472 17
63 486 18
63 500 17
64 29 8
64 37 11
64 39 19
64 40 7
64 46 2
64 49 12
64 65 11
64 87 3
64 91 5
64 120 2
64 122 18
64 125 5
64 129 11
64 136 10
64 165 7
64 168 4
64 176 13
64 178 6
64 183 18
64 186 15
64 199 15
64 202 16
64 203 4
64 204 11
64 216 17
64 222 4
64 223 4
64 224 20
64 228 12
64 240 11
64 258 2
64 264 3
64 276 6
64 284 17
64 291 10
64 316 20
64 318 10
64 322 12
64 323 7
64 331 7
64 348 15
64 350 9
64 365 10
64 380 2
64 381 1
64 386 14
64 408 12
64 412 10
64 413 8
64 414 20
64 417 17
64 422 11
64 448 4
64 451 17
64 455 13
64 478 11
64 480 7
64 T 2
65 34 7
65 48 8
65 58 11
65 73 18
65 75 14
65 154 8
65 156 7
65 163 20
65 166 14
65 168 17
65 174 19
65 188 17
65 191 4
65 199 17
65 202 14
65 204 17
65 223 3
65 235 13
65 267 5
65 271 15
65 272 15
65 303 9
65 304 12
65 308 18
65 312 2
65 313 20
65 333 10
65 336 18
65 340 14
65 344 20
65 358 19
65 362 18
65 372 4
65 374 15
65 379 10
65 386 15
65 413 6
65 422 18
65 427 2
65 456 6
65 462 3
65 467 11
65 495 20
66 1 7
66 7 18
66 21 20
66 22 9
66 23 12
66 42 3
66 46 3
66 47 13
66 48 14
66 65 1
66 73 20
66 111 8
66 112 10
66 129 3
66 136 1
66 147 1
66 150 4
66 167 6
66 174 6
66 189 19
66 190 2
66 207 1
66 233 9
66 240 8
66 244 14
66 261 7
66 265 3
66 279 3
66 281 13
66 290 12
66 300 16
66 309 16
66 325 6
66 333 6
66 337 11
66 360 13
66 380 6
66 388 13
66 397 5
66 417 6
66 418 20
66 433 2
66 435 17
66 442 2
66 445 19
66 456 15
66 458 17
66 462 3
66 465 14
66 469 14
66 470 9
66 476 14
66 478 7
66 479 6
66 489 2
66 493 16
67 1 2
67 5 4
67 10 9
67 15 19
67 27 13
67 28 8
67 58 8
67 62 3
67 68 16
67 70 13
67 73 20
67 81 2
67 85 15
67 130 2
67 143 14
67 145 6
67 148 15
67 166 9
67 173 1
67 184 13
67 189 19
67 196 14
67 198 8
67 216 2
67 221 19
67 226 3
67 239 3
67 249 4
67 252 20
67 266 3
67 303 5
67 315 8
67 334 15
67 363 14
67 370 17
67 379 2
67 389 6
67 396 6
67 406 18
67 409 18
67 417 18
67 422 8
67 427 15
67 446 5
67 454 18
67 462 11
67 469 5
67 474 15
67 485 14
67 493 18
67 497 10
68 1 5
68 3 17
68 8 9
68 14 10
68 31 8
68 32 9
68 35 9
68 45 8
68 54 5
68 59 5
68 100 11
68 106 20
68 124 1
68 130 17
68 141 6
68 164 19
68 170 11
68 176 14
68 188 14
68 218 2
68 222 11
68 226 2
68 242 12
68 243 6
68 244 3
68 255 19
68 256 8
68 258 5
68 279 20
68 292 17
68 298 20
68 299 9
68 310 10
68 312 7
68 317 1
68 319 19
68 321 11
68 322 4
68 324 13
68 325 11
68 335 15
68 338 7
68 345 18
68 369 8
68 372 10
68 378 20
68 389 14
68 393 5
68 443 17
68 462 19
68 465 5
68 467 1
68 469 20
68 478 14
69 6 10
69 18 4
69 28 9
69 41 5
69 57 19
69 64 11
69 88 3
69 131 9
69 133 11
69 144 18
69 155 15
69 159 8
69 161 7
69 178 15
69 191 1
69 210 7
69 218 16
69 223 8
69 232 6
69 236 19
69 240 8
69 245 1
69 256 7
69 283 10
69 285 11
69 288 6
69 293 6
69 310 12
69 328 6
69 330 20
69 332 15
69 348 9
69 354 18
69 365 1
69 369 13
69 414 13
69 449 2
69 469 17
69 478 7
69 482 16
70 7 5
70 17 4
70 24 12
70 37 16
70 42 11
70 46 12
70 57 20
70 62 2
70 71 11
70 74 9
70 78 13
70 93 19
70 101 17
70 107 11
70 109 5
70 110 20
70 116 8
70 123 5
70 155 9
70 157 19
70 175 1
70 181 1
70 193 10
70 204 1
70 209 15
70 217 7
70 226 19
70 248 8
70 305 18
70 314 18
70 317 16
70 320 6
70 321 19
70 322 12
70 334 20
70 337 14
70 340 4
70 342 15
70 363 16
70 379 6
70 380 12
70 390 19
70 408 10
70 415 16
70 441 20
70 455 1
70 456 12
70 467 12
70 478 9
70 483 16
70 484 8
70 486 17
71 1 6
71 2 13
71 6 11
71 19 15
71 21 5
71 39 18
71 75 19
71 87 3
71 103 17
71 111 2
71 128 17
71 152 4
71 176 1
71 184 6
71 208 19
71 216 8
71 217 7
71 222 16
71 225 3
71 227 5
71 228 20
71 244 12
71 247 6
71 252 1
71 270 6
71 275 6
71 291 3
71 298 14
71 301 11
71 310 5
71 324 1
71 334 5
71 341 15
71 343 2
71 344 19
71 365 15
71 366 7
71 374 10
71 378 9
71 389 10
71 408 3
71 415 10
71 424 19
71 432 20
71 434 1
71 439 10
71 468 19
71 480 3
71 498 19
72 15 18
72 18 11
72 28 9
72 29 6
72 37 14
72 66 10
72 76 7
72 88 6
72 90 14
72 98 20
72 101 8
72 134 3
72 156 5
72 157 10
72 159 18
72 161 11
72 178 12
72 239 18
72 242 16
72 243 6
72 250 11
72 257 13
72 259 20
72 268 11
72 269 16
72 272 13
72 285 1
72 288 2
72 301 14
72 313 15
72 320 10
72 341 4
72 346 13
72 348 14
72 350 19
72 354 10
72 360 11
72 367 1
72 375 13
72 378 15
72 387 13
72 396 20
72 401 5
72 409 15
72 416 10
72 425 12
72 431 5
72 435 8
72 443 20
72 456 9
72 460 16
72 464 11
72 473 19
72 480 6
72 481 7
72 483 6
73 7 17
73 27 8
73 32 12
73 33 8
73 38 6
73 52 19
73 65 5
73 70 3
73 83 5
73 93 8
73 96 15
73 106 6
73 119 9
73 124 15
73 127 2
73 135 13
73 140 2
73 145 9
73 168 14
73 169 11
73 170 11
73 172 17
73 177 7
73 185 13
73 196 13
73 203 5
73 212 16
73 232 4
73 233 8
73 240 12
73 278 19
73 279 7
73 284 20
73 295 5
73 317 20
73 347 11
73 375 5
73 388 10
73 389 4
73 397 19
73 404 16
73 446 7
73 447 20
73 460 9
73 463 16
73 484 3
73 486 19
73 498 14
74 6 5
74 21 5
74 28 1
74 33 7
74 34 5
74 41 15
74 43 1
74 45 17
74 47 8
74 51 10
74 57 16
74 65 15
74 69 15
74 76 14
74 87 17
74 91 12
74 95 8
74 98 7
74 101 17
74 125 12
74 137 17
74 142 14
74 144 5
74 146 7
74 171 2
74 174 1
74 220 3
74 222 14
74 230 4
74 232 17
74 246 4
74 270 16
74 301 3
74 319 16
74 327 1
74 345 14
74 358 20
74 378 6
74 381 11
74 382 1
74 408 6
74 413 12
74 414 17
74 425 19
74 448 16
74 450 2
74 453 1
74 466 14
74 487 5
74 493 10
75 2 3
75 8 16
75 50 2
75 51 1
75 52 12
75 59 17
75 65 19
75 68 6
75 90 1
75 98 15
75 100 12
75 116 14
75 125 18
75 129 12
75 130 19
75 151 18
75 176 6
75 177 15
75 183 11
75 187 4
75 193 15
75 205 15
75 209 16
75 220 11
75 221 6
75 222 12
75 227 7
75 231 16
75 264 9
75 293 1
75 296 2
75 308 1
75 327 12
75 340 6
75 344 1
75 353 9
75 363 10
75 365 8
75 370 2
75 418 12
75 420 18
75 425 1
75 471 13
75 474 7
75 477 3
75 481 13
75 488 15
75 497 6
76 3 17
76 4 2
76 11 16
76 23 20
76 33 10
76 44 6
76 72 3
76 87 20
76 106 4
76 108 4
76 111 6
76 132 11
76 140 2
76 141 4
76 142 6
76 145 14
76 167 11
76 184 7
76 214 7
76 217 10
76 222 5
76 224 5
76 227 14
76 239 17
76 262 5
76 268 15
76 271 10
76 274 12
76 277 2
76 293 3
76 296 1
76 300 17
76 301 10
76 302 16
76 313 20
76 330 20
76 332 20
76 333 14
76 347 2
76 350 2
76 352 16
76 384 7
76 386 4
76 390 13
76 399 20
76 411 16
76 416 14
76 418 12
76 424 8
76 428 8
76 429 11
76 434 16
76 459 13
76 476 17
77 4 8
77 11 8
77 12 17
77 15 8
77 17 2
77 48 15
77 74 4
77 78 11
77 80 16
77 83 19
77 96 8
77 115 3
77 124 17
77 129 9
77 149 8
77 153 12
77 160 12
77 169 2
77 182 17
77 188 14
77 197 2
77 227 9
77 234 15
77 235 17
77 236 20
77 238 4
77 251 3
77 263 4
77 284 16
77 295 5
77 309 4
77 310 4
77 319 13
77 333 16
77 336 2
77 344 12
77 355 16
77 362 14
77 363 19
77 389 8
77 391 20
77 402 14
77 407 10
77 411 12
77 428 12
77 449 10
77 459 1
77 488 18
77 T 7
78 23 1
78 43 4
78 44 15
78 57 18
78 59 15
78 69 17
78 94 4
78 96 3
78 111 11
78 114 2
78 127 12
78 146 18
78 161 20
78 167 15
78 184 5
78 192 16
78 205 15
78 207 7
78 213 11
78 214 2
78 215 9
78 227 9
78 233 1
78 234 5
78 279 8
78 281 3
78 283 6
78 300 16
78 324 3
78 333 7
78 335 12
78 401 14
78 410 12
78 412 20
78 414 7
78 426 14
78 428 20
78 433 5
78 440 16
78 456 19
78 458 1
78 459 16
78 467 1
78 475 20
78 477 13
78 482 9
78 485 20
79 24 19
79 27 14
79 39 1
79 42 15
79 44 7
79 73 20
79 81 1
79 94 3
79 100 10
79 108 16
79 112 14
79 115 3
79 147 18
79 190 17
79 193 20
79 208 10
79 218 2
79 222 3
79 223 18
79 224 6
79 239 9
79 257 9
79 263 12
79 266 1
79 268 18
79 278 2
79 296 18
79 300 8
79 303 7
79 304 15
79 314 16
79 316 16
79 329 13
79 332 5
79 333 6
79 336 10
79 353 3
79 355 16
79 380 3
79 382 7
79 384 15
79 392 19
79 396 17
79 402 17
79 403 5
79 409 20
79 411 9
79 417 18
79 422 9
79 423 4
79 427 8
79 439 14
79 453 10
79 455 1
79 463 14
79 467 1
79 472 12
79 481 19
79 491 9
79 497 2
80 3 8
80 23 1
80 31 14
80 40 9
80 55 19
80 65 12
80 67 14
80 70 1
80 71 2
80 74 18
80 85 10
80 150 2
80 158 17
80 159 20
80 163 17
80 169 16
80 184 16
80 192 5
80 196 5
80 212 7
80 213 5
80 215 5
80 225 1
80 247 13
80 249 8
80 257 4
80 261 6
80 270 14
80 304 16
80 309 19
80 315 10
80 318 15
80 338 7
80 344 17
80 357 11
80 359 18
80 362 6
80 382 14
80 394 2
80 406 17
80 434 4
80 439 1
80 448 8
80 458 15
80 460 20
80 464 3
80 465 5
80 474 2
80 487 3
80 499 12
81 12 14
81 15 7
81 16 8
81 31 13
81 34 18
81 51 8
81 55 18
81 120 1
81 133 4
81 139 11
81 141 14
81 142 19
81 147 4
81 166 4
81 185 15
81 194 17
81 201 18
81 202 1
81 205 6
81 216 7
81 219 12
81 233 4
81 246 7
81 256 11
81 267 9
81 274 3
81 292 10
81 293 4
81 308 20
81 316 18
81 339 7
81 347 20
81 361 17
81 375 17
81 379 1
81 382 8
81 391 5
81 394 17
81 395 6
81 406 17
81 408 4
81 428 2
81 431 15
81 441 14
81 463 1
81 472 3
81 478 2
81 486 2
82 37 4
82 47 17
82 48 11
82 84 20
82 85 10
82 93 9
82 95 10
82 116 5
82 163 17
82 164 3
82 183 14
82 195 1
82 213 16
82 228 7
82 236 20
82 254 13
82 263 1
82 311 15
82 315 18
82 325 18
82 332 13
82 338 3
82 339 17
82 344 10
82 351 1
82 354 7
82 357 7
82 367 9
82 409 20
82 418 16
82 421 5
82 433 6
82 437 17
82 438 17
82 443 20
82 479 13
82 485 9
82 490 16
83 6 2
83 7 19
83 20 4
83 30 1
83 54 5
83 56 17
83 59 3
83 82 15
83 104 15
83 109 16
83 137 11
83 143 16
83 150 14
83 151 2
83 152 2
83 159 10
83 161 13
83 175 16
83 177 15
83 178 20
83 180 6
83 184 16
83 191 13
83 211 3
83 215 18
83 219 12
83 234 8
83 236 15
83 237 9
83 266 7
83 283 3
83 286 15
83 296 17
83 314 2
83 345 8
83 346 20
83 347 8
83 348 1
83 356 16
83 365 2
83 373 4
83 376 10
83 393 15
83 394 19
83 401 6
83 408 6
83 414 10
83 420 7
83 431 1
83 455 20
83 462 20
83 479 9
83 482 15
83 487 16
83 491 19
83 496 6
83 497 3
84 5 1
84 31 6
84 49 12
84 53 10
84 62 20
84 113 11
84 119 7
84 140 9
84 155 3
84 163 8
84 165 19
84 177 20
84 189 6
84 190 3
84 196 5
84 199 16
84 205 14
84 212 16
84 216 17
84 219 16
84 239 19
84 297 14
84 325 10
84 372 6
84 374 8
84 377 14
84 378 17
84 424 11
84 434 11
84 438 7
84 452 16
84 466 9
84 479 9
84 482 4
84 500 8
84 T 15
85 4 19
85 15 16
85 21 4
85 22 13
85 26 13
85 31 4
85 36 6
85 41 2
85 43 8
85 50 4
85 57 6
85 61 10
85 71 20
85 79 1
85 94 14
85 105 16
85 122 11
85 124 7
85 128 9
85 129 17
85 141 6
85 150 11
85 155 15
85 158 1
85 162 1
85 174 18
85 190 14
85 197 11
85 206 7
85 211 16
85 225 6
85 235 3
85 240 4
85 245 18
85 247 11
85 257 14
85 268 15
85 273 4
85 277 7
85 280 5
85 292 14
85 293 20
85 294 18
85 301 16
85 305 14
85 325 6
85 331 9
85 332 20
85 339 15
85 342 11
85 347 5
85 356 14
85 362 6
85 378 4
85 396 3
85 408 13
85 410 11
85 424 2
85 435 9
85 438 19
85 439 7
85 440 2
85 456 18
85 473 3
85 478 14
85 487 16
85 496 20
85 T 20
86 2 18
86 6 14
86 11 19
86 13 19
86 16 8
86 21 10
86 29 6
86 36 15
86 42 19
86 59 17
86 70 2
86 71 6
86 85 19
86 97 14
86 99 12
86 114 19
86 133 16
86 145 14
86 148 6
86 165 2
86 167 17
86 170 13
86 199 7
86 201 8
86 213 19
86 219 7
86 225 7
86 226 14
86 227 13
86 245 15
86 249 6
86 268 7
86 274 17
86 293 11
86 321 4
86 323 13
86 336 20
86 338 3
86 344 10
86 380 13
86 387 15
86 394 19
86 399 15
86 404 11
86 410 4
86 420 20
86 422 10
86 432 6
86 433 5
86 434 6
86 439 13
86 470 15
86 475 19
86 490 14
86 493 15
86 497 20
86 499 8
86 500 16
87 17 7
87 22 15
87 29 4
87 42 2
87 54 5
87 58 5
87 59 13
87 64 18
87 67 12
87 75 6
87 96 11
87 101 4
87 112 16
87 113 10
87 115 9
87 118 13
87 128 16
87 137 3
87 140 17
87 144 11
87 146 18
87 158 15
87 159 17
87 160 16
87 164 11
87 179 16
87 191 16
87 192 1
87 198 6
87 208 17
87 211 10
87 217 11
87 218 10
87 234 20
87 240 19
87 241 6
87 244 8
87 246 6
87 260 2
87 266 12
87 268 1
87 270 16
87 272 7
87 277 9
87 279 11
87 292 5
87 319 8
87 321 19
87 338 8
87 339 2
87 363 11
87 386 1
87 391 4
87 404 2
87 416 2
87 430 13
87 438 3
87 443 17
87 473 2
87 484 8
87 496 15
88 7 17
88 21 16
88 24 13
88 37 9
88 53 10
88 56 11
88 66 18
88 73 6
88 87 3
88 100 16
88 105 19
88 114 13
88 125 16
88 126 11
88 146 4
88 151 20
88 169 16
88 177 7
88 195 13
88 199 20
88 201 11
88 203 19
88 211 4
88 213 19
88 214 4
88 235 10
88 272 18
88 285 5
88 291 18
88 326 8
88 330 18
88 331 17
88 337 18
88 358 17
88 362 13
88 375 5
88 387 6
88 393 9
88 399 14
88 403 18
88 432 9
88 435 12
88 440 19
88 443 3
88 452 6
88 453 9
88 454 15
88 464 20
88 466 1
88 467 6
88 475 20
88 489 17
88 T 7
89 3 5
89 25 18
89 34 13
89 39 11
89 50 6
89 72 8
89 117 20
89 122 3
89 129 18
89 130 19
89 135 2
89 139 10
89 147 9
89 153 9
89 160 16
89 163 15
89 183 7
89 185 10
89 188 2
89 190 10
89 197 3
89 200 19
89 226 8
89 237 13
89 257 5
89 261 17
89 263 18
89 265 7
89 287 14
89 291 3
89 294 16
89 299 4
89 309 8
89 312 10
89 316 4
89 323 6
89 334 15
89 338 5
89 345 10
89 351 17
89 352 14
89 364 16
89 369 12
89 396 3
89 402 15
89 409 3
89 420 19
89 424 14
89 427 20
89 438 6
89 444 3
89 446 20
89 447 9
89 452 15
89 458 18
89 473 5
89 474 5
89 478 1
89 480 1
89 499 18
90 2 20
90 10 7
90 23 6
90 37 1
90 57 19
90 60 12
90 65 6
90 100 9
90 120 8
90 124 10
90 142 13
90 143 13
90 149 9
90 154 6
90 174 19
90 183 8
90 194 2
90 196 9
90 198 5
90 213 18
90 214 4
90 254 16
90 272 13
90 274 10
90 287 16
90 297 18
90 318 18
90 334 6
90 350 11
90 353 3
90 361 5
90 366 2
90 378 13
90 379 2
90 385 9
90 392 19
90 408 18
90 409 9
90 411 14
90 416 7
90 446 7
90 465 1
90 471 4
90 481 6
90 490 18
91 2 3
91 3 1
91 13 16
91 16 9
91 21 5
91 23 16
91 24 4
91 33 3
91 36 10
91 40 2
91 47 9
91 71 12
91 111 3
91 124 19
91 127 16
91 140 20
91 145 19
91 169 15
91 171 11
91 181 3
91 186 10
91 194 6
91 198 10
91 204 15
91 213 5
91 226 17
91 248 7
91 266 15
91 288 13
91 304 4
91 305 15
91 308 18
91 326 18
91 345 13
91 347 15
91 348 3
91 362 17
91 365 13
91 395 14
91 400 13
91 404 14
91 411 8
91 414 11
91 416 20
91 422 16
91 427 17
91 450 9
91 451 19
91 454 3
91 464 18
91 474 16
91 478 10
91 488 11
91 490 5
91 497 7
91 500 5
92 2 5
92 9 1
92 17 10
92 25 9
92 26 17
92 38 10
92 43 1
92 48 1
92 61 13
92 76 19
92 82 4
92 96 2
92 103 5
92 105 14
92 123 17
92 136 2
92 137 5
92 138 10
92 146 16
92 157 15
92 161 13
92 163 18
92 166 4
92 168 14
92 176 19
92 190 5
92 223 15
92 236 17
92 239 1
92 245 13
92 276 5
92 291 16
92 296 7
92 297 6
92 306 19
92 313 18
92 316 10
92 319 19
92 320 12
92 321 5
92 323 19
92 325 10
92 326 14
92 327 1
92 347 6
92 359 4
92 372 15
92 374 20
92 379 7
92 386 13
92 398 16
92 403 5
92 406 8
92 410 20
92 414 15
92 426 1
92 433 19
92 441 7
92 446 5
92 447 15
92 450 2
92 451 3
92 453 5
92 463 19
92 470 9
93 2 3
93 8 19
93 13 8
93 25 15
93 31 4
93 37 17
93 39 16
93 43 2
93 49 2
93 62 12
93 65 2
93 74 7
93 78 1
93 81 14
93 90 11
93 100 9
93 102 15
93 104 4
93 117 10
93 122 12
93 130 18
93 134 7
93 175 12
93 188 12
93 195 4
93 200 17
93 211 19
93 222 17
93 223 11
93 224 8
93 229 9
93 252 20
93 253 16
93 256 15
93 273 15
93 275 11
93 327 6
93 339 17
93 343 9
93 347 20
93 355 15
93 363 20
93 384 18
93 386 12
93 402 6
93 410 14
93 413 20
93 423 11
93 427 1
93 440 18
93 453 3
93 464 5
93 472 20
93 495 19
94 16 5
94 24 19
94 33 1
94 34 15
94 51 10
94 81 7
94 83 3
94 101 20
94 109 11
94 117 7
94 118 18
94 144 10
94 159 5
94 181 19
94 184 14
94 186 19
94 187 5
94 196 17
94 212 18
94 218 6
94 240 17
94 244 9
94 250 6
94 270 9
94 273 12
94 276 18
94 281 19
94 287 18
94 293 8
94 328 15
94 333 5
94 345 18
94 376 12
94 378 3
94 394 19
94 403 12
94 436 1
94 462 20
94 467 6
95 9 3
95 14 20
95 38 7
95 44 16
95 45 15
95 49 14
95 59 19
95 65 10
95 77 15
95 86 2
95 100 6
95 111 5
95 112 5
95 133 13
95 142 10
95 144 2
95 148 7
95 152 17
95 156 9
95 161 3
95 188 10
95 190 5
95 194 11
95 198 13
95 216 4
95 243 15
95 244 20
95 270 19
95 273 7
95 275 15
95 292 10
95 299 17
95 333 6
95 338 4
95 351 18
95 367 13
95 384 18
95 396 18
95 399 12
95 418 2
95 426 13
95 427 6
95 443 12
95 447 20
95 480 10
95 500 12
96 14 1
96 16 20
96 19 20
96 27 13
96 47 1
96 82 19
96 89 17
96 92 14
96 97 6
96 101 20
96 105 10
96 111 16
96 134 18
96 142 3
96 152 16
96 158 7
96 162 18
96 188 4
96 189 2
96 190 15
96 201 2
96 207 18
96 212 12
96 233 8
96 238 12
96 247 14
96 249 16
96 256 18
96 257 6
96 260 4
96 296 7
96 331 20
96 333 9
96 334 15
96 337 7
96 342 3
96 350 2
96 354 12
96 383 5
96 392 20
96 400 16
96 407 1
96 421 5
96 424 1
96 425 18
96 426 1
96 429 14
96 440 6
96 451 18
96 456 8
96 457 13
96 458 12
96 459 20
96 462 18
96 464 11
96 469 6
96 487 8
96 490 9
97 20 4
97 26 8
97 34 2
97 38 15
97 51 15
97 58 16
97 62 13
97 90 17
97 102 9
97 106 2
97 124 16
97 134 18
97 142 17
97 189 2
97 191 17
97 197 6
97 198 9
97 206 15
97 208 9
97 216 5
97 225 17
97 240 18
97 242 5
97 247 8
97 257 5
97 263 10
97 264 18
97 277 5
97 278 14
97 290 8
97 296 6
97 302 5
97 306 6
97 313 5
97 314 17
97 320 20
97 322 18
97 324 8
97 335 19
97 337 19
97 341 16
97 354 7
97 356 20
97 378 6
97 396 13
97 397 20
97 408 13
97 411 8
97 412 18
97 426 16
97 441 8
97 444 16
97 447 18
97 457 11
97 489 16
97 490 14
97 492 12
97 500 20
98 3 16
98 11 19
98 13 14
98 15 2
98 19 13
98 30 16
98 42 5
98 51 4
98 58 18
98 67 5
98 71 3
98 94 13
98 102 15
98 107 11
98 114 12
98 129 6
98 137 13
98 149 14
98 151 7
98 152 16
98 168 13
98 190 3
98 197 9
98 212 11
98 218 20
98 221 5
98 230 4
98 232 11
98 266 11
98 277 1
98 283 16
98 309 1
98 319 7
98 323 2
98 336 8
98 338 8
98 339 16
98 345 9
98 346 8
98 348 7
98 364 20
98 371 13
98 379 3
98 384 17
98 394 3
98 409 7
98 442 11
98 445 2
98 449 2
98 473 5
98 475 10
98 478 19
99 9 6
99 20 10
99 23 17
99 25 8
99 28 13
99 36 2
99 47 2
99 50 10
99 62 12
99 72 13
99 80 12
99 84 3
99 85 13
99 101 18
99 128 6
99 132 3
99 146 17
99 149 15
99 154 8
99 160 12
99 164 7
99 166 3
99 169 11
99 178 19
99 198 15
99 199 5
99 213 3
99 217 9
99 226 13
99 228 6
99 230 20
99 236 17
99 239 2
99 241 2
99 247 2
99 253 4
99 256 10
99 258 3
99 263 20
99 274 15
99 275 11
99 277 16
99 283 10
99 290 20
99 291 12
99 293 10
99 294 7
99 301 10
99 304 9
99 308 9
99 310 6
99 317 8
99 326 1
99 350 13
99 359 3
99 364 8
99 395 3
99 417 17
99 447 9
99 466 1
99 467 12
99 475 4
100 7 18
100 17 12
100 27 3
100 67 8
100 73 10
100 82 19
100 88 4
100 91 2
100 107 20
100 112 10
100 117 10
100 122 18
100 130 5
100 147 18
100 155 15
100 159 11
100 160 16
100 171 13
100 172 7
100 177 4
100 178 19
100 180 19
100 186 14
100 194 10
100 207 17
100 219 14
100 226 14
100 276 3
100 281 5
100 284 13
100 307 7
100 329 17
100 330 9
100 346 6
100 347 3
100 368 10
100 382 4
100 385 12
100 399 17
100 404 12
100 414 1
100 434 20
100 435 9
100 441 10
100 457 16
100 466 2
100 473 8
100 474 14
100 475 14
100 489 18
101 7 1
101 9 9
101 11 7
101 13 16
101 19 6
101 35 12
101 41 3
101 50 10
101 69 2
101 80 1
101 84 2
101 96 11
101 97 14
101 99 13
101 115 20
101 118 18
101 121 8
101 125 8
101 129 15
101 131 17
101 152 12
101 173 5
101 184 4
101 189 9
101 200 14
101 223 11
101 226 14
101 251 12
101 255 20
101 257 19
101 265 19
101 280 19
101 290 4
101 295 8
101 301 10
101 320 1
101 321 9
101 332 8
101 334 19
101 336 7
101 343 14
101 345 13
101 354 14
101 357 10
101 364 12
101 369 15
101 376 19
101 381 9
101 385 12
101 394 9
101 419 8
101 439 15
101 460 4
101 468 10
101 476 3
101 480 3
102 38 8
102 65 12
102 81 14
102 91 9
102 92 9
102 109 6
102 124 13
102 132 13
102 133 13
102 155 18
102 157 16
102 175 4
102 183 20
102 186 1
102 191 20
102 207 13
102 217 15
102 228 20
102 242 18
102 253 11
102 262 13
102 272 13
102 279 9
102 280 4
102 306 3
102 307 4
102 320 20
102 321 10
102 325 17
102 335 7
102 337 17
102 339 4
102 367 10
102 391 17
102 399 9
102 412 10
102 425 11
102 431 3
102 432 17
102 434 6
102 445 7
102 447 6
102 450 12
102 454 11
102 481 9
102 491 20
103 8 11
103 21 6
103 26 16
103 39 17
103 69 13
103 89 1
103 106 4
103 122 17
103 132 5
103 134 20
103 193 19
103 212 7
103 216 18
103 219 20
103 227 20
103 228 16
103 230 18
103 231 1
103 247 3
103 248 8
103 257 19
103 260 14
103 262 5
103 272 20
103 274 11
103 276 6
103 284 7
103 289 1
103 297 6
103 306 8
103 310 13
103 311 19
103 312 15
103 317 15
103 331 9
103 363 10
103 379 14
103 387 2
103 396 17
103 407 3
103 419 4
103 425 14
103 427 17
103 440 18
103 442 18
103 453 7
103 482 18
103 483 7
104 21 19
104 22 16
104 24 4
104 57 2
104 71 10
104 92 17
104 111 5
104 115 10
104 121 12
104 129 5
104 142 13
104 148 6
104 150 1
104 172 6
104 178 17
104 195 10
104 205 20
104 210 7
104 211 17
104 214 8
104 217 14
104 224 7
104 241 3
104 246 11
104 274 1
104 293 1
104 303 5
104 310 19
104 332 17
104 336 19
104 345 3
104 348 12
104 362 20
104 370 18
104 391 11
104 407 20
104 410 8
104 416 5
104 419 10
104 429 20
104 446 18
104 451 20
104 471 10
104 477 2
104 485 17
104 489 8
105 8 13
105 14 12
105 17 6
105 21 4
105 39 15
105 42 3
105 56 18
105 57 12
105 65 6
105 80 18
105 87 9
105 98 11
105 103 6
105 116 8
105 118 12
105 126 6
105 151 2
105 152 18
105 157 8
105 166 12
105 202 11
105 207 14
105 221 10
105 225 20
105 229 8
105 234 20
105 238 6
105 243 17
105 244 9
105 253 14
105 268 15
105 294 14
105 303 3
105 304 17
105 325 7
105 332 17
105 338 6
105 346 17
105 361 16
105 368 13
105 379 8
105 384 11
105 388 2
105 392 9
105 396 1
105 417 17
105 460 9
105 491 15
105 496 2
106 3 13
106 8 11
106 18 18
106 25 1
106 62 18
106 81 19
106 84 19
106 92 13
106 101 6
106 121 19
106 144 9
106 151 8
106 152 5
106 158 1
106 160 20
106 168 15
106 170 12
106 182 9
106 187 8
106 193 3
106 223 11
106 227 14
106 275 1
106 285 20
106 302 7
106 306 11
106 346 13
106 349 3
106 358 20
106 359 16
106 363 7
106 377 14
106 394 8
106 398 2
106 400 15
106 406 7
106 408 15
106 413 4
106 416 12
106 428 17
106 440 18
106 466 2
106 482 19
106 487 20
106 492 6
106 494 11
107 4 15
107 26 10
107 30 13
107 37 14
107 44 14
107 51 10
107 54 19
107 66 18
107 69 8
107 74 4
107 77 10
107 85 12
107 91 17
107 132 17
107 155 15
107 156 1
107 166 13
107 190 2
107 197 7
107 219 7
107 249 20
107 253 6
107 275 14
107 276 2
107 278 12
107 280 6
107 284 6
107 286 15
107 299 14
107 300 4
107 304 4
107 307 18
107 310 20
107 315 4
107 323 19
107 324 20
107 329 19
107 347 15
107 362 5
107 365 13
107 374 10
107 393 20
107 394 3
107 402 17
107 403 16
107 404 2
107 419 13
107 448 20
107 452 3
107 453 20
107 456 17
107 459 3
107 464 3
107 469 19
107 496 17
108 6 6
108 18 5
108 19 17
108 20 5
108 64 5
108 65 1
108 73 15
108 74 9
108 82 17
108 94 6
108 95 16
108 105 15
108 127 9
108 133 17
108 145 10
108 146 17
108 149 20
108 153 20
108 191 4
108 194 8
108 198 16
108 199 15
108 208 20
108 216 16
108 225 1
108 231 8
108 233 16
108 266 1
108 267 1
108 268 20
108 272 5
108 287 6
108 302 4
108 353 4
108 375 2
108 380 5
108 392 9
108 393 9
108 396 15
108 412 4
108 417 6
108 421 5
108 427 15
108 443 17
108 445 7
108 T 17
109 19 10
109 31 7
109 35 5
109 36 5
109 46 3
109 47 18
109 49 20
109 71 6
109 77 8
109 78 2
109 88 5
109 90 3
109 103 13
109 104 18
109 105 6
109 124 11
109 132 20
109 135 12
109 143 17
109 152 18
109 156 5
109 157 7
109 168 8
109 182 20
109 184 14
109 187 12
109 198 11
109 209 2
109 216 16
109 217 12
109 243 19
109 248 7
109 270 9
109 277 20
109 284 9
109 299 6
109 301 5
109 307 3
109 324 15
109 328 16
109 331 15
109 332 8
109 333 16
109 337 7
109 340 17
109 346 13
109 347 11
109 356 19
109 366 15
109 378 4
109 383 10
109 388 16
109 395 14
109 399 1
109 415 18
109 438 15
109 439 10
109 441 1
109 450 13
109 455 4
109 470 5
109 471 4
109 483 18
109 484 14
110 7 1
110 10 2
110 22 13
110 40 5
110 77 6
110 89 9
110 90 9
110 106 9
110 117 11
110 135 5
110 141 16
110 143 10
110 144 15
110 148 2
110 152 4
110 171 3
110 175 13
110 177 17
110 189 7
110 196 13
110 199 1
110 213 14
110 214 7
110 215 12
110 219 10
110 230 17
110 238 7
110 250 8
110 252 10
110 268 10
110 279 13
110 280 10
110 307 15
110 314 16
110 323 14
110 325 16
110 334 11
110 345 14
110 346 7
110 366 6
110 370 19
110 371 15
110 373 16
110 402 20
110 412 9
110 448 6
110 488 3
111 6 14
111 9 5
111 14 20
111 45 14
111 50 2
111 58 20
111 72 18
111 78 7
111 128 17
111 153 10
111 154 17
111 156 3
111 171 3
111 172 12
111 178 14
111 196 17
111 199 8
111 219 14
111 220 20
111 221 8
111 240 10
111 251 10
111 262 6
111 267 17
111 278 9
111 307 2
111 316 1
111 342 19
111 344 3
111 354 19
111 365 17
111 369 8
111 391 10
111 393 6
111 402 7
111 417 9
111 427 16
111 431 14
111 452 7
111 457 11
111 458 19
111 484 19
111 492 16
112 5 4
112 14 9
112 16 12
112 23 14
112 24 11
112 70 4
112 77 19
112 84 1
112 88 3
112 90 7
112 93 2
112 111 19
112 133 9
112 140 18
112 144 15
112 156 10
112 164 7
112 169 4
112 177 11
112 186 17
112 191 7
112 207 10
112 214 13
112 223 20
112 244 14
112 249 13
112 254 3
112 263 4
112 301 8
112 317 16
112 319 6
112 336 15
112 339 3
112 349 17
112 352 16
112 355 4
112 367 2
112 381 16
112 383 15
112 388 10
112 390 4
112 420 8
112 440 8
112 447 15
112 456 3
112 457 15
112 459 16
112 460 13
112 477 9
112 497 7
113 5 8
113 22 16
113 44 15
113 47 12
113 51 18
113 70 6
113 75 10
113 91 19
113 101 17
113 123 8
113 125 12
113 159 16
113 176 14
113 183 1
113 188 2
113 211 9
113 219 11
113 221 20
113 223 9
113 245 11
113 252 5
113 257 14
113 280 9
113 288 4
113 318 3
113 323 17
113 338 4
113 345 20
113 354 3
113 368 20
113 374 10
113 387 13
113 425 19
113 460 15
113 492 6
113 497 17
114 10 3
114 17 20
114 30 16
114 32 17
114 60 20
114 91 5
114 102 6
114 103 11
114 110 15
114 113 5
114 115 4
114 118 7
114 120 11
114 149 6
114 160 17
114 172 18
114 183 13
114 186 11
114 188 14
114 194 17
114 195 13
114 205 1
114 234 2
114 236 18
114 239 20
114 252 10
114 255 12
114 269 15
114 277 15
114 286 16
114 290 15
114 315 5
114 317 12
114 365 17
114 370 9
114 371 20
114 373 10
114 374 7
114 376 6
114 418 15
114 438 7
114 446 13
114 448 8
114 451 1
114 456 3
114 460 15
114 477 20
114 480 3
114 491 5
114 499 20
115 5 1
115 21 12
115 27 9
115 29 20
115 33 4
115 79 11
115 83 7
115 95 7
115 96 8
115 98 10
115 100 17
115 103 3
115 120 2
115 147 4
115 151 20
115 178 9
115 185 6
115 189 16
115 196 8
115 198 4
115 199 20
115 239 13
115 241 12
115 244 16
115 258 14
115 259 19
115 265 14
115 285 12
115 291 7
115 300 13
115 325 20
115 341 16
115 346 16
115 352 5
115 363 2
115 368 12
115 395 12
115 398 12
115 402 4
115 420 16
115 424 18
115 445 18
115 451 14
115 456 2
115 459 6
115 471 11
115 474 5
115 479 7
115 486 4
115 494 19
115 498 15
116 1 19
116 7 2
116 21 20
116 30 2
116 68 4
116 75 1
116 86 5
116 90 20
116 94 20
116 108 17
116 117 14
116 119 17
116 132 7
116 133 3
116 147 16
116 152 1
116 154 6
116 172 13
116 177 20
116 181 16
116 187 5
116 195 5
116 196 9
116 199 4
116 206 7
116 216 13
116 224 1
116 239 9
116 243 1
116 249 12
116 283 8
116 299 18
116 310 15
116 343 11
116 358 14
116 368 10
116 369 6
116 375 9
116 460 12
116 468 15
116 495 6
116 499 6
117 10 2
117 18 16
117 23 4
117 53 19
117 54 3
117 56 19
117 61 16
117 70 15
117 77 17
117 81 18
117 87 5
117 101 18
117 102 13
117 119 8
117 120 20
117 125 15
117 128 20
117 132 11
117 135 8
117 136 15
117 155 19
117 158 9
117 179 13
117 181 10
117 190 14
117 191 9
117 211 13
117 220 10
117 225 13
117 229 15
117 243 16
117 249 15
117 262 4
117 279 14
117 286 12
117 319 12
117 363 1
117 370 12
117 378 8
117 398 8
117 423 17
117 427 12
117 461 14
117 488 20
118 7 3
118 16 3
118 23 4
118 26 18
118 30 17
118 37 1
118 51 2
118 52 10
118 58 10
118 70 17
118 84 9
118 85 9
118 94 11
118 112 9
118 147 2
118 150 6
118 192 1
118 200 15
118 223 3
118 227 15
118 229 11
118 251 11
118 253 1
118 258 11
118 265 6
118 269 15
118 278 14
118 293 16
118 302 2
118 309 1
118 325 12
118 332 6
118 337 6
118 338 18
118 340 11
118 341 1
118 348 20
118 350 7
118 355 9
118 366 1
118 368 16
118 378 19
118 397 7
118 410 4
118 416 10
118 429 8
118 442 14
118 451 1
118 452 7
118 454 3
118 459 12
118 460 12
118 469 19
118 470 4
118 475 13
119 5 19
119 9 13
119 12 19
119 23 1
119 30 16
119 36 1
119 38 14
119 45 16
119 65 15
119 72 14
119 87 5
119 106 11
119 118 12
119 125 5
119 133 15
119 138 17
119 139 20
119 153 16
119 165 1
119 178 17
119 183 19
119 186 16
119 200 7
119 207 19
119 213 1
119 225 18
119 227 16
119 228 2
119 246 18
119 278 20
119 307 19
119 329 7
119 343 19
119 350 20
119 358 17
119 372 1
119 377 11
119 379 9
119 387 11
119 390 19
119 400 13
119 420 18
119 421 7
119 424 2
119 435 18
119 436 15
119 437 19
119 442 15
119 468 9
119 486 10
119 488 15
119 500 17
120 11 18
120 13 7
120 23 5
120 27 12
120 33 5
120 49 1
120 52 12
120 58 13
120 61 16
120 67 9
120 72 7
120 78 10
120 79 8
120 80 16
120 82 14
120 85 15
120 137 7
120 146 16
120 177 1
120 178 12
120 189 8
120 197 14
120 198 19
120 203 2
120 206 2
120 217 18
120 234 18
120 252 13
120 254 13
120 269 8
120 281 11
120 283 1
120 286 9
120 295 15
120 306 9
120 320 4
120 344 16
120 345 12
120 348 15
120 359 1
120 363 14
120 386 7
120 396 18
120 402 10
120 440 8
120 442 4
120 455 14
120 458 7
120 463 13
120 472 12
120 482 3
120 496 11
121 3 11
121 16 5
121 23 12
121 31 8
121 40 7
121 51 17
121 61 14
121 62 2
121 65 18
121 72 19
121 84 2
121 91 1
121 93 18
121 97 3
121 123 11
121 124 7
121 125 9
121 129 6
121 133 12
121 140 18
121 146 7
121 152 15
121 166 5
121 169 14
121 172 17
121 182 20
121 185 11
121 218 17
121 246 6
121 248 8
121 270 8
121 273 18
121 277 5
121 295 20
121 312 11
121 315 14
121 317 5
121 319 4
121 328 15
121 331 8
121 366 19
121 368 4
121 374 5
121 417 13
121 455 6
121 457 20
121 460 7
121 466 9
121 470 19
121 474 11
121 479 10
121 482 8
121 484 17
121 494 11
121 495 18
122 2 13
122 3 20
122 4 12
122 23 3
122 26 2
122 29 7
122 44 9
122 63 3
122 67 14
122 86 1
122 87 20
122 91 20
122 95 19
122 103 19
122 116 15
122 131 12
122 141 18
122 158 15
122 173 1
122 177 15
122 181 16
122 192 17
122 207 8
122 212 9
122 228 18
122 249 5
122 252 13
122 253 18
122 254 18
122 270 13
122 277 20
122 278 10
122 281 16
122 297 13
122 301 8
122 327 15
122 328 4
122 405 16
122 408 8
122 414 6
122 457 16
122 488 3
122 495 18
122 496 17
123 3 18
123 9 10
123 13 10
123 20 19
123 22 12
123 23 8
123 31 3
123 49 14
123 67 7
123 70 17
123 92 4
123 101 1
123 104 8
123 109 17
123 114 5
123 134 8
123 141 15
123 142 13
123 145 12
123 156 10
123 158 19
123 161 19
123 174 9
123 226 1
123 234 16
123 275 16
123 279 2
123 296 13
123 310 4
123 316 1
123 346 11
123 364 15
123 375 6
123 384 14
123 414 14
123 419 12
123 447 8
123 466 10
123 473 7
123 475 12
123 481 17
123 482 9
123 492 5
124 6 3
124 26 14
124 40 19
124 68 6
124 69 6
124 85 2
124 86 11
124 95 16
124 103 9
124 106 5
124 107 8
124 109 17
124 112 9
124 127 12
124 139 1
124 142 17
124 143 18
124 153 12
124 160 14
124 185 15
124 195 14
124 202 10
124 205 8
124 209 16
124 235 3
124 245 12
124 251 19
124 264 5
124 278 20
124 305 19
124 309 16
124 349 20
124 400 8
124 406 10
124 408 11
124 411 6
124 422 3
124 428 14
124 433 15
124 442 16
124 445 19
124 448 11
124 452 16
124 453 11
124 455 3
124 470 7
124 471 1
124 473 19
124 474 6
125 7 6
125 18 1
125 19 19
125 26 17
125 31 20
125 36 3
125 43 17
125 53 5
125 58 9
125 59 3
125 61 12
125 62 15
125 65 15
125 74 15
125 76 14
125 92 16
125 102 15
125 124 7
125 128 4
125 136 4
125 139 8
125 149 12
125 151 18
125 152 8
125 158 20
125 161 14
125 192 18
125 199 17
125 211 7
125 212 6
125 223 15
125 239 18
125 240 2
125 254 13
125 278 1
125 293 17
125 296 20
125 309 2
125 328 18
125 329 13
125 349 9
125 378 2
125 391 2
125 392 18
125 400 8
125 406 17
125 408 7
125 413 14
125 427 18
125 463 12
125 492 18
125 500 13
126 45 20
126 66 17
126 77 6
126 80 16
126 104 6
126 135 17
126 145 3
126 154 13
126 160 11
126 178 13
126 192 15
126 194 10
126 226 16
126 235 13
126 239 19
126 254 4
126 258 10
126 270 9
126 271 12
126 279 2
126 281 12
126 288 2
126 289 18
126 294 18
126 309 7
126 332 6
126 338 2
126 346 14
126 369 18
126 385 8
126 391 6
126 420 17
126 426 2
126 427 8
126 434 8
126 435 9
126 439 15
126 441 18
126 447 16
126 455 5
126 469 13
126 473 10
126 483 14
127 4 16
127 20 1
127 34 10
127 42 2
127 48 12
127 68 1
127 80 9
127 81 8
127 89 4
127 108 14
127 119 14
127 132 17
127 149 9
127 156 9
127 157 4
127 159 8
127 164 4
127 203 13
127 226 12
127 251 6
127 257 11
127 258 15
127 262 9
127 268 6
127 278 11
127 288 9
127 297 4
127 302 7
127 304 2
127 309 6
127 323 15
127 329 15
127 333 2
127 347 9
127 358 14
127 365 18
127 373 1
127 374 7
127 376 7
127 385 4
127 394 19
127 404 4
127 417 12
127 418 13
127 427 8
127 443 1
127 445 6
127 467 4
127 471 19
127 474 12
127 488 9
128 3 11
128 7 18
128 18 11
128 20 13
128 32 3
128 39 14
128 46 16
128 52 3
128 53 9
128 76 13
128 90 8
128 109 1
128 115 4
128 117 2
128 131 15
128 133 20
128 168 6
128 172 12
128 173 4
128 182 18
128 201 11
128 211 17
128 214 1
128 223 10
128 234 4
128 235 5
128 237 1
128 249 4
128 257 20
128 269 15
128 281 7
128 294 20
128 318 2
128 334 14
128 392 6
128 402 4
128 426 17
128 440 1
128 452 3
128 453 8
129 7 13
129 8 3
129 12 15
129 22 2
129 23 15
129 27 19
129 55 1
129 62 15
129 70 9
129 74 6
129 107 9
129 109 11
129 116 17
129 120 14
129 139 10
129 164 19
129 172 18
129 176 8
129 193 5
129 214 19
129 222 11
129 225 11
129 241 14
129 242 13
129 257 6
129 284 17
129 285 9
129 290 1
129 291 17
129 295 12
129 303 4
129 324 10
129 360 20
129 361 7
129 367 5
129 383 18
129 384 7
129 388 10
129 406 7
129 420 12
129 434 16
129 452 10
129 462 13
129 470 18
129 483 4
129 493 9
129 500 19
130 15 6
130 16 19
130 31 15
130 34 9
130 35 10
130 36 13
130 43 5
130 53 18
130 60 14
130 76 14
130 82 3
130 103 19
130 107 2
130 109 9
130 112 13
130 117 2
130 124 2
130 125 5
130 128 13
130 152 13
130 158 8
130 169 6
130 181 11
130 182 12
130 184 3
130 197 5
130 201 9
130 205 10
130 217 19
130 227 17
130 230 18
130 236 17
130 249 1
130 250 15
130 264 5
130 291 13
130 298 7
130 316 10
130 359 5
130 367 7
130 371 9
130 386 12
130 388 15
130 406 1
130 407 11
130 414 19
130 428 7
130 437 16
130 445 19
130 447 3
130 458 16
130 461 19
130 473 2
130 484 5
130 489 18
130 499 10
131 11 20
131 16 1
131 22 5
131 24 6
131 28 15
131 36 19
131 47 18
131 54 1
131 55 5
131 70 18
131 75 4
131 78 14
131 86 16
131 91 13
131 108 5
131 109 15
131 111 20
131 124 5
131 182 9
131 192 10
131 195 3
131 203 17
131 234 16
131 257 3
131 266 13
131 268 14
131 288 3
131 325 1
131 331 3
131 334 3
131 338 18
131 341 12
131 343 8
131 354 2
131 363 12
131 378 18
131 387 3
131 391 3
131 397 20
131 408 18
131 409 11
131 411 19
131 412 11
131 440 8
131 442 2
131 454 15
131 456 15
131 458 18
131 462 8
131 463 9
131 464 2
131 465 4
131 469 4
131 480 8
131 493 2
131 499 4
132 18 9
132 19 3
132 28 6
132 33 20
132 35 18
132 36 13
132 55 9
132 61 18
132 64 8
132 90 12
132 104 10
132 113 11
132 121 1
132 135 14
132 138 7
132 139 20
132 156 9
132 162 7
132 177 19
132 203 17
132 216 16
132 219 5
132 229 20
132 239 7
132 241 8
132 242 4
132 256 12
132 257 9
132 258 1
132 281 5
132 292 6
132 305 14
132 313 9
132 320 6
132 327 14
132 350 8
132 353 3
132 377 12
132 385 16
132 398 7
132 402 19
132 416 9
132 419 14
132 423 20
132 433 16
132 436 6
132 438 19
132 490 10
133 12 16
133 14 3
133 23 11
133 25 11
133 28 6
133 32 6
133 45 18
133 48 16
133 50 11
133 66 18
133 75 10
133 76 19
133 82 12
133 91 17
133 101 5
133 106 8
133 116 10
133 140 16
133 142 7
133 155 6
133 156 14
133 157 19
133 161 7
133 169 3
133 186 18
133 188 10
133 208 10
133 215 11
133 219 20
133 220 20
133 223 5
133 229 12
133 240 8
133 252 14
133 253 1
133 318 14
133 340 13
133 343 5
133 344 8
133 346 6
133 350 1
133 351 3
133 366 20
133 367 14
133 372 11
133 395 17
133 407 14
133 449 16
133 454 19
133 459 12
133 467 10
133 476 7
133 482 5
133 485 13
133 492 5
133 496 12
134 11 9
134 14 8
134 20 4
134 53 12
134 66 4
134 69 11
134 70 18
134 72 1
134 79 15
134 124 20
134 125 11
134 127 10
134 135 20
134 153 12
134 155 15
134 156 19
134 161 19
134 181 11
134 189 9
134 203 15
134 204 16
134 212 17
134 214 11
134 228 12
134 230 19
134 241 8
134 247 19
134 253 8
134 256 19
134 257 19
134 261 4
134 265 19
134 266 13
134 269 10
134 272 4
134 278 17
134 294 4
134 300 16
134 313 11
134 326 12
134 333 8
134 338 7
134 343 18
134 351 3
134 352 11
134 354 7
134 360 7
134 362 1
134 368 18
134 370 2
134 397 5
134 403 16
134 421 11
134 426 12
134 428 20
134 437 13
134 445 19
134 458 4
134 466 11
134 488 2
134 492 11
134 496 11
134 500 13
135 18 7
135 22 17
135 30 9
135 36 17
135 45 11
135 61 15
135 69 16
135 75 14
135 83 5
135 94 12
135 98 19
135 100 19
135 102 4
135 108 6
135 116 2
135 125 9
135 131 5
135 145 17
135 161 11
135 177 1
135 217 5
135 221 14
135 223 20
135 239 19
135 260 2
135 280 5
135 297 16
135 304 7
135 317 20
135 326 3
135 340 8
135 349 19
135 352 2
135 362 3
135 370 10
135 371 18
135 374 13
135 380 20
135 408 20
135 417 6
135 429 20
135 431 9
135 442 9
135 443 19
135 495 10
135 T 2
136 8 11
136 13 4
136 18 7
136 24 9
136 38 2
136 41 15
136 53 1
136 63 1
136 73 6
136 76 8
136 85 11
136 88 3
136 94 8
136 99 10
136 115 16
136 120 13
136 123 3
136 135 19
136 153 13
136 155 18
136 162 17
136 187 1
136 189 6
136 214 19
136 227 15
136 265 1
136 270 8
136 282 4
136 287 17
136 305 7
136 314 18
136 323 19
136 331 7
136 333 9
136 344 11
136 379 12
136 417 2
136 424 19
136 449 18
136 493 17
137 1 20
137 5 10
137 11 5
137 86 1
137 90 13
137 101 8
137 116 1
137 121 11
137 134 8
137 148 18
137 150 5
137 161 4
137 174 6
137 181 1
137 206 20
137 226 10
137 240 2
137 254 17
137 255 6
137 265 14
137 266 19
137 269 12
137 271 2
137 289 16
137 339 18
137 342 3
137 349 5
137 370 5
137 381 19
137 386 1
137 391 19
137 412 16
137 413 13
137 419 3
137 441 13
137 444 4
137 446 10
137 448 1
137 460 7
137 465 4
137 474 14
137 480 20
137 481 11
137 491 16
138 2 7
138 23 9
138 41 14
138 59 6
138 62 11
138 65 8
138 96 8
138 102 19
138 133 12
138 144 17
138 151 14
138 167 19
138 188 6
138 201 4
138 206 4
138 223 13
138 224 18
138 233 3
138 235 19
138 238 13
138 250 16
138 251 9
138 272 4
138 277 12
138 291 6
138 307 18
138 326 9
138 329 17
138 346 14
138 360 13
138 371 17
138 384 10
138 391 14
138 395 4
138 430 8
138 434 14
138 441 18
138 442 6
138 448 12
138 451 8
138 459 20
138 468 20
138 485 6
138 486 17
139 2 17
139 8 19
139 17 11
139 23 15
139 25 4
139 27 2
139 41 14
139 51 1
139 64 13
139 76 6
139 85 4
139 101 20
139 105 18
139 110 9
139 125 2
139 129 16
139 157 20
139 167 16
139 193 11
139 210 5
139 227 12
139 256 19
139 258 1
139 264 9
139 265 14
139 325 8
139 328 2
139 344 20
139 346 14
139 365 10
139 382 5
139 390 19
139 400 9
139 405 19
139 413 1
139 417 11
139 419 13
139 460 12
139 466 17
139 469 8
139 471 7
139 476 16
139 487 19
139 489 9
139 494 18
139 500 6
140 35 2
140 51 2
140 67 14
140 91 16
140 95 15
140 110 17
140 142 7
140 160 11
140 168 1
140 174 18
140 192 13
140 203 3
140 209 11
140 216 15
140 219 1
140 222 6
140 249 18
140 250 14
140 259 20
140 283 3
140 290 14
140 304 9
140 308 16
140 313 15
140 317 13
140 322 14
140 331 10
140 335 20
140 351 14
140 359 20
140 369 12
140 374 5
140 377 15
140 389 20
140 397 15
140 398 10
140 400 6
140 401 4
140 407 20
140 417 13
140 424 13
140 429 3
140 438 15
140 459 19
140 470 5
140 472 6
140 484 20
140 497 6
141 7 17
141 8 10
141 13 4
141 24 2
141 32 3
141 56 14
141 57 6
141 61 3
141 66 16
141 118 20
141 123 4
141 186 6
141 204 16
141 208 18
141 211 3
141 235 15
141 237 2
141 241 19
141 253 3
141 274 18
141 284 19
141 289 14
141 317 5
141 320 17
141 332 9
141 356 12
141 378 9
141 417 1
141 427 11
141 431 5
141 466 17
141 472 4
141 493 4
142 3 18
142 4 10
142 23 3
142 35 4
142 40 12
142 55 17
142 65 20
142 92 11
142 103 11
142 120 5
142 126 16
142 128 1
142 152 10
142 155 9
142 161 6
142 167 13
142 168 13
142 186 13
142 221 11
142 222 14
142 232 2
142 248 16
142 268 4
142 270 18
142 274 5
142 278 1
142 280 13
142 288 3
142 305 8
142 330 15
142 338 3
142 339 14
142 344 18
142 352 1
142 360 16
142 361 6
142 379 5
142 381 16
142 394 5
142 401 3
142 406 13
142 417 17
142 429 19
142 431 5
142 432 7
142 435 18
142 443 4
142 452 5
142 454 18
142 457 3
142 472 2
142 482 16
142 484 9
142 499 10
143 16 15
143 23 4
143 31 10
143 44 9
143 46 12
143 47 9
143 49 4
143 57 3
143 59 9
143 66 3
143 69 8
143 85 10
143 86 19
143 87 14
143 89 5
143 101 4
143 116 2
143 131 17
143 138 8
143 146 7
143 149 6
143 154 12
143 157 20
143 166 5
143 180 3
143 190 6
143 191 13
143 197 10
143 236 2
143 245 8
143 255 20
143 259 4
143 266 9
143 278 8
143 303 17
143 312 14
143 327 14
143 328 7
143 329 5
143 338 2
143 340 8
143 378 10
143 389 8
143 390 10
143 418 18
143 442 9
143 447 11
143 453 9
143 468 10
143 469 10
143 471 16
143 478 2
144 17 18
144 23 18
144 27 12
144 41 1
144 61 1
144 81 3
144 101 8
144 102 2
144 103 6
144 111 4
144 118 18
144 132 14
144 133 19
144 134 10
144 142 18
144 146 6
144 147 3
144 185 18
144 191 4
144 199 2
144 201 4
144 217 7
144 218 2
144 228 4
144 235 16
144 239 9
144 244 17
144 251 11
144 253 3
144 259 1
144 264 16
144 275 9
144 277 18
144 308 16
144 312 8
144 318 7
144 323 11
144 327 7
144 330 20
144 331 8
144 344 4
144 350 7
144 354 2
144 355 14
144 356 12
144 365 16
144 376 6
144 387 3
144 393 9
144 403 8
144 412 20
144 415 11
144 418 2
144 421 5
144 427 10
144 434 9
144 440 15
144 446 9
144 449 3
144 465 2
144 471 7
144 485 3
144 497 20
145 2 10
145 5 14
145 11 19
145 20 3
145 24 7
145 40 15
145 43 16
145 57 15
145 67 6
145 70 7
145 78 9
145 79 20
145 80 20
145 84 5
145 87 17
145 99 4
145 110 18
145 115 8
145 123 8
145 125 3
145 128 10
145 132 8
145 140 5
145 146 14
145 160 7
145 165 11
145 170 2
145 180 20
145 185 3
145 200 13
145 206 10
145 208 13
145 233 3
145 237 10
145 243 14
145 260 2
145 261 2
145 263 2
145 269 1
145 273 8
145 286 17
145 289 1
145 331 15
145 333 4
145 340 14
145 348 14
145 361 19
145 367 6
145 368 12
145 370 16
145 383 16
145 384 14
145 387 1
145 389 11
145 390 11
145 398 5
145 401 15
145 404 14
145 406 5
145 410 16
145 419 13
145 435 17
145 469 18
145 474 12
145 497 12
146 10 15
146 16 9
146 30 6
146 32 10
146 43 13
146 47 14
146 52 5
146 70 5
146 84 3
146 97 16
146 107 12
146 144 3
146 148 8
146 155 10
146 174 2
146 182 12
146 219 9
146 222 15
146 223 7
146 227 17
146 228 8
146 254 17
146 262 5
146 278 15
146 286 10
146 287 6
146 293 16
146 300 10
146 309 4
146 310 7
146 312 19
146 324 20
146 331 6
146 353 4
146 366 10
146 380 20
146 391 10
146 398 2
146 401 5
146 419 19
146 421 2
146 426 17
146 432 4
146 433 19
146 470 17
147 14 3
147 22 11
147 45 9
147 54 6
147 56 8
147 63 16
147 65 16
147 125 8
147 151 20
147 153 13
147 162 19
147 167 13
147 180 6
147 197 14
147 206 20
147 207 9
147 215 4
147 229 3
147 240 15
147 243 20
147 244 7
147 251 12
147 252 10
147 277 15
147 291 2
147 330 14
147 343 12
147 344 14
147 351 11
147 361 6
147 368 13
147 381 6
147 384 20
147 385 7
147 395 4
147 408 13
147 411 5
147 442 20
147 459 17
147 483 9
147 485 14
147 492 7
148 4 7
148 7 19
148 9 12
148 13 3
148 19 15
148 20 8
148 30 11
148 40 1
148 57 19
148 68 17
148 84 19
148 108 18
148 120 8
148 144 14
148 180 9
148 210 13
148 223 13
148 249 5
148 259 1
148 296 1
148 304 7
148 309 8
148 312 13
148 325 15
148 328 6
148 333 16
148 343 8
148 376 17
148 381 11
148 397 12
148 401 7
148 410 16
148 423 18
148 431 4
148 449 1
148 455 6
148 461 14
148 480 1
148 486 6
148 T 12
149 23 6
149 28 6
149 35 14
149 37 1
149 42 9
149 49 13
149 64 17
149 66 15
149 69 1
149 84 18
149 93 10
149 104 9
149 119 1
149 121 19
149 135 18
149 136 4
149 144 12
149 177 1
149 189 3
149 193 15
149 199 18
149 200 11
149 218 3
149 219 10
149 244 9
149 254 11
149 271 4
149 288 13
149 309 13
149 315 19
149 317 5
149 322 12
149 328 6
149 349 14
149 365 10
149 367 7
149 385 11
149 389 2
149 390 16
149 405 17
149 413 18
149 417 20
149 428 18
149 430 14
149 437 3
149 445 20
149 451 12
149 495 19
150 25 12
150 33 15
150 39 10
150 49 3
150 60 17
150 73 3
150 82 8
150 86 4
150 99 10
150 102 12
150 108 16
150 114 10
150 126 9
150 135 8
150 136 9
150 143 12
150 154 10
150 161 5
150 168 4
150 171 14
150 174 2
150 184 1
150 208 12
150 218 1
150 219 19
150 233 16
150 239 2
150 296 5
150 306 3
150 322 8
150 342 20
150 359 17
150 362 16
150 364 9
150 372 19
150 376 13
150 402 20
150 432 19
150 452 19
150 454 15
150 455 15
150 456 7
150 466 15
150 483 6
150 484 7
150 493 16
150 499 2
151 10 4
151 12 13
151 22 17
151 30 19
151 36 10
151 45 14
151 57 15
151 85 12
151 89 9
151 96 19
151 105 10
151 116 1
151 135 18
151 142 9
151 143 10
151 154 15
151 173 4
151 198 9
151 200 16
151 217 10
151 234 2
151 241 8
151 250 13
151 261 8
151 279 3
151 283 7
151 302 11
151 305 9
151 322 14
151 325 12
151 328 5
151 329 16
151 341 6
151 349 14
151 363 16
151 386 5
151 387 9
151 391 8
151 404 16
151 407 11
151 417 11
151 428 5
151 489 11
151 494 15
151 496 10
152 12 7
152 13 10
152 20 15
152 22 18
152 29 3
152 35 7
152 41 19
152 90 13
152 99 8
152 104 6
152 105 6
152 110 7
152 145 10
152 155 6
152 159 13
152 161 15
152 173 19
152 185 16
152 188 15
152 202 13
152 207 19
152 208 17
152 214 7
152 217 3
152 229 6
152 237 17
152 241 12
152 243 17
152 251 1
152 276 8
152 296 4
152 304 7
152 306 17
152 308 18
152 320 6
152 322 5
152 327 9
152 329 16
152 331 10
152 356 8
152 361 8
152 373 5
152 377 4
152 384 7
152 389 3
152 397 5
152 407 15
152 412 18
152 434 10
152 437 20
152 447 5
152 451 15
152 460 11
152 471 19
152 475 19
152 482 11
152 499 14
153 7 5
153 8 13
153 17 12
153 28 6
153 43 11
153 45 13
153 48 18
153 51 17
153 57 18
153 58 10
153 63 14
153 96 8
153 97 20
153 110 18
153 146 19
153 165 2
153 167 9
153 173 15
153 177 15
153 183 18
153 184 16
153 210 19
153 216 10
153 233 6
153 244 4
153 251 12
153 255 6
153 261 10
153 304 20
153 310 3
153 332 9
153 336 20
153 341 12
153 342 15
153 343 13
153 344 20
153 355 20
153 364 6
153 392 18
153 399 9
153 404 13
153 421 1
153 427 13
153 428 6
153 439 8
153 447 9
153 451 16
153 452 8
153 477 2
153 486 9
153 497 9
154 13 2
154 15 10
154 17 6
154 19 8
154 21 3
154 22 20
154 29 5
154 37 4
154 43 5
154 44 12
154 69 18
154 87 12
154 111 3
154 121 18
154 142 12
154 145 14
154 165 16
154 178 20
154 193 2
154 197 18
154 205 15
154 226 3
154 232 19
154 273 19
154 276 6
154 281 20
154 296 19
154 310 11
154 311 10
154 336 20
154 350 11
154 372 10
154 391 4
154 407 1
154 415 14
154 426 15
154 430 11
154 431 5
154 437 17
154 451 20
154 455 2
154 459 6
154 464 9
154 465 9
154 470 18
154 495 13
155 12 8
155 14 2
155 18 19
155 25 8
155 45 19
155 46 18
155 49 3
155 58 1
155 63 6
155 77 3
155 92 18
155 116 15
155 133 7
155 135 1
155 143 2
155 183 19
155 189 12
155 190 17
155 196 3
155 202 3
155 207 15
155 229 2
155 245 17
155 266 13
155 277 11
155 284 16
155 294 7
155 304 11
155 305 8
155 352 11
155 360 20
155 373 13
155 375 11
155 383 11
155 402 9
155 410 18
155 412 10
155 417 2
155 419 8
155 425 19
155 429 16
155 432 10
155 451 6
155 454 7
155 467 9
155 468 15
155 469 4
155 489 2
155 491 17
156 7 7
156 43 19
156 48 8
156 88 17
156 95 5
156 102 18
156 116 10
156 118 11
156 124 7
156 162 11
156 164 11
156 198 7
156 244 16
156 245 14
156 251 13
156 258 9
156 260 20
156 265 10
156 266 10
156 267 20
156 271 20
156 281 5
156 284 2
156 296 3
156 316 18
156 325 18
156 336 6
156 342 12
156 348 15
156 361 12
156 371 5
156 380 2
156 386 17
156 397 7
156 412 16
156 426 4
156 436 11
156 439 4
156 450 11
156 458 9
156 462 8
156 463 3
156 465 6
156 492 12
156 497 16
157 30 3
157 59 19
157 80 5
157 90 13
157 92 4
157 100 20
157 108 8
157 109 3
157 119 14
157 126 5
157 127 8
157 132 20
157 155 19
157 178 5
157 182 13
157 187 8
157 217 19
157 227 20
157 230 11
157 239 15
157 251 9
157 256 18
157 263 4
157 270 15
157 273 4
157 283 16
157 288 17
157 300 6
157 339 18
157 341 9
157 348 6
157 363 5
157 364 19
157 370 13
157 371 18
157 407 14
157 409 15
157 411 2
157 458 17
157 468 9
157 483 11
157 486 15
157 489 3
157 490 2
157 496 5
157 498 1
158 8 13
158 19 19
158 20 1
158 28 17
158 29 11
158 39 10
158 51 1
158 68 5
158 92 2
158 95 11
158 98 19
158 108 20
158 111 14
158 117 20
158 121 7
158 122 8
158 127 9
158 149 6
158 164 15
158 168 13
158 172 1
158 201 19
158 215 14
158 216 17
158 232 3
158 287 12
158 299 2
158 323 2
158 331 5
158 337 1
158 342 3
158 360 13
158 397 13
158 400 17
158 412 14
158 415 11
158 419 12
158 420 7
158 422 2
158 428 10
158 437 9
158 442 16
158 443 16
158 452 16
158 461 3
158 477 8
158 481 6
159 1 3
159 9 16
159 21 6
159 22 20
159 54 13
159 59 18
159 71 2
159 77 1
159 88 4
159 89 20
159 112 4
159 133 14
159 161 7
159 162 19
159 194 9
159 218 14
159 220 13
159 231 10
159 244 5
159 245 5
159 271 15
159 285 1
159 288 11
159 303 19
159 309 15
159 314 2
159 317 11
159 328 11
159 351 10
159 357 11
159 362 12
159 413 17
159 417 20
159 449 19
159 455 19
159 458 6
159 487 19
159 488 18
159 500 10
160 1 9
160 10 14
160 18 12
160 23 12
160 26 4
160 27 18
160 50 8
160 54 17
160 96 2
160 105 6
160 120 18
160 122 18
160 139 7
160 141 10
160 142 19
160 144 20
160 150 15
160 181 5
160 186 20
160 191 16
160 196 11
160 223 14
160 243 2
160 262 10
160 263 5
160 275 7
160 281 20
160 285 20
160 286 3
160 310 8
160 315 2
160 326 13
160 330 7
160 333 17
160 337 20
160 340 7
160 350 16
160 356 2
160 357 8
160 373 2
160 411 10
160 421 3
160 441 10
160 442 3
160 448 4
160 455 1
160 456 9
160 475 18
160 483 2
161 7 18
161 21 1
161 36 4
161 46 17
161 54 8
161 59 14
161 60 15
161 83 11
161 84 19
161 85 7
161 102 8
161 104 19
161 107 9
161 110 11
161 138 16
161 151 15
161 168 20
161 188 2
161 198 4
161 201 6
161 203 20
161 206 18
161 218 8
161 220 12
161 252 12
161 255 17
161 262 2
161 279 13
161 283 10
161 307 4
161 318 14
161 334 10
161 335 17
161 340 9
161 349 14
161 378 2
161 391 10
161 392 7
161 417 8
161 422 16
161 428 19
161 444 7
161 446 3
161 460 9
161 462 9
161 474 9
161 481 7
161 483 13
161 498 19
162 20 6
162 25 19
162 30 12
162 32 8
162 34 6
162 47 9
162 50 8
162 53 3
162 63 12
162 64 19
162 65 13
162 97 8
162 98 7
162 106 2
162 113 8
162 127 13
162 132 9
162 133 14
162 199 17
162 205 13
162 216 10
162 228 6
162 231 5
162 236 9
162 247 9
162 259 2
162 265 18
162 272 9
162 285 2
162 301 1
162 306 5
162 307 8
162 309 16
162 314 2
162 341 16
162 344 1
162 353 11
162 358 8
162 362 8
162 389 12
162 391 15
162 394 4
162 407 9
162 412 1
162 433 15
162 455 11
162 486 13
162 488 4
163 3 11
163 5 7
163 13 19
163 26 8
163 34 1
163 49 7
163 52 18
163 57 15
163 58 20
163 74 12
163 86 17
163 93 14
163 97 5
163 127 17
163 133 14
163 136 4
163 151 1
163 160 14
163 166 2
163 170 11
163 173 6
163 174 5
163 180 12
163 195 9
163 196 19
163 203 9
163 230 2
163 269 10
163 287 13
163 288 8
163 300 15
163 338 19
163 365 7
163 380 4
163 389 17
163 404 18
163 410 6
163 411 20
163 416 20
163 417 2
163 419 13
163 433 13
163 453 20
163 462 15
163 481 14
163 486 4
163 497 16
164 8 10
164 10 16
164 27 9
164 36 7
164 41 12
164 42 7
164 68 16
164 75 14
164 82 17
164 90 12
164 97 2
164 104 11
164 120 15
164 128 12
164 148 16
164 176 12
164 185 15
164 186 2
164 190 8
164 193 2
164 211 2
164 233 7
164 239 10
164 249 16
164 255 10
164 261 6
164 265 19
164 267 18
164 271 11
164 284 8
164 304 18
164 326 16
164 327 11
164 332 19
164 347 7
164 355 7
164 364 12
164 365 1
164 369 15
164 372 1
164 401 3
164 431 3
164 446 17
164 449 9
164 454 4
164 460 7
164 461 16
164 489 14
165 1 16
165 15 10
165 21 5
165 25 11
165 49 18
165 63 16
165 67 15
165 69 17
165 81 20
165 82 19
165 94 18
165 121 9
165 147 6
165 158 7
165 160 16
165 161 12
165 190 8
165 204 3
165 210 14
165 214 13
165 215 12
165 229 1
165 231 4
165 255 2
165 257 16
165 272 20
165 297 13
165 317 10
165 328 11
165 332 17
165 333 5
165 335 2
165 336 4
165 341 19
165 349 9
165 365 11
165 368 18
165 371 8
165 382 3
165 399 10
165 400 12
165 412 1
165 415 2
165 416 20
165 424 14
165 429 17
165 431 11
165 434 18
165 458 13
165 462 1
165 467 6
165 492 8
166 18 5
166 22 11
166 50 18
166 65 3
166 68 9
166 69 20
166 115 12
166 116 1
166 124 15
166 128 13
166 131 7
166 140 9
166 143 20
166 148 19
166 151 6
166 157 8
166 161 19
166 165 8
166 193 17
166 199 9
166 203 4
166 223 11
166 229 5
166 238 10
166 247 11
166 269 18
166 273 11
166 275 7
166 284 3
166 313 11
166 314 7
166 322 14
166 336 11
166 347 2
166 356 3
166 370 15
166 382 4
166 391 2
166 395 16
166 396 17
166 416 20
166 423 17
166 428 20
166 430 10
166 440 14
166 443 2
166 453 4
166 472 3
166 475 2
166 478 19
166 483 1
166 488 13
166 490 9
167 4 7
167 11 20
167 25 14
167 67 10
167 80 2
167 87 15
167 89 15
167 90 9
167 101 16
167 102 7
167 106 1
167 118 15
167 121 4
167 145 10
167 187 6
167 194 18
167 206 12
167 229 20
167 231 13
167 252 5
167 260 11
167 263 13
167 267 6
167 296 5
167 301 11
167 302 20
167 305 8
167 327 5
167 328 17
167 331 4
167 334 5
167 335 7
167 336 3
167 340 8
167 349 20
167 359 14
167 373 7
167 386 18
167 394 11
167 397 16
167 400 19
167 406 10
167 421 8
167 441 15
167 445 20
167 455 20
167 486 12
168 2 15
168 15 1
168 20 9
168 25 5
168 32 8
168 48 8
168 55 10
168 56 5
168 57 18
168 58 15
168 71 1
168 79 11
168 81 7
168 82 12
168 102 17
168 134 4
168 160 3
168 161 13
168 165 11
168 180 1
168 197 11
168 200 4
168 204 19
168 226 7
168 261 1
168 270 19
168 277 14
168 288 20
168 290 19
168 308 20
168 309 14
168 310 6
168 311 15
168 319 14
168 339 9
168 351 8
168 352 1
168 360 2
168 366 8
168 383 8
168 391 20
168 403 19
168 411 8
168 413 4
168 414 3
168 420 3
168 425 4
168 431 10
168 438 16
168 439 16
168 440 17
168 444 7
168 481 14
168 482 1
168 483 8
168 488 1
168 499 4
168 T 17
169 2 14
169 45 9
169 57 5
169 61 15
169 66 8
169 69 19
169 80 20
169 82 6
169 107 12
169 130 8
169 141 10
169 168 10
169 180 2
169 185 14
169 212 15
169 213 3
169 219 1
169 263 15
169 314 9
169 316 2
169 321 17
169 329 6
169 353 16
169 356 12
169 374 14
169 375 4
169 393 6
169 395 4
169 423 13
169 442 16
169 443 15
169 461 19
169 467 15
169 498 17
170 5 1
170 24 18
170 29 4
170 36 14
170 41 18
170 49 17
170 51 10
170 53 20
170 70 5
170 77 8
170 79 7
170 81 4
170 87 6
170 94 19
170 98 9
170 99 5
170 112 19
170 114 15
170 116 1
170 117 8
170 131 14
170 142 12
170 145 10
170 152 17
170 168 14
170 173 12
170 203 11
170 209 3
170 214 2
170 235 14
170 239 3
170 278 1
170 281 19
170 287 9
170 313 10
170 317 7
170 318 1
170 319 7
170 320 4
170 328 18
170 372 15
170 394 9
170 398 8
170 404 17
170 405 2
170 407 9
170 409 11
170 430 7
170 434 10
170 437 8
170 450 18
170 451 9
170 464 4
170 479 11
170 480 15
170 497 9
170 500 15
171 4 17
171 20 6
171 37 19
171 38 8
171 44 2
171 65 5
171 90 2
171 91 20
171 96 16
171 102 1
171 138 7
171 139 13
171 152 19
171 163 14
171 203 6
171 240 3
171 241 12
171 251 12
171 264 1
171 276 20
171 282 2
171 283 17
171 289 13
171 305 2
171 326 2
171 342 6
171 360 9
171 363 5
171 364 16
171 401 15
171 404 11
171 415 16
171 424 16
171 428 2
171 441 9
171 444 4
171 454 4
171 458 12
171 465 19
171 479 2
171 485 1
172 22 12
172 38 15
172 40 14
172 44 8
172 57 16
172 61 1
172 68 4
172 70 16
172 73 9
172 81 13
172 83 18
172 90 5
172 91 8
172 110 12
172 113 3
172 118 17
172 125 10
172 135 20
172 157 3
172 159 4
172 161 14
172 162 1
172 164 2
172 169 1
172 173 18
172 183 19
172 196 17
172 203 10
172 213 14
172 252 6
172 261 1
172 264 6
172 275 13
172 277 15
172 285 18
172 292 1
172 303 15
172 308 20
172 309 20
172 317 13
172 321 16
172 329 9
172 345 13
172 380 9
172 387 5
172 389 20
172 392 15
172 399 2
172 400 13
172 418 15
172 426 16
172 444 7
172 451 2
172 453 2
172 454 13
173 8 5
173 12 11
173 14 8
173 19 3
173 24 12
173 36 2
173 39 19
173 40 20
173 71 1
173 72 2
173 76 15
173 83 4
173 95 9
173 104 6
173 116 2
173 123 19
173 131 16
173 143 1
173 155 20
173 180 4
173 192 1
173 195 10
173 210 19
173 211 9
173 216 6
173 224 13
173 234 1
173 246 4
173 249 10
173 262 11
173 274 12
173 279 20
173 285 11
173 301 13
173 323 10
173 325 1
173 339 15
173 381 12
173 398 8
173 408 16
173 419 13
173 442 14
173 449 6
173 458 19
173 469 4
173 481 20
173 483 15
174 2 10
174 14 10
174 20 17
174 33 20
174 37 15
174 38 12
174 52 5
174 64 8
174 94 7
174 103 9
174 119 8
174 160 4
174 175 4
174 179 9
174 184 15
174 203 16
174 208 19
174 213 1
174 246 4
174 263 9
174 270 12
174 279 15
174 303 11
174 319 10
174 324 7
174 327 19
174 339 17
174 348 9
174 349 11
174 352 1
174 375 13
174 394 12
174 403 15
174 408 9
174 435 11
174 436 13
174 437 13
174 438 4
174 443 6
174 463 14
174 464 17
174 497 5
175 22 16
175 25 19
175 34 15
175 36 12
175 42 8
175 46 3
175 49 5
175 55 19
175 66 8
175 68 6
175 71 5
175 74 13
175 89 3
175 90 6
175 116 11
175 124 11
175 138 8
175 181 12
175 185 17
175 190 18
175 199 13
175 207 10
175 227 13
175 237 5
175 241 18
175 254 17
175 258 16
175 267 16
175 277 5
175 286 8
175 287 8
175 288 4
175 293 6
175 370 17
175 397 15
175 398 13
175 409 7
175 431 11
175 459 20
175 487 14
175 490 20
175 496 14
175 497 8
175 500 1
176 3 14
176 12 2
176 15 1
176 31 3
176 63 16
176 68 16
176 81 12
176 99 20
176 124 20
176 131 6
176 150 2
176 154 7
176 169 16
176 171 9
176 173 1
176 186 10
176 187 16
176 202 7
176 203 9
176 204 11
176 207 12
176 214 8
176 230 10
176 238 6
176 243 6
176 252 13
176 262 8
176 268 7
176 281 16
176 288 15
176 305 2
176 322 12
176 325 11
176 326 8
176 345 5
176 354 19
176 358 8
176 359 19
176 360 15
176 378 16
176 380 8
176 399 5
176 436 11
176 448 1
176 489 2
176 493 6
177 2 10
177 9 18
177 14 17
177 36 19
177 39 13
177 40 11
177 47 1
177 51 7
177 57 19
177 59 5
177 103 13
177 113 9
177 115 7
177 129 9
177 131 20
177 142 4
177 161 20
177 176 2
177 181 11
177 191 1
177 192 16
177 199 15
177 214 13
177 221 3
177 224 14
177 230 1
177 234 14
177 244 4
177 250 2
177 261 9
177 273 17
177 276 1
177 286 7
177 289 2
177 322 2
177 347 18
177 349 13
177 351 14
177 363 5
177 365 12
177 367 9
177 373 8
177 381 20
177 383 20
177 395 19
177 405 7
177 422 1
177 429 11
177 451 11
177 457 19
177 459 13
177 481 6
177 483 17
177 490 4
177 495 15
177 496 7
177 498 7
177 499 18
177 T 11
178 17 6
178 26 17
178 27 16
178 45 16
178 86 20
178 88 9
178 98 3
178 102 14
178 103 9
178 108 19
178 110 5
178 121 12
178 122 14
178 124 4
178 127 7
178 135 17
178 143 6
178 148 10
178 159 3
178 166 1
178 183 4
178 213 6
178 217 16
178 229 18
178 234 18
178 244 19
178 248 12
178 250 14
178 254 13
178 270 2
178 292 12
178 301 9
178 311 18
178 316 17
178 323 10
178 332 3
178 333 14
178 337 20
178 344 10
178 365 18
178 368 15
178 374 15
178 376 14
178 401 6
178 406 10
178 413 8
178 427 1
178 446 3
178 464 16
178 473 5
178 482 8
178 491 6
178 495 1
179 7 12
179 23 11
179 26 7
179 27 11
179 45 11
179 47 15
179 48 4
179 56 20
179 59 17
179 69 5
179 76 14
179 129 1
179 139 16
179 167 2
179 170 1
179 183 15
179 184 14
179 189 15
179 194 19
179 202 14
179 214 9
179 215 16
179 228 15
179 233 15
179 290 5
179 304 12
179 312 14
179 323 8
179 327 1
179 350 5
179 369 8
179 380 12
179 396 11
179 407 10
179 449 10
179 451 16
179 454 2
179 466 12
179 487 4
179 488 12
179 T 20
180 1 7
180 18 16
180 30 18
180 34 8
180 36 15
180 44 8
180 47 9
180 60 8
180 72 4
180 128 19
180 157 12
180 162 2
180 178 2
180 203 2
180 246 6
180 252 4
180 260 15
180 261 2
180 263 6
180 266 17
180 306 2
180 313 17
180 324 4
180 344 18
180 353 6
180 359 10
180 361 7
180 364 4
180 365 12
180 372 15
180 376 10
180 395 4
180 399 8
180 406 3
180 410 11
180 411 10
180 432 5
180 434 4
180 439 2
180 458 13
180 460 7
180 475 20
180 493 19
181 8 2
181 14 19
181 15 19
181 24 1
181 28 7
181 32 5
181 35 12
181 37 14
181 49 5
181 50 16
181 63 10
181 67 19
181 68 8
181 118 18
181 129 17
181 165 4
181 170 18
181 183 12
181 184 18
181 186 1
181 189 1
181 192 18
181 200 19
181 216 17
181 221 1
181 224 16
181 228 14
181 234 15
181 239 20
181 245 1
181 263 8
181 264 15
181 268 20
181 293 20
181 312 11
181 336 18
181 346 9
181 352 13
181 364 2
181 365 18
181 380 8
181 385 13
181 386 3
181 388 1
181 397 17
181 405 20
181 409 1
181 418 1
181 435 12
181 439 4
181 447 12
181 452 1
181 457 3
181 460 8
181 468 20
181 477 11
181 481 3
181 493 6
181 497 19
182 15 15
182 29 20
182 32 8
182 34 10
182 42 5
182 51 3
182 55 7
182 83 16
182 84 15
182 86 4
182 87 7
182 111 14
182 135 11
182 170 14
182 191 9
182 206 15
182 225 7
182 260 12
182 264 8
182 276 2
182 279 12
182 297 1
182 313 7
182 328 11
182 332 7
182 335 6
182 337 3
182 338 10
182 343 18
182 357 8
182 360 18
182 367 9
182 383 12
182 397 3
182 400 20
182 428 3
182 438 8
182 449 5
182 456 2
182 461 9
182 493 11
182 495 7
182 497 6
182 500 20
183 6 18
183 12 11
183 25 7
183 46 12
183 57 6
183 78 7
183 94 8
183 95 2
183 100 6
183 109 7
183 134 6
183 140 11
183 141 19
183 153 12
183 172 15
183 185 1
183 212 18
183 222 4
183 243 16
183 253 9
183 255 1
183 266 17
183 301 5
183 309 19
183 321 8
183 334 13
183 349 5
183 368 7
183 370 3
183 372 2
183 384 10
183 390 17
183 398 15
183 442 8
183 445 14
183 450 17
183 481 9
183 494 14
183 497 11
184 33 11
184 37 12
184 51 10
184 65 18
184 75 3
184 84 11
184 95 20
184 100 11
184 142 19
184 144 11
184 147 5
184 155 4
184 180 1
184 183 14
184 196 11
184 202 12
184 210 5
184 228 18
184 232 18
184 258 11
184 270 13
184 296 17
184 310 7
184 318 18
184 328 7
184 348 4
184 360 10
184 362 1
184 374 11
184 375 5
184 394 13
184 426 2
184 430 5
184 436 13
184 441 9
184 454 17
184 458 3
184 465 7
184 467 14
184 472 5
184 498 16
185 24 16
185 28 16
185 30 3
185 46 4
185 60 20
185 69 16
185 73 12
185 81 3
185 89 3
185 94 9
185 111 6
185 139 1
185 141 9
185 153 4
185 156 12
185 167 1
185 178 18
185 180 19
185 207 6
185 230 13
185 231 4
185 234 5
185 238 18
185 245 15
185 277 18
185 278 18
185 307 17
185 337 8
185 338 14
185 343 6
185 348 19
185 375 3
185 396 13
185 401 8
185 406 15
185 417 14
185 458 15
185 461 17
185 465 3
185 473 8
185 483 1
185 486 14
185 487 3
185 492 4
185 497 20
186 1 10
186 20 1
186 27 17
186 51 3
186 52 19
186 54 7
186 71 14
186 85 3
186 106 15
186 142 12
186 150 10
186 154 8
186 156 19
186 161 11
186 171 19
186 188 3
186 189 12
186 190 16
186 195 19
186 204 20
186 205 13
186 214 20
186 222 18
186 235 10
186 260 9
186 266 20
186 291 2
186 319 20
186 322 4
186 336 9
186 339 10
186 343 13
186 353 1
186 361 11
186 366 2
186 383 18
186 414 18
186 423 4
186 428 9
186 431 8
186 433 12
186 455 18
186 473 1
186 481 3
186 486 2
187 12 18
187 33 2
187 64 5
187 94 16
187 111 19
187 131 8
187 137 8
187 140 13
187 143 5
187 144 4
187 164 6
187 175 15
187 215 16
187 229 8
187 234 11
187 235 9
187 236 14
187 247 19
187 248 20
187 253 6
187 254 2
187 270 1
187 283 11
187 287 3
187 302 2
187 314 17
187 319 11
187 326 8
187 365 15
187 366 6
187 373 16
187 387 16
187 402 2
187 417 6
187 418 10
187 422 14
187 465 15
187 489 3
188 38 4
188 42 6
188 50 15
188 55 10
188 65 1
188 110 1
188 113 15
188 115 9
188 125 4
188 137 1
188 141 1
188 168 18
188 180 2
188 181 14
188 190 20
188 196 5
188 200 20
188 202 18
188 205 3
188 227 11
188 231 4
188 235 16
188 236 12
188 237 6
188 243 13
188 247 13
188 252 12
188 269 20
188 279 18
188 284 16
188 294 3
188 298 11
188 302 9
188 304 16
188 311 10
188 312 1
188 347 3
188 350 19
188 365 7
188 374 11
188 376 4
188 383 4
188 408 19
188 411 11
188 431 15
188 444 8
188 453 5
188 465 5
188 474 9
188 492 16
189 6 15
189 10 16
189 15 2
189 18 10
189 39 8
189 42 16
189 70 7
189 84 11
189 86 11
189 98 4
189 100 6
189 102 12
189 103 3
189 111 5
189 138 11
189 147 6
189 183 9
189 190 5
189 220 1
189 225 5
189 247 17
189 254 5
189 287 11
189 289 8
189 294 10
189 298 7
189 300 1
189 301 4
189 322 17
189 333 19
189 342 11
189 357 18
189 363 16
189 371 11
189 375 14
189 376 10
189 405 18
189 414 16
189 422 10
189 434 9
189 439 7
189 451 6
189 468 4
189 471 18
189 474 3
189 485 17
190 22 18
190 46 20
190 74 20
190 90 16
190 128 20
190 135 19
190 139 4
190 145 19
190 149 8
190 152 18
190 163 20
190 164 6
190 166 18
190 182 4
190 199 3
190 204 12
190 209 19
190 213 13
190 228 1
190 232 19
190 264 13
190 269 17
190 282 8
190 284 16
190 286 1
190 295 2
190 297 10
190 299 14
190 309 1
190 313 10
190 330 3
190 341 16
190 342 16
190 350 2
190 358 1
190 374 2
190 411 12
190 448 9
190 460 10
190 481 16
190 488 17
190 495 8
190 T 17
191 3 17
191 7 10
191 42 14
191 43 12
191 51 17
191 71 6
191 77 16
191 83 13
191 87 3
191 90 4
191 126 5
191 156 7
191 157 16
191 162 15
191 183 16
191 184 5
191 207 17
191 215 19
191 223 15
191 237 7
191 261 7
191 262 20
191 265 14
191 278 18
191 283 7
191 289 17
191 291 8
191 297 9
191 310 3
191 318 4
191 323 1
191 326 8
191 327 9
191 330 17
191 341 10
191 343 7
191 353 16
191 420 2
191 439 1
191 446 3
191 448 1
191 455 10
191 460 18
191 479 13
191 498 17
192 24 2
192 32 4
192 43 7
192 45 2
192 53 4
192 54 15
192 59 18
192 65 18
192 73 19
192 79 17
192 93 19
192 101 13
192 119 5
192 125 2
192 146 19
192 165 1
192 215 10
192 219 1
192 224 8
192 227 14
192 228 12
192 254 6
192 286 1
192 317 20
192 367 14
192 394 17
192 405 8
192 408 16
192 410 12
192 412 2
192 418 6
192 436 11
192 437 9
192 438 7
192 449 10
192 453 6
192 457 16
192 459 16
192 469 19
192 474 1
192 481 13
192 493 1
192 497 11
193 1 20
193 17 4
193 29 6
193 41 17
193 47 2
193 63 6
193 65 12
193 93 12
193 101 10
193 127 13
193 128 13
193 132 3
193 147 6
193 164 6
193 168 2
193 179 9
193 180 20
193 182 16
193 183 6
193 190 2
193 206 3
193 251 10
193 252 11
193 256 16
193 274 12
193 283 4
193 284 13
193 290 2
193 299 19
193 302 13
193 309 11
193 313 10
193 315 7
193 317 15
193 328 9
193 330 5
193 335 4
193 341 20
193 345 18
193 351 20
193 361 7
193 391 4
193 394 8
193 401 13
193 402 10
193 403 17
193 407 14
193 411 12
193 417 3
193 428 9
193 433 5
193 440 3
193 442 9
193 464 20
193 494 18
194 12 5
194 15 17
194 20 3
194 32 18
194 34 5
194 58 9
194 60 8
194 71 13
194 74 8
194 87 16
194 103 15
194 132 12
194 174 8
194 177 4
194 186 5
194 199 1
194 200 14
194 218 18
194 234 3
194 265 14
194 278 10
194 280 18
194 284 16
194 294 3
194 307 14
194 308 18
194 318 13
194 323 12
194 343 4
194 351 16
194 376 9
194 378 19
194 392 13
194 404 19
194 416 2
194 421 11
194 436 17
194 439 5
194 457 16
194 461 17
194 463 1
194 467 11
194 477 7
194 485 15
194 494 18
195 7 19
195 10 18
195 17 1
195 42 9
195 54 16
195 55 19
195 72 6
195 82 5
195 91 6
195 93 14
195 94 9
195 106 20
195 130 18
195 145 16
195 213 16
195 215 10
195 227 8
195 233 8
195 237 2
195 265 18
195 274 7
195 276 10
195 277 2
195 280 20
195 291 8
195 297 19
195 307 14
195 346 10
195 350 10
195 351 3
195 363 20
195 365 6
195 367 17
195 379 15
195 383 1
195 385 13
195 389 7
195 393 10
195 401 19
195 404 14
195 416 6
195 423 14
195 432 3
195 433 6
195 442 17
195 447 18
195 450 18
195 496 18
196 7 17
196 8 18
196 16 17
196 21 12
196 31 1
196 36 9
196 41 2
196 47 6
196 53 2
196 56 5
196 69 19
196 85 8
196 96 6
196 118 17
196 123 5
196 161 7
196 167 20
196 178 9
196 181 16
196 184 20
196 188 12
196 200 17
196 209 11
196 219 10
196 228 11
196 232 11
196 236 6
196 243 14
196 250 10
196 258 16
196 267 1
196 292 18
196 312 15
196 327 17
196 328 5
196 351 1
196 352 18
196 362 5
196 407 17
196 412 5
196 415 15
196 422 20
196 425 4
196 436 14
196 441 5
196 442 16
196 443 8
196 453 4
196 454 8
196 475 9
196 479 12
196 484 15
196 490 6
196 497 4
197 22 7
197 37 19
197 50 10
197 51 8
197 55 3
197 56 11
197 68 1
197 78 20
197 82 18
197 98 14
197 101 8
197 107 14
197 128 3
197 133 3
197 141 13
197 149 9
197 172 2
197 178 17
197 183 1
197 195 4
197 196 17
197 199 20
197 212 12
197 216 14
197 223 3
197 232 19
197 236 17
197 237 10
197 244 11
197 268 3
197 271 6
197 274 4
197 290 19
197 292 4
197 311 12
197 334 5
197 335 14
197 359 1
197 363 2
197 376 3
197 399 8
197 408 15
197 423 12
197 429 14
197 439 12
197 445 4
197 451 19
197 463 11
197 465 3
197 485 8
197 492 9
197 494 2
197 495 16
197 T 9
198 1 17
198 3 17
198 12 9
198 19 6
198 24 12
198 38 12
198 95 6
198 102 3
198 122 4
198 125 11
198 127 7
198 137 7
198 164 4
198 172 14
198 177 19
198 184 9
198 211 12
198 212 1
198 213 5
198 233 6
198 236 11
198 275 16
198 276 17
198 277 4
198 282 6
198 300 11
198 324 15
198 326 2
198 331 5
198 332 9
198 354 6
198 355 10
198 366 2
198 369 19
198 372 17
198 387 11
198 396 19
198 411 19
198 412 14
198 468 7
198 483 18
198 487 20
198 488 12
198 493 7
199 16 4
199 24 6
199 25 1
199 35 6
199 54 8
199 56 11
199 66 15
199 70 19
199 73 7
199 79 12
199 81 10
199 82 20
199 90 7
199 117 13
199 121 17
199 145 14
199 167 10
199 173 7
199 178 6
199 196 20
199 208 6
199 210 9
199 229 7
199 234 9
199 243 20
199 256 15
199 265 20
199 273 13
199 281 16
199 302 8
199 315 7
199 324 13
199 326 7
199 328 16
199 350 3
199 352 7
199 376 12
199 387 10
199 392 5
199 396 14
199 398 19
199 412 6
199 420 12
199 430 16
199 440 20
199 446 9
199 455 20
199 462 12
199 464 2
199 469 12
199 479 16
199 490 15
199 498 19
199 T 4
200 8 18
200 9 17
200 33 3
200 43 19
200 53 10
200 78 15
200 83 10
200 84 5
200 85 19
200 87 1
200 95 8
200 118 15
200 123 7
200 137 1
200 139 13
200 147 1
200 156 10
200 160 13
200 162 14
200 183 6
200 195 10
200 197 8
200 224 16
200 232 18
200 238 12
200 240 1
200 246 7
200 259 1
200 262 16
200 276 17
200 281 19
200 285 13
200 299 20
200 300 7
200 309 17
200 331 6
200 340 5
200 351 18
200 384 15
200 385 17
200 393 10
200 410 5
200 411 16
200 430 12
200 450 7
200 452 10
200 467 9
200 485 19
201 2 15
201 9 6
201 31 5
201 53 2
201 56 5
201 60 2
201 91 14
201 96 11
201 102 13
201 111 4
201 113 19
201 116 13
201 139 9
201 142 6
201 159 18
201 164 6
201 181 3
201 191 15
201 193 11
201 205 9
201 211 20
201 213 9
201 217 16
201 219 11
201 227 8
201 238 2
201 242 19
201 246 4
201 259 6
201 287 8
201 293 4
201 309 19
201 314 11
201 325 1
201 328 13
201 333 12
201 340 17
201 343 15
201 346 8
201 354 17
201 357 17
201 365 2
201 369 6
201 375 9
201 378 4
201 381 12
201 388 15
201 396 5
201 416 13
201 424 3
201 430 11
201 438 14
201 456 19
201 458 19
202 9 7
202 15 7
202 20 4
202 42 3
202 57 19
202 61 4
202 64 15
202 66 1
202 74 14
202 77 18
202 94 3
202 103 10
202 111 1
202 118 1
202 119 7
202 132 15
202 139 10
202 143 19
202 158 3
202 165 8
202 184 7
202 186 5
202 222 17
202 223 3
202 226 11
202 240 1
202 242 8
202 245 15
202 266 3
202 281 13
202 282 11
202 285 19
202 288 10
202 293 5
202 294 19
202 295 11
202 302 2
202 303 12
202 318 9
202 324 8
202 325 11
202 328 5
202 348 20
202 358 19
202 365 13
202 372 7
202 384 17
202 392 9
202 403 17
202 405 7
202 408 14
202 409 18
202 427 19
202 429 19
202 432 14
202 437 13
202 455 10
202 458 16
202 464 2
202 484 18
202 486 12
202 488 1
202 500 10
203 42 5
203 49 7
203 68 10
203 69 8
203 78 4
203 93 4
203 108 12
203 109 10
203 113 7
203 119 4
203 130 14
203 136 11
203 137 19
203 162 15
203 184 14
203 200 5
203 201 9
203 243 19
203 247 10
203 255 5
203 258 1
203 261 4
203 274 6
203 277 6
203 289 18
203 296 15
203 310 20
203 324 16
203 343 19
203 347 13
203 384 10
203 405 18
203 412 3
203 413 12
203 435 15
203 443 19
203 449 3
203 455 18
203 465 16
203 473 10
203 482 5
203 491 4
203 493 5
204 14 9
204 16 1
204 24 8
204 42 5
204 55 12
204 56 2
204 78 15
204 86 6
204 87 6
204 107 18
204 108 1
204 119 13
204 124 10
204 141 18
204 148 9
204 159 9
204 163 17
204 164 14
204 173 17
204 190 13
204 191 13
204 192 10
204 198 14
204 230 15
204 232 19
204 234 12
204 238 11
204 248 2
204 254 14
204 275 5
204 286 7
204 288 5
204 289 5
204 310 13
204 316 8
204 317 16
204 345 11
204 350 8
204 353 13
204 360 12
204 363 8
204 368 13
204 371 10
204 385 14
204 388 20
204 390 20
204 402 1
204 408 16
204 410 13
204 432 14
204 433 4
204 447 9
204 455 6
204 458 14
204 459 19
204 473 4
205 2 17
205 3 14
205 11 16
205 21 14
205 23 10
205 27 8
205 32 12
205 35 12
205 38 15
205 61 10
205 68 16
205 88 7
205 102 19
205 109 4
205 122 12
205 126 5
205 129 15
205 132 20
205 168 11
205 192 14
205 200 8
205 209 5
205 241 18
205 243 6
205 246 3
205 291 17
205 301 9
205 302 7
205 316 15
205 317 20
205 321 2
205 336 15
205 356 9
205 360 2
205 370 7
205 371 12
205 382 3
205 385 8
205 394 16
205 397 1
205 401 3
205 407 14
205 408 12
205 425 17
205 439 20
205 442 9
205 449 19
205 494 19
205 499 14
206 4 5
206 12 18
206 36 14
206 42 11
206 56 11
206 90 13
206 110 1
206 122 14
206 128 4
206 173 3
206 186 1
206 198 17
206 201 1
206 204 11
206 219 19
206 231 13
206 254 6
206 257 17
206 264 7
206 278 2
206 281 6
206 297 8
206 303 2
206 304 19
206 307 19
206 310 13
206 312 13
206 336 3
206 347 10
206 356 5
206 403 3
206 419 2
206 424 7
206 427 13
206 433 11
206 435 15
206 436 3
206 440 17
206 476 15
206 491 17
206 494 10
207 2 8
207 4 9
207 8 14
207 15 16
207 27 2
207 45 14
207 63 18
207 87 19
207 94 14
207 114 9
207 118 7
207 125 15
207 130 4
207 154 5
207 170 12
207 187 11
207 220 12
207 244 16
207 254 2
207 268 12
207 279 16
207 280 11
207 281 10
207 287 18
207 339 19
207 362 13
207 376 14
207 394 8
207 422 18
207 424 10
207 449 19
207 468 14
207 493 1
208 5 15
208 6 7
208 14 14
208 28 14
208 32 12
208 33 5
208 40 5
208 43 19
208 45 10
208 54 12
208 79 2
208 81 2
208 87 20
208 114 1
208 117 7
208 120 2
208 121 13
208 134 18
208 135 13
208 145 11
208 155 13
208 159 7
208 161 8
208 176 17
208 190 3
208 210 8
208 215 11
208 232 1
208 240 16
208 251 6
208 254 6
208 273 5
208 278 6
208 284 20
208 329 8
208 332 6
208 333 5
208 356 4
208 371 4
208 374 11
208 375 3
208 379 13
208 381 19
208 390 3
208 392 9
208 401 1
208 410 19
208 414 5
208 419 16
208 437 3
208 464 20
208 484 10
208 495 13
208 T 14
209 5 9
209 6 7
209 7 2
209 18 19
209 22 9
209 35 7
209 42 7
209 43 1
209 79 4
209 80 17
209 94 8
209 100 4
209 113 14
209 118 5
209 124 8
209 126 18
209 135 16
209 162 3
209 170 1
209 172 15
209 182 9
209 192 10
209 211 2
209 217 18
209 225 17
209 237 13
209 252 17
209 261 17
209 270 7
209 283 3
209 290 2
209 305 8
209 310 12
209 332 1
209 345 4
209 352 14
209 362 9
209 379 17
209 381 1
209 384 3
209 385 13
209 423 3
209 430 12
209 432 11
209 433 20
209 442 16
209 450 15
209 471 14
209 477 5
209 486 4
210 9 14
210 15 4
210 30 1
210 33 16
210 37 10
210 95 1
210 103 9
210 106 8
210 108 12
210 121 19
210 138 4
210 142 7
210 162 2
210 176 16
210 179 8
210 180 18
210 182 14
210 184 2
210 224 15
210 247 11
210 253 14
210 255 17
210 262 19
210 291 16
210 314 15
210 348 12
210 351 8
210 371 11
210 389 19
210 400 10
210 403 2
210 404 12
210 408 16
210 409 7
210 410 1
210 415 2
210 420 5
210 421 14
210 433 9
210 439 4
210 442 6
210 443 4
210 445 12
210 450 19
210 457 4
210 475 2
210 490 15
210 491 6
210 496 8
210 498 18
211 8 12
211 31 11
211 46 19
211 70 17
211 102 12
211 105 16
211 110 12
211 111 6
211 117 6
211 120 11
211 124 13
211 142 3
211 146 14
211 153 1
211 155 16
211 162 18
211 166 12
211 171 1
211 179 6
211 189 19
211 190 8
211 202 15
211 207 18
211 219 20
211 222 12
211 231 15
211 232 5
211 236 2
211 265 5
211 287 8
211 310 18
211 325 8
211 336 9
211 347 15
211 354 2
211 356 11
211 358 19
211 368 11
211 370 19
211 371 17
211 373 14
211 378 7
211 379 2
211 383 5
211 385 12
211 389 6
211 405 2
211 426 19
211 427 20
211 442 2
211 443 16
211 447 8
211 454 18
211 475 10
211 488 3
211 494 15
211 497 4
212 2 10
212 6 17
212 19 12
212 24 20
212 51 15
212 55 18
212 70 9
212 89 18
212 104 3
212 107 14
212 141 1
212 143 7
212 148 6
212 152 6
212 181 4
212 187 6
212 206 16
212 215 19
212 222 20
212 227 5
212 280 8
212 287 20
212 298 9
212 300 9
212 316 3
212 325 6
212 357 20
212 365 6
212 368 16
212 408 15
212 422 17
212 430 1
212 440 15
212 447 4
212 474 4
213 1 8
213 2 6
213 5 6
213 42 9
213 47 11
213 52 10
213 58 16
213 63 19
213 65 10
213 73 8
213 84 5
213 117 11
213 118 12
213 128 8
213 132 5
213 136 1
213 143 9
213 170 14
213 175 19
213 195 6
213 211 2
213 215 18
213 225 6
213 229 20
213 258 9
213 268 20
213 276 2
213 283 2
213 286 16
213 295 8
213 303 19
213 314 4
213 319 8
213 326 1
213 329 3
213 335 4
213 341 8
213 368 3
213 376 12
213 378 2
213 387 9
213 393 17
213 411 12
213 420 3
213 440 9
213 441 19
213 445 19
213 458 20
213 479 12
213 490 2
213 494 14
214 21 20
214 25 6
214 48 16
214 64 7
214 68 9
214 75 12
214 90 15
214 109 6
214 112 2
214 131 3
214 136 6
214 153 17
214 167 1
214 180 17
214 186 4
214 209 15
214 217 2
214 234 14
214 236 12
214 237 3
214 248 18
214 253 15
214 266 15
214 268 13
214 274 19
214 308 13
214 321 15
214 344 4
214 351 1
214 352 2
214 366 2
214 392 20
214 398 8
214 406 20
214 408 13
214 418 10
214 419 6
214 420 19
214 434 15
214 437 11
214 448 6
214 451 6
214 468 3
214 487 15
215 2 17
215 3 6
215 14 5
215 15 6
215 32 8
215 43 5
215 51 10
215 58 7
215 66 11
215 69 20
215 71 11
215 84 4
215 89 2
215 103 7
215 127 13
215 141 3
215 173 18
215 176 6
215 196 19
215 207 2
215 211 10
215 213 6
215 226 2
215 231 3
215 240 11
215 262 8
215 263 2
215 265 10
215 272 19
215 273 6
215 274 13
215 290 5
215 291 18
215 303 9
215 315 4
215 317 9
215 319 11
215 334 4
215 347 5
215 353 1
215 370 4
215 372 20
215 389 15
215 405 7
215 413 19
215 424 19
215 440 15
215 441 3
215 457 6
215 470 3
215 486 18
215 490 12
215 491 7
216 1 5
216 27 15
216 31 10
216 41 14
216 58 1
216 82 2
216 100 17
216 106 13
216 114 20
216 116 17
216 129 4
216 150 3
216 153 7
216 157 12
216 158 18
216 159 15
216 175 12
216 182 6
216 187 9
216 199 10
216 224 10
216 225 4
216 228 2
216 236 14
216 246 2
216 260 9
216 271 19
216 281 13
216 291 6
216 310 15
216 326 15
216 342 8
216 364 18
216 366 11
216 375 4
216 383 18
216 395 17
216 408 19
216 420 5
216 446 17
216 453 16
216 465 6
216 471 18
216 482 7
217 5 7
217 14 12
217 30 18
217 65 15
217 82 20
217 83 20
217 88 1
217 90 5
217 95 18
217 112 20
217 116 19
217 126 5
217 141 4
217 147 1
217 150 17
217 173 3
217 176 10
217 181 17
217 183 2
217 197 12
217 207 15
217 213 5
217 215 20
217 230 15
217 241 10
217 244 4
217 254 12
217 259 1
217 282 5
217 288 3
217 292 4
217 296 6
217 302 17
217 303 1
217 310 2
217 318 5
217 339 9
217 346 3
217 349 18
217 383 5
217 387 18
217 401 7
217 410 3
217 412 15
217 420 16
217 435 1
217 475 10
217 477 11
218 19 4
218 37 11
218 55 19
218 71 10
218 104 6
218 111 11
218 133 5
218 150 8
218 151 14
218 156 19
218 159 3
218 171 15
218 175 14
218 178 11
218 179 4
218 192 3
218 201 11
218 210 20
218 216 19
218 229 6
218 247 14
218 256 3
218 260 2
218 265 13
218 266 2
218 269 5
218 282 14
218 283 6
218 285 5
218 291 18
218 317 8
218 325 1
218 329 20
218 330 11
218 332 7
218 342 14
218 347 4
218 348 15
218 355 3
218 361 14
218 364 8
218 365 12
218 367 2
218 371 6
218 381 6
218 391 7
218 398 11
218 416 2
218 441 6
218 448 7
218 461 18
218 465 4
218 480 3
218 481 18
218 487 5
218 494 15
219 15 7
219 18 7
219 22 18
219 25 14
219 45 5
219 82 9
219 109 5
219 113 4
219 178 8
219 187 10
219 198 17
219 208 17
219 216 20
219 232 15
219 233 4
219 237 16
219 252 20
219 256 16
219 258 4
219 263 18
219 264 13
219 293 3
219 295 19
219 297 19
219 300 8
219 306 4
219 309 10
219 317 6
219 325 16
219 329 15
219 333 20
219 345 12
219 346 12
219 349 18
219 351 4
219 366 3
219 369 18
219 386 8
219 411 13
219 416 8
219 439 20
219 472 20
219 481 2
219 493 16
220 29 8
220 31 13
220 46 18
220 65 12
220 84 10
220 95 1
220 110 5
220 113 11
220 115 10
220 126 9
220 132 1
220 133 17
220 149 16
220 153 2
220 177 1
220 182 16
220 213 7
220 217 18
220 219 1
220 230 11
220 241 15
220 244 9
220 254 3
220 258 5
220 260 11
220 265 5
220 294 19
220 295 19
220 298 7
220 327 14
220 335 3
220 350 3
220 351 20
220 358 10
220 362 6
220 388 11
220 391 11
220 394 3
220 402 15
220 414 14
220 433 9
220 436 4
220 449 5
220 454 15
220 474 12
220 484 9
220 495 2
221 14 16
221 18 18
221 38 18
221 50 20
221 56 10
221 75 10
221 79 7
221 82 4
221 103 6
221 124 14
221 128 8
221 131 4
221 139 12
221 150 4
221 157 1
221 164 8
221 172 11
221 175 19
221 195 15
221 199 2
221 219 16
221 267 18
221 286 20
221 287 12
221 290 17
221 294 6
221 295 2
221 296 13
221 321 16
221 332 19
221 363 1
221 370 2
221 373 10
221 376 6
221 384 2
221 395 13
221 399 15
221 424 17
221 442 1
221 447 7
221 448 15
221 468 18
221 482 2
221 496 10
222 8 20
222 35 16
222 36 19
222 66 19
222 69 10
222 70 4
222 74 17
222 79 9
222 89 8
222 90 14
222 112 7
222 115 17
222 117 17
222 118 20
222 137 6
222 145 2
222 154 3
222 157 3
222 160 18
222 170 7
222 178 9
222 198 7
222 200 10
222 207 9
222 215 1
222 224 15
222 238 8
222 239 16
222 249 19
222 250 7
222 256 19
222 263 20
222 284 11
222 296 20
222 297 13
222 317 16
222 320 17
222 324 11
222 339 4
222 353 13
222 363 1
222 374 5
222 386 9
222 393 4
222 418 20
222 419 17
222 428 3
222 433 3
222 437 18
222 445 14
222 497 12
223 1 16
223 20 19
223 21 1
223 32 11
223 41 3
223 42 8
223 43 16
223 54 3
223 65 5
223 66 3
223 67 5
223 69 16
223 73 20
223 95 20
223 101 7
223 126 6
223 139 16
223 142 16
223 144 8
223 152 20
223 157 3
223 162 4
223 175 11
223 185 3
223 186 4
223 187 11
223 207 6
223 208 10
223 231 5
223 235 15
223 275 19
223 283 4
223 326 14
223 339 1
223 356 1
223 361 15
223 370 4
223 378 8
223 379 12
223 382 12
223 399 18
223 410 5
223 460 17
223 463 8
223 488 10
223 490 3
223 495 7
223 500 16
224 23 14
224 24 6
224 36 3
224 39 19
224 69 6
224 83 11
224 84 14
224 86 17
224 92 18
224 101 5
224 103 11
224 115 17
224 134 20
224 141 13
224 156 4
224 158 20
224 159 9
224 172 10
224 181 14
224 185 20
224 202 15
224 220 6
224 231 4
224 232 5
224 241 12
224 252 15
224 264 18
224 266 9
224 276 7
224 280 17
224 300 10
224 309 19
224 320 1
224 330 15
224 357 7
224 358 14
224 376 16
224 378 1
224 384 16
224 407 9
224 415 11
224 429 16
224 432 4
224 434 12
224 450 1
224 451 7
224 453 19
224 461 10
224 476 12
224 491 9
225 5 1
225 12 2
225 22 16
225 25 13
225 34 13
225 56 15
225 72 6
225 73 3
225 80 14
225 87 9
225 90 19
225 98 10
225 118 18
225 121 7
225 126 19
225 130 17
225 133 8
225 151 3
225 159 9
225 169 15
225 172 15
225 179 4
225 183 12
225 188 2
225 209 2
225 230 6
225 254 13
225 258 20
225 281 9
225 285 8
225 294 7
225 316 2
225 335 4
225 336 19
225 344 17
225 345 5
225 347 2
225 348 17
225 361 2
225 371 19
225 377 13
225 396 3
225 444 6
225 445 7
225 448 3
225 449 16
225 456 18
225 462 1
225 472 19
225 479 15
225 481 3
226 7 17
226 10 2
226 12 12
226 25 1
226 27 2
226 36 3
226 39 12
226 71 17
226 81 7
226 98 3
226 133 10
226 138 9
226 153 18
226 178 9
226 181 15
226 185 17
226 186 13
226 193 9
226 194 4
226 217 6
226 220 6
226 222 20
226 229 11
226 237 7
226 238 4
226 239 15
226 251 15
226 259 7
226 268 2
226 280 8
226 302 17
226 323 20
226 329 8
226 335 8
226 359 13
226 361 2
226 363 20
226 385 15
226 387 11
226 389 16
226 390 5
226 396 18
226 408 9
226 418 5
226 426 7
226 427 1
226 444 5
226 452 15
226 468 7
226 474 6
226 499 16
227 23 8
227 28 5
227 62 3
227 72 13
227 73 8
227 94 12
227 97 19
227 134 16
227 146 19
227 178 11
227 179 20
227 193 15
227 210 18
227 213 10
227 218 4
227 241 8
227 245 17
227 248 15
227 254 6
227 258 6
227 290 16
227 349 16
227 373 6
227 417 7
227 423 5
227 424 11
227 428 20
227 463 7
227 491 7
228 12 17
228 41 5
228 48 20
228 53 7
228 65 13
228 67 4
228 73 7
228 93 8
228 99 6
228 103 20
228 106 14
228 111 18
228 120 12
228 124 14
228 127 15
228 171 3
228 176 18
228 189 15
228 197 2
228 206 17
228 223 8
228 226 13
228 233 6
228 235 5
228 241 6
228 244 18
228 262 20
228 263 19
228 264 8
228 268 16
228 277 10
228 285 5
228 296 15
228 300 16
228 316 2
228 325 10
228 339 18
228 365 7
228 370 8
228 380 18
228 385 15
228 416 20
228 444 10
228 453 9
228 473 5
228 483 8
228 486 19
228 491 13
228 492 11
229 9 3
229 17 19
229 18 11
229 40 18
229 63 3
229 67 10
229 71 14
229 75 18
229 80 2
229 86 5
229 92 5
229 105 8
229 127 4
229 140 7
229 149 5
229 156 1
229 158 14
229 161 19
229 173 15
229 179 11
229 195 3
229 209 6
229 215 1
229 224 10
229 225 12
229 235 6
229 241 10
229 253 3
229 274 18
229 283 10
229 295 17
229 296 2
229 298 11
229 316 14
229 329 3
229 334 17
229 342 13
229 344 8
229 375 18
229 379 19
229 389 12
229 391 1
229 406 15
229 411 2
229 423 13
229 427 16
229 455 16
229 461 5
229 464 12
229 467 12
229 473 16
229 498 3
230 17 1
230 33 18
230 34 1
230 46 7
230 49 1
230 50 18
230 56 2
230 58 10
230 63 6
230 66 3
230 83 10
230 91 1
230 102 20
230 150 2
230 153 14
230 154 19
230 156 5
230 166 2
230 188 10
230 191 16
230 201 17
230 229 13
230 236 8
230 242 18
230 247 14
230 263 10
230 284 13
230 287 16
230 297 3
230 311 6
230 330 3
230 347 3
230 368 8
230 374 16
230 379 3
230 389 9
230 392 3
230 394 13
230 401 10
230 412 13
230 414 10
230 453 10
230 461 18
230 462 13
230 484 6
230 487 20
230 491 10
231 20 15
231 63 5
231 89 19
231 90 2
231 100 8
231 106 9
231 109 12
231 119 12
231 148 6
231 150 13
231 151 11
231 209 12
231 212 19
231 213 1
231 226 11
231 235 12
231 243 9
231 245 9
231 250 6
231 255 15
231 257 7
231 258 17
231 262 8
231 285 3
231 296 14
231 314 6
231 327 3
231 336 1
231 370 5
231 372 1
231 387 7
231 389 5
231 399 7
231 430 2
231 437 17
231 446 2
231 474 15
231 479 11
231 480 10
231 484 13
232 26 12
232 51 20
232 69 2
232 73 20
232 99 18
232 127 12
232 130 11
232 135 20
232 159 19
232 164 10
232 185 13
232 188 4
232 190 1
232 203 8
232 206 9
232 214 20
232 216 3
232 222 10
232 224 6
232 231 14
232 235 3
232 241 19
232 242 1
232 245 10
232 249 7
232 251 3
232 253 10
232 256 4
232 257 16
232 278 5
232 281 13
232 286 19
232 301 14
232 302 16
232 315 15
232 322 2
232 326 8
232 337 18
232 346 2
232 348 5
232 360 1
232 362 7
232 374 20
232 386 20
232 387 1
232 393 16
232 407 14
232 412 8
232 415 4
232 422 3
232 423 20
232 436 11
232 444 18
232 448 8
232 450 18
232 459 6
232 462 11
232 474 14
232 496 10
232 T 19
233 13 19
233 18 17
233 33 15
233 35 1
233 37 11
233 62 5
233 65 19
233 68 7
233 73 15
233 86 16
233 144 6
233 153 19
233 155 9
233 169 10
233 195 16
233 206 11
233 241 4
233 246 8
233 252 14
233 253 12
233 275 13
233 294 9
233 295 1
233 305 16
233 315 7
233 316 9
233 332 7
233 358 3
233 363 4
233 367 5
233 368 17
233 371 12
233 405 19
233 413 8
233 426 4
233 428 11
233 446 3
233 458 4
233 467 15
233 486 16
234 1 14
234 19 16
234 21 12
234 23 1
234 27 13
234 38 9
234 55 14
234 58 5
234 70 19
234 87 5
234 102 15
234 108 14
234 110 10
234 114 9
234 143 17
234 144 12
234 145 5
234 146 20
234 163 18
234 165 17
234 171 15
234 174 7
234 176 7
234 178 15
234 186 19
234 206 13
234 213 5
234 220 12
234 269 13
234 277 10
234 289 5
234 290 5
234 300 11
234 334 14
234 335 7
234 337 13
234 341 20
234 350 6
234 354 4
234 380 5
234 384 16
234 422 17
234 441 9
234 445 11
234 451 1
234 457 2
234 465 17
234 473 19
234 479 4
234 488 11
234 495 16
235 8 10
235 43 19
235 45 13
235 56 20
235 63 3
235 70 17
235 78 14
235 84 2
235 90 6
235 101 20
235 116 14
235 117 1
235 119 6
235 123 4
235 124 3
235 137 5
235 144 12
235 148 20
235 155 8
235 170 17
235 173 9
235 194 4
235 210 6
235 225 15
235 234 4
235 240 6
235 256 9
235 261 11
235 262 1
235 264 13
235 270 17
235 305 16
235 319 20
235 333 12
235 336 11
235 354 11
235 356 6
235 377 11
235 392 17
235 401 4
235 402 12
235 420 9
235 421 14
235 428 12
235 434 20
235 439 11
235 440 8
235 450 10
235 456 19
235 466 20
235 467 10
235 469 11
235 472 3
235 473 2
235 480 11
235 488 16
235 494 2
236 8 15
236 15 16
236 31 5
236 33 9
236 35 6
236 50 3
236 52 5
236 55 20
236 61 3
236 69 7
236 75 17
236 77 20
236 85 6
236 92 16
236 105 12
236 129 1
236 136 20
236 139 15
236 157 14
236 159 17
236 164 2
236 170 8
236 177 20
236 178 10
236 188 5
236 190 16
236 199 6
236 204 6
236 205 12
236 206 13
236 208 19
236 227 7
236 240 11
236 247 18
236 263 6
236 285 5
236 290 11
236 291 5
236 294 3
236 300 1
236 332 9
236 333 1
236 392 14
236 396 7
236 415 16
236 423 3
236 428 19
236 431 10
236 471 7
236 479 17
236 490 6
236 499 12
237 24 3
237 29 1
237 41 7
237 43 9
237 49 15
237 75 7
237 76 1
237 98 16
237 103 5
237 105 14
237 114 6
237 145 13
237 149 16
237 152 10
237 155 7
237 163 8
237 165 18
237 185 12
237 200 5
237 220 9
237 222 2
237 235 19
237 257 17
237 282 1
237 296 15
237 311 4
237 318 15
237 325 12
237 330 8
237 340 15
237 345 11
237 357 4
237 362 17
237 368 9
237 381 7
237 387 14
237 400 11
237 403 5
237 411 19
237 416 15
237 441 7
237 456 8
237 461 1
237 466 4
237 488 6
237 495 11
238 32 8
238 39 8
238 48 3
238 55 18
238 59 14
238 66 20
238 70 13
238 97 2
238 124 11
238 128 11
238 141 6
238 143 11
238 146 13
238 161 15
238 174 8
238 181 5
238 185 7
238 207 18
238 211 5
238 232 17
238 249 11
238 253 13
238 256 10
238 257 7
238 269 3
238 281 10
238 287 6
238 289 13
238 290 10
238 305 5
238 327 2
238 350 11
238 362 20
238 364 8
238 365 19
238 370 18
238 384 16
238 391 15
238 400 13
238 406 20
238 413 18
238 422 16
238 440 7
238 442 17
238 444 17
238 454 18
238 475 5
238 479 10
238 482 4
238 494 9
238 495 18
239 22 7
239 39 19
239 44 10
239 49 16
239 54 11
239 63 3
239 69 17
239 85 8
239 89 8
239 104 1
239 105 17
239 110 5
239 111 18
239 116 13
239 117 1
239 142 7
239 145 15
239 149 3
239 150 14
239 168 20
239 173 4
239 207 2
239 210 19
239 222 3
239 234 8
239 249 11
239 263 20
239 269 18
239 271 7
239 274 12
239 276 7
239 277 9
239 279 6
239 292 16
239 293 4
239 294 3
239 298 17
239 305 1
239 306 2
239 307 16
239 312 3
239 339 5
239 345 17
239 355 16
239 362 13
239 383 16
239 396 15
239 404 4
239 405 3
239 430 1
239 437 7
239 444 17
239 447 8
239 457 12
239 493 15
239 500 3
240 9 6
240 15 5
240 32 10
240 37 13
240 44 19
240 48 8
240 60 12
240 69 11
240 71 11
240 74 10
240 90 11
240 91 7
240 103 15
240 106 5
240 115 5
240 122 5
240 126 20
240 129 11
240 172 13
240 185 9
240 190 16
240 200 14
240 210 19
240 220 4
240 226 6
240 235 16
240 245 15
240 246 17
240 253 14
240 254 5
240 263 19
240 280 14
240 285 14
240 309 19
240 312 16
240 314 6
240 331 10
240 333 17
240 335 6
240 341 2
240 356 13
240 372 4
240 378 19
240 380 19
240 385 6
240 401 20
240 404 18
240 413 18
240 460 5
240 462 18
240 463 15
240 492 6
240 493 5
241 2 18
241 3 6
241 10 3
241 12 4
241 34 18
241 37 9
241 44 15
241 58 20
241 60 2
241 72 17
241 81 10
241 95 13
241 107 8
241 125 17
241 135 17
241 143 13
241 148 20
241 149 1
241 166 18
241 178 19
241 192 7
241 201 7
241 221 20
241 225 7
241 227 3
241 229 10
241 240 5
241 284 11
241 291 1
241 302 4
241 317 15
241 322 1
241 323 20
241 331 8
241 354 13
241 371 17
241 398 2
241 413 12
241 433 5
241 439 4
241 443 8
241 450 11
241 463 17
241 468 16
241 471 5
241 476 17
241 478 8
241 486 16
241 495 15
242 26 10
242 30 18
242 53 8
242 68 10
242 87 16
242 122 20
242 145 6
242 152 11
242 165 14
242 178 1
242 187 3
242 190 12
242 193 4
242 198 8
242 201 6
242 202 7
242 204 8
242 207 18
242 221 17
242 230 9
242 238 20
242 241 5
242 248 7
242 259 6
242 262 5
242 264 5
242 276 5
242 277 18
242 281 7
242 296 8
242 316 3
242 334 10
242 348 7
242 349 14
242 353 17
242 360 20
242 362 16
242 367 13
242 377 8
242 387 8
242 401 12
242 404 10
242 433 20
242 446 11
242 447 2
242 448 3
242 454 8
242 474 12
242 481 15
243 13 12
243 20 14
243 24 2
243 28 16
243 52 16
243 59 12
243 65 19
243 74 10
243 77 13
243 85 15
243 107 3
243 111 3
243 112 20
243 116 11
243 117 12
243 134 13
243 142 20
243 171 14
243 172 10
243 178 20
243 183 20
243 200 10
243 205 4
243 213 18
243 219 17
243 232 4
243 261 2
243 263 3
243 264 6
243 272 15
243 288 13
243 289 17
243 304 15
243 309 15
243 310 1
243 314 16
243 318 17
243 348 1
243 358 19
243 361 14
243 370 11
243 371 13
243 388 18
243 406 7
243 411 14
243 417 11
243 423 6
243 449 19
243 460 4
243 465 10
243 470 2
243 477 12
243 486 8
243 489 8
243 494 19
243 T 19
244 11 20
244 28 19
244 30 1
244 31 6
244 62 20
244 96 16
244 97 11
244 100 10
244 101 16
244 103 19
244 124 11
244 125 13
244 129 16
244 131 13
244 140 8
244 148 2
244 156 7
244 168 20
244 186 3
244 194 9
244 207 5
244 236 1
244 250 14
244 263 4
244 269 10
244 271 4
244 280 5
244 283 14
244 284 10
244 289 16
244 297 11
244 309 3
244 320 13
244 325 14
244 352 12
244 353 18
244 405 1
244 415 13
244 419 14
244 422 10
244 446 19
245 10 19
245 11 13
245 16 9
245 26 16
245 48 12
245 66 10
245 67 8
245 70 14
245 73 20
245 82 7
245 106 9
245 115 15
245 135 5
245 142 12
245 145 4
245 161 19
245 167 8
245 169 11
245 170 3
245 171 15
245 183 4
245 197 3
245 200 14
245 203 17
245 229 9
245 230 9
245 231 14
245 251 19
245 258 17
245 263 20
245 283 12
245 322 12
245 327 2
245 336 9
245 337 5
245 345 13
245 362 11
245 372 15
245 378 8
245 381 3
245 383 7
245 384 2
245 385 10
245 409 8
245 418 20
245 422 16
245 423 20
245 437 17
245 451 15
245 454 1
245 455 16
245 468 19
245 474 4
245 480 3
245 481 5
245 498 9
245 T 14
246 7 12
246 14 19
246 17 7
246 26 6
246 28 16
246 33 18
246 40 7
246 45 16
246 57 12
246 87 7
246 98 6
246 103 17
246 119 9
246 121 3
246 124 2
246 128 7
246 140 20
246 158 10
246 159 10
246 167 5
246 168 9
246 173 8
246 188 11
246 204 17
246 209 20
246 219 15
246 222 5
246 232 7
246 254 18
246 282 16
246 285 1
246 293 4
246 301 3
246 329 19
246 334 2
246 341 10
246 346 10
246 347 16
246 351 2
246 353 5
246 365 10
246 369 20
246 390 8
246 408 16
246 410 13
246 415 7
246 419 3
246 435 14
246 436 11
246 439 13
246 442 3
246 450 1
246 455 11
246 458 18
246 460 19
246 482 2
246 495 9
247 4 20
247 8 13
247 12 12
247 13 18
247 15 12
247 16 18
247 24 17
247 26 16
247 36 20
247 63 10
247 64 8
247 68 15
247 75 10
247 80 3
247 83 10
247 137 4
247 162 20
247 164 4
247 170 2
247 173 1
247 181 2
247 184 14
247 185 13
247 203 7
247 221 14
247 256 17
247 261 18
247 267 11
247 268 19
247 310 9
247 337 8
247 346 5
247 347 2
247 357 20
247 358 17
247 375 10
247 382 6
247 409 17
247 432 16
247 445 2
247 485 6
248 3 18
248 4 19
248 22 3
248 28 15
248 53 2
248 76 19
248 82 10
248 88 1
248 101 16
248 113 20
248 127 7
248 140 8
248 152 12
248 153 11
248 156 7
248 171 16
248 186 8
248 189 6
248 195 14
248 206 14
248 213 8
248 228 15
248 232 16
248 238 12
248 256 4
248 257 19
248 259 19
248 289 19
248 309 11
248 312 3
248 329 3
248 330 10
248 331 11
248 360 16
248 365 20
248 389 9
248 394 18
248 395 10
248 414 11
248 419 20
248 421 10
248 424 19
248 430 15
248 431 5
248 433 20
248 436 6
248 441 6
248 444 10
248 451 4
248 452 20
248 464 17
248 469 1
248 495 10
248 498 19
249 7 1
249 11 10
249 17 4
249 23 5
249 36 2
249 37 14
249 59 13
249 70 18
249 72 7
249 77 9
249 78 20
249 79 20
249 94 10
249 98 17
249 100 12
249 107 19
249 126 2
249 136 8
249 138 20
249 139 5
249 166 9
249 170 13
249 182 8
249 185 12
249 204 6
249 205 16
249 209 20
249 235 1
249 253 16
249 255 19
249 268 8
249 315 11
249 323 18
249 325 6
249 332 17
249 338 16
249 341 8
249 358 5
249 372 1
249 381 5
249 389 2
249 454 20
249 458 16
249 464 9
249 470 2
249 477 8
249 478 8
249 486 10
249 493 13
249 497 7
250 11 7
250 13 15
250 15 16
250 26 13
250 30 5
250 45 18
250 49 11
250 54 10
250 67 11
250 72 20
250 74 20
250 76 20
250 85 4
250 100 5
250 107 8
250 122 2
250 128 3
250 141 19
250 144 9
250 146 14
250 154 6
250 163 16
250 178 18
250 182 12
250 184 1
250 202 12
250 205 17
250 207 2
250 235 1
250 246 9
250 253 3
250 260 5
250 269 20
250 275 14
250 281 6
250 299 17
250 314 1
250 321 4
250 333 11
250 346 8
250 364 1
250 375 6
250 376 14
250 383 18
250 391 16
250 403 2
250 408 7
250 412 2
250 418 13
250 426 12
250 432 11
250 434 18
250 437 10
250 458 4
250 463 7
250 473 15
250 477 4
250 500 13
250 T 7
251 8 2
251 31 10
251 33 17
251 35 19
251 38 11
251 43 4
251 56 13
251 71 2
251 76 6
251 77 12
251 94 13
251 103 5
251 108 17
251 118 18
251 121 13
251 123 7
251 125 5
251 128 5
251 136 12
251 138 17
251 153 2
251 158 15
251 165 2
251 177 10
251 179 3
251 181 13
251 183 15
251 192 8
251 210 3
251 214 3
251 225 16
251 232 4
251 237 1
251 240 8
251 243 15
251 252 2
251 260 10
251 272 8
251 304 17
251 307 19
251 311 5
251 318 11
251 319 17
251 320 1
251 340 12
251 341 2
251 355 10
251 357 16
251 383 17
251 401 18
251 422 16
251 433 18
251 450 11
251 466 12
251 483 18
252 1 2
252 8 1
252 51 3
252 81 11
252 84 1
252 87 9
252 93 20
252 108 9
252 109 4
252 110 1
252 117 2
252 126 7
252 128 2
252 132 19
252 135 18
252 140 16
252 143 15
252 154 19
252 168 15
252 193 15
252 203 9
252 208 10
252 220 11
252 231 2
252 236 13
252 238 3
252 242 9
252 250 2
252 266 16
252 277 8
252 287 8
252 288 18
252 294 10
252 307 11
252 308 2
252 310 5
252 314 2
252 315 14
252 318 19
252 339 8
252 342 17
252 348 20
252 378 13
252 382 14
252 395 6
252 405 16
252 412 19
252 419 14
252 427 1
252 429 2
252 449 11
252 459 4
252 461 5
252 477 13
253 15 19
253 40 16
253 57 6
253 65 3
253 68 3
253 74 9
253 77 20
253 89 19
253 125 4
253 128 13
253 129 4
253 130 8
253 144 9
253 146 10
253 154 17
253 155 5
253 163 7
253 167 10
253 170 17
253 200 8
253 203 12
253 207 5
253 215 6
253 228 10
253 231 17
253 246 2
253 258 5
253 274 2
253 276 8
253 277 14
253 283 18
253 287 14
253 300 20
253 321 8
253 323 17
253 325 18
253 326 7
253 328 10
253 329 20
253 343 12
253 352 10
253 360 11
253 377 1
253 383 11
253 403 9
253 427 12
253 438 14
253 445 11
253 446 9
253 448 9
253 450 9
253 462 1
253 469 18
253 480 19
253 488 6
253 494 14
253 499 18
254 9 18
254 11 3
254 13 13
254 29 1
254 35 7
254 42 8
254 43 6
254 45 19
254 46 7
254 50 12
254 54 2
254 55 9
254 56 1
254 58 20
254 64 3
254 66 10
254 68 18
254 75 6
254 85 7
254 88 15
254 91 14
254 126 6
254 147 11
254 157 19
254 161 16
254 165 18
254 184 9
254 221 7
254 227 1
254 237 13
254 238 1
254 267 20
254 269 12
254 270 5
254 285 19
254 298 10
254 308 14
254 319 6
254 353 8
254 383 6
254 398 19
254 399 16
254 400 1
254 416 17
254 417 16
254 432 15
254 449 14
254 478 10
254 486 20
254 490 14
255 24 4
255 33 12
255 47 2
255 53 13
255 60 4
255 61 8
255 73 16
255 74 3
255 98 2
255 106 19
255 125 16
255 152 1
255 156 4
255 201 12
255 210 16
255 213 20
255 229 20
255 233 14
255 244 8
255 256 19
255 259 11
255 263 12
255 268 7
255 272 10
255 273 9
255 274 16
255 277 9
255 279 20
255 282 11
255 287 1
255 321 12
255 323 11
255 330 14
255 336 11
255 346 1
255 347 17
255 352 14
255 364 19
255 370 20
255 385 18
255 386 4
255 387 13
255 413 10
255 418 18
255 448 3
255 454 2
255 457 13
255 462 6
255 469 6
255 476 4
255 487 7
255 490 18
255 499 3
255 T 12
256 7 18
256 14 12
256 17 4
256 25 20
256 33 18
256 57 12
256 64 19
256 65 4
256 68 19
256 78 10
256 93 3
256 123 19
256 151 11
256 161 9
256 168 13
256 173 20
256 188 15
256 199 6
256 209 12
256 211 7
256 236 14
256 237 1
256 242 7
256 271 2
256 277 16
256 290 12
256 292 18
256 296 14
256 314 19
256 316 6
256 318 17
256 327 3
256 344 11
256 358 16
256 364 10
256 396 20
256 405 1
256 418 7
256 426 5
256 431 10
256 436 4
256 444 6
256 455 3
256 471 3
256 492 19
256 499 13
257 14 16
257 17 10
257 85 9
257 97 6
257 115 2
257 133 14
257 135 7
257 160 4
257 177 17
257 187 17
257 189 2
257 192 5
257 216 4
257 224 1
257 231 12
257 238 2
257 243 10
257 267 16
257 272 6
257 311 4
257 313 17
257 317 4
257 331 3
257 347 18
257 376 17
257 397 6
257 412 4
257 413 17
257 415 11
257 438 15
257 440 5
257 455 17
257 499 19
258 28 15
258 31 15
258 36 14
258 42 20
258 51 12
258 53 17
258 59 16
258 61 4
258 64 6
258 65 12
258 101 17
258 105 10
258 136 1
258 148 3
258 151 17
258 156 6
258 169 7
258 181 16
258 183 15
258 190 12
258 194 12
258 197 17
258 202 2
258 207 10
258 209 1
258 221 15
258 228 17
258 253 6
258 264 13
258 281 16
258 307 20
258 309 20
258 318 14
258 323 13
258 337 6
258 346 15
258 347 19
258 387 16
258 397 2
258 414 15
258 417 2
258 419 5
258 423 8
258 426 19
258 498 6
259 5 16
259 10 18
259 12 6
259 25 19
259 28 5
259 30 16
259 55 9
259 60 14
259 61 5
259 63 5
259 78 2
259 93 15
259 102 2
259 107 10
259 122 3
259 135 7
259 145 15
259 148 7
259 165 11
259 186 20
259 204 18
259 213 16
259 217 12
259 238 17
259 242 7
259 256 5
259 274 4
259 282 11
259 303 7
259 306 6
259 307 8
259 308 15
259 312 19
259 319 6
259 342 16
259 361 16
259 364 13
259 370 1
259 371 8
259 383 16
259 384 15
259 388 7
259 394 18
259 404 10
259 407 1
259 409 12
259 419 10
259 426 14
259 433 1
259 443 19
259 450 3
259 478 3
259 483 5
259 485 19
259 492 2
259 500 16
260 7 1
260 10 15
260 11 17
260 13 6
260 32 6
260 42 4
260 43 16
260 52 18
260 57 9
260 60 15
260 80 3
260 110 14
260 111 10
260 113 8
260 146 9
260 150 7
260 153 1
260 161 20
260 166 1
260 175 12
260 178 7
260 183 7
260 188 17
260 196 19
260 204 13
260 208 2
260 211 16
260 212 8
260 214 9
260 223 8
260 225 6
260 233 5
260 243 9
260 249 7
260 276 17
260 284 18
260 292 13
260 297 2
260 307 12
260 318 4
260 326 15
260 330 17
260 332 10
260 337 14
260 341 20
260 353 2
260 354 19
260 359 13
260 373 6
260 376 14
260 377 8
260 395 8
260 396 16
260 406 18
260 427 19
260 450 3
260 463 3
260 471 7
260 486 6
260 492 19
260 498 9
261 1 1
261 11 8
261 31 14
261 46 14
261 62 12
261 64 18
261 69 18
261 99 7
261 106 6
261 111 8
261 130 7
261 131 1
261 135 6
261 143 20
261 151 16
261 169 13
261 195 17
261 199 4
261 204 10
261 230 10
261 244 9
261 251 7
261 255 3
261 259 20
261 265 13
261 273 16
261 283 2
261 302 2
261 311 10
261 317 4
261 335 1
261 343 4
261 344 16
261 366 1
261 370 18
261 371 20
261 373 8
261 389 8
261 390 6
261 406 14
261 417 6
261 418 13
261 426 13
261 428 4
261 433 12
261 441 18
261 444 6
261 446 18
261 457 12
261 476 18
261 499 20
262 5 7
262 13 12
262 19 17
262 22 20
262 25 19
262 36 10
262 44 20
262 56 6
262 70 12
262 79 17
262 91 4
262 94 20
262 115 19
262 133 17
262 135 2
262 140 8
262 141 2
262 144 20
262 169 2
262 176 4
262 197 14
262 202 12
262 205 15
262 213 2
262 215 12
262 216 2
262 218 9
262 237 13
262 243 19
262 252 19
262 253 4
262 260 6
262 267 6
262 288 6
262 296 12
262 329 15
262 334 9
262 344 19
262 353 8
262 355 17
262 358 5
262 359 2
262 363 4
262 376 13
262 397 18
262 401 13
262 413 3
262 427 10
262 431 10
262 436 1
262 438 18
262 448 16
262 449 5
262 469 17
262 473 14
262 479 12
262 486 4
262 488 18
262 495 3
262 497 2
262 499 15
262 T 15
263 15 4
263 19 16
263 20 20
263 29 1
263 33 6
263 54 13
263 62 20
263 63 1
263 64 9
263 66 9
263 67 11
263 83 17
263 84 16
263 92 10
263 97 2
263 101 10
263 110 1
263 123 20
263 136 20
263 143 17
263 145 14
263 147 10
263 156 11
263 159 10
263 161 16
263 163 7
263 165 13
263 178 4
263 180 8
263 203 9
263 206 12
263 208 9
263 221 4
263 244 6
263 261 4
263 262 5
263 280 12
263 284 5
263 296 2
263 306 5
263 307 7
263 309 7
263 313 10
263 337 18
263 374 6
263 378 17
263 401 6
263 407 11
263 417 4
263 420 2
263 421 19
263 428 10
263 434 10
263 444 12
263 452 14
263 453 20
263 459 9
263 473 11
263 482 18
264 3 20
264 23 8
264 37 7
264 53 17
264 62 3
264 72 13
264 93 14
264 115 13
264 118 15
264 127 6
264 129 10
264 136 18
264 143 1
264 151 3
264 176 19
264 177 12
264 208 20
264 209 1
264 212 13
264 236 17
264 238 15
264 256 11
264 257 18
264 260 11
264 261 13
264 274 6
264 285 15
264 300 8
264 315 5
264 321 12
264 330 3
264 354 7
264 359 12
264 362 14
264 375 20
264 376 12
264 380 3
264 400 16
264 415 5
264 423 20
264 425 17
264 430 1
264 441 17
264 443 3
264 445 3
264 449 17
264 464 10
264 471 15
264 473 7
264 474 15
264 476 11
264 497 1
265 3 3
265 4 18
265 38 10
265 52 9
265 57 18
265 70 19
265 71 14
265 80 13
265 89 14
265 122 20
265 125 3
265 127 18
265 133 20
265 138 19
265 143 12
265 147 15
265 158 7
265 176 7
265 185 19
265 187 14
265 193 1
265 199 1
265 201 1
265 203 6
265 205 12
265 210 20
265 217 14
265 233 5
265 239 1
265 251 15
265 255 14
265 269 9
265 274 13
265 294 13
265 299 11
265 318 18
265 319 14
265 322 14
265 348 11
265 366 13
265 370 11
265 376 12
265 385 3
265 386 15
265 388 14
265 402 7
265 410 6
265 415 18
265 425 6
265 429 2
265 438 19
265 446 3
265 455 2
265 469 11
265 493 13
266 12 3
266 82 13
266 90 5
266 92 11
266 107 16
266 109 1
266 110 11
266 122 5
266 133 3
266 146 2
266 153 16
266 180 20
266 182 5
266 208 1
266 214 20
266 221 9
266 223 11
266 224 7
266 234 3
266 238 5
266 240 14
266 241 7
266 259 8
266 326 6
266 334 19
266 342 1
266 358 20
266 361 18
266 362 7
266 363 13
266 366 17
266 392 2
266 410 2
266 414 16
266 420 7
266 454 3
266 467 1
266 473 5
266 491 19
266 494 6
267 2 6
267 6 8
267 23 5
267 24 9
267 27 16
267 42 4
267 47 10
267 50 4
267 58 6
267 65 11
267 93 14
267 94 7
267 112 4
267 116 19
267 139 17
267 167 18
267 171 4
267 183 10
267 191 8
267 195 12
267 203 7
267 217 20
267 220 17
267 221 18
267 223 7
267 261 6
267 268 3
267 275 13
267 276 2
267 292 16
267 311 14
267 323 2
267 325 13
267 332 6
267 346 2
267 351 2
267 362 7
267 368 10
267 371 13
267 383 15
267 394 1
267 444 12
267 460 15
267 467 1
267 468 8
267 484 8
267 488 7
267 497 5
268 9 16
268 14 9
268 24 17
268 42 15
268 49 13
268 51 4
268 56 17
268 87 18
268 93 4
268 95 18
268 97 3
268 100 13
268 101 7
268 104 10
268 120 7
268 133 10
268 139 13
268 142 7
268 144 4
268 155 15
268 178 11
268 180 13
268 185 15
268 195 17
268 202 2
268 203 17
268 217 19
268 232 3
268 243 8
268 275 18
268 276 19
268 291 19
268 303 18
268 304 1
268 317 17
268 320 17
268 328 4
268 333 19
268 368 7
268 373 5
268 375 15
268 377 11
268 384 18
268 385 5
268 395 13
268 412 10
268 414 10
268 440 7
268 480 3
268 490 2
269 7 5
269 24 9
269 27 14
269 69 13
269 71 15
269 74 3
269 78 19
269 84 15
269 86 12
269 116 18
269 128 2
269 174 7
269 184 10
269 185 19
269 192 19
269 197 10
269 198 14
269 215 14
269 230 4
269 235 20
269 249 10
269 279 7
269 284 11
269 288 10
269 299 20
269 313 14
269 318 6
269 322 13
269 345 3
269 346 6
269 351 12
269 375 18
269 388 14
269 410 20
269 419 9
269 423 19
269 430 12
269 441 2
269 449 10
269 453 17
269 472 7
269 473 20
269 476 11
269 479 13
269 485 19
269 487 15
270 9 2
270 19 10
270 43 4
270 50 13
270 51 5
270 52 12
270 53 6
270 54 20
270 58 1
270 64 2
270 65 15
270 81 11
270 112 19
270 121 4
270 124 4
270 132 20
270 142 16
270 163 11
270 195 18
270 203 10
270 224 9
270 232 18
270 246 12
270 259 4
270 296 6
270 298 1
270 306 13
270 307 5
270 315 15
270 318 5
270 331 9
270 337 16
270 356 2
270 377 8
270 405 10
270 407 8
270 408 10
270 411 9
270 413 15
270 414 16
270 437 13
270 470 17
270 489 17
271 20 6
271 34 15
271 44 11
271 50 12
271 51 14
271 56 8
271 58 4
271 71 14
271 78 4
271 80 17
271 82 15
271 89 3
271 93 19
271 96 13
271 97 19
271 100 2
271 110 13
271 119 10
271 127 19
271 128 13
271 136 14
271 138 5
271 139 20
271 140 7
271 147 6
271 166 11
271 168 3
271 169 7
271 174 12
271 197 16
271 210 2
271 212 16
271 219 19
271 231 2
271 242 19
271 245 7
271 247 16
271 254 3
271 255 10
271 267 19
271 270 7
271 279 17
271 284 12
271 292 10
271 296 14
271 310 6
271 320 9
271 323 16
271 339 17
271 346 17
271 360 20
271 362 16
271 376 12
271 385 9
271 396 10
271 425 6
271 431 13
271 434 13
271 442 9
271 453 6
271 454 9
271 455 6
271 456 19
271 461 20
271 492 13
271 497 17
272 9 3
272 17 9
272 26 3
272 28 4
272 38 14
272 68 4
272 84 17
272 85 1
272 89 18
272 90 15
272 118 16
272 129 12
272 139 1
272 144 20
272 156 6
272 158 17
272 159 19
272 165 1
272 168 5
272 178 11
272 216 13
272 229 7
272 234 18
272 246 15
272 250 14
272 258 17
272 264 6
272 273 3
272 277 14
272 278 11
272 290 17
272 327 14
272 339 11
272 351 9
272 361 16
272 372 13
272 376 15
272 378 6
272 389 3
272 394 1
272 400 16
272 402 11
272 407 16
272 409 5
272 411 19
272 412 15
272 421 8
272 427 11
272 445 3
272 449 1
272 464 14
273 6 16
273 10 18
273 27 12
273 29 8
273 32 13
273 41 19
273 50 17
273 51 15
273 54 4
273 57 7
273 64 8
273 83 4
273 89 20
273 91 16
273 92 11
273 93 6
273 102 8
273 103 20
273 111 11
273 115 10
273 116 3
273 119 17
273 120 16
273 121 13
273 126 10
273 145 11
273 146 13
273 151 16
273 160 2
273 166 7
273 183 1
273 187 16
273 191 13
273 196 1
273 202 2
273 212 11
273 228 15
273 265 17
273 268 19
273 283 7
273 285 20
273 291 11
273 301 4
273 304 4
273 317 7
273 322 19
273 328 20
273 336 7
273 342 6
273 344 17
273 366 14
273 372 13
273 376 18
273 379 5
273 386 6
273 390 16
273 399 19
273 400 5
273 404 14
273 417 8
273 418 16
273 428 12
273 430 4
273 432 3
273 459 17
273 466 11
273 492 6
273 495 16
273 500 14
274 10 6
274 21 13
274 29 7
274 43 1
274 52 20
274 59 16
274 66 17
274 79 2
274 91 15
274 93 15
274 102 6
274 122 14
274 123 15
274 124 7
274 128 19
274 163 15
274 182 14
274 218 20
274 222 6
274 229 10
274 237 17
274 260 2
274 272 19
274 282 17
274 286 11
274 290 4
274 294 7
274 303 20
274 314 11
274 315 2
274 324 15
274 329 7
274 331 19
274 332 16
274 356 15
274 360 2
274 390 8
274 392 10
274 414 6
274 428 4
274 444 2
274 466 3
274 467 17
274 482 19
274 495 15
275 32 1
275 38 14
275 44 19
275 54 18
275 56 9
275 67 5
275 76 19
275 86 16
275 90 18
275 100 18
275 108 7
275 109 15
275 140 20
275 141 5
275 146 16
275 150 7
275 154 9
275 180 7
275 191 18
275 202 4
275 204 15
275 208 5
275 214 5
275 221 11
275 233 14
275 236 5
275 240 10
275 242 16
275 252 9
275 259 7
275 269 2
275 271 17
275 272 13
275 283 12
275 304 15
275 315 13
275 330 18
275 331 3
275 350 5
275 354 15
275 363 14
275 391 18
275 399 17
275 404 7
275 407 1
275 423 15
275 434 16
275 438 12
275 439 1
275 448 1
275 452 4
275 487 17
275 493 18
275 496 4
276 7 13
276 20 13
276 35 5
276 37 6
276 66 11
276 69 18
276 71 17
276 76 11
276 120 18
276 124 16
276 136 5
276 139 15
276 141 6
276 146 9
276 152 9
276 169 8
276 174 19
276 202 7
276 217 3
276 231 5
276 244 10
276 257 5
276 268 3
276 272 8
276 274 16
276 285 19
276 290 17
276 303 11
276 345 17
276 355 3
276 369 12
276 378 4
276 389 10
276 406 4
276 407 12
276 408 15
276 411 15
276 429 14
276 453 20
276 454 16
276 461 20
276 464 4
276 485 15
277 4 20
277 9 11
277 13 13
277 16 8
277 31 4
277 33 19
277 36 7
277 37 8
277 46 7
277 58 7
277 66 4
277 83 4
277 86 1
277 97 4
277 99 3
277 100 19
277 110 20
277 112 9
277 131 12
277 135 12
277 136 18
277 150 7
277 157 20
277 163 13
277 165 13
277 190 2
277 193 2
277 215 2
277 218 4
277 223 18
277 250 9
277 265 20
277 273 6
277 274 17
277 276 5
277 288 13
277 290 1
277 292 11
277 293 17
277 342 10
277 344 1
277 346 3
277 375 8
277 405 5
277 429 20
277 430 1
277 432 8
277 442 5
277 450 3
277 452 8
277 463 18
277 488 18
278 2 2
278 8 8
278 10 10
278 18 11
278 25 11
278 49 12
278 64 14
278 72 17
278 99 2
278 100 11
278 122 17
278 124 5
278 130 11
278 137 9
278 138 10
278 175 16
278 187 1
278 196 2
278 198 10
278 215 10
278 217 19
278 226 18
278 239 10
278 241 14
278 242 10
278 244 1
278 255 15
278 259 8
278 266 1
278 284 6
278 296 9
278 302 14
278 307 5
278 309 6
278 311 2
278 315 8
278 325 2
278 331 19
278 340 1
278 341 3
278 360 4
278 366 5
278 369 16
278 375 9
278 379 9
278 384 13
278 386 16
278 388 20
278 391 8
278 400 6
278 402 2
278 403 7
278 410 2
278 415 18
278 435 18
278 464 13
278 487 17
278 498 15
279 7 8
279 9 20
279 19 15
279 21 13
279 23 16
279 26 17
279 44 16
279 47 9
279 51 4
279 57 15
279 83 19
279 87 20
279 91 6
279 110 14
279 114 7
279 125 1
279 134 11
279 145 16
279 153 1
279 157 16
279 179 15
279 191 6
279 193 18
279 237 18
279 242 7
279 255 14
279 260 5
279 274 1
279 298 15
279 358 16
279 392 3
279 402 8
279 413 17
279 419 8
279 421 3
279 434 9
279 439 19
279 444 11
279 448 4
279 498 12
280 11 4
280 18 18
280 25 17
280 40 8
280 42 17
280 71 10
280 84 5
280 90 7
280 96 17
280 99 16
280 103 11
280 108 3
280 120 12
280 127 8
280 143 20
280 155 5
280 160 15
280 174 11
280 184 14
280 190 9
280 199 19
280 200 1
280 214 13
280 218 3
280 220 7
280 222 18
280 224 4
280 233 9
280 235 3
280 239 9
280 240 18
280 244 3
280 249 2
280 255 20
280 259 19
280 273 14
280 276 18
280 277 7
280 288 11
280 293 16
280 300 5
280 309 14
280 315 20
280 330 18
280 337 8
280 362 6
280 365 8
280 393 9
280 397 15
280 398 4
280 400 15
280 406 16
280 424 14
280 432 2
280 452 3
280 453 13
280 464 16
280 467 2
280 485 2
280 487 13
281 1 4
281 10 12
281 38 7
281 44 3
281 49 6
281 58 1
281 60 8
281 76 15
281 91 13
281 97 12
281 111 11
281 120 7
281 121 6
281 142 17
281 148 13
281 162 9
281 165 2
281 169 15
281 209 9
281 228 13
281 230 15
281 235 17
281 253 8
281 255 12
281 256 11
281 258 11
281 266 1
281 279 11
281 290 9
281 296 15
281 297 14
281 306 15
281 307 16
281 314 18
281 318 7
281 322 8
281 342 18
281 345 15
281 348 5
281 368 6
281 381 12
281 382 15
281 398 2
281 400 16
281 408 13
281 411 17
281 414 17
281 422 19
281 435 2
281 449 14
281 455 7
281 458 9
281 459 20
281 468 17
281 496 15
281 498 20
282 1 10
282 4 16
282 6 19
282 11 16
282 21 3
282 27 2
282 37 2
282 67 12
282 77 4
282 106 10
282 109 15
282 116 12
282 125 2
282 129 11
282 160 8
282 164 12
282 168 13
282 199 16
282 215 7
282 218 6
282 233 16
282 244 2
282 246 12
282 251 11
282 256 17
282 273 3
282 276 17
282 286 17
282 288 11
282 292 11
282 298 13
282 302 18
282 314 8
282 318 20
282 326 18
282 330 10
282 342 11
282 348 5
282 350 20
282 353 4
282 370 6
282 373 12
282 374 8
282 381 12
282 402 3
282 423 17
282 433 10
282 434 12
282 445 11
282 446 16
282 450 7
282 462 7
282 469 15
282 473 15
282 491 1
283 16 5
283 48 14
283 65 18
283 69 7
283 70 3
283 74 13
283 82 3
283 87 16
283 88 15
283 99 8
283 105 11
283 150 15
283 151 18
283 165 10
283 180 4
283 182 2
283 184 3
283 206 9
283 207 6
283 211 10
283 217 16
283 222 10
283 228 9
283 237 20
283 239 12
283 240 20
283 249 4
283 252 1
283 265 1
283 273 10
283 276 14
283 299 16
283 300 18
283 312 2
283 335 11
283 339 18
283 351 9
283 357 8
283 381 9
283 389 12
283 392 3
283 421 20
283 442 18
283 445 10
283 452 9
283 456 6
283 465 9
283 475 15
283 476 16
284 5 8
284 15 11
284 45 17
284 62 1
284 64 1
284 91 18
284 93 15
284 98 16
284 101 3
284 111 9
284 115 7
284 122 2
284 129 2
284 151 11
284 152 11
284 154 14
284 157 11
284 197 12
284 222 1
284 229 1
284 257 15
284 268 15
284 270 12
284 290 8
284 295 16
284 302 9
284 319 13
284 357 7
284 359 20
284 375 6
284 378 2
284 380 20
284 391 14
284 410 20
284 413 9
284 418 18
284 466 2
284 468 18
284 471 18
284 475 16
284 489 14
284 491 10
284 498 6
284 499 2
285 2 1
285 7 1
285 15 14
285 18 14
285 37 18
285 55 14
285 61 17
285 74 11
285 106 2
285 110 6
285 119 7
285 126 20
285 130 20
285 139 7
285 148 15
285 152 10
285 156 13
285 157 18
285 165 8
285 169 14
285 171 17
285 178 11
285 202 15
285 216 9
285 239 2
285 242 12
285 245 2
285 269 6
285 270 11
285 279 7
285 301 11
285 307 19
285 315 2
285 329 3
285 331 17
285 337 5
285 353 10
285 359 15
285 361 1
285 365 11
285 370 15
285 372 8
285 383 19
285 393 1
285 399 14
285 404 20
285 437 5
285 442 17
285 445 4
285 456 20
285 458 5
285 470 9
285 474 18
285 478 5
286 12 14
286 17 7
286 24 8
286 28 12
286 31 16
286 40 18
286 42 11
286 66 16
286 68 12
286 73 8
286 75 8
286 77 8
286 125 5
286 126 1
286 144 2
286 153 15
286 155 19
286 159 18
286 183 8
286 184 7
286 190 8
286 195 8
286 217 14
286 233 2
286 282 11
286 299 7
286 300 9
286 316 14
286 336 20
286 352 17
286 373 7
286 388 1
286 393 7
286 413 18
286 418 20
286 426 19
286 442 17
286 454 10
286 478 18
286 492 4
287 1 12
287 4 6
287 13 2
287 17 3
287 22 14
287 27 6
287 31 18
287 42 14
287 44 1
287 66 13
287 68 2
287 73 19
287 90 2
287 93 17
287 96 12
287 107 9
287 108 5
287 109 13
287 154 7
287 172 11
287 181 19
287 184 18
287 190 16
287 203 19
287 210 1
287 224 6
287 239 12
287 250 4
287 251 16
287 257 17
287 278 12
287 292 11
287 298 15
287 303 12
287 305 10
287 306 20
287 315 17
287 336 15
287 343 11
287 353 10
287 375 1
287 403 20
287 407 19
287 412 3
287 447 20
287 453 18
287 456 9
287 462 17
287 467 15
287 494 14
288 3 4
288 5 9
288 36 11
288 56 11
288 60 3
288 81 9
288 125 7
288 143 1
288 145 10
288 154 14
288 157 20
288 161 15
288 190 8
288 194 6
288 233 10
288 238 19
288 246 19
288 247 2
288 252 3
288 255 19
288 261 5
288 266 20
288 268 2
288 283 4
288 285 13
288 297 19
288 302 16
288 306 8
288 314 20
288 336 10
288 340 17
288 376 18
288 380 12
288 384 5
288 391 7
288 417 10
288 424 2
288 433 19
288 437 2
288 443 2
288 451 14
288 452 13
288 462 14
288 463 19
288 473 6
288 479 17
288 497 20
289 16 6
289 27 3
289 46 15
289 48 14
289 50 1
289 57 10
289 62 16
289 68 16
289 74 12
289 93 10
289 103 8
289 129 15
289 132 20
289 158 10
289 173 1
289 180 19
289 184 19
289 197 10
289 235 14
289 256 1
289 272 2
289 281 7
289 297 4
289 298 15
289 302 11
289 304 2
289 315 10
289 322 7
289 338 19
289 364 18
289 371 20
289 381 4
289 398 6
289 412 13
289 414 2
289 417 3
289 433 4
289 456 13
289 479 16
289 487 8
290 1 6
290 21 18
290 54 17
290 90 5
290 94 14
290 101 19
290 107 18
290 109 5
290 116 18
290 119 3
290 122 14
290 145 16
290 147 4
290 169 18
290 182 19
290 189 11
290 199 11
290 221 11
290 232 13
290 236 13
290 261 7
290 268 1
290 271 20
290 283 3
290 285 5
290 298 10
290 322 11
290 328 15
290 344 11
290 357 18
290 362 11
290 370 15
290 376 17
290 379 10
290 390 16
290 394 16
290 395 14
290 404 17
290 414 2
290 416 12
290 417 19
290 446 18
290 450 2
290 463 2
290 468 17
290 472 11
290 474 9
290 482 20
290 493 10
290 T 1
291 2 6
291 4 20
291 29 20
291 34 4
291 41 7
291 45 15
291 48 6
291 67 5
291 84 7
291 90 15
291 96 17
291 103 8
291 104 8
291 106 8
291 109 10
291 119 12
291 175 10
291 188 17
291 190 8
291 202 6
291 216 20
291 217 16
291 224 6
291 226 17
291 238 15
291 272 18
291 275 6
291 313 13
291 342 15
291 344 9
291 347 18
291 357 15
291 369 14
291 423 18
291 438 4
291 462 6
291 466 3
291 475 9
291 479 12
291 483 10
292 1 6
292 11 9
292 13 19
292 17 11
292 23 17
292 46 19
292 74 13
292 89 2
292 128 11
292 134 3
292 146 8
292 182 13
292 183 20
292 195 6
292 204 1
292 207 17
292 225 16
292 227 17
292 239 14
292 242 1
292 245 19
292 250 1
292 277 3
292 278 1
292 300 17
292 308 7
292 318 17
292 322 18
292 325 14
292 341 2
292 344 4
292 394 3
292 397 14
292 398 13
292 409 19
292 420 13
292 428 12
292 432 19
292 440 19
292 443 6
292 447 8
292 451 15
292 453 19
292 457 6
292 465 2
292 469 12
292 494 10
292 497 8
293 9 10
293 13 4
293 55 1
293 93 18
293 98 7
293 102 18
293 109 20
293 111 9
293 114 14
293 129 14
293 130 15
293 138 2
293 140 4
293 168 3
293 174 8
293 175 1
293 210 18
293 227 8
293 232 12
293 241 18
293 243 17
293 252 3
293 261 12
293 276 4
293 280 8
293 290 8
293 291 17
293 303 2
293 313 19
293 314 6
293 320 6
293 327 15
293 332 15
293 335 15
293 354 15
293 371 6
293 377 10
293 384 12
293 386 1
293 391 4
293 402 11
293 404 11
293 406 8
293 408 15
293 415 3
293 419 13
293 431 1
293 472 5
293 474 17
293 475 14
293 476 4
293 478 20
293 481 7
293 498 10
294 5 1
294 18 14
294 25 8
294 28 17
294 42 14
294 43 20
294 50 6
294 56 10
294 62 13
294 80 7
294 82 17
294 86 14
294 95 8
294 102 5
294 118 1
294 120 15
294 138 16
294 146 6
294 151 4
294 171 11
294 183 12
294 194 15
294 198 19
294 199 11
294 229 9
294 236 3
294 252 20
294 256 5
294 261 6
294 280 12
294 281 4
294 290 10
294 313 18
294 314 7
294 317 2
294 328 6
294 330 3
294 340 2
294 341 12
294 345 20
294 347 16
294 353 7
294 363 15
294 381 2
294 382 5
294 394 6
294 404 6
294 412 7
294 424 1
294 434 3
294 439 13
294 446 1
294 448 18
294 464 12
294 465 15
294 471 5
294 492 2
294 493 10
294 496 20
295 65 6
295 79 12
295 100 10
295 109 5
295 111 14
295 113 8
295 136 8
295 142 10
295 161 20
295 180 17
295 189 3
295 198 3
295 212 1
295 216 1
295 229 5
295 248 1
295 265 5
295 266 7
295 282 1
295 291 3
295 317 18
295 328 13
295 338 16
295 360 4
295 367 18
295 380 2
295 413 9
295 418 14
295 423 9
295 444 18
295 473 7
295 482 2
295 486 5
295 491 4
295 496 19
296 19 17
296 21 18
296 31 18
296 32 8
296 38 18
296 42 1
296 53 6
296 55 3
296 65 15
296 66 13
296 75 7
296 81 12
296 91 17
296 96 13
296 98 12
296 119 4
296 130 3
296 147 5
296 148 3
296 156 7
296 173 6
296 174 15
296 178 1
296 187 2
296 188 2
296 200 3
296 220 9
296 221 4
296 227 12
296 232 3
296 248 12
296 259 1
296 260 11
296 275 4
296 287 11
296 307 14
296 323 13
296 329 3
296 332 16
296 335 10
296 348 11
296 359 15
296 376 6
296 408 10
296 410 13
296 413 14
296 419 17
296 436 13
296 445 8
296 450 15
296 453 6
296 455 11
296 478 5
296 483 3
296 488 1
296 495 11
296 498 13
297 3 14
297 47 5
297 52 11
297 56 2
297 63 18
297 72 1
297 91 11
297 102 14
297 108 4
297 109 3
297 113 12
297 157 18
297 167 17
297 178 10
297 188 6
297 189 15
297 201 8
297 208 15
297 211 17
297 216 2
297 222 13
297 260 11
297 262 17
297 263 13
297 267 20
297 271 6
297 285 14
297 291 9
297 302 6
297 304 5
297 308 17
297 312 13
297 316 15
297 355 5
297 377 11
297 391 8
297 392 18
297 397 17
297 408 16
297 422 15
297 437 9
297 438 17
297 446 5
297 464 20
297 486 16
297 488 18
297 490 18
297 493 12
297 498 1
298 32 18
298 43 18
298 54 13
298 69 20
298 100 7
298 104 15
298 119 9
298 121 14
298 125 11
298 130 7
298 133 7
298 134 17
298 144 17
298 156 7
298 185 11
298 204 3
298 212 7
298 233 10
298 250 13
298 252 7
298 259 19
298 275 1
298 278 7
298 284 10
298 305 11
298 311 19
298 319 10
298 324 8
298 339 5
298 344 12
298 356 5
298 357 8
298 359 11
298 370 5
298 371 10
298 375 15
298 391 6
298 400 17
298 420 6
298 437 9
298 443 6
298 450 18
298 451 20
298 458 18
298 459 1
298 462 11
298 464 20
298 472 18
298 483 8
298 486 10
298 487 7
298 488 14
299 2 12
299 5 3
299 9 6
299 10 4
299 14 15
299 19 7
299 20 17
299 22 15
299 31 6
299 39 16
299 56 12
299 61 4
299 62 3
299 75 17
299 81 13
299 87 6
299 110 20
299 112 18
299 130 15
299 137 3
299 139 18
299 140 13
299 190 2
299 192 18
299 198 14
299 200 1
299 204 17
299 206 7
299 217 2
299 228 7
299 231 12
299 250 5
299 258 6
299 268 15
299 270 12
299 277 2
299 291 3
299 304 2
299 323 20
299 325 5
299 345 18
299 348 17
299 350 16
299 376 19
299 384 19
299 401 20
299 414 7
299 416 8
299 418 5
299 422 9
299 424 10
299 432 7
299 435 8
299 436 13
299 440 18
299 441 13
299 447 16
299 448 19
299 450 6
299 455 6
299 464 18
299 468 10
299 470 2
299 481 19
299 484 2
299 493 11
299 494 3
300 7 14
300 15 19
300 20 15
300 23 6
300 28 4
300 35 19
300 40 3
300 50 20
300 60 2
300 66 10
300 70 12
300 86 8
300 87 13
300 101 16
300 105 10
300 124 1
300 130 10
300 131 10
300 143 4
300 144 2
300 148 9
300 153 3
300 154 2
300 160 15
300 161 19
300 170 3
300 183 8
300 188 18
300 203 8
300 218 8
300 240 17
300 245 9
300 249 15
300 269 18
300 271 19
300 275 19
300 285 18
300 316 14
300 342 8
300 350 1
300 351 10
300 401 19
300 407 17
300 414 15
300 417 14
300 422 5
300 425 15
300 439 9
300 457 4
300 471 19
300 476 16
300 498 14
300 T 16
301 9 20
301 30 16
301 33 16
301 43 7
301 47 6
301 49 2
301 55 8
301 64 9
301 71 8
301 77 14
301 86 20
301 107 19
301 111 20
301 146 18
301 150 6
301 154 4
301 157 18
301 160 2
301 165 9
301 175 3
301 177 14
301 206 5
301 213 2
301 247 18
301 254 10
301 264 14
301 268 6
301 284 6
301 290 6
301 292 13
301 309 12
301 313 6
301 314 3
301 322 15
301 324 14
301 329 2
301 337 7
301 346 4
301 355 15
301 371 2
301 381 11
301 402 10
301 405 8
301 413 5
301 422 20
301 435 3
301 441 2
301 448 2
301 454 6
301 457 16
301 463 4
301 469 16
301 473 8
301 475 13
301 476 5
301 480 11
301 494 7
302 13 13
302 20 17
302 22 16
302 41 15
302 56 3
302 59 9
302 77 13
302 108 3
302 114 17
302 125 14
302 127 7
302 130 18
302 137 9
302 146 1
302 163 20
302 171 20
302 180 14
302 193 10
302 198 12
302 208 18
302 242 7
302 245 18
302 248 19
302 249 18
302 254 19
302 279 18
302 288 11
302 289 9
302 291 1
302 293 7
302 310 19
302 315 17
302 328 17
302 342 20
302 346 13
302 353 4
302 360 1
302 367 8
302 384 12
302 385 9
302 409 9
302 412 7
302 421 6
302 425 18
302 428 20
302 429 10
302 467 3
302 487 7
302 498 9
303 3 10
303 6 11
303 8 6
303 37 16
303 75 16
303 94 9
303 115 14
303 142 9
303 146 12
303 149 14
303 151 13
303 168 3
303 175 20
303 180 12
303 193 15
303 196 14
303 206 11
303 209 12
303 219 3
303 220 16
303 221 11
303 223 12
303 235 19
303 239 12
303 267 18
303 279 4
303 284 5
303 298 17
303 340 18
303 344 11
303 347 1
303 374 4
303 379 3
303 383 13
303 393 12
303 399 9
303 400 3
303 402 18
303 403 7
303 439 1
303 450 16
303 454 17
303 473 13
303 481 13
303 487 19
303 488 8
303 499 14
303 T 13
304 1 2
304 11 10
304 20 3
304 26 18
304 34 1
304 45 5
304 54 4
304 55 12
304 75 16
304 76 2
304 91 1
304 93 14
304 110 7
304 113 18
304 120 2
304 122 11
304 135 10
304 165 18
304 173 1
304 183 2
304 185 3
304 186 18
304 192 8
304 198 4
304 212 17
304 217 10
304 221 10
304 231 18
304 232 13
304 234 5
304 241 20
304 243 14
304 277 20
304 279 3
304 290 15
304 298 16
304 307 11
304 313 16
304 324 6
304 331 2
304 333 3
304 337 11
304 338 11
304 342 16
304 362 1
304 382 9
304 389 10
304 395 14
304 397 14
304 413 16
304 442 8
304 445 3
304 446 13
304 456 18
304 467 5
304 488 11
305 12 6
305 14 8
305 28 15
305 37 20
305 41 13
305 48 14
305 49 17
305 63 5
305 73 14
305 79 10
305 96 6
305 103 12
305 127 16
305 143 8
305 160 6
305 165 1
305 172 1
305 183 12
305 188 15
305 211 15
305 224 18
305 247 18
305 269 2
305 270 12
305 291 16
305 293 12
305 299 1
305 300 15
305 301 10
305 302 14
305 320 20
305 322 3
305 332 7
305 334 4
305 344 16
305 352 12
305 354 20
305 362 2
305 364 12
305 381 19
305 384 9
305 400 19
305 414 8
305 415 19
305 426 9
305 462 3
305 474 20
305 480 17
305 485 3
305 490 12
306 4 4
306 6 6
306 11 10
306 13 10
306 47 14
306 55 3
306 57 15
306 81 14
306 88 5
306 95 11
306 99 13
306 103 3
306 107 17
306 132 5
306 146 10
306 178 16
306 194 4
306 197 17
306 217 1
306 225 17
306 234 15
306 260 14
306 277 5
306 292 12
306 295 1
306 315 6
306 316 15
306 318 16
306 319 3
306 330 1
306 342 3
306 344 10
306 353 4
306 355 10
306 364 8
306 389 7
306 396 16
306 400 17
306 425 6
306 428 12
306 429 9
306 432 3
306 437 8
306 438 20
306 439 19
306 440 6
306 445 15
306 464 5
306 467 16
306 479 10
306 480 4
306 488 18
307 14 9
307 31 13
307 34 5
307 61 10
307 82 9
307 85 7
307 95 7
307 105 11
307 111 20
307 128 7
307 130 6
307 132 9
307 140 5
307 159 5
307 160 9
307 161 3
307 174 4
307 176 19
307 190 8
307 195 4
307 197 13
307 202 19
307 217 4
307 237 12
307 239 7
307 244 20
307 246 13
307 251 11
307 257 5
307 268 8
307 275 3
307 302 12
307 312 1
307 352 7
307 384 6
307 400 11
307 413 13
307 426 20
307 434 3
307 436 11
307 438 6
307 451 8
307 464 14
307 479 15
307 487 15
307 491 2
307 494 8
307 497 6
308 13 18
308 16 15
308 28 12
308 36 8
308 52 20
308 73 1
308 78 20
308 82 13
308 120 8
308 145 18
308 149 11
308 156 10
308 163 5
308 164 8
308 190 10
308 193 17
308 206 20
308 212 19
308 230 2
308 249 4
308 259 17
308 266 12
308 297 5
308 334 9
308 355 11
308 367 13
308 377 2
308 381 10
308 394 12
308 397 11
308 427 15
308 444 13
308 445 18
308 469 1
308 472 19
308 477 14
308 500 17
309 19 10
309 30 15
309 33 4
309 35 8
309 37 17
309 48 13
309 49 8
309 53 14
309 62 3
309 87 4
309 97 10
309 109 3
309 121 2
309 127 14
309 129 13
309 149 20
309 153 15
309 163 3
309 176 20
309 179 17
309 190 2
309 223 2
309 234 14
309 235 20
309 241 10
309 261 13
309 267 6
309 269 1
309 272 1
309 281 4
309 295 20
309 313 13
309 315 6
309 322 7
309 330 4
309 336 13
309 348 14
309 357 10
309 359 15
309 376 19
309 381 4
309 382 5
309 384 14
309 396 9
309 400 18
309 402 7
309 405 14
309 429 2
309 430 3
309 448 20
309 450 4
309 453 6
309 459 11
309 468 11
309 476 3
309 477 15
309 487 13
309 488 19
309 496 2
310 18 18
310 23 19
310 29 17
310 49 5
310 54 12
310 57 16
310 73 2
310 104 5
310 136 20
310 138 4
310 145 16
310 151 10
310 157 16
310 169 20
310 203 3
310 212 7
310 214 8
310 227 5
310 251 2
310 254 1
310 257 14
310 270 18
310 277 4
310 282 5
310 285 18
310 327 4
310 364 15
310 372 10
310 374 20
310 395 19
310 396 2
310 407 4
310 411 11
310 426 4
310 432 2
310 434 4
310 443 13
310 444 17
310 445 20
310 457 17
310 466 9
310 469 16
310 470 9
310 476 17
310 477 16
310 480 4
310 490 6
311 15 5
311 27 20
311 32 15
311 34 11
311 35 4
311 43 4
311 44 7
311 45 6
311 52 15
311 58 20
311 60 11
311 69 16
311 93 15
311 95 11
311 100 5
311 105 1
311 127 9
311 147 4
311 153 15
311 169 6
311 172 20
311 174 17
311 190 6
311 204 14
311 221 11
311 226 5
311 230 2
311 247 10
311 271 12
311 283 6
311 290 11
311 293 3
311 297 12
311 305 18
311 307 3
311 309 16
311 330 19
311 356 3
311 378 15
311 380 14
311 384 18
311 388 15
311 389 2
311 390 18
311 397 5
311 398 11
311 399 7
311 406 5
311 408 19
311 410 7
311 426 5
311 429 12
311 432 19
311 434 7
311 447 16
311 453 18
311 456 17
311 457 7
311 458 7
311 468 12
311 479 5
312 1 19
312 12 12
312 15 4
312 17 2
312 30 12
312 40 18
312 42 14
312 54 18
312 73 5
312 76 18
312 80 13
312 86 9
312 89 3
312 111 12
312 119 18
312 121 12
312 134 6
312 139 8
312 140 20
312 144 18
312 160 4
312 166 4
312 167 2
312 170 5
312 198 7
312 204 7
312 210 15
312 238 4
312 258 2
312 259 10
312 265 19
312 269 7
312 278 11
312 324 9
312 328 2
312 341 1
312 342 20
312 348 10
312 353 10
312 368 9
312 372 15
312 373 10
312 376 10
312 382 14
312 384 16
312 399 7
312 441 9
312 447 1
312 466 15
312 474 8
312 477 19
312 478 19
312 489 6
312 491 8
312 T 8
313 1 19
313 6 11
313 10 1
313 28 3
313 32 9
313 44 11
313 47 15
313 54 2
313 71 6
313 79 12
313 93 8
313 129 7
313 132 18
313 153 9
313 160 17
313 169 3
313 178 19
313 182 3
313 194 15
313 196 13
313 197 13
313 201 17
313 203 8
313 245 15
313 246 9
313 255 19
313 259 16
313 278 14
313 291 1
313 306 8
313 321 12
313 326 1
313 328 16
313 333 16
313 337 3
313 343 11
313 345 4
313 360 6
313 366 18
313 385 19
313 416 15
313 419 8
313 425 11
313 446 17
313 456 11
313 459 15
313 465 10
313 474 20
313 494 10
314 19 20
314 23 18
314 25 14
314 29 14
314 30 1
314 49 7
314 79 7
314 86 11
314 106 9
314 125 9
314 126 2
314 135 20
314 149 16
314 150 10
314 162 18
314 196 8
314 203 15
314 209 6
314 212 2
314 223 10
314 226 11
314 236 20
314 239 1
314 252 9
314 262 7
314 278 5
314 282 2
314 284 15
314 297 18
314 298 5
314 300 5
314 305 14
314 318 20
314 322 1
314 323 10
314 329 10
314 341 8
314 352 18
314 356 3
314 372 13
314 379 6
314 380 5
314 388 6
314 390 1
314 397 14
314 401 11
314 413 16
314 423 12
314 468 18
314 479 18
314 498 11
315 4 12
315 33 1
315 34 12
315 35 3
315 45 9
315 48 7
315 59 5
315 66 17
315 75 15
315 101 18
315 120 20
315 122 4
315 145 9
315 158 11
315 166 15
315 167 14
315 168 17
315 172 16
315 175 19
315 182 11
315 183 1
315 190 12
315 193 10
315 195 4
315 201 1
315 212 7
315 228 10
315 229 14
315 241 6
315 242 4
315 252 7
315 253 18
315 258 13
315 259 17
315 263 13
315 294 11
315 297 1
315 300 7
315 306 12
315 330 6
315 371 18
315 377 15
315 390 8
315 412 12
315 430 12
315 437 20
315 440 3
315 451 11
315 467 9
315 475 5
315 477 20
315 481 10
315 482 13
315 485 6
315 T 14
316 2 7
316 38 9
316 45 8
316 49 18
316 54 8
316 67 20
316 77 18
316 86 15
316 92 9
316 99 7
316 114 9
316 130 20
316 132 3
316 165 9
316 173 13
316 179 17
316 181 4
316 184 4
316 193 11
316 202 14
316 203 8
316 204 9
316 205 12
316 208 18
316 211 4
316 212 3
316 242 13
316 244 1
316 254 3
316 265 5
316 292 8
316 295 1
316 340 6
316 348 13
316 359 9
316 361 17
316 362 8
316 370 6
316 401 13
316 406 11
316 407 15
316 429 16
316 432 15
316 438 12
316 448 8
316 459 16
316 467 3
317 36 8
317 40 14
317 52 11
317 54 1
317 57 20
317 107 17
317 128 1
317 131 10
317 148 8
317 162 12
317 167 6
317 183 5
317 205 13
317 212 4
317 219 3
317 222 5
317 227 12
317 228 4
317 232 7
317 264 5
317 283 13
317 287 3
317 290 19
317 293 16
317 295 13
317 316 11
317 323 18
317 331 2
317 353 11
317 372 4
317 381 13
317 385 19
317 407 17
317 409 20
317 422 10
317 426 4
317 432 15
317 438 2
317 439 16
317 440 16
317 450 7
317 485 11
317 499 11
318 1 14
318 14 13
318 17 16
318 20 10
318 34 17
318 38 14
318 43 13
318 50 18
318 56 6
318 62 9
318 67 9
318 75 16
318 77 13
318 88 9
318 101 9
318 104 11
318 117 10
318 124 18
318 151 10
318 163 17
318 165 10
318 185 9
318 262 6
318 273 3
318 275 18
318 276 2
318 281 14
318 296 18
318 302 10
318 303 5
318 328 2
318 330 20
318 341 7
318 362 2
318 371 8
318 394 18
318 402 15
318 411 7
318 421 11
318 442 3
318 449 16
318 454 12
318 459 1
318 469 16
318 499 8
319 3 7
319 26 4
319 41 3
319 51 7
319 65 15
319 70 9
319 71 17
319 113 2
319 136 3
319 147 5
319 156 2
319 171 6
319 175 17
319 183 3
319 186 12
319 189 16
319 190 11
319 211 17
319 213 12
319 269 7
319 298 19
319 311 5
319 318 11
319 347 20
319 349 7
319 372 18
319 392 7
319 397 4
319 405 10
319 408 6
319 425 11
319 426 1
319 432 9
319 433 4
319 437 7
319 455 2
319 479 7
319 482 8
320 14 1
320 30 15
320 36 10
320 39 3
320 44 6
320 56 18
320 75 18
320 79 1
320 88 4
320 92 6
320 99 5
320 101 7
320 109 17
320 111 1
320 114 1
320 136 5
320 153 5
320 154 5
320 171 7
320 174 20
320 190 5
320 195 19
320 199 11
320 200 20
320 210 9
320 222 12
320 224 9
320 229 19
320 235 7
320 259 7
320 271 6
320 287 19
320 293 16
320 308 19
320 319 7
320 334 6
320 341 11
320 353 19
320 384 12
320 416 8
320 422 4
320 426 2
320 443 17
320 467 1
320 471 10
320 473 9
320 480 17
320 484 2
321 5 12
321 13 15
321 17 17
321 18 19
321 19 7
321 20 14
321 34 19
321 35 5
321 48 16
321 71 8
321 73 14
321 75 12
321 77 7
321 79 16
321 84 8
321 92 16
321 96 8
321 111 20
321 135 16
321 144 7
321 148 11
321 162 4
321 168 7
321 175 10
321 177 2
321 187 11
321 197 18
321 261 20
321 264 12
321 269 14
321 274 5
321 279 12
321 285 17
321 290 3
321 296 9
321 314 20
321 327 11
321 335 18
321 344 16
321 351 4
321 355 15
321 361 1
321 400 1
321 407 2
321 417 9
321 420 18
321 424 18
321 451 15
321 478 13
321 485 1
322 8 7
322 36 8
322 50 20
322 55 14
322 56 11
322 60 20
322 80 4
322 93 20
322 100 1
322 109 9
322 121 5
322 124 2
322 126 1
322 136 14
322 144 15
322 151 20
322 174 20
322 194 10
322 214 11
322 217 1
322 224 6
322 230 16
322 238 9
322 244 9
322 276 15
322 286 17
322 292 11
322 303 5
322 323 14
322 327 10
322 335 15
322 380 9
322 383 12
322 387 5
322 389 13
322 390 17
322 391 3
322 392 19
322 400 5
322 401 2
322 403 10
322 426 8
322 447 15
322 449 6
322 451 5
322 453 13
322 461 5
322 476 11
322 477 4
322 478 16
322 494 17
322 496 4
322 T 12
323 16 13
323 22 3
323 33 4
323 40 7
323 71 9
323 86 12
323 113 16
323 123 7
323 142 4
323 164 15
323 178 13
323 182 4
323 184 20
323 185 5
323 190 12
323 194 9
323 200 4
323 203 12
323 204 15
323 206 5
323 209 11
323 216 7
323 239 15
323 268 17
323 273 11
323 274 13
323 280 11
323 286 7
323 296 16
323 325 9
323 337 4
323 339 9
323 340 16
323 351 3
323 361 19
323 363 17
323 372 17
323 385 15
323 387 18
323 395 18
323 430 14
323 445 9
323 447 3
323 452 4
323 467 5
323 478 17
323 479 2
323 486 6
324 7 20
324 24 20
324 30 17
324 43 2
324 45 18
324 59 7
324 68 5
324 77 4
324 78 17
324 79 16
324 83 2
324 89 7
324 92 18
324 94 8
324 96 13
324 102 19
324 116 4
324 121 18
324 122 9
324 130 8
324 143 20
324 146 2
324 151 6
324 153 6
324 159 13
324 162 15
324 171 9
324 174 7
324 176 2
324 180 7
324 182 16
324 187 12
324 196 8
324 201 5
324 204 13
324 208 16
324 234 3
324 238 5
324 241 11
324 245 5
324 271 11
324 280 3
324 281 12
324 282 12
324 291 2
324 295 15
324 305 18
324 309 10
324 326 14
324 346 11
324 358 11
324 359 8
324 366 2
324 385 8
324 401 1
324 407 8
324 410 17
324 443 4
324 445 10
324 452 12
324 462 3
324 473 18
324 475 5
324 483 7
324 494 9
324 495 15
325 3 2
325 11 16
325 15 11
325 32 12
325 33 5
325 45 17
325 52 1
325 75 19
325 78 14
325 81 10
325 137 8
325 146 6
325 151 11
325 169 17
325 173 3
325 176 5
325 192 6
325 198 15
325 200 5
325 212 2
325 218 16
325 219 4
325 240 15
325 247 17
325 251 16
325 252 11
325 253 7
325 259 11
325 278 7
325 279 17
325 281 12
325 282 8
325 294 15
325 302 9
325 307 7
325 316 9
325 336 17
325 340 3
325 341 12
325 346 1
325 360 13
325 365 15
325 371 15
325 374 12
325 378 7
325 391 3
325 393 6
325 394 8
325 402 8
325 406 15
325 432 17
325 436 1
325 437 6
325 448 14
325 449 3
325 459 3
325 460 17
325 480 16
326 15 13
326 19 10
326 36 10
326 63 12
326 65 2
326 72 12
326 97 9
326 107 4
326 111 16
326 158 1
326 187 15
326 188 2
326 192 4
326 196 18
326 207 10
326 213 14
326 226 11
326 227 11
326 230 4
326 236 14
326 239 4
326 243 13
326 256 12
326 262 10
326 271 1
326 278 15
326 281 13
326 286 15
326 293 18
326 302 10
326 303 18
326 313 8
326 316 19
326 318 14
326 329 14
326 346 8
326 355 5
326 356 12
326 372 20
326 375 7
326 376 8
326 380 19
326 397 16
326 406 10
326 407 1
326 417 1
326 459 4
326 471 10
326 487 17
326 493 9
326 500 10
327 9 4
327 17 11
327 22 1
327 28 10
327 35 3
327 50 15
327 60 7
327 73 14
327 80 8
327 86 14
327 119 14
327 128 10
327 133 4
327 139 7
327 169 11
327 175 8
327 184 11
327 196 17
327 198 10
327 202 4
327 204 19
327 206 4
327 214 16
327 215 4
327 216 13
327 230 17
327 237 13
327 240 4
327 248 16
327 291 1
327 295 7
327 298 4
327 312 6
327 314 14
327 315 8
327 326 15
327 329 1
327 364 11
327 382 5
327 385 17
327 411 5
327 418 9
327 450 17
327 454 5
327 471 12
327 485 6
327 490 3
327 492 2
327 498 6
327 499 10
328 3 14
328 14 18
328 17 6
328 24 17
328 41 17
328 42 14
328 44 2
328 77 20
328 88 19
328 94 15
328 103 15
328 120 10
328 129 20
328 134 7
328 138 19
328 148 14
328 171 2
328 180 4
328 230 8
328 231 16
328 233 18
328 234 13
328 263 16
328 271 15
328 275 10
328 277 6
328 280 1
328 295 1
328 298 13
328 313 8
328 324 11
328 329 19
328 340 14
328 355 14
328 363 14
328 365 17
328 383 16
328 389 2
328 392 2
328 395 13
328 401 4
328 402 1
328 403 7
328 406 4
328 407 7
328 408 7
328 433 2
328 437 6
328 457 10
328 459 9
328 476 8
328 479 18
328 495 11
329 9 10
329 48 1
329 58 19
329 59 16
329 68 13
329 92 14
329 95 13
329 109 19
329 110 2
329 115 13
329 135 11
329 145 16
329 149 6
329 157 9
329 161 10
329 205 13
329 215 9
329 220 12
329 234 12
329 242 18
329 246 16
329 250 11
329 261 6
329 263 20
329 291 1
329 306 3
329 322 11
329 334 19
329 345 2
329 369 18
329 382 14
329 397 10
329 409 20
329 432 19
329 458 9
329 471 15
329 498 11
330 1 13
330 12 5
330 13 19
330 18 6
330 24 7
330 60 12
330 72 2
330 75 15
330 78 9
330 92 3
330 96 20
330 105 10
330 111 5
330 118 11
330 122 2
330 177 17
330 196 20
330 199 12
330 216 10
330 220 7
330 233 1
330 241 19
330 258 17
330 279 17
330 286 3
330 291 3
330 297 8
330 308 15
330 309 18
330 315 5
330 319 12
330 331 15
330 335 17
330 357 8
330 360 16
330 370 19
330 374 9
330 376 19
330 389 16
330 401 13
330 420 9
330 454 5
330 463 7
330 473 11
330 480 14
330 482 16
330 496 15
331 1 6
331 6 19
331 19 6
331 21 12
331 34 14
331 43 13
331 46 13
331 57 12
331 71 9
331 75 10
331 76 8
331 83 19
331 92 7
331 100 8
331 106 15
331 135 7
331 150 13
331 191 3
331 203 4
331 210 11
331 218 14
331 233 1
331 240 4
331 245 15
331 250 13
331 273 13
331 300 18
331 310 12
331 315 2
331 316 15
331 320 4
331 323 20
331 330 10
331 341 6
331 361 10
331 387 13
331 391 3
331 435 13
331 450 12
331 454 9
331 467 2
331 499 1
332 7 13
332 17 17
332 21 4
332 25 15
332 47 9
332 80 15
332 87 13
332 106 11
332 117 20
332 129 8
332 131 4
332 138 14
332 143 20
332 182 5
332 193 16
332 194 10
332 200 3
332 221 5
332 227 13
332 236 11
332 239 18
332 251 17
332 254 16
332 260 14
332 274 14
332 276 12
332 285 3
332 322 19
332 336 20
332 337 20
332 338 8
332 339 9
332 350 16
332 361 19
332 387 1
332 391 18
332 396 13
332 416 8
332 417 11
332 423 20
332 440 8
332 447 3
332 451 4
332 477 16
332 487 8
332 491 6
332 493 6
332 498 5
333 10 4
333 12 3
333 16 12
333 36 1
333 44 16
333 55 15
333 58 8
333 61 11
333 64 12
333 71 6
333 80 18
333 96 6
333 104 16
333 116 17
333 117 10
333 122 7
333 132 7
333 139 17
333 163 12
333 167 5
333 175 20
333 185 17
333 189 13
333 191 6
333 204 20
333 209 7
333 219 11
333 224 17
333 228 4
333 229 20
333 232 20
333 247 3
333 255 8
333 276 3
333 289 16
333 319 2
333 351 13
333 372 2
333 394 10
333 400 13
333 403 18
333 422 8
333 427 2
333 438 15
333 441 11
333 468 6
333 473 13
334 2 17
334 4 19
334 11 12
334 13 19
334 14 8
334 30 15
334 42 17
334 45 6
334 72 10
334 75 19
334 92 4
334 104 7
334 113 11
334 114 8
334 117 17
334 134 13
334 152 1
334 190 16
334 196 11
334 217 20
334 221 16
334 225 1
334 233 7
334 239 14
334 242 17
334 245 18
334 262 3
334 264 20
334 275 17
334 281 20
334 285 7
334 298 17
334 299 6
334 300 9
334 309 3
334 312 14
334 342 17
334 356 13
334 359 15
334 363 2
334 377 12
334 389 11
334 412 14
334 420 8
334 441 1
334 446 11
334 450 4
334 461 13
334 468 12
334 470 14
334 472 18
334 473 7
334 478 4
334 487 3
335 6 19
335 8 3
335 10 19
335 27 4
335 29 2
335 50 17
335 67 20
335 69 12
335 107 16
335 141 15
335 142 16
335 147 8
335 163 17
335 168 10
335 177 20
335 192 3
335 195 17
335 196 15
335 212 19
335 218 15
335 221 8
335 223 17
335 226 15
335 233 19
335 241 15
335 243 5
335 248 5
335 254 4
335 269 17
335 275 9
335 279 5
335 288 5
335 307 16
335 309 6
335 315 20
335 321 10
335 333 3
335 338 17
335 342 5
335 348 15
335 356 17
335 357 16
335 365 5
335 369 6
335 398 20
335 403 17
335 407 2
335 408 9
335 426 1
335 451 12
335 456 15
335 461 8
335 479 9
335 495 4
335 497 11
336 23 1
336 24 17
336 33 13
336 46 6
336 50 19
336 59 9
336 60 17
336 72 20
336 80 2
336 82 4
336 84 5
336 90 3
336 93 1
336 101 1
336 108 4
336 109 9
336 119 16
336 121 16
336 135 10
336 148 9
336 161 12
336 162 16
336 181 18
336 204 14
336 209 2
336 220 11
336 225 17
336 232 19
336 246 14
336 251 3
336 254 9
336 263 12
336 273 1
336 281 5
336 287 19
336 299 8
336 301 18
336 306 14
336 338 16
336 343 10
336 350 6
336 351 16
336 374 17
336 385 15
336 416 1
336 426 13
336 439 8
336 443 2
336 447 10
336 450 8
336 458 1
336 460 10
336 463 9
336 472 15
336 487 11
336 488 1
336 490 8
336 495 16
336 497 13
337 1 9
337 14 17
337 30 14
337 33 4
337 38 18
337 65 14
337 69 12
337 78 6
337 84 17
337 90 15
337 100 4
337 108 11
337 116 12
337 117 7
337 124 6
337 128 9
337 144 19
337 151 7
337 158 13
337 159 18
337 175 13
337 179 1
337 197 10
337 207 16
337 218 16
337 236 17
337 240 7
337 256 8
337 257 18
337 268 1
337 276 3
337 283 15
337 290 9
337 309 16
337 311 14
337 313 15
337 322 18
337 331 8
337 332 4
337 340 9
337 349 17
337 352 5
337 356 7
337 358 7
337 360 8
337 369 1
337 370 15
337 371 2
337 372 3
337 383 12
337 391 4
337 392 15
337 399 5
337 409 8
337 430 20
337 443 3
337 445 13
337 448 16
337 470 14
337 473 7
337 475 4
337 479 17
337 483 4
337 487 5
337 496 16
338 18 8
338 35 2
338 36 14
338 52 15
338 79 20
338 95 14
338 120 14
338 126 2
338 148 17
338 172 5
338 177 1
338 178 17
338 186 11
338 187 20
338 191 6
338 209 14
338 211 6
338 218 8
338 224 6
338 225 6
338 233 11
338 243 15
338 251 4
338 257 2
338 259 9
338 266 10
338 274 19
338 313 16
338 314 16
338 317 8
338 367 7
338 369 18
338 371 18
338 385 4
338 395 19
338 426 11
338 443 15
338 445 14
338 454 14
338 468 10
338 473 13
338 476 14
338 480 10
338 491 11
338 492 1
339 7 13
339 17 3
339 43 4
339 54 11
339 58 4
339 71 20
339 82 13
339 91 20
339 126 1
339 128 13
339 133 4
339 140 14
339 142 8
339 161 14
339 162 3
339 163 12
339 167 15
339 171 1
339 172 6
339 188 1
339 213 16
339 223 16
339 239 8
339 243 16
339 248 17
339 253 10
339 269 6
339 272 13
339 283 7
339 285 15
339 286 14
339 287 13
339 288 12
339 293 7
339 299 16
339 300 6
339 304 14
339 312 7
339 315 6
339 338 6
339 357 2
339 361 12
339 364 4
339 383 2
339 386 15
339 392 12
339 398 16
339 405 20
339 415 3
339 427 4
339 432 12
339 438 19
339 443 3
339 467 18
339 468 17
339 473 8
339 483 6
339 484 9
339 T 5
340 17 14
340 21 6
340 26 6
340 28 10
340 34 5
340 38 5
340 41 3
340 47 12
340 73 19
340 83 14
340 104 15
340 114 9
340 144 20
340 152 7
340 167 10
340 171 12
340 176 14
340 190 7
340 196 17
340 197 10
340 211 12
340 230 16
340 238 8
340 243 6
340 262 17
340 274 7
340 285 6
340 295 8
340 298 4
340 305 1
340 309 14
340 313 14
340 315 6
340 326 7
340 334 10
340 337 11
340 341 14
340 370 17
340 372 12
340 384 16
340 387 14
340 390 19
340 400 4
340 412 17
340 414 9
340 421 3
340 463 9
340 484 19
340 493 3
340 496 5
341 3 10
341 4 8
341 31 1
341 38 5
341 40 6
341 52 1
341 58 20
341 59 8
341 61 7
341 63 13
341 76 6
341 87 14
341 109 18
341 111 17
341 118 4
341 119 3
341 136 17
341 148 14
341 151 15
341 153 10
341 160 18
341 161 20
341 164 19
341 171 14
341 178 10
341 183 6
341 185 4
341 192 6
341 194 9
341 199 3
341 204 13
341 210 11
341 217 4
341 239 11
341 242 7
341 250 12
341 252 11
341 281 20
341 296 2
341 309 4
341 311 19
341 318 16
341 327 17
341 330 5
341 336 9
341 351 7
341 360 1
341 384 13
341 393 9
341 433 18
341 442 18
341 444 4
341 473 18
341 483 15
341 499 7
342 13 1
342 16 16
342 18 20
342 19 3
342 21 14
342 23 5
342 48 4
342 51 16
342 64 4
342 65 2
342 76 20
342 78 5
342 89 16
342 98 2
342 102 8
342 103 2
342 107 1
342 110 3
342 112 4
342 144 20
342 147 3
342 151 17
342 158 10
342 159 14
342 163 8
342 184 19
342 199 9
342 212 20
342 218 11
342 223 11
342 224 17
342 248 7
342 255 13
342 257 4
342 265 5
342 301 20
342 303 2
342 313 11
342 324 12
342 325 8
342 383 14
342 391 14
342 396 14
342 405 6
342 415 14
342 431 3
342 443 19
342 444 17
342 446 5
342 465 18
342 469 10
342 479 2
342 483 15
342 489 6
342 493 16
343 2 7
343 5 3
343 6 8
343 31 1
343 45 3
343 49 3
343 65 13
343 67 17
343 88 5
343 90 14
343 107 9
343 109 13
343 133 6
343 142 15
343 145 4
343 146 3
343 149 8
343 186 10
343 187 4
343 195 6
343 205 7
343 211 14
343 212 8
343 224 8
343 249 6
343 251 16
343 261 18
343 275 4
343 276 10
343 277 11
343 279 19
343 289 4
343 290 19
343 297 18
343 306 2
343 319 5
343 323 6
343 325 4
343 347 14
343 351 12
343 396 20
343 397 11
343 413 10
343 414 11
343 420 5
343 425 10
343 434 16
343 443 9
343 451 4
343 457 13
343 458 11
343 465 15
343 466 18
343 473 16
343 485 6
343 487 12
343 488 18
343 493 20
344 5 4
344 6 20
344 9 13
344 18 3
344 21 11
344 29 17
344 32 2
344 36 2
344 43 6
344 45 18
344 52 13
344 73 7
344 86 16
344 92 2
344 128 8
344 137 18
344 144 10
344 158 15
344 164 17
344 169 9
344 175 16
344 181 16
344 213 8
344 217 2
344 227 5
344 249 18
344 255 1
344 282 12
344 293 15
344 297 13
344 298 16
344 307 3
344 308 18
344 310 3
344 323 1
344 334 18
344 337 9
344 340 17
344 364 8
344 366 20
344 368 12
344 405 10
344 411 15
344 428 15
344 434 6
344 435 12
344 443 8
344 457 10
344 472 16
345 3 2
345 10 3
345 12 18
345 20 18
345 52 13
345 54 4
345 57 4
345 58 4
345 59 1
345 80 14
345 114 10
345 123 3
345 136 1
345 166 18
345 172 19
345 175 15
345 185 15
345 186 10
345 201 9
345 204 12
345 210 17
345 222 10
345 232 5
345 234 6
345 240 6
345 241 14
345 242 8
345 247 8
345 257 17
345 258 1
345 276 13
345 282 19
345 300 8
345 306 12
345 328 1
345 331 12
345 339 16
345 350 14
345 372 18
345 403 18
345 408 4
345 414 8
345 415 5
345 420 7
345 423 3
345 424 10
345 427 9
345 442 10
345 450 12
345 455 3
345 481 4
345 483 6
345 486 1
345 489 14
346 3 20
346 32 18
346 39 14
346 54 14
346 58 16
346 88 5
346 90 5
346 112 14
346 115 17
346 116 15
346 123 10
346 135 7
346 140 19
346 146 12
346 156 8
346 162 9
346 166 20
346 167 20
346 175 9
346 192 15
346 196 16
346 207 9
346 246 15
346 264 11
346 265 14
346 282 10
346 344 18
346 345 13
346 347 7
346 367 10
346 376 3
346 377 11
346 386 13
346 394 5
346 416 10
346 430 1
346 436 3
346 442 14
346 451 1
346 462 11
347 7 7
347 25 8
347 27 7
347 35 7
347 39 7
347 40 9
347 51 10
347 52 2
347 56 7
347 63 12
347 65 13
347 69 13
347 90 8
347 92 12
347 102 11
347 108 3
347 135 13
347 143 15
347 148 7
347 150 11
347 151 9
347 164 7
347 188 6
347 202 11
347 215 8
347 231 20
347 245 7
347 250 6
347 265 6
347 288 14
347 289 12
347 294 13
347 311 19
347 329 20
347 351 17
347 355 4
347 366 4
347 386 5
347 393 9
347 395 20
347 397 20
347 412 17
347 415 20
347 416 6
347 426 2
347 428 3
347 429 4
347 432 16
347 443 4
347 454 4
347 467 7
347 474 13
347 482 10
347 487 12
347 500 19
348 15 14
348 27 13
348 33 18
348 36 12
348 40 19
348 46 16
348 58 9
348 59 10
348 73 2
348 83 20
348 92 5
348 99 17
348 105 18
348 113 3
348 115 2
348 121 20
348 126 15
348 155 5
348 164 19
348 203 14
348 207 8
348 213 4
348 215 15
348 226 20
348 229 6
348 231 8
348 252 20
348 262 3
348 265 15
348 271 12
348 281 18
348 306 16
348 327 17
348 328 14
348 331 16
348 334 18
348 350 6
348 360 17
348 363 12
348 366 20
348 369 5
348 373 13
348 383 3
348 385 18
348 396 11
348 404 9
348 405 18
348 432 1
348 439 11
348 453 3
348 458 3
348 467 17
348 472 17
348 474 7
348 476 17
348 477 8
348 483 14
348 494 8
348 498 4
349 2 18
349 13 20
349 17 12
349 36 4
349 74 8
349 82 18
349 89 5
349 90 14
349 97 1
349 99 5
349 113 20
349 115 17
349 123 3
349 145 15
349 147 2
349 156 9
349 163 18
349 164 16
349 169 9
349 176 17
349 188 10
349 189 10
349 192 15
349 202 11
349 213 19
349 221 8
349 236 19
349 246 20
349 256 19
349 271 13
349 277 19
349 281 19
349 289 12
349 315 6
349 316 12
349 330 15
349 339 7
349 354 20
349 357 14
349 361 7
349 373 6
349 377 11
349 395 11
349 400 3
349 403 12
349 415 1
349 419 10
349 422 20
349 426 5
349 444 1
349 482 2
349 485 12
349 492 12
350 16 20
350 20 15
350 30 5
350 31 13
350 33 1
350 35 6
350 40 9
350 58 8
350 60 9
350 69 13
350 82 10
350 94 1
350 97 4
350 105 10
350 115 4
350 149 6
350 152 17
350 155 8
350 167 6
350 191 1
350 197 13
350 217 16
350 238 10
350 253 10
350 262 15
350 293 15
350 294 6
350 310 17
350 319 11
350 338 16
350 341 2
350 345 1
350 348 7
350 356 12
350 361 20
350 363 14
350 370 3
350 386 16
350 406 5
350 407 11
350 414 17
350 423 18
350 424 12
350 425 10
350 435 1
350 441 14
350 454 17
350 456 10
350 462 4
350 467 9
350 479 10
350 480 19
350 482 8
351 13 15
351 18 11
351 26 3
351 44 13
351 50 15
351 66 3
351 75 20
351 81 19
351 83 5
351 93 1
351 94 16
351 106 9
351 109 18
351 118 17
351 122 5
351 147 2
351 149 10
351 151 20
351 152 18
351 154 7
351 171 13
351 181 13
351 194 2
351 201 5
351 208 3
351 210 10
351 231 5
351 240 4
351 242 19
351 271 11
351 273 19
351 281 20
351 289 9
351 301 16
351 344 14
351 353 15
351 365 10
351 377 17
351 379 19
351 380 2
351 386 13
351 396 13
351 398 3
351 403 16
351 426 7
351 436 17
351 438 11
351 452 13
351 475 20
351 489 19
351 490 6
351 496 5
351 500 13
352 10 9
352 24 16
352 35 15
352 68 6
352 88 9
352 89 20
352 101 20
352 104 1
352 107 13
352 113 19
352 166 19
352 185 6
352 211 19
352 234 18
352 243 12
352 244 20
352 249 14
352 256 9
352 276 11
352 283 7
352 311 19
352 324 20
352 332 10
352 333 3
352 335 3
352 342 3
352 379 4
352 395 13
352 400 3
352 415 11
352 426 20
352 430 12
352 432 16
352 436 2
352 440 2
352 447 3
352 450 16
352 460 14
352 461 1
352 465 7
352 475 6
352 477 12
352 483 12
352 489 13
353 4 15
353 5 13
353 27 17
353 58 9
353 61 6
353 64 8
353 75 19
353 84 9
353 85 7
353 93 9
353 100 1
353 101 2
353 118 4
353 130 12
353 144 2
353 154 12
353 161 15
353 179 5
353 191 8
353 205 11
353 213 18
353 230 18
353 233 19
353 234 11
353 237 3
353 246 6
353 257 6
353 263 2
353 277 6
353 280 4
353 294 14
353 297 17
353 308 12
353 324 6
353 342 12
353 346 8
353 352 17
353 356 7
353 359 15
353 375 16
353 380 7
353 385 1
353 406 19
353 419 15
353 421 5
353 422 16
353 427 2
353 436 11
353 442 9
353 443 5
353 448 19
353 456 14
353 463 8
353 469 8
353 489 17
353 T 19
354 53 17
354 64 3
354 73 13
354 85 1
354 89 3
354 103 13
354 106 1
354 108 18
354 132 9
354 137 9
354 157 9
354 190 11
354 194 8
354 206 15
354 211 18
354 226 14
354 252 15
354 268 20
354 273 3
354 287 16
354 294 1
354 296 14
354 298 15
354 303 14
354 313 7
354 346 4
354 375 10
354 396 4
354 399 20
354 402 13
354 416 3
354 430 19
354 435 7
354 443 14
354 444 13
354 465 7
354 481 10
354 T 3
355 11 13
355 14 12
355 31 18
355 36 16
355 45 8
355 73 2
355 85 9
355 99 11
355 111 11
355 118 12
355 119 15
355 123 5
355 124 8
355 125 15
355 157 3
355 162 11
355 180 7
355 190 13
355 192 13
355 204 11
355 205 11
355 217 16
355 221 14
355 232 9
355 257 5
355 265 8
355 267 19
355 274 4
355 293 8
355 296 9
355 303 20
355 306 8
355 308 19
355 309 12
355 310 12
355 319 17
355 322 7
355 327 8
355 330 14
355 341 16
355 356 17
355 358 20
355 369 16
355 379 1
355 387 14
355 390 1
355 391 12
355 396 2
355 403 13
355 406 11
355 417 9
355 420 1
355 432 8
355 435 1
355 453 12
355 456 1
355 475 6
356 13 3
356 25 19
356 36 5
356 41 12
356 50 14
356 54 5
356 61 14
356 64 19
356 68 6
356 73 20
356 83 16
356 85 8
356 97 4
356 98 14
356 100 10
356 103 14
356 112 13
356 120 6
356 123 4
356 135 17
356 139 4
356 143 20
356 144 17
356 155 3
356 157 20
356 163 5
356 165 6
356 171 1
356 196 20
356 201 12
356 236 19
356 240 4
356 264 10
356 293 7
356 297 1
356 317 3
356 321 12
356 327 15
356 340 14
356 382 4
356 395 5
356 402 15
356 412 14
356 415 4
356 418 16
356 430 12
356 436 1
356 441 4
356 445 19
356 470 13
356 472 19
356 477 1
356 481 9
356 483 8
356 486 11
356 488 5
357 3 5
357 6 10
357 13 3
357 22 19
357 32 13
357 55 7
357 62 6
357 81 7
357 82 8
357 85 7
357 87 15
357 90 3
357 92 7
357 95 7
357 97 3
357 104 3
357 108 14
357 117 2
357 119 14
357 127 18
357 137 2
357 141 4
357 149 17
357 169 12
357 175 12
357 184 8
357 191 14
357 200 2
357 212 13
357 213 20
357 216 18
357 230 17
357 241 7
357 245 5
357 265 1
357 272 2
357 318 16
357 320 20
357 328 4
357 333 9
357 343 17
357 348 12
357 352 16
357 376 6
357 377 13
357 390 5
357 431 17
357 447 20
357 451 6
357 455 14
357 475 14
358 12 4
358 25 7
358 35 20
358 41 11
358 46 10
358 50 16
358 64 16
358 81 17
358 84 9
358 105 10
358 123 8
358 125 20
358 154 4
358 163 13
358 175 2
358 190 13
358 191 12
358 210 11
358 214 3
358 229 12
358 237 8
358 283 2
358 302 11
358 310 7
358 313 10
358 319 13
358 320 8
358 336 3
358 338 9
358 380 7
358 383 17
358 390 17
358 404 6
358 405 1
358 423 17
358 451 15
358 474 7
358 476 1
358 500 13
358 T 11
359 19 6
359 22 3
359 29 20
359 55 12
359 60 11
359 62 2
359 100 4
359 116 11
359 132 6
359 135 17
359 137 7
359 142 6
359 143 15
359 149 18
359 150 11
359 188 13
359 193 20
359 205 16
359 207 18
359 212 20
359 213 3
359 230 19
359 233 5
359 250 7
359 254 3
359 268 15
359 270 7
359 277 5
359 280 10
359 288 14
359 309 5
359 357 6
359 363 6
359 372 1
359 383 18
359 408 6
359 413 18
359 415 10
359 431 19
359 435 10
359 444 10
359 455 12
359 483 17
359 489 12
359 490 6
359 497 10
360 1 11
360 3 18
360 38 11
360 42 2
360 50 19
360 54 2
360 65 2
360 73 11
360 83 14
360 84 1
360 90 11
360 100 4
360 102 9
360 114 16
360 122 5
360 133 1
360 148 5
360 153 19
360 168 9
360 175 6
360 177 2
360 180 14
360 181 4
360 204 4
360 206 13
360 221 18
360 231 1
360 235 13
360 245 11
360 260 16
360 290 11
360 295 18
360 296 10
360 300 9
360 301 2
360 309 6
360 314 14
360 318 16
360 319 19
360 333 6
360 334 7
360 339 9
360 342 19
360 343 19
360 358 18
360 366 16
360 379 5
360 383 9
360 389 1
360 405 15
360 414 18
360 465 12
360 466 18
360 476 1
360 498 17
360 499 1
360 T 20
361 2 1
361 13 20
361 24 16
361 49 19
361 58 19
361 64 20
361 74 14
361 100 11
361 103 16
361 111 17
361 115 6
361 119 17
361 123 20
361 135 16
361 148 16
361 156 10
361 159 9
361 165 4
361 167 19
361 171 4
361 175 20
361 182 3
361 196 11
361 212 17
361 232 4
361 246 4
361 265 3
361 286 8
361 293 19
361 302 17
361 303 19
361 317 6
361 319 2
361 330 15
361 336 14
361 387 9
361 396 11
361 411 5
361 418 6
361 427 17
361 428 7
361 429 16
361 441 5
361 452 6
361 456 15
361 470 10
361 478 10
361 487 4
361 492 7
362 1 16
362 13 9
362 14 10
362 30 4
362 52 19
362 80 17
362 101 8
362 119 14
362 121 9
362 122 12
362 128 18
362 154 10
362 164 5
362 176 19
362 178 8
362 182 10
362 184 6
362 197 6
362 199 10
362 224 18
362 227 15
362 234 13
362 244 2
362 245 8
362 268 9
362 281 12
362 288 3
362 298 6
362 318 16
362 330 7
362 335 18
362 349 13
362 374 19
362 380 8
362 431 6
362 432 20
362 441 7
362 444 3
362 480 18
363 8 19
363 10 14
363 12 2
363 28 18
363 33 14
363 42 16
363 51 4
363 74 15
363 84 2
363 89 18
363 91 4
363 120 1
363 124 7
363 163 16
363 173 4
363 176 3
363 181 3
363 188 14
363 191 12
363 192 16
363 202 18
363 218 4
363 241 1
363 278 16
363 286 18
363 294 20
363 310 3
363 318 13
363 326 11
363 331 1
363 333 16
363 341 12
363 366 20
363 413 14
363 417 1
363 420 9
363 432 5
363 437 10
363 441 2
363 463 8
363 464 10
363 472 5
363 476 5
363 485 18
364 6 13
364 31 8
364 33 20
364 54 13
364 57 15
364 60 10
364 62 4
364 69 14
364 77 3
364 78 9
364 85 6
364 92 17
364 111 16
364 154 19
364 189 7
364 194 19
364 220 10
364 223 9
364 238 1
364 246 17
364 266 11
364 293 5
364 298 8
364 321 18
364 322 10
364 332 12
364 337 2
364 340 9
364 348 10
364 349 12
364 350 2
364 391 9
364 399 5
364 400 1
364 402 16
364 433 7
364 437 17
364 450 1
364 456 16
364 461 19
364 480 10
364 486 14
364 487 4
365 1 13
365 12 9
365 66 11
365 70 15
365 77 8
365 81 18
365 94 11
365 111 18
365 125 19
365 130 1
365 132 1
365 133 15
365 140 4
365 165 15
365 168 10
365 187 14
365 189 4
365 193 15
365 206 13
365 211 10
365 221 17
365 225 11
365 237 6
365 240 13
365 280 2
365 314 7
365 317 16
365 338 13
365 341 16
365 344 1
365 347 5
365 353 7
365 354 4
365 356 4
365 358 11
365 371 10
365 380 18
365 410 19
365 425 7
365 426 14
365 427 1
365 438 15
365 449 16
365 456 6
365 457 17
365 460 5
365 472 6
365 486 9
365 494 15
366 12 1
366 15 8
366 31 19
366 33 3
366 41 3
366 44 2
366 59 16
366 78 18
366 83 10
366 92 10
366 96 11
366 99 20
366 123 5
366 125 20
366 129 19
366 144 15
366 145 3
366 172 3
366 196 2
366 219 6
366 223 20
366 241 20
366 244 7
366 249 18
366 253 17
366 268 13
366 272 12
366 281 14
366 308 20
366 309 14
366 339 20
366 357 16
366 365 18
366 367 6
366 372 12
366 376 10
366 391 19
366 406 17
366 408 9
366 428 17
366 433 13
366 444 8
366 446 5
366 449 16
366 453 4
366 467 20
366 470 7
366 474 18
366 483 19
366 484 16
366 486 4
366 T 18
367 8 8
367 16 20
367 26 20
367 62 12
367 63 12
367 66 15
367 86 20
367 91 12
367 119 20
367 124 17
367 126 19
367 127 15
367 143 11
367 148 18
367 157 2
367 160 16
367 167 4
367 173 9
367 195 10
367 211 9
367 212 11
367 215 18
367 222 9
367 227 17
367 248 14
367 254 14
367 258 2
367 277 13
367 290 9
367 313 5
367 321 1
367 339 9
367 341 19
367 342 3
367 346 14
367 353 19
367 359 9
367 371 20
367 373 18
367 377 17
367 394 1
367 411 11
367 421 9
367 423 7
367 429 5
367 439 19
367 440 4
367 464 12
367 466 3
367 475 19
367 482 2
367 490 4
367 499 20
368 1 2
368 5 18
368 21 19
368 30 15
368 33 17
368 42 20
368 43 10
368 55 5
368 66 19
368 70 5
368 75 2
368 82 13
368 86 8
368 109 3
368 124 6
368 130 13
368 155 11
368 160 17
368 177 12
368 180 2
368 184 14
368 196 5
368 198 5
368 199 9
368 212 18
368 252 14
368 256 13
368 296 7
368 317 14
368 344 16
368 374 4
368 377 4
368 382 14
368 384 5
368 386 15
368 388 18
368 394 13
368 407 5
368 413 7
368 428 14
368 431 8
368 439 12
368 450 11
368 454 4
368 461 12
368 462 3
368 477 13
369 6 10
369 22 8
369 43 3
369 52 18
369 53 14
369 70 4
369 73 15
369 79 14
369 108 10
369 109 10
369 110 12
369 113 4
369 133 17
369 136 10
369 139 8
369 148 7
369 155 13
369 164 19
369 182 15
369 185 2
369 218 10
369 221 15
369 224 5
369 225 12
369 228 12
369 231 12
369 233 12
369 236 3
369 259 13
369 280 12
369 286 20
369 288 5
369 314 2
369 324 12
369 332 9
369 337 13
369 341 19
369 346 8
369 367 15
369 380 5
369 392 7
369 393 19
369 415 3
369 423 13
369 432 7
369 444 16
369 472 11
369 477 8
369 489 18
369 497 2
369 499 1
369 T 9
370 4 16
370 14 19
370 17 5
370 20 4
370 23 17
370 28 19
370 34 3
370 38 2
370 39 3
370 42 6
370 63 13
370 65 5
370 68 5
370 77 19
370 78 7
370 86 14
370 94 18
370 116 18
370 121 17
370 124 16
370 126 4
370 127 15
370 129 2
370 133 9
370 139 7
370 142 6
370 144 16
370 169 8
370 207 16
370 211 20
370 212 10
370 216 15
370 218 14
370 240 3
370 244 8
370 248 10
370 266 8
370 286 14
370 302 1
370 306 10
370 329 15
370 338 18
370 347 12
370 365 20
370 374 12
370 380 11
370 385 14
370 387 11
370 414 4
370 423 13
370 464 9
370 475 8
370 477 4
370 488 19
370 497 5
371 17 6
371 38 2
371 46 13
371 54 2
371 58 5
371 67 2
371 77 11
371 78 6
371 83 9
371 86 5
371 87 7
371 88 17
371 99 3
371 106 8
371 121 17
371 136 2
371 138 5
371 139 16
371 142 1
371 149 12
371 151 12
371 160 11
371 166 1
371 193 2
371 202 14
371 203 6
371 224 20
371 247 7
371 249 3
371 254 11
371 274 13
371 279 16
371 281 17
371 283 12
371 290 11
371 304 20
371 325 8
371 336 4
371 360 9
371 365 12
371 414 20
371 429 18
371 450 6
371 452 3
371 456 18
371 474 15
371 479 17
371 480 11
371 495 19
371 498 17
372 20 5
372 41 17
372 46 2
372 53 3
372 54 15
372 56 1
372 62 3
372 63 15
372 77 17
372 83 8
372 92 4
372 113 19
372 119 19
372 133 7
372 139 8
372 148 17
372 149 15
372 171 18
372 179 15
372 183 17
372 185 10
372 193 3
372 226 4
372 228 17
372 241 18
372 243 8
372 255 3
372 256 3
372 276 6
372 278 1
372 283 4
372 303 19
372 331 15
372 338 10
372 398 20
372 407 16
372 421 8
372 424 3
372 426 18
372 435 3
372 460 5
372 475 4
372 481 3
372 495 20
372 498 1
373 15 7
373 40 5
373 69 18
373 70 16
373 104 18
373 105 3
373 106 10
373 113 10
373 126 12
373 139 20
373 166 5
373 183 10
373 225 11
373 235 15
373 237 4
373 253 19
373 256 19
373 268 2
373 276 11
373 306 14
373 316 3
373 322 7
373 346 18
373 354 19
373 357 12
373 365 4
373 370 18
373 380 11
373 385 9
373 386 17
373 388 2
373 409 13
373 423 14
373 429 19
373 445 14
373 453 19
373 465 16
373 485 8
373 488 3
374 20 5
374 39 13
374 53 5
374 78 20
374 86 8
374 90 2
374 98 17
374 127 13
374 133 7
374 134 13
374 146 12
374 153 5
374 169 13
374 172 3
374 179 2
374 215 17
374 223 6
374 228 3
374 234 6
374 259 18
374 261 8
374 262 19
374 264 20
374 266 8
374 273 17
374 282 9
374 290 19
374 293 10
374 303 6
374 326 1
374 328 4
374 332 12
374 333 4
374 353 11
374 357 1
374 369 1
374 371 7
374 372 14
374 377 13
374 383 1
374 393 14
374 394 20
374 401 1
374 402 18
374 409 12
374 412 18
374 436 8
374 438 16
374 444 6
374 447 1
374 453 20
374 457 9
374 460 1
374 464 4
374 468 3
374 472 5
374 486 5
374 494 11
375 2 9
375 6 16
375 11 1
375 12 16
375 23 15
375 24 14
375 29 2
375 30 11
375 41 7
375 44 11
375 52 14
375 93 18
375 112 18
375 115 7
375 122 18
375 130 11
375 137 2
375 152 6
375 174 3
375 201 16
375 211 19
375 212 1
375 213 8
375 243 4
375 250 5
375 285 8
375 290 16
375 295 7
375 302 5
375 310 20
375 313 11
375 316 15
375 343 11
375 347 20
375 350 14
375 351 6
375 365 15
375 368 2
375 369 7
375 379 15
375 384 19
375 400 7
375 402 15
375 416 10
375 417 5
375 423 2
375 438 20
375 459 1
375 486 10
375 492 6
376 5 4
376 65 9
376 68 20
376 86 12
376 99 20
376 110 14
376 118 3
376 132 9
376 162 1
376 173 7
376 194 5
376 197 10
376 220 1
376 227 7
376 229 19
376 237 19
376 244 7
376 245 14
376 249 4
376 254 15
376 262 12
376 278 8
376 283 14
376 286 17
376 289 9
376 308 16
376 323 14
376 333 17
376 345 9
376 377 3
376 395 15
376 397 19
376 402 12
376 408 19
376 421 8
376 427 4
376 431 11
376 444 12
376 450 14
376 453 16
376 470 18
376 478 6
376 483 6
376 488 9
377 6 14
377 7 19
377 25 3
377 28 16
377 30 5
377 31 17
377 46 5
377 51 11
377 61 3
377 70 18
377 71 3
377 101 3
377 109 1
377 112 17
377 123 11
377 132 10
377 139 16
377 151 14
377 171 14
377 181 1
377 205 6
377 227 4
377 239 13
377 241 1
377 247 4
377 255 18
377 259 3
377 282 7
377 286 3
377 296 20
377 299 19
377 303 18
377 307 4
377 313 8
377 325 1
377 338 1
377 350 8
377 351 19
377 363 2
377 398 16
377 415 9
377 418 3
377 428 9
377 433 2
377 435 16
377 443 2
377 459 4
377 469 5
377 480 1
377 483 10
377 488 13
377 493 6
378 18 9
378 20 15
378 27 15
378 36 8
378 77 19
378 80 15
378 103 12
378 107 8
378 125 16
378 163 7
378 166 13
378 183 3
378 187 18
378 192 13
378 194 1
378 195 14
378 201 5
378 225 4
378 227 18
378 229 13
378 233 13
378 251 3
378 256 13
378 260 20
378 274 1
378 284 20
378 291 16
378 293 5
378 304 12
378 310 4
378 321 8
378 338 8
378 362 1
378 373 11
378 389 12
378 426 12
378 432 16
378 437 13
378 459 6
378 460 10
378 463 15
378 464 14
378 466 10
378 480 3
378 498 1
378 500 1
379 34 13
379 35 17
379 44 5
379 52 19
379 67 8
379 70 2
379 79 17
379 96 13
379 97 8
379 108 7
379 115 6
379 120 9
379 121 11
379 136 19
379 140 6
379 159 8
379 160 15
379 162 6
379 170 11
379 179 11
379 202 19
379 207 15
379 209 9
379 237 8
379 242 16
379 243 2
379 245 16
379 258 16
379 277 7
379 301 16
379 303 10
379 309 11
379 314 7
379 317 14
379 369 20
379 383 12
379 397 17
379 398 9
379 401 17
379 409 4
379 410 20
379 427 11
379 434 3
379 436 16
379 443 3
379 457 2
379 458 7
379 463 16
379 470 19
379 475 12
379 485 7
379 487 7
379 492 15
379 494 4
379 495 14
379 498 18
379 499 3
380 4 11
380 12 10
380 28 16
380 31 5
380 34 8
380 35 5
380 37 2
380 41 4
380 42 19
380 43 11
380 49 12
380 53 9
380 56 7
380 57 16
380 62 14
380 84 15
380 93 5
380 130 4
380 151 17
380 154 18
380 174 16
380 197 17
380 199 2
380 218 14
380 225 2
380 267 12
380 310 3
380 313 11
380 322 2
380 329 20
380 330 8
380 336 6
380 345 18
380 356 12
380 402 13
380 442 8
380 451 6
380 452 15
380 469 8
380 471 15
380 473 4
380 479 20
380 484 7
380 485 18
380 487 17
380 488 4
381 5 7
381 10 6
381 23 1
381 24 5
381 40 5
381 46 14
381 53 3
381 60 4
381 65 19
381 77 14
381 125 17
381 147 6
381 153 16
381 159 19
381 173 19
381 186 11
381 187 2
381 203 1
381 209 11
381 220 14
381 223 16
381 230 1
381 232 4
381 235 7
381 243 9
381 249 8
381 251 6
381 259 16
381 261 4
381 270 7
381 272 18
381 273 1
381 276 5
381 280 6
381 303 13
381 304 6
381 323 19
381 333 5
381 336 17
381 340 16
381 343 8
381 344 8
381 379 4
381 382 15
381 396 15
381 399 19
381 413 6
381 417 11
381 443 11
381 445 14
381 446 11
381 460 10
381 487 18
381 500 14
382 1 1
382 4 20
382 8 17
382 18 17
382 32 6
382 40 11
382 45 1
382 51 1
382 59 11
382 94 10
382 98 20
382 103 9
382 104 12
382 114 16
382 115 18
382 123 3
382 134 9
382 138 15
382 148 9
382 149 15
382 155 11
382 158 17
382 161 14
382 168 12
382 176 11
382 183 9
382 187 15
382 190 15
382 193 15
382 208 17
382 220 8
382 222 11
382 225 15
382 232 6
382 237 14
382 238 2
382 239 7
382 240 20
382 243 3
382 244 5
382 250 6
382 267 17
382 287 4
382 289 14
382 292 15
382 296 6
382 297 2
382 305 4
382 319 8
382 320 2
382 323 15
382 336 19
382 338 16
382 358 7
382 363 7
382 366 1
382 370 8
382 379 12
382 384 9
382 411 6
382 423 13
382 427 19
382 432 12
382 433 1
382 434 5
382 438 16
382 453 15
382 465 20
382 472 11
382 474 8
382 486 5
383 5 17
383 11 2
383 15 19
383 33 12
383 34 15
383 60 13
383 71 9
383 74 1
383 81 2
383 82 8
383 96 10
383 119 6
383 128 5
383 172 12
383 177 13
383 189 6
383 216 5
383 237 16
383 238 7
383 244 20
383 266 2
383 275 6
383 284 14
383 297 14
383 302 15
383 330 13
383 337 14
383 348 9
383 349 11
383 352 2
383 365 8
383 371 4
383 419 12
383 423 12
383 424 17
383 434 10
383 439 19
383 452 12
383 460 10
383 470 3
383 471 17
383 474 20
383 486 2
383 495 12
384 18 9
384 19 4
384 29 7
384 34 3
384 42 8
384 56 4
384 58 20
384 59 14
384 70 14
384 87 9
384 90 4
384 96 2
384 100 15
384 105 12
384 112 3
384 131 3
384 143 19
384 153 14
384 197 3
384 204 7
384 208 7
384 220 3
384 221 1
384 227 17
384 256 11
384 269 2
384 291 8
384 293 19
384 294 6
384 295 3
384 299 12
384 305 6
384 312 1
384 318 2
384 319 11
384 321 17
384 325 12
384 339 15
384 366 10
384 367 1
384 370 17
384 375 8
384 379 14
384 380 8
384 383 13
384 392 16
384 393 1
384 399 20
384 405 2
384 412 12
384 414 19
384 449 11
384 469 11
384 473 16
384 488 1
384 492 13
384 494 4
384 T 19
385 17 9
385 28 15
385 34 12
385 35 15
385 41 1
385 46 4
385 57 16
385 68 1
385 90 8
385 92 15
385 96 3
385 102 3
385 113 15
385 118 5
385 120 15
385 129 2
385 134 4
385 136 17
385 143 19
385 156 20
385 159 12
385 161 4
385 182 8
385 185 20
385 192 11
385 204 4
385 214 13
385 216 10
385 221 1
385 222 14
385 238 17
385 245 18
385 260 18
385 284 18
385 290 3
385 293 12
385 304 2
385 326 12
385 353 19
385 362 8
385 377 12
385 384 6
385 390 5
385 393 20
385 403 6
385 405 9
385 409 5
385 425 6
385 436 7
385 449 4
385 452 13
385 468 13
385 485 15
385 497 16
386 10 1
386 11 3
386 29 3
386 41 8
386 45 17
386 61 20
386 67 14
386 72 9
386 89 16
386 90 11
386 99 11
386 104 15
386 106 16
386 137 7
386 139 8
386 141 19
386 142 3
386 151 1
386 173 2
386 176 4
386 189 10
386 210 5
386 235 6
386 247 20
386 260 10
386 274 16
386 291 8
386 313 5
386 321 8
386 328 2
386 339 2
386 346 12
386 364 9
386 377 2
386 379 9
386 394 18
386 404 5
386 414 2
386 439 16
386 463 12
386 482 4
387 20 9
387 24 7
387 28 14
387 31 15
387 40 3
387 41 17
387 48 8
387 84 8
387 86 9
387 92 19
387 153 2
387 157 6
387 177 11
387 185 2
387 191 20
387 196 11
387 209 17
387 213 18
387 215 6
387 224 14
387 238 12
387 249 14
387 256 18
387 275 16
387 290 1
387 294 11
387 298 20
387 307 12
387 320 6
387 325 7
387 344 17
387 345 12
387 348 7
387 365 16
387 370 16
387 380 9
387 390 2
387 397 4
387 407 9
387 411 16
387 412 16
387 419 11
387 438 14
387 465 18
387 483 12
387 484 3
387 495 10
387 498 1
388 9 5
388 13 9
388 19 10
388 36 10
388 49 15
388 51 5
388 80 11
388 97 2
388 103 12
388 127 1
388 130 10
388 138 2
388 139 18
388 146 8
388 148 16
388 151 9
388 157 13
388 166 9
388 199 7
388 209 6
388 216 3
388 219 4
388 222 17
388 226 15
388 234 12
388 244 5
388 264 4
388 301 1
388 304 11
388 338 8
388 344 4
388 348 18
388 373 3
388 389 19
388 418 7
388 453 2
388 460 4
388 466 17
388 468 18
388 472 18
388 475 13
388 483 17
388 491 12
389 17 19
389 25 5
389 31 15
389 41 9
389 42 6
389 59 14
389 68 10
389 78 4
389 82 13
389 92 10
389 96 1
389 98 4
389 99 4
389 124 18
389 126 12
389 128 20
389 149 16
389 167 13
389 169 5
389 175 16
389 179 1
389 184 7
389 216 16
389 238 13
389 240 16
389 250 10
389 284 5
389 288 2
389 300 20
389 311 18
389 319 6
389 329 6
389 330 14
389 331 12
389 348 19
389 358 2
389 379 12
389 400 16
389 403 4
389 437 6
389 440 7
389 468 18
389 473 8
389 493 10
389 498 3
390 1 9
390 11 19
390 23 4
390 61 10
390 75 10
390 78 5
390 88 17
390 90 1
390 95 15
390 106 12
390 111 15
390 115 12
390 119 17
390 141 14
390 153 15
390 170 4
390 177 6
390 180 18
390 200 12
390 208 15
390 219 11
390 229 8
390 230 9
390 236 4
390 252 16
390 255 20
390 264 20
390 265 8
390 280 16
390 290 1
390 297 19
390 302 5
390 317 11
390 322 15
390 325 5
390 333 3
390 337 18
390 339 18
390 346 20
390 351 11
390 361 11
390 362 17
390 375 1
390 402 12
390 409 5
390 441 3
390 467 8
390 468 14
390 469 17
390 473 17
390 484 10
390 T 19
391 2 12
391 5 18
391 7 1
391 13 12
391 31 6
391 38 3
391 54 12
391 61 7
391 70 4
391 102 8
391 104 11
391 107 14
391 117 16
391 121 4
391 138 17
391 165 7
391 175 10
391 220 7
391 223 6
391 228 5
391 232 3
391 235 3
391 243 10
391 246 10
391 250 6
391 254 20
391 261 5
391 264 15
391 271 16
391 283 6
391 322 1
391 340 1
391 344 18
391 356 3
391 362 7
391 365 17
391 380 11
391 394 5
391 425 12
391 430 7
391 436 7
391 452 18
391 465 14
391 472 15
391 475 17
391 476 16
391 483 4
391 487 6
391 489 8
392 1 3
392 2 2
392 14 2
392 15 20
392 42 3
392 44 7
392 45 14
392 50 14
392 59 3
392 61 13
392 73 19
392 83 20
392 86 2
392 89 5
392 92 19
392 105 7
392 106 18
392 118 1
392 119 16
392 128 3
392 130 4
392 192 15
392 212 9
392 213 19
392 217 3
392 218 11
392 223 18
392 224 6
392 227 15
392 259 18
392 265 9
392 269 5
392 271 2
392 292 11
392 304 1
392 313 5
392 315 11
392 338 7
392 341 15
392 343 3
392 348 20
392 352 17
392 360 8
392 365 1
392 384 19
392 391 6
392 397 11
392 401 16
392 410 1
392 415 14
392 419 5
392 421 7
392 424 4
392 438 14
392 460 6
392 464 18
392 466 6
392 470 6
392 498 19
393 3 6
393 6 13
393 9 13
393 34 16
393 43 8
393 48 3
393 56 11
393 58 10
393 59 12
393 68 4
393 85 18
393 108 1
393 111 15
393 113 16
393 115 8
393 117 20
393 125 7
393 150 15
393 179 15
393 207 3
393 218 11
393 219 6
393 222 18
393 223 1
393 232 14
393 260 19
393 261 6
393 286 1
393 290 11
393 296 18
393 311 1
393 338 18
393 339 13
393 358 8
393 361 18
393 367 11
393 380 11
393 382 11
393 386 17
393 388 18
393 389 2
393 408 2
393 409 14
393 417 13
393 420 14
393 431 14
393 433 6
393 443 6
393 447 10
393 451 7
393 455 15
393 471 2
393 472 5
393 475 17
393 479 13
394 22 9
394 26 8
394 37 7
394 54 10
394 57 12
394 62 2
394 70 10
394 71 8
394 74 16
394 78 12
394 87 16
394 102 5
394 107 18
394 112 5
394 119 17
394 123 6
394 126 18
394 141 16
394 144 19
394 148 7
394 160 16
394 163 1
394 165 10
394 168 15
394 174 12
394 192 1
394 197 8
394 199 11
394 209 4
394 212 2
394 214 1
394 217 4
394 245 10
394 246 7
394 250 13
394 251 14
394 256 14
394 271 3
394 285 10
394 290 10
394 323 20
394 325 1
394 353 13
394 364 1
394 381 11
394 385 14
394 390 11
394 395 9
394 396 17
394 401 8
394 407 16
394 413 19
394 419 4
394 429 2
394 435 3
394 454 4
394 479 15
394 480 10
395 10 6
395 31 12
395 36 17
395 48 20
395 57 17
395 83 13
395 97 8
395 107 5
395 110 6
395 137 14
395 140 15
395 145 1
395 163 16
395 171 16
395 188 6
395 201 11
395 202 10
395 203 10
395 206 9
395 218 6
395 219 1
395 220 7
395 221 15
395 225 9
395 240 5
395 241 3
395 264 1
395 288 18
395 295 8
395 336 2
395 340 15
395 345 19
395 354 12
395 367 6
395 385 2
395 390 2
395 399 9
395 408 4
395 414 2
395 416 11
395 437 5
395 443 15
395 467 9
395 469 13
395 471 16
395 476 10
395 487 14
396 2 1
396 5 17
396 18 9
396 26 19
396 49 11
396 54 19
396 58 18
396 85 11
396 109 12
396 110 11
396 114 2
396 117 3
396 130 9
396 138 14
396 141 11
396 146 16
396 149 5
396 186 15
396 190 16
396 191 19
396 211 11
396 234 13
396 241 6
396 251 18
396 264 8
396 275 5
396 286 20
396 288 18
396 293 4
396 299 15
396 302 4
396 305 3
396 314 10
396 319 3
396 332 19
396 341 15
396 351 18
396 354 15
396 364 20
396 386 6
396 395 14
396 400 11
396 432 7
396 450 9
396 465 6
396 486 13
397 12 8
397 15 18
397 17 12
397 18 9
397 24 18
397 25 13
397 34 13
397 67 14
397 74 16
397 89 6
397 124 3
397 134 12
397 146 17
397 179 9
397 188 15
397 211 10
397 230 10
397 232 17
397 236 12
397 265 19
397 267 16
397 287 7
397 296 12
397 300 19
397 301 6
397 306 19
397 309 15
397 312 10
397 333 20
397 338 4
397 341 7
397 363 19
397 368 20
397 390 13
397 394 19
397 411 2
397 418 20
397 422 3
397 427 11
397 432 10
397 449 13
397 454 10
397 456 19
397 457 18
397 461 9
397 471 17
397 478 1
397 492 9
397 494 3
397 497 18
397 499 3
398 20 16
398 26 20
398 28 5
398 48 9
398 65 2
398 72 18
398 82 10
398 90 17
398 106 5
398 131 14
398 133 11
398 134 15
398 135 4
398 161 8
398 164 6
398 180 8
398 185 11
398 190 18
398 200 2
398 204 10
398 222 4
398 225 16
398 226 14
398 245 20
398 248 7
398 255 16
398 258 4
398 262 17
398 266 9
398 278 4
398 281 16
398 285 10
398 290 15
398 292 2
398 299 9
398 303 8
398 307 10
398 326 3
398 332 12
398 337 6
398 338 20
398 339 2
398 364 14
398 374 20
398 377 5
398 379 18
398 382 10
398 383 6
398 387 14
398 389 14
398 390 18
398 394 12
398 408 6
398 415 19
398 418 9
398 430 11
398 446 11
398 454 16
398 485 9
398 487 16
398 490 15
399 4 9
399 26 6
399 28 8
399 31 2
399 37 6
399 67 8
399 73 6
399 78 12
399 102 14
399 107 6
399 126 15
399 147 13
399 153 16
399 158 19
399 164 5
399 166 17
399 167 15
399 175 20
399 185 19
399 189 2
399 201 6
399 203 16
399 224 5
399 234 5
399 235 16
399 247 20
399 250 11
399 255 14
399 258 14
399 262 10
399 291 20
399 297 9
399 304 12
399 338 7
399 340 3
399 356 5
399 405 15
399 407 3
399 408 15
399 411 17
399 412 20
399 422 4
399 434 7
399 436 1
399 463 17
399 465 19
399 473 17
399 479 17
399 T 10
400 2 18
400 4 12
400 8 10
400 12 13
400 13 11
400 15 1
400 28 12
400 42 14
400 50 2
400 51 2
400 61 18
400 69 20
400 77 18
400 81 11
400 105 2
400 112 8
400 115 3
400 120 10
400 129 12
400 131 12
400 140 12
400 150 17
400 158 12
400 162 3
400 165 3
400 166 3
400 191 13
400 193 16
400 201 19
400 211 9
400 212 18
400 226 9
400 240 6
400 252 8
400 259 11
400 285 20
400 287 10
400 290 14
400 306 3
400 310 16
400 312 9
400 321 8
400 329 10
400 340 10
400 355 6
400 357 9
400 363 7
400 365 8
400 366 17
400 377 2
400 378 16
400 393 3
400 401 15
400 404 12
400 422 8
400 427 7
400 431 13
400 443 11
400 453 3
400 454 20
400 456 3
400 474 10
400 476 9
400 484 11
401 12 11
401 20 16
401 29 1
401 42 4
401 52 16
401 55 6
401 57 17
401 67 15
401 70 2
401 73 2
401 77 4
401 95 4
401 135 13
401 160 2
401 169 20
401 173 2
401 174 7
401 178 2
401 181 14
401 185 14
401 187 6
401 191 14
401 192 4
401 196 14
401 226 13
401 227 18
401 230 19
401 236 2
401 241 14
401 249 5
401 253 4
401 259 16
401 265 3
401 268 12
401 273 4
401 294 15
401 304 4
401 308 14
401 315 17
401 325 15
401 336 19
401 339 2
401 341 2
401 355 12
401 378 3
401 400 1
401 408 3
401 425 16
401 429 14
401 440 5
401 442 12
401 446 8
401 448 20
401 459 20
401 463 14
401 465 1
401 469 11
401 482 18
401 483 10
401 491 12
401 T 11
402 7 9
402 13 5
402 20 11
402 32 5
402 43 2
402 58 2
402 85 14
402 87 5
402 94 6
402 96 4
402 120 5
402 121 12
402 155 16
402 166 6
402 177 5
402 190 8
402 192 3
402 199 17
402 220 17
402 231 9
402 232 13
402 236 10
402 238 9
402 251 11
402 255 3
402 269 18
402 279 6
402 287 4
402 290 18
402 315 2
402 325 3
402 328 10
402 338 19
402 349 1
402 360 4
402 364 19
402 371 2
402 375 17
402 393 16
402 423 8
402 431 13
402 449 14
402 452 10
402 455 1
402 459 20
402 469 10
402 472 20
402 477 3
402 482 19
402 484 1
402 497 14
402 498 4
403 4 19
403 11 13
403 21 3
403 25 12
403 29 3
403 31 20
403 33 2
403 42 18
403 82 19
403 85 13
403 119 4
403 129 4
403 138 12
403 145 7
403 181 3
403 189 19
403 190 3
403 201 4
403 205 6
403 210 7
403 215 17
403 221 2
403 232 14
403 237 16
403 239 18
403 243 8
403 247 18
403 249 1
403 251 1
403 255 17
403 264 20
403 294 3
403 301 9
403 312 2
403 320 4
403 323 6
403 338 9
403 342 19
403 343 18
403 344 4
403 354 19
403 363 7
403 378 1
403 382 5
403 391 17
403 393 6
403 398 1
403 409 15
403 410 2
403 451 18
403 479 1
403 482 6
403 487 11
403 494 8
404 15 6
404 17 3
404 30 1
404 47 5
404 58 12
404 87 1
404 102 11
404 103 3
404 104 5
404 109 16
404 111 18
404 115 10
404 137 20
404 149 9
404 157 18
404 164 8
404 186 18
404 234 6
404 257 8
404 280 6
404 286 10
404 288 7
404 297 17
404 303 3
404 305 18
404 344 2
404 373 13
404 391 1
404 406 10
404 409 13
404 411 17
404 412 4
404 413 19
404 419 9
404 438 15
404 439 20
404 446 16
404 479 13
404 481 16
404 495 12
404 498 1
405 25 5
405 39 16
405 44 15
405 78 1
405 80 10
405 95 14
405 97 3
405 103 17
405 134 18
405 136 6
405 166 9
405 182 12
405 185 15
405 186 15
405 187 11
405 192 5
405 195 16
405 204 12
405 222 19
405 228 9
405 236 15
405 243 9
405 283 19
405 286 17
405 289 9
405 292 9
405 319 5
405 321 20
405 325 16
405 341 4
405 352 16
405 362 9
405 369 10
405 371 14
405 375 20
405 389 4
405 394 8
405 399 16
405 462 17
405 464 4
405 466 12
405 467 7
405 470 7
405 481 18
405 482 6
405 493 7
405 T 9
406 10 3
406 34 13
406 37 17
406 39 15
406 73 2
406 74 9
406 82 3
406 86 17
406 90 6
406 92 16
406 96 16
406 113 10
406 116 10
406 118 10
406 122 18
406 127 18
406 128 8
406 140 2
406 150 19
406 156 18
406 160 4
406 165 18
406 200 16
406 223 18
406 225 3
406 227 10
406 232 11
406 233 16
406 262 6
406 286 16
406 290 16
406 302 17
406 308 11
406 309 13
406 350 5
406 358 15
406 362 17
406 393 7
406 405 3
406 409 19
406 424 5
406 429 14
406 430 16
406 440 18
406 445 17
406 448 16
406 467 13
406 469 6
406 482 10
406 489 2
407 9 18
407 14 6
407 20 18
407 33 17
407 47 11
407 62 10
407 66 19
407 69 11
407 94 2
407 95 19
407 96 20
407 104 19
407 111 10
407 118 5
407 119 6
407 127 2
407 130 5
407 131 8
407 136 18
407 160 20
407 165 9
407 177 18
407 184 3
407 190 19
407 205 9
407 209 4
407 212 7
407 214 7
407 225 20
407 244 20
407 247 18
407 263 19
407 264 9
407 267 8
407 268 7
407 273 13
407 277 19
407 280 20
407 284 3
407 292 2
407 304 14
407 309 2
407 320 9
407 330 9
407 351 14
407 359 16
407 375 1
407 385 17
407 387 6
407 391 10
407 415 13
407 440 11
407 443 13
407 463 1
407 468 18
407 487 1
407 493 10
407 T 16
408 13 4
408 19 19
408 40 11
408 45 1
408 48 4
408 49 3
408 63 2
408 79 3
408 81 1
408 94 14
408 103 5
408 132 11
408 137 13
408 148 4
408 175 4
408 181 19
408 182 11
408 202 16
408 212 14
408 214 19
408 226 19
408 227 3
408 229 2
408 233 4
408 239 9
408 256 20
408 274 3
408 288 2
408 294 6
408 295 5
408 334 9
408 337 1
408 349 5
408 361 18
408 392 9
408 406 9
408 412 3
408 414 16
408 419 14
408 421 11
408 429 9
408 438 9
408 447 9
408 481 2
409 14 18
409 27 11
409 41 7
409 56 4
409 63 6
409 89 6
409 100 14
409 104 12
409 105 20
409 121 18
409 130 6
409 135 12
409 154 3
409 158 20
409 171 2
409 188 12
409 217 2
409 226 20
409 231 10
409 233 8
409 234 7
409 244 12
409 248 5
409 252 12
409 253 15
409 258 19
409 267 11
409 271 3
409 272 5
409 275 10
409 281 9
409 289 13
409 318 5
409 322 4
409 340 11
409 353 20
409 367 10
409 398 9
409 405 13
409 410 17
409 412 11
409 415 6
409 436 20
409 444 12
409 447 14
409 453 4
409 457 7
409 467 18
409 483 10
409 491 7
409 494 20
409 496 17
410 30 9
410 38 12
410 42 12
410 47 14
410 63 2
410 96 10
410 114 17
410 130 13
410 132 17
410 137 14
410 157 11
410 171 1
410 174 14
410 195 17
410 208 20
410 210 9
410 241 13
410 270 3
410 276 19
410 282 11
410 288 11
410 296 8
410 307 5
410 318 19
410 327 12
410 332 10
410 334 6
410 364 2
410 370 9
410 382 15
410 385 2
410 394 18
410 415 15
410 425 2
410 437 9
410 440 9
410 442 11
410 447 7
410 455 11
410 459 8
410 489 12
410 492 9
411 29 13
411 30 18
411 36 13
411 44 9
411 47 14
411 52 8
411 61 3
411 64 19
411 74 8
411 97 15
411 102 7
411 104 3
411 109 10
411 116 19
411 144 2
411 153 2
411 162 13
411 163 7
411 164 11
411 187 2
411 192 12
411 195 10
411 216 8
411 218 2
411 221 4
411 229 20
411 230 19
411 233 19
411 234 15
411 246 16
411 254 9
411 258 6
411 260 15
411 266 19
411 281 14
411 292 7
411 300 1
411 319 10
411 329 16
411 331 8
411 332 12
411 355 12
411 369 3
411 373 6
411 382 11
411 383 9
411 390 13
411 399 10
411 401 11
411 403 5
411 407 15
411 409 5
411 442 7
411 463 18
411 478 8
412 27 2
412 44 1
412 48 11
412 62 5
412 66 4
412 77 5
412 86 12
412 99 3
412 100 14
412 112 18
412 118 5
412 129 10
412 137 3
412 141 16
412 145 5
412 150 9
412 153 17
412 154 18
412 162 2
412 164 10
412 165 13
412 171 3
412 178 16
412 186 9
412 209 7
412 226 19
412 227 7
412 238 11
412 266 13
412 269 17
412 299 11
412 306 19
412 326 8
412 342 16
412 354 16
412 357 12
412 369 7
412 376 3
412 378 8
412 389 19
412 399 3
412 405 12
412 418 11
412 441 3
412 458 4
412 465 5
412 479 5
412 496 11
412 498 1
412 500 12
413 6 5
413 13 3
413 40 15
413 45 2
413 50 13
413 52 14
413 72 5
413 75 15
413 80 19
413 96 16
413 109 18
413 118 4
413 128 16
413 142 18
413 146 11
413 151 20
413 163 19
413 167 11
413 168 20
413 186 13
413 190 19
413 193 4
413 204 12
413 214 19
413 215 17
413 229 9
413 232 5
413 239 14
413 253 15
413 279 13
413 283 14
413 288 12
413 308 4
413 311 8
413 319 8
413 324 19
413 378 10
413 383 18
413 385 3
413 388 1
413 394 14
413 402 17
413 403 14
413 423 1
413 427 10
413 433 10
413 437 15
413 454 11
413 458 16
413 468 3
413 472 6
413 477 19
413 480 20
413 483 14
413 488 14
413 490 19
413 497 4
414 14 5
414 23 6
414 27 9
414 60 19
414 61 12
414 79 16
414 87 6
414 88 6
414 103 1
414 111 15
414 116 11
414 117 12
414 127 6
414 140 13
414 156 1
414 157 7
414 173 13
414 207 5
414 214 4
414 221 17
414 230 17
414 239 12
414 258 10
414 263 7
414 272 12
414 276 16
414 299 1
414 300 10
414 336 11
414 353 19
414 358 13
414 359 9
414 364 7
414 368 12
414 377 4
414 408 19
414 412 5
414 432 10
414 460 19
414 474 5
414 488 6
414 491 12
415 6 13
415 8 9
415 16 19
415 22 1
415 25 17
415 39 14
415 57 5
415 58 3
415 60 3
415 65 18
415 68 17
415 76 14
415 79 10
415 98 15
415 110 6
415 113 17
415 116 19
415 130 19
415 134 4
415 164 17
415 167 2
415 170 18
415 179 11
415 187 16
415 196 20
415 226 6
415 237 13
415 252 2
415 269 13
415 286 13
415 296 12
415 298 13
415 304 5
415 305 20
415 306 14
415 322 10
415 371 18
415 372 13
415 386 18
415 389 8
415 406 4
415 411 6
415 416 20
415 438 11
415 439 19
415 467 7
415 472 20
415 489 12
416 24 10
416 40 8
416 55 3
416 90 9
416 106 6
416 111 4
416 112 7
416 114 11
416 119 12
416 126 19
416 137 3
416 157 9
416 160 12
416 161 1
416 168 11
416 185 11
416 205 17
416 237 9
416 252 13
416 278 18
416 281 20
416 295 1
416 302 4
416 313 12
416 322 17
416 326 19
416 329 9
416 332 3
416 344 9
416 353 19
416 363 9
416 365 12
416 379 13
416 385 15
416 389 3
416 399 9
416 402 16
416 408 16
416 424 12
416 425 8
416 435 1
416 440 12
416 451 10
416 458 10
416 461 17
416 478 17
416 480 5
417 7 14
417 8 17
417 12 6
417 18 11
417 38 15
417 57 11
417 64 3
417 71 19
417 72 1
417 75 2
417 76 15
417 99 20
417 118 10
417 137 11
417 166 2
417 167 9
417 190 4
417 214 5
417 224 16
417 230 5
417 242 8
417 245 2
417 248 17
417 252 12
417 275 2
417 288 7
417 298 11
417 312 3
417 324 18
417 327 5
417 333 19
417 341 10
417 377 18
417 378 7
417 415 9
417 426 14
417 429 11
417 443 13
417 461 15
417 478 4
417 487 8
417 499 13
418 23 9
418 24 1
418 48 20
418 49 19
418 51 14
418 55 1
418 68 11
418 84 20
418 118 16
418 132 4
418 138 4
418 160 7
418 164 7
418 178 8
418 182 4
418 189 6
418 197 1
418 226 14
418 227 12
418 230 18
418 232 16
418 243 1
418 245 13
418 248 14
418 276 17
418 293 11
418 305 17
418 320 14
418 330 18
418 343 11
418 349 15
418 362 14
418 365 4
418 373 20
418 393 12
418 400 2
418 409 10
418 432 3
418 449 10
418 454 15
418 459 4
418 460 13
418 463 8
418 470 6
418 474 20
418 498 6
419 5 5
419 13 5
419 32 16
419 41 13
419 56 6
419 74 11
419 86 2
419 90 5
419 108 6
419 109 15
419 110 12
419 116 19
419 127 11
419 132 11
419 161 8
419 176 2
419 177 5
419 186 12
419 190 3
419 196 5
419 227 15
419 238 5
419 240 16
419 250 2
419 263 17
419 287 15
419 297 2
419 315 11
419 319 2
419 336 3
419 341 2
419 358 7
419 381 13
419 382 2
419 421 2
419 427 7
419 430 9
419 438 11
419 442 18
419 446 12
419 493 20
419 495 4
419 500 6
420 23 20
420 38 8
420 41 15
420 57 17
420 68 13
420 71 5
420 72 6
420 75 3
420 84 8
420 87 13
420 98 5
420 113 10
420 114 9
420 128 16
420 132 5
420 134 18
420 135 3
420 137 14
420 158 20
420 172 2
420 174 7
420 179 9
420 184 8
420 189 1
420 206 3
420 212 13
420 219 14
420 238 17
420 251 9
420 256 4
420 260 3
420 262 12
420 276 5
420 283 6
420 310 9
420 312 20
420 329 17
420 335 2
420 346 2
420 347 13
420 356 10
420 418 1
420 427 9
420 439 4
420 472 4
420 475 8
420 476 3
420 481 10
420 489 7
421 19 1
421 25 8
421 31 1
421 33 6
421 37 7
421 39 3
421 46 13
421 48 7
421 53 3
421 56 16
421 57 2
421 61 11
421 64 1
421 71 9
421 80 12
421 120 6
421 122 1
421 127 11
421 145 8
421 155 12
421 163 18
421 177 5
421 183 8
421 188 20
421 190 13
421 199 7
421 204 1
421 216 11
421 217 8
421 254 14
421 266 17
421 271 15
421 275 3
421 299 9
421 304 3
421 311 16
421 315 19
421 316 17
421 326 19
421 335 17
421 338 3
421 346 16
421 350 10
421 351 3
421 353 4
421 358 13
421 362 11
421 363 12
421 365 17
421 377 3
421 384 1
421 401 10
421 404 10
421 406 20
421 416 8
421 417 18
421 422 2
421 429 2
421 432 20
421 433 13
421 468 11
421 482 20
421 489 1
422 1 14
422 7 12
422 20 4
422 46 10
422 54 6
422 57 3
422 70 7
422 84 13
422 94 14
422 106 8
422 107 1
422 109 7
422 128 18
422 129 18
422 134 3
422 155 1
422 171 17
422 186 2
422 188 8
422 193 2
422 227 15
422 230 19
422 237 10
422 244 8
422 245 13
422 250 6
422 257 1
422 262 19
422 269 19
422 309 17
422 319 18
422 328 13
422 335 11
422 360 7
422 369 20
422 393 4
422 395 18
422 400 17
422 402 9
422 412 9
422 437 4
422 442 10
422 448 15
423 15 16
423 16 16
423 18 12
423 39 3
423 44 20
423 51 5
423 61 14
423 62 18
423 83 9
423 91 16
423 111 13
423 122 5
423 124 19
423 126 6
423 129 17
423 135 10
423 136 16
423 139 4
423 142 13
423 158 8
423 169 20
423 183 18
423 184 14
423 198 18
423 207 2
423 213 5
423 235 1
423 240 9
423 242 1
423 289 6
423 293 17
423 294 6
423 324 7
423 327 4
423 337 10
423 340 18
423 344 4
423 345 3
423 346 6
423 349 10
423 365 16
423 374 6
423 381 13
423 382 7
423 386 11
423 400 18
423 412 9
423 438 14
423 446 16
423 451 13
423 464 20
423 476 7
423 478 18
423 483 1
423 485 6
423 490 1
423 493 16
423 496 9
424 5 9
424 6 3
424 7 1
424 16 20
424 24 9
424 26 2
424 30 13
424 46 20
424 48 8
424 52 20
424 57 13
424 71 10
424 87 14
424 90 7
424 100 8
424 113 3
424 120 13
424 138 2
424 141 6
424 151 6
424 168 12
424 170 2
424 174 18
424 178 14
424 179 16
424 184 19
424 188 3
424 194 13
424 217 15
424 226 13
424 243 13
424 245 15
424 280 5
424 284 4
424 316 19
424 318 7
424 321 1
424 325 14
424 327 8
424 336 9
424 342 17
424 349 2
424 355 18
424 357 13
424 360 20
424 379 3
424 381 14
424 398 5
424 399 9
424 400 17
424 405 20
424 412 3
424 414 11
424 422 15
424 426 11
424 454 14
424 464 6
424 470 1
424 494 13
424 495 9
425 8 11
425 12 15
425 59 12
425 70 7
425 74 16
425 77 1
425 82 5
425 83 16
425 91 11
425 97 1
425 109 17
425 111 6
425 125 7
425 133 14
425 151 13
425 153 11
425 170 14
425 173 5
425 182 18
425 187 15
425 206 20
425 208 2
425 233 7
425 239 17
425 240 18
425 245 19
425 251 4
425 258 19
425 263 17
425 281 8
425 291 4
425 293 13
425 306 16
425 313 8
425 314 6
425 323 15
425 329 18
425 331 20
425 341 3
425 343 14
425 350 14
425 354 1
425 379 2
425 380 13
425 382 12
425 388 2
425 389 20
425 398 4
425 405 11
425 413 12
425 418 1
425 422 15
425 435 10
425 445 17
425 447 10
425 457 10
425 462 18
425 470 2
425 481 2
426 4 16
426 6 2
426 15 5
426 16 20
426 20 11
426 22 10
426 23 10
426 26 2
426 31 15
426 40 18
426 51 12
426 57 3
426 58 7
426 69 13
426 109 8
426 110 16
426 134 7
426 139 10
426 187 16
426 199 3
426 200 20
426 201 3
426 203 20
426 232 12
426 257 15
426 261 4
426 262 17
426 263 13
426 264 11
426 288 10
426 309 1
426 314 3
426 329 9
426 333 3
426 344 18
426 351 1
426 363 11
426 367 1
426 409 5
426 413 12
426 429 9
426 435 8
426 481 14
426 485 10
426 490 11
426 492 6
426 496 3
427 19 14
427 21 8
427 24 6
427 29 8
427 35 12
427 44 2
427 53 1
427 56 2
427 67 11
427 71 3
427 73 5
427 102 3
427 119 18
427 129 1
427 150 7
427 157 20
427 172 4
427 178 12
427 179 10
427 183 10
427 200 16
427 201 20
427 203 2
427 206 5
427 210 18
427 214 5
427 233 8
427 251 10
427 268 4
427 297 14
427 309 20
427 313 10
427 322 11
427 328 3
427 335 6
427 343 18
427 345 4
427 350 5
427 352 18
427 380 9
427 386 20
427 418 10
427 449 15
427 458 4
427 459 6
427 465 11
427 468 7
427 470 20
427 471 4
427 485 8
428 8 20
428 16 4
428 17 19
428 21 18
428 23 20
428 41 19
428 50 20
428 64 13
428 74 7
428 79 18
428 80 9
428 92 18
428 93 14
428 101 16
428 106 20
428 131 9
428 145 14
428 156 15
428 164 7
428 187 12
428 203 12
428 208 2
428 219 8
428 241 20
428 262 14
428 266 6
428 272 7
428 293 19
428 299 11
428 304 2
428 323 7
428 346 8
428 351 11
428 352 4
428 356 12
428 365 6
428 372 10
428 400 11
428 410 20
428 430 15
428 432 14
428 441 18
428 444 15
428 453 9
428 454 13
428 460 1
428 472 16
428 486 2
428 489 3
428 496 10
429 14 13
429 22 6
429 41 13
429 42 7
429 60 18
429 64 13
429 66 1
429 106 15
429 114 20
429 131 4
429 164 20
429 192 3
429 209 19
429 255 18
429 256 1
429 280 14
429 283 9
429 285 8
429 306 16
429 313 20
429 330 11
429 342 8
429 350 6
429 356 6
429 366 20
429 372 16
429 378 17
429 380 3
429 383 7
429 385 13
429 394 15
429 404 12
429 408 10
429 435 20
429 436 17
429 453 19
429 470 10
429 483 11
429 487 8
429 499 3
430 2 3
430 25 7
430 34 4
430 35 7
430 36 20
430 39 4
430 40 3
430 48 1
430 49 6
430 55 2
430 58 7
430 77 8
430 103 8
430 108 1
430 133 4
430 140 4
430 152 18
430 154 3
430 156 2
430 157 15
430 164 12
430 195 2
430 199 16
430 222 14
430 228 18
430 232 12
430 241 6
430 255 7
430 287 6
430 288 4
430 289 3
430 290 14
430 303 14
430 306 10
430 310 3
430 320 4
430 323 11
430 340 16
430 348 18
430 350 2
430 369 9
430 371 4
430 373 11
430 378 9
430 379 19
430 385 4
430 390 17
430 406 17
430 407 5
430 410 13
430 413 2
430 418 7
430 434 18
430 451 4
430 457 1
430 476 3
430 483 16
430 486 9
430 487 1
430 494 18
431 1 11
431 6 3
431 14 20
431 31 13
431 57 12
431 59 3
431 62 1
431 66 13
431 70 9
431 84 14
431 96 12
431 98 5
431 106 2
431 112 20
431 116 1
431 122 19
431 125 20
431 131 8
431 141 13
431 146 7
431 147 4
431 149 20
431 150 16
431 156 5
431 163 17
431 175 4
431 192 2
431 206 3
431 207 1
431 219 7
431 238 9
431 266 1
431 269 1
431 278 1
431 286 1
431 330 10
431 339 9
431 344 13
431 347 5
431 348 19
431 367 17
431 370 18
431 375 8
431 380 9
431 381 1
431 384 18
431 385 19
431 406 18
431 419 19
431 422 3
431 423 14
431 443 9
431 454 6
431 459 17
431 464 17
431 465 2
431 476 18
431 487 2
431 491 6
431 493 14
431 496 3
431 500 11
432 8 7
432 25 3
432 27 3
432 29 13
432 33 18
432 46 15
432 50 8
432 62 6
432 86 6
432 100 5
432 121 8
432 159 4
432 163 5
432 166 3
432 185 3
432 188 5
432 190 4
432 192 16
432 199 15
432 226 4
432 229 4
432 240 18
432 248 5
432 251 15
432 252 20
432 256 2
432 264 5
432 284 6
432 288 10
432 293 3
432 306 20
432 308 16
432 316 14
432 320 11
432 342 15
432 347 14
432 349 12
432 354 1
432 378 2
432 389 9
432 402 6
432 406 20
432 409 5
432 470 7
432 486 1
432 491 13
432 492 5
432 495 17
433 2 13
433 5 5
433 22 10
433 47 6
433 48 2
433 55 4
433 57 14
433 67 13
433 73 5
433 92 13
433 99 6
433 107 12
433 130 4
433 134 16
433 140 15
433 157 8
433 162 3
433 163 14
433 177 19
433 184 1
433 224 18
433 249 4
433 255 14
433 256 4
433 257 4
433 259 2
433 269 20
433 308 17
433 311 20
433 316 16
433 333 2
433 346 10
433 355 5
433 356 20
433 369 16
433 370 18
433 378 8
433 381 19
433 413 14
433 415 5
433 434 1
433 436 5
433 463 17
433 470 5
433 486 5
433 496 4
433 497 15
433 499 16
434 5 15
434 15 5
434 22 14
434 48 16
434 49 5
434 50 16
434 56 12
434 78 8
434 91 11
434 93 10
434 98 20
434 107 15
434 115 6
434 139 15
434 143 13
434 149 10
434 182 11
434 193 17
434 220 2
434 225 5
434 227 1
434 232 10
434 234 4
434 257 12
434 260 20
434 276 9
434 282 13
434 286 8
434 302 2
434 312 9
434 317 7
434 343 7
434 356 9
434 357 2
434 362 1
434 364 13
434 366 11
434 370 3
434 384 1
434 389 13
434 397 1
434 400 14
434 405 4
434 411 20
434 418 11
434 431 1
434 437 12
434 446 7
434 452 7
434 459 8
434 466 5
434 483 7
434 497 11
435 22 13
435 37 15
435 40 12
435 70 8
435 82 5
435 88 11
435 94 17
435 103 12
435 113 6
435 117 5
435 121 4
435 140 11
435 141 2
435 154 12
435 166 3
435 190 8
435 194 14
435 204 1
435 220 6
435 229 1
435 255 1
435 292 9
435 300 3
435 325 6
435 342 14
435 345 2
435 355 2
435 370 7
435 385 10
435 407 10
435 415 20
435 419 17
435 425 20
435 430 15
435 444 3
435 462 2
435 486 9
435 491 19
435 496 6
436 24 18
436 25 7
436 27 11
436 33 14
436 37 16
436 54 20
436 73 4
436 90 1
436 94 2
436 106 20
436 108 1
436 113 11
436 128 8
436 137 5
436 143 1
436 146 2
436 168 9
436 175 9
436 176 6
436 187 1
436 196 3
436 205 11
436 211 10
436 218 12
436 225 10
436 231 11
436 234 17
436 244 8
436 245 18
436 246 8
436 264 3
436 273 10
436 285 4
436 286 7
436 288 5
436 290 19
436 291 5
436 310 12
436 313 3
436 322 18
436 335 18
436 340 11
436 355 13
436 361 6
436 371 1
436 377 19
436 403 6
436 404 17
436 420 7
436 421 7
436 432 6
436 443 7
436 450 16
437 1 16
437 7 14
437 10 17
437 27 14
437 30 15
437 36 13
437 59 6
437 76 15
437 77 3
437 107 13
437 110 19
437 114 20
437 141 16
437 148 6
437 150 19
437 153 12
437 159 16
437 167 14
437 177 13
437 191 17
437 192 20
437 193 14
437 203 18
437 204 8
437 206 11
437 211 9
437 223 11
437 224 11
437 232 4
437 241 7
437 253 4
437 254 4
437 258 18
437 277 4
437 282 11
437 286 1
437 311 5
437 328 18
437 330 2
437 340 18
437 341 15
437 353 19
437 369 3
437 374 14
437 377 8
437 378 3
437 384 5
437 394 1
437 407 10
437 414 3
437 418 8
437 419 17
437 427 19
437 429 16
437 438 4
437 T 3
438 8 2
438 12 15
438 15 19
438 32 6
438 33 3
438 46 19
438 53 14
438 54 10
438 61 16
438 86 12
438 88 20
438 107 3
438 115 10
438 124 10
438 125 16
438 131 4
438 140 16
438 143 7
438 151 18
438 152 19
438 157 3
438 158 10
438 160 8
438 164 16
438 165 15
438 169 5
438 205 18
438 216 10
438 239 18
438 255 1
438 261 13
438 266 3
438 267 8
438 268 18
438 279 3
438 285 2
438 287 2
438 290 8
438 291 5
438 295 15
438 303 13
438 310 12
438 318 11
438 326 18
438 330 11
438 331 13
438 333 12
438 351 4
438 364 2
438 380 5
438 381 16
438 385 16
438 395 11
438 400 12
438 406 18
438 413 12
438 422 16
438 431 20
438 437 19
438 484 18
438 492 10
439 11 11
439 19 5
439 21 19
439 22 8
439 23 18
439 27 20
439 32 16
439 33 1
439 49 13
439 66 15
439 71 17
439 80 2
439 107 8
439 121 13
439 135 1
439 150 15
439 169 4
439 172 8
439 191 5
439 193 12
439 196 6
439 204 8
439 220 1
439 224 10
439 238 12
439 249 4
439 253 20
439 293 20
439 296 9
439 302 2
439 303 2
439 306 9
439 309 12
439 310 2
439 315 17
439 328 4
439 332 16
439 336 8
439 356 8
439 358 14
439 360 1
439 368 1
439 370 4
439 375 14
439 419 17
439 422 3
439 429 14
439 477 8
440 18 17
440 52 13
440 57 7
440 59 8
440 66 8
440 68 12
440 69 8
440 71 13
440 72 15
440 75 10
440 76 3
440 86 6
440 92 2
440 115 9
440 118 5
440 135 3
440 145 20
440 160 5
440 167 6
440 199 17
440 218 19
440 223 12
440 244 1
440 245 10
440 262 4
440 269 2
440 277 16
440 295 5
440 319 13
440 339 17
440 342 7
440 346 5
440 350 4
440 364 1
440 376 1
440 382 4
440 387 20
440 411 10
440 437 16
440 446 10
440 453 5
440 480 14
440 484 14
440 495 15
440 500 3
441 15 10
441 35 8
441 37 14
441 87 5
441 97 20
441 105 4
441 114 19
441 126 20
441 130 2
441 137 13
441 143 3
441 146 10
441 151 17
441 176 15
441 191 13
441 193 11
441 213 5
441 235 14
441 242 14
441 245 13
441 249 16
441 261 3
441 271 4
441 283 8
441 288 1
441 290 20
441 300 2
441 308 16
441 315 3
441 317 11
441 322 3
441 327 17
441 331 1
441 333 13
441 367 8
441 372 3
441 380 3
441 389 7
441 390 17
441 401 11
441 406 10
441 440 16
441 447 3
441 453 13
441 459 2
441 460 4
441 479 6
441 495 10
442 6 14
442 11 17
442 21 20
442 38 4
442 43 10
442 44 3
442 46 7
442 47 2
442 71 5
442 85 4
442 93 18
442 104 3
442 106 18
442 145 8
442 166 9
442 169 20
442 175 2
442 180 13
442 182 1
442 198 2
442 206 9
442 219 4
442 224 14
442 247 20
442 252 12
442 259 15
442 263 15
442 269 4
442 270 18
442 279 19
442 302 8
442 305 20
442 311 3
442 337 15
442 348 5
442 362 9
442 364 5
442 371 11
442 383 17
442 395 17
442 411 8
442 416 8
442 419 9
442 421 6
442 432 19
442 450 1
442 455 19
442 462 1
442 464 6
442 465 5
442 470 1
442 471 4
442 489 2
442 491 3
442 495 8
442 496 9
442 499 2
443 17 1
443 25 19
443 38 19
443 47 11
443 76 9
443 77 5
443 80 6
443 93 11
443 98 9
443 107 17
443 126 8
443 128 6
443 130 17
443 139 9
443 142 11
443 172 6
443 185 18
443 217 12
443 241 15
443 246 15
443 257 7
443 269 19
443 290 12
443 292 17
443 293 7
443 307 19
443 334 17
443 336 20
443 346 13
443 352 6
443 357 17
443 362 16
443 402 5
443 406 20
443 414 18
443 416 9
443 461 13
443 475 11
443 476 5
443 477 7
443 483 5
443 486 6
443 492 17
443 497 2
443 498 4
443 500 9
444 40 8
444 41 4
444 46 17
444 68 5
444 73 19
444 78 12
444 100 5
444 101 18
444 104 1
444 112 20
444 115 3
444 132 2
444 133 12
444 137 9
444 139 20
444 152 16
444 160 6
444 165 10
444 167 12
444 168 10
444 173 16
444 177 5
444 182 17
444 186 13
444 190 8
444 202 20
444 203 16
444 207 11
444 210 3
444 216 9
444 234 8
444 241 10
444 244 8
444 246 11
444 248 12
444 274 7
444 280 17
444 286 1
444 287 15
444 299 18
444 301 16
444 307 14
444 328 2
444 329 9
444 353 12
444 358 14
444 362 13
444 373 5
444 376 5
444 410 13
444 415 2
444 418 2
444 420 17
444 422 13
444 427 20
444 428 14
444 429 6
444 431 20
444 460 13
445 1 15
445 2 13
445 18 8
445 31 17
445 69 16
445 81 4
445 86 14
445 95 18
445 107 9
445 110 18
445 113 2
445 124 19
445 125 4
445 132 17
445 136 8
445 137 8
445 142 16
445 146 1
445 149 8
445 150 7
445 194 11
445 235 19
445 244 18
445 260 18
445 281 16
445 327 2
445 350 9
445 360 10
445 364 10
445 376 5
445 391 13
445 403 16
445 407 5
445 416 7
445 423 10
445 452 11
445 464 18
445 467 11
445 476 14
445 482 9
445 500 20
446 6 18
446 13 7
446 16 16
446 22 9
446 26 10
446 29 15
446 42 10
446 43 4
446 66 16
446 68 15
446 83 12
446 87 9
446 89 8
446 95 9
446 113 17
446 114 8
446 119 16
446 127 12
446 131 5
446 135 14
446 142 17
446 145 18
446 147 5
446 148 20
446 156 8
446 169 4
446 186 2
446 200 12
446 210 18
446 214 14
446 237 16
446 266 4
446 282 7
446 295 15
446 318 9
446 322 2
446 326 5
446 331 14
446 356 14
446 368 8
446 376 6
446 393 11
446 404 17
446 412 14
446 413 8
446 419 7
446 440 7
446 484 6
446 489 7
447 5 19
447 20 11
447 27 17
447 30 20
447 34 19
447 38 20
447 42 4
447 51 13
447 64 12
447 66 19
447 75 4
447 77 19
447 89 17
447 97 8
447 108 7
447 115 16
447 124 5
447 125 11
447 127 13
447 128 19
447 131 12
447 149 6
447 153 18
447 154 13
447 162 11
447 166 11
447 188 6
447 197 14
447 202 13
447 210 2
447 249 7
447 277 17
447 302 13
447 313 19
447 316 10
447 320 1
447 333 14
447 334 13
447 342 14
447 345 14
447 370 17
447 371 20
447 372 11
447 375 4
447 379 13
447 381 17
447 384 19
447 388 18
447 407 3
447 410 4
447 432 19
447 459 3
447 466 13
447 475 12
448 3 17
448 6 14
448 10 7
448 16 12
448 36 16
448 38 8
448 91 6
448 97 10
448 114 8
448 116 13
448 123 18
448 135 9
448 145 2
448 151 12
448 165 15
448 175 6
448 199 6
448 212 13
448 234 6
448 235 17
448 240 9
448 271 12
448 279 1
448 301 1
448 306 4
448 314 15
448 333 9
448 340 14
448 341 6
448 344 1
448 351 12
448 352 1
448 371 19
448 381 20
448 384 3
448 389 14
448 409 16
448 428 12
448 433 8
448 439 7
448 472 2
448 485 17
448 486 7
448 489 12
448 491 3
448 495 18
449 24 18
449 39 8
449 47 7
449 48 9
449 83 18
449 101 5
449 109 2
449 113 10
449 115 12
449 119 12
449 129 1
449 155 8
449 176 7
449 177 12
449 197 11
449 204 1
449 205 17
449 221 16
449 223 5
449 227 15
449 233 14
449 254 9
449 284 4
449 289 17
449 299 11
449 307 2
449 316 15
449 321 15
449 326 12
449 345 3
449 357 7
449 361 18
449 367 20
449 371 7
449 375 15
449 376 8
449 378 1
449 380 18
449 395 18
449 396 6
449 398 15
449 407 15
449 425 2
449 434 2
449 439 12
449 453 19
449 464 5
449 465 18
449 490 8
449 494 3
450 15 13
450 20 15
450 21 8
450 33 12
450 34 5
450 49 1
450 64 8
450 66 8
450 79 1
450 93 5
450 98 6
450 108 6
450 109 5
450 129 11
450 139 15
450 142 7
450 144 11
450 147 20
450 148 5
450 161 8
450 164 17
450 167 15
450 177 14
450 191 5
450 192 12
450 193 3
450 194 19
450 196 13
450 199 2
450 215 17
450 220 5
450 224 16
450 242 18
450 250 17
450 264 16
450 266 18
450 286 15
450 289 10
450 296 18
450 303 5
450 315 9
450 322 17
450 331 7
450 333 18
450 341 2
450 349 4
450 353 11
450 358 6
450 389 12
450 406 12
450 412 15
450 417 10
450 440 12
450 443 11
450 464 1
450 486 13
450 489 11
450 500 10
451 3 9
451 11 9
451 14 4
451 24 5
451 39 8
451 51 15
451 57 4
451 69 14
451 71 2
451 85 9
451 103 17
451 105 7
451 138 16
451 141 13
451 146 10
451 148 20
451 153 12
451 156 19
451 162 3
451 165 19
451 176 16
451 182 5
451 201 18
451 216 19
451 235 20
451 257 3
451 272 20
451 273 10
451 281 19
451 284 17
451 289 10
451 292 4
451 299 18
451 327 12
451 334 12
451 337 2
451 351 8
451 381 1
451 382 1
451 387 14
451 392 20
451 411 2
451 414 20
451 427 11
451 429 18
451 435 3
451 441 15
451 442 1
451 457 12
451 468 10
451 469 3
451 476 2
451 485 15
452 4 5
452 10 9
452 18 9
452 20 20
452 28 1
452 33 16
452 44 11
452 59 20
452 61 3
452 73 5
452 76 1
452 80 17
452 82 8
452 88 6
452 89 5
452 92 5
452 99 12
452 103 6
452 115 14
452 119 7
452 124 19
452 141 4
452 166 17
452 168 20
452 175 15
452 203 11
452 211 19
452 217 4
452 244 6
452 257 3
452 260 17
452 261 9
452 264 15
452 267 8
452 268 7
452 274 1
452 282 9
452 302 20
452 312 10
452 321 1
452 342 18
452 357 15
452 394 5
452 396 5
452 400 11
452 401 1
452 405 10
452 423 19
452 429 19
452 439 8
452 443 10
452 448 1
452 457 10
452 459 5
452 461 17
452 468 18
452 472 11
452 473 5
452 475 11
452 490 4
452 495 13
453 1 6
453 3 11
453 28 18
453 37 1
453 56 20
453 61 8
453 64 18
453 80 4
453 81 3
453 83 4
453 92 9
453 102 12
453 109 17
453 133 3
453 134 5
453 145 19
453 179 18
453 193 9
453 195 8
453 196 10
453 226 6
453 242 6
453 248 1
453 258 4
453 264 15
453 265 2
453 310 9
453 324 5
453 343 8
453 347 19
453 349 19
453 367 15
453 389 14
453 398 15
453 434 7
453 436 8
453 443 17
453 446 2
453 459 11
453 465 8
453 471 11
453 476 17
453 483 14
454 2 12
454 5 7
454 20 11
454 28 19
454 30 16
454 33 6
454 36 14
454 38 7
454 42 3
454 48 10
454 73 16
454 83 14
454 101 5
454 109 7
454 110 9
454 115 6
454 121 19
454 124 12
454 138 5
454 140 13
454 149 19
454 152 8
454 169 4
454 174 10
454 178 9
454 179 19
454 188 8
454 194 9
454 197 1
454 200 15
454 206 16
454 234 17
454 249 18
454 254 1
454 255 17
454 258 20
454 278 7
454 309 5
454 314 11
454 326 20
454 334 14
454 336 20
454 342 6
454 348 5
454 350 4
454 371 17
454 385 16
454 386 11
454 398 13
454 411 10
454 426 16
454 437 2
454 439 8
454 440 17
454 458 13
454 460 9
454 469 12
454 476 7
454 496 2
455 16 2
455 21 3
455 36 16
455 40 5
455 41 18
455 48 19
455 56 9
455 63 2
455 65 5
455 100 7
455 118 11
455 155 2
455 170 20
455 172 13
455 183 11
455 194 18
455 203 6
455 205 7
455 214 10
455 228 7
455 231 17
455 275 18
455 277 19
455 278 4
455 284 9
455 307 14
455 311 15
455 314 10
455 316 16
455 337 6
455 342 10
455 353 12
455 355 16
455 362 17
455 396 4
455 399 20
455 401 18
455 419 3
455 421 6
455 449 11
455 452 9
455 460 2
455 465 10
455 472 13
455 483 12
455 493 5
455 498 20
456 7 17
456 8 19
456 10 13
456 19 1
456 33 1
456 50 19
456 51 6
456 58 1
456 68 2
456 69 18
456 75 19
456 81 4
456 97 8
456 98 16
456 134 3
456 137 12
456 138 2
456 144 7
456 149 11
456 150 16
456 186 12
456 209 17
456 223 19
456 227 15
456 235 9
456 250 17
456 265 7
456 272 15
456 280 6
456 294 17
456 297 20
456 300 18
456 301 7
456 306 6
456 311 11
456 314 11
456 317 14
456 321 18
456 327 9
456 339 10
456 349 7
456 352 10
456 356 14
456 363 16
456 368 14
456 376 4
456 379 1
456 391 14
456 408 14
456 423 19
456 424 11
456 430 20
456 447 9
456 461 3
456 477 8
456 479 19
456 482 17
456 496 10
456 500 2
457 9 4
457 32 15
457 36 12
457 37 20
457 59 9
457 61 18
457 73 13
457 78 20
457 87 17
457 88 8
457 91 17
457 108 13
457 114 8
457 140 6
457 162 3
457 168 3
457 169 16
457 184 6
457 202 19
457 204 5
457 206 1
457 215 16
457 218 5
457 230 17
457 239 9
457 242 5
457 243 11
457 255 4
457 256 9
457 258 20
457 270 6
457 288 17
457 317 11
457 324 5
457 328 9
457 332 5
457 334 1
457 342 18
457 363 15
457 367 17
457 399 10
457 406 5
457 410 16
457 412 9
457 418 6
457 431 11
457 433 17
457 437 6
457 442 5
457 451 7
457 464 11
457 466 12
457 468 1
457 486 13
458 29 18
458 31 16
458 41 1
458 43 17
458 48 16
458 49 19
458 65 10
458 73 10
458 85 17
458 86 16
458 119 10
458 127 7
458 129 3
458 130 16
458 163 14
458 240 13
458 242 17
458 243 9
458 247 13
458 249 1
458 256 1
458 262 8
458 263 12
458 266 3
458 293 6
458 296 18
458 301 1
458 310 9
458 313 2
458 324 9
458 334 9
458 336 3
458 347 7
458 356 15
458 360 19
458 372 7
458 377 7
458 381 8
458 385 4
458 392 10
458 401 9
458 406 17
458 411 13
458 421 4
458 438 15
458 440 4
458 441 14
458 473 13
459 7 3
459 14 13
459 18 9
459 21 8
459 24 16
459 29 7
459 47 2
459 53 1
459 58 15
459 64 11
459 72 20
459 73 9
459 82 14
459 94 8
459 113 18
459 118 19
459 120 5
459 137 2
459 144 9
459 150 9
459 151 5
459 165 6
459 188 19
459 201 19
459 213 17
459 217 20
459 219 8
459 220 10
459 228 9
459 241 2
459 247 3
459 251 7
459 306 3
459 310 10
459 312 12
459 334 11
459 351 11
459 358 11
459 363 20
459 370 10
459 375 3
459 386 14
459 390 12
459 392 19
459 421 15
459 437 20
459 456 11
459 465 3
459 467 11
459 473 7
459 487 9
459 492 15
459 499 17
460 4 13
460 42 1
460 44 10
460 48 17
460 52 18
460 60 12
460 71 9
460 83 14
460 89 3
460 102 7
460 104 15
460 107 9
460 110 11
460 112 14
460 138 18
460 144 9
460 147 12
460 148 11
460 149 19
460 159 15
460 171 17
460 172 12
460 180 13
460 187 10
460 190 15
460 200 3
460 201 15
460 203 7
460 204 8
460 205 3
460 213 11
460 229 13
460 235 19
460 296 10
460 306 4
460 311 11
460 325 5
460 330 5
460 332 18
460 334 19
460 335 5
460 359 8
460 366 4
460 367 3
460 379 2
460 380 9
460 381 13
460 402 19
460 404 8
460 405 9
460 430 1
460 441 1
460 444 10
460 455 4
460 463 19
460 464 17
460 490 20
460 499 7
461 5 20
461 6 14
461 43 3
461 46 11
461 48 20
461 50 15
461 51 6
461 79 9
461 82 12
461 99 12
461 100 2
461 105 12
461 109 19
461 112 16
461 115 18
461 117 16
461 125 6
461 130 15
461 131 17
461 132 15
461 134 11
461 142 13
461 143 6
461 168 3
461 170 4
461 173 20
461 197 7
461 201 5
461 215 10
461 217 4
461 222 15
461 257 4
461 272 8
461 273 2
461 279 5
461 288 1
461 292 3
461 297 2
461 301 4
461 306 9
461 315 11
461 319 19
461 321 13
461 333 15
461 338 5
461 358 18
461 359 2
461 388 4
461 394 14
461 404 7
461 406 13
461 449 5
461 452 2
461 453 10
461 456 4
461 467 3
461 476 18
461 478 5
461 T 12
462 2 9
462 15 8
462 25 7
462 27 3
462 28 3
462 31 15
462 39 1
462 51 2
462 73 13
462 97 17
462 124 19
462 149 7
462 163 9
462 174 5
462 179 20
462 186 2
462 191 9
462 193 18
462 233 5
462 242 12
462 251 17
462 255 5
462 265 10
462 272 15
462 282 20
462 299 3
462 322 4
462 328 12
462 332 5
462 376 6
462 386 14
462 397 11
462 399 20
462 408 18
462 410 6
462 421 6
462 429 14
462 433 18
462 434 19
462 443 4
462 444 20
462 454 6
462 464 2
463 9 13
463 18 17
463 22 11
463 37 16
463 47 5
463 54 9
463 57 12
463 62 17
463 67 3
463 83 4
463 97 1
463 134 12
463 143 16
463 149 18
463 156 18
463 162 13
463 177 20
463 179 13
463 215 12
463 224 6
463 225 20
463 275 19
463 278 2
463 281 19
463 282 5
463 295 5
463 306 20
463 315 12
463 319 16
463 322 10
463 329 2
463 335 16
463 345 19
463 359 9
463 365 17
463 393 8
463 417 2
463 432 19
463 451 11
463 453 1
463 455 17
463 468 20
463 471 6
463 481 19
463 498 2
464 1 12
464 5 11
464 14 14
464 23 9
464 30 14
464 31 15
464 42 2
464 43 13
464 54 9
464 60 20
464 62 7
464 67 11
464 90 10
464 109 5
464 144 12
464 168 9
464 175 7
464 193 10
464 200 4
464 205 19
464 215 11
464 225 9
464 273 20
464 282 18
464 284 13
464 290 20
464 293 8
464 302 1
464 305 5
464 316 20
464 318 6
464 349 5
464 350 15
464 352 14
464 384 10
464 397 16
464 430 5
464 443 4
464 450 18
464 487 10
464 490 2
464 491 16
465 1 1
465 7 14
465 30 14
465 47 17
465 62 6
465 87 10
465 94 7
465 97 6
465 109 19
465 111 9
465 117 18
465 132 18
465 133 15
465 135 17
465 137 17
465 170 6
465 179 18
465 186 1
465 194 17
465 211 7
465 216 9
465 218 14
465 221 5
465 231 1
465 232 1
465 254 7
465 259 14
465 265 5
465 266 14
465 267 13
465 277 5
465 279 11
465 284 14
465 302 1
465 304 20
465 305 19
465 315 2
465 359 9
465 382 18
465 394 13
465 397 6
465 405 19
465 408 9
465 411 4
465 425 20
465 437 16
465 453 14
465 455 17
465 472 3
465 475 8
465 490 3
466 19 4
466 25 17
466 33 12
466 46 16
466 55 20
466 64 6
466 70 4
466 75 1
466 107 11
466 110 3
466 111 9
466 112 15
466 113 5
466 128 5
466 136 17
466 144 14
466 159 18
466 173 3
466 181 16
466 206 3
466 207 13
466 252 5
466 277 8
466 278 13
466 283 17
466 287 6
466 294 18
466 343 9
466 351 4
466 359 19
466 361 11
466 372 17
466 378 16
466 388 12
466 397 10
466 420 14
466 439 19
466 441 13
466 449 13
466 451 4
466 464 19
466 472 3
466 478 13
466 480 20
466 495 16
466 497 13
466 498 6
467 9 3
467 26 3
467 27 9
467 36 3
467 56 12
467 60 3
467 61 17
467 65 12
467 68 13
467 79 4
467 83 20
467 84 6
467 85 16
467 91 3
467 92 12
467 104 1
467 109 3
467 118 5
467 119 10
467 121 4
467 176 1
467 184 18
467 215 1
467 233 16
467 237 18
467 245 7
467 301 12
467 311 6
467 313 18
467 317 1
467 332 18
467 355 7
467 356 13
467 362 4
467 366 1
467 369 10
467 371 14
467 378 3
467 379 3
467 401 16
467 408 16
467 417 2
467 429 18
467 430 14
467 431 5
467 433 15
467 435 12
467 440 14
467 441 16
467 445 5
467 446 14
467 449 14
467 452 16
467 499 8
467 T 10
468 16 18
468 23 20
468 24 18
468 26 14
468 32 6
468 57 11
468 60 13
468 63 11
468 76 7
468 85 7
468 87 4
468 93 16
468 103 19
468 109 2
468 121 18
468 131 10
468 136 19
468 160 4
468 168 1
468 169 20
468 196 4
468 208 19
468 214 2
468 252 9
468 256 4
468 262 12
468 276 8
468 284 14
468 313 15
468 320 8
468 371 2
468 373 15
468 391 8
468 396 20
468 397 9
468 403 5
468 408 11
468 422 6
468 434 16
468 458 14
468 459 6
468 475 10
468 481 2
468 488 13
468 496 12
468 499 10
469 2 6
469 14 7
469 16 16
469 52 18
469 56 9
469 58 16
469 69 15
469 80 19
469 88 12
469 90 14
469 109 18
469 129 17
469 144 7
469 153 17
469 190 17
469 193 4
469 199 8
469 200 12
469 218 13
469 222 3
469 226 12
469 234 7
469 262 8
469 265 8
469 288 16
469 296 20
469 313 12
469 325 19
469 336 20
469 338 16
469 349 10
469 386 10
469 392 14
469 395 6
469 397 2
469 406 5
469 449 13
469 466 18
469 468 16
469 470 10
469 496 9
470 3 12
470 6 20
470 7 16
470 10 15
470 12 16
470 14 1
470 16 7
470 21 10
470 28 1
470 36 18
470 52 20
470 95 12
470 112 15
470 119 3
470 124 14
470 126 7
470 127 19
470 148 2
470 149 19
470 174 6
470 176 18
470 182 3
470 187 19
470 201 20
470 206 7
470 213 20
470 222 2
470 245 8
470 251 8
470 261 10
470 268 10
470 281 18
470 283 20
470 295 12
470 305 12
470 310 1
470 336 4
470 338 4
470 346 6
470 351 10
470 370 1
470 371 19
470 384 7
470 395 20
470 410 3
470 417 12
470 429 1
470 439 2
470 457 11
470 471 3
470 479 11
470 486 5
470 T 19
471 5 8
471 34 14
471 54 9
471 68 6
471 70 17
471 81 12
471 86 12
471 100 6
471 131 17
471 142 15
471 153 3
471 157 3
471 162 2
471 163 19
471 173 20
471 189 10
471 191 4
471 223 18
471 229 20
471 230 4
471 241 16
471 247 9
471 251 7
471 261 8
471 278 16
471 289 8
471 292 20
471 302 3
471 323 6
471 333 17
471 347 5
471 353 12
471 361 7
471 372 11
471 373 17
471 379 3
471 409 14
471 420 10
471 445 8
471 447 14
471 458 4
471 462 5
471 464 15
471 486 19
471 492 8
472 10 1
472 34 12
472 54 18
472 60 17
472 70 4
472 72 3
472 79 17
472 118 8
472 119 3
472 120 6
472 123 16
472 126 10
472 129 7
472 150 1
472 153 1
472 156 17
472 159 12
472 170 1
472 194 10
472 209 10
472 225 10
472 257 2
472 266 2
472 272 1
472 277 7
472 282 15
472 289 1
472 293 13
472 298 19
472 318 11
472 321 8
472 322 14
472 326 1
472 332 1
472 333 20
472 344 9
472 350 12
472 361 17
472 375 9
472 383 1
472 391 2
472 395 13
472 404 17
472 433 17
472 435 3
472 440 16
472 444 5
472 450 20
472 456 17
472 468 16
472 480 19
472 483 13
472 500 7
473 17 4
473 18 1
473 24 11
473 26 18
473 58 1
473 62 8
473 83 19
473 87 14
473 94 18
473 101 7
473 131 17
473 135 6
473 153 11
473 178 19
473 182 18
473 188 10
473 192 3
473 194 3
473 198 3
473 209 9
473 231 9
473 241 2
473 242 16
473 243 12
473 250 2
473 252 14
473 259 15
473 282 14
473 306 20
473 310 1
473 312 8
473 319 12
473 321 5
473 327 19
473 330 10
473 333 10
473 338 15
473 341 14
473 342 8
473 343 16
473 350 12
473 358 6
473 381 12
473 383 13
473 390 20
473 403 12
473 411 15
473 435 16
473 443 15
473 468 4
473 474 16
473 489 20
474 9 4
474 17 17
474 29 6
474 41 8
474 50 8
474 68 13
474 84 13
474 108 11
474 112 17
474 114 18
474 120 2
474 125 18
474 138 4
474 144 5
474 145 19
474 152 13
474 159 15
474 169 9
474 196 19
474 210 19
474 212 15
474 213 16
474 233 9
474 236 7
474 249 13
474 289 18
474 297 13
474 300 10
474 318 9
474 327 18
474 330 14
474 338 5
474 343 15
474 347 6
474 381 1
474 392 12
474 405 14
474 413 19
474 418 5
474 429 16
474 446 18
474 457 8
474 470 12
474 480 4
474 492 13
475 5 17
475 7 14
475 13 1
475 34 10
475 43 1
475 45 12
475 53 14
475 68 6
475 76 6
475 81 3
475 93 15
475 105 16
475 107 13
475 108 8
475 111 19
475 128 12
475 131 7
475 136 1
475 145 14
475 149 9
475 160 11
475 195 7
475 197 16
475 205 15
475 215 20
475 224 14
475 226 16
475 242 4
475 245 16
475 290 1
475 293 2
475 294 13
475 303 1
475 305 11
475 315 4
475 319 12
475 330 2
475 333 8
475 365 6
475 366 14
475 370 14
475 393 13
475 398 18
475 402 9
475 411 7
475 412 2
475 421 12
475 436 6
475 439 7
475 459 20
475 477 19
476 19 12
476 28 15
476 35 11
476 38 2
476 40 16
476 66 20
476 72 18
476 77 8
476 79 1
476 113 8
476 115 5
476 135 13
476 139 16
476 155 13
476 160 8
476 176 14
476 184 10
476 192 7
476 195 15
476 201 10
476 205 10
476 254 9
476 270 1
476 285 5
476 288 11
476 289 9
476 291 16
476 306 9
476 317 12
476 318 11
476 336 10
476 361 1
476 391 6
476 397 7
476 405 20
476 414 8
476 435 18
476 439 2
476 444 8
476 446 14
476 448 7
476 453 8
476 458 3
476 462 17
476 463 1
476 467 16
476 468 15
476 475 1
476 485 17
476 490 1
476 492 7
476 497 11
477 1 20
477 14 14
477 20 10
477 30 7
477 45 1
477 78 13
477 84 14
477 87 8
477 96 9
477 98 9
477 107 18
477 127 5
477 128 2
477 160 9
477 161 20
477 181 12
477 186 2
477 187 1
477 188 16
477 202 17
477 205 5
477 208 8
477 212 8
477 217 7
477 230 3
477 238 20
477 242 10
477 246 20
477 250 8
477 252 19
477 259 7
477 263 7
477 268 18
477 276 20
477 284 11
477 287 18
477 290 15
477 291 7
477 292 4
477 296 4
477 300 9
477 302 18
477 304 20
477 316 11
477 333 11
477 368 11
477 380 9
477 399 15
477 408 19
477 417 10
477 423 5
477 439 13
477 440 20
477 447 7
477 461 10
477 463 13
477 465 17
477 472 8
477 480 1
477 487 11
477 498 16
478 2 18
478 14 17
478 17 12
478 20 8
478 31 14
478 33 19
478 38 4
478 42 9
478 51 7
478 59 11
478 75 2
478 81 14
478 82 5
478 109 8
478 122 6
478 123 20
478 124 16
478 129 4
478 135 18
478 151 11
478 156 11
478 163 3
478 167 2
478 180 5
478 183 19
478 227 17
478 237 10
478 239 17
478 252 3
478 276 10
478 280 10
478 285 6
478 292 19
478 309 8
478 313 14
478 315 10
478 324 13
478 326 6
478 350 19
478 361 10
478 368 13
478 383 18
478 391 15
478 425 3
478 430 20
478 433 9
478 437 1
478 441 17
478 447 11
478 455 8
478 470 11
478 476 1
478 480 10
478 492 7
478 494 7
478 499 1
479 25 19
479 27 20
479 41 1
479 60 12
479 65 5
479 72 18
479 100 17
479 104 20
479 116 18
479 128 11
479 137 20
479 148 13
479 152 16
479 155 7
479 157 14
479 158 4
479 161 15
479 167 19
479 180 6
479 182 12
479 188 2
479 189 13
479 201 5
479 208 19
479 211 14
479 220 1
479 221 8
479 224 4
479 231 14
479 235 8
479 243 3
479 244 12
479 250 7
479 309 6
479 331 3
479 342 11
479 371 7
479 388 19
479 394 2
479 396 16
479 407 5
479 425 14
479 427 6
479 431 18
479 435 12
479 437 16
479 449 1
479 450 18
479 454 20
479 482 1
479 488 4
479 490 18
479 500 4
480 7 9
480 8 15
480 14 19
480 27 19
480 57 10
480 93 2
480 133 8
480 156 3
480 157 17
480 158 14
480 171 4
480 179 19
480 181 10
480 194 19
480 195 10
480 212 8
480 214 7
480 224 10
480 238 4
480 248 14
480 251 2
480 253 5
480 259 10
480 279 12
480 284 8
480 297 4
480 329 6
480 334 1
480 340 10
480 342 13
480 353 1
480 376 14
480 384 13
480 390 1
480 401 17
480 413 2
480 428 11
480 430 4
480 471 8
480 490 10
481 11 6
481 31 10
481 51 19
481 59 5
481 77 1
481 85 3
481 86 8
481 96 20
481 106 5
481 125 16
481 129 13
481 136 18
481 149 11
481 152 3
481 169 20
481 191 18
481 199 10
481 223 16
481 224 14
481 227 2
481 254 8
481 266 2
481 269 12
481 320 12
481 329 15
481 332 14
481 337 13
481 338 12
481 345 16
481 354 1
481 369 15
481 372 5
481 373 18
481 401 8
481 431 11
481 439 20
481 441 4
481 483 18
481 487 19
481 489 2
481 495 8
482 1 2
482 4 20
482 12 12
482 21 15
482 23 19
482 24 5
482 27 20
482 30 17
482 34 4
482 35 6
482 44 20
482 48 15
482 49 17
482 56 7
482 64 9
482 90 16
482 91 11
482 92 18
482 97 10
482 102 19
482 103 10
482 114 19
482 115 6
482 129 11
482 153 10
482 168 19
482 182 4
482 195 4
482 199 10
482 200 1
482 225 4
482 226 3
482 237 1
482 241 9
482 288 9
482 291 15
482 316 14
482 321 3
482 341 8
482 348 1
482 351 2
482 354 12
482 360 4
482 366 7
482 369 2
482 382 10
482 390 18
482 394 20
482 402 19
482 407 12
482 425 16
482 428 1
482 430 13
482 438 8
482 443 10
482 459 4
482 463 18
482 472 7
482 485 5
482 491 5
482 496 18
483 2 6
483 21 11
483 37 15
483 38 16
483 45 14
483 49 11
483 69 9
483 91 16
483 92 5
483 117 10
483 118 11
483 120 14
483 124 3
483 129 8
483 154 12
483 161 7
483 170 20
483 177 9
483 178 11
483 183 3
483 188 10
483 195 4
483 212 12
483 218 12
483 220 5
483 227 8
483 229 15
483 270 8
483 280 8
483 285 4
483 290 4
483 294 4
483 297 8
483 306 10
483 308 11
483 312 1
483 324 10
483 328 2
483 330 5
483 375 16
483 385 2
483 386 16
483 393 14
483 395 9
483 401 10
483 407 18
483 410 9
483 423 10
483 437 16
483 447 4
483 450 2
483 452 17
483 453 16
483 456 8
483 473 10
483 474 12
483 487 7
483 492 15
483 T 20
484 5 12
484 21 17
484 25 13
484 45 6
484 53 8
484 58 6
484 78 17
484 96 16
484 101 17
484 123 7
484 132 14
484 146 6
484 147 10
484 152 17
484 161 10
484 170 1
484 187 16
484 192 12
484 197 9
484 203 8
484 205 9
484 208 16
484 209 6
484 214 18
484 219 4
484 228 18
484 238 11
484 267 10
484 276 17
484 288 5
484 300 8
484 314 8
484 331 18
484 342 2
484 344 2
484 355 20
484 360 17
484 375 15
484 377 3
484 414 14
484 416 18
484 433 1
484 436 1
484 462 9
484 479 6
485 4 16
485 20 14
485 27 5
485 29 16
485 39 2
485 45 14
485 48 3
485 71 7
485 74 7
485 76 15
485 82 11
485 83 20
485 93 12
485 102 19
485 105 7
485 114 6
485 117 14
485 123 8
485 136 9
485 139 5
485 141 6
485 165 10
485 166 12
485 173 11
485 200 7
485 203 12
485 205 12
485 217 3
485 231 7
485 241 4
485 258 5
485 268 20
485 301 9
485 306 12
485 310 5
485 312 2
485 319 12
485 328 18
485 374 14
485 375 16
485 386 19
485 387 5
485 393 11
485 402 9
485 411 2
485 423 11
485 445 2
485 453 3
485 463 5
485 468 13
485 478 9
485 487 19
485 494 7
485 500 19
486 14 5
486 18 11
486 43 13
486 54 6
486 61 1
486 62 18
486 80 12
486 99 16
486 108 4
486 111 2
486 112 20
486 122 12
486 125 12
486 128 1
486 133 7
486 148 12
486 171 6
486 173 16
486 221 8
486 237 14
486 238 6
486 246 1
486 251 5
486 252 4
486 255 13
486 266 13
486 271 1
486 275 5
486 284 12
486 297 19
486 306 14
486 327 8
486 329 2
486 331 1
486 343 17
486 351 6
486 376 20
486 398 9
486 408 4
486 414 20
486 427 2
486 438 9
486 457 6
486 465 13
486 467 2
486 471 8
487 5 4
487 13 1
487 17 10
487 25 4
487 28 12
487 42 2
487 51 9
487 56 20
487 58 3
487 78 9
487 87 6
487 90 4
487 91 13
487 101 5
487 103 8
487 107 6
487 120 3
487 153 20
487 165 18
487 174 19
487 183 5
487 203 3
487 209 14
487 226 4
487 227 7
487 249 20
487 257 10
487 269 5
487 272 15
487 278 5
487 297 13
487 301 9
487 313 13
487 329 3
487 330 16
487 332 6
487 340 16
487 344 5
487 356 2
487 362 1
487 365 2
487 367 3
487 374 10
487 376 3
487 377 8
487 397 16
487 400 11
487 406 2
487 408 14
487 412 15
487 416 17
487 420 15
487 442 19
487 444 19
487 449 10
487 457 13
487 465 3
487 476 4
487 485 12
487 495 8
487 498 1
487 499 13
487 T 15
488 2 12
488 9 18
488 22 18
488 55 3
488 73 5
488 81 11
488 84 11
488 87 9
488 91 7
488 102 5
488 104 12
488 132 12
488 143 19
488 153 1
488 165 20
488 198 6
488 204 14
488 237 4
488 243 5
488 244 19
488 246 19
488 275 1
488 288 9
488 291 3
488 297 2
488 309 3
488 318 18
488 322 13
488 323 6
488 334 12
488 346 6
488 378 5
488 381 2
488 388 20
488 392 3
488 395 18
488 419 12
488 446 4
488 450 18
488 451 3
488 464 19
488 474 7
488 477 14
488 478 17
489 8 13
489 27 17
489 40 9
489 43 11
489 44 16
489 61 17
489 69 2
489 79 12
489 85 3
489 88 13
489 89 7
489 108 2
489 110 9
489 120 20
489 132 12
489 148 2
489 150 14
489 156 18
489 161 4
489 165 18
489 166 7
489 189 19
489 191 18
489 205 14
489 210 1
489 225 6
489 234 18
489 241 16
489 261 20
489 263 19
489 268 4
489 270 2
489 275 9
489 278 4
489 281 10
489 299 2
489 311 12
489 328 19
489 334 1
489 342 17
489 349 3
489 368 6
489 369 1
489 391 1
489 396 8
489 430 3
489 453 6
489 455 3
489 458 16
489 465 13
489 466 16
489 473 15
490 2 15
490 4 15
490 8 11
490 13 8
490 16 19
490 17 8
490 37 2
490 39 5
490 52 2
490 65 8
490 67 9
490 69 12
490 71 5
490 73 12
490 77 14
490 88 20
490 97 17
490 98 18
490 132 5
490 149 12
490 164 12
490 183 6
490 193 12
490 208 18
490 235 14
490 244 10
490 259 11
490 260 6
490 269 4
490 284 9
490 310 15
490 324 16
490 325 20
490 326 7
490 340 10
490 347 4
490 357 4
490 378 15
490 380 7
490 401 7
490 409 1
490 411 8
490 420 6
490 445 4
490 448 14
490 454 5
490 483 3
490 494 15
491 4 2
491 5 10
491 17 18
491 18 5
491 23 4
491 39 1
491 52 15
491 70 13
491 92 16
491 93 18
491 98 4
491 109 6
491 110 16
491 120 12
491 135 6
491 137 15
491 146 5
491 149 17
491 168 8
491 193 1
491 222 19
491 228 3
491 229 9
491 235 7
491 250 9
491 254 3
491 283 8
491 287 18
491 298 20
491 310 16
491 326 1
491 341 2
491 357 3
491 361 8
491 368 15
491 374 4
491 387 1
491 390 3
491 395 1
491 410 1
491 429 8
491 430 8
491 435 18
491 441 13
491 458 4
491 467 17
492 7 3
492 12 18
492 14 1
492 19 10
492 21 10
492 22 3
492 24 5
492 39 18
492 45 15
492 48 11
492 52 19
492 59 4
492 83 13
492 86 19
492 89 7
492 96 11
492 111 16
492 114 18
492 131 12
492 136 19
492 141 12
492 147 3
492 148 6
492 173 3
492 177 13
492 196 9
492 202 6
492 204 10
492 213 11
492 237 9
492 257 13
492 272 7
492 284 20
492 289 4
492 298 5
492 299 10
492 333 15
492 342 18
492 360 11
492 380 7
492 395 2
492 406 6
492 408 6
492 442 14
492 443 9
492 445 5
492 462 7
492 471 18
492 495 5
493 5 7
493 32 10
493 44 12
493 46 16
493 52 18
493 87 8
493 88 19
493 93 3
493 109 1
493 110 10
493 113 3
493 120 6
493 128 15
493 135 10
493 138 14
493 174 19
493 184 13
493 192 8
493 215 20
493 250 16
493 275 16
493 282 9
493 291 16
493 296 16
493 298 5
493 305 10
493 313 9
493 338 16
493 346 14
493 354 18
493 362 10
493 366 11
493 374 5
493 375 6
493 433 7
493 435 7
493 436 2
493 449 13
493 461 3
493 465 12
493 468 16
493 481 2
493 494 8
494 1 12
494 7 8
494 9 7
494 12 9
494 16 20
494 39 16
494 41 20
494 44 9
494 64 14
494 67 10
494 68 2
494 87 1
494 112 18
494 117 19
494 130 19
494 156 19
494 161 7
494 163 19
494 164 10
494 188 7
494 197 20
494 222 6
494 229 1
494 246 12
494 250 1
494 262 12
494 279 8
494 283 14
494 289 10
494 302 3
494 303 15
494 309 7
494 319 10
494 329 10
494 335 20
494 353 15
494 381 12
494 417 16
494 456 4
494 459 3
494 469 7
494 488 18
494 492 12
495 1 9
495 16 5
495 18 12
495 22 20
495 33 16
495 49 19
495 55 13
495 66 6
495 75 12
495 77 5
495 81 8
495 92 17
495 130 3
495 136 8
495 138 20
495 160 9
495 164 12
495 166 8
495 167 8
495 177 7
495 215 11
495 216 16
495 220 12
495 253 15
495 278 8
495 282 5
495 285 8
495 292 3
495 295 8
495 300 12
495 305 5
495 313 20
495 315 17
495 327 3
495 342 17
495 353 7
495 354 10
495 385 8
495 418 13
495 419 3
495 424 1
495 425 14
495 431 11
495 437 16
495 441 16
495 450 8
495 474 8
495 481 12
495 T 18
496 1 2
496 3 20
496 13 19
496 15 6
496 34 20
496 38 8
496 42 8
496 45 15
496 53 17
496 59 16
496 70 17
496 81 1
496 82 1
496 89 16
496 105 18
496 107 19
496 132 5
496 135 11
496 139 12
496 140 19
496 145 3
496 174 4
496 183 11
496 185 11
496 210 19
496 217 10
496 234 7
496 270 4
496 277 20
496 282 5
496 289 15
496 291 20
496 292 8
496 306 13
496 307 15
496 320 13
496 327 20
496 341 19
496 344 17
496 352 16
496 370 18
496 374 1
496 387 7
496 388 2
496 399 12
496 414 8
496 422 15
496 440 12
496 465 20
496 467 15
496 469 10
496 489 7
496 492 8
497 20 16
497 36 18
497 48 13
497 64 11
497 66 2
497 83 16
497 91 5
497 109 11
497 130 6
497 131 5
497 132 2
497 136 20
497 163 14
497 173 19
497 182 16
497 191 3
497 193 14
497 194 3
497 199 10
497 226 16
497 230 6
497 231 14
497 232 4
497 254 4
497 262 7
497 292 16
497 305 20
497 306 17
497 310 6
497 315 6
497 328 20
497 342 15
497 352 8
497 354 3
497 358 3
497 380 10
497 383 19
497 397 13
497 408 4
497 416 12
497 430 17
497 440 15
497 452 20
497 480 12
498 11 10
498 21 16
498 29 18
498 34 3
498 42 17
498 67 8
498 84 16
498 109 9
498 123 4
498 141 19
498 144 16
498 145 17
498 147 10
498 150 7
498 151 8
498 187 15
498 191 13
498 205 14
498 228 19
498 238 17
498 254 8
498 257 14
498 262 10
498 263 6
498 266 1
498 296 9
498 297 7
498 302 11
498 330 18
498 335 19
498 338 6
498 350 12
498 354 11
498 364 13
498 375 3
498 392 5
498 397 4
498 406 14
498 411 6
498 412 9
498 420 1
498 444 4
498 458 15
499 6 18
499 24 14
499 37 6
499 38 4
499 62 9
499 67 12
499 72 19
499 78 7
499 86 8
499 98 20
499 103 5
499 105 2
499 107 10
499 126 3
499 129 15
499 134 16
499 137 6
499 149 2
499 150 13
499 151 18
499 169 3
499 173 2
499 182 6
499 209 2
499 210 13
499 214 2
499 217 13
499 228 10
499 230 4
499 249 18
499 250 9
499 263 10
499 266 13
499 282 13
499 297 16
499 301 1
499 303 3
499 308 6
499 328 11
499 349 4
499 352 18
499 359 19
499 363 10
499 365 12
499 368 20
499 416 16
499 428 9
499 443 14
499 449 2
499 467 15
499 473 11
499 486 4
499 495 2
499 500 10
500 36 17
500 47 11
500 55 10
500 64 14
500 76 18
500 85 15
500 103 16
500 118 14
500 131 11
500 142 11
500 145 3
500 151 20
500 153 6
500 157 1
500 174 3
500 180 20
500 181 19
500 197 18
500 199 3
500 206 7
500 211 18
500 235 14
500 246 5
500 251 10
500 265 4
500 269 16
500 292 17
500 301 5
500 303 16
500 305 10
500 310 19
500 329 2
500 339 18
500 347 12
500 365 19
500 369 12
500 370 8
500 371 20
500 373 6
500 376 2
500 379 3
500 403 16
500 409 18
500 414 20
500 423 16
500 447 11
500 450 2
500 462 14
500 463 16
500 483 18
500 485 17
