1000000000
100
4 4 5 4 5 4 4 5 5 5 5 4 5 5 5 5 5 5 4 5 5 4 4 5 4 4 5 4 5 5 5 4 5 5 5 4 4 4 4 5 5 5 4 5 5 5 4 5 4 5 5 5 4 4 5 4 5 5 5 5 4 4 4 4 4 4 5 5 5 4 4 5 5 5 5 5 4 4 5 4 4 4 5 5 5 5 5 4 5 4 4 5 5 4 5 4 5 5 4 4
457
1 1
2 1
3 1
4 1
5 2
6 2
7 2
8 2
9 3
10 3
11 3
12 3
13 3
14 4
15 4
16 4
17 4
18 5
19 5
20 5
21 5
22 5
23 6
24 6
25 6
26 6
27 7
28 7
29 7
30 7
31 8
32 8
33 8
34 8
35 8
36 9
37 9
38 9
39 9
40 9
41 10
42 10
43 10
44 10
45 10
46 11
47 11
48 11
49 11
50 11
51 12
52 12
53 12
54 12
55 13
56 13
57 13
58 13
59 13
60 14
61 14
62 14
63 14
64 14
65 15
66 15
67 15
68 15
69 15
70 16
71 16
72 16
73 16
74 16
75 17
76 17
77 17
78 17
79 17
80 18
81 18
82 18
83 18
84 18
85 19
86 19
87 19
88 19
89 20
90 20
91 20
92 20
93 20
94 21
95 21
96 21
97 21
98 21
99 22
100 22
101 22
102 22
103 23
104 23
105 23
106 23
107 24
108 24
109 24
110 24
111 24
112 25
113 25
114 25
115 25
116 26
117 26
118 26
119 26
120 27
121 27
122 27
123 27
124 27
125 28
126 28
127 28
128 28
129 29
130 29
131 29
132 29
133 29
134 30
135 30
136 30
137 30
138 30
139 31
140 31
141 31
142 31
143 31
144 32
145 32
146 32
147 32
148 33
149 33
150 33
151 33
152 33
153 34
154 34
155 34
156 34
157 34
158 35
159 35
160 35
161 35
162 35
163 36
164 36
165 36
166 36
167 37
168 37
169 37
170 37
171 38
172 38
173 38
174 38
175 39
176 39
177 39
178 39
179 40
180 40
181 40
182 40
183 40
184 41
185 41
186 41
187 41
188 41
189 42
190 42
191 42
192 42
193 42
194 43
195 43
196 43
197 43
198 44
199 44
200 44
201 44
202 44
203 45
204 45
205 45
206 45
207 45
208 46
209 46
210 46
211 46
212 46
213 47
214 47
215 47
216 47
217 48
218 48
219 48
220 48
221 48
222 49
223 49
224 49
225 49
226 50
227 50
228 50
229 50
230 50
231 51
232 51
233 51
234 51
235 51
236 52
237 52
238 52
239 52
240 52
241 53
242 53
243 53
244 53
245 54
246 54
247 54
248 54
249 55
250 55
251 55
252 55
253 55
254 56
255 56
256 56
257 56
258 57
259 57
260 57
261 57
262 57
263 58
264 58
265 58
266 58
267 58
268 59
269 59
270 59
271 59
272 59
273 60
274 60
275 60
276 60
277 60
278 61
279 61
280 61
281 61
282 62
283 62
284 62
285 62
286 63
287 63
288 63
289 63
290 64
291 64
292 64
293 64
294 65
295 65
296 65
297 65
298 66
299 66
300 66
301 66
302 67
303 67
304 67
305 67
306 67
307 68
308 68
309 68
310 68
311 68
312 69
313 69
314 69
315 69
316 69
317 70
318 70
319 70
320 70
321 71
322 71
323 71
324 71
325 72
326 72
327 72
328 72
329 72
330 73
331 73
332 73
333 73
334 73
335 74
336 74
337 74
338 74
339 74
340 75
341 75
342 75
343 75
344 75
345 76
346 76
347 76
348 76
349 76
350 77
351 77
352 77
353 77
354 78
355 78
356 78
357 78
358 79
359 79
360 79
361 79
362 79
363 80
364 80
365 80
366 80
367 81
368 81
369 81
370 81
371 82
372 82
373 82
374 82
375 83
376 83
377 83
378 83
379 83
380 84
381 84
382 84
383 84
384 84
385 85
386 85
387 85
388 85
389 85
390 86
391 86
392 86
393 86
394 86
395 87
396 87
397 87
398 87
399 87
400 88
401 88
402 88
403 88
404 89
405 89
406 89
407 89
408 89
409 90
410 90
411 90
412 90
413 91
414 91
415 91
416 91
417 92
418 92
419 92
420 92
421 92
422 93
423 93
424 93
425 93
426 93
427 94
428 94
429 94
430 94
431 95
432 95
433 95
434 95
435 95
436 96
437 96
438 96
439 96
440 97
441 97
442 97
443 97
444 97
445 98
446 98
447 98
448 98
449 98
450 99
451 99
452 99
453 99
454 100
455 100
456 100
457 100
10934
S 1 32
1 2 59
2 3 45
3 4 40
4 5 36
5 6 78
6 7 59
7 8 91
8 9 99
9 10 91
10 11 37
11 12 89
12 13 90
13 14 66
14 15 45
15 16 57
16 17 32
17 18 55
18 19 60
19 20 52
20 21 63
21 22 92
22 23 48
23 24 56
24 25 38
25 26 82
26 27 61
27 28 64
28 29 33
29 30 35
30 31 92
31 32 29
32 33 92
33 34 36
34 35 26
35 36 62
36 37 25
37 38 88
38 39 91
39 40 28
40 41 99
41 42 78
42 43 59
43 44 27
44 45 88
45 46 60
46 47 85
47 48 31
48 49 88
49 50 39
50 51 82
51 52 64
52 53 74
53 54 76
54 55 73
55 56 65
56 57 46
57 58 64
58 59 39
59 60 79
60 61 82
61 62 88
62 63 34
63 64 76
64 65 51
65 66 59
66 67 95
67 68 88
68 69 57
69 70 42
70 71 87
71 72 33
72 73 66
73 74 73
74 75 89
75 76 88
76 77 96
77 78 42
78 79 34
79 80 75
80 81 90
81 82 68
82 83 37
83 84 78
84 85 47
85 86 35
86 87 99
87 88 54
88 89 59
89 90 56
90 91 70
91 92 43
92 93 29
93 94 100
94 95 94
95 96 90
96 97 46
97 98 56
98 99 65
99 100 57
100 101 30
101 102 50
102 103 77
103 104 68
104 105 31
105 106 59
106 107 39
107 108 27
108 109 63
109 110 85
110 111 40
111 112 31
112 113 69
113 114 90
114 115 89
115 116 46
116 117 58
117 118 41
118 119 26
119 120 55
120 121 55
121 122 97
122 123 38
123 124 99
124 125 82
125 126 46
126 127 100
127 128 38
128 129 46
129 130 65
130 131 47
131 132 49
132 133 73
133 134 47
134 135 34
135 136 63
136 137 49
137 138 67
138 139 66
139 140 68
140 141 50
141 142 93
142 143 68
143 144 99
144 145 34
145 146 92
146 147 90
147 148 44
148 149 100
149 150 76
150 151 79
151 152 64
152 153 40
153 154 34
154 155 52
155 156 95
156 157 45
157 158 50
158 159 84
159 160 26
160 161 75
161 162 41
162 163 39
163 164 44
164 165 34
165 166 89
166 167 26
167 168 76
168 169 60
169 170 85
170 171 48
171 172 43
172 173 45
173 174 29
174 175 79
175 176 52
176 177 33
177 178 96
178 179 94
179 180 66
180 181 56
181 182 87
182 183 50
183 184 86
184 185 49
185 186 48
186 187 82
187 188 65
188 189 49
189 190 95
190 191 82
191 192 78
192 193 34
193 194 60
194 195 66
195 196 46
196 197 34
197 198 68
198 199 61
199 200 54
200 201 93
201 202 50
202 203 89
203 204 57
204 205 52
205 206 28
206 207 71
207 208 93
208 209 98
209 210 63
210 211 94
211 212 87
212 213 72
213 214 78
214 215 47
215 216 50
216 217 98
217 218 94
218 219 64
219 220 91
220 221 71
221 222 56
222 223 37
223 224 57
224 225 100
225 226 91
226 227 27
227 228 37
228 229 27
229 230 90
230 231 25
231 232 68
232 233 40
233 234 52
234 235 96
235 236 64
236 237 96
237 238 88
238 239 46
239 240 54
240 241 98
241 242 98
242 243 34
243 244 36
244 245 77
245 246 88
246 247 93
247 248 30
248 249 83
249 250 43
250 251 95
251 252 53
252 253 72
253 254 91
254 255 50
255 256 43
256 257 72
257 258 48
258 259 58
259 260 29
260 261 91
261 262 100
262 263 37
263 264 61
264 265 90
265 266 47
266 267 41
267 268 40
268 269 85
269 270 55
270 271 57
271 272 47
272 273 56
273 274 39
274 275 87
275 276 72
276 277 99
277 278 47
278 279 93
279 280 32
280 281 33
281 282 59
282 283 57
283 284 43
284 285 59
285 286 93
286 287 91
287 288 69
288 289 69
289 290 98
290 291 70
291 292 55
292 293 56
293 294 26
294 295 72
295 296 92
296 297 28
297 298 37
298 299 38
299 300 37
300 301 99
301 302 45
302 303 25
303 304 80
304 305 40
305 306 98
306 307 80
307 308 76
308 309 84
309 310 87
310 311 73
311 312 33
312 313 93
313 314 47
314 315 66
315 316 50
316 317 89
317 318 94
318 319 25
319 320 80
320 321 95
321 322 82
322 323 84
323 324 75
324 325 93
325 326 46
326 327 64
327 328 88
328 329 26
329 330 28
330 331 44
331 332 30
332 333 37
333 334 31
334 335 31
335 336 97
336 337 47
337 338 48
338 339 60
339 340 92
340 341 31
341 342 45
342 343 40
343 344 29
344 345 65
345 346 63
346 347 67
347 348 62
348 349 47
349 350 55
350 351 77
351 352 30
352 353 27
353 354 38
354 355 79
355 356 86
356 357 80
357 358 91
358 359 36
359 360 46
360 361 82
361 362 27
362 363 47
363 364 75
364 365 91
365 366 49
366 367 68
367 368 39
368 369 82
369 370 88
370 371 80
371 372 70
372 373 34
373 374 40
374 375 64
375 376 40
376 377 89
377 378 47
378 379 67
379 380 63
380 381 90
381 382 89
382 383 39
383 384 97
384 385 66
385 386 92
386 387 85
387 388 81
388 389 98
389 390 62
390 391 59
391 392 66
392 393 46
393 394 25
394 395 67
395 396 29
396 397 82
397 398 91
398 399 49
399 400 56
400 401 58
401 402 58
402 403 76
403 404 68
404 405 72
405 406 44
406 407 53
407 408 60
408 409 51
409 410 41
410 411 29
411 412 49
412 413 42
413 414 64
414 415 55
415 416 63
416 417 90
417 418 64
418 419 76
419 420 27
420 421 25
421 422 72
422 423 91
423 424 92
424 425 92
425 426 37
426 427 49
427 428 83
428 429 76
429 430 53
430 431 52
431 432 38
432 433 62
433 434 43
434 435 29
435 436 86
436 437 56
437 438 38
438 439 61
439 440 83
440 441 48
441 442 39
442 443 53
443 444 79
444 445 59
445 446 38
446 447 81
447 448 88
448 449 82
449 450 51
450 451 67
451 452 78
452 453 55
453 454 96
454 455 100
455 456 31
456 457 70
457 T 57
S 11 100
S 31 85
S 52 48
S 75 100
S 82 30
S 101 92
S 117 56
S 150 37
S 168 86
S 174 87
S 188 96
S 230 35
S 329 40
S 335 100
S 355 26
S 357 98
S 413 71
1 29 53
1 39 45
1 178 67
1 237 66
1 239 85
1 290 92
1 297 57
1 312 81
1 314 71
1 363 45
1 397 86
1 404 100
1 408 91
1 451 88
1 T 50
2 8 90
2 42 32
2 43 60
2 60 45
2 106 55
2 184 84
2 207 41
2 225 39
2 232 89
2 250 81
2 337 76
2 360 74
2 373 79
2 377 72
3 18 65
3 24 62
3 46 67
3 54 34
3 61 66
3 76 95
3 138 84
3 144 36
3 163 47
3 175 45
3 264 45
3 273 42
3 290 93
3 298 37
3 308 50
3 314 94
3 339 66
3 348 38
3 377 61
3 413 84
3 440 95
3 443 57
3 451 51
3 453 37
4 9 75
4 29 85
4 30 45
4 99 79
4 129 70
4 135 30
4 153 61
4 189 75
4 214 87
4 232 29
4 247 90
4 261 94
4 300 39
4 312 67
4 318 78
4 372 34
4 377 28
4 388 46
4 394 26
4 403 50
4 410 60
4 431 61
4 455 83
4 457 61
5 41 36
5 61 93
5 72 54
5 104 36
5 109 31
5 131 37
5 135 79
5 140 45
5 162 40
5 164 86
5 208 80
5 211 30
5 252 55
5 270 67
5 278 33
5 311 75
5 318 34
5 333 29
5 375 42
5 433 90
5 445 52
5 451 90
6 4 96
6 39 25
6 51 51
6 52 51
6 54 37
6 86 85
6 160 61
6 167 33
6 185 53
6 204 65
6 285 94
6 324 76
6 342 29
6 358 74
6 365 98
6 373 63
6 384 26
6 387 62
6 391 74
6 400 48
6 406 61
6 419 75
6 436 40
6 442 72
7 22 43
7 24 36
7 28 87
7 33 42
7 66 71
7 68 67
7 111 96
7 121 44
7 131 28
7 151 32
7 163 74
7 176 78
7 177 64
7 180 61
7 191 79
7 216 28
7 274 67
7 276 70
7 292 61
7 312 58
7 319 55
7 331 51
7 335 42
7 344 60
7 382 74
7 385 28
7 391 36
7 396 67
7 399 89
7 444 93
7 445 78
7 449 25
7 455 72
8 26 94
8 35 64
8 65 86
8 66 63
8 71 43
8 117 47
8 137 88
8 165 44
8 211 47
8 213 94
8 227 79
8 228 81
8 266 31
8 282 53
8 303 100
8 309 48
8 316 30
8 373 94
8 378 88
8 385 30
8 391 77
8 392 44
8 415 50
8 418 85
8 425 49
8 427 73
8 457 78
9 19 70
9 29 99
9 36 69
9 61 50
9 101 90
9 104 25
9 126 62
9 133 76
9 189 77
9 196 46
9 211 93
9 235 60
9 277 40
9 294 90
9 311 53
9 313 70
9 344 54
9 371 29
9 382 39
9 395 62
9 400 37
9 407 58
9 411 34
9 437 63
9 451 45
9 454 39
9 T 40
10 2 100
10 19 77
10 24 45
10 35 87
10 37 83
10 59 63
10 82 80
10 89 65
10 108 30
10 116 54
10 138 38
10 147 85
10 155 57
10 167 70
10 178 25
10 186 49
10 215 52
10 231 76
10 247 91
10 258 27
10 294 27
10 298 58
10 309 44
10 313 42
10 324 62
10 355 36
10 374 50
10 394 46
10 413 40
11 5 69
11 8 33
11 45 98
11 125 37
11 134 39
11 136 90
11 167 70
11 191 65
11 213 49
11 222 30
11 251 34
11 288 28
11 297 96
11 303 85
11 342 36
11 351 81
11 360 31
12 22 86
12 26 59
12 37 48
12 68 27
12 88 82
12 185 39
12 191 93
12 204 61
12 230 54
12 262 35
12 266 71
12 280 85
12 297 35
12 299 65
12 338 54
12 344 70
12 361 46
12 366 100
12 405 100
12 418 38
12 439 76
12 451 38
13 15 89
13 88 42
13 89 67
13 114 62
13 154 56
13 159 48
13 264 40
13 296 51
13 306 62
13 336 39
13 338 48
13 377 43
13 386 95
13 399 98
13 407 32
13 430 46
14 60 37
14 87 51
14 95 58
14 97 27
14 102 99
14 135 61
14 150 75
14 164 31
14 199 85
14 228 49
14 237 63
14 239 84
14 240 30
14 274 80
14 276 90
14 313 52
14 349 39
14 358 32
14 366 62
14 372 42
14 403 27
14 406 34
14 420 68
14 424 34
14 T 85
15 6 73
15 86 63
15 99 69
15 114 89
15 121 72
15 130 99
15 145 27
15 162 85
15 177 65
15 194 53
15 204 74
15 209 67
15 233 75
15 234 52
15 289 36
15 322 73
15 330 97
15 395 25
15 402 61
15 419 30
15 421 88
15 424 79
15 441 36
16 39 52
16 106 40
16 109 72
16 115 30
16 193 61
16 196 92
16 208 49
16 249 35
16 253 63
16 276 53
16 283 27
16 302 36
16 304 87
16 370 73
16 386 41
16 412 88
17 63 61
17 68 85
17 147 53
17 152 88
17 155 34
17 163 55
17 179 42
17 241 62
17 243 95
17 254 40
17 257 57
17 303 57
17 321 68
17 323 66
17 343 35
17 360 80
17 388 100
17 393 73
17 427 46
18 21 90
18 89 76
18 92 92
18 108 69
18 109 41
18 160 50
18 180 97
18 194 72
18 195 85
18 234 92
18 250 34
18 275 63
18 335 75
18 372 53
18 390 94
18 391 81
18 397 71
18 400 82
18 424 81
18 425 84
18 427 65
18 447 80
18 454 97
18 455 100
19 11 43
19 25 29
19 31 64
19 50 56
19 51 95
19 67 33
19 82 45
19 93 61
19 94 60
19 98 94
19 121 70
19 126 44
19 172 69
19 181 73
19 202 59
19 209 89
19 219 25
19 222 32
19 285 36
19 302 96
19 314 48
19 335 51
19 394 67
19 403 36
20 39 34
20 42 26
20 44 48
20 60 26
20 65 50
20 78 84
20 89 44
20 112 76
20 116 94
20 124 45
20 128 67
20 137 83
20 166 99
20 181 88
20 195 35
20 201 64
20 232 53
20 235 53
20 237 48
20 262 93
20 300 48
20 302 49
20 305 42
20 318 60
20 329 86
20 388 40
20 415 51
20 439 54
20 444 33
20 455 94
20 456 30
21 5 73
21 9 73
21 57 72
21 139 90
21 140 69
21 208 37
21 232 30
21 244 83
21 249 53
21 274 68
21 328 49
21 354 25
21 357 70
21 366 93
21 380 95
21 450 91
22 11 81
22 28 86
22 44 45
22 45 69
22 58 95
22 101 71
22 134 66
22 187 58
22 206 77
22 266 65
22 273 64
22 277 43
22 301 55
22 318 73
22 319 89
22 327 90
22 344 92
22 358 95
22 364 30
22 378 36
22 425 34
22 426 73
23 20 77
23 32 72
23 63 87
23 71 82
23 99 27
23 108 60
23 154 52
23 166 56
23 172 27
23 186 28
23 233 82
23 237 54
23 262 32
23 263 60
23 289 28
23 299 28
23 316 84
23 322 95
23 336 47
23 347 42
23 369 39
23 417 55
23 428 34
23 430 64
23 447 79
24 6 28
24 20 87
24 48 30
24 83 47
24 96 39
24 98 58
24 132 47
24 145 63
24 169 26
24 208 91
24 233 78
24 239 64
24 260 92
24 318 38
24 333 63
24 339 29
24 351 93
24 437 100
25 4 26
25 6 25
25 8 57
25 36 67
25 42 59
25 57 45
25 81 43
25 88 94
25 105 83
25 120 47
25 134 56
25 173 28
25 219 52
25 226 59
25 267 74
25 278 54
25 287 54
25 294 84
25 295 50
25 303 43
25 342 64
25 346 81
25 356 27
25 376 58
25 389 59
25 417 51
26 8 34
26 34 62
26 39 96
26 61 84
26 122 77
26 130 91
26 141 62
26 167 52
26 174 39
26 185 38
26 190 62
26 203 45
26 269 92
26 273 40
26 284 85
26 285 82
26 299 87
26 307 40
26 348 69
26 358 45
26 366 55
26 388 39
26 433 92
26 434 43
26 436 71
26 440 55
27 26 77
27 34 35
27 54 50
27 79 100
27 124 44
27 250 54
27 269 51
27 285 50
27 288 75
27 313 39
27 338 42
27 378 36
27 386 61
27 397 36
27 449 92
28 52 85
28 94 50
28 124 73
28 174 89
28 176 47
28 185 65
28 219 57
28 228 64
28 255 61
28 276 39
28 296 90
28 332 63
28 343 57
28 389 96
28 405 34
28 420 44
28 453 74
29 1 89
29 19 46
29 22 46
29 33 93
29 70 82
29 86 98
29 102 66
29 108 57
29 139 77
29 141 56
29 147 94
29 164 54
29 176 74
29 209 97
29 230 95
29 271 34
29 316 52
29 327 54
29 349 54
29 353 52
29 362 61
29 402 35
29 408 100
30 47 65
30 59 71
30 64 92
30 72 88
30 125 100
30 129 95
30 130 39
30 189 75
30 217 32
30 224 59
30 330 77
30 369 76
30 421 68
31 5 49
31 14 66
31 39 68
31 54 72
31 64 99
31 91 38
31 110 67
31 116 40
31 129 52
31 134 71
31 168 63
31 180 76
31 192 56
31 227 89
31 256 59
31 272 59
31 360 50
31 383 26
31 397 68
31 434 77
31 439 72
32 11 88
32 31 32
32 34 78
32 44 30
32 54 66
32 55 32
32 129 100
32 142 51
32 156 49
32 177 65
32 191 80
32 198 68
32 213 35
32 215 38
32 218 74
32 244 46
32 271 53
32 280 97
32 321 67
32 334 64
32 374 80
32 389 87
32 394 42
32 395 73
32 407 40
32 425 94
32 426 52
32 452 40
33 39 68
33 53 54
33 54 88
33 62 62
33 64 76
33 86 86
33 115 44
33 127 33
33 148 35
33 153 30
33 165 75
33 191 76
33 193 74
33 213 26
33 255 56
33 257 62
33 270 30
33 305 99
33 320 75
33 384 66
33 385 53
33 390 54
33 410 33
33 422 92
33 427 66
34 29 52
34 31 69
34 35 52
34 51 45
34 86 29
34 98 84
34 108 71
34 121 68
34 165 70
34 169 38
34 183 83
34 190 47
34 191 33
34 192 42
34 228 94
34 238 93
34 242 91
34 270 28
34 274 93
34 282 43
34 356 49
34 371 48
34 406 78
34 428 62
34 435 28
35 4 80
35 9 90
35 39 66
35 62 33
35 95 60
35 106 89
35 134 55
35 179 60
35 203 45
35 223 94
35 227 29
35 246 100
35 260 35
35 264 80
35 283 91
35 310 72
35 318 74
35 319 35
35 379 39
35 387 77
35 407 83
35 424 70
35 455 59
36 8 67
36 23 87
36 70 31
36 77 65
36 94 89
36 120 62
36 146 33
36 147 46
36 212 80
36 227 25
36 250 91
36 253 27
36 265 53
36 329 67
36 363 49
36 425 60
37 27 52
37 80 48
37 91 43
37 93 75
37 105 92
37 108 79
37 137 33
37 157 88
37 208 72
37 245 65
37 331 68
37 338 98
37 342 90
37 346 27
37 350 30
37 373 64
37 389 45
37 392 73
37 416 90
37 418 64
37 424 91
37 440 91
38 8 34
38 14 64
38 16 88
38 20 51
38 27 33
38 37 94
38 57 59
38 64 39
38 66 25
38 82 65
38 103 55
38 104 83
38 109 81
38 110 79
38 121 29
38 128 56
38 145 38
38 149 61
38 166 72
38 182 44
38 205 99
38 218 91
38 227 61
38 247 100
38 249 60
38 301 34
38 304 93
38 339 84
38 381 45
38 404 72
38 406 76
38 443 51
38 449 96
39 64 81
39 66 70
39 110 33
39 134 67
39 156 98
39 185 36
39 222 36
39 234 68
39 244 38
39 308 91
39 333 91
39 343 71
39 371 54
39 381 76
39 397 92
39 401 62
39 422 66
39 427 97
39 T 96
40 57 54
40 66 90
40 124 49
40 144 33
40 156 63
40 159 92
40 175 89
40 183 85
40 189 79
40 191 75
40 214 37
40 254 27
40 256 99
40 278 46
40 281 86
40 294 75
40 314 41
40 327 88
40 334 44
40 350 79
40 351 44
40 354 29
40 400 96
40 418 93
40 457 50
41 15 86
41 68 98
41 112 65
41 117 57
41 136 83
41 146 77
41 151 61
41 160 89
41 170 35
41 185 77
41 214 48
41 230 83
41 236 77
41 254 36
41 255 48
41 286 89
41 293 77
41 301 99
41 302 92
41 365 76
41 369 57
41 391 40
41 408 30
41 426 57
41 430 25
42 2 99
42 36 56
42 48 92
42 83 93
42 117 96
42 129 49
42 151 95
42 178 81
42 179 34
42 192 47
42 217 25
42 220 29
42 238 28
42 257 45
42 279 51
42 327 92
42 339 73
42 351 72
42 370 40
42 371 88
42 389 52
42 391 27
42 428 93
42 430 57
42 437 44
42 439 76
42 449 25
42 455 92
43 30 42
43 50 76
43 58 78
43 85 64
43 119 88
43 134 64
43 139 81
43 215 56
43 233 36
43 265 59
43 297 81
43 306 83
43 325 79
43 339 26
43 359 64
43 378 52
43 398 52
43 399 67
43 429 44
44 6 27
44 35 46
44 54 96
44 94 48
44 95 45
44 112 54
44 126 85
44 145 52
44 150 99
44 186 68
44 200 37
44 218 100
44 234 50
44 248 92
44 264 92
44 265 71
44 301 90
44 317 28
44 331 75
44 383 98
44 399 47
44 427 81
44 443 82
44 444 34
44 451 72
45 8 54
45 12 62
45 36 49
45 60 73
45 62 78
45 69 87
45 92 77
45 102 52
45 115 37
45 124 43
45 127 77
45 128 74
45 139 73
45 193 81
45 209 43
45 213 96
45 228 63
45 366 90
45 403 47
45 414 94
45 415 35
45 422 86
45 440 73
46 13 25
46 20 86
46 24 30
46 65 33
46 73 73
46 105 38
46 158 75
46 164 70
46 212 69
46 218 81
46 220 73
46 225 85
46 244 60
46 249 48
46 272 66
46 279 51
46 285 42
46 338 91
46 352 57
46 356 40
46 380 59
46 392 33
46 427 52
46 431 67
46 T 67
47 11 50
47 92 49
47 106 93
47 109 32
47 116 72
47 128 95
47 148 55
47 159 86
47 212 87
47 217 35
47 230 45
47 244 64
47 277 85
47 355 48
47 359 27
47 372 91
47 408 81
47 445 86
48 20 33
48 43 90
48 103 53
48 109 69
48 117 74
48 133 74
48 136 38
48 140 44
48 141 65
48 142 36
48 169 59
48 195 72
48 205 68
48 240 32
48 304 26
48 313 56
48 337 40
48 351 61
48 355 80
48 396 61
48 399 41
48 403 63
48 407 81
48 455 27
49 54 55
49 105 89
49 109 62
49 124 42
49 136 81
49 155 37
49 160 73
49 173 78
49 245 81
49 256 87
49 312 48
49 318 77
49 328 30
49 351 80
49 361 47
49 383 27
49 393 56
49 418 59
49 429 54
49 434 44
49 443 67
50 6 90
50 13 81
50 14 81
50 30 85
50 37 58
50 39 100
50 55 80
50 58 38
50 91 88
50 119 80
50 189 57
50 283 28
50 303 66
50 305 61
50 344 25
50 380 29
50 393 39
50 429 68
50 437 83
51 35 98
51 44 43
51 69 98
51 71 40
51 74 65
51 81 71
51 89 25
51 105 82
51 129 58
51 144 27
51 165 80
51 209 65
51 217 73
51 226 83
51 234 96
51 256 34
51 258 55
51 339 71
51 348 95
51 350 48
51 363 53
51 366 56
51 371 82
51 380 27
51 385 89
51 392 93
51 418 73
51 430 64
51 T 64
52 13 25
52 82 91
52 105 41
52 162 32
52 170 90
52 187 45
52 191 29
52 193 83
52 238 45
52 249 94
52 280 77
52 282 51
52 294 61
52 302 50
52 303 74
52 377 84
52 383 77
52 396 34
52 398 70
52 422 66
52 435 34
52 437 74
53 3 59
53 12 75
53 16 55
53 89 96
53 103 30
53 180 50
53 186 59
53 223 93
53 276 51
53 295 84
53 313 26
53 315 98
53 337 67
53 338 56
53 368 86
53 374 57
53 388 39
53 400 73
53 454 71
54 33 34
54 53 77
54 74 39
54 92 42
54 114 44
54 120 33
54 168 50
54 186 45
54 237 96
54 251 85
54 258 31
54 272 34
54 285 99
54 330 29
54 344 55
55 10 82
55 35 44
55 95 26
55 100 96
55 107 30
55 117 67
55 146 78
55 193 33
55 214 28
55 228 84
55 264 52
55 288 80
55 310 50
55 328 27
55 363 44
55 367 34
55 373 90
55 395 49
55 396 76
55 437 75
55 444 68
56 1 60
56 18 73
56 50 51
56 91 43
56 103 55
56 149 25
56 161 64
56 201 77
56 207 35
56 230 50
56 246 68
56 258 82
56 260 83
56 299 86
56 351 42
56 358 57
56 406 62
56 423 100
56 454 49
57 3 37
57 48 69
57 55 74
57 84 77
57 107 100
57 109 27
57 145 41
57 155 55
57 164 73
57 177 36
57 199 41
57 219 76
57 234 79
57 246 92
57 266 73
57 289 97
57 304 88
57 316 93
57 356 64
57 444 50
58 46 51
58 56 26
58 63 54
58 133 25
58 152 100
58 154 85
58 164 61
58 176 36
58 178 56
58 181 43
58 206 59
58 219 87
58 223 86
58 225 67
58 261 47
58 287 38
58 297 57
58 428 64
58 444 87
58 450 51
58 455 47
59 23 67
59 103 84
59 142 93
59 196 54
59 228 55
59 242 55
59 266 80
59 271 68
59 310 59
59 353 73
59 428 64
59 447 90
59 T 46
60 1 44
60 20 41
60 21 53
60 40 32
60 42 43
60 58 58
60 65 99
60 72 91
60 96 77
60 97 91
60 100 30
60 111 53
60 121 82
60 126 67
60 162 39
60 166 96
60 182 36
60 220 38
60 233 49
60 247 72
60 274 83
60 278 77
60 287 83
60 352 55
60 363 39
60 381 96
60 409 75
60 419 36
60 425 99
60 454 61
61 27 37
61 37 41
61 52 53
61 63 47
61 80 37
61 84 92
61 87 34
61 88 51
61 149 33
61 159 53
61 180 26
61 221 98
61 233 31
61 241 74
61 258 53
61 271 68
61 294 95
61 313 25
61 333 83
61 338 57
61 342 90
61 363 67
61 370 58
61 402 26
62 32 75
62 56 46
62 79 45
62 90 31
62 99 61
62 102 70
62 151 67
62 164 80
62 172 69
62 208 47
62 213 39
62 215 99
62 223 94
62 254 97
62 287 79
62 292 51
62 319 68
62 339 58
62 380 33
62 402 60
62 425 47
62 427 78
63 34 60
63 53 26
63 71 42
63 76 56
63 151 98
63 164 35
63 169 96
63 175 42
63 181 31
63 201 51
63 245 45
63 247 92
63 255 43
63 256 55
63 272 64
63 275 39
63 280 41
63 286 84
63 289 91
63 300 80
63 327 49
63 343 96
63 367 51
63 413 56
63 436 44
63 452 73
63 453 96
64 19 92
64 27 79
64 32 85
64 59 66
64 93 31
64 111 82
64 122 91
64 266 82
64 307 26
64 309 94
64 313 98
64 342 45
64 380 65
64 419 38
64 437 31
65 12 72
65 15 44
65 26 80
65 63 35
65 67 59
65 86 46
65 93 94
65 120 52
65 121 25
65 133 36
65 172 53
65 201 69
65 214 64
65 233 30
65 246 85
65 284 57
65 289 85
65 319 67
65 336 33
65 338 27
65 348 73
65 361 72
65 381 52
65 383 94
66 1 68
66 21 96
66 34 41
66 40 44
66 45 48
66 59 68
66 64 79
66 74 33
66 154 82
66 156 45
66 157 48
66 158 64
66 162 72
66 175 38
66 205 62
66 261 71
66 277 100
66 325 34
66 338 100
66 351 77
66 363 42
66 405 54
66 410 81
66 440 75
67 26 61
67 51 78
67 81 61
67 95 36
67 154 54
67 156 50
67 162 72
67 168 84
67 176 91
67 184 45
67 192 36
67 210 44
67 221 71
67 247 81
67 262 81
67 272 27
67 285 94
67 286 80
67 314 42
67 322 42
67 342 64
67 349 97
67 351 86
67 355 55
67 385 85
67 413 93
67 417 85
67 442 100
68 12 88
68 43 28
68 46 41
68 64 77
68 101 71
68 102 32
68 131 56
68 187 88
68 192 93
68 202 76
68 221 38
68 230 45
68 235 91
68 276 43
68 305 92
68 350 68
68 354 70
68 356 95
69 14 95
69 19 63
69 41 25
69 45 30
69 67 81
69 83 71
69 102 77
69 138 72
69 162 75
69 214 40
69 223 87
69 252 69
69 285 60
69 322 64
69 336 27
69 351 78
69 366 44
69 377 57
69 409 34
69 432 91
69 439 26
69 440 52
69 451 83
70 14 56
70 15 37
70 122 59
70 161 74
70 188 45
70 217 64
70 221 86
70 225 56
70 226 68
70 237 61
70 240 98
70 257 54
70 306 87
70 307 76
70 336 86
70 353 91
70 358 98
70 364 48
70 366 67
70 370 82
70 380 46
70 386 58
70 443 59
70 457 100
71 42 77
71 53 80
71 56 91
71 80 37
71 89 27
71 90 97
71 103 75
71 122 63
71 157 37
71 176 33
71 213 48
71 219 60
71 239 43
71 261 96
71 272 37
71 279 47
71 281 63
71 282 92
71 308 92
71 312 54
71 313 29
71 328 96
71 366 42
71 367 47
71 425 52
71 434 27
71 457 73
72 37 100
72 65 73
72 68 88
72 109 40
72 138 49
72 180 28
72 186 88
72 195 25
72 196 89
72 209 36
72 228 63
72 241 71
72 246 43
72 251 79
72 272 45
72 274 38
72 308 56
72 309 79
72 311 90
72 350 99
72 371 46
72 379 31
72 385 36
72 395 68
72 409 70
72 422 57
72 425 57
72 431 77
72 450 54
73 2 82
73 19 71
73 20 71
73 31 81
73 82 75
73 84 61
73 91 68
73 95 98
73 109 74
73 146 85
73 149 70
73 213 88
73 224 85
73 247 68
73 317 65
73 330 86
73 365 45
73 371 48
74 28 86
74 52 96
74 53 59
74 56 87
74 87 56
74 122 72
74 136 50
74 146 96
74 153 32
74 169 100
74 170 33
74 174 45
74 175 46
74 192 98
74 204 97
74 231 96
74 236 29
74 260 27
74 288 33
74 308 58
74 317 37
74 345 89
74 374 53
74 388 55
74 405 44
74 409 73
74 441 88
75 61 59
75 83 93
75 110 45
75 117 47
75 143 88
75 152 31
75 155 63
75 158 40
75 162 92
75 184 88
75 196 97
75 201 46
75 202 66
75 210 87
75 254 72
75 259 77
75 260 57
75 274 75
75 298 42
75 327 56
75 350 25
75 351 65
75 388 60
75 391 51
75 402 69
75 416 93
75 420 96
75 426 95
75 453 90
76 16 63
76 25 84
76 37 76
76 51 73
76 61 39
76 107 60
76 190 63
76 194 45
76 201 94
76 204 67
76 212 76
76 229 98
76 230 67
76 239 27
76 262 51
76 308 41
76 315 79
76 322 26
76 328 36
76 386 55
76 400 40
76 406 48
76 427 75
76 446 27
76 455 32
77 1 35
77 48 32
77 59 88
77 66 25
77 84 46
77 102 68
77 107 40
77 115 27
77 163 34
77 166 79
77 220 78
77 222 39
77 255 54
77 296 46
77 303 54
77 325 62
77 348 56
77 385 78
77 388 58
77 393 94
77 413 32
77 436 31
78 77 75
78 89 47
78 99 34
78 109 63
78 131 65
78 153 33
78 160 42
78 197 59
78 210 73
78 211 43
78 244 94
78 253 28
78 255 85
78 272 71
78 278 98
78 280 82
78 283 68
78 297 66
78 305 66
78 332 48
78 345 61
78 351 53
78 363 79
78 371 33
78 389 82
79 8 76
79 28 57
79 68 84
79 69 40
79 109 72
79 119 71
79 170 47
79 172 41
79 198 64
79 200 42
79 222 68
79 226 27
79 227 96
79 231 58
79 235 66
79 270 100
79 322 58
79 323 59
79 339 82
79 344 45
79 370 35
79 388 71
79 391 28
79 400 76
79 455 99
80 22 59
80 27 38
80 92 61
80 109 48
80 112 58
80 116 35
80 137 84
80 154 97
80 171 88
80 177 70
80 178 67
80 184 50
80 195 58
80 200 51
80 218 91
80 246 52
80 252 73
80 259 25
80 263 59
80 276 89
80 298 79
80 315 57
80 339 80
80 340 86
80 345 100
80 394 61
80 428 38
80 429 79
80 457 74
81 43 27
81 44 85
81 80 29
81 135 88
81 160 96
81 161 27
81 167 83
81 203 96
81 217 31
81 219 29
81 227 80
81 230 56
81 268 97
81 307 90
81 319 100
81 340 98
81 415 74
81 419 68
82 12 36
82 16 74
82 55 45
82 56 41
82 74 27
82 78 95
82 85 59
82 90 29
82 93 93
82 97 29
82 101 95
82 103 60
82 104 39
82 167 77
82 181 91
82 201 86
82 202 63
82 206 53
82 224 89
82 231 75
82 239 42
82 256 79
82 262 57
82 271 77
82 290 96
82 298 28
82 302 58
82 320 40
82 332 47
82 357 91
82 415 98
82 420 74
83 10 25
83 21 70
83 24 45
83 72 32
83 77 74
83 91 69
83 96 99
83 126 52
83 131 72
83 138 31
83 216 73
83 222 74
83 226 72
83 229 39
83 245 61
83 267 62
83 286 86
83 305 43
83 357 34
83 363 66
83 366 71
83 370 91
83 412 59
83 417 26
83 456 29
83 457 73
84 32 67
84 42 69
84 77 62
84 88 45
84 134 38
84 148 44
84 197 86
84 207 30
84 224 32
84 246 93
84 252 80
84 258 41
84 264 37
84 268 42
84 291 100
84 321 39
84 380 76
84 441 38
84 457 58
85 35 45
85 38 81
85 39 41
85 89 69
85 92 28
85 96 34
85 130 30
85 153 81
85 154 62
85 239 49
85 281 67
85 295 95
85 306 44
85 318 98
85 363 58
85 377 38
86 3 71
86 33 92
86 48 50
86 60 71
86 66 100
86 94 54
86 96 77
86 136 31
86 139 68
86 168 56
86 209 80
86 214 82
86 215 82
86 232 60
86 242 87
86 254 77
86 260 91
86 270 89
86 278 86
86 284 48
86 288 72
86 311 78
86 316 52
86 372 86
86 429 66
86 432 53
87 81 74
87 100 28
87 116 51
87 121 71
87 138 43
87 139 78
87 158 74
87 170 35
87 176 45
87 185 89
87 193 80
87 210 100
87 216 72
87 241 85
87 255 48
87 302 26
87 309 85
87 310 71
87 313 72
87 321 58
87 335 77
87 385 35
87 414 83
87 425 66
87 434 59
87 449 47
87 453 94
88 17 49
88 33 98
88 52 72
88 80 60
88 161 47
88 180 55
88 192 39
88 212 76
88 217 90
88 291 43
88 368 25
88 406 49
88 414 86
88 419 68
88 444 43
89 20 61
89 21 41
89 28 98
89 53 76
89 93 73
89 94 46
89 115 46
89 202 88
89 209 98
89 216 78
89 229 51
89 240 30
89 275 87
89 305 32
89 328 36
89 334 63
89 347 32
89 350 88
89 354 77
89 379 72
89 401 27
89 439 65
89 448 64
89 450 40
89 455 74
89 457 48
89 T 42
90 12 73
90 14 76
90 17 34
90 28 49
90 38 87
90 47 55
90 65 76
90 105 77
90 113 34
90 115 95
90 128 97
90 129 72
90 133 49
90 154 50
90 166 64
90 175 28
90 233 97
90 251 28
90 252 74
90 280 82
90 318 35
90 351 46
90 372 47
90 383 79
90 403 98
90 419 46
90 431 39
90 445 59
90 447 84
91 12 32
91 25 64
91 73 45
91 98 93
91 118 57
91 132 55
91 141 82
91 164 86
91 168 70
91 211 27
91 268 90
91 285 73
91 286 91
91 323 52
91 329 31
91 361 98
91 366 88
91 367 43
91 415 45
91 425 42
91 456 29
92 63 50
92 73 33
92 79 46
92 83 79
92 100 62
92 173 75
92 194 28
92 209 70
92 220 95
92 255 63
92 257 60
92 310 66
92 315 82
92 360 53
92 375 33
92 377 86
92 396 32
92 431 84
92 439 89
92 442 55
92 448 70
93 44 28
93 46 79
93 61 63
93 69 63
93 82 66
93 84 40
93 86 42
93 115 71
93 158 89
93 160 57
93 166 39
93 253 36
93 266 37
93 282 99
93 306 41
93 341 36
93 367 58
93 383 36
93 384 94
93 408 87
93 428 34
93 429 68
93 446 60
94 7 31
94 14 84
94 16 33
94 36 63
94 39 39
94 63 46
94 64 85
94 68 98
94 83 56
94 101 40
94 123 34
94 189 83
94 214 51
94 327 29
94 365 57
94 386 87
94 451 25
95 46 76
95 69 44
95 92 36
95 167 92
95 189 57
95 205 30
95 211 76
95 219 62
95 277 51
95 293 92
95 355 72
95 365 36
95 369 82
95 375 53
95 382 49
95 393 25
95 407 58
95 408 40
95 431 33
95 433 94
96 3 50
96 24 98
96 34 82
96 39 78
96 54 56
96 61 66
96 87 64
96 90 80
96 109 79
96 128 85
96 227 95
96 236 48
96 245 25
96 268 38
96 279 66
96 300 95
96 323 54
96 354 99
96 410 93
96 450 74
96 452 53
97 27 60
97 41 81
97 96 82
97 107 88
97 127 64
97 130 47
97 140 87
97 149 48
97 203 91
97 227 64
97 230 29
97 233 77
97 257 55
97 295 42
97 303 43
97 358 74
97 385 33
97 451 26
98 22 89
98 53 59
98 83 78
98 95 28
98 103 39
98 109 74
98 110 93
98 112 89
98 116 27
98 120 66
98 155 70
98 185 86
98 203 29
98 214 74
98 224 39
98 253 92
98 260 66
98 332 41
98 377 40
98 379 94
98 414 87
98 431 35
98 432 86
99 13 83
99 28 69
99 100 77
99 109 25
99 110 90
99 138 75
99 152 51
99 223 81
99 244 43
99 257 71
99 282 83
99 321 36
99 342 34
99 347 96
99 358 89
99 368 85
99 370 38
99 394 82
99 412 77
99 424 31
99 454 98
99 456 31
100 19 71
100 46 83
100 53 41
100 88 45
100 91 76
100 92 68
100 93 49
100 130 61
100 166 60
100 189 58
100 216 78
100 257 47
100 282 84
100 345 52
100 352 52
100 359 90
100 384 27
100 421 66
100 424 75
100 449 64
101 9 96
101 21 52
101 22 86
101 70 31
101 94 71
101 119 76
101 136 97
101 140 91
101 180 41
101 216 77
101 227 48
101 253 87
101 293 41
101 307 94
101 384 93
101 417 50
101 425 71
102 9 58
102 12 85
102 19 98
102 23 95
102 49 98
102 73 72
102 87 94
102 105 49
102 116 35
102 123 66
102 126 78
102 166 85
102 216 27
102 225 100
102 228 79
102 250 58
102 274 86
102 276 58
102 303 49
102 309 38
102 327 37
102 337 82
102 367 47
102 405 82
102 422 54
102 446 100
102 447 56
102 453 26
103 2 82
103 27 62
103 40 98
103 56 89
103 77 91
103 97 90
103 98 27
103 133 85
103 167 61
103 200 84
103 201 97
103 210 45
103 221 92
103 232 63
103 241 57
103 291 59
103 315 80
103 321 73
103 360 50
103 380 69
103 398 91
103 405 85
103 419 47
103 423 40
103 451 34
103 454 36
103 456 39
104 17 97
104 24 47
104 29 87
104 41 25
104 55 75
104 103 87
104 133 79
104 178 32
104 202 79
104 307 74
104 386 62
104 402 75
104 410 55
104 446 66
105 9 43
105 42 59
105 58 35
105 64 40
105 67 38
105 76 59
105 158 69
105 170 70
105 174 40
105 192 75
105 208 57
105 311 67
105 346 52
105 370 42
105 398 93
105 414 52
105 453 88
106 3 30
106 13 25
106 18 67
106 33 98
106 91 35
106 97 75
106 101 90
106 112 36
106 120 79
106 122 64
106 133 39
106 150 46
106 155 83
106 194 90
106 199 43
106 226 97
106 230 74
106 248 62
106 251 83
106 256 33
106 262 95
106 310 84
106 327 60
106 368 51
106 375 54
106 376 54
106 397 89
106 455 65
106 456 59
107 34 39
107 35 48
107 44 64
107 45 83
107 54 54
107 64 45
107 137 74
107 209 71
107 216 81
107 235 72
107 272 45
107 310 95
107 350 87
107 388 61
107 402 61
107 411 69
107 425 77
107 439 86
107 451 46
108 22 64
108 30 28
108 65 55
108 73 39
108 76 68
108 114 42
108 138 43
108 173 75
108 197 87
108 218 76
108 233 43
108 249 93
108 251 91
108 288 42
108 296 38
108 306 80
108 322 87
108 341 40
108 356 57
108 362 56
108 382 44
108 406 37
108 414 60
108 457 71
109 13 84
109 23 36
109 36 46
109 61 41
109 76 67
109 94 63
109 98 40
109 107 81
109 120 88
109 122 60
109 128 68
109 186 58
109 225 100
109 248 59
109 271 44
109 279 57
109 291 41
109 310 76
109 327 41
109 330 39
109 342 88
109 372 91
109 397 74
109 403 99
109 431 94
109 435 95
109 448 83
110 26 46
110 35 70
110 40 75
110 46 59
110 49 55
110 53 50
110 89 44
110 124 78
110 146 45
110 237 47
110 245 77
110 308 52
110 323 93
110 336 88
110 353 83
110 396 79
110 406 55
110 414 69
110 431 72
110 440 54
110 450 42
111 17 41
111 22 31
111 29 88
111 45 37
111 81 86
111 134 60
111 143 81
111 151 66
111 155 75
111 166 84
111 188 75
111 195 59
111 213 48
111 226 26
111 233 84
111 238 48
111 245 73
111 312 68
111 323 77
111 351 72
111 366 60
111 384 25
111 386 32
111 389 99
111 397 80
111 400 38
112 14 29
112 35 83
112 87 66
112 100 59
112 109 30
112 178 66
112 199 76
112 218 38
112 247 55
112 254 27
112 325 65
112 335 84
112 369 65
112 429 25
112 456 95
113 68 65
113 138 30
113 174 85
113 215 72
113 232 88
113 239 55
113 242 47
113 270 67
113 274 66
113 278 43
113 301 29
113 316 79
113 325 70
113 376 69
113 392 87
113 409 77
114 53 64
114 80 95
114 87 60
114 105 38
114 108 55
114 131 56
114 143 97
114 159 69
114 213 57
114 247 54
114 278 88
114 281 27
114 285 90
114 292 92
114 395 85
114 418 77
114 428 65
114 431 94
114 432 45
114 T 35
115 8 25
115 13 93
115 43 37
115 54 41
115 69 74
115 127 86
115 129 65
115 196 64
115 200 91
115 213 78
115 214 40
115 219 42
115 222 44
115 243 38
115 256 44
115 305 35
115 334 32
115 365 88
115 376 78
115 429 95
116 16 53
116 24 97
116 72 79
116 101 43
116 122 27
116 191 91
116 199 42
116 204 55
116 210 35
116 221 65
116 223 33
116 238 81
116 247 46
116 253 61
116 316 93
116 319 76
116 339 52
116 349 88
116 371 84
116 376 69
116 399 67
116 433 50
116 437 60
116 446 54
116 449 43
116 451 57
117 8 97
117 102 66
117 106 77
117 157 62
117 163 36
117 169 84
117 217 98
117 234 25
117 243 98
117 255 76
117 265 47
117 293 84
117 310 25
117 315 29
117 362 88
117 370 51
117 371 74
117 414 62
117 422 89
117 424 48
117 432 59
117 457 36
118 35 71
118 54 51
118 62 47
118 84 71
118 86 44
118 124 61
118 148 83
118 163 89
118 170 37
118 176 29
118 192 69
118 199 74
118 204 46
118 217 27
118 222 49
118 225 29
118 239 45
118 258 42
118 263 85
118 264 73
118 314 60
118 327 53
118 341 75
118 346 92
118 366 62
118 376 43
118 415 94
118 433 61
119 8 46
119 14 86
119 32 89
119 48 25
119 58 66
119 72 65
119 77 39
119 118 63
119 135 86
119 138 43
119 157 90
119 208 97
119 214 57
119 235 83
119 238 29
119 239 59
119 253 35
119 260 43
119 268 44
119 270 57
119 335 81
119 340 55
119 386 83
119 389 100
120 27 57
120 52 45
120 65 73
120 117 89
120 121 28
120 125 77
120 136 95
120 139 25
120 151 32
120 152 35
120 173 27
120 178 84
120 207 45
120 223 38
120 230 25
120 236 37
120 269 83
120 327 62
120 328 70
120 330 91
120 337 44
120 352 39
120 366 35
120 372 85
120 381 94
120 388 97
120 407 97
120 441 47
121 133 68
121 212 32
121 230 84
121 255 66
121 264 58
121 267 54
121 270 99
121 288 35
121 303 57
121 313 69
121 331 79
121 340 44
121 381 29
121 384 28
121 412 96
122 15 64
122 22 25
122 27 82
122 44 96
122 65 71
122 70 72
122 72 76
122 84 76
122 96 94
122 114 71
122 127 76
122 138 85
122 155 81
122 192 54
122 213 82
122 215 31
122 220 74
122 228 38
122 240 54
122 246 91
122 314 45
122 342 31
122 343 38
122 369 55
122 377 27
122 379 78
122 383 94
122 388 100
122 418 65
122 425 42
122 450 72
123 7 60
123 15 55
123 40 62
123 54 69
123 108 64
123 116 77
123 119 34
123 129 42
123 133 74
123 143 66
123 149 65
123 154 82
123 157 43
123 221 78
123 230 91
123 232 63
123 273 35
123 334 91
123 422 33
123 423 28
123 430 40
124 10 55
124 17 78
124 61 34
124 78 85
124 99 92
124 128 55
124 175 100
124 176 69
124 181 98
124 229 39
124 255 44
124 256 81
124 259 68
124 353 89
124 362 59
124 377 91
124 401 30
124 417 28
124 446 96
124 T 67
125 10 96
125 29 77
125 39 37
125 103 45
125 111 87
125 121 28
125 136 45
125 163 85
125 169 53
125 172 53
125 194 42
125 295 38
125 319 64
125 360 95
125 443 39
125 448 37
126 20 100
126 34 44
126 55 44
126 62 79
126 70 97
126 88 51
126 110 48
126 139 58
126 140 92
126 169 31
126 170 45
126 207 68
126 216 46
126 233 90
126 240 83
126 261 54
126 334 97
126 400 33
126 446 89
126 456 25
127 3 69
127 74 68
127 90 30
127 162 75
127 176 62
127 187 35
127 224 44
127 312 27
127 316 88
127 323 45
127 337 73
127 387 81
127 400 69
127 435 28
128 26 79
128 30 86
128 36 53
128 48 67
128 54 43
128 81 38
128 134 90
128 158 30
128 193 35
128 246 87
128 255 48
128 266 79
128 268 61
128 298 99
128 301 53
128 302 69
128 315 69
128 319 76
128 330 97
128 372 82
128 383 32
128 398 70
128 427 98
128 429 77
128 443 97
128 455 46
129 3 82
129 17 82
129 49 75
129 56 84
129 78 72
129 86 76
129 95 52
129 181 48
129 192 81
129 209 43
129 226 47
129 293 36
129 301 35
129 305 42
129 362 69
129 370 86
129 376 60
129 395 41
129 396 55
129 398 49
129 404 29
129 418 52
129 433 75
130 31 74
130 64 98
130 66 90
130 67 32
130 98 41
130 112 77
130 113 42
130 124 43
130 144 63
130 164 44
130 175 28
130 181 90
130 194 55
130 207 47
130 235 50
130 251 80
130 274 89
130 302 79
130 303 53
130 312 74
130 319 95
130 320 43
130 328 71
130 343 26
130 346 69
130 383 88
130 403 54
130 408 36
130 428 78
130 429 52
130 456 84
131 75 79
131 77 75
131 95 36
131 103 58
131 132 68
131 168 45
131 195 72
131 226 57
131 255 61
131 278 78
131 290 53
131 303 42
131 335 93
131 357 91
131 366 69
131 374 40
131 398 100
131 456 35
132 9 87
132 29 95
132 32 69
132 89 74
132 103 46
132 116 55
132 121 41
132 154 84
132 204 26
132 212 89
132 254 56
132 256 78
132 264 96
132 278 61
132 282 82
132 298 66
132 368 34
132 374 86
132 380 27
132 384 43
132 398 73
132 400 27
132 410 52
132 421 39
132 424 48
132 435 90
132 445 92
132 454 47
133 8 43
133 13 79
133 71 90
133 141 37
133 168 30
133 177 25
133 209 38
133 231 99
133 236 46
133 248 74
133 252 28
133 260 31
133 274 64
133 293 100
133 370 68
133 380 88
133 423 61
133 432 42
133 442 33
133 446 76
134 68 79
134 79 73
134 186 31
134 208 72
134 234 55
134 243 35
134 261 48
134 262 62
134 281 63
134 292 63
134 298 75
134 325 35
134 328 27
134 338 60
134 342 36
134 364 40
134 405 41
134 417 93
135 3 41
135 16 38
135 24 33
135 35 32
135 39 76
135 42 86
135 62 43
135 86 76
135 150 93
135 155 81
135 180 66
135 207 77
135 306 29
135 343 45
135 368 57
135 380 85
135 390 77
135 408 50
136 15 82
136 34 55
136 38 27
136 66 98
136 69 90
136 78 99
136 101 92
136 141 88
136 147 55
136 232 37
136 236 100
136 240 25
136 241 34
136 282 47
136 285 79
136 290 80
136 299 40
136 302 61
136 305 35
136 306 81
136 316 77
136 333 28
136 343 28
136 347 25
136 390 58
136 411 80
136 446 47
137 28 86
137 29 36
137 35 97
137 49 64
137 68 55
137 74 84
137 113 53
137 147 65
137 154 39
137 187 73
137 191 46
137 194 91
137 198 79
137 272 84
137 282 70
137 305 80
137 306 83
137 322 94
137 327 40
137 343 91
137 345 31
137 348 52
137 389 37
137 390 51
137 400 52
137 407 56
137 433 84
137 447 45
138 18 30
138 23 49
138 32 33
138 71 42
138 137 69
138 184 25
138 198 94
138 229 41
138 254 52
138 265 30
138 292 96
138 344 37
138 350 86
138 410 34
138 431 81
138 456 53
139 2 85
139 23 32
139 25 96
139 40 40
139 45 60
139 101 40
139 102 67
139 165 51
139 183 28
139 247 51
139 252 94
139 275 95
139 295 56
139 313 31
139 366 63
139 370 52
139 374 68
139 422 70
139 429 75
139 455 39
140 4 73
140 34 30
140 109 26
140 111 39
140 118 92
140 122 46
140 123 60
140 193 88
140 219 60
140 235 75
140 268 75
140 301 85
140 366 30
140 369 51
141 6 54
141 54 39
141 72 70
141 74 99
141 79 59
141 93 87
141 94 81
141 96 86
141 132 62
141 209 74
141 220 30
141 260 76
141 307 84
141 340 90
141 407 74
141 412 66
141 416 92
141 445 85
142 12 34
142 54 81
142 73 61
142 111 71
142 133 49
142 145 50
142 149 91
142 153 96
142 168 29
142 171 56
142 225 49
142 251 53
142 300 29
142 329 29
142 381 30
142 447 70
143 27 27
143 44 31
143 49 33
143 70 70
143 78 90
143 147 89
143 199 35
143 204 35
143 208 34
143 229 25
143 236 97
143 282 31
143 297 46
143 307 80
143 310 90
143 354 64
143 357 83
143 376 47
143 395 54
143 398 92
143 402 65
143 403 39
143 436 95
144 7 55
144 14 87
144 25 64
144 28 33
144 35 91
144 41 65
144 46 73
144 74 77
144 91 53
144 95 63
144 100 47
144 121 98
144 183 47
144 204 96
144 233 40
144 235 70
144 252 70
144 259 78
144 307 82
144 309 94
144 322 76
144 330 60
144 358 83
144 410 71
144 437 97
145 14 81
145 17 68
145 71 44
145 76 33
145 118 39
145 157 74
145 169 35
145 215 76
145 235 59
145 252 47
145 253 51
145 262 73
145 265 37
145 289 100
145 365 79
145 381 70
145 397 66
145 419 88
145 430 34
145 439 83
145 442 51
146 4 44
146 5 59
146 7 29
146 58 57
146 62 62
146 70 64
146 75 48
146 96 66
146 105 87
146 137 71
146 176 95
146 239 52
146 259 88
146 275 34
146 276 66
146 279 83
146 282 28
146 305 30
146 323 35
146 338 87
146 343 39
146 368 33
146 391 40
146 402 80
146 404 27
146 406 42
146 455 65
147 9 50
147 87 73
147 158 26
147 164 43
147 170 59
147 198 45
147 202 29
147 212 41
147 265 33
147 285 81
147 293 34
147 301 67
147 316 29
147 322 90
147 331 54
147 349 79
147 386 45
147 401 83
148 7 99
148 30 84
148 31 34
148 49 27
148 75 95
148 99 91
148 127 56
148 130 65
148 167 70
148 169 67
148 202 38
148 216 43
148 223 100
148 229 60
148 269 71
148 288 45
148 308 88
148 312 37
148 345 50
148 398 98
148 404 57
148 411 28
148 437 94
149 18 46
149 56 97
149 60 55
149 86 59
149 87 77
149 109 84
149 177 63
149 197 41
149 203 41
149 207 27
149 231 73
149 234 52
149 262 99
149 265 63
149 270 64
149 299 38
149 308 96
149 316 70
149 320 48
149 342 37
149 352 88
149 356 64
149 358 56
149 364 61
149 392 51
149 402 48
150 2 87
150 23 49
150 51 100
150 83 99
150 161 27
150 169 53
150 170 83
150 191 26
150 198 59
150 205 72
150 211 71
150 253 46
150 283 44
150 304 55
150 368 48
150 370 44
150 383 40
150 408 44
150 409 48
150 413 98
150 425 55
150 438 82
151 7 53
151 26 45
151 49 42
151 61 84
151 78 55
151 85 93
151 101 89
151 111 64
151 138 89
151 229 27
151 237 39
151 241 66
151 353 51
151 374 79
151 390 96
151 393 54
151 398 67
151 433 27
151 437 34
151 448 47
151 452 90
152 12 25
152 13 98
152 17 64
152 21 48
152 35 59
152 37 100
152 84 94
152 87 77
152 93 62
152 167 89
152 175 99
152 186 67
152 194 61
152 195 47
152 218 52
152 239 99
152 264 69
152 265 38
152 281 57
152 289 40
152 296 48
152 306 65
152 343 86
152 369 90
152 397 34
152 409 62
152 411 64
152 449 28
153 11 91
153 62 76
153 97 94
153 129 80
153 136 30
153 144 85
153 145 81
153 175 98
153 230 37
153 239 30
153 250 53
153 267 85
153 329 66
153 358 41
153 390 76
153 439 54
153 441 28
154 5 55
154 37 30
154 83 40
154 152 52
154 190 27
154 230 50
154 242 94
154 322 97
154 333 58
154 359 84
154 365 29
154 369 63
154 376 96
154 384 46
154 406 42
154 411 65
154 420 78
154 442 50
154 448 65
155 10 25
155 11 41
155 13 40
155 16 69
155 23 88
155 35 78
155 47 31
155 85 65
155 110 63
155 163 34
155 205 95
155 219 30
155 231 92
155 297 27
155 310 32
155 329 37
155 338 83
155 341 78
155 380 39
155 387 97
155 393 74
155 435 66
155 444 52
155 447 33
155 456 81
156 23 100
156 40 90
156 119 38
156 122 79
156 189 29
156 239 32
156 308 70
156 311 55
156 324 95
156 358 30
156 373 60
156 374 61
156 388 66
156 391 25
156 402 34
156 431 81
156 450 38
157 19 50
157 111 82
157 131 32
157 132 75
157 146 85
157 160 65
157 195 47
157 207 77
157 222 40
157 296 56
157 308 80
157 319 90
157 337 85
157 341 51
157 352 63
157 359 54
157 367 52
157 402 49
157 414 65
157 433 91
158 32 39
158 49 95
158 55 69
158 61 87
158 108 67
158 132 48
158 142 62
158 159 76
158 180 28
158 185 66
158 205 42
158 215 91
158 225 63
158 261 50
158 264 29
158 267 53
158 293 87
158 302 34
158 309 93
158 311 85
158 338 96
158 363 47
158 364 96
158 436 70
159 50 84
159 96 91
159 109 25
159 114 41
159 117 44
159 146 45
159 155 73
159 220 67
159 224 86
159 237 48
159 250 51
159 251 55
159 252 28
159 283 28
159 294 72
159 297 89
159 322 54
159 326 42
159 433 85
159 436 90
160 54 70
160 95 38
160 102 76
160 120 32
160 144 50
160 158 83
160 175 79
160 192 93
160 202 44
160 221 75
160 223 59
160 225 62
160 232 71
160 268 46
160 298 50
160 314 44
160 315 69
160 408 99
160 417 78
161 13 90
161 20 87
161 25 92
161 30 73
161 59 25
161 63 94
161 83 86
161 100 31
161 109 86
161 126 52
161 142 54
161 179 28
161 196 87
161 201 69
161 202 83
161 233 54
161 255 54
161 295 45
161 316 51
161 318 91
161 333 72
161 355 93
161 423 50
161 T 27
162 17 86
162 25 100
162 34 29
162 45 50
162 56 51
162 60 90
162 61 70
162 83 44
162 87 27
162 119 55
162 126 72
162 176 44
162 209 69
162 215 50
162 222 72
162 232 42
162 233 48
162 245 47
162 265 87
162 317 28
162 351 85
162 361 70
162 371 71
162 381 92
162 426 51
163 10 62
163 72 80
163 106 100
163 117 32
163 121 25
163 130 67
163 134 36
163 146 36
163 169 35
163 187 49
163 195 60
163 236 80
163 268 73
163 272 32
163 280 62
163 318 67
163 340 40
163 354 79
163 373 49
163 401 56
163 424 92
163 431 53
163 443 53
163 452 46
163 454 26
164 47 83
164 106 50
164 115 49
164 127 60
164 165 91
164 177 31
164 182 34
164 195 37
164 243 60
164 262 77
164 282 80
164 298 30
164 350 72
164 351 44
164 355 48
164 402 39
164 406 83
164 411 61
164 424 70
164 T 33
165 37 66
165 43 36
165 69 60
165 83 50
165 113 51
165 120 54
165 132 49
165 133 84
165 143 67
165 147 97
165 159 72
165 197 65
165 229 52
165 261 35
165 268 87
165 289 58
165 294 71
165 339 49
165 346 72
165 352 33
165 361 41
165 369 54
165 374 69
165 377 36
165 386 47
165 401 31
165 412 49
166 36 71
166 41 75
166 47 83
166 86 38
166 102 73
166 110 79
166 124 51
166 141 87
166 149 93
166 170 46
166 230 98
166 244 25
166 248 74
166 253 79
166 307 66
166 309 85
166 315 78
166 319 33
166 362 69
166 380 97
166 391 50
167 1 98
167 40 88
167 51 64
167 77 94
167 116 41
167 121 57
167 135 49
167 169 41
167 174 38
167 184 37
167 188 75
167 191 87
167 192 31
167 198 86
167 207 38
167 266 58
167 294 89
167 366 92
167 391 27
167 396 65
167 412 94
168 11 55
168 24 67
168 30 73
168 33 54
168 47 65
168 54 95
168 92 66
168 94 84
168 102 74
168 106 83
168 108 33
168 126 95
168 161 92
168 207 92
168 216 40
168 221 96
168 250 48
168 272 37
168 273 94
168 293 27
168 299 70
168 319 62
168 351 42
168 358 57
168 370 94
168 394 84
168 407 89
168 412 86
168 426 91
168 428 80
169 7 92
169 12 36
169 37 26
169 52 37
169 56 63
169 64 75
169 74 100
169 79 79
169 101 37
169 113 54
169 121 37
169 157 51
169 230 85
169 243 31
169 256 66
169 290 59
169 321 48
169 324 50
169 327 94
169 329 48
169 332 78
169 333 53
169 366 34
169 377 77
169 384 59
169 413 89
169 438 25
170 22 97
170 55 63
170 75 79
170 96 96
170 122 75
170 139 79
170 153 61
170 167 85
170 181 42
170 183 90
170 199 72
170 201 49
170 203 55
170 206 78
170 213 79
170 243 52
170 252 64
170 292 86
170 333 30
170 335 74
170 348 50
170 349 68
170 365 73
170 368 47
170 389 71
170 409 49
170 434 63
170 451 41
170 454 37
171 6 58
171 35 95
171 36 88
171 44 77
171 75 73
171 76 80
171 98 39
171 100 89
171 137 76
171 151 72
171 167 87
171 168 53
171 189 31
171 209 67
171 224 31
171 237 40
171 242 52
171 261 71
171 271 37
171 290 95
171 299 74
171 307 58
171 317 47
171 372 57
171 374 86
171 390 57
171 395 69
171 409 80
171 435 45
171 442 57
171 446 38
172 37 94
172 38 68
172 39 38
172 45 66
172 61 80
172 65 58
172 84 60
172 111 70
172 114 64
172 147 64
172 195 55
172 201 63
172 207 36
172 211 95
172 225 36
172 227 55
172 234 39
172 254 68
172 271 25
172 352 74
172 368 50
172 454 92
173 29 97
173 55 50
173 82 26
173 83 26
173 138 74
173 151 73
173 152 52
173 167 79
173 180 96
173 189 49
173 209 99
173 214 75
173 253 63
173 261 42
173 264 76
173 299 86
173 310 90
173 315 27
173 327 75
173 335 98
173 339 45
173 414 77
173 417 82
173 436 51
174 4 78
174 10 57
174 40 40
174 61 41
174 71 45
174 78 29
174 79 33
174 102 36
174 122 81
174 153 70
174 162 29
174 168 89
174 175 47
174 190 36
174 198 30
174 205 27
174 247 82
174 264 28
174 285 62
174 319 65
174 323 85
174 329 47
174 335 96
174 357 47
174 418 88
174 426 65
175 7 87
175 46 51
175 77 84
175 94 56
175 115 44
175 135 97
175 153 38
175 157 98
175 158 71
175 164 36
175 181 40
175 185 45
175 243 25
175 290 88
175 322 47
175 327 31
175 351 43
175 364 38
175 439 28
176 14 31
176 15 62
176 36 50
176 69 55
176 74 53
176 88 88
176 110 83
176 114 93
176 169 61
176 170 57
176 189 63
176 193 40
176 196 63
176 216 51
176 244 31
176 261 80
176 266 73
176 293 89
176 323 86
176 334 99
176 363 47
176 426 55
176 446 79
177 7 52
177 47 59
177 63 28
177 85 89
177 87 78
177 88 62
177 92 86
177 143 91
177 149 33
177 174 72
177 227 57
177 254 31
177 272 67
177 293 32
177 316 67
177 340 50
177 394 65
177 444 72
178 55 39
178 94 29
178 101 67
178 121 84
178 187 32
178 196 54
178 200 49
178 215 27
178 226 48
178 240 34
178 242 84
178 249 48
178 251 52
178 263 84
178 279 59
178 280 63
178 307 51
178 336 30
178 380 49
178 389 69
178 399 56
178 405 57
178 418 28
179 11 72
179 64 35
179 82 100
179 93 30
179 114 84
179 119 83
179 136 43
179 140 70
179 160 45
179 178 35
179 181 56
179 212 50
179 219 25
179 225 97
179 238 37
179 248 43
179 272 66
179 284 99
179 311 85
179 356 29
179 357 48
179 362 60
179 425 66
179 444 84
180 5 65
180 11 56
180 23 80
180 30 47
180 34 48
180 39 45
180 67 61
180 71 57
180 77 33
180 93 26
180 94 30
180 101 83
180 108 59
180 132 66
180 151 43
180 209 36
180 225 47
180 228 30
180 230 78
180 283 84
180 311 36
180 318 91
180 324 68
180 346 81
180 347 76
180 362 94
180 370 35
180 382 79
180 396 99
180 416 41
180 454 97
181 12 29
181 22 50
181 38 88
181 41 51
181 45 42
181 48 75
181 71 30
181 76 69
181 83 28
181 197 91
181 208 76
181 220 27
181 234 32
181 241 39
181 259 34
181 309 92
181 319 76
181 343 30
181 346 85
181 352 39
181 367 49
181 371 47
181 382 84
181 395 54
181 432 62
181 451 98
182 16 63
182 23 89
182 33 74
182 51 95
182 89 26
182 94 37
182 132 80
182 157 50
182 159 37
182 167 65
182 175 34
182 227 74
182 249 90
182 267 64
182 280 34
182 349 27
182 368 82
182 444 65
183 27 82
183 52 73
183 84 89
183 110 65
183 140 71
183 145 92
183 189 62
183 287 43
183 370 26
183 392 89
183 403 55
184 40 63
184 81 39
184 99 78
184 119 89
184 144 60
184 148 48
184 183 61
184 237 51
184 251 78
184 255 29
184 273 70
184 307 82
184 335 87
184 342 75
184 353 51
184 366 43
184 385 71
184 401 84
185 5 47
185 20 81
185 32 59
185 53 30
185 60 46
185 69 74
185 73 55
185 74 76
185 76 26
185 145 44
185 150 90
185 153 89
185 172 40
185 180 82
185 191 54
185 194 81
185 227 76
185 236 80
185 257 79
185 273 45
185 351 39
185 370 61
185 378 49
185 391 72
185 394 97
185 407 47
185 420 65
185 427 71
185 438 60
185 453 42
186 36 52
186 61 72
186 83 55
186 91 73
186 104 30
186 117 43
186 127 54
186 133 70
186 146 63
186 152 88
186 164 94
186 202 25
186 214 38
186 284 80
186 325 97
186 336 82
186 400 94
187 2 96
187 29 33
187 45 80
187 47 95
187 69 45
187 74 67
187 174 89
187 175 91
187 185 61
187 195 92
187 267 38
187 284 49
187 311 33
187 347 98
187 348 72
187 382 95
187 398 73
187 429 32
187 440 55
188 16 31
188 32 28
188 67 71
188 68 69
188 124 34
188 162 72
188 174 66
188 195 62
188 224 38
188 248 62
188 258 85
188 265 65
188 292 55
188 316 51
188 318 79
188 353 45
188 371 80
188 378 31
188 389 34
188 390 63
188 391 45
188 414 90
188 429 67
188 453 89
188 455 29
189 17 96
189 33 28
189 40 56
189 50 84
189 87 27
189 92 78
189 119 86
189 121 45
189 132 73
189 133 79
189 141 83
189 155 35
189 196 74
189 228 67
189 269 83
189 277 46
189 307 54
189 332 61
189 350 78
189 356 28
189 368 42
189 383 87
189 384 90
189 421 97
189 423 48
189 442 29
189 450 81
190 21 85
190 28 90
190 55 88
190 61 75
190 63 68
190 74 31
190 82 58
190 86 94
190 92 54
190 122 67
190 127 99
190 129 76
190 142 33
190 155 49
190 169 85
190 211 76
190 221 62
190 262 36
190 264 51
190 277 91
190 286 93
190 288 54
190 307 28
190 320 74
190 328 70
190 334 51
190 336 76
190 365 97
190 383 31
190 390 87
190 419 90
190 448 32
190 453 76
191 10 35
191 23 64
191 25 100
191 94 41
191 117 97
191 148 69
191 150 40
191 202 74
191 228 52
191 257 77
191 264 36
191 328 42
191 331 51
191 337 88
191 341 92
191 345 27
191 371 97
191 382 77
191 389 71
191 396 83
191 400 47
191 410 93
191 417 33
191 418 82
191 436 84
191 443 59
191 457 29
192 11 41
192 22 66
192 49 63
192 57 76
192 72 59
192 75 43
192 86 65
192 97 96
192 100 50
192 141 97
192 174 89
192 183 39
192 201 84
192 218 34
192 246 31
192 247 55
192 280 26
192 341 25
192 363 53
192 392 39
192 406 60
192 421 57
192 450 97
193 20 60
193 26 73
193 34 53
193 63 30
193 66 82
193 88 68
193 145 78
193 170 66
193 190 79
193 192 95
193 198 32
193 205 97
193 210 26
193 214 59
193 219 83
193 252 35
193 257 53
193 259 29
193 261 33
193 274 46
193 290 58
193 301 45
193 319 67
193 368 84
193 413 32
193 414 89
193 432 74
193 439 96
194 5 32
194 23 99
194 51 39
194 52 30
194 56 46
194 58 77
194 61 89
194 63 75
194 64 25
194 94 34
194 107 83
194 115 96
194 118 39
194 128 41
194 197 40
194 217 49
194 225 50
194 297 97
194 298 42
194 303 49
194 319 95
194 360 53
194 385 51
194 410 58
194 430 84
194 439 67
194 452 72
195 3 53
195 7 56
195 39 68
195 66 58
195 91 26
195 100 81
195 130 63
195 143 89
195 144 95
195 145 54
195 161 58
195 167 89
195 169 41
195 201 61
195 220 47
195 229 58
195 230 35
195 262 75
195 315 79
195 332 90
195 348 43
195 349 63
195 388 37
195 437 46
195 446 52
196 7 50
196 23 90
196 37 80
196 47 70
196 49 83
196 64 43
196 72 26
196 75 79
196 87 96
196 185 63
196 211 78
196 244 72
196 246 60
196 259 87
196 260 91
196 274 62
196 332 75
196 382 99
196 385 92
196 394 78
196 424 29
196 425 82
196 438 72
197 31 87
197 50 60
197 59 33
197 86 68
197 132 91
197 137 38
197 138 71
197 156 71
197 157 69
197 160 90
197 161 98
197 210 89
197 221 94
197 230 48
197 232 91
197 255 50
197 256 65
197 265 52
197 281 61
197 309 90
197 336 62
197 337 100
197 338 29
197 353 96
197 403 60
197 431 84
197 445 92
197 450 35
198 11 29
198 28 25
198 52 47
198 58 76
198 74 87
198 82 33
198 87 73
198 98 71
198 158 82
198 182 33
198 183 100
198 186 56
198 216 50
198 217 40
198 226 44
198 245 97
198 246 37
198 257 97
198 259 66
198 260 88
198 286 62
198 333 60
198 378 43
198 420 99
198 422 74
198 438 82
198 451 98
199 1 28
199 31 27
199 34 38
199 57 58
199 114 52
199 115 46
199 144 96
199 145 86
199 147 47
199 170 71
199 188 53
199 214 84
199 280 35
199 295 36
199 308 58
199 311 93
199 358 48
199 378 77
199 385 100
199 402 94
199 407 52
199 410 42
199 420 89
199 449 39
199 455 63
200 4 36
200 49 86
200 54 77
200 61 88
200 62 54
200 100 54
200 148 72
200 184 96
200 232 27
200 256 58
200 282 67
200 292 26
200 294 44
200 305 26
200 384 87
200 395 56
200 398 65
200 406 28
200 413 83
200 438 38
200 439 25
200 447 48
201 11 35
201 19 80
201 22 65
201 45 56
201 91 55
201 111 88
201 129 69
201 209 33
201 218 81
201 237 38
201 245 77
201 279 40
201 285 93
201 287 63
201 400 53
201 422 40
201 448 72
202 8 79
202 19 37
202 50 41
202 51 84
202 76 54
202 82 67
202 124 61
202 136 49
202 169 37
202 174 46
202 187 32
202 207 44
202 226 43
202 260 68
202 271 73
202 318 34
202 320 51
202 327 26
202 351 41
202 387 27
202 388 70
202 398 40
202 408 72
202 422 74
202 426 64
202 428 47
202 438 68
202 445 94
202 448 28
203 39 46
203 48 66
203 78 42
203 124 88
203 165 46
203 196 32
203 198 55
203 228 31
203 254 59
203 282 77
203 283 46
203 304 25
203 325 92
203 331 67
203 372 98
203 403 68
203 411 34
203 416 57
203 435 30
203 447 57
203 455 76
204 1 92
204 6 60
204 8 29
204 18 50
204 84 99
204 109 66
204 147 84
204 169 49
204 172 49
204 177 50
204 178 72
204 198 48
204 215 43
204 237 100
204 256 97
204 269 51
204 277 68
204 295 39
204 296 57
204 327 59
204 341 92
204 373 70
204 385 29
204 398 28
204 448 44
205 9 89
205 34 38
205 51 48
205 79 43
205 109 46
205 117 45
205 126 76
205 162 64
205 194 76
205 253 95
205 334 80
205 359 89
205 363 26
205 377 51
205 439 54
205 444 97
206 9 85
206 30 38
206 34 57
206 50 30
206 53 43
206 58 49
206 74 85
206 87 38
206 110 98
206 172 65
206 210 93
206 249 88
206 259 55
206 276 99
206 282 30
206 299 34
206 321 40
206 326 100
206 329 34
206 350 63
206 370 55
206 382 84
206 434 77
206 435 40
206 436 48
206 451 25
207 50 55
207 68 75
207 76 34
207 109 83
207 123 33
207 148 66
207 154 36
207 156 82
207 216 69
207 227 64
207 253 52
207 289 60
207 303 92
207 356 56
207 366 77
207 372 99
207 379 31
207 395 99
207 404 90
207 407 42
207 424 75
207 430 100
207 434 95
207 444 28
207 449 44
207 453 70
208 1 68
208 2 25
208 14 97
208 24 92
208 51 92
208 207 37
208 216 98
208 260 64
208 302 70
208 314 35
208 318 48
208 331 74
208 341 50
208 359 67
208 377 65
208 397 56
208 403 62
208 409 31
208 420 92
209 26 25
209 48 86
209 49 58
209 52 55
209 60 42
209 143 88
209 144 51
209 155 81
209 159 74
209 184 73
209 199 87
209 202 35
209 203 48
209 223 44
209 238 94
209 247 85
209 257 38
209 264 79
209 266 31
209 270 66
209 289 52
209 290 85
209 312 27
209 324 43
209 332 86
209 347 66
209 368 25
209 399 67
209 423 30
209 453 34
210 4 45
210 17 73
210 37 54
210 50 67
210 93 75
210 115 41
210 121 67
210 172 41
210 192 86
210 251 66
210 253 96
210 276 25
210 286 98
210 297 90
210 334 97
210 385 33
210 424 42
210 427 73
210 429 73
210 448 73
210 453 58
210 455 98
211 1 49
211 24 78
211 50 88
211 93 46
211 106 95
211 135 99
211 141 43
211 150 62
211 173 42
211 177 75
211 285 65
211 304 50
211 332 91
211 349 26
211 382 96
211 393 46
211 426 37
211 436 37
212 2 64
212 9 53
212 16 59
212 18 89
212 25 31
212 36 55
212 44 76
212 51 82
212 79 66
212 86 31
212 97 83
212 100 40
212 116 31
212 152 55
212 172 45
212 176 96
212 185 78
212 247 62
212 258 83
212 262 63
212 264 31
212 313 28
212 315 78
212 346 54
212 385 72
212 415 41
212 433 50
212 437 72
212 451 30
212 455 96
212 456 76
213 55 62
213 83 79
213 111 34
213 160 42
213 162 33
213 188 51
213 238 56
213 250 58
213 290 64
213 293 39
213 362 39
213 416 27
213 418 56
213 433 47
213 446 77
214 1 86
214 5 83
214 54 62
214 115 93
214 246 48
214 291 73
214 305 81
214 321 92
214 328 36
214 394 59
214 418 81
214 436 43
214 439 33
214 441 57
214 456 86
215 35 81
215 42 25
215 60 49
215 80 30
215 91 96
215 92 77
215 116 97
215 121 66
215 136 79
215 176 27
215 225 39
215 227 70
215 235 50
215 267 47
215 269 83
215 279 73
215 285 91
215 294 68
215 317 46
215 337 37
215 386 43
215 389 64
215 404 60
215 412 48
215 442 63
216 5 66
216 37 57
216 42 71
216 43 92
216 46 88
216 82 99
216 83 82
216 113 34
216 127 87
216 144 25
216 146 52
216 169 88
216 170 88
216 198 57
216 217 83
216 222 58
216 276 47
216 312 95
216 323 26
216 324 36
216 343 44
216 346 42
216 390 90
216 407 33
216 454 44
217 32 50
217 37 74
217 56 59
217 66 80
217 71 48
217 75 43
217 101 43
217 115 75
217 132 49
217 133 93
217 162 69
217 167 33
217 191 41
217 216 76
217 231 78
217 244 77
217 252 51
217 267 63
217 275 97
217 281 78
217 293 70
217 305 90
217 324 54
217 333 31
217 335 99
217 342 69
217 351 44
217 370 74
217 398 51
217 411 35
217 412 35
217 428 83
217 451 78
218 32 37
218 49 52
218 73 27
218 88 90
218 98 47
218 111 59
218 116 54
218 123 68
218 133 75
218 159 87
218 170 29
218 207 58
218 215 57
218 232 59
218 237 66
218 258 65
218 265 40
218 266 63
218 296 63
218 298 63
218 381 44
218 402 33
218 417 80
218 443 44
219 38 54
219 58 93
219 73 97
219 91 26
219 129 47
219 133 36
219 191 77
219 217 72
219 220 46
219 314 63
219 363 97
219 384 97
219 386 50
219 427 72
219 431 49
219 432 91
219 443 91
220 9 29
220 22 87
220 69 86
220 80 50
220 86 82
220 102 53
220 110 56
220 114 70
220 117 74
220 126 90
220 128 76
220 129 64
220 217 97
220 230 30
220 260 100
220 272 93
220 273 69
220 275 43
220 318 80
220 320 32
220 333 89
220 363 38
220 375 60
220 413 32
220 419 31
221 23 33
221 44 26
221 60 63
221 65 40
221 78 60
221 91 28
221 105 82
221 112 63
221 116 78
221 124 92
221 145 55
221 157 78
221 167 59
221 190 71
221 197 40
221 216 55
221 226 46
221 257 69
221 406 65
221 446 29
222 5 25
222 23 94
222 58 86
222 66 29
222 84 89
222 100 85
222 106 27
222 111 62
222 124 36
222 128 30
222 146 49
222 150 62
222 156 84
222 189 75
222 201 88
222 204 89
222 314 46
222 317 96
222 326 72
222 338 43
222 365 30
222 366 54
222 377 86
222 431 67
222 445 95
222 452 41
222 454 25
223 26 34
223 88 59
223 92 72
223 99 54
223 103 63
223 108 36
223 154 98
223 169 64
223 220 63
223 242 34
223 247 70
223 256 83
223 294 42
223 435 31
223 450 50
224 2 29
224 89 85
224 111 89
224 112 27
224 126 71
224 142 59
224 149 36
224 150 30
224 155 48
224 181 62
224 182 75
224 236 73
224 263 89
224 266 77
224 294 30
224 304 51
224 310 53
224 330 45
224 339 49
224 423 51
225 14 39
225 64 45
225 73 95
225 92 84
225 103 82
225 132 81
225 180 51
225 188 39
225 192 93
225 206 59
225 244 31
225 268 72
225 289 65
225 308 49
225 314 80
225 318 97
225 350 61
225 381 82
225 449 51
226 26 38
226 38 27
226 62 53
226 67 49
226 86 92
226 87 36
226 102 97
226 124 77
226 148 28
226 155 85
226 169 70
226 187 77
226 202 56
226 260 39
226 287 78
226 315 45
226 354 25
226 418 31
226 421 44
226 425 27
227 14 92
227 17 50
227 22 61
227 31 94
227 73 41
227 99 32
227 178 85
227 250 99
227 256 33
227 269 70
227 274 48
227 355 96
227 382 100
227 395 95
227 406 69
228 20 41
228 27 86
228 35 28
228 60 33
228 63 47
228 68 70
228 72 33
228 188 44
228 191 45
228 219 75
228 237 39
228 250 76
228 283 46
228 284 100
228 285 36
228 310 28
228 313 44
228 327 67
228 347 59
228 360 63
228 374 51
228 391 53
228 397 95
228 409 66
228 416 83
228 454 51
229 10 66
229 17 89
229 42 93
229 50 42
229 66 82
229 107 70
229 137 80
229 144 55
229 211 62
229 248 93
229 266 86
229 284 58
229 307 88
229 313 49
229 316 49
229 328 56
229 347 31
229 374 51
229 386 31
229 388 26
229 403 62
229 433 50
229 442 64
229 454 88
230 21 72
230 25 51
230 32 87
230 42 73
230 77 86
230 84 26
230 92 35
230 113 92
230 125 82
230 223 84
230 261 44
230 287 51
230 313 84
230 347 57
230 350 92
230 355 29
230 365 34
230 406 37
230 454 37
231 14 88
231 41 44
231 96 55
231 128 67
231 139 60
231 170 91
231 184 58
231 193 59
231 214 97
231 224 66
231 255 48
231 260 100
231 273 51
231 294 46
231 321 30
231 327 71
231 400 30
231 409 77
231 414 30
231 425 25
231 426 49
231 447 89
231 T 100
232 13 98
232 30 96
232 38 38
232 40 95
232 52 29
232 94 69
232 108 40
232 129 70
232 154 75
232 172 29
232 181 96
232 188 86
232 214 87
232 231 94
232 249 71
232 299 63
232 347 75
232 357 40
232 391 33
232 392 39
232 403 40
232 410 74
232 432 39
232 441 45
233 3 96
233 45 81
233 47 44
233 78 100
233 102 99
233 135 55
233 141 51
233 163 56
233 170 46
233 222 95
233 226 79
233 259 70
233 268 91
233 275 93
233 278 75
233 281 67
233 306 43
233 322 81
233 350 27
233 351 27
233 358 61
233 368 46
233 405 42
233 410 27
233 412 34
233 428 43
233 431 66
233 452 49
234 14 81
234 46 90
234 55 96
234 83 92
234 85 52
234 103 67
234 104 54
234 120 33
234 124 96
234 129 25
234 148 39
234 158 87
234 182 98
234 192 37
234 200 66
234 222 29
234 229 100
234 257 94
234 262 93
234 302 85
234 309 66
234 331 89
234 366 87
234 375 52
234 386 63
234 438 39
234 440 63
235 30 47
235 33 39
235 37 94
235 50 29
235 66 97
235 141 29
235 161 54
235 185 36
235 218 86
235 220 59
235 233 82
235 289 30
235 302 55
235 316 46
235 317 94
235 340 92
235 349 71
235 391 39
235 429 94
236 41 89
236 55 90
236 58 56
236 61 30
236 71 84
236 76 44
236 95 97
236 104 42
236 160 42
236 167 61
236 172 47
236 178 70
236 235 47
236 247 62
236 248 73
236 257 64
236 299 42
236 323 45
236 333 36
236 347 44
236 348 85
236 389 44
236 408 39
236 416 97
236 423 98
236 436 26
237 12 63
237 21 50
237 45 39
237 63 68
237 65 77
237 82 85
237 88 100
237 107 49
237 184 48
237 213 44
237 320 49
237 333 62
237 346 32
237 372 62
238 22 28
238 67 50
238 79 94
238 90 59
238 92 47
238 166 36
238 211 46
238 245 39
238 288 33
238 320 98
238 339 67
238 345 82
238 349 93
238 352 80
238 356 73
238 373 58
238 379 54
238 438 31
239 60 78
239 123 69
239 138 67
239 171 34
239 197 77
239 211 61
239 221 82
239 238 42
239 242 52
239 265 90
239 309 53
239 310 32
239 327 37
239 332 48
239 340 97
239 352 35
239 363 71
239 409 62
239 425 92
239 427 59
240 3 98
240 5 38
240 8 39
240 33 58
240 54 98
240 55 41
240 128 46
240 170 81
240 187 98
240 196 48
240 203 69
240 211 48
240 258 66
240 311 99
240 316 63
240 363 45
240 442 31
241 19 88
241 27 56
241 48 62
241 60 38
241 75 85
241 114 53
241 115 54
241 124 54
241 148 35
241 151 71
241 160 63
241 161 65
241 195 99
241 210 87
241 215 41
241 222 51
241 223 32
241 239 43
241 285 83
241 290 31
241 303 37
241 312 73
241 328 40
241 336 25
241 380 26
241 400 41
241 413 60
241 435 97
241 450 43
241 455 80
242 1 60
242 32 86
242 47 100
242 60 52
242 61 74
242 89 26
242 103 50
242 157 98
242 168 85
242 176 41
242 180 46
242 208 100
242 223 51
242 241 82
242 243 83
242 257 30
242 272 82
242 313 60
242 363 41
242 379 44
242 386 30
242 401 57
242 404 89
243 27 74
243 34 91
243 41 35
243 49 75
243 81 49
243 88 44
243 94 28
243 111 71
243 131 67
243 132 80
243 175 95
243 217 85
243 230 64
243 257 60
243 258 98
243 264 58
243 300 41
243 305 74
243 311 74
243 315 91
243 345 42
243 382 66
243 390 70
243 412 32
243 413 77
243 414 45
243 418 45
243 422 35
243 429 98
243 456 67
244 37 26
244 40 27
244 46 84
244 61 73
244 79 83
244 91 38
244 111 51
244 133 70
244 149 42
244 151 43
244 170 97
244 179 48
244 182 81
244 241 30
244 269 26
244 312 48
244 318 37
244 343 69
244 347 95
244 349 34
244 385 63
244 395 39
244 403 93
244 433 35
244 449 29
244 454 79
244 457 82
245 3 27
245 11 25
245 16 43
245 40 44
245 55 48
245 60 27
245 66 98
245 84 25
245 92 61
245 134 78
245 140 92
245 142 70
245 149 26
245 209 68
245 241 73
245 249 92
245 252 48
245 274 85
245 277 71
245 281 91
245 306 71
245 369 64
245 424 39
245 435 54
245 445 51
246 12 50
246 30 47
246 79 95
246 87 54
246 114 59
246 121 93
246 135 86
246 161 74
246 175 35
246 184 64
246 189 34
246 196 52
246 212 62
246 231 60
246 239 58
246 262 71
246 271 33
246 287 69
246 290 40
246 301 70
246 339 46
246 345 77
246 346 81
246 391 77
246 393 72
246 402 75
246 416 67
246 417 40
246 426 71
247 38 26
247 52 31
247 58 82
247 64 59
247 65 60
247 74 79
247 96 73
247 101 43
247 110 57
247 115 95
247 120 81
247 128 61
247 129 71
247 149 51
247 153 54
247 176 29
247 182 43
247 185 73
247 212 89
247 251 54
247 293 36
247 358 87
247 378 71
247 379 58
247 392 33
247 414 39
248 48 39
248 76 63
248 88 77
248 94 52
248 102 37
248 107 88
248 150 48
248 157 31
248 220 33
248 222 98
248 242 100
248 296 55
248 303 31
248 310 69
248 327 36
248 336 33
248 362 64
248 432 98
249 4 96
249 26 29
249 44 43
249 83 63
249 84 48
249 120 42
249 137 91
249 144 100
249 157 59
249 176 37
249 228 76
249 253 74
249 254 80
249 268 25
249 288 46
249 292 99
249 330 56
249 334 36
249 365 80
249 374 83
249 407 37
249 418 82
249 429 40
249 436 45
250 18 79
250 32 62
250 34 73
250 84 44
250 106 62
250 125 50
250 126 31
250 148 71
250 162 53
250 166 89
250 188 73
250 194 75
250 202 67
250 224 55
250 228 49
250 235 78
250 255 100
250 267 73
250 269 70
250 284 54
250 289 87
250 325 33
250 372 74
250 389 30
250 445 46
251 3 50
251 90 61
251 111 37
251 132 99
251 133 56
251 187 68
251 204 65
251 215 75
251 247 26
251 287 87
251 319 45
251 361 50
251 384 91
251 391 87
251 395 45
251 409 38
251 417 75
251 436 58
251 442 57
252 35 84
252 57 89
252 66 30
252 69 32
252 72 27
252 79 64
252 81 77
252 88 75
252 103 97
252 122 55
252 130 83
252 150 40
252 155 61
252 158 94
252 174 85
252 216 77
252 224 89
252 235 99
252 254 61
252 260 74
252 277 28
252 281 93
252 288 70
252 323 41
252 339 73
252 369 55
252 382 30
252 405 59
252 409 38
252 420 73
252 425 97
252 434 47
252 456 100
253 3 29
253 41 95
253 56 66
253 61 61
253 86 100
253 107 72
253 148 90
253 186 96
253 223 40
253 229 27
253 241 51
253 243 25
253 256 88
253 259 62
253 264 86
253 284 61
253 307 56
253 319 63
253 320 90
253 321 63
253 344 50
253 364 75
253 419 94
253 424 54
253 425 54
253 433 35
254 2 72
254 12 87
254 22 74
254 51 30
254 52 71
254 61 97
254 77 93
254 153 76
254 187 44
254 191 71
254 209 58
254 226 47
254 227 62
254 230 36
254 241 96
254 318 86
254 321 47
254 345 72
254 432 30
254 438 65
254 439 43
254 448 87
255 85 52
255 109 97
255 110 87
255 141 84
255 174 29
255 219 73
255 223 53
255 231 98
255 232 97
255 244 49
255 260 33
255 265 70
255 281 74
255 299 43
255 329 96
255 370 89
255 385 93
255 421 28
255 436 74
256 19 62
256 38 48
256 62 50
256 83 54
256 165 60
256 180 91
256 198 29
256 234 56
256 237 40
256 244 83
256 245 80
256 254 67
256 275 67
256 319 55
256 332 95
256 340 38
256 348 29
256 358 89
256 365 77
256 383 67
256 457 53
257 12 29
257 26 95
257 63 88
257 64 65
257 84 79
257 94 81
257 166 31
257 168 78
257 196 76
257 201 58
257 267 85
257 277 68
257 305 42
257 412 25
257 419 47
258 6 94
258 7 79
258 74 97
258 89 83
258 121 57
258 129 58
258 165 63
258 189 76
258 213 97
258 228 100
258 233 87
258 236 33
258 267 33
258 274 74
258 283 38
258 300 55
258 322 66
258 332 28
258 354 94
258 385 50
258 422 87
258 426 83
259 17 32
259 35 56
259 45 54
259 62 73
259 92 66
259 117 83
259 122 33
259 126 66
259 128 56
259 140 26
259 150 79
259 151 48
259 195 58
259 213 95
259 244 25
259 254 78
259 287 63
259 323 35
259 329 97
259 348 72
259 369 44
259 389 83
259 396 57
259 418 41
259 454 55
259 T 47
260 7 96
260 25 52
260 42 76
260 70 59
260 79 58
260 102 100
260 119 57
260 161 77
260 177 70
260 212 43
260 308 55
260 379 77
260 400 81
260 402 98
260 445 52
260 453 46
261 4 88
261 27 63
261 57 86
261 67 52
261 70 92
261 71 57
261 74 45
261 78 29
261 102 86
261 113 87
261 141 28
261 154 69
261 159 57
261 179 29
261 196 51
261 199 28
261 213 92
261 215 75
261 235 41
261 258 37
261 263 50
261 264 27
261 270 47
261 276 33
261 376 53
261 393 83
261 405 35
261 434 78
261 436 41
262 2 80
262 23 99
262 30 64
262 31 96
262 49 36
262 53 76
262 56 65
262 74 49
262 82 61
262 114 60
262 118 99
262 133 66
262 140 65
262 147 56
262 149 75
262 169 57
262 230 75
262 236 78
262 238 75
262 264 93
262 307 54
262 316 54
262 321 69
262 344 95
262 364 100
262 371 48
262 378 95
262 393 41
262 398 56
262 412 77
262 419 61
262 437 27
263 52 97
263 56 97
263 70 96
263 77 79
263 102 85
263 105 34
263 122 82
263 130 55
263 143 65
263 186 90
263 262 96
263 276 60
263 296 37
263 297 48
263 310 82
263 315 79
263 319 39
263 348 25
263 351 55
263 374 74
263 388 99
263 401 60
263 411 54
263 426 49
263 434 91
264 11 71
264 14 89
264 38 77
264 55 50
264 95 33
264 97 46
264 117 85
264 125 90
264 174 42
264 225 83
264 283 32
264 292 28
264 294 60
264 328 49
264 332 33
264 360 53
264 367 92
264 392 30
264 404 61
264 414 58
264 422 44
264 426 33
264 435 49
264 456 83
265 20 91
265 24 100
265 34 36
265 35 27
265 41 82
265 72 49
265 75 79
265 87 70
265 111 51
265 127 33
265 143 50
265 249 100
265 256 46
265 258 88
265 318 46
265 325 36
265 348 80
265 358 84
265 400 54
265 418 40
265 435 48
265 447 31
266 17 43
266 31 83
266 47 41
266 49 26
266 68 69
266 73 87
266 94 72
266 133 47
266 144 41
266 183 82
266 193 76
266 213 46
266 222 36
266 236 53
266 283 65
266 290 89
266 291 43
266 297 92
266 302 55
266 311 73
266 353 49
266 379 67
266 381 83
266 402 97
266 427 92
266 440 65
266 441 58
267 44 100
267 64 61
267 86 78
267 88 87
267 96 25
267 101 81
267 137 45
267 158 30
267 168 52
267 181 25
267 199 27
267 204 82
267 211 31
267 254 88
267 264 88
267 272 97
267 310 78
267 322 45
267 352 31
267 361 25
267 393 97
267 435 61
267 446 29
268 6 41
268 85 67
268 121 37
268 153 71
268 168 62
268 171 71
268 174 86
268 182 69
268 198 93
268 203 69
268 213 30
268 229 26
268 235 69
268 239 41
268 247 78
268 267 34
268 271 62
268 273 45
268 284 98
268 288 70
268 308 73
268 316 27
268 327 30
268 342 83
268 344 41
268 370 45
268 374 87
268 379 64
268 394 44
268 422 28
268 430 36
268 447 89
269 28 96
269 52 99
269 63 88
269 71 38
269 89 59
269 137 80
269 161 64
269 166 96
269 171 75
269 174 90
269 184 82
269 190 81
269 193 85
269 206 34
269 235 53
269 256 44
269 257 77
269 262 65
269 267 42
269 277 41
269 280 42
269 282 81
269 295 34
269 303 90
269 322 58
269 324 68
269 327 90
269 332 45
269 335 31
269 342 82
269 372 90
269 395 95
269 400 66
269 427 49
270 5 89
270 43 70
270 55 50
270 116 92
270 127 47
270 135 47
270 176 70
270 197 56
270 222 44
270 225 34
270 254 69
270 258 79
270 261 37
270 290 42
270 300 58
270 307 45
270 364 89
270 369 58
270 370 32
270 390 87
270 447 51
271 29 68
271 34 31
271 39 91
271 71 49
271 162 31
271 165 98
271 173 77
271 175 59
271 177 90
271 191 87
271 230 87
271 242 74
271 254 95
271 274 70
271 303 52
271 304 37
271 336 67
271 353 69
271 359 84
271 364 59
271 366 83
271 454 37
272 3 44
272 16 99
272 33 86
272 34 98
272 53 53
272 54 71
272 90 71
272 110 56
272 116 82
272 136 29
272 140 85
272 226 32
272 257 76
272 291 99
272 439 60
272 451 72
272 454 80
273 6 38
273 19 30
273 21 50
273 46 82
273 83 84
273 93 66
273 102 86
273 154 49
273 181 96
273 197 56
273 210 76
273 232 89
273 240 38
273 268 30
273 288 84
273 291 47
273 357 34
273 364 38
273 387 25
273 390 64
273 396 54
273 413 49
273 417 81
273 420 38
273 440 62
273 443 83
274 1 69
274 23 100
274 25 29
274 79 89
274 112 39
274 114 57
274 119 31
274 122 41
274 123 94
274 185 59
274 211 48
274 213 87
274 218 99
274 245 99
274 256 42
274 273 93
274 283 44
274 304 39
274 318 28
274 328 46
274 395 28
274 431 59
274 448 98
274 T 37
275 43 72
275 49 68
275 56 42
275 83 58
275 110 56
275 180 40
275 185 97
275 228 57
275 240 97
275 265 73
275 295 69
275 316 43
275 319 26
275 338 64
275 376 68
275 385 75
275 394 66
275 401 63
275 419 85
275 423 81
275 436 29
276 9 90
276 14 94
276 28 35
276 76 75
276 99 67
276 103 71
276 136 77
276 163 59
276 185 52
276 188 81
276 237 50
276 302 51
276 331 49
276 338 38
276 339 38
276 345 86
276 359 83
276 397 87
276 407 82
276 419 66
276 421 28
276 425 73
276 447 29
276 452 43
277 6 75
277 23 66
277 114 78
277 124 98
277 136 74
277 172 38
277 187 29
277 189 52
277 190 95
277 230 97
277 249 49
277 269 86
277 294 93
277 298 77
277 318 96
277 331 80
277 337 38
277 383 50
277 T 25
278 4 61
278 24 77
278 25 99
278 45 84
278 90 84
278 93 92
278 95 95
278 118 87
278 185 25
278 206 44
278 225 93
278 245 74
278 246 78
278 279 74
278 285 98
278 324 55
278 337 36
278 343 52
278 367 36
278 403 72
278 410 70
278 411 41
278 445 48
279 26 72
279 48 63
279 54 56
279 64 59
279 95 63
279 105 68
279 119 79
279 135 92
279 167 69
279 203 54
279 218 59
279 262 79
279 267 38
279 276 25
279 278 99
279 291 53
279 297 38
279 316 55
279 317 60
279 334 85
279 346 63
279 371 59
279 374 28
279 380 77
279 381 78
279 392 76
279 402 44
279 428 44
280 1 50
280 27 96
280 63 46
280 71 95
280 92 61
280 102 83
280 155 62
280 187 58
280 206 49
280 224 88
280 300 57
280 315 91
280 348 69
280 385 56
280 449 93
281 18 88
281 20 99
281 28 72
281 37 59
281 55 50
281 67 48
281 76 34
281 85 100
281 86 86
281 111 65
281 137 38
281 142 55
281 147 52
281 162 80
281 178 83
281 209 77
281 213 40
281 217 39
281 222 34
281 250 74
281 256 96
281 286 38
281 336 49
281 345 91
281 347 47
281 352 79
281 354 61
281 362 28
281 371 62
281 376 84
281 438 33
281 447 84
282 2 99
282 3 62
282 18 42
282 65 31
282 67 54
282 72 75
282 81 71
282 117 77
282 133 35
282 138 76
282 143 68
282 164 57
282 166 40
282 193 76
282 206 50
282 209 77
282 224 97
282 226 38
282 229 45
282 230 31
282 258 65
282 268 37
282 283 33
282 289 58
282 295 34
282 303 84
282 307 65
282 327 93
282 343 83
282 359 84
282 362 32
282 367 47
282 369 33
282 391 80
282 399 97
283 55 67
283 57 32
283 78 68
283 105 94
283 143 25
283 203 98
283 204 74
283 213 98
283 217 62
283 287 41
283 343 41
283 381 42
283 382 62
283 387 84
283 418 38
283 457 61
284 13 26
284 25 78
284 57 56
284 58 81
284 61 96
284 82 47
284 86 100
284 126 58
284 156 78
284 197 33
284 201 30
284 220 50
284 221 83
284 227 30
284 229 78
284 241 57
284 261 38
284 288 46
284 307 57
284 311 48
284 320 66
284 324 54
284 329 34
284 338 50
284 339 25
284 353 57
284 367 57
284 416 54
284 441 85
285 21 77
285 26 89
285 44 92
285 68 41
285 69 69
285 74 37
285 96 82
285 164 35
285 175 88
285 196 70
285 197 33
285 226 44
285 244 40
285 262 67
285 316 44
285 332 30
285 356 58
285 362 79
285 391 55
285 422 92
286 8 57
286 30 42
286 34 39
286 45 58
286 46 76
286 83 68
286 134 31
286 135 29
286 153 91
286 171 82
286 175 40
286 202 95
286 215 81
286 242 59
286 246 63
286 251 51
286 278 79
286 280 40
286 294 99
286 297 28
286 330 69
286 334 53
286 342 76
286 359 98
286 388 54
286 T 62
287 48 34
287 59 81
287 134 38
287 173 77
287 185 44
287 223 76
287 240 31
287 247 93
287 280 42
287 297 94
287 307 71
287 325 70
287 328 56
287 358 57
287 374 49
287 381 58
287 389 83
287 419 84
287 441 79
288 1 71
288 2 30
288 24 83
288 25 92
288 39 47
288 46 40
288 52 82
288 110 33
288 126 40
288 167 100
288 172 41
288 174 40
288 212 98
288 215 55
288 219 35
288 248 82
288 275 89
288 295 66
288 311 45
288 346 25
288 369 38
288 377 61
288 383 49
288 404 27
288 411 43
288 456 84
289 2 99
289 27 31
289 43 95
289 62 58
289 67 58
289 86 54
289 117 44
289 123 68
289 155 99
289 179 44
289 206 74
289 222 80
289 241 96
289 279 78
289 284 85
289 286 31
289 300 73
289 302 69
289 304 99
289 318 57
289 321 37
289 325 80
289 342 50
289 351 83
289 366 59
289 381 67
289 390 70
289 393 89
289 398 87
289 400 40
289 T 27
290 70 56
290 87 43
290 110 79
290 112 39
290 177 30
290 236 37
290 246 56
290 266 36
290 281 49
290 321 91
290 322 47
290 328 47
290 357 35
290 361 71
290 365 51
290 438 49
290 449 63
291 1 45
291 22 47
291 35 81
291 45 75
291 50 72
291 60 27
291 96 77
291 131 99
291 133 43
291 137 58
291 170 42
291 176 40
291 188 33
291 202 96
291 211 68
291 285 35
291 290 89
291 304 99
291 324 67
291 325 92
291 392 59
291 418 42
291 425 36
291 437 26
292 2 30
292 24 100
292 100 95
292 101 92
292 103 29
292 138 32
292 152 60
292 172 69
292 186 27
292 190 88
292 192 54
292 201 38
292 261 66
292 262 96
292 287 60
292 298 63
292 308 72
292 358 65
292 360 72
292 384 48
292 409 56
292 429 81
292 433 79
292 445 65
292 455 58
293 14 65
293 52 98
293 54 86
293 57 77
293 117 61
293 118 40
293 147 91
293 156 53
293 158 61
293 188 40
293 193 54
293 236 25
293 294 31
293 302 35
293 320 78
293 326 34
293 343 62
293 357 35
293 401 98
293 426 99
293 436 55
293 451 43
294 8 44
294 19 51
294 60 41
294 75 59
294 99 80
294 105 72
294 110 49
294 163 35
294 165 50
294 170 85
294 178 99
294 193 43
294 199 68
294 201 41
294 217 61
294 225 76
294 240 76
294 257 64
294 263 97
294 340 90
294 351 28
294 354 94
294 357 44
294 390 71
294 399 58
294 407 50
294 413 52
294 414 34
294 429 58
295 25 37
295 37 59
295 46 62
295 95 74
295 97 64
295 112 87
295 164 92
295 170 62
295 186 66
295 192 61
295 196 55
295 198 47
295 251 66
295 308 33
295 322 32
295 364 81
295 381 53
295 407 63
295 437 75
296 3 88
296 17 86
296 22 51
296 39 82
296 50 30
296 119 88
296 129 96
296 147 51
296 156 58
296 168 96
296 182 47
296 188 42
296 193 49
296 208 65
296 218 45
296 243 52
296 269 64
296 332 80
296 343 28
296 345 48
297 45 67
297 57 97
297 66 97
297 81 29
297 87 65
297 98 49
297 115 81
297 139 53
297 168 29
297 201 85
297 220 87
297 280 52
297 282 52
297 291 27
297 302 79
297 304 90
297 310 33
297 322 85
297 355 60
297 359 36
297 362 61
297 363 51
297 404 98
297 426 58
298 5 39
298 21 67
298 24 83
298 29 42
298 31 41
298 45 60
298 54 98
298 71 92
298 89 85
298 95 53
298 148 34
298 225 98
298 244 86
298 252 98
298 302 27
298 329 55
298 338 74
298 363 95
298 368 43
298 371 42
298 405 46
298 410 30
298 434 50
299 36 52
299 65 82
299 110 44
299 119 74
299 144 44
299 157 68
299 160 72
299 181 95
299 187 57
299 189 92
299 192 62
299 244 50
299 268 87
299 270 45
299 293 36
299 297 78
299 312 87
299 317 39
299 336 26
299 342 66
299 355 91
299 392 51
299 393 63
299 424 75
299 432 37
299 435 99
299 444 58
299 457 75
300 1 100
300 16 32
300 51 43
300 68 89
300 84 38
300 89 74
300 94 43
300 97 66
300 105 31
300 133 30
300 152 72
300 154 35
300 167 58
300 253 36
300 259 87
300 376 38
300 403 83
300 404 28
300 438 90
301 3 59
301 6 60
301 21 100
301 24 47
301 36 30
301 83 46
301 84 60
301 107 31
301 147 27
301 190 40
301 201 72
301 204 64
301 211 90
301 233 48
301 249 28
301 287 33
301 297 93
301 300 53
301 324 78
301 332 52
301 363 57
301 397 83
301 406 95
301 416 86
301 421 57
301 423 99
301 440 72
301 444 95
302 10 66
302 16 93
302 28 63
302 32 86
302 57 25
302 127 32
302 136 26
302 167 37
302 170 59
302 172 95
302 197 52
302 223 78
302 257 75
302 268 57
302 275 49
302 339 28
302 376 33
302 378 87
302 432 25
302 449 81
303 17 71
303 45 35
303 47 31
303 54 93
303 60 25
303 75 80
303 76 64
303 77 60
303 104 58
303 113 82
303 117 33
303 120 36
303 139 45
303 155 33
303 165 88
303 182 68
303 221 69
303 248 47
303 259 93
303 287 26
303 297 52
303 310 44
303 360 66
303 385 29
303 412 29
303 423 50
303 426 56
303 442 91
303 T 83
304 3 47
304 28 86
304 62 78
304 75 94
304 98 92
304 129 36
304 134 89
304 151 60
304 152 81
304 179 97
304 238 63
304 309 28
304 377 55
304 378 59
304 381 54
304 392 48
304 415 48
304 436 41
304 444 88
305 19 41
305 45 77
305 66 66
305 74 78
305 137 52
305 144 47
305 150 57
305 160 63
305 236 100
305 262 38
305 266 93
305 280 71
305 283 99
305 289 77
305 295 72
305 306 81
305 321 52
305 328 81
305 355 81
305 364 49
305 390 55
305 419 100
305 439 38
306 41 65
306 58 74
306 59 69
306 64 94
306 79 91
306 99 72
306 100 48
306 117 54
306 182 72
306 195 51
306 252 91
306 260 51
306 265 60
306 290 41
306 292 84
306 295 38
306 315 31
306 324 62
306 328 44
306 346 71
306 396 71
306 405 85
306 417 90
306 429 39
306 456 91
307 11 31
307 16 53
307 32 84
307 38 29
307 82 26
307 176 64
307 177 95
307 182 98
307 190 41
307 201 58
307 205 92
307 225 95
307 254 53
307 319 40
307 379 54
307 382 93
307 422 95
307 441 36
307 456 73
308 46 35
308 87 75
308 98 33
308 120 100
308 126 88
308 132 64
308 152 72
308 156 55
308 167 37
308 173 67
308 190 81
308 236 28
308 250 81
308 258 44
308 270 57
308 315 28
308 326 49
308 335 97
308 337 93
308 342 54
308 373 79
308 395 87
308 431 56
308 435 32
309 6 38
309 19 90
309 30 70
309 37 99
309 42 36
309 47 35
309 57 97
309 71 83
309 85 54
309 99 69
309 162 95
309 172 94
309 210 76
309 211 45
309 221 26
309 234 56
309 266 52
309 288 35
309 314 58
309 347 47
309 361 93
309 419 62
310 1 95
310 2 80
310 10 31
310 16 84
310 63 31
310 101 47
310 115 72
310 119 58
310 155 88
310 177 86
310 212 45
310 214 76
310 219 96
310 260 61
310 263 38
310 268 57
310 270 27
310 281 77
310 291 48
310 295 47
310 298 80
310 365 49
310 421 68
310 431 50
310 447 48
310 453 80
311 4 55
311 44 65
311 52 64
311 64 39
311 65 100
311 82 67
311 135 76
311 161 49
311 216 71
311 237 64
311 250 34
311 254 80
311 261 37
311 325 85
311 326 48
311 351 76
311 362 64
311 376 37
311 420 67
311 451 98
312 4 68
312 53 31
312 61 47
312 93 88
312 107 92
312 127 64
312 186 81
312 207 38
312 211 62
312 245 51
312 251 61
312 338 26
312 340 63
312 403 46
312 418 25
312 439 43
313 8 43
313 9 74
313 19 78
313 23 70
313 44 46
313 100 44
313 101 45
313 106 67
313 116 75
313 169 54
313 177 49
313 178 53
313 188 27
313 232 81
313 328 84
313 336 28
313 363 88
313 375 25
313 395 35
314 14 58
314 17 30
314 18 91
314 25 72
314 34 30
314 37 30
314 70 72
314 74 55
314 78 44
314 82 34
314 93 46
314 109 26
314 118 65
314 157 74
314 159 87
314 185 66
314 235 71
314 250 53
314 260 52
314 266 99
314 302 25
314 323 87
314 352 42
314 371 66
314 382 65
314 391 83
314 393 45
314 399 73
314 402 84
314 437 49
314 451 77
315 4 49
315 32 77
315 36 94
315 37 32
315 71 87
315 72 36
315 83 62
315 94 75
315 101 35
315 103 53
315 114 97
315 120 49
315 123 34
315 170 67
315 194 83
315 205 86
315 219 72
315 225 94
315 231 49
315 237 81
315 248 26
315 342 52
315 393 86
315 417 96
315 434 65
316 1 38
316 15 60
316 43 29
316 76 60
316 110 70
316 147 62
316 177 29
316 193 66
316 229 95
316 318 32
316 319 30
316 350 81
316 424 67
316 450 95
317 13 85
317 61 45
317 78 65
317 85 83
317 91 39
317 119 61
317 120 61
317 156 56
317 173 63
317 267 72
317 276 86
317 299 82
317 307 95
317 342 91
317 347 90
317 360 28
317 371 94
317 394 73
317 403 49
317 444 57
317 446 46
317 447 60
317 451 78
318 8 60
318 23 70
318 32 95
318 41 53
318 86 33
318 128 70
318 143 30
318 204 68
318 212 56
318 214 53
318 238 62
318 239 37
318 241 35
318 266 62
318 304 67
318 324 94
318 343 39
318 345 32
318 353 94
318 385 63
318 433 39
318 457 78
319 43 85
319 49 44
319 91 41
319 92 40
319 102 77
319 103 69
319 137 45
319 145 60
319 157 61
319 163 28
319 186 68
319 224 42
319 237 92
319 241 42
319 268 66
319 313 27
319 331 86
319 333 85
319 392 33
319 409 98
319 417 82
320 1 69
320 3 40
320 18 50
320 52 57
320 56 92
320 60 80
320 73 52
320 76 30
320 88 40
320 90 41
320 124 93
320 133 50
320 134 76
320 147 26
320 177 47
320 210 97
320 257 60
320 282 89
320 283 27
320 299 52
320 301 31
320 305 91
320 310 89
320 312 27
320 315 92
320 316 90
320 355 32
320 358 80
320 387 93
320 390 92
320 407 79
321 1 86
321 119 43
321 130 58
321 144 89
321 161 43
321 219 37
321 234 95
321 244 43
321 255 66
321 262 81
321 282 59
321 316 76
321 369 42
321 396 47
321 449 70
321 454 26
322 3 30
322 52 34
322 63 47
322 64 85
322 69 85
322 81 43
322 94 56
322 111 44
322 142 39
322 154 89
322 160 52
322 182 78
322 184 55
322 214 90
322 231 33
322 269 94
322 284 78
322 331 26
322 334 50
322 355 33
322 400 80
322 424 72
322 429 99
322 453 26
322 454 33
323 13 90
323 54 77
323 111 60
323 122 62
323 123 60
323 166 54
323 170 87
323 183 62
323 211 45
323 247 54
323 249 64
323 289 57
323 304 45
323 318 93
323 342 44
323 358 65
323 413 71
323 414 27
324 9 66
324 26 54
324 48 26
324 86 89
324 129 90
324 134 99
324 149 61
324 151 81
324 168 71
324 169 92
324 170 58
324 188 32
324 196 48
324 200 94
324 270 95
324 273 94
324 316 80
324 320 99
324 331 91
324 342 75
324 358 31
324 381 85
324 383 46
324 417 80
324 451 29
325 25 60
325 26 91
325 40 38
325 88 77
325 98 57
325 106 66
325 111 93
325 163 40
325 177 83
325 181 70
325 190 75
325 191 46
325 196 33
325 202 27
325 205 33
325 302 83
325 328 44
325 369 44
325 374 43
325 391 96
325 392 66
325 428 65
325 443 42
325 452 80
325 457 59
326 25 51
326 28 75
326 54 100
326 141 49
326 143 53
326 191 57
326 216 27
326 237 36
326 241 38
326 251 77
326 279 62
326 284 44
326 318 37
326 321 84
326 328 36
326 363 98
326 437 100
326 443 74
326 449 75
327 11 92
327 44 73
327 61 44
327 69 66
327 90 61
327 91 85
327 92 78
327 114 55
327 146 93
327 154 55
327 168 94
327 186 90
327 195 53
327 200 33
327 209 72
327 217 66
327 254 52
327 284 29
327 287 35
327 292 72
327 301 93
327 308 39
327 311 73
327 350 91
327 351 76
327 380 64
327 390 38
327 396 70
327 418 94
328 3 100
328 9 85
328 79 53
328 89 77
328 98 77
328 133 34
328 135 99
328 154 85
328 171 25
328 204 46
328 209 66
328 228 64
328 240 57
328 244 59
328 246 64
328 251 25
328 252 40
328 288 64
328 291 86
328 303 29
328 305 54
328 331 57
328 368 83
328 414 65
328 427 32
328 434 78
328 442 54
328 457 67
329 13 76
329 29 34
329 30 28
329 57 100
329 102 72
329 106 25
329 110 36
329 172 62
329 185 66
329 191 65
329 205 87
329 221 84
329 262 42
329 280 61
329 282 89
329 344 74
329 347 61
329 363 77
329 370 55
329 396 29
329 410 79
329 443 92
330 13 51
330 38 81
330 56 50
330 80 87
330 94 90
330 122 92
330 126 98
330 131 68
330 140 58
330 164 95
330 231 48
330 234 29
330 237 91
330 289 27
330 296 44
330 314 51
330 322 90
330 323 81
330 370 56
330 393 56
331 6 46
331 21 76
331 57 76
331 80 63
331 94 78
331 99 72
331 114 48
331 118 63
331 121 77
331 176 92
331 207 89
331 269 73
331 270 92
331 334 73
331 335 51
331 344 45
331 346 100
331 360 43
331 389 52
331 392 51
331 446 88
331 447 91
332 13 46
332 23 42
332 53 48
332 81 64
332 95 89
332 121 45
332 165 85
332 190 89
332 195 48
332 207 89
332 249 26
332 265 75
332 290 66
332 296 80
332 298 74
332 303 37
332 309 88
332 325 38
332 399 47
332 414 29
332 426 83
332 433 64
332 438 82
333 53 57
333 74 28
333 79 78
333 100 39
333 146 29
333 202 28
333 205 44
333 215 42
333 233 29
333 245 41
333 262 70
333 266 45
333 269 73
333 279 92
333 313 53
333 318 45
333 348 98
333 373 83
333 374 80
333 379 46
333 402 97
333 411 56
333 415 60
334 21 92
334 25 92
334 30 39
334 57 98
334 72 67
334 87 41
334 91 40
334 95 51
334 104 64
334 120 88
334 131 31
334 168 57
334 171 46
334 179 82
334 192 80
334 193 75
334 235 76
334 239 47
334 248 89
334 249 77
334 270 39
334 271 94
334 277 26
334 285 27
334 309 89
334 341 42
334 342 71
334 345 35
334 385 67
334 427 34
335 3 91
335 17 88
335 21 96
335 48 46
335 49 80
335 54 90
335 63 41
335 91 87
335 93 68
335 149 93
335 205 37
335 215 73
335 226 81
335 229 34
335 231 78
335 245 28
335 252 50
335 289 31
335 303 100
335 321 35
335 326 53
335 334 27
335 339 55
335 340 68
335 430 47
335 433 64
335 452 51
336 24 49
336 30 59
336 53 80
336 61 68
336 74 80
336 80 94
336 104 30
336 177 80
336 179 32
336 251 35
336 267 25
336 304 68
336 319 40
336 385 87
336 421 100
336 433 26
336 437 79
336 447 99
336 449 43
336 450 94
336 455 94
337 13 29
337 14 54
337 43 81
337 116 29
337 117 91
337 128 32
337 134 84
337 146 47
337 166 43
337 187 53
337 205 36
337 207 31
337 209 36
337 250 93
337 258 63
337 259 35
337 350 62
337 354 82
337 358 94
337 380 31
337 387 49
337 414 72
337 421 99
337 424 51
337 447 45
338 15 91
338 26 98
338 46 76
338 50 83
338 62 43
338 64 92
338 72 80
338 101 39
338 102 51
338 103 42
338 115 48
338 124 91
338 127 82
338 128 38
338 166 73
338 200 41
338 252 29
338 260 63
338 329 29
338 341 89
338 344 68
338 347 78
338 361 54
338 366 77
338 380 26
338 386 43
338 388 49
338 389 57
338 431 90
338 452 29
339 38 93
339 45 62
339 58 67
339 84 87
339 99 84
339 126 100
339 150 93
339 162 65
339 178 84
339 216 41
339 221 98
339 225 29
339 321 56
339 332 86
339 363 65
339 396 61
339 428 94
339 453 52
340 61 96
340 75 84
340 80 69
340 96 34
340 113 25
340 116 60
340 140 43
340 146 66
340 167 99
340 179 90
340 208 61
340 209 29
340 217 43
340 250 73
340 264 63
340 272 39
340 294 66
340 317 95
340 330 64
340 377 93
340 382 56
340 393 65
340 430 57
341 8 49
341 33 95
341 54 48
341 69 84
341 77 55
341 128 76
341 139 100
341 157 58
341 207 75
341 229 40
341 230 90
341 288 65
341 343 68
341 384 61
341 398 43
341 399 37
341 403 50
341 412 52
341 441 90
342 14 35
342 16 40
342 23 30
342 41 32
342 61 83
342 86 34
342 109 66
342 136 99
342 142 44
342 166 93
342 175 91
342 182 60
342 190 50
342 202 89
342 214 80
342 215 98
342 222 90
342 273 97
342 292 31
342 315 45
342 389 31
342 397 82
342 412 31
342 418 66
342 435 78
342 T 43
343 2 33
343 5 62
343 10 73
343 20 88
343 33 36
343 50 98
343 60 74
343 79 60
343 86 94
343 93 76
343 94 64
343 102 81
343 120 36
343 149 91
343 166 37
343 225 94
343 243 44
343 249 62
343 284 70
343 286 61
343 297 90
343 334 66
343 358 57
343 363 94
343 367 57
343 374 74
343 382 56
343 419 30
344 15 79
344 32 39
344 66 55
344 112 69
344 120 95
344 122 68
344 123 68
344 151 60
344 162 82
344 201 76
344 293 64
344 302 34
344 305 41
344 319 62
344 397 76
344 421 25
345 2 96
345 8 63
345 21 68
345 32 66
345 39 28
345 44 88
345 57 93
345 119 62
345 134 50
345 142 32
345 148 27
345 159 59
345 174 78
345 176 43
345 196 68
345 208 83
345 224 53
345 247 76
345 249 87
345 254 27
345 266 35
345 267 68
345 278 76
345 303 72
345 351 78
345 367 64
345 378 25
345 404 79
345 422 80
345 430 47
345 442 33
345 455 40
346 2 44
346 8 89
346 28 91
346 30 88
346 66 60
346 69 93
346 97 72
346 139 29
346 147 88
346 155 54
346 160 87
346 199 62
346 206 99
346 247 85
346 250 76
346 260 51
346 282 26
346 284 100
346 321 43
346 340 90
346 349 33
346 359 31
346 378 54
346 400 64
346 436 31
346 437 91
346 442 82
346 444 85
347 12 80
347 102 95
347 118 89
347 156 56
347 190 28
347 208 50
347 225 43
347 229 50
347 260 96
347 261 94
347 274 94
347 290 26
347 358 52
347 366 79
347 430 54
347 431 33
347 433 89
348 27 46
348 32 41
348 55 56
348 65 28
348 131 39
348 190 60
348 191 76
348 193 70
348 231 48
348 261 39
348 265 67
348 313 37
348 340 91
348 448 36
348 T 53
349 8 60
349 18 76
349 39 59
349 48 94
349 63 34
349 118 29
349 158 58
349 170 56
349 228 43
349 269 80
349 277 62
349 352 40
349 353 77
349 383 84
349 426 31
349 438 38
350 4 51
350 15 51
350 26 88
350 45 91
350 69 82
350 73 26
350 103 38
350 109 58
350 113 66
350 117 62
350 159 67
350 167 57
350 172 44
350 175 51
350 205 55
350 238 100
350 249 56
350 255 51
350 256 25
350 258 34
350 270 57
350 277 46
350 299 95
350 316 64
350 326 43
350 327 28
350 336 94
350 341 33
350 348 31
350 365 41
350 380 93
350 399 34
350 403 37
350 420 54
350 427 91
350 430 28
350 444 35
351 11 29
351 22 44
351 30 59
351 32 44
351 62 28
351 70 44
351 94 48
351 107 65
351 112 69
351 116 41
351 130 96
351 167 64
351 179 52
351 197 53
351 204 84
351 239 55
351 252 57
351 254 90
351 265 54
351 269 83
351 318 97
351 373 93
351 387 49
351 396 85
351 430 68
351 431 80
352 31 73
352 39 41
352 52 56
352 78 85
352 173 76
352 201 44
352 206 83
352 242 79
352 259 58
352 324 98
352 344 89
352 366 71
352 373 55
352 378 76
352 389 84
352 425 38
352 450 49
352 T 46
353 45 25
353 58 74
353 60 95
353 74 98
353 104 59
353 120 62
353 124 47
353 125 72
353 164 55
353 178 31
353 196 30
353 199 38
353 201 62
353 203 57
353 254 81
353 282 68
353 296 60
353 310 32
353 322 67
353 381 81
353 392 56
353 406 85
353 413 59
353 415 59
353 434 99
353 451 80
353 452 28
353 453 38
354 5 83
354 8 77
354 41 73
354 60 88
354 66 30
354 91 93
354 127 48
354 147 85
354 219 94
354 222 26
354 322 25
354 329 82
354 330 44
354 341 29
354 363 90
354 365 33
354 430 40
354 453 87
355 50 48
355 74 53
355 101 53
355 115 37
355 117 74
355 132 95
355 146 55
355 198 85
355 226 90
355 231 69
355 241 53
355 248 80
355 297 93
355 350 30
355 375 42
355 376 62
356 8 25
356 23 42
356 38 86
356 42 51
356 99 99
356 138 81
356 152 28
356 160 33
356 206 80
356 207 58
356 226 67
356 233 67
356 254 74
356 271 50
356 349 87
356 355 86
356 358 51
356 418 99
356 430 62
356 448 86
357 24 65
357 42 89
357 43 55
357 63 48
357 85 77
357 101 71
357 103 90
357 117 49
357 119 54
357 126 48
357 202 67
357 245 64
357 293 43
357 294 64
357 364 59
357 375 40
357 410 59
357 T 72
358 12 65
358 28 68
358 30 46
358 34 87
358 37 99
358 39 47
358 53 28
358 55 85
358 73 84
358 85 64
358 162 92
358 247 72
358 307 30
358 362 82
358 363 83
358 382 75
358 384 87
358 401 36
358 430 77
358 449 31
358 450 69
359 6 91
359 8 98
359 61 84
359 67 37
359 85 100
359 92 63
359 97 79
359 122 38
359 127 29
359 165 83
359 232 92
359 265 96
359 292 84
359 327 90
359 331 39
359 374 37
359 391 64
359 404 99
359 435 49
360 6 51
360 33 47
360 64 83
360 68 68
360 84 56
360 100 100
360 120 52
360 124 42
360 137 45
360 180 90
360 186 98
360 208 74
360 223 55
360 248 62
360 255 93
360 293 74
360 368 37
360 408 97
360 453 63
360 455 72
361 12 60
361 19 64
361 45 31
361 114 51
361 171 62
361 179 55
361 231 49
361 329 68
361 382 50
361 383 64
361 420 95
362 32 45
362 105 94
362 125 73
362 132 79
362 136 89
362 137 42
362 165 59
362 166 44
362 183 87
362 250 28
362 254 38
362 265 79
362 331 62
362 341 85
362 379 76
362 404 74
362 446 33
363 4 96
363 15 68
363 46 68
363 74 79
363 96 27
363 97 37
363 106 88
363 123 61
363 156 25
363 167 38
363 190 47
363 216 41
363 225 95
363 264 85
363 266 60
363 275 76
363 291 84
363 325 100
363 334 96
363 344 47
363 374 66
363 413 83
364 25 57
364 28 44
364 47 26
364 84 86
364 86 64
364 110 81
364 134 49
364 135 61
364 136 76
364 170 57
364 180 51
364 217 42
364 232 56
364 251 98
364 260 71
364 267 60
364 304 32
364 310 54
364 326 73
364 372 53
364 374 69
364 379 66
364 430 48
364 452 40
364 457 96
365 3 51
365 25 58
365 42 99
365 52 28
365 87 59
365 94 91
365 113 70
365 114 82
365 127 43
365 132 52
365 137 38
365 149 93
365 160 61
365 164 83
365 174 51
365 175 38
365 193 68
365 235 67
365 251 66
365 256 100
365 273 56
365 284 52
365 291 31
365 301 61
365 311 44
365 318 52
365 321 82
365 338 82
365 346 98
365 353 94
365 379 86
365 388 29
365 450 34
366 52 34
366 113 43
366 131 36
366 132 43
366 155 27
366 176 93
366 181 65
366 182 50
366 185 62
366 213 39
366 245 50
366 278 94
366 299 33
366 314 62
366 316 35
366 324 99
366 340 58
366 367 89
366 381 79
366 420 37
366 425 76
366 435 53
366 442 87
367 5 40
367 39 61
367 93 97
367 99 73
367 110 30
367 129 67
367 152 71
367 153 27
367 170 66
367 207 88
367 236 39
367 265 61
367 305 35
367 339 66
367 364 59
367 372 76
367 382 97
367 423 70
368 51 54
368 59 56
368 60 76
368 79 72
368 91 51
368 140 30
368 154 98
368 155 31
368 196 94
368 233 32
368 242 38
368 250 75
368 351 56
368 376 91
368 384 28
368 390 44
368 394 83
368 405 65
368 430 80
368 445 94
368 456 65
369 13 34
369 25 64
369 35 31
369 36 79
369 57 97
369 103 60
369 115 37
369 143 60
369 145 49
369 158 86
369 160 62
369 161 28
369 167 41
369 249 42
369 254 46
369 310 52
369 368 63
369 371 39
369 373 66
369 383 29
369 417 72
369 422 45
369 429 93
370 26 57
370 28 99
370 43 40
370 87 45
370 94 65
370 125 96
370 161 79
370 166 26
370 169 73
370 183 74
370 188 48
370 209 59
370 212 63
370 221 30
370 224 62
370 247 94
370 311 78
370 312 100
370 324 29
370 340 79
370 368 94
370 382 35
370 388 29
370 405 74
370 411 56
370 430 47
370 438 88
371 36 32
371 39 97
371 48 86
371 56 86
371 58 62
371 63 51
371 72 27
371 144 29
371 159 38
371 188 34
371 209 52
371 218 42
371 238 78
371 249 66
371 282 69
371 331 37
371 341 65
371 360 52
371 363 95
371 364 63
371 366 45
371 389 68
371 424 52
371 447 58
371 T 69
372 7 47
372 19 51
372 29 63
372 34 31
372 46 56
372 47 85
372 48 40
372 63 47
372 147 49
372 148 48
372 156 47
372 218 88
372 243 76
372 254 42
372 276 82
372 283 29
372 286 55
372 310 30
372 337 71
372 344 32
372 349 36
372 404 31
372 450 43
373 3 93
373 11 87
373 23 33
373 27 32
373 30 64
373 55 83
373 57 76
373 87 27
373 107 59
373 112 76
373 122 57
373 143 68
373 161 80
373 165 53
373 207 33
373 225 84
373 269 59
373 279 84
373 302 94
373 347 29
373 374 34
373 382 70
373 391 31
373 396 25
373 399 35
373 405 56
373 438 42
373 446 42
373 451 43
374 60 70
374 103 40
374 157 70
374 174 61
374 239 52
374 271 85
374 278 71
374 309 25
374 340 35
374 353 52
374 356 53
374 375 27
374 415 65
374 438 49
374 443 77
374 444 88
374 450 41
374 T 62
375 10 47
375 31 32
375 34 82
375 38 50
375 40 92
375 78 33
375 106 68
375 113 26
375 114 86
375 120 37
375 171 43
375 187 81
375 196 86
375 197 49
375 201 98
375 222 32
375 230 70
375 243 64
375 252 42
375 299 48
375 341 97
375 352 95
375 383 45
375 434 87
375 437 49
375 452 85
376 1 81
376 10 58
376 16 80
376 38 75
376 41 83
376 64 35
376 91 45
376 111 59
376 117 83
376 192 91
376 200 54
376 210 54
376 211 75
376 213 100
376 242 46
376 265 86
376 294 48
376 326 92
376 329 92
376 334 38
376 354 94
376 364 48
376 388 61
376 404 68
376 444 53
376 451 31
376 457 73
377 13 43
377 24 27
377 32 62
377 42 34
377 57 57
377 66 78
377 74 50
377 127 79
377 129 61
377 151 90
377 210 68
377 262 55
377 271 58
377 419 45
377 425 59
377 426 69
378 1 69
378 27 41
378 53 58
378 69 79
378 91 46
378 109 70
378 111 72
378 117 65
378 129 50
378 132 99
378 181 98
378 190 80
378 216 87
378 237 97
378 246 92
378 253 89
378 263 87
378 268 30
378 312 60
378 420 40
378 427 66
378 435 69
378 442 88
378 445 95
378 446 91
379 4 86
379 19 86
379 45 80
379 106 86
379 118 100
379 169 52
379 174 40
379 210 94
379 224 92
379 228 40
379 229 50
379 257 37
379 300 73
379 317 78
379 344 97
379 376 71
379 378 32
379 392 67
379 394 99
379 409 70
380 9 53
380 17 43
380 26 61
380 57 83
380 66 64
380 69 51
380 77 68
380 80 85
380 102 60
380 121 88
380 211 31
380 213 29
380 216 86
380 261 95
380 263 55
380 272 81
380 281 80
380 290 76
380 324 60
380 325 99
380 336 91
380 346 44
380 370 39
380 382 25
380 383 51
380 399 68
380 404 81
380 418 75
380 419 85
380 425 49
380 453 77
381 13 54
381 20 36
381 101 78
381 112 40
381 121 94
381 122 88
381 124 51
381 159 89
381 207 66
381 219 81
381 270 73
381 287 41
381 295 55
381 306 76
381 368 68
381 372 66
381 378 68
381 404 29
381 415 82
381 427 48
381 451 36
381 455 60
382 5 55
382 28 58
382 50 89
382 55 39
382 93 81
382 115 87
382 135 73
382 139 79
382 167 74
382 174 33
382 198 27
382 223 53
382 235 100
382 264 44
382 271 69
382 298 46
382 300 44
382 404 73
382 416 34
383 34 71
383 38 39
383 40 83
383 78 42
383 94 65
383 100 67
383 127 25
383 174 73
383 175 41
383 208 98
383 214 30
383 222 100
383 234 79
383 251 79
383 266 53
383 279 43
383 293 91
383 294 84
383 296 87
383 321 97
383 322 33
383 361 93
383 369 83
383 376 97
383 378 34
383 427 30
383 452 44
384 30 81
384 49 34
384 56 55
384 63 98
384 83 27
384 84 99
384 104 75
384 107 69
384 128 56
384 131 98
384 144 44
384 153 50
384 156 64
384 263 33
384 288 62
384 302 99
384 319 29
384 335 55
384 344 30
384 365 54
384 385 68
384 429 47
384 456 86
384 T 46
385 2 55
385 27 92
385 30 62
385 46 43
385 55 46
385 67 48
385 87 43
385 106 89
385 125 86
385 176 93
385 179 35
385 186 44
385 193 95
385 205 53
385 215 43
385 249 76
385 257 56
385 276 55
385 300 100
385 353 28
385 383 46
385 400 42
385 402 84
385 414 57
386 7 43
386 15 28
386 22 73
386 34 90
386 41 91
386 44 67
386 118 49
386 127 57
386 140 78
386 160 69
386 172 74
386 179 92
386 218 44
386 228 66
386 258 48
386 274 92
386 280 40
386 281 78
386 294 57
386 296 84
386 322 54
386 329 64
386 331 42
386 343 85
386 344 68
386 398 51
386 421 60
386 444 36
386 456 64
387 7 82
387 31 36
387 37 33
387 51 48
387 71 88
387 95 67
387 124 43
387 136 31
387 182 40
387 190 42
387 224 30
387 288 33
387 289 57
387 304 92
387 339 35
387 346 44
387 365 94
387 378 65
387 384 68
387 389 66
387 390 37
387 442 90
388 29 73
388 65 62
388 69 35
388 72 63
388 101 64
388 103 60
388 108 70
388 112 67
388 120 61
388 127 37
388 161 30
388 184 94
388 195 61
388 205 82
388 219 54
388 246 77
388 247 100
388 248 68
388 289 76
388 316 82
388 350 56
388 352 41
388 366 73
388 371 74
388 373 80
388 376 64
388 386 83
388 401 79
388 411 26
389 3 60
389 13 56
389 14 30
389 28 88
389 67 39
389 72 61
389 82 32
389 90 44
389 98 94
389 115 73
389 127 100
389 147 93
389 151 71
389 199 36
389 207 29
389 248 96
389 252 29
389 326 91
389 338 49
389 340 55
389 356 99
389 378 55
389 438 31
389 457 87
390 31 87
390 34 93
390 36 38
390 40 31
390 87 26
390 96 89
390 113 25
390 132 61
390 138 33
390 188 46
390 206 99
390 263 30
390 265 98
390 286 94
390 308 35
390 309 52
390 322 75
390 326 51
390 335 65
390 345 39
390 380 28
390 387 83
390 449 48
390 T 34
391 4 93
391 32 70
391 73 78
391 98 74
391 128 29
391 150 45
391 172 52
391 189 32
391 256 74
391 258 76
391 289 94
391 293 76
391 334 63
391 344 27
391 345 75
391 403 95
391 433 67
392 6 49
392 14 58
392 50 33
392 63 52
392 64 79
392 80 49
392 115 29
392 119 99
392 136 63
392 155 73
392 249 71
392 258 87
392 262 52
392 284 62
392 291 94
392 300 83
392 306 60
392 346 81
392 349 64
392 387 42
392 394 73
392 408 79
392 419 55
392 440 30
393 5 96
393 9 97
393 14 67
393 34 37
393 75 90
393 96 25
393 139 83
393 168 80
393 182 28
393 189 86
393 198 57
393 207 41
393 218 59
393 259 48
393 281 81
393 309 96
393 318 99
393 346 96
393 370 53
393 380 97
393 382 44
393 425 33
393 455 42
394 22 85
394 28 38
394 46 79
394 82 92
394 124 62
394 125 50
394 183 42
394 191 59
394 203 66
394 255 43
394 295 100
394 322 34
394 364 51
394 365 36
394 370 81
394 408 46
394 422 52
394 425 70
395 16 55
395 22 30
395 28 54
395 43 63
395 44 98
395 65 39
395 73 86
395 130 54
395 131 70
395 144 85
395 149 58
395 156 25
395 194 56
395 205 66
395 221 38
395 251 60
395 260 65
395 267 92
395 270 92
395 290 59
395 301 28
395 365 75
395 381 62
395 388 31
395 390 99
395 393 33
395 396 42
396 9 90
396 25 70
396 43 33
396 55 42
396 89 62
396 92 72
396 111 38
396 124 93
396 143 62
396 155 41
396 172 50
396 225 75
396 251 50
396 369 59
396 372 99
397 25 78
397 44 39
397 46 43
397 47 46
397 65 80
397 66 40
397 75 72
397 126 47
397 145 72
397 239 87
397 288 39
397 292 88
397 365 91
397 374 25
397 383 37
397 389 97
397 421 47
397 438 70
398 47 89
398 70 76
398 91 82
398 138 80
398 174 41
398 183 88
398 208 76
398 248 58
398 282 27
398 308 59
398 312 50
398 329 99
398 331 98
398 341 74
398 345 44
398 366 89
398 394 34
399 7 99
399 45 45
399 105 54
399 119 61
399 145 32
399 150 99
399 154 96
399 164 80
399 193 60
399 234 60
399 269 64
399 275 52
399 347 100
399 370 65
399 377 46
399 439 78
399 448 61
399 452 34
400 12 99
400 23 58
400 54 88
400 65 58
400 226 88
400 228 58
400 253 39
400 258 83
400 307 59
400 312 62
400 374 91
400 375 56
400 404 31
400 415 86
400 430 39
400 445 75
400 455 37
401 40 98
401 47 68
401 69 28
401 77 32
401 121 53
401 133 76
401 175 88
401 190 33
401 206 98
401 224 45
401 236 60
401 302 86
401 364 25
401 366 88
401 370 49
401 378 54
401 423 82
401 438 62
402 7 49
402 19 76
402 36 89
402 78 39
402 82 25
402 99 31
402 191 80
402 209 29
402 226 63
402 244 49
402 263 86
402 264 76
402 265 40
402 269 67
402 272 37
402 284 61
402 304 35
402 312 48
402 340 43
402 356 45
402 397 67
402 410 97
402 414 35
402 425 47
402 442 46
402 446 45
402 450 49
403 23 89
403 77 66
403 91 60
403 133 62
403 163 67
403 168 69
403 184 73
403 196 28
403 232 82
403 248 54
403 259 66
403 261 33
403 287 79
403 303 52
403 307 87
403 322 79
403 343 79
403 363 76
403 377 72
403 380 76
403 391 71
403 392 75
403 399 68
403 427 58
404 54 47
404 76 37
404 87 82
404 94 29
404 113 89
404 119 49
404 134 56
404 135 71
404 137 49
404 155 32
404 185 29
404 193 36
404 251 83
404 274 64
404 299 74
404 306 42
404 329 100
404 343 42
404 360 61
404 361 98
404 396 63
404 397 73
404 398 29
404 411 66
404 447 63
405 57 27
405 176 32
405 184 42
405 214 29
405 220 64
405 245 33
405 266 59
405 272 66
405 304 27
405 331 52
405 364 54
405 446 43
405 451 68
405 452 45
405 454 61
406 7 29
406 20 41
406 35 33
406 86 98
406 115 41
406 131 55
406 161 63
406 164 99
406 182 62
406 187 92
406 188 55
406 198 87
406 202 39
406 233 61
406 250 73
406 306 71
406 364 41
406 387 68
406 389 79
406 390 76
406 393 48
406 419 79
406 449 45
407 45 30
407 50 60
407 54 91
407 76 68
407 83 71
407 113 33
407 114 65
407 118 80
407 149 57
407 153 94
407 164 57
407 165 80
407 175 50
407 213 98
407 252 77
407 344 99
407 350 73
407 365 91
407 403 98
407 426 90
407 441 60
407 444 100
408 21 93
408 52 62
408 91 72
408 122 25
408 144 67
408 151 62
408 152 93
408 209 78
408 212 95
408 236 29
408 237 93
408 243 53
408 289 79
408 334 40
408 357 25
408 382 91
408 392 63
408 400 49
408 405 78
408 407 92
408 410 97
408 437 90
409 5 39
409 7 78
409 30 26
409 40 34
409 61 63
409 67 59
409 71 68
409 78 34
409 95 49
409 107 86
409 118 42
409 142 89
409 175 58
409 191 98
409 205 56
409 293 75
409 355 88
409 396 68
409 451 80
410 17 53
410 24 63
410 79 87
410 103 50
410 109 95
410 113 79
410 159 50
410 162 26
410 164 90
410 175 51
410 189 52
410 211 35
410 220 86
410 222 52
410 264 25
410 266 93
410 290 42
410 307 65
410 338 85
410 368 34
410 386 85
410 387 73
410 400 42
410 413 57
410 436 59
410 453 26
411 65 99
411 71 67
411 107 52
411 110 37
411 140 100
411 152 30
411 165 54
411 196 32
411 212 71
411 223 75
411 279 62
411 287 88
411 304 80
411 308 28
411 321 45
411 327 83
411 331 71
411 359 61
411 374 54
411 385 45
411 455 58
412 25 50
412 30 80
412 49 46
412 52 100
412 115 99
412 124 87
412 138 64
412 148 75
412 154 31
412 168 52
412 183 31
412 185 39
412 244 41
412 248 35
412 253 94
412 277 71
412 295 26
412 311 40
412 312 53
412 323 45
412 346 45
412 347 29
412 390 36
412 393 60
412 408 86
412 417 69
413 5 93
413 18 89
413 27 31
413 71 93
413 79 65
413 80 47
413 90 53
413 92 46
413 94 35
413 96 39
413 100 37
413 113 33
413 138 33
413 169 69
413 200 29
413 218 55
413 222 100
413 225 57
413 233 59
413 256 92
413 258 40
413 288 87
413 332 65
413 368 86
413 404 98
413 412 41
413 417 36
413 440 72
413 447 96
414 14 81
414 16 51
414 68 25
414 80 61
414 86 88
414 122 79
414 134 47
414 139 83
414 166 28
414 167 76
414 213 44
414 218 65
414 222 41
414 246 36
414 256 87
414 264 36
414 283 39
414 343 68
414 347 69
414 351 100
414 354 62
414 373 53
414 436 96
414 453 53
415 25 70
415 33 41
415 71 85
415 80 46
415 91 98
415 150 61
415 200 56
415 223 36
415 227 25
415 287 25
415 360 52
415 419 72
415 448 44
416 16 79
416 24 28
416 61 95
416 62 100
416 64 100
416 72 84
416 77 72
416 93 64
416 106 32
416 125 74
416 132 89
416 133 43
416 137 86
416 173 49
416 176 55
416 185 72
416 190 98
416 191 53
416 224 84
416 235 74
416 277 81
416 283 90
416 309 41
416 322 60
416 324 36
416 326 57
416 334 50
416 355 35
416 364 39
416 388 99
416 409 72
417 8 55
417 9 57
417 33 98
417 35 72
417 39 91
417 43 52
417 44 32
417 67 82
417 84 79
417 89 91
417 105 92
417 146 31
417 160 99
417 175 97
417 195 37
417 237 34
417 238 84
417 240 77
417 242 34
417 264 90
417 269 30
417 320 28
417 352 34
417 368 33
417 410 83
417 413 88
417 419 26
417 439 78
417 447 54
417 455 79
418 4 40
418 37 55
418 59 38
418 89 43
418 90 98
418 110 58
418 175 82
418 183 98
418 192 45
418 199 100
418 212 61
418 261 81
418 270 83
418 275 32
418 317 32
418 387 78
418 399 60
418 404 85
419 11 48
419 55 39
419 93 41
419 96 70
419 105 94
419 148 49
419 167 72
419 185 93
419 196 92
419 240 59
419 316 90
419 321 37
419 330 69
419 390 61
419 401 90
419 405 85
419 426 39
419 436 45
419 446 30
420 24 57
420 34 70
420 74 29
420 83 45
420 89 95
420 128 80
420 130 98
420 206 52
420 211 63
420 262 95
420 276 72
420 298 37
420 365 33
420 378 32
420 389 58
420 400 74
420 414 47
420 423 89
421 26 62
421 28 79
421 45 82
421 97 45
421 103 93
421 117 99
421 122 78
421 128 77
421 138 90
421 155 91
421 159 85
421 177 42
421 179 91
421 181 67
421 199 81
421 210 63
421 213 72
421 217 40
421 218 74
421 230 25
421 237 59
421 266 99
421 275 62
421 327 81
421 365 96
421 384 51
421 392 99
421 411 92
421 423 55
421 433 55
421 447 53
422 17 55
422 23 34
422 43 35
422 45 50
422 46 27
422 63 100
422 64 86
422 72 35
422 98 76
422 99 27
422 104 89
422 146 28
422 168 79
422 181 76
422 188 78
422 200 36
422 205 32
422 232 34
422 236 46
422 261 99
422 284 94
422 297 92
422 321 60
422 350 33
422 353 61
422 358 78
422 365 67
422 377 40
422 398 75
422 401 28
422 414 92
422 421 86
422 433 91
423 3 85
423 15 43
423 34 25
423 37 48
423 40 56
423 41 94
423 54 48
423 63 57
423 77 94
423 78 87
423 96 45
423 120 73
423 121 50
423 145 94
423 176 97
423 178 88
423 189 60
423 194 45
423 204 76
423 264 85
423 295 25
423 302 67
423 309 36
423 329 68
423 336 65
423 338 92
423 340 90
423 353 36
423 359 39
423 365 35
423 389 79
423 393 81
423 427 25
423 442 89
423 452 59
424 50 53
424 63 58
424 73 49
424 105 48
424 120 81
424 136 94
424 155 88
424 157 49
424 201 29
424 215 95
424 264 46
424 291 59
424 310 92
424 322 70
424 334 36
424 366 57
424 369 49
424 384 56
424 388 73
424 415 25
424 426 82
424 431 48
424 451 60
425 7 41
425 23 77
425 27 95
425 47 43
425 49 30
425 60 69
425 108 36
425 111 62
425 112 92
425 133 68
425 139 42
425 148 100
425 149 42
425 180 100
425 221 55
425 225 80
425 230 88
425 262 46
425 287 50
425 290 92
425 295 96
425 303 29
425 337 27
425 356 55
425 373 99
425 408 68
426 10 93
426 25 68
426 28 96
426 34 92
426 40 75
426 65 89
426 76 25
426 166 56
426 204 40
426 215 70
426 216 47
426 224 90
426 238 29
426 262 32
426 286 28
426 288 96
426 289 37
426 291 64
426 309 36
426 343 95
426 378 63
426 397 79
426 400 77
426 412 41
426 414 46
426 428 39
427 13 31
427 42 55
427 45 25
427 50 32
427 53 85
427 67 63
427 99 78
427 111 27
427 156 72
427 171 39
427 204 84
427 234 35
427 241 95
427 294 66
427 295 100
427 307 76
427 317 82
427 357 51
427 365 69
427 375 59
427 417 71
427 418 30
427 424 91
427 445 53
428 42 29
428 88 84
428 118 73
428 133 46
428 149 98
428 163 37
428 217 89
428 218 38
428 241 45
428 286 88
428 291 49
428 299 55
428 302 88
428 353 60
428 377 49
428 432 98
428 437 92
428 452 43
429 4 36
429 25 37
429 76 98
429 105 49
429 119 52
429 124 32
429 135 46
429 147 54
429 161 55
429 181 29
429 237 36
429 239 88
429 273 86
429 276 98
429 299 59
429 304 35
429 324 28
429 340 77
429 362 47
429 377 32
429 391 52
429 405 79
430 6 57
430 18 72
430 26 73
430 54 82
430 56 29
430 62 59
430 91 51
430 100 67
430 116 84
430 184 63
430 187 44
430 238 58
430 245 34
430 254 27
430 271 88
430 320 30
430 355 57
430 371 95
430 384 58
430 396 40
430 445 65
431 10 74
431 38 77
431 45 94
431 46 39
431 47 36
431 120 99
431 133 37
431 147 73
431 164 30
431 196 64
431 211 70
431 212 51
431 231 91
431 236 80
431 245 78
431 260 99
431 283 58
431 287 97
431 295 70
431 306 44
431 380 65
431 383 60
431 400 100
432 8 67
432 15 54
432 26 50
432 32 90
432 49 68
432 74 36
432 91 62
432 100 78
432 103 34
432 112 36
432 118 49
432 129 98
432 176 54
432 201 27
432 234 43
432 258 47
432 262 94
432 267 25
432 308 53
432 319 72
432 329 94
432 333 55
432 397 84
432 445 97
433 2 26
433 8 41
433 9 81
433 17 96
433 39 88
433 51 80
433 71 34
433 110 59
433 183 51
433 195 72
433 203 64
433 207 75
433 210 45
433 231 70
433 253 94
433 293 99
433 316 86
433 331 50
433 340 69
433 368 65
433 378 96
433 394 33
434 3 42
434 6 66
434 23 56
434 40 85
434 55 76
434 72 27
434 78 89
434 85 26
434 94 28
434 102 64
434 118 91
434 130 52
434 143 75
434 152 86
434 159 86
434 160 82
434 168 79
434 240 33
434 257 43
434 271 68
434 284 74
434 312 63
434 355 76
434 374 62
434 397 56
434 402 57
434 404 100
434 409 25
434 447 67
434 T 80
435 43 82
435 54 30
435 61 35
435 71 68
435 73 89
435 114 31
435 149 27
435 168 66
435 191 82
435 209 68
435 212 33
435 213 27
435 214 37
435 245 76
435 264 87
435 268 28
435 311 37
435 362 36
435 380 40
435 396 56
435 400 72
435 410 30
435 438 85
436 5 27
436 15 51
436 19 36
436 62 37
436 89 44
436 104 57
436 124 37
436 130 92
436 157 57
436 165 46
436 198 75
436 248 46
436 256 100
436 262 42
436 308 48
436 335 95
436 348 94
436 365 57
436 392 58
436 394 62
437 7 40
437 13 100
437 26 48
437 65 29
437 66 99
437 70 86
437 97 100
437 112 84
437 147 44
437 157 31
437 158 65
437 172 25
437 177 96
437 192 64
437 217 35
437 229 60
437 250 51
437 257 82
437 356 60
437 364 34
437 414 26
437 442 38
437 457 26
438 38 66
438 51 44
438 53 36
438 64 56
438 70 52
438 127 64
438 156 74
438 166 53
438 188 57
438 208 89
438 239 46
438 261 100
438 281 48
438 291 48
438 316 59
438 370 39
438 394 81
438 415 33
438 417 86
438 431 86
438 451 46
438 453 77
439 4 54
439 28 60
439 52 96
439 60 55
439 78 38
439 132 57
439 136 89
439 144 72
439 147 59
439 149 92
439 150 85
439 181 95
439 182 94
439 215 74
439 219 62
439 242 81
439 266 48
439 292 92
439 325 36
439 328 44
439 338 73
439 369 42
439 380 57
439 381 37
439 412 47
439 418 36
439 423 93
439 446 41
439 449 98
440 13 74
440 32 75
440 47 71
440 58 64
440 61 91
440 63 48
440 84 82
440 104 45
440 105 49
440 115 52
440 131 33
440 138 42
440 168 73
440 178 36
440 201 56
440 217 48
440 219 62
440 222 55
440 255 36
440 257 56
440 265 90
440 284 60
440 291 86
440 325 55
440 364 55
440 390 28
440 437 33
441 87 46
441 139 99
441 142 62
441 151 55
441 166 64
441 200 53
441 217 85
441 231 58
441 240 59
441 265 95
441 284 73
441 294 42
441 300 96
441 306 98
441 358 66
441 377 70
441 386 71
441 422 26
441 448 99
442 33 44
442 41 95
442 62 60
442 75 29
442 82 97
442 83 90
442 106 95
442 130 80
442 152 27
442 221 40
442 238 92
442 358 57
442 376 93
442 413 50
442 414 27
442 430 77
442 444 71
443 20 81
443 34 83
443 43 91
443 57 31
443 58 94
443 79 100
443 97 86
443 109 38
443 130 29
443 133 37
443 134 93
443 154 56
443 215 87
443 241 79
443 246 32
443 277 95
443 281 54
443 335 50
443 338 38
443 363 55
443 383 90
443 391 43
443 409 46
443 419 32
443 454 37
444 3 30
444 78 100
444 79 52
444 81 57
444 88 51
444 108 81
444 115 62
444 152 38
444 184 39
444 208 96
444 210 82
444 222 93
444 224 26
444 308 55
444 312 48
444 319 97
444 343 51
444 367 36
444 447 77
444 448 34
445 20 94
445 40 67
445 45 49
445 53 96
445 60 50
445 61 61
445 67 76
445 77 49
445 89 37
445 98 100
445 142 96
445 154 93
445 160 97
445 204 28
445 206 85
445 215 83
445 221 73
445 224 30
445 251 61
445 296 49
445 298 56
445 304 75
445 322 30
445 337 50
445 355 42
445 366 55
445 368 28
445 389 78
445 435 96
445 440 42
445 449 65
446 54 100
446 59 92
446 62 72
446 65 92
446 75 72
446 77 77
446 119 59
446 146 73
446 162 56
446 184 51
446 204 62
446 210 31
446 232 92
446 240 73
446 265 99
446 306 33
446 339 47
446 364 74
446 371 42
446 372 51
446 402 98
446 443 83
447 4 91
447 79 94
447 114 30
447 165 50
447 180 52
447 224 26
447 239 44
447 240 50
447 262 32
447 302 39
447 305 34
447 311 61
447 336 65
447 339 39
447 343 66
447 362 64
447 389 33
447 392 94
447 416 56
447 427 86
447 454 45
448 23 70
448 36 77
448 73 44
448 76 64
448 77 78
448 100 77
448 115 51
448 116 99
448 128 90
448 139 31
448 169 81
448 193 43
448 208 59
448 242 96
448 250 98
448 267 66
448 271 81
448 339 28
448 343 26
448 346 71
448 367 28
448 384 39
448 417 58
448 424 79
449 3 73
449 8 26
449 13 74
449 32 60
449 53 30
449 62 50
449 77 70
449 86 73
449 133 29
449 137 81
449 155 73
449 159 82
449 205 35
449 217 82
449 228 56
449 240 82
449 259 48
449 303 28
449 361 80
449 380 69
449 406 58
449 424 66
449 445 82
450 12 87
450 37 93
450 42 32
450 84 55
450 85 29
450 112 76
450 146 69
450 162 79
450 195 61
450 196 96
450 227 60
450 256 93
450 275 94
450 278 90
450 303 36
450 315 86
450 323 92
450 368 65
450 377 34
450 379 49
450 391 61
450 419 42
450 440 51
450 442 91
451 10 68
451 17 100
451 32 91
451 60 47
451 85 70
451 91 75
451 97 53
451 102 89
451 139 82
451 141 86
451 167 63
451 189 42
451 192 79
451 216 34
451 241 30
451 243 38
451 256 34
451 286 85
451 292 72
451 294 39
451 327 34
451 378 81
451 387 68
451 396 99
451 411 52
451 441 85
451 442 68
451 454 67
451 T 97
452 15 48
452 16 96
452 50 55
452 101 78
452 114 53
452 129 32
452 130 52
452 132 74
452 154 43
452 155 99
452 161 62
452 163 65
452 181 26
452 206 63
452 212 63
452 219 90
452 265 64
452 272 96
452 309 97
452 312 76
452 328 91
452 332 39
452 341 59
452 354 26
452 358 69
452 399 60
452 402 51
452 412 82
452 428 65
453 33 38
453 74 58
453 84 86
453 177 94
453 199 38
453 214 51
453 234 53
453 279 64
453 319 82
453 328 79
453 337 45
453 340 49
453 362 94
453 367 40
453 384 82
453 389 81
453 442 53
453 443 58
453 452 37
454 24 93
454 97 33
454 110 88
454 130 65
454 152 33
454 187 57
454 208 35
454 221 87
454 266 50
454 269 45
454 277 32
454 281 42
454 282 29
454 289 64
454 323 81
454 403 59
454 413 52
454 455 86
454 T 43
455 5 41
455 9 58
455 15 44
455 38 87
455 71 33
455 85 29
455 133 92
455 149 66
455 162 34
455 164 61
455 168 35
455 170 67
455 279 35
455 330 73
455 351 60
455 362 59
455 424 40
455 432 70
455 442 46
455 453 47
456 9 26
456 15 25
456 22 33
456 49 53
456 55 65
456 82 99
456 83 98
456 111 54
456 123 49
456 144 82
456 157 92
456 161 99
456 166 42
456 192 47
456 241 59
456 251 84
456 276 55
456 278 66
456 368 52
456 425 72
456 427 66
456 444 33
456 449 61
456 451 72
457 27 78
457 84 46
457 86 40
457 121 98
457 143 30
457 161 97
457 184 72
457 195 38
457 203 43
457 239 34
457 249 43
457 264 85
457 265 93
457 266 45
457 276 51
457 286 89
457 292 69
457 345 26
457 356 44
457 376 93
457 394 98
457 424 96
457 428 27
457 434 58
457 437 85
