1000000000
50
4 5 5 4 5 4 5 5 4 5 4 4 4 5 5 5 4 4 5 5 5 4 4 4 5 5 5 5 4 4 4 5 5 5 5 5 4 5 4 4 4 5 4 5 4 4 5 4 5 5
227
1 1
2 1
3 1
4 1
5 2
6 2
7 2
8 2
9 2
10 3
11 3
12 3
13 3
14 3
15 4
16 4
17 4
18 4
19 5
20 5
21 5
22 5
23 5
24 6
25 6
26 6
27 6
28 7
29 7
30 7
31 7
32 7
33 8
34 8
35 8
36 8
37 8
38 9
39 9
40 9
41 9
42 10
43 10
44 10
45 10
46 10
47 11
48 11
49 11
50 11
51 12
52 12
53 12
54 12
55 13
56 13
57 13
58 13
59 14
60 14
61 14
62 14
63 14
64 15
65 15
66 15
67 15
68 15
69 16
70 16
71 16
72 16
73 16
74 17
75 17
76 17
77 17
78 18
79 18
80 18
81 18
82 19
83 19
84 19
85 19
86 19
87 20
88 20
89 20
90 20
91 20
92 21
93 21
94 21
95 21
96 21
97 22
98 22
99 22
100 22
101 23
102 23
103 23
104 23
105 24
106 24
107 24
108 24
109 25
110 25
111 25
112 25
113 25
114 26
115 26
116 26
117 26
118 26
119 27
120 27
121 27
122 27
123 27
124 28
125 28
126 28
127 28
128 28
129 29
130 29
131 29
132 29
133 30
134 30
135 30
136 30
137 31
138 31
139 31
140 31
141 32
142 32
143 32
144 32
145 32
146 33
147 33
148 33
149 33
150 33
151 34
152 34
153 34
154 34
155 34
156 35
157 35
158 35
159 35
160 35
161 36
162 36
163 36
164 36
165 36
166 37
167 37
168 37
169 37
170 38
171 38
172 38
173 38
174 38
175 39
176 39
177 39
178 39
179 40
180 40
181 40
182 40
183 41
184 41
185 41
186 41
187 42
188 42
189 42
190 42
191 42
192 43
193 43
194 43
195 43
196 44
197 44
198 44
199 44
200 44
201 45
202 45
203 45
204 45
205 46
206 46
207 46
208 46
209 47
210 47
211 47
212 47
213 47
214 48
215 48
216 48
217 48
218 49
219 49
220 49
221 49
222 49
223 50
224 50
225 50
226 50
227 50
51451
S 1 6
1 2 19
2 3 1
3 4 20
4 5 7
5 6 7
6 7 7
7 8 16
8 9 10
9 10 3
10 11 10
11 12 9
12 13 19
13 14 1
14 15 3
15 16 16
16 17 19
17 18 2
18 19 19
19 20 18
20 21 1
21 22 6
22 23 20
23 24 6
24 25 18
25 26 18
26 27 13
27 28 7
28 29 3
29 30 4
30 31 4
31 32 6
32 33 6
33 34 1
34 35 2
35 36 3
36 37 16
37 38 4
38 39 4
39 40 13
40 41 3
41 42 19
42 43 15
43 44 12
44 45 1
45 46 2
46 47 1
47 48 18
48 49 1
49 50 18
50 51 9
51 52 15
52 53 15
53 54 3
54 55 4
55 56 1
56 57 8
57 58 20
58 59 2
59 60 15
60 61 14
61 62 2
62 63 6
63 64 16
64 65 12
65 66 19
66 67 8
67 68 12
68 69 20
69 70 1
70 71 3
71 72 20
72 73 2
73 74 19
74 75 16
75 76 3
76 77 19
77 78 5
78 79 19
79 80 20
80 81 10
81 82 5
82 83 20
83 84 8
84 85 17
85 86 1
86 87 20
87 88 16
88 89 12
89 90 3
90 91 7
91 92 15
92 93 19
93 94 6
94 95 16
95 96 5
96 97 18
97 98 1
98 99 1
99 100 5
100 101 14
101 102 14
102 103 16
103 104 12
104 105 4
105 106 8
106 107 2
107 108 16
108 109 19
109 110 5
110 111 14
111 112 1
112 113 6
113 114 12
114 115 16
115 116 1
116 117 4
117 118 11
118 119 9
119 120 11
120 121 9
121 122 10
122 123 14
123 124 20
124 125 18
125 126 15
126 127 12
127 128 2
128 129 7
129 130 1
130 131 10
131 132 5
132 133 14
133 134 11
134 135 3
135 136 14
136 137 20
137 138 16
138 139 2
139 140 17
140 141 11
141 142 8
142 143 10
143 144 7
144 145 9
145 146 16
146 147 20
147 148 19
148 149 12
149 150 11
150 151 11
151 152 3
152 153 2
153 154 16
154 155 15
155 156 2
156 157 12
157 158 5
158 159 1
159 160 14
160 161 14
161 162 16
162 163 15
163 164 20
164 165 6
165 166 20
166 167 3
167 168 13
168 169 17
169 170 4
170 171 17
171 172 20
172 173 9
173 174 11
174 175 13
175 176 6
176 177 5
177 178 18
178 179 18
179 180 2
180 181 16
181 182 14
182 183 16
183 184 3
184 185 20
185 186 3
186 187 15
187 188 16
188 189 6
189 190 16
190 191 3
191 192 9
192 193 7
193 194 3
194 195 9
195 196 5
196 197 8
197 198 11
198 199 17
199 200 18
200 201 19
201 202 10
202 203 1
203 204 15
204 205 17
205 206 12
206 207 6
207 208 16
208 209 14
209 210 3
210 211 8
211 212 7
212 213 13
213 214 6
214 215 3
215 216 16
216 217 13
217 218 4
218 219 4
219 220 10
220 221 18
221 222 18
222 223 18
223 224 16
224 225 19
225 226 7
226 227 10
227 T 2
S 1 14
S 2 6
S 3 2
S 4 20
S 5 16
S 6 6
S 7 6
S 8 8
S 9 11
S 10 11
S 11 6
S 12 2
S 13 9
S 14 14
S 15 17
S 16 13
S 17 8
S 18 13
S 19 20
S 21 10
S 22 6
S 23 13
S 24 9
S 25 18
S 26 18
S 27 13
S 28 19
S 29 9
S 30 6
S 31 18
S 32 18
S 33 3
S 34 10
S 35 14
S 36 6
S 37 6
S 38 14
S 39 6
S 40 4
S 41 15
S 42 2
S 43 16
S 44 9
S 45 14
S 46 13
S 47 15
S 48 14
S 49 5
S 50 17
S 51 6
S 52 6
S 53 7
S 54 15
S 55 8
S 56 20
S 57 12
S 58 17
S 59 7
S 60 12
S 61 8
S 62 11
S 63 10
S 64 4
S 65 3
S 66 4
S 67 14
S 68 6
S 69 14
S 70 13
S 71 8
S 72 19
S 73 9
S 74 13
S 75 10
S 76 2
S 77 11
S 78 7
S 79 19
S 80 12
S 81 9
S 82 13
S 83 8
S 84 2
S 85 4
S 86 2
S 87 7
S 88 14
S 89 1
S 90 2
S 91 8
S 92 14
S 93 7
S 94 16
S 95 4
S 96 5
S 97 4
S 98 19
S 99 11
S 100 14
S 101 12
S 102 15
S 103 20
S 104 6
S 105 14
S 106 15
S 107 3
S 108 14
S 109 2
S 110 18
S 111 17
S 112 1
S 113 8
S 114 10
S 115 20
S 116 8
S 117 1
S 118 17
S 119 19
S 120 13
S 121 19
S 122 18
S 123 17
S 124 14
S 125 5
S 126 1
S 127 6
S 128 18
S 129 2
S 130 18
S 131 14
S 132 5
S 133 3
S 135 1
S 136 4
S 137 5
S 138 15
S 139 19
S 140 15
S 141 9
S 142 8
S 143 3
S 144 5
S 145 14
S 146 16
S 147 19
S 148 17
S 149 13
S 150 10
S 151 10
S 152 17
S 153 17
S 154 1
S 155 7
S 156 7
S 157 13
S 158 20
S 159 14
S 160 19
S 161 3
S 162 9
S 163 17
S 164 3
S 165 9
S 166 1
S 167 2
S 168 19
S 169 10
S 170 15
S 171 9
S 172 12
S 173 20
S 174 18
S 175 3
S 176 15
S 177 5
S 178 5
S 179 1
S 180 19
S 181 19
S 182 6
S 183 1
S 184 12
S 185 10
S 186 2
S 187 17
S 188 20
S 189 6
S 190 1
S 191 4
S 192 20
S 193 9
S 194 10
S 195 9
S 196 4
S 197 18
S 198 5
S 199 4
S 200 13
S 201 20
S 202 2
S 203 12
S 204 18
S 205 8
S 206 11
S 207 13
S 208 7
S 209 20
S 210 2
S 211 16
S 212 1
S 213 5
S 214 10
S 215 5
S 216 20
S 217 12
S 218 8
S 219 17
S 220 15
S 221 9
S 222 14
S 223 9
S 224 9
S 225 2
S 226 6
S 227 16
S T 10
1 2 8
1 3 14
1 4 7
1 5 1
1 6 1
1 7 17
1 8 5
1 9 9
1 10 7
1 11 18
1 12 17
1 13 17
1 14 13
1 15 1
1 16 8
1 17 15
1 18 4
1 19 3
1 20 14
1 21 6
1 22 6
1 23 5
1 24 13
1 25 19
1 26 9
1 27 18
1 28 4
1 29 13
1 30 10
1 31 20
1 32 12
1 33 7
1 34 8
1 35 4
1 36 16
1 37 20
1 38 7
1 39 15
1 40 18
1 41 11
1 42 16
1 43 7
1 44 19
1 45 5
1 46 9
1 47 3
1 48 6
1 49 14
1 50 9
1 51 16
1 52 13
1 53 10
1 54 5
1 55 20
1 56 18
1 57 17
1 58 2
1 59 15
1 60 17
1 61 13
1 62 3
1 63 8
1 65 1
1 66 17
1 67 18
1 68 18
1 69 11
1 70 11
1 71 19
1 72 13
1 73 5
1 74 15
1 75 9
1 76 12
1 77 17
1 78 12
1 79 15
1 80 20
1 81 17
1 82 7
1 83 15
1 84 12
1 85 4
1 86 10
1 87 5
1 88 4
1 89 16
1 90 14
1 91 20
1 92 15
1 93 9
1 94 8
1 95 14
1 96 6
1 97 6
1 98 19
1 99 20
1 100 15
1 101 14
1 102 6
1 103 11
1 104 10
1 105 15
1 106 1
1 107 7
1 108 7
1 109 14
1 110 3
1 111 6
1 112 1
1 113 19
1 114 4
1 115 7
1 116 8
1 117 8
1 118 2
1 119 3
1 120 6
1 121 5
1 122 20
1 123 6
1 124 18
1 125 3
1 126 5
1 127 11
1 128 12
1 129 18
1 130 20
1 131 18
1 132 8
1 133 5
1 134 5
1 135 1
1 136 7
1 137 10
1 138 10
1 139 15
1 140 6
1 141 6
1 142 17
1 143 15
1 144 19
1 145 14
1 146 12
1 147 1
1 148 12
1 149 3
1 150 4
1 151 12
1 152 10
1 154 7
1 155 10
1 156 2
1 157 2
1 158 16
1 159 5
1 160 19
1 161 13
1 162 4
1 163 2
1 164 10
1 165 19
1 166 4
1 167 4
1 168 9
1 169 17
1 170 9
1 171 4
1 172 19
1 173 13
1 174 11
1 175 2
1 176 12
1 177 8
1 178 11
1 179 7
1 180 4
1 181 12
1 182 16
1 183 20
1 184 9
1 185 11
1 186 4
1 187 13
1 188 19
1 189 5
1 190 8
1 191 12
1 192 17
1 193 13
1 194 15
1 195 13
1 196 7
1 197 15
1 198 9
1 199 20
1 200 18
1 201 10
1 202 12
1 203 11
1 204 2
1 205 4
1 206 1
1 207 7
1 208 2
1 209 3
1 210 18
1 211 19
1 212 12
1 213 5
1 214 1
1 215 11
1 216 7
1 217 9
1 218 18
1 219 3
1 220 13
1 221 6
1 222 20
1 223 13
1 224 5
1 225 20
1 226 12
1 227 2
1 T 8
2 1 18
2 3 2
2 4 13
2 5 11
2 6 10
2 7 5
2 8 13
2 9 17
2 10 19
2 11 3
2 12 3
2 13 20
2 14 1
2 15 10
2 16 17
2 17 10
2 18 5
2 19 16
2 20 1
2 21 16
2 22 14
2 23 9
2 24 4
2 25 10
2 26 1
2 27 2
2 28 12
2 29 8
2 30 14
2 31 17
2 32 9
2 33 20
2 34 1
2 35 19
2 36 10
2 37 18
2 38 2
2 39 2
2 40 9
2 41 17
2 42 9
2 43 18
2 44 8
2 45 6
2 46 13
2 47 9
2 48 4
2 49 2
2 50 15
2 51 17
2 52 8
2 53 17
2 54 9
2 55 6
2 56 5
2 57 7
2 58 18
2 59 18
2 60 4
2 61 1
2 62 11
2 63 13
2 64 5
2 65 16
2 66 3
2 67 18
2 68 17
2 69 13
2 70 19
2 71 16
2 72 6
2 73 7
2 74 7
2 75 10
2 76 14
2 77 14
2 78 19
2 79 6
2 80 8
2 81 20
2 82 20
2 83 13
2 84 3
2 85 1
2 86 5
2 87 4
2 88 3
2 89 11
2 90 8
2 91 15
2 92 11
2 93 10
2 94 20
2 95 17
2 96 19
2 97 12
2 98 18
2 99 18
2 100 11
2 101 20
2 102 1
2 103 14
2 104 14
2 105 13
2 106 11
2 107 13
2 108 16
2 109 11
2 110 4
2 111 13
2 112 1
2 113 14
2 114 12
2 115 9
2 116 8
2 117 14
2 118 4
2 119 11
2 120 6
2 121 18
2 122 10
2 123 13
2 124 3
2 125 11
2 126 1
2 127 5
2 128 7
2 129 7
2 130 1
2 131 11
2 132 4
2 133 17
2 134 15
2 135 1
2 136 20
2 137 15
2 138 10
2 139 12
2 140 16
2 141 12
2 142 9
2 143 15
2 144 3
2 145 12
2 146 19
2 147 13
2 148 3
2 149 7
2 150 11
2 151 11
2 152 4
2 153 19
2 154 11
2 155 8
2 156 2
2 157 18
2 158 3
2 159 14
2 160 6
2 161 20
2 162 15
2 163 18
2 164 19
2 165 8
2 166 17
2 167 1
2 168 14
2 169 9
2 170 2
2 171 19
2 172 20
2 173 18
2 174 11
2 175 10
2 176 8
2 177 3
2 178 11
2 179 18
2 180 1
2 181 10
2 182 6
2 183 14
2 184 9
2 185 12
2 186 16
2 187 6
2 188 7
2 189 9
2 190 20
2 191 20
2 192 10
2 193 17
2 194 18
2 195 7
2 196 14
2 197 17
2 198 9
2 199 4
2 200 3
2 201 1
2 202 14
2 203 14
2 204 8
2 205 15
2 206 20
2 207 13
2 208 19
2 209 18
2 210 15
2 211 10
2 212 8
2 213 9
2 214 16
2 215 4
2 216 4
2 217 20
2 218 18
2 219 6
2 220 17
2 221 4
2 222 17
2 223 7
2 224 12
2 225 8
2 226 7
2 227 19
2 T 9
3 1 18
3 2 20
3 4 19
3 5 16
3 6 3
3 7 4
3 8 10
3 9 8
3 10 16
3 11 17
3 12 9
3 13 20
3 14 7
3 15 14
3 16 13
3 17 3
3 18 15
3 19 18
3 20 3
3 21 10
3 22 12
3 23 1
3 24 12
3 25 20
3 26 2
3 27 13
3 28 12
3 29 19
3 30 11
3 31 2
3 32 6
3 33 20
3 34 6
3 35 17
3 36 18
3 37 17
3 38 1
3 39 4
3 40 1
3 41 9
3 42 6
3 43 6
3 44 17
3 45 19
3 46 5
3 47 14
3 49 10
3 50 15
3 51 14
3 52 11
3 53 7
3 54 8
3 55 18
3 56 17
3 57 16
3 58 14
3 59 15
3 60 20
3 61 19
3 62 4
3 63 20
3 64 12
3 65 16
3 66 7
3 67 7
3 68 19
3 69 3
3 70 19
3 71 4
3 72 7
3 73 20
3 74 15
3 75 7
3 76 15
3 77 15
3 78 13
3 79 15
3 80 5
3 81 9
3 82 19
3 83 14
3 84 1
3 85 2
3 86 5
3 87 8
3 88 17
3 89 12
3 90 19
3 91 2
3 92 1
3 93 12
3 94 5
3 95 16
3 96 8
3 97 10
3 98 13
3 99 10
3 100 16
3 101 20
3 102 3
3 103 7
3 104 20
3 105 18
3 106 8
3 107 12
3 108 14
3 109 17
3 110 9
3 111 9
3 112 8
3 113 13
3 114 8
3 115 2
3 116 17
3 117 8
3 118 13
3 119 11
3 120 7
3 121 15
3 122 9
3 123 5
3 124 11
3 125 16
3 126 12
3 127 20
3 128 20
3 129 11
3 130 1
3 131 2
3 132 18
3 133 17
3 134 17
3 135 13
3 136 14
3 137 19
3 138 19
3 139 11
3 140 12
3 141 10
3 142 1
3 143 18
3 144 19
3 145 3
3 146 4
3 147 14
3 148 14
3 149 18
3 150 9
3 151 7
3 152 15
3 153 13
3 154 15
3 155 2
3 156 16
3 157 10
3 159 13
3 160 13
3 161 14
3 162 18
3 163 7
3 164 14
3 165 13
3 166 16
3 167 18
3 169 11
3 170 11
3 171 20
3 172 17
3 173 9
3 174 3
3 175 10
3 176 11
3 177 15
3 178 7
3 179 14
3 180 1
3 181 16
3 182 15
3 183 8
3 184 10
3 185 9
3 186 7
3 187 2
3 188 14
3 189 2
3 190 6
3 191 6
3 192 7
3 193 5
3 194 8
3 195 3
3 196 13
3 197 10
3 198 16
3 199 11
3 200 8
3 201 20
3 202 14
3 203 17
3 204 4
3 205 14
3 206 16
3 207 20
3 208 5
3 209 8
3 210 9
3 211 5
3 212 8
3 213 15
3 214 17
3 215 19
3 216 1
3 217 15
3 218 17
3 219 8
3 220 10
3 221 19
3 222 5
3 223 3
3 224 2
3 225 12
3 226 10
3 227 20
3 T 18
4 1 7
4 2 1
4 3 8
4 5 11
4 6 12
4 7 11
4 8 15
4 9 1
4 10 16
4 11 3
4 12 5
4 13 14
4 14 15
4 15 1
4 16 14
4 17 20
4 18 11
4 19 11
4 20 2
4 21 10
4 22 7
4 23 6
4 24 14
4 25 14
4 26 6
4 27 18
4 28 11
4 29 8
4 30 13
4 31 5
4 32 7
4 33 1
4 34 15
4 35 12
4 36 14
4 37 4
4 38 7
4 39 2
4 40 9
4 41 9
4 42 3
4 43 12
4 44 17
4 45 4
4 46 17
4 47 13
4 48 4
4 49 9
4 50 18
4 51 10
4 52 20
4 53 10
4 54 13
4 55 2
4 56 12
4 57 1
4 58 10
4 59 18
4 60 3
4 61 16
4 62 14
4 63 7
4 64 1
4 65 16
4 66 3
4 67 5
4 68 6
4 69 1
4 70 8
4 71 17
4 72 1
4 73 18
4 74 2
4 75 8
4 76 14
4 77 13
4 78 18
4 79 18
4 80 11
4 81 12
4 82 10
4 83 16
4 84 13
4 85 2
4 86 17
4 87 14
4 88 5
4 89 1
4 90 17
4 91 3
4 92 15
4 93 8
4 94 8
4 95 3
4 96 5
4 97 10
4 98 1
4 99 7
4 100 5
4 101 17
4 102 2
4 103 19
4 104 12
4 105 7
4 106 15
4 107 18
4 108 4
4 109 14
4 110 12
4 111 20
4 112 13
4 113 14
4 114 13
4 115 1
4 116 4
4 117 15
4 118 15
4 119 15
4 120 14
4 121 5
4 122 20
4 123 5
4 124 14
4 125 2
4 127 9
4 128 13
4 129 5
4 130 17
4 131 8
4 132 7
4 133 12
4 135 4
4 136 3
4 137 14
4 138 14
4 139 8
4 140 10
4 141 9
4 142 9
4 143 20
4 144 13
4 145 6
4 146 7
4 147 5
4 148 18
4 149 19
4 150 20
4 152 3
4 153 8
4 154 9
4 155 15
4 156 7
4 157 11
4 158 10
4 159 20
4 160 19
4 161 19
4 162 20
4 163 16
4 164 13
4 165 2
4 166 7
4 167 4
4 168 2
4 169 20
4 170 12
4 171 19
4 172 10
4 173 7
4 174 14
4 175 7
4 176 2
4 177 11
4 178 15
4 179 5
4 180 17
4 181 2
4 182 18
4 183 6
4 184 3
4 185 19
4 186 11
4 187 16
4 188 13
4 189 10
4 190 11
4 191 1
4 192 11
4 193 12
4 194 15
4 195 15
4 196 16
4 197 15
4 198 8
4 199 1
4 200 15
4 201 20
4 202 20
4 203 3
4 204 8
4 205 15
4 206 12
4 208 2
4 209 5
4 210 1
4 211 8
4 212 3
4 213 4
4 214 13
4 215 18
4 216 1
4 217 14
4 218 8
4 219 13
4 221 14
4 222 7
4 223 19
4 224 7
4 225 16
4 226 16
4 227 18
4 T 14
5 1 6
5 2 9
5 3 12
5 4 9
5 6 10
5 7 11
5 8 13
5 9 3
5 10 11
5 11 8
5 12 6
5 13 2
5 14 7
5 15 1
5 16 18
5 17 17
5 18 10
5 19 15
5 20 1
5 21 11
5 22 5
5 23 10
5 24 5
5 25 14
5 26 20
5 27 10
5 28 9
5 29 14
5 30 12
5 31 9
5 32 3
5 33 20
5 34 7
5 35 15
5 36 20
5 37 15
5 38 4
5 39 2
5 40 11
5 41 18
5 42 9
5 43 12
5 44 6
5 45 1
5 46 14
5 47 8
5 48 17
5 49 20
5 50 14
5 51 5
5 52 5
5 53 18
5 54 19
5 55 13
5 56 4
5 57 14
5 58 15
5 59 11
5 60 10
5 61 20
5 62 19
5 63 9
5 64 5
5 65 3
5 66 13
5 67 15
5 68 7
5 69 2
5 70 14
5 71 20
5 72 8
5 73 20
5 74 20
5 75 3
5 76 3
5 77 18
5 78 18
5 79 12
5 80 4
5 81 13
5 82 20
5 83 14
5 84 5
5 85 8
5 86 3
5 87 6
5 88 15
5 89 16
5 90 20
5 91 17
5 92 19
5 93 12
5 94 6
5 95 15
5 96 5
5 97 12
5 98 3
5 99 20
5 100 13
5 101 7
5 102 8
5 103 6
5 104 2
5 105 6
5 106 5
5 107 14
5 108 15
5 109 2
5 110 2
5 111 8
5 112 14
5 113 18
5 114 5
5 115 8
5 116 16
5 117 19
5 118 3
5 119 11
5 120 14
5 121 8
5 122 20
5 123 6
5 124 6
5 125 12
5 126 4
5 127 4
5 128 2
5 129 2
5 130 8
5 131 18
5 132 11
5 133 12
5 134 16
5 135 14
5 136 4
5 137 1
5 138 15
5 139 6
5 140 17
5 141 12
5 142 1
5 143 16
5 144 16
5 145 17
5 146 4
5 147 9
5 148 18
5 149 7
5 150 20
5 151 3
5 152 6
5 153 13
5 154 20
5 155 9
5 156 15
5 157 5
5 158 7
5 159 10
5 160 1
5 161 20
5 162 18
5 163 11
5 164 20
5 165 17
5 166 11
5 167 1
5 168 19
5 169 14
5 170 9
5 171 4
5 172 1
5 173 1
5 174 18
5 175 19
5 176 2
5 177 5
5 178 8
5 179 10
5 180 18
5 181 15
5 182 1
5 183 8
5 184 12
5 185 14
5 186 2
5 187 12
5 188 16
5 189 8
5 190 3
5 191 13
5 192 11
5 193 13
5 194 12
5 195 2
5 196 19
5 197 4
5 199 3
5 200 20
5 201 1
5 202 18
5 203 20
5 204 14
5 205 20
5 206 4
5 207 2
5 208 5
5 209 2
5 210 11
5 211 14
5 212 10
5 213 11
5 214 10
5 215 5
5 216 3
5 217 5
5 218 19
5 219 4
5 220 17
5 221 10
5 222 9
5 223 11
5 225 7
5 227 19
5 T 7
6 1 3
6 2 7
6 3 1
6 4 5
6 5 14
6 7 3
6 8 2
6 9 14
6 10 20
6 11 3
6 12 6
6 13 15
6 14 16
6 15 7
6 16 19
6 17 16
6 18 20
6 19 3
6 20 5
6 21 5
6 22 12
6 23 16
6 24 3
6 25 15
6 26 18
6 27 16
6 28 2
6 29 17
6 30 8
6 31 11
6 32 19
6 33 19
6 34 1
6 35 2
6 36 4
6 37 20
6 38 12
6 39 5
6 40 11
6 41 14
6 42 8
6 43 18
6 44 7
6 45 6
6 46 10
6 48 15
6 49 17
6 50 9
6 51 16
6 52 1
6 53 5
6 54 6
6 55 9
6 56 10
6 57 20
6 58 20
6 59 18
6 60 15
6 61 5
6 62 7
6 63 9
6 64 13
6 65 16
6 66 19
6 67 15
6 68 10
6 69 17
6 70 6
6 71 20
6 72 9
6 73 13
6 74 18
6 75 13
6 76 6
6 77 13
6 78 7
6 79 13
6 80 4
6 81 15
6 82 9
6 83 2
6 84 14
6 85 7
6 86 10
6 87 12
6 88 13
6 89 11
6 90 7
6 91 15
6 92 2
6 93 5
6 94 11
6 95 6
6 96 18
6 97 17
6 98 2
6 99 7
6 100 11
6 101 11
6 102 20
6 103 17
6 104 18
6 105 3
6 106 10
6 107 10
6 108 2
6 109 1
6 110 1
6 111 7
6 112 13
6 113 13
6 114 11
6 115 5
6 116 4
6 117 19
6 118 12
6 119 14
6 120 12
6 121 2
6 122 13
6 123 10
6 124 15
6 125 10
6 126 14
6 127 19
6 128 18
6 129 9
6 130 1
6 131 13
6 132 19
6 133 7
6 134 6
6 135 4
6 136 10
6 137 6
6 138 3
6 139 7
6 140 2
6 141 20
6 142 8
6 143 12
6 144 16
6 145 3
6 146 14
6 147 10
6 148 8
6 149 14
6 150 16
6 151 14
6 152 9
6 153 17
6 154 13
6 155 20
6 156 11
6 157 1
6 158 5
6 159 5
6 160 19
6 161 10
6 162 14
6 163 6
6 164 16
6 165 14
6 166 16
6 167 12
6 168 2
6 169 16
6 170 16
6 171 12
6 172 1
6 173 11
6 174 10
6 175 17
6 176 20
6 177 18
6 178 18
6 179 18
6 180 16
6 181 10
6 182 8
6 183 13
6 184 6
6 185 11
6 186 12
6 187 19
6 188 7
6 189 16
6 190 5
6 191 19
6 192 15
6 193 9
6 194 9
6 195 2
6 196 7
6 197 17
6 198 12
6 199 11
6 200 18
6 201 10
6 202 16
6 203 12
6 204 4
6 205 6
6 206 9
6 207 4
6 208 5
6 209 14
6 210 10
6 211 3
6 212 16
6 213 12
6 214 5
6 215 13
6 216 1
6 217 11
6 218 14
6 219 3
6 220 16
6 221 1
6 222 16
6 223 11
6 224 14
6 225 12
6 226 3
6 T 4
7 2 20
7 3 16
7 4 7
7 5 18
7 6 7
7 8 15
7 9 14
7 10 16
7 11 1
7 12 2
7 13 9
7 14 8
7 15 4
7 16 14
7 17 19
7 18 8
7 19 15
7 20 7
7 21 4
7 22 12
7 23 7
7 24 18
7 25 2
7 26 18
7 27 4
7 28 5
7 29 10
7 30 2
7 31 9
7 32 3
7 33 19
7 34 14
7 35 10
7 36 14
7 37 1
7 38 14
7 39 11
7 40 7
7 41 5
7 42 18
7 43 13
7 44 17
7 45 19
7 46 1
7 47 18
7 48 9
7 49 9
7 50 13
7 51 2
7 52 9
7 53 13
7 54 12
7 55 12
7 57 19
7 58 8
7 59 15
7 60 1
7 61 3
7 62 4
7 63 19
7 64 20
7 65 6
7 66 2
7 68 13
7 69 17
7 70 5
7 71 7
7 72 5
7 73 17
7 74 12
7 75 14
7 76 5
7 77 3
7 78 16
7 79 15
7 80 4
7 81 4
7 82 20
7 83 10
7 84 20
7 85 8
7 86 19
7 87 8
7 88 1
7 89 14
7 90 16
7 91 2
7 92 14
7 93 5
7 94 11
7 95 6
7 96 3
7 97 9
7 98 16
7 99 18
7 100 7
7 101 3
7 102 10
7 103 11
7 104 11
7 105 19
7 106 4
7 107 18
7 108 9
7 109 15
7 110 11
7 111 10
7 112 11
7 113 11
7 114 20
7 115 15
7 116 6
7 117 14
7 118 12
7 119 18
7 120 16
7 121 20
7 122 17
7 123 15
7 124 16
7 125 14
7 126 4
7 127 2
7 128 15
7 129 2
7 130 5
7 131 20
7 132 14
7 133 3
7 134 5
7 135 10
7 136 9
7 137 15
7 138 11
7 139 7
7 140 9
7 141 17
7 142 7
7 143 18
7 144 3
7 145 3
7 146 6
7 147 17
7 148 7
7 149 8
7 150 9
7 151 18
7 152 11
7 153 13
7 154 7
7 155 18
7 156 13
7 157 15
7 158 6
7 159 5
7 160 15
7 161 1
7 162 6
7 163 15
7 164 4
7 165 19
7 166 1
7 167 19
7 168 16
7 169 12
7 170 8
7 171 17
7 172 19
7 173 16
7 174 17
7 175 14
7 176 5
7 177 12
7 178 15
7 179 17
7 180 2
7 181 4
7 182 20
7 183 14
7 184 14
7 185 9
7 186 14
7 187 18
7 188 18
7 189 15
7 190 13
7 191 7
7 192 7
7 193 9
7 194 18
7 195 9
7 196 18
7 197 4
7 198 16
7 199 3
7 200 4
7 201 15
7 202 4
7 203 10
7 204 13
7 205 14
7 206 10
7 207 9
7 208 7
7 209 13
7 210 11
7 211 13
7 212 13
7 213 12
7 214 13
7 215 14
7 216 17
7 217 10
7 218 10
7 219 5
7 220 14
7 221 6
7 222 2
7 223 2
7 224 19
7 225 20
7 226 6
7 227 6
7 T 10
8 1 10
8 2 1
8 3 16
8 4 20
8 5 4
8 6 11
8 7 17
8 10 3
8 11 18
8 12 15
8 13 20
8 14 9
8 15 7
8 16 20
8 17 18
8 18 8
8 19 16
8 20 16
8 21 4
8 22 13
8 23 3
8 24 20
8 25 19
8 26 9
8 27 18
8 28 17
8 29 20
8 30 1
8 31 11
8 32 14
8 33 12
8 34 7
8 35 20
8 36 5
8 37 10
8 38 9
8 39 8
8 40 4
8 41 6
8 42 6
8 43 4
8 44 14
8 45 6
8 46 13
8 47 14
8 48 13
8 49 19
8 50 18
8 51 18
8 52 12
8 53 13
8 54 5
8 55 16
8 57 10
8 58 13
8 59 8
8 60 2
8 61 12
8 62 3
8 63 11
8 64 20
8 65 16
8 66 5
8 67 7
8 68 11
8 69 9
8 70 2
8 71 19
8 72 16
8 73 15
8 74 12
8 75 16
8 76 15
8 77 4
8 78 1
8 79 9
8 80 12
8 81 3
8 82 1
8 83 16
8 84 16
8 85 3
8 86 8
8 87 20
8 88 4
8 89 14
8 90 13
8 91 5
8 92 2
8 93 18
8 94 12
8 95 16
8 96 13
8 97 20
8 98 7
8 99 9
8 100 16
8 101 5
8 102 10
8 103 10
8 104 1
8 105 6
8 106 5
8 107 11
8 108 4
8 109 8
8 110 17
8 112 4
8 113 1
8 114 18
8 115 5
8 116 12
8 117 12
8 118 12
8 119 2
8 120 2
8 121 11
8 122 10
8 123 5
8 124 14
8 125 7
8 126 16
8 127 8
8 128 20
8 129 17
8 130 15
8 131 8
8 132 7
8 133 15
8 134 4
8 135 6
8 136 8
8 137 3
8 138 15
8 139 9
8 140 16
8 141 15
8 142 17
8 143 1
8 144 3
8 145 6
8 146 17
8 147 14
8 148 6
8 149 2
8 150 15
8 151 14
8 152 5
8 153 1
8 154 15
8 155 7
8 156 1
8 157 10
8 158 6
8 159 17
8 160 10
8 161 11
8 162 3
8 163 19
8 164 12
8 165 2
8 166 15
8 167 16
8 168 3
8 169 16
8 170 20
8 171 10
8 172 4
8 173 9
8 174 12
8 175 7
8 176 13
8 177 11
8 178 2
8 179 18
8 180 2
8 181 3
8 182 17
8 183 17
8 184 1
8 185 18
8 186 7
8 187 11
8 188 2
8 189 3
8 190 15
8 191 8
8 192 9
8 193 12
8 194 20
8 195 13
8 196 10
8 197 6
8 198 12
8 199 4
8 200 3
8 201 6
8 202 7
8 203 2
8 204 16
8 205 12
8 206 3
8 207 11
8 208 19
8 209 1
8 210 17
8 211 19
8 212 11
8 213 18
8 214 4
8 215 3
8 216 5
8 217 14
8 218 2
8 219 9
8 220 6
8 221 7
8 222 20
8 223 5
8 224 19
8 225 7
8 226 20
8 227 5
8 T 17
9 1 13
9 2 5
9 3 17
9 4 16
9 5 3
9 6 14
9 7 1
9 8 2
9 10 13
9 11 13
9 12 11
9 13 12
9 14 1
9 15 16
9 16 17
9 17 1
9 18 14
9 19 20
9 20 6
9 21 17
9 22 10
9 23 9
9 24 17
9 25 5
9 26 7
9 27 17
9 28 16
9 29 2
9 30 11
9 31 11
9 32 19
9 33 4
9 34 15
9 35 7
9 36 20
9 38 15
9 39 12
9 40 1
9 41 5
9 42 20
9 43 6
9 44 17
9 45 5
9 46 3
9 47 17
9 48 16
9 49 12
9 50 5
9 51 15
9 52 8
9 53 13
9 54 7
9 55 11
9 56 9
9 57 2
9 58 13
9 59 16
9 60 16
9 61 17
9 62 12
9 63 10
9 64 15
9 65 9
9 66 19
9 67 15
9 68 15
9 69 14
9 70 15
9 71 2
9 72 18
9 73 11
9 74 17
9 75 18
9 76 3
9 77 8
9 78 9
9 79 11
9 80 20
9 81 13
9 82 11
9 83 19
9 84 11
9 85 20
9 86 7
9 87 1
9 88 18
9 89 17
9 90 17
9 91 7
9 92 19
9 93 18
9 94 16
9 95 14
9 96 9
9 97 11
9 98 12
9 99 10
9 100 6
9 101 6
9 102 19
9 103 13
9 104 14
9 105 18
9 106 12
9 107 17
9 108 12
9 109 3
9 110 16
9 111 3
9 112 13
9 113 3
9 114 19
9 115 4
9 116 17
9 117 4
9 118 13
9 119 3
9 120 17
9 121 18
9 122 17
9 123 16
9 124 6
9 125 8
9 126 20
9 127 13
9 128 2
9 129 15
9 130 9
9 131 15
9 132 20
9 133 4
9 134 11
9 135 15
9 136 19
9 137 8
9 138 7
9 139 10
9 140 18
9 141 15
9 142 8
9 143 19
9 144 5
9 145 20
9 146 11
9 147 1
9 148 8
9 149 1
9 150 11
9 151 9
9 152 1
9 153 1
9 154 19
9 155 15
9 156 15
9 157 14
9 158 15
9 159 1
9 160 2
9 161 18
9 162 15
9 163 1
9 164 20
9 165 2
9 166 6
9 167 7
9 168 7
9 169 3
9 170 17
9 171 7
9 172 12
9 173 16
9 174 13
9 175 3
9 176 9
9 178 19
9 179 16
9 180 3
9 181 17
9 182 1
9 183 19
9 184 3
9 185 2
9 186 16
9 187 5
9 188 7
9 189 10
9 190 16
9 191 16
9 192 19
9 193 4
9 194 2
9 195 16
9 196 10
9 197 4
9 198 13
9 199 2
9 200 19
9 201 7
9 202 3
9 203 15
9 204 12
9 205 20
9 206 7
9 207 6
9 208 12
9 209 7
9 210 1
9 211 8
9 212 12
9 213 12
9 214 18
9 215 9
9 216 10
9 217 8
9 218 5
9 219 14
9 220 19
9 221 5
9 222 15
9 223 9
9 224 19
9 225 17
9 226 9
9 227 18
9 T 10
10 1 1
10 2 13
10 3 14
10 4 1
10 5 8
10 6 5
10 7 7
10 8 13
10 9 5
10 11 16
10 12 18
10 13 13
10 15 10
10 16 15
10 17 8
10 18 12
10 19 14
10 20 10
10 21 14
10 22 4
10 23 15
10 24 12
10 25 18
10 26 6
10 27 3
10 28 11
10 29 8
10 30 4
10 31 19
10 32 18
10 33 8
10 34 20
10 35 19
10 36 15
10 37 5
10 38 5
10 39 7
10 40 12
10 41 4
10 42 12
10 43 15
10 44 15
10 45 11
10 46 7
10 47 18
10 48 17
10 49 9
10 50 10
10 51 6
10 52 5
10 53 16
10 54 19
10 55 18
10 56 2
10 57 14
10 58 14
10 59 2
10 60 12
10 62 10
10 63 10
10 64 13
10 65 2
10 66 8
10 67 3
10 68 8
10 69 19
10 70 2
10 71 13
10 72 17
10 73 3
10 74 12
10 75 7
10 76 2
10 77 10
10 78 2
10 79 3
10 80 1
10 81 3
10 82 15
10 83 10
10 84 1
10 85 5
10 86 17
10 87 4
10 88 7
10 89 19
10 90 14
10 91 3
10 92 2
10 93 2
10 94 3
10 95 20
10 96 16
10 97 8
10 98 19
10 99 18
10 100 10
10 101 12
10 102 20
10 103 10
10 104 8
10 105 17
10 106 7
10 107 5
10 108 10
10 109 7
10 110 1
10 111 19
10 112 16
10 113 13
10 114 10
10 115 8
10 116 6
10 117 14
10 118 8
10 119 14
10 120 14
10 121 13
10 122 10
10 123 2
10 124 16
10 125 13
10 126 2
10 127 8
10 128 19
10 129 6
10 130 6
10 131 4
10 132 12
10 133 1
10 134 17
10 135 6
10 136 11
10 137 19
10 138 6
10 139 1
10 140 16
10 141 11
10 142 9
10 143 7
10 144 6
10 145 6
10 146 10
10 147 13
10 148 16
10 149 20
10 150 9
10 151 17
10 152 1
10 153 10
10 154 7
10 155 3
10 156 1
10 157 20
10 158 10
10 159 19
10 160 1
10 161 18
10 162 14
10 163 4
10 164 11
10 165 3
10 166 20
10 167 1
10 168 13
10 169 8
10 170 15
10 171 2
10 172 13
10 173 3
10 174 2
10 175 17
10 176 2
10 177 8
10 178 2
10 179 2
10 180 5
10 181 1
10 182 13
10 183 6
10 184 4
10 185 19
10 186 16
10 187 3
10 188 3
10 189 18
10 190 6
10 191 20
10 192 12
10 193 14
10 194 19
10 195 4
10 196 6
10 197 6
10 198 17
10 199 8
10 200 5
10 201 5
10 202 8
10 203 7
10 204 18
10 205 11
10 206 12
10 207 14
10 208 8
10 209 3
10 210 18
10 211 15
10 212 6
10 213 5
10 214 20
10 215 17
10 216 16
10 217 4
10 218 19
10 219 7
10 220 9
10 222 16
10 223 1
10 224 11
10 225 9
10 226 11
10 227 15
10 T 19
11 1 10
11 2 18
11 3 8
11 4 17
11 5 6
11 7 16
11 8 13
11 9 18
11 10 2
11 13 10
11 14 8
11 15 4
11 16 5
11 17 6
11 18 6
11 19 9
11 20 6
11 21 4
11 22 8
11 23 18
11 24 8
11 25 4
11 26 13
11 27 6
11 28 4
11 29 18
11 30 9
11 31 9
11 32 3
11 33 16
11 34 6
11 35 9
11 36 11
11 37 20
11 38 2
11 39 16
11 40 1
11 41 9
11 42 10
11 43 4
11 44 4
11 45 11
11 46 16
11 47 11
11 48 14
11 49 6
11 50 14
11 51 6
11 52 11
11 53 20
11 54 19
11 55 1
11 56 15
11 57 19
11 58 5
11 59 13
11 60 4
11 61 10
11 62 8
11 63 4
11 64 13
11 65 9
11 66 5
11 67 3
11 68 15
11 69 15
11 70 10
11 71 11
11 72 3
11 73 2
11 74 15
11 75 9
11 76 3
11 77 13
11 78 6
11 79 18
11 80 13
11 81 12
11 82 17
11 83 13
11 84 17
11 85 16
11 86 3
11 87 8
11 88 5
11 89 3
11 90 4
11 91 14
11 92 6
11 93 9
11 94 18
11 95 15
11 96 19
11 97 20
11 98 15
11 99 13
11 100 17
11 101 13
11 102 8
11 103 8
11 104 17
11 105 7
11 106 11
11 107 2
11 108 1
11 109 4
11 110 15
11 111 16
11 112 12
11 113 5
11 114 11
11 115 19
11 116 14
11 117 11
11 118 11
11 119 11
11 120 18
11 121 18
11 122 18
11 123 6
11 124 17
11 125 6
11 126 13
11 127 2
11 128 4
11 129 7
11 130 11
11 131 19
11 132 18
11 133 2
11 134 13
11 135 1
11 136 2
11 137 20
11 138 16
11 139 17
11 140 3
11 141 20
11 142 2
11 143 2
11 144 16
11 145 17
11 146 19
11 147 12
11 148 13
11 149 7
11 150 16
11 151 15
11 152 8
11 153 10
11 154 2
11 155 7
11 156 4
11 157 9
11 158 5
11 159 10
11 160 16
11 161 16
11 162 19
11 163 8
11 164 19
11 165 17
11 166 13
11 167 9
11 168 8
11 169 4
11 170 9
11 171 10
11 172 2
11 173 18
11 174 13
11 175 20
11 176 18
11 177 1
11 178 10
11 179 13
11 180 5
11 181 13
11 182 12
11 183 12
11 184 19
11 185 2
11 186 10
11 187 18
11 188 2
11 189 5
11 190 19
11 191 10
11 192 3
11 193 7
11 194 10
11 195 15
11 196 7
11 197 13
11 198 14
11 199 8
11 200 6
11 201 9
11 202 8
11 203 20
11 204 3
11 205 9
11 206 19
11 207 13
11 208 16
11 209 13
11 210 8
11 211 8
11 212 10
11 213 3
11 214 5
11 215 17
11 216 12
11 217 4
11 218 3
11 219 3
11 220 12
11 221 4
11 223 6
11 224 1
11 225 18
11 226 2
11 227 3
11 T 12
12 1 6
12 2 7
12 3 18
12 4 15
12 5 1
12 6 12
12 7 12
12 8 10
12 9 1
12 10 15
12 11 17
12 13 11
12 14 16
12 15 1
12 16 18
12 17 7
12 18 9
12 19 8
12 20 10
12 21 3
12 22 1
12 23 14
12 24 4
12 25 16
12 26 9
12 27 14
12 28 9
12 29 3
12 30 14
12 31 6
12 32 12
12 33 5
12 34 4
12 35 14
12 36 14
12 37 8
12 38 13
12 39 18
12 40 20
12 41 12
12 42 17
12 43 7
12 44 3
12 45 10
12 46 12
12 47 6
12 48 7
12 49 6
12 50 13
12 51 9
12 52 9
12 53 3
12 54 3
12 55 18
12 56 7
12 57 13
12 58 10
12 59 2
12 60 18
12 61 13
12 62 12
12 63 7
12 64 19
12 65 7
12 66 9
12 67 4
12 68 17
12 69 13
12 70 8
12 71 16
12 72 10
12 73 13
12 74 5
12 75 3
12 76 14
12 77 16
12 78 5
12 79 20
12 80 17
12 81 7
12 82 19
12 83 7
12 84 2
12 85 10
12 86 15
12 87 16
12 88 15
12 89 14
12 90 19
12 91 19
12 92 8
12 93 9
12 94 12
12 95 13
12 96 8
12 97 18
12 98 20
12 99 12
12 100 2
12 101 17
12 102 6
12 103 16
12 104 5
12 105 2
12 106 19
12 107 14
12 108 14
12 109 10
12 110 13
12 111 16
12 112 19
12 113 5
12 114 13
12 115 6
12 116 10
12 117 12
12 118 19
12 119 17
12 120 11
12 121 1
12 122 20
12 123 10
12 124 11
12 125 5
12 126 5
12 127 1
12 128 7
12 129 13
12 130 4
12 131 5
12 132 1
12 133 14
12 134 17
12 135 8
12 136 14
12 137 19
12 138 11
12 139 4
12 140 10
12 141 14
12 142 12
12 143 3
12 144 1
12 145 19
12 146 20
12 147 13
12 148 10
12 149 9
12 150 11
12 151 15
12 152 19
12 153 5
12 154 5
12 155 4
12 156 1
12 157 19
12 158 15
12 159 6
12 160 20
12 161 16
12 162 20
12 163 20
12 164 13
12 165 1
12 166 16
12 168 18
12 169 19
12 170 15
12 171 20
12 172 11
12 173 7
12 174 12
12 175 11
12 176 5
12 177 12
12 178 9
12 179 12
12 180 2
12 181 8
12 182 6
12 183 2
12 184 8
12 185 15
12 186 15
12 187 11
12 188 7
12 189 6
12 190 10
12 191 9
12 192 20
12 193 19
12 194 15
12 195 16
12 196 5
12 197 8
12 198 8
12 199 20
12 200 8
12 201 6
12 202 1
12 203 12
12 204 5
12 205 10
12 206 5
12 207 6
12 208 18
12 209 12
12 210 5
12 211 11
12 212 9
12 213 8
12 214 13
12 215 7
12 216 12
12 217 19
12 218 9
12 219 1
12 220 7
12 221 2
12 222 15
12 223 5
12 224 19
12 225 18
12 226 16
12 227 15
12 T 11
13 1 3
13 2 4
13 3 19
13 4 17
13 5 10
13 6 6
13 7 9
13 8 12
13 9 19
13 10 12
13 11 10
13 12 12
13 14 6
13 15 12
13 16 2
13 17 13
13 18 14
13 19 19
13 20 12
13 21 16
13 22 14
13 23 17
13 24 11
13 25 15
13 26 12
13 27 3
13 28 3
13 29 20
13 30 8
13 31 13
13 32 3
13 33 16
13 34 2
13 35 1
13 36 13
13 37 6
13 38 8
13 39 16
13 40 6
13 41 6
13 42 4
13 43 12
13 44 18
13 45 19
13 46 9
13 47 12
13 48 13
13 49 3
13 50 7
13 51 7
13 52 11
13 53 13
13 54 13
13 55 18
13 56 7
13 57 2
13 58 8
13 59 9
13 60 9
13 61 15
13 62 6
13 63 6
13 64 1
13 65 13
13 66 9
13 67 6
13 68 4
13 69 15
13 70 5
13 71 16
13 72 13
13 73 7
13 74 12
13 75 7
13 76 6
13 77 17
13 78 9
13 79 5
13 80 12
13 81 15
13 82 15
13 83 9
13 84 2
13 85 11
13 86 14
13 87 7
13 88 12
13 89 8
13 90 16
13 91 3
13 92 14
13 93 14
13 94 4
13 95 5
13 96 18
13 97 3
13 98 4
13 99 16
13 100 1
13 101 18
13 102 11
13 103 19
13 104 16
13 105 14
13 106 11
13 107 15
13 108 14
13 109 12
13 110 1
13 111 14
13 112 4
13 113 6
13 114 16
13 115 5
13 116 17
13 117 19
13 118 16
13 119 15
13 120 5
13 121 18
13 122 16
13 123 8
13 124 1
13 125 12
13 126 6
13 127 10
13 128 7
13 129 13
13 130 13
13 131 18
13 132 1
13 134 5
13 135 13
13 136 2
13 137 17
13 138 16
13 139 7
13 140 13
13 141 20
13 142 6
13 143 18
13 144 2
13 145 16
13 146 19
13 147 16
13 148 8
13 149 12
13 150 13
13 151 3
13 152 1
13 153 9
13 154 13
13 155 2
13 156 12
13 157 4
13 158 7
13 159 7
13 160 14
13 161 17
13 162 8
13 163 16
13 164 5
13 165 14
13 166 17
13 167 2
13 168 7
13 169 8
13 170 4
13 171 3
13 172 8
13 173 20
13 174 13
13 175 5
13 176 4
13 177 12
13 178 9
13 179 8
13 180 17
13 181 19
13 182 3
13 183 14
13 184 5
13 185 12
13 186 9
13 187 4
13 188 5
13 189 6
13 190 6
13 191 3
13 192 11
13 193 15
13 194 2
13 195 5
13 196 1
13 197 12
13 198 15
13 199 6
13 200 18
13 201 17
13 202 9
13 203 16
13 204 19
13 205 1
13 206 9
13 207 12
13 208 2
13 209 18
13 210 6
13 211 10
13 212 7
13 213 6
13 214 17
13 216 19
13 217 10
13 218 12
13 219 8
13 220 20
13 221 7
13 222 1
13 223 17
13 224 7
13 225 18
13 226 2
13 227 16
13 T 15
14 1 8
14 2 3
14 3 12
14 4 7
14 5 16
14 6 9
14 7 17
14 8 5
14 9 16
14 10 12
14 11 20
14 13 8
14 15 5
14 16 7
14 17 14
14 18 11
14 19 7
14 20 20
14 21 19
14 22 2
14 23 16
14 24 1
14 25 10
14 26 4
14 27 8
14 28 11
14 29 9
14 30 3
14 31 13
14 32 3
14 33 2
14 34 4
14 35 16
14 36 3
14 37 10
14 38 10
14 39 2
14 40 1
14 41 4
14 42 8
14 43 5
14 44 17
14 45 2
14 46 15
14 47 7
14 48 7
14 49 6
14 50 15
14 51 11
14 52 20
14 53 3
14 54 15
14 55 20
14 56 18
14 57 20
14 58 20
14 59 16
14 60 8
14 61 10
14 62 6
14 63 13
14 64 19
14 65 14
14 66 14
14 67 5
14 68 16
14 69 12
14 70 12
14 71 9
14 72 2
14 73 13
14 74 8
14 75 6
14 76 7
14 77 20
14 78 8
14 79 20
14 80 1
14 81 18
14 82 16
14 83 17
14 84 4
14 85 9
14 86 13
14 87 10
14 88 4
14 89 5
14 90 3
14 91 5
14 92 4
14 94 15
14 95 11
14 96 3
14 97 3
14 98 18
14 99 13
14 100 5
14 101 11
14 102 15
14 103 9
14 104 2
14 105 8
14 106 19
14 107 18
14 108 8
14 109 15
14 110 9
14 111 14
14 112 16
14 113 16
14 114 5
14 115 12
14 116 14
14 117 5
14 118 2
14 119 1
14 120 8
14 121 17
14 122 12
14 123 6
14 124 15
14 125 3
14 126 8
14 127 1
14 128 17
14 129 12
14 130 13
14 131 9
14 132 18
14 133 14
14 134 17
14 135 19
14 136 7
14 137 8
14 138 5
14 139 12
14 140 11
14 141 3
14 142 20
14 143 7
14 144 7
14 145 11
14 146 10
14 147 5
14 148 14
14 149 1
14 150 20
14 151 16
14 152 9
14 153 7
14 154 6
14 156 7
14 157 7
14 158 17
14 159 8
14 160 18
14 161 16
14 162 6
14 163 14
14 164 17
14 165 17
14 166 20
14 167 18
14 168 2
14 169 4
14 170 20
14 171 4
14 172 11
14 173 15
14 174 12
14 175 5
14 176 11
14 177 15
14 178 11
14 179 1
14 180 17
14 181 15
14 182 11
14 183 12
14 184 7
14 185 14
14 186 15
14 187 16
14 188 7
14 189 12
14 191 12
14 192 2
14 193 14
14 194 6
14 195 2
14 196 5
14 197 5
14 198 1
14 199 2
14 200 12
14 201 7
14 202 20
14 203 16
14 204 7
14 206 20
14 207 19
14 208 3
14 209 1
14 210 1
14 211 18
14 212 19
14 213 12
14 214 16
14 215 3
14 216 9
14 217 20
14 218 11
14 219 20
14 220 15
14 221 16
14 222 4
14 223 13
14 224 20
14 225 18
14 226 3
14 T 16
15 1 20
15 2 11
15 3 19
15 4 15
15 5 10
15 6 4
15 7 6
15 8 5
15 9 19
15 10 5
15 11 18
15 12 3
15 13 8
15 14 19
15 16 20
15 17 19
15 18 16
15 19 7
15 20 12
15 21 8
15 22 6
15 23 4
15 24 8
15 25 16
15 26 6
15 27 12
15 28 11
15 29 1
15 30 5
15 31 5
15 32 16
15 33 8
15 34 16
15 35 7
15 37 1
15 38 7
15 39 15
15 40 1
15 41 9
15 42 18
15 43 19
15 44 16
15 45 19
15 46 19
15 47 8
15 48 3
15 49 1
15 50 15
15 51 1
15 52 20
15 53 19
15 54 17
15 55 11
15 56 18
15 57 16
15 58 15
15 59 10
15 60 10
15 61 2
15 62 8
15 63 6
15 64 9
15 65 13
15 66 12
15 67 6
15 68 5
15 69 6
15 70 5
15 71 10
15 72 6
15 73 4
15 74 14
15 75 16
15 76 7
15 77 17
15 78 18
15 79 7
15 80 6
15 81 12
15 82 12
15 83 2
15 84 1
15 85 6
15 86 14
15 87 4
15 88 18
15 89 8
15 90 5
15 91 7
15 92 3
15 93 15
15 94 18
15 95 3
15 96 3
15 97 16
15 98 5
15 99 3
15 100 5
15 101 9
15 102 3
15 103 9
15 104 16
15 105 3
15 106 14
15 107 11
15 108 17
15 109 2
15 110 15
15 111 16
15 112 10
15 113 8
15 114 6
15 115 3
15 116 5
15 117 7
15 118 8
15 119 7
15 120 10
15 121 5
15 122 1
15 123 3
15 124 11
15 125 5
15 126 10
15 127 1
15 128 1
15 129 16
15 130 10
15 131 2
15 132 20
15 133 16
15 134 9
15 135 15
15 136 6
15 137 18
15 138 16
15 139 17
15 140 14
15 141 6
15 142 20
15 143 19
15 144 11
15 145 4
15 146 10
15 147 12
15 148 7
15 149 19
15 150 17
15 151 8
15 152 15
15 153 6
15 154 7
15 155 15
15 156 11
15 157 10
15 158 10
15 159 16
15 160 20
15 161 20
15 162 4
15 163 5
15 164 3
15 165 7
15 166 2
15 167 1
15 168 4
15 169 20
15 170 14
15 171 16
15 172 19
15 173 7
15 174 10
15 175 10
15 176 8
15 177 1
15 178 9
15 179 6
15 180 16
15 181 13
15 182 7
15 183 3
15 184 20
15 185 5
15 186 18
15 187 12
15 188 3
15 189 20
15 190 2
15 191 19
15 192 17
15 193 9
15 194 10
15 195 7
15 196 17
15 197 9
15 198 5
15 199 4
15 200 3
15 201 19
15 202 19
15 203 19
15 204 10
15 205 12
15 206 8
15 207 2
15 208 17
15 209 2
15 210 10
15 211 16
15 212 13
15 213 16
15 214 20
15 215 12
15 216 19
15 217 13
15 218 3
15 219 7
15 220 18
15 221 15
15 223 13
15 224 10
15 225 4
15 226 18
15 227 17
15 T 19
16 1 13
16 2 10
16 3 7
16 4 17
16 5 20
16 6 8
16 7 2
16 8 7
16 9 15
16 10 6
16 11 15
16 12 20
16 13 15
16 14 11
16 15 13
16 17 18
16 18 18
16 19 13
16 20 10
16 21 11
16 22 9
16 23 9
16 24 11
16 25 3
16 26 18
16 27 6
16 28 12
16 29 1
16 30 5
16 31 12
16 32 12
16 33 12
16 35 14
16 36 16
16 37 17
16 38 2
16 39 5
16 40 4
16 41 18
16 42 10
16 43 7
16 44 17
16 45 20
16 46 8
16 47 12
16 48 2
16 49 16
16 50 13
16 51 14
16 52 7
16 53 4
16 54 10
16 55 13
16 56 4
16 57 20
16 58 10
16 59 18
16 60 19
16 61 1
16 62 12
16 63 17
16 64 1
16 65 3
16 66 1
16 67 10
16 68 12
16 69 9
16 70 8
16 71 12
16 72 1
16 73 9
16 74 9
16 75 16
16 76 5
16 77 5
16 78 8
16 79 15
16 80 8
16 81 4
16 82 14
16 83 17
16 84 8
16 85 7
16 86 5
16 87 16
16 88 4
16 89 12
16 90 14
16 91 15
16 92 1
16 93 6
16 94 8
16 95 13
16 96 5
16 97 15
16 98 1
16 99 14
16 100 2
16 101 10
16 102 19
16 103 17
16 104 19
16 105 7
16 106 4
16 107 9
16 108 19
16 109 8
16 110 13
16 111 7
16 112 20
16 113 14
16 114 12
16 115 4
16 116 17
16 117 13
16 118 7
16 119 12
16 120 7
16 121 18
16 122 19
16 123 8
16 124 11
16 125 6
16 126 1
16 127 8
16 128 15
16 129 1
16 130 19
16 131 1
16 132 7
16 133 12
16 134 8
16 135 13
16 136 10
16 137 12
16 138 2
16 139 16
16 140 7
16 141 11
16 142 16
16 143 17
16 144 16
16 145 18
16 146 18
16 147 1
16 148 1
16 149 11
16 150 11
16 151 14
16 152 1
16 153 8
16 154 9
16 155 1
16 156 12
16 157 17
16 158 10
16 159 2
16 160 7
16 161 19
16 162 19
16 163 5
16 164 2
16 165 19
16 166 15
16 167 19
16 168 15
16 169 4
16 170 20
16 171 14
16 172 13
16 173 11
16 174 2
16 175 9
16 176 16
16 177 1
16 178 1
16 179 19
16 180 19
16 181 3
16 182 18
16 183 4
16 184 1
16 185 20
16 186 8
16 187 3
16 188 15
16 189 16
16 190 16
16 191 12
16 192 20
16 193 12
16 194 15
16 195 20
16 196 13
16 197 5
16 198 3
16 199 14
16 200 14
16 201 7
16 202 2
16 203 16
16 204 14
16 205 14
16 206 3
16 207 12
16 208 2
16 209 17
16 210 6
16 211 6
16 212 5
16 213 20
16 214 17
16 215 6
16 216 16
16 217 7
16 218 4
16 220 18
16 221 15
16 222 3
16 223 14
16 224 8
16 225 6
16 226 18
16 227 18
16 T 20
17 1 7
17 2 4
17 3 6
17 4 1
17 5 2
17 6 8
17 7 2
17 8 5
17 9 14
17 10 19
17 11 2
17 12 15
17 13 3
17 14 11
17 15 11
17 16 19
17 18 3
17 19 20
17 20 19
17 21 18
17 22 2
17 23 20
17 24 13
17 25 10
17 26 20
17 27 12
17 28 2
17 29 19
17 30 15
17 31 4
17 32 17
17 33 7
17 34 14
17 35 14
17 36 10
17 37 10
17 39 11
17 40 18
17 41 13
17 42 12
17 43 8
17 44 18
17 45 12
17 46 3
17 47 15
17 48 5
17 49 19
17 50 9
17 51 1
17 53 7
17 54 3
17 55 1
17 56 17
17 57 6
17 58 14
17 59 14
17 60 2
17 61 19
17 62 13
17 63 13
17 64 8
17 65 19
17 66 11
17 67 6
17 68 9
17 69 9
17 70 14
17 71 14
17 72 6
17 73 3
17 74 18
17 75 14
17 76 2
17 77 8
17 78 9
17 79 9
17 80 11
17 81 16
17 82 7
17 83 16
17 84 1
17 85 15
17 86 14
17 87 6
17 88 5
17 89 11
17 90 20
17 91 12
17 92 20
17 93 3
17 95 4
17 96 14
17 97 9
17 98 18
17 99 20
17 100 3
17 101 16
17 102 9
17 103 10
17 104 4
17 105 14
17 106 1
17 107 7
17 108 13
17 109 16
17 110 7
17 111 18
17 112 2
17 113 10
17 114 17
17 115 14
17 116 3
17 117 16
17 118 15
17 119 3
17 120 15
17 121 20
17 122 6
17 123 18
17 124 16
17 125 8
17 126 8
17 127 20
17 128 8
17 129 19
17 130 2
17 131 7
17 132 10
17 133 9
17 134 1
17 135 18
17 136 20
17 137 11
17 138 12
17 139 1
17 140 7
17 141 4
17 142 1
17 143 2
17 144 14
17 145 5
17 146 7
17 147 8
17 148 20
17 149 5
17 150 14
17 151 17
17 152 13
17 153 7
17 154 1
17 155 12
17 156 5
17 157 18
17 158 5
17 159 4
17 160 14
17 161 15
17 162 11
17 163 13
17 164 9
17 165 3
17 166 19
17 167 5
17 168 17
17 169 1
17 170 1
17 171 9
17 172 6
17 173 8
17 174 19
17 175 6
17 176 12
17 177 5
17 178 7
17 179 14
17 180 4
17 181 10
17 182 18
17 183 6
17 184 18
17 185 17
17 186 8
17 187 16
17 188 16
17 189 15
17 190 5
17 191 18
17 192 14
17 193 8
17 194 15
17 195 14
17 196 3
17 197 20
17 198 6
17 199 5
17 200 11
17 201 11
17 202 7
17 203 16
17 204 7
17 205 6
17 206 1
17 207 20
17 208 7
17 209 16
17 210 3
17 211 8
17 212 3
17 213 16
17 214 20
17 215 4
17 216 14
17 217 1
17 218 18
17 219 7
17 220 18
17 221 1
17 222 20
17 223 4
17 224 5
17 225 15
17 226 17
17 227 16
17 T 18
18 1 13
18 2 7
18 3 2
18 4 4
18 5 8
18 6 17
18 7 10
18 8 17
18 9 17
18 10 13
18 11 1
18 12 11
18 13 7
18 14 18
18 15 19
18 16 2
18 17 8
18 19 20
18 20 14
18 21 1
18 22 13
18 23 3
18 24 3
18 25 15
18 26 11
18 27 18
18 28 16
18 29 10
18 30 9
18 31 18
18 32 3
18 33 4
18 34 4
18 35 15
18 36 3
18 37 2
18 38 15
18 39 16
18 40 6
18 41 11
18 42 10
18 43 14
18 44 20
18 45 8
18 46 19
18 47 20
18 48 19
18 49 7
18 50 15
18 51 4
18 52 16
18 53 9
18 54 1
18 55 12
18 56 16
18 57 20
18 58 2
18 59 17
18 60 7
18 61 5
18 62 6
18 63 19
18 64 12
18 65 16
18 66 8
18 67 8
18 68 13
18 69 19
18 70 12
18 71 12
18 72 12
18 73 19
18 74 6
18 75 20
18 76 4
18 77 14
18 78 1
18 79 20
18 80 3
18 81 14
18 82 5
18 83 16
18 84 1
18 85 7
18 86 14
18 87 3
18 88 13
18 89 15
18 90 11
18 91 6
18 92 3
18 93 13
18 94 5
18 95 8
18 96 10
18 98 8
18 99 6
18 101 16
18 102 11
18 103 18
18 104 10
18 105 13
18 106 9
18 107 16
18 108 2
18 109 5
18 110 15
18 111 2
18 112 8
18 113 14
18 114 16
18 115 19
18 116 4
18 117 1
18 118 20
18 119 14
18 120 18
18 121 3
18 122 12
18 123 14
18 124 16
18 125 18
18 126 16
18 127 15
18 128 9
18 129 12
18 130 16
18 131 18
18 132 20
18 133 11
18 134 17
18 135 9
18 136 9
18 137 7
18 138 11
18 139 7
18 140 17
18 141 5
18 142 11
18 143 17
18 144 20
18 145 20
18 146 6
18 147 20
18 148 11
18 149 4
18 150 3
18 151 8
18 152 4
18 153 18
18 154 2
18 155 7
18 156 5
18 157 20
18 158 20
18 159 5
18 160 17
18 161 18
18 162 1
18 163 19
18 164 2
18 165 7
18 166 15
18 167 4
18 169 18
18 170 7
18 171 1
18 172 19
18 173 9
18 174 17
18 175 16
18 176 5
18 177 9
18 178 14
18 179 18
18 180 14
18 181 18
18 182 9
18 183 9
18 184 9
18 185 11
18 186 6
18 187 20
18 188 3
18 189 11
18 190 14
18 191 9
18 192 20
18 193 11
18 194 17
18 195 5
18 196 1
18 197 20
18 198 9
18 199 5
18 200 19
18 201 13
18 202 5
18 203 14
18 204 5
18 205 19
18 206 10
18 207 16
18 208 7
18 209 13
18 210 1
18 211 1
18 212 11
18 213 17
18 214 12
18 215 1
18 216 2
18 217 10
18 218 12
18 219 6
18 220 17
18 221 8
18 222 4
18 223 8
18 224 8
18 225 4
18 226 8
18 227 2
18 T 19
19 1 20
19 2 19
19 3 16
19 4 4
19 5 7
19 6 8
19 7 8
19 8 20
19 9 9
19 10 17
19 11 14
19 12 5
19 13 4
19 14 17
19 15 18
19 16 19
19 17 17
19 18 16
19 20 1
19 21 15
19 22 15
19 23 10
19 24 1
19 25 19
19 26 10
19 27 15
19 28 19
19 29 16
19 30 16
19 31 6
19 32 8
19 33 13
19 34 18
19 35 14
19 36 8
19 37 1
19 38 18
19 39 18
19 40 20
19 41 13
19 42 17
19 43 20
19 44 11
19 45 11
19 46 17
19 47 2
19 48 3
19 49 1
19 50 3
19 51 15
19 52 1
19 53 15
19 54 13
19 55 9
19 56 4
19 57 8
19 58 3
19 59 11
19 60 1
19 61 17
19 62 13
19 63 11
19 64 13
19 65 17
19 66 1
19 67 1
19 68 3
19 69 20
19 70 7
19 71 11
19 72 5
19 73 2
19 74 3
19 75 19
19 76 2
19 77 7
19 78 6
19 79 2
19 80 12
19 81 16
19 82 12
19 83 15
19 84 13
19 85 6
19 86 6
19 87 19
19 88 11
19 89 18
19 90 6
19 91 11
19 92 5
19 93 20
19 94 18
19 95 19
19 96 9
19 97 2
19 98 18
19 99 12
19 100 9
19 102 13
19 103 12
19 104 16
19 105 3
19 106 17
19 107 1
19 108 7
19 109 17
19 110 17
19 111 8
19 112 3
19 113 4
19 114 7
19 115 14
19 116 18
19 117 8
19 118 14
19 119 14
19 120 17
19 121 19
19 122 7
19 123 7
19 124 1
19 125 9
19 126 6
19 127 9
19 128 11
19 129 2
19 130 14
19 131 13
19 132 13
19 133 7
19 134 13
19 135 15
19 136 11
19 137 5
19 138 9
19 139 18
19 140 14
19 141 20
19 142 18
19 143 19
19 144 6
19 145 14
19 146 9
19 147 2
19 148 15
19 149 20
19 150 11
19 151 17
19 152 2
19 153 10
19 154 16
19 155 12
19 156 18
19 157 6
19 158 5
19 159 8
19 160 9
19 161 3
19 162 19
19 163 19
19 164 20
19 165 11
19 166 10
19 167 3
19 168 17
19 169 4
19 170 6
19 171 15
19 172 2
19 173 12
19 174 17
19 175 10
19 176 4
19 177 8
19 178 4
19 179 1
19 180 14
19 181 20
19 182 20
19 183 15
19 184 7
19 185 15
19 186 14
19 187 6
19 188 18
19 189 9
19 190 11
19 191 15
19 192 5
19 193 18
19 194 2
19 195 18
19 196 19
19 197 10
19 198 11
19 199 3
19 200 9
19 201 16
19 202 12
19 203 12
19 204 17
19 205 17
19 206 1
19 207 8
19 208 6
19 209 8
19 210 14
19 211 13
19 212 18
19 213 4
19 214 9
19 215 2
19 216 2
19 217 5
19 218 10
19 219 15
19 220 14
19 221 10
19 222 4
19 223 4
19 224 4
19 225 8
19 226 5
19 227 12
19 T 11
20 1 2
20 2 10
20 3 4
20 4 4
20 5 16
20 6 1
20 7 5
20 8 7
20 9 4
20 10 7
20 11 16
20 12 11
20 13 19
20 14 13
20 15 10
20 16 14
20 17 7
20 18 6
20 19 8
20 21 8
20 22 11
20 23 20
20 24 19
20 25 10
20 27 8
20 28 4
20 29 2
20 30 18
20 31 2
20 32 19
20 33 3
20 34 2
20 35 4
20 36 2
20 37 14
20 38 18
20 39 11
20 40 5
20 41 11
20 42 16
20 43 9
20 44 18
20 45 9
20 46 2
20 47 17
20 48 15
20 49 13
20 50 13
20 51 18
20 52 7
20 53 5
20 54 10
20 55 13
20 56 15
20 57 17
20 58 18
20 59 3
20 60 12
20 61 5
20 62 19
20 63 15
20 64 15
20 65 9
20 66 16
20 67 20
20 68 17
20 69 10
20 70 3
20 71 13
20 72 12
20 73 13
20 74 8
20 75 8
20 76 7
20 77 8
20 78 16
20 79 2
20 80 9
20 81 15
20 82 6
20 83 8
20 84 5
20 85 19
20 86 12
20 87 1
20 88 4
20 89 12
20 90 20
20 91 18
20 92 17
20 93 20
20 94 20
20 95 2
20 96 3
20 97 5
20 98 10
20 99 11
20 100 10
20 101 8
20 102 17
20 103 12
20 104 5
20 105 15
20 106 17
20 107 18
20 108 10
20 109 1
20 110 11
20 111 7
20 112 19
20 113 6
20 114 18
20 115 13
20 116 15
20 117 6
20 118 5
20 119 9
20 120 17
20 121 2
20 122 12
20 123 6
20 124 18
20 125 9
20 126 7
20 127 7
20 128 14
20 129 6
20 130 19
20 131 15
20 132 1
20 133 15
20 134 14
20 135 4
20 136 14
20 137 2
20 138 5
20 139 20
20 140 6
20 141 9
20 142 19
20 143 20
20 144 4
20 145 3
20 146 15
20 147 4
20 148 18
20 149 1
20 150 10
20 151 16
20 152 5
20 153 6
20 154 3
20 155 10
20 156 2
20 157 13
20 158 18
20 159 3
20 160 14
20 161 3
20 162 11
20 163 8
20 164 19
20 165 18
20 166 12
20 167 19
20 168 19
20 169 14
20 170 8
20 171 17
20 172 15
20 173 5
20 174 10
20 175 17
20 176 12
20 177 2
20 178 16
20 179 13
20 180 2
20 181 4
20 182 13
20 183 9
20 184 4
20 185 20
20 186 13
20 187 8
20 188 3
20 189 3
20 190 5
20 191 16
20 192 12
20 193 16
20 194 18
20 195 8
20 196 3
20 197 12
20 198 20
20 199 10
20 200 13
20 201 20
20 202 11
20 203 16
20 204 10
20 205 12
20 206 19
20 207 5
20 208 17
20 209 18
20 210 13
20 211 18
20 212 4
20 213 17
20 214 13
20 215 16
20 216 19
20 217 20
20 218 6
20 219 8
20 220 1
20 221 5
20 222 7
20 223 9
20 224 5
20 225 12
20 226 3
20 227 10
20 T 2
21 1 6
21 2 9
21 3 18
21 4 9
21 5 18
21 6 17
21 7 4
21 8 10
21 9 2
21 10 8
21 11 2
21 12 8
21 13 8
21 14 4
21 15 6
21 16 20
21 17 13
21 18 3
21 19 1
21 20 15
21 22 10
21 23 13
21 24 6
21 25 12
21 26 6
21 27 7
21 28 18
21 29 20
21 31 2
21 32 5
21 33 13
21 34 2
21 35 8
21 36 1
21 37 13
21 38 3
21 39 16
21 40 15
21 41 17
21 42 19
21 43 17
21 44 11
21 45 16
21 46 6
21 47 17
21 48 11
21 49 1
21 50 2
21 51 3
21 52 12
21 53 3
21 54 15
21 55 16
21 56 14
21 57 14
21 58 4
21 59 7
21 60 20
21 61 3
21 62 11
21 63 3
21 64 8
21 65 19
21 66 12
21 67 7
21 68 16
21 69 19
21 70 12
21 71 6
21 72 4
21 73 4
21 74 2
21 75 17
21 76 9
21 77 2
21 78 12
21 79 1
21 80 19
21 81 10
21 82 8
21 83 8
21 84 1
21 85 14
21 86 18
21 87 11
21 88 3
21 89 17
21 90 6
21 91 1
21 92 17
21 93 14
21 94 2
21 95 18
21 96 10
21 97 19
21 98 17
21 99 8
21 100 20
21 101 1
21 102 3
21 103 15
21 104 11
21 105 12
21 106 4
21 107 16
21 108 8
21 109 14
21 110 16
21 111 7
21 112 11
21 113 4
21 114 3
21 115 18
21 116 7
21 117 18
21 118 8
21 119 10
21 120 2
21 121 5
21 122 12
21 123 7
21 124 14
21 125 9
21 126 11
21 127 5
21 128 3
21 129 1
21 130 15
21 131 12
21 132 14
21 134 19
21 135 14
21 136 4
21 137 17
21 138 8
21 139 18
21 140 3
21 141 20
21 142 18
21 143 12
21 144 1
21 145 10
21 146 11
21 147 9
21 148 11
21 149 3
21 150 17
21 151 11
21 152 12
21 153 11
21 154 2
21 155 15
21 156 16
21 157 12
21 158 14
21 159 7
21 160 12
21 161 11
21 162 19
21 163 20
21 164 9
21 166 7
21 167 10
21 168 5
21 169 5
21 170 2
21 171 3
21 172 13
21 173 12
21 174 19
21 175 1
21 176 11
21 177 9
21 178 3
21 179 9
21 180 16
21 181 14
21 182 19
21 183 2
21 184 9
21 185 13
21 186 8
21 187 16
21 188 2
21 189 1
21 190 14
21 191 6
21 192 19
21 193 17
21 194 11
21 195 8
21 196 4
21 197 15
21 198 12
21 199 15
21 200 14
21 201 1
21 202 11
21 203 5
21 204 13
21 205 15
21 206 5
21 207 19
21 208 2
21 209 18
21 210 14
21 211 17
21 212 18
21 213 14
21 214 7
21 215 15
21 216 12
21 217 7
21 218 15
21 219 15
21 220 6
21 221 18
21 222 18
21 223 1
21 224 8
21 225 2
21 226 17
21 227 8
21 T 4
22 1 1
22 2 12
22 3 11
22 4 10
22 5 13
22 6 12
22 7 19
22 8 13
22 9 8
22 10 13
22 11 5
22 12 16
22 13 4
22 14 16
22 15 3
22 16 20
22 17 8
22 18 2
22 19 18
22 20 3
22 21 6
22 23 5
22 24 13
22 25 16
22 26 12
22 27 12
22 28 19
22 29 13
22 30 8
22 31 17
22 32 9
22 33 3
22 34 5
22 35 10
22 36 20
22 37 15
22 38 20
22 39 10
22 40 5
22 41 20
22 42 13
22 43 14
22 44 11
22 45 20
22 46 11
22 47 14
22 48 16
22 49 7
22 50 15
22 51 20
22 52 16
22 53 2
22 54 4
22 55 15
22 56 20
22 57 10
22 58 8
22 59 2
22 60 4
22 61 15
22 62 16
22 63 4
22 64 13
22 65 5
22 66 19
22 67 14
22 68 13
22 69 14
22 70 11
22 71 18
22 72 11
22 73 13
22 74 19
22 75 19
22 77 7
22 78 12
22 79 16
22 80 12
22 81 18
22 82 4
22 83 18
22 84 15
22 85 17
22 86 15
22 87 7
22 88 16
22 89 5
22 90 18
22 91 2
22 92 20
22 93 7
22 94 18
22 95 12
22 96 9
22 97 10
22 98 19
22 99 20
22 100 1
22 101 9
22 102 1
22 103 18
22 104 13
22 105 5
22 106 7
22 107 7
22 108 1
22 109 3
22 110 4
22 111 15
22 112 10
22 113 14
22 114 16
22 115 11
22 116 11
22 117 11
22 118 2
22 119 7
22 120 4
22 121 17
22 122 12
22 123 11
22 124 20
22 125 14
22 126 15
22 127 12
22 128 16
22 129 16
22 130 8
22 131 4
22 132 2
22 133 5
22 134 4
22 135 20
22 136 11
22 137 11
22 138 10
22 139 12
22 140 17
22 141 11
22 142 15
22 143 9
22 144 8
22 145 4
22 146 5
22 147 14
22 148 5
22 149 18
22 150 17
22 151 15
22 152 20
22 153 4
22 154 11
22 155 15
22 156 15
22 157 11
22 158 3
22 159 5
22 160 4
22 161 13
22 162 18
22 163 7
22 164 7
22 165 9
22 166 14
22 167 17
22 168 11
22 169 4
22 170 6
22 171 10
22 172 8
22 173 2
22 174 20
22 175 12
22 176 7
22 177 12
22 178 11
22 179 6
22 180 13
22 181 18
22 182 14
22 183 7
22 184 3
22 185 14
22 186 7
22 187 11
22 188 4
22 189 7
22 190 3
22 191 2
22 192 13
22 193 18
22 194 18
22 195 2
22 196 7
22 197 11
22 198 10
22 199 20
22 200 7
22 201 10
22 202 12
22 203 5
22 204 15
22 205 17
22 206 2
22 207 9
22 208 13
22 209 8
22 210 8
22 211 3
22 212 10
22 213 9
22 214 13
22 215 9
22 216 14
22 217 12
22 218 17
22 219 1
22 220 11
22 221 18
22 222 1
22 223 18
22 224 18
22 225 13
22 227 10
22 T 6
23 1 8
23 2 7
23 3 3
23 4 5
23 5 3
23 6 15
23 7 3
23 8 5
23 9 2
23 10 9
23 11 5
23 12 1
23 13 14
23 14 8
23 15 12
23 16 6
23 17 19
23 18 20
23 19 6
23 20 18
23 21 4
23 22 19
23 25 11
23 26 17
23 27 1
23 28 19
23 29 20
23 30 13
23 31 12
23 32 14
23 33 11
23 34 19
23 35 14
23 36 1
23 37 4
23 38 12
23 39 3
23 40 4
23 41 13
23 42 17
23 43 1
23 44 14
23 45 17
23 46 5
23 47 12
23 48 14
23 49 9
23 50 1
23 51 9
23 52 7
23 53 14
23 54 6
23 55 15
23 56 2
23 57 18
23 58 11
23 59 6
23 60 19
23 61 13
23 62 2
23 63 20
23 64 13
23 65 18
23 66 12
23 67 20
23 68 4
23 69 19
23 70 10
23 71 4
23 72 20
23 73 20
23 74 3
23 75 4
23 76 6
23 77 13
23 78 6
23 79 5
23 80 1
23 81 14
23 82 2
23 83 3
23 84 17
23 85 12
23 86 1
23 87 12
23 88 9
23 89 19
23 90 4
23 91 12
23 92 9
23 93 15
23 94 16
23 95 1
23 96 7
23 97 15
23 98 18
23 99 9
23 100 12
23 101 19
23 102 4
23 103 1
23 104 8
23 105 5
23 106 16
23 107 5
23 108 6
23 109 14
23 110 17
23 111 15
23 112 5
23 113 8
23 114 7
23 115 10
23 116 7
23 117 8
23 118 16
23 119 3
23 120 4
23 121 18
23 122 18
23 123 8
23 124 9
23 125 19
23 126 10
23 127 5
23 128 11
23 129 11
23 130 16
23 131 13
23 132 5
23 133 20
23 134 10
23 135 6
23 136 19
23 137 9
23 138 18
23 139 12
23 140 12
23 141 5
23 142 6
23 143 8
23 144 1
23 145 4
23 146 5
23 147 11
23 148 11
23 149 8
23 150 18
23 151 17
23 152 14
23 153 13
23 154 18
23 155 14
23 156 3
23 157 6
23 158 8
23 159 1
23 160 6
23 161 11
23 162 8
23 163 13
23 164 6
23 165 4
23 166 19
23 167 15
23 168 2
23 169 10
23 170 5
23 171 10
23 172 8
23 173 5
23 174 16
23 175 10
23 176 10
23 177 8
23 178 9
23 179 7
23 180 16
23 181 12
23 182 9
23 183 18
23 184 5
23 185 4
23 186 17
23 187 14
23 188 8
23 189 14
23 190 19
23 191 8
23 192 18
23 193 7
23 194 14
23 195 14
23 196 16
23 197 5
23 198 13
23 199 11
23 200 10
23 201 20
23 202 17
23 203 11
23 204 16
23 205 17
23 206 14
23 207 19
23 208 16
23 209 13
23 210 13
23 211 8
23 212 13
23 213 1
23 214 1
23 215 6
23 216 7
23 217 18
23 218 18
23 219 16
23 220 4
23 221 17
23 222 20
23 223 13
23 224 14
23 225 1
23 226 4
23 227 7
23 T 4
24 1 16
24 2 20
24 3 19
24 4 11
24 5 18
24 6 7
24 7 16
24 8 10
24 9 7
24 10 6
24 11 5
24 12 11
24 13 13
24 14 17
24 15 17
24 16 5
24 17 4
24 18 10
24 19 20
24 20 12
24 21 16
24 22 8
24 23 3
24 25 8
24 26 19
24 27 8
24 28 2
24 29 1
24 30 14
24 31 5
24 32 3
24 33 9
24 34 10
24 35 6
24 36 6
24 37 19
24 38 13
24 39 3
24 40 18
24 41 9
24 42 17
24 43 14
24 44 11
24 45 14
24 46 10
24 47 4
24 48 8
24 49 5
24 50 19
24 52 12
24 53 13
24 54 20
24 55 1
24 56 12
24 57 15
24 58 9
24 60 12
24 61 11
24 62 11
24 63 6
24 64 5
24 65 8
24 66 9
24 67 13
24 68 19
24 69 19
24 70 7
24 71 9
24 72 2
24 73 20
24 74 16
24 75 1
24 76 11
24 77 20
24 78 2
24 79 7
24 80 1
24 81 15
24 82 2
24 83 19
24 84 18
24 85 17
24 86 16
24 87 19
24 88 16
24 89 11
24 90 10
24 91 9
24 92 17
24 93 17
24 94 12
24 95 8
24 96 17
24 97 7
24 98 8
24 99 14
24 100 2
24 101 20
24 102 4
24 103 16
24 104 2
24 105 15
24 106 4
24 107 18
24 108 10
24 109 15
24 110 12
24 111 10
24 112 16
24 113 1
24 114 11
24 115 17
24 116 15
24 117 7
24 118 6
24 119 13
24 120 20
24 121 1
24 122 16
24 123 5
24 124 1
24 125 12
24 126 18
24 127 5
24 128 16
24 129 4
24 130 11
24 131 2
24 132 18
24 133 2
24 134 1
24 135 1
24 136 9
24 137 11
24 138 2
24 139 7
24 140 13
24 141 10
24 142 3
24 143 13
24 144 16
24 145 15
24 146 19
24 147 15
24 148 12
24 149 20
24 150 15
24 151 13
24 152 15
24 153 2
24 154 12
24 155 18
24 156 10
24 157 6
24 158 9
24 159 4
24 160 20
24 161 3
24 162 2
24 163 8
24 164 13
24 165 17
24 166 4
24 167 2
24 168 4
24 169 3
24 170 3
24 171 16
24 172 16
24 173 17
24 174 18
24 175 10
24 176 3
24 177 8
24 178 15
24 179 5
24 180 7
24 181 8
24 182 4
24 183 12
24 184 17
24 185 4
24 186 2
24 187 15
24 188 9
24 189 15
24 190 3
24 191 19
24 192 3
24 193 7
24 194 18
24 195 18
24 196 7
24 197 11
24 198 2
24 199 3
24 200 2
24 201 17
24 202 8
24 203 8
24 204 4
24 205 9
24 206 7
24 207 18
24 208 8
24 209 11
24 210 15
24 211 18
24 212 9
24 213 3
24 214 10
24 215 12
24 216 12
24 217 19
24 218 4
24 219 7
24 220 15
24 221 9
24 222 12
24 223 10
24 224 17
24 225 7
24 226 4
24 227 19
24 T 16
25 1 13
25 2 18
25 3 9
25 4 2
25 5 8
25 6 19
25 7 8
25 8 7
25 9 2
25 10 18
25 11 17
25 12 16
25 13 19
25 14 3
25 15 18
25 16 20
25 17 11
25 18 16
25 19 8
25 20 11
25 21 12
25 22 18
25 23 17
25 24 2
25 26 6
25 27 16
25 28 1
25 29 13
25 30 4
25 31 10
25 32 18
25 33 20
25 34 8
25 35 4
25 36 6
25 37 20
25 38 19
25 39 10
25 40 4
25 41 10
25 42 5
25 43 15
25 44 20
25 45 15
25 46 18
25 47 7
25 48 6
25 49 6
25 50 12
25 51 18
25 52 15
25 53 15
25 54 15
25 55 3
25 56 3
25 57 1
25 58 19
25 59 8
25 60 17
25 61 9
25 62 17
25 63 8
25 64 6
25 65 7
25 66 15
25 67 9
25 68 13
25 69 17
25 70 3
25 71 1
25 72 19
25 73 14
25 74 6
25 75 17
25 76 1
25 77 8
25 78 14
25 79 13
25 80 9
25 81 20
25 82 12
25 83 17
25 84 10
25 85 3
25 86 14
25 87 2
25 88 8
25 89 5
25 90 7
25 91 20
25 92 12
25 93 16
25 94 3
25 95 20
25 96 18
25 97 20
25 98 14
25 99 17
25 100 6
25 101 8
25 102 16
25 103 10
25 104 15
25 105 3
25 106 12
25 107 13
25 108 3
25 109 7
25 110 13
25 111 11
25 112 11
25 113 18
25 114 13
25 115 12
25 116 5
25 117 20
25 118 19
25 119 17
25 120 3
25 121 15
25 122 1
25 123 1
25 124 2
25 125 18
25 126 5
25 127 6
25 128 7
25 129 20
25 130 14
25 131 3
25 132 7
25 133 6
25 134 20
25 135 13
25 136 10
25 137 15
25 138 14
25 139 13
25 140 13
25 141 15
25 142 8
25 143 12
25 144 16
25 145 2
25 146 10
25 147 1
25 148 14
25 149 10
25 150 16
25 151 11
25 152 20
25 153 5
25 154 18
25 155 20
25 156 9
25 157 5
25 158 4
25 159 1
25 160 7
25 161 8
25 162 13
25 163 1
25 164 14
25 165 9
25 166 7
25 167 9
25 168 12
25 169 5
25 170 4
25 171 2
25 172 16
25 173 11
25 174 12
25 175 2
25 176 8
25 177 20
25 178 2
25 179 8
25 180 15
25 181 10
25 182 3
25 183 10
25 184 9
25 185 20
25 186 7
25 187 17
25 188 12
25 189 10
25 190 20
25 191 15
25 192 2
25 193 15
25 194 15
25 195 16
25 196 10
25 197 1
25 198 11
25 199 4
25 200 18
25 201 11
25 202 6
25 203 14
25 204 7
25 205 1
25 206 13
25 207 13
25 208 19
25 209 17
25 210 19
25 211 13
25 212 20
25 213 20
25 214 19
25 216 11
25 217 7
25 218 1
25 219 16
25 220 18
25 221 17
25 222 15
25 223 1
25 224 9
25 225 8
25 226 20
25 227 18
25 T 1
26 1 3
26 2 6
26 3 7
26 4 15
26 5 19
26 6 16
26 7 18
26 9 11
26 10 7
26 11 15
26 12 19
26 13 20
26 14 8
26 15 9
26 16 9
26 17 18
26 18 18
26 19 18
26 20 18
26 21 1
26 22 3
26 23 16
26 24 13
26 25 18
26 27 18
26 28 15
26 29 7
26 30 14
26 31 18
26 32 19
26 33 3
26 34 3
26 35 17
26 36 5
26 37 7
26 38 19
26 39 17
26 40 16
26 41 19
26 42 3
26 43 6
26 44 1
26 45 9
26 46 16
26 47 11
26 48 1
26 49 16
26 50 1
26 51 15
26 52 1
26 53 8
26 54 4
26 55 12
26 56 11
26 57 19
26 58 18
26 59 2
26 60 8
26 61 16
26 62 20
26 63 3
26 64 1
26 65 4
26 66 4
26 67 12
26 68 19
26 69 6
26 70 20
26 71 14
26 72 3
26 73 13
26 74 15
26 75 7
26 76 16
26 77 12
26 78 14
26 79 17
26 80 5
26 81 1
26 82 17
26 83 4
26 84 13
26 85 5
26 86 3
26 87 15
26 88 5
26 89 17
26 90 12
26 91 6
26 92 12
26 93 6
26 94 8
26 95 7
26 96 17
26 97 2
26 98 18
26 99 19
26 100 8
26 101 11
26 102 8
26 103 18
26 104 18
26 105 17
26 106 19
26 107 20
26 108 12
26 109 13
26 110 16
26 111 11
26 112 11
26 113 12
26 114 20
26 115 11
26 116 14
26 117 11
26 118 14
26 119 15
26 120 16
26 121 10
26 122 17
26 123 4
26 124 19
26 126 4
26 127 7
26 128 8
26 129 16
26 130 18
26 131 7
26 132 17
26 133 20
26 134 1
26 135 12
26 136 6
26 137 19
26 138 18
26 139 9
26 140 20
26 141 5
26 142 2
26 143 16
26 144 13
26 145 17
26 146 3
26 147 9
26 148 20
26 149 17
26 150 9
26 151 5
26 152 15
26 153 6
26 154 17
26 155 17
26 156 3
26 157 4
26 158 6
26 159 15
26 160 3
26 161 19
26 162 10
26 163 16
26 164 10
26 165 10
26 166 5
26 167 5
26 168 4
26 169 16
26 170 5
26 171 15
26 172 13
26 173 2
26 174 18
26 175 14
26 176 2
26 177 2
26 178 12
26 180 14
26 181 1
26 182 2
26 183 8
26 185 7
26 186 8
26 187 9
26 188 11
26 189 12
26 190 9
26 191 15
26 192 2
26 193 20
26 194 4
26 195 5
26 196 10
26 197 7
26 198 12
26 199 14
26 200 6
26 201 1
26 202 5
26 203 14
26 204 17
26 205 10
26 206 18
26 207 12
26 208 18
26 209 18
26 210 5
26 211 3
26 212 16
26 213 10
26 214 20
26 215 7
26 216 3
26 217 14
26 218 6
26 219 3
26 221 14
26 222 7
26 223 18
26 224 2
26 225 14
26 226 10
26 227 17
26 T 11
27 1 3
27 2 17
27 3 6
27 4 12
27 5 13
27 6 3
27 7 6
27 8 8
27 9 20
27 10 8
27 11 3
27 12 16
27 13 2
27 14 15
27 15 7
27 16 4
27 17 6
27 18 8
27 19 16
27 20 11
27 21 17
27 22 5
27 23 9
27 25 20
27 26 5
27 28 13
27 29 11
27 30 18
27 31 9
27 32 16
27 33 3
27 34 9
27 35 13
27 36 15
27 37 5
27 38 1
27 39 2
27 40 3
27 41 4
27 42 2
27 43 9
27 44 4
27 45 15
27 46 2
27 47 1
27 48 16
27 49 10
27 50 3
27 51 3
27 52 9
27 53 6
27 54 13
27 55 20
27 56 11
27 57 2
27 58 15
27 59 4
27 60 18
27 61 7
27 62 12
27 63 17
27 64 14
27 65 20
27 66 7
27 67 6
27 68 19
27 69 7
27 70 12
27 71 6
27 72 2
27 74 14
27 75 8
27 76 3
27 77 10
27 78 4
27 79 9
27 80 18
27 81 11
27 82 4
27 83 3
27 84 6
27 85 18
27 86 3
27 87 16
27 88 6
27 89 18
27 90 20
27 91 19
27 92 18
27 93 1
27 94 4
27 95 15
27 96 6
27 97 17
27 98 14
27 99 20
27 100 6
27 101 20
27 102 8
27 103 6
27 104 17
27 105 17
27 106 12
27 107 13
27 108 10
27 109 7
27 110 4
27 111 8
27 112 17
27 113 13
27 114 8
27 115 9
27 116 16
27 117 4
27 118 3
27 119 17
27 120 13
27 121 15
27 122 5
27 123 13
27 124 8
27 125 13
27 126 10
27 127 19
27 128 3
27 129 5
27 130 11
27 131 8
27 132 1
27 133 4
27 134 5
27 135 11
27 137 20
27 138 1
27 139 10
27 140 10
27 141 1
27 142 20
27 143 1
27 144 2
27 145 6
27 146 6
27 147 4
27 148 8
27 149 4
27 150 20
27 151 11
27 152 9
27 153 20
27 154 10
27 155 3
27 156 2
27 157 20
27 158 10
27 159 1
27 160 20
27 161 20
27 162 14
27 163 15
27 164 5
27 165 13
27 166 13
27 167 3
27 168 11
27 169 9
27 170 9
27 171 20
27 172 20
27 173 9
27 174 13
27 175 5
27 176 2
27 177 17
27 178 6
27 179 18
27 180 17
27 181 10
27 182 16
27 183 2
27 184 9
27 185 15
27 186 17
27 187 2
27 188 18
27 189 5
27 190 10
27 191 8
27 192 13
27 193 2
27 194 16
27 195 13
27 196 9
27 197 7
27 198 15
27 199 4
27 200 4
27 201 3
27 202 13
27 203 11
27 204 13
27 205 14
27 206 5
27 207 2
27 208 4
27 209 6
27 210 4
27 211 14
27 212 6
27 213 4
27 214 3
27 215 2
27 216 2
27 217 6
27 218 17
27 219 7
27 220 8
27 221 11
27 222 12
27 223 13
27 224 1
27 225 17
27 226 12
27 227 15
27 T 5
28 1 6
28 2 7
28 3 9
28 4 5
28 5 13
28 6 2
28 7 16
28 8 5
28 9 14
28 10 10
28 11 8
28 12 10
28 13 20
28 14 9
28 15 15
28 16 18
28 17 18
28 18 8
28 19 12
28 20 1
28 21 11
28 22 5
28 23 9
28 24 14
28 25 8
28 26 13
28 27 15
28 29 1
28 30 20
28 31 18
28 32 15
28 33 18
28 34 14
28 35 4
28 36 1
28 37 8
28 38 5
28 39 12
28 40 20
28 41 19
28 42 12
28 43 10
28 44 2
28 45 11
28 46 1
28 47 11
28 48 17
28 49 16
28 50 15
28 51 3
28 52 6
28 53 12
28 54 9
28 55 9
28 56 11
28 57 12
28 58 5
28 59 9
28 60 18
28 61 15
28 62 3
28 63 9
28 64 7
28 65 11
28 66 5
28 67 3
28 68 15
28 69 12
28 70 6
28 71 18
28 72 13
28 73 2
28 74 17
28 75 14
28 76 17
28 77 11
28 78 11
28 79 1
28 80 15
28 81 16
28 82 19
28 83 7
28 84 3
28 85 13
28 86 16
28 87 6
28 88 13
28 89 2
28 90 1
28 91 2
28 92 12
28 93 2
28 94 15
28 95 6
28 96 4
28 97 11
28 98 1
28 99 1
28 100 3
28 101 20
28 102 20
28 103 20
28 104 8
28 105 18
28 106 4
28 107 9
28 108 14
28 109 16
28 110 8
28 111 6
28 112 14
28 113 10
28 114 6
28 115 2
28 116 13
28 117 7
28 118 7
28 119 19
28 120 6
28 121 1
28 122 19
28 123 8
28 124 11
28 125 13
28 127 9
28 128 4
28 129 10
28 130 10
28 131 17
28 132 9
28 133 9
28 134 6
28 135 20
28 136 1
28 137 13
28 138 17
28 139 3
28 140 5
28 141 16
28 142 14
28 143 9
28 144 17
28 145 4
28 146 13
28 147 11
28 148 16
28 149 7
28 150 19
28 151 8
28 152 20
28 153 13
28 154 17
28 155 10
28 156 11
28 157 3
28 158 9
28 159 1
28 160 15
28 161 15
28 162 1
28 163 12
28 164 5
28 165 17
28 166 13
28 167 10
28 168 2
28 169 13
28 170 1
28 171 5
28 172 11
28 173 7
28 174 20
28 175 15
28 176 7
28 177 14
28 178 5
28 179 14
28 180 7
28 181 15
28 182 17
28 184 15
28 185 18
28 186 12
28 187 7
28 188 6
28 189 6
28 190 17
28 191 18
28 192 7
28 193 13
28 194 19
28 195 14
28 196 10
28 197 3
28 198 10
28 199 9
28 200 18
28 201 6
28 202 18
28 203 3
28 204 10
28 205 19
28 206 11
28 207 14
28 208 17
28 209 2
28 210 14
28 211 4
28 212 15
28 213 14
28 214 5
28 215 4
28 216 6
28 217 9
28 218 2
28 219 20
28 220 17
28 221 8
28 222 19
28 223 20
28 224 8
28 225 18
28 226 6
28 227 10
28 T 14
29 1 17
29 3 11
29 4 17
29 5 20
29 6 10
29 7 11
29 8 16
29 9 14
29 10 12
29 11 19
29 12 13
29 13 12
29 14 6
29 15 12
29 16 7
29 17 20
29 18 3
29 19 1
29 20 3
29 21 2
29 22 5
29 23 15
29 24 2
29 25 12
29 26 14
29 27 17
29 28 13
29 30 6
29 31 19
29 32 13
29 33 14
29 34 15
29 35 7
29 36 3
29 37 11
29 38 10
29 39 5
29 40 17
29 41 5
29 42 3
29 43 5
29 44 2
29 45 1
29 46 13
29 47 3
29 48 5
29 49 11
29 50 20
29 51 14
29 52 20
29 53 10
29 54 10
29 55 19
29 56 20
29 57 11
29 58 17
29 59 13
29 60 14
29 61 6
29 62 17
29 63 17
29 64 10
29 65 10
29 66 1
29 67 4
29 68 7
29 69 11
29 70 20
29 71 20
29 72 8
29 73 14
29 74 10
29 75 13
29 76 14
29 77 4
29 78 17
29 79 18
29 80 12
29 81 19
29 82 3
29 83 18
29 84 18
29 85 5
29 86 9
29 87 1
29 88 17
29 89 17
29 90 7
29 91 7
29 92 16
29 93 7
29 94 6
29 95 17
29 96 9
29 97 3
29 98 6
29 99 10
29 100 1
29 101 5
29 102 12
29 103 15
29 104 4
29 105 17
29 106 8
29 107 20
29 108 8
29 109 16
29 110 8
29 111 10
29 112 10
29 113 11
29 114 7
29 115 10
29 116 18
29 117 13
29 118 14
29 119 12
29 120 2
29 121 4
29 122 7
29 123 13
29 124 11
29 125 3
29 126 15
29 127 9
29 128 7
29 129 14
29 130 7
29 131 8
29 132 14
29 133 1
29 134 10
29 135 6
29 136 14
29 137 6
29 138 1
29 139 17
29 140 8
29 141 13
29 142 5
29 143 11
29 144 16
29 145 12
29 146 12
29 147 8
29 148 9
29 149 18
29 150 20
29 151 13
29 152 15
29 153 13
29 154 10
29 155 2
29 156 11
29 157 6
29 158 2
29 159 4
29 160 11
29 161 7
29 162 17
29 163 12
29 164 11
29 165 6
29 166 20
29 167 11
29 168 17
29 169 9
29 170 1
29 171 1
29 172 6
29 173 14
29 174 9
29 175 10
29 176 5
29 177 15
29 178 8
29 179 8
29 180 14
29 181 14
29 182 7
29 183 20
29 184 20
29 185 1
29 186 17
29 187 9
29 188 6
29 189 16
29 190 7
29 191 20
29 192 5
29 193 18
29 194 16
29 195 16
29 196 19
29 197 11
29 198 18
29 199 14
29 200 8
29 201 8
29 202 1
29 203 1
29 204 4
29 205 15
29 206 9
29 207 6
29 208 4
29 209 20
29 210 20
29 211 2
29 212 6
29 213 15
29 214 9
29 215 13
29 216 3
29 217 6
29 218 6
29 219 6
29 220 9
29 221 14
29 222 20
29 223 19
29 224 14
29 225 2
29 226 6
29 227 15
29 T 14
30 1 11
30 2 9
30 3 8
30 4 19
30 5 9
30 6 12
30 7 5
30 8 7
30 9 5
30 10 19
30 11 1
30 12 19
30 13 1
30 14 5
30 15 15
30 16 2
30 17 13
30 18 20
30 19 11
30 20 8
30 21 1
30 22 3
30 23 16
30 24 15
30 25 1
30 26 17
30 27 5
30 28 8
30 29 19
30 31 3
30 32 4
30 33 10
30 34 11
30 35 18
30 36 19
30 37 11
30 38 4
30 39 14
30 40 12
30 41 5
30 42 6
30 43 11
30 44 6
30 45 7
30 46 10
30 47 17
30 48 8
30 49 14
30 50 4
30 51 2
30 52 1
30 53 13
30 54 2
30 55 9
30 56 18
30 57 2
30 58 18
30 59 7
30 60 18
30 61 16
30 62 7
30 63 10
30 64 13
30 65 17
30 66 7
30 67 12
30 68 12
30 69 5
30 70 19
30 71 14
30 72 7
30 73 3
30 74 16
30 75 15
30 76 16
30 77 11
30 78 5
30 79 14
30 80 11
30 81 8
30 82 12
30 83 17
30 84 4
30 85 15
30 86 2
30 87 4
30 88 15
30 89 12
30 90 18
30 91 15
30 92 14
30 93 16
30 94 19
30 95 3
30 96 2
30 97 19
30 98 16
30 99 19
30 100 9
30 101 18
30 102 5
30 103 15
30 104 18
30 105 13
30 107 20
30 108 12
30 109 3
30 110 6
30 111 9
30 112 9
30 113 20
30 114 15
30 115 6
30 116 19
30 117 2
30 118 13
30 119 18
30 120 7
30 121 6
30 122 11
30 123 14
30 124 4
30 125 9
30 126 2
30 127 19
30 128 11
30 129 14
30 130 20
30 131 20
30 132 20
30 133 1
30 134 8
30 135 8
30 136 10
30 137 16
30 138 16
30 139 19
30 140 8
30 141 17
30 142 20
30 143 14
30 144 8
30 145 4
30 146 11
30 147 15
30 148 10
30 149 13
30 150 1
30 151 8
30 152 10
30 153 1
30 154 13
30 155 2
30 156 17
30 157 5
30 158 1
30 159 17
30 160 1
30 161 1
30 162 9
30 163 14
30 164 10
30 165 4
30 166 6
30 167 13
30 168 11
30 169 3
30 170 9
30 171 15
30 172 15
30 173 15
30 174 7
30 175 2
30 176 18
30 177 5
30 178 2
30 179 4
30 180 10
30 181 10
30 182 2
30 183 3
30 184 4
30 185 6
30 186 5
30 187 17
30 188 10
30 189 17
30 190 9
30 191 16
30 192 17
30 193 1
30 194 4
30 195 13
30 196 12
30 197 1
30 198 13
30 199 16
30 200 13
30 201 5
30 202 7
30 203 10
30 204 9
30 205 2
30 206 10
30 207 5
30 208 18
30 209 4
30 210 8
30 211 20
30 212 5
30 213 18
30 214 16
30 215 6
30 216 9
30 217 13
30 218 11
30 219 9
30 220 17
30 221 5
30 222 11
30 223 4
30 224 13
30 225 9
30 226 15
30 227 17
30 T 11
31 1 4
31 2 16
31 3 4
31 4 12
31 5 1
31 6 10
31 7 10
31 8 3
31 9 1
31 10 16
31 11 9
31 12 6
31 13 19
31 14 2
31 15 7
31 16 18
31 17 5
31 18 18
31 19 16
31 20 2
31 21 2
31 22 19
31 23 16
31 24 7
31 25 17
31 26 13
31 27 16
31 28 7
31 29 6
31 30 19
31 33 19
31 34 20
31 35 4
31 36 5
31 37 5
31 38 20
31 39 2
31 40 15
31 41 13
31 42 10
31 43 20
31 44 19
31 45 5
31 46 1
31 47 10
31 48 15
31 49 20
31 50 9
31 51 13
31 52 17
31 53 2
31 54 11
31 55 1
31 56 5
31 57 12
31 58 13
31 59 1
31 60 9
31 61 15
31 62 9
31 63 14
31 64 6
31 65 1
31 66 20
31 67 8
31 68 1
31 69 17
31 70 12
31 71 9
31 72 7
31 73 17
31 74 20
31 75 6
31 76 5
31 77 17
31 78 10
31 79 6
31 80 20
31 81 2
31 82 17
31 83 14
31 84 1
31 85 19
31 86 5
31 87 20
31 88 20
31 89 8
31 90 14
31 91 10
31 92 19
31 93 6
31 94 8
31 95 4
31 96 11
31 97 18
31 98 10
31 100 2
31 101 19
31 102 2
31 103 11
31 104 8
31 105 3
31 106 7
31 107 8
31 108 4
31 109 9
31 110 7
31 111 5
31 112 7
31 113 14
31 114 16
31 115 7
31 116 14
31 117 11
31 118 12
31 119 6
31 120 15
31 121 3
31 122 1
31 123 7
31 124 6
31 125 1
31 126 1
31 127 3
31 128 16
31 129 17
31 130 14
31 131 5
31 132 2
31 133 12
31 134 13
31 135 17
31 136 11
31 137 8
31 138 11
31 139 13
31 140 16
31 141 8
31 142 3
31 143 16
31 144 7
31 145 13
31 146 1
31 147 16
31 148 8
31 149 8
31 150 14
31 151 12
31 152 14
31 153 12
31 154 9
31 155 5
31 156 6
31 157 8
31 158 8
31 159 16
31 160 9
31 161 11
31 162 18
31 163 4
31 164 9
31 165 2
31 166 10
31 167 17
31 168 14
31 169 2
31 170 20
31 171 4
31 172 20
31 173 3
31 174 9
31 175 10
31 176 3
31 177 2
31 178 8
31 180 12
31 181 10
31 182 7
31 183 6
31 184 11
31 185 4
31 186 8
31 187 8
31 188 12
31 189 11
31 190 19
31 191 4
31 192 2
31 193 4
31 194 12
31 195 4
31 196 11
31 197 4
31 198 14
31 199 9
31 200 3
31 201 8
31 202 11
31 203 20
31 204 16
31 205 8
31 206 17
31 207 1
31 208 1
31 209 5
31 210 10
31 211 4
31 212 7
31 213 5
31 214 18
31 215 12
31 216 11
31 217 7
31 218 2
31 219 1
31 220 15
31 221 4
31 222 7
31 223 19
31 224 8
31 225 20
31 226 8
31 227 4
31 T 10
32 1 1
32 2 4
32 3 14
32 4 10
32 5 8
32 6 16
32 7 6
32 8 14
32 9 7
32 10 5
32 11 6
32 12 18
32 13 12
32 14 1
32 15 11
32 17 10
32 18 19
32 19 20
32 20 4
32 22 20
32 23 18
32 24 10
32 25 1
32 26 2
32 27 1
32 28 3
32 29 14
32 30 4
32 31 2
32 33 3
32 34 19
32 35 15
32 36 17
32 37 15
32 38 8
32 39 7
32 40 14
32 41 20
32 42 12
32 43 8
32 44 11
32 45 18
32 46 11
32 47 7
32 48 5
32 49 6
32 50 7
32 51 3
32 52 1
32 53 3
32 54 16
32 55 14
32 56 11
32 57 1
32 58 11
32 59 1
32 60 9
32 61 19
32 63 8
32 64 20
32 65 9
32 66 4
32 67 13
32 68 7
32 69 9
32 70 20
32 71 16
32 72 17
32 73 10
32 74 20
32 75 17
32 76 8
32 77 2
32 78 14
32 79 17
32 80 15
32 81 13
32 82 8
32 83 17
32 84 5
32 85 10
32 86 11
32 87 15
32 88 8
32 89 4
32 90 11
32 91 9
32 92 7
32 94 11
32 95 19
32 96 14
32 97 6
32 98 9
32 99 18
32 100 7
32 101 11
32 102 5
32 103 9
32 104 9
32 105 12
32 106 12
32 107 9
32 108 7
32 109 2
32 110 2
32 111 20
32 112 13
32 113 13
32 114 8
32 115 11
32 116 14
32 117 2
32 119 19
32 120 8
32 121 20
32 122 13
32 123 17
32 124 19
32 125 13
32 126 1
32 127 5
32 128 4
32 129 6
32 130 17
32 131 1
32 132 3
32 135 20
32 136 19
32 137 10
32 138 19
32 139 16
32 140 15
32 141 7
32 142 8
32 143 13
32 144 14
32 145 20
32 146 11
32 147 9
32 148 9
32 149 12
32 150 5
32 151 4
32 152 8
32 153 7
32 154 3
32 155 4
32 156 3
32 157 17
32 158 18
32 159 10
32 160 2
32 161 7
32 162 8
32 163 10
32 164 16
32 165 1
32 166 8
32 167 17
32 168 2
32 169 12
32 170 15
32 171 3
32 172 16
32 173 8
32 174 3
32 175 7
32 176 8
32 177 3
32 178 6
32 179 18
32 180 9
32 181 11
32 182 12
32 183 20
32 184 7
32 185 20
32 186 1
32 187 19
32 188 19
32 189 11
32 190 18
32 191 14
32 192 5
32 193 2
32 194 8
32 195 19
32 196 6
32 197 12
32 198 9
32 199 10
32 200 7
32 201 7
32 202 2
32 203 7
32 204 11
32 205 20
32 206 4
32 207 5
32 208 13
32 209 2
32 210 6
32 211 20
32 212 11
32 213 13
32 214 17
32 215 11
32 216 6
32 217 1
32 218 17
32 219 1
32 220 8
32 221 3
32 222 12
32 223 13
32 224 9
32 226 9
32 227 17
32 T 15
33 1 11
33 2 3
33 3 14
33 4 15
33 5 6
33 6 18
33 7 8
33 8 15
33 9 19
33 10 3
33 11 20
33 12 18
33 13 2
33 14 1
33 15 17
33 16 7
33 17 13
33 18 1
33 19 13
33 20 13
33 21 20
33 22 12
33 23 20
33 24 4
33 25 6
33 26 9
33 27 18
33 28 2
33 29 6
33 30 4
33 31 3
33 32 20
33 34 12
33 35 14
33 36 5
33 37 15
33 38 1
33 39 18
33 40 13
33 41 9
33 42 5
33 43 13
33 44 15
33 45 16
33 46 19
33 47 5
33 48 7
33 49 17
33 50 14
33 51 7
33 52 16
33 53 12
33 54 5
33 55 14
33 56 15
33 57 14
33 58 13
33 59 18
33 60 14
33 61 9
33 62 3
33 63 10
33 64 13
33 65 11
33 66 19
33 67 1
33 68 5
33 69 3
33 70 12
33 71 8
33 72 1
33 73 18
33 74 11
33 75 9
33 76 14
33 77 15
33 78 12
33 79 5
33 80 7
33 81 9
33 82 14
33 83 18
33 84 1
33 85 1
33 86 20
33 87 2
33 88 10
33 89 5
33 90 16
33 91 20
33 92 9
33 93 19
33 94 20
33 95 11
33 96 3
33 97 9
33 98 2
33 99 7
33 100 12
33 101 3
33 102 3
33 103 16
33 104 7
33 105 8
33 106 9
33 107 13
33 108 12
33 109 14
33 110 9
33 111 11
33 112 15
33 113 8
33 114 17
33 115 16
33 116 3
33 117 14
33 118 11
33 119 5
33 120 10
33 121 11
33 122 13
33 123 2
33 124 10
33 125 17
33 126 19
33 127 8
33 129 1
33 130 10
33 131 2
33 132 20
33 133 7
33 134 20
33 135 14
33 136 2
33 137 20
33 138 16
33 139 18
33 140 19
33 141 1
33 142 2
33 143 1
33 144 15
33 145 6
33 146 18
33 147 3
33 148 2
33 149 18
33 150 20
33 151 3
33 152 16
33 153 7
33 154 16
33 155 3
33 156 2
33 157 1
33 158 18
33 159 14
33 160 11
33 161 20
33 162 18
33 163 18
33 164 3
33 165 2
33 166 3
33 167 19
33 168 1
33 169 14
33 170 8
33 171 15
33 172 13
33 173 4
33 174 7
33 175 8
33 176 18
33 177 15
33 178 16
33 179 13
33 180 13
33 181 19
33 182 5
33 183 16
33 184 13
33 185 16
33 186 12
33 187 5
33 188 12
33 189 11
33 190 2
33 191 15
33 193 7
33 194 10
33 195 3
33 196 13
33 197 11
33 198 5
33 199 19
33 200 19
33 201 7
33 202 7
33 203 5
33 204 16
33 205 12
33 206 9
33 207 20
33 208 2
33 209 1
33 210 4
33 211 9
33 212 15
33 213 4
33 214 7
33 215 1
33 216 11
33 217 1
33 218 1
33 219 20
33 220 14
33 221 7
33 222 10
33 223 5
33 224 15
33 225 10
33 226 4
33 227 5
33 T 10
34 1 13
34 2 19
34 3 4
34 4 2
34 5 14
34 6 12
34 7 18
34 8 8
34 9 20
34 10 10
34 11 18
34 12 8
34 13 9
34 14 18
34 15 18
34 16 12
34 17 13
34 18 2
34 19 5
34 20 18
34 21 16
34 22 20
34 23 1
34 24 6
34 25 6
34 26 14
34 27 3
34 28 20
34 29 10
34 30 9
34 31 11
34 32 19
34 33 1
34 35 13
34 36 15
34 37 13
34 38 10
34 39 13
34 40 11
34 41 10
34 42 10
34 43 8
34 44 18
34 45 18
34 46 11
34 47 6
34 48 18
34 49 12
34 50 4
34 51 8
34 52 7
34 53 18
34 54 10
34 55 17
34 56 13
34 57 14
34 58 20
34 59 2
34 60 5
34 61 9
34 62 19
34 63 18
34 64 1
34 65 7
34 66 20
34 67 13
34 68 10
34 69 20
34 70 7
34 71 16
34 73 2
34 74 8
34 75 8
34 76 19
34 77 12
34 78 20
34 79 18
34 80 18
34 81 7
34 82 17
34 84 17
34 85 17
34 86 8
34 87 10
34 88 3
34 89 8
34 90 4
34 91 9
34 92 6
34 93 19
34 94 7
34 95 1
34 96 2
34 97 6
34 98 18
34 99 11
34 100 6
34 101 1
34 102 5
34 103 7
34 104 2
34 105 3
34 106 10
34 107 1
34 108 14
34 109 15
34 110 6
34 111 7
34 112 14
34 113 15
34 114 2
34 116 9
34 117 9
34 118 9
34 119 19
34 120 16
34 121 2
34 122 12
34 123 15
34 124 15
34 125 9
34 126 20
34 127 17
34 128 10
34 129 4
34 130 9
34 131 10
34 132 18
34 133 5
34 134 8
34 135 10
34 136 14
34 137 19
34 138 14
34 139 13
34 140 5
34 141 8
34 142 17
34 143 17
34 144 2
34 145 2
34 146 7
34 147 12
34 148 2
34 149 15
34 150 8
34 151 1
34 152 20
34 153 8
34 155 6
34 156 19
34 157 5
34 158 11
34 159 8
34 160 3
34 161 4
34 162 14
34 163 8
34 164 14
34 165 14
34 166 11
34 167 15
34 168 2
34 169 11
34 170 20
34 171 15
34 172 19
34 173 5
34 174 4
34 175 15
34 176 20
34 177 18
34 178 16
34 179 14
34 180 5
34 181 12
34 182 15
34 183 2
34 184 6
34 185 1
34 186 7
34 187 3
34 188 1
34 189 3
34 190 6
34 191 16
34 192 18
34 193 5
34 194 7
34 195 19
34 196 12
34 197 17
34 198 9
34 199 2
34 200 17
34 201 18
34 202 16
34 203 11
34 204 3
34 205 20
34 206 17
34 207 18
34 208 14
34 209 15
34 210 4
34 211 2
34 212 17
34 213 9
34 214 4
34 215 3
34 216 19
34 217 17
34 218 12
34 219 2
34 220 6
34 221 3
34 222 16
34 223 7
34 224 13
34 225 15
34 226 19
34 227 9
34 T 7
35 1 5
35 2 8
35 3 10
35 4 1
35 5 18
35 6 16
35 7 20
35 8 19
35 9 14
35 10 12
35 11 16
35 12 8
35 13 8
35 14 13
35 15 2
35 16 5
35 17 2
35 18 10
35 19 18
35 20 15
35 21 12
35 22 18
35 23 20
35 24 10
35 25 17
35 26 7
35 27 15
35 28 8
35 29 13
35 30 12
35 31 17
35 32 11
35 33 10
35 34 13
35 36 4
35 37 16
35 38 5
35 39 8
35 40 20
35 41 1
35 42 15
35 43 4
35 44 4
35 45 11
35 46 11
35 47 5
35 48 8
35 49 20
35 50 8
35 51 20
35 52 1
35 53 15
35 54 7
35 55 5
35 56 12
35 57 17
35 58 18
35 59 16
35 60 5
35 61 5
35 62 9
35 63 16
35 64 16
35 65 10
35 66 14
35 67 2
35 68 7
35 69 15
35 70 9
35 71 7
35 72 8
35 73 3
35 74 6
35 75 7
35 76 3
35 77 8
35 78 5
35 79 2
35 80 12
35 81 4
35 82 1
35 83 7
35 84 4
35 85 14
35 86 5
35 87 9
35 89 9
35 90 2
35 91 4
35 92 11
35 93 12
35 94 15
35 95 5
35 96 18
35 97 12
35 98 2
35 99 12
35 100 7
35 101 10
35 102 14
35 103 9
35 104 15
35 105 1
35 106 17
35 107 7
35 108 12
35 109 2
35 110 11
35 111 2
35 112 16
35 113 14
35 114 14
35 115 12
35 116 3
35 117 7
35 118 15
35 119 6
35 120 5
35 121 18
35 122 16
35 123 12
35 124 1
35 125 8
35 126 13
35 127 8
35 128 12
35 129 2
35 130 8
35 131 1
35 132 15
35 133 16
35 134 19
35 135 6
35 136 12
35 137 17
35 138 9
35 139 5
35 140 10
35 141 2
35 142 8
35 143 5
35 144 18
35 145 9
35 146 14
35 147 7
35 148 19
35 150 14
35 151 8
35 152 14
35 153 5
35 154 3
35 155 16
35 156 10
35 157 7
35 158 15
35 159 10
35 160 12
35 161 12
35 162 20
35 163 8
35 164 15
35 165 18
35 166 8
35 167 1
35 168 9
35 169 20
35 170 10
35 171 2
35 172 5
35 173 18
35 174 11
35 175 14
35 176 17
35 177 12
35 178 12
35 179 3
35 180 7
35 181 9
35 182 4
35 183 17
35 184 7
35 185 20
35 186 4
35 187 12
35 188 2
35 189 10
35 190 13
35 191 16
35 192 15
35 193 4
35 194 18
35 195 18
35 196 16
35 197 10
35 198 5
35 199 18
35 200 4
35 201 7
35 202 14
35 203 6
35 204 7
35 205 16
35 206 19
35 207 19
35 208 12
35 210 18
35 211 3
35 212 11
35 213 1
35 214 10
35 215 16
35 216 8
35 217 3
35 218 1
35 219 12
35 220 13
35 221 5
35 222 7
35 223 17
35 224 8
35 225 3
35 226 12
35 227 16
35 T 20
36 1 9
36 2 17
36 3 8
36 4 6
36 5 6
36 6 2
36 7 11
36 8 19
36 9 18
36 10 13
36 11 3
36 12 11
36 13 5
36 14 5
36 15 15
36 16 15
36 17 11
36 18 17
36 19 20
36 20 9
36 21 20
36 22 9
36 23 20
36 24 2
36 25 5
36 26 12
36 27 17
36 28 1
36 29 15
36 30 15
36 31 6
36 32 7
36 33 12
36 34 14
36 35 14
36 37 1
36 38 2
36 39 5
36 40 20
36 41 18
36 42 6
36 43 12
36 44 1
36 45 17
36 46 16
36 47 14
36 48 7
36 49 10
36 50 2
36 51 16
36 52 17
36 53 20
36 54 17
36 55 10
36 56 18
36 57 9
36 58 10
36 59 15
36 60 7
36 61 11
36 62 10
36 63 18
36 64 4
36 65 9
36 66 7
36 67 14
36 68 17
36 69 19
36 70 2
36 71 2
36 72 9
36 73 4
36 74 6
36 75 15
36 76 7
36 77 15
36 78 1
36 79 18
36 80 15
36 81 8
36 82 6
36 83 3
36 84 3
36 85 4
36 86 6
36 87 9
36 88 7
36 89 18
36 90 3
36 91 7
36 92 1
36 93 3
36 94 4
36 95 7
36 96 13
36 97 16
36 98 9
36 99 8
36 100 7
36 101 13
36 102 2
36 103 1
36 104 7
36 105 17
36 106 15
36 107 8
36 108 7
36 109 19
36 110 16
36 111 2
36 112 12
36 113 6
36 114 16
36 115 18
36 116 5
36 117 7
36 118 14
36 119 8
36 120 2
36 121 18
36 122 9
36 123 7
36 124 13
36 125 6
36 126 5
36 127 16
36 128 2
36 129 8
36 130 7
36 131 3
36 132 5
36 133 18
36 134 1
36 135 9
36 136 4
36 137 9
36 138 18
36 139 5
36 140 2
36 141 17
36 142 15
36 144 18
36 145 19
36 146 16
36 147 8
36 148 16
36 149 2
36 150 4
36 151 2
36 152 12
36 153 11
36 154 6
36 155 13
36 156 13
36 157 5
36 158 6
36 159 6
36 160 10
36 161 6
36 162 17
36 163 4
36 164 2
36 165 6
36 166 15
36 167 2
36 168 6
36 169 5
36 170 1
36 171 4
36 172 15
36 173 15
36 174 18
36 175 14
36 176 7
36 177 15
36 178 11
36 179 7
36 180 16
36 181 4
36 182 20
36 183 17
36 184 8
36 185 11
36 186 8
36 187 10
36 188 14
36 189 16
36 190 1
36 191 14
36 192 18
36 193 18
36 194 15
36 195 7
36 196 16
36 197 15
36 198 3
36 199 13
36 200 16
36 201 10
36 202 17
36 203 1
36 204 10
36 205 12
36 207 9
36 208 18
36 209 4
36 210 6
36 211 14
36 212 10
36 213 7
36 214 17
36 215 8
36 216 12
36 217 17
36 218 14
36 219 10
36 220 20
36 221 12
36 222 1
36 223 16
36 224 15
36 225 12
36 226 1
36 227 14
36 T 11
37 1 6
37 2 3
37 3 16
37 4 17
37 5 20
37 6 20
37 7 15
37 8 20
37 9 7
37 11 20
37 12 8
37 13 12
37 14 4
37 15 20
37 16 2
37 17 6
37 18 1
37 19 10
37 20 6
37 21 14
37 22 20
37 23 12
37 24 7
37 25 15
37 26 15
37 27 5
37 28 1
37 29 1
37 30 17
37 31 1
37 32 11
37 33 6
37 34 7
37 35 4
37 36 1
37 38 17
37 39 4
37 40 13
37 41 2
37 42 10
37 43 15
37 44 1
37 45 2
37 46 1
37 47 15
37 48 7
37 49 5
37 50 1
37 51 12
37 52 18
37 53 8
37 54 17
37 55 4
37 56 20
37 57 4
37 58 8
37 59 18
37 60 1
37 61 12
37 62 8
37 63 19
37 64 5
37 65 9
37 66 18
37 67 18
37 68 5
37 69 5
37 70 6
37 71 13
37 72 14
37 73 4
37 74 14
37 75 5
37 76 16
37 77 13
37 78 5
37 79 12
37 80 3
37 81 9
37 82 17
37 83 2
37 84 5
37 85 11
37 86 16
37 87 2
37 88 10
37 89 7
37 90 7
37 91 5
37 92 14
37 93 16
37 94 10
37 95 14
37 96 10
37 97 3
37 98 3
37 99 12
37 100 7
37 101 14
37 102 20
37 103 6
37 104 11
37 105 7
37 106 8
37 107 10
37 108 15
37 110 19
37 111 3
37 112 3
37 113 11
37 114 6
37 115 6
37 116 19
37 117 11
37 118 20
37 119 11
37 120 12
37 121 9
37 122 6
37 123 12
37 124 14
37 125 18
37 126 2
37 127 2
37 128 6
37 129 1
37 130 7
37 131 14
37 132 13
37 133 3
37 134 11
37 135 8
37 136 16
37 137 4
37 138 2
37 139 9
37 140 12
37 141 11
37 142 9
37 143 20
37 144 3
37 145 1
37 146 1
37 147 12
37 148 15
37 149 9
37 150 8
37 151 15
37 152 19
37 153 16
37 154 18
37 155 19
37 156 19
37 157 14
37 158 10
37 159 17
37 160 13
37 161 15
37 162 2
37 163 16
37 164 15
37 165 7
37 166 4
37 167 11
37 168 4
37 169 16
37 170 14
37 171 19
37 172 11
37 173 16
37 174 9
37 176 19
37 177 6
37 178 18
37 179 20
37 180 12
37 181 11
37 182 3
37 183 13
37 184 13
37 185 12
37 186 14
37 187 19
37 188 3
37 189 8
37 190 12
37 191 6
37 192 11
37 193 6
37 194 13
37 195 20
37 196 9
37 197 1
37 198 1
37 199 9
37 200 8
37 201 20
37 202 17
37 203 5
37 204 1
37 205 20
37 206 13
37 207 1
37 208 14
37 209 13
37 210 10
37 211 7
37 212 7
37 213 17
37 214 3
37 215 3
37 216 16
37 217 1
37 218 17
37 220 17
37 221 11
37 222 13
37 223 19
37 224 8
37 225 11
37 226 6
37 227 11
37 T 9
38 1 15
38 2 18
38 3 9
38 4 13
38 5 20
38 6 13
38 7 6
38 8 13
38 9 10
38 10 14
38 11 11
38 12 15
38 13 3
38 14 7
38 15 8
38 16 5
38 17 4
38 18 18
38 19 17
38 20 9
38 21 19
38 22 4
38 23 2
38 24 1
38 25 16
38 26 12
38 27 19
38 28 7
38 29 9
38 30 18
38 31 19
38 32 16
38 33 16
38 34 6
38 35 12
38 36 3
38 37 3
38 39 15
38 40 20
38 41 2
38 42 6
38 43 15
38 44 19
38 45 10
38 46 4
38 47 16
38 48 3
38 49 9
38 50 11
38 51 20
38 52 11
38 53 12
38 54 9
38 55 10
38 56 1
38 57 4
38 58 18
38 59 16
38 60 10
38 61 3
38 62 13
38 63 5
38 64 12
38 65 10
38 66 1
38 67 19
38 68 12
38 69 7
38 70 7
38 71 12
38 72 11
38 73 2
38 74 4
38 75 6
38 76 2
38 77 6
38 78 1
38 79 10
38 80 6
38 81 2
38 82 8
38 83 4
38 84 7
38 85 8
38 86 5
38 87 18
38 88 16
38 89 8
38 90 5
38 91 5
38 92 7
38 93 9
38 94 9
38 95 13
38 96 9
38 97 19
38 98 11
38 99 11
38 100 18
38 101 18
38 102 19
38 103 7
38 104 20
38 105 19
38 106 17
38 107 4
38 108 19
38 109 14
38 110 14
38 111 12
38 112 2
38 113 16
38 114 3
38 115 2
38 116 9
38 117 6
38 118 20
38 119 6
38 120 13
38 121 11
38 122 18
38 123 11
38 124 2
38 125 6
38 126 2
38 127 12
38 128 19
38 129 5
38 130 19
38 131 17
38 132 13
38 133 15
38 134 9
38 135 13
38 136 7
38 137 18
38 138 10
38 139 13
38 140 8
38 141 6
38 142 2
38 143 10
38 144 6
38 145 5
38 146 12
38 147 17
38 148 16
38 149 20
38 150 16
38 151 16
38 152 1
38 154 14
38 155 1
38 156 4
38 157 12
38 158 1
38 159 3
38 160 14
38 161 19
38 162 14
38 163 14
38 164 3
38 165 13
38 166 12
38 167 13
38 168 9
38 169 18
38 170 17
38 171 1
38 172 17
38 173 1
38 174 13
38 175 14
38 176 14
38 177 13
38 178 4
38 179 3
38 180 17
38 181 7
38 182 17
38 183 12
38 184 4
38 185 19
38 186 13
38 187 5
38 188 13
38 189 17
38 190 15
38 191 13
38 192 12
38 193 3
38 194 20
38 195 11
38 196 9
38 197 3
38 198 1
38 199 3
38 200 11
38 201 16
38 202 4
38 203 20
38 204 17
38 205 18
38 206 1
38 207 11
38 208 17
38 209 20
38 210 1
38 211 3
38 212 17
38 213 20
38 214 3
38 215 20
38 216 5
38 217 12
38 218 16
38 219 10
38 220 5
38 221 1
38 222 16
38 223 1
38 224 10
38 225 10
38 226 10
38 227 12
38 T 18
39 1 9
39 2 17
39 3 17
39 4 7
39 5 12
39 6 17
39 7 6
39 8 9
39 9 16
39 10 7
39 11 13
39 12 4
39 13 4
39 14 6
39 15 18
39 16 16
39 17 7
39 18 18
39 19 7
39 20 13
39 21 14
39 22 6
39 23 19
39 24 6
39 25 6
39 26 1
39 27 14
39 28 2
39 29 18
39 30 9
39 31 9
39 32 18
39 33 12
39 34 4
39 35 15
39 36 10
39 37 7
39 38 2
39 40 10
39 41 7
39 42 8
39 43 5
39 44 4
39 45 5
39 46 2
39 47 4
39 48 16
39 49 9
39 50 15
39 51 2
39 52 16
39 53 5
39 54 12
39 55 9
39 56 13
39 57 16
39 58 6
39 59 20
39 60 5
39 61 11
39 62 8
39 63 10
39 64 2
39 65 9
39 66 9
39 67 3
39 68 13
39 69 13
39 70 3
39 71 6
39 72 1
39 73 13
39 74 8
39 75 15
39 76 5
39 77 18
39 78 20
39 79 13
39 80 6
39 81 15
39 82 8
39 83 16
39 84 12
39 85 5
39 86 12
39 87 13
39 88 15
39 89 4
39 90 5
39 91 17
39 92 2
39 93 18
39 94 9
39 95 17
39 96 12
39 97 2
39 98 7
39 99 20
39 100 6
39 101 12
39 102 19
39 103 9
39 104 20
39 105 16
39 106 1
39 107 5
39 108 19
39 109 19
39 110 14
39 111 17
39 112 20
39 113 7
39 114 19
39 115 5
39 116 8
39 117 5
39 118 12
39 119 12
39 120 11
39 121 1
39 122 2
39 123 5
39 124 2
39 125 16
39 126 4
39 127 15
39 128 7
39 129 9
39 130 19
39 131 18
39 132 19
39 133 7
39 134 8
39 135 6
39 136 20
39 137 7
39 138 5
39 139 7
39 140 15
39 141 17
39 142 3
39 143 13
39 144 5
39 145 2
39 146 6
39 147 4
39 148 16
39 149 1
39 150 7
39 151 11
39 152 10
39 153 10
39 154 13
39 155 19
39 156 18
39 157 3
39 158 10
39 159 16
39 160 19
39 161 10
39 162 12
39 163 15
39 164 9
39 165 6
39 166 17
39 167 9
39 168 11
39 169 19
39 170 3
39 171 6
39 172 5
39 173 20
39 174 7
39 175 9
39 176 19
39 177 14
39 178 17
39 179 3
39 180 5
39 181 19
39 182 12
39 183 3
39 184 10
39 185 6
39 186 1
39 187 5
39 188 19
39 189 4
39 190 14
39 191 4
39 192 13
39 193 15
39 194 14
39 195 2
39 196 20
39 197 15
39 198 18
39 199 11
39 200 4
39 201 5
39 202 8
39 203 5
39 204 16
39 205 17
39 206 12
39 207 12
39 208 12
39 209 7
39 210 9
39 211 10
39 212 6
39 213 2
39 214 17
39 215 7
39 216 19
39 217 1
39 218 8
39 219 16
39 220 6
39 221 10
39 222 18
39 223 15
39 224 5
39 225 12
39 226 9
39 227 17
39 T 1
40 1 11
40 2 10
40 3 12
40 4 14
40 5 12
40 6 3
40 7 14
40 8 6
40 9 17
40 10 10
40 11 10
40 12 16
40 13 11
40 14 11
40 15 6
40 16 12
40 17 4
40 18 6
40 20 15
40 21 10
40 22 20
40 23 12
40 24 8
40 25 18
40 26 12
40 27 20
40 28 11
40 29 6
40 30 13
40 31 12
40 32 11
40 33 19
40 34 4
40 35 8
40 36 13
40 37 14
40 38 6
40 39 17
40 41 19
40 42 5
40 43 5
40 44 15
40 45 6
40 46 3
40 47 17
40 48 9
40 49 5
40 50 1
40 51 3
40 52 15
40 53 8
40 54 6
40 55 16
40 56 19
40 57 13
40 58 15
40 59 19
40 60 20
40 61 12
40 62 7
40 63 16
40 64 9
40 65 14
40 66 9
40 67 5
40 68 16
40 69 12
40 70 11
40 71 11
40 72 3
40 73 10
40 74 6
40 75 16
40 76 19
40 77 9
40 78 16
40 79 20
40 80 3
40 81 11
40 82 14
40 83 9
40 84 5
40 85 20
40 86 20
40 87 4
40 88 15
40 89 10
40 90 1
40 91 9
40 92 20
40 93 4
40 94 20
40 96 14
40 97 12
40 98 5
40 99 9
40 100 5
40 101 8
40 102 16
40 103 13
40 104 9
40 105 9
40 106 12
40 107 16
40 108 20
40 109 5
40 110 3
40 111 19
40 112 11
40 113 15
40 114 9
40 115 7
40 116 4
40 117 14
40 118 19
40 119 7
40 120 2
40 121 2
40 122 11
40 123 3
40 124 16
40 125 5
40 126 14
40 127 8
40 128 12
40 129 1
40 130 4
40 131 12
40 132 5
40 133 19
40 134 7
40 135 9
40 136 20
40 137 2
40 138 16
40 139 3
40 140 13
40 141 19
40 142 4
40 143 4
40 144 3
40 145 5
40 146 1
40 147 2
40 148 4
40 149 8
40 150 18
40 151 11
40 152 7
40 153 4
40 154 18
40 155 1
40 156 12
40 157 14
40 158 7
40 159 8
40 160 18
40 161 11
40 162 2
40 163 19
40 164 9
40 165 7
40 166 10
40 167 7
40 168 6
40 169 10
40 170 20
40 171 13
40 172 11
40 173 20
40 174 3
40 175 8
40 176 16
40 177 3
40 178 10
40 179 5
40 180 15
40 181 6
40 182 7
40 183 1
40 184 17
40 185 16
40 186 2
40 187 1
40 188 6
40 189 8
40 190 20
40 191 3
40 192 1
40 193 16
40 194 11
40 195 7
40 196 20
40 197 18
40 198 14
40 199 16
40 200 18
40 201 3
40 202 7
40 203 12
40 204 9
40 205 20
40 206 17
40 207 16
40 208 6
40 209 6
40 210 18
40 211 12
40 212 4
40 213 9
40 214 7
40 215 19
40 216 10
40 217 2
40 218 8
40 219 14
40 220 10
40 221 16
40 222 3
40 223 16
40 224 12
40 225 1
40 226 4
40 227 18
40 T 8
41 1 6
41 2 12
41 3 17
41 4 10
41 5 4
41 6 17
41 7 12
41 8 10
41 9 7
41 10 11
41 11 13
41 12 18
41 13 19
41 14 14
41 15 18
41 16 14
41 17 4
41 18 4
41 19 16
41 20 15
41 21 17
41 22 20
41 23 1
41 24 13
41 25 2
41 26 1
41 27 10
41 28 4
41 29 20
41 30 3
41 31 12
41 32 2
41 33 19
41 34 8
41 35 5
41 36 20
41 37 11
41 38 9
41 39 6
41 40 1
41 42 9
41 43 3
41 44 8
41 45 13
41 46 14
41 47 17
41 48 3
41 49 19
41 50 19
41 51 20
41 52 7
41 53 12
41 54 12
41 55 15
41 56 19
41 57 1
41 58 20
41 59 6
41 60 14
41 61 7
41 62 3
41 63 2
41 64 20
41 65 13
41 66 18
41 67 10
41 68 9
41 69 2
41 70 4
41 71 18
41 72 15
41 73 13
41 74 11
41 75 2
41 76 7
41 77 17
41 78 5
41 79 3
41 80 17
41 81 2
41 82 10
41 83 16
41 84 14
41 85 20
41 86 9
41 87 5
41 88 5
41 89 16
41 90 7
41 91 10
41 92 16
41 93 8
41 94 12
41 95 15
41 96 2
41 97 9
41 98 7
41 99 4
41 100 2
41 101 12
41 102 12
41 103 12
41 104 10
41 105 14
41 106 19
41 107 19
41 108 13
41 109 10
41 110 1
41 111 8
41 112 20
41 113 5
41 114 20
41 115 12
41 116 17
41 117 5
41 118 17
41 119 18
41 120 1
41 121 13
41 122 14
41 123 19
41 124 19
41 125 17
41 126 10
41 127 4
41 128 19
41 129 2
41 130 7
41 131 18
41 132 8
41 133 8
41 134 2
41 135 15
41 136 7
41 137 15
41 138 17
41 139 9
41 140 7
41 141 18
41 142 20
41 143 9
41 144 9
41 145 18
41 146 20
41 147 16
41 148 2
41 149 9
41 150 11
41 151 15
41 152 17
41 153 11
41 154 6
41 155 18
41 156 4
41 157 11
41 158 4
41 159 12
41 160 2
41 161 19
41 162 1
41 163 10
41 164 16
41 165 20
41 166 16
41 167 2
41 168 1
41 170 6
41 171 12
41 172 11
41 173 19
41 174 4
41 175 9
41 176 6
41 177 20
41 178 7
41 179 9
41 180 1
41 181 13
41 182 17
41 183 10
41 184 8
41 185 17
41 186 12
41 187 20
41 188 9
41 189 4
41 190 14
41 191 15
41 192 13
41 193 9
41 194 11
41 195 1
41 196 6
41 197 13
41 198 1
41 199 13
41 200 4
41 201 5
41 202 7
41 203 20
41 204 7
41 205 14
41 206 3
41 207 12
41 208 7
41 209 20
41 210 10
41 211 3
41 212 8
41 213 1
41 214 19
41 215 18
41 216 1
41 217 4
41 218 3
41 219 18
41 220 7
41 221 4
41 222 11
41 223 4
41 224 3
41 225 3
41 226 3
41 227 20
41 T 3
42 1 4
42 2 5
42 3 8
42 4 9
42 5 3
42 6 5
42 7 10
42 8 1
42 9 4
42 10 13
42 11 17
42 12 5
42 13 6
42 14 20
42 15 6
42 16 2
42 17 13
42 18 15
42 19 10
42 20 12
42 21 20
42 22 20
42 23 17
42 24 11
42 25 18
42 26 19
42 27 16
42 28 19
42 29 11
42 30 19
42 31 15
42 32 10
42 33 15
42 34 2
42 35 8
42 36 18
42 37 5
42 38 11
42 39 9
42 40 5
42 41 9
42 43 7
42 44 20
42 45 13
42 46 5
42 47 13
42 48 9
42 49 14
42 50 2
42 51 13
42 52 7
42 53 19
42 54 18
42 55 7
42 56 18
42 57 14
42 58 8
42 59 13
42 60 19
42 61 7
42 62 1
42 63 20
42 64 18
42 65 10
42 66 18
42 67 1
42 68 11
42 69 6
42 70 19
42 71 8
42 72 5
42 73 15
42 74 20
42 75 8
42 76 14
42 77 4
42 78 10
42 79 1
42 80 19
42 81 13
42 82 15
42 83 9
42 84 10
42 85 17
42 86 12
42 87 19
42 88 18
42 89 9
42 90 10
42 91 7
42 92 18
42 93 8
42 94 2
42 95 16
42 96 16
42 97 9
42 98 5
42 99 3
42 100 18
42 101 18
42 102 16
42 103 10
42 104 11
42 105 5
42 106 2
42 107 3
42 108 18
42 109 19
42 110 5
42 111 7
42 112 13
42 113 16
42 114 20
42 115 1
42 116 16
42 117 8
42 118 1
42 119 20
42 120 18
42 121 8
42 122 8
42 123 12
42 124 10
42 125 19
42 126 12
42 127 14
42 128 13
42 129 3
42 130 19
42 131 9
42 132 18
42 133 9
42 134 18
42 135 14
42 136 18
42 137 5
42 138 20
42 139 8
42 140 13
42 141 9
42 142 11
42 143 5
42 144 2
42 145 7
42 146 11
42 147 16
42 148 20
42 149 16
42 150 19
42 151 17
42 152 18
42 153 10
42 154 1
42 155 7
42 156 7
42 157 9
42 158 6
42 159 9
42 160 18
42 161 9
42 162 9
42 163 10
42 164 6
42 165 4
42 166 14
42 167 4
42 168 8
42 169 15
42 170 14
42 171 20
42 172 13
42 173 2
42 174 2
42 175 4
42 176 10
42 177 13
42 178 18
42 179 13
42 180 15
42 181 18
42 182 17
42 183 19
42 184 20
42 186 18
42 187 1
42 188 18
42 189 17
42 190 3
42 191 18
42 192 10
42 193 12
42 194 6
42 195 16
42 196 7
42 197 13
42 198 3
42 199 17
42 200 19
42 201 1
42 202 15
42 203 1
42 204 13
42 205 12
42 206 15
42 207 17
42 208 7
42 209 8
42 210 20
42 211 1
42 212 2
42 213 5
42 214 15
42 215 4
42 216 13
42 217 1
42 218 19
42 219 6
42 220 3
42 221 10
42 222 12
42 223 17
42 224 3
42 225 7
42 226 14
42 227 6
42 T 18
43 1 9
43 2 12
43 3 10
43 4 14
43 5 13
43 6 16
43 7 2
43 8 20
43 9 2
43 10 10
43 11 4
43 12 1
43 13 9
43 14 3
43 15 16
43 16 5
43 17 19
43 18 2
43 19 20
43 20 2
43 21 20
43 22 3
43 23 19
43 24 10
43 25 16
43 26 2
43 27 7
43 28 12
43 29 19
43 30 10
43 31 4
43 32 1
43 33 13
43 34 14
43 35 20
43 36 18
43 37 6
43 38 6
43 39 20
43 40 12
43 41 1
43 42 15
43 44 3
43 45 6
43 46 17
43 47 3
43 48 20
43 49 19
43 50 15
43 51 8
43 52 7
43 53 6
43 54 12
43 55 9
43 56 19
43 57 19
43 58 12
43 59 19
43 60 4
43 61 13
43 62 1
43 63 20
43 64 12
43 65 15
43 66 20
43 67 11
43 68 7
43 69 3
43 70 16
43 71 4
43 72 14
43 73 18
43 74 4
43 75 17
43 76 3
43 77 6
43 78 12
43 79 11
43 80 15
43 81 11
43 82 20
43 83 15
43 84 17
43 85 10
43 86 18
43 87 6
43 88 20
43 89 5
43 90 17
43 91 11
43 92 2
43 93 2
43 94 3
43 95 10
43 96 14
43 97 16
43 98 18
43 99 18
43 100 2
43 101 12
43 102 15
43 103 3
43 104 10
43 105 19
43 106 12
43 107 3
43 108 1
43 109 8
43 110 12
43 111 6
43 112 7
43 113 16
43 114 17
43 115 2
43 116 1
43 117 20
43 118 15
43 119 10
43 120 7
43 121 3
43 122 1
43 123 11
43 124 2
43 125 13
43 126 10
43 127 13
43 128 6
43 129 7
43 130 19
43 131 15
43 132 6
43 133 1
43 134 2
43 135 8
43 136 16
43 137 14
43 138 16
43 139 13
43 140 18
43 141 19
43 142 1
43 143 19
43 144 12
43 145 9
43 146 20
43 147 3
43 148 14
43 149 14
43 150 3
43 151 11
43 152 1
43 153 3
43 154 7
43 155 4
43 156 12
43 157 9
43 158 3
43 159 5
43 160 14
43 161 20
43 162 7
43 163 9
43 164 18
43 165 17
43 166 5
43 167 14
43 168 18
43 169 2
43 170 4
43 171 5
43 172 2
43 173 7
43 174 1
43 175 2
43 176 8
43 177 2
43 178 6
43 179 2
43 180 1
43 181 17
43 182 7
43 183 12
43 184 4
43 185 19
43 186 7
43 187 7
43 188 2
43 189 9
43 190 1
43 191 10
43 192 18
43 193 10
43 194 17
43 195 6
43 196 16
43 197 18
43 198 13
43 199 10
43 200 12
43 201 18
43 202 11
43 203 15
43 204 2
43 205 1
43 206 12
43 207 7
43 208 15
43 209 2
43 210 7
43 211 17
43 212 7
43 213 7
43 214 2
43 215 13
43 216 7
43 217 9
43 218 18
43 219 14
43 220 13
43 221 8
43 222 6
43 223 11
43 224 2
43 225 10
43 226 14
43 227 3
43 T 20
44 1 15
44 2 14
44 3 5
44 4 19
44 5 20
44 6 11
44 7 1
44 8 2
44 9 1
44 10 1
44 11 6
44 12 12
44 13 5
44 14 19
44 15 20
44 16 12
44 17 7
44 18 18
44 19 1
44 20 8
44 21 12
44 22 16
44 23 6
44 24 9
44 25 2
44 26 3
44 27 17
44 28 8
44 29 11
44 30 15
44 31 9
44 32 16
44 33 18
44 34 9
44 35 20
44 36 12
44 37 4
44 38 7
44 39 19
44 40 3
44 41 18
44 42 9
44 43 6
44 45 15
44 46 14
44 47 15
44 48 4
44 49 10
44 50 20
44 51 5
44 52 17
44 53 20
44 54 18
44 55 16
44 56 15
44 57 1
44 58 2
44 59 3
44 60 9
44 61 10
44 62 11
44 63 19
44 64 10
44 65 6
44 66 8
44 67 14
44 68 16
44 69 12
44 71 7
44 72 10
44 73 2
44 74 16
44 75 14
44 76 15
44 77 13
44 78 8
44 79 18
44 80 1
44 81 12
44 82 3
44 83 8
44 85 3
44 86 20
44 87 5
44 88 6
44 89 9
44 90 3
44 91 16
44 92 17
44 93 5
44 94 4
44 95 18
44 96 4
44 97 9
44 98 20
44 99 6
44 100 1
44 101 8
44 102 19
44 103 11
44 104 19
44 105 15
44 106 11
44 107 16
44 108 9
44 109 17
44 110 3
44 111 10
44 112 8
44 113 15
44 114 13
44 115 17
44 116 14
44 117 17
44 118 3
44 119 14
44 120 4
44 121 11
44 122 1
44 123 1
44 124 14
44 125 12
44 126 9
44 127 20
44 128 13
44 129 1
44 130 14
44 131 14
44 132 16
44 133 5
44 134 9
44 135 17
44 136 1
44 137 13
44 139 2
44 140 20
44 141 13
44 142 15
44 143 3
44 144 16
44 145 19
44 146 12
44 148 13
44 149 19
44 150 12
44 151 6
44 152 7
44 153 15
44 154 19
44 155 9
44 156 17
44 157 16
44 158 3
44 159 19
44 160 1
44 161 2
44 162 3
44 163 8
44 164 9
44 165 10
44 166 15
44 167 12
44 168 2
44 169 1
44 170 5
44 171 5
44 172 8
44 173 5
44 174 2
44 175 16
44 176 18
44 177 18
44 178 3
44 179 9
44 180 19
44 181 8
44 182 11
44 183 11
44 184 18
44 185 5
44 186 1
44 187 19
44 188 1
44 189 4
44 190 2
44 191 9
44 192 7
44 193 6
44 194 15
44 195 3
44 196 16
44 197 11
44 198 7
44 199 6
44 200 6
44 201 12
44 202 18
44 203 20
44 204 4
44 205 8
44 206 7
44 207 3
44 208 15
44 209 5
44 210 3
44 211 4
44 213 16
44 214 7
44 215 13
44 216 7
44 217 15
44 218 7
44 219 18
44 220 3
44 221 6
44 222 14
44 223 19
44 224 18
44 225 12
44 226 2
44 227 2
44 T 2
45 1 17
45 2 16
45 3 12
45 4 12
45 5 11
45 6 8
45 7 13
45 8 15
45 9 16
45 10 12
45 11 3
45 12 16
45 13 7
45 14 4
45 15 15
45 16 19
45 17 19
45 18 17
45 19 4
45 20 16
45 21 3
45 22 8
45 23 17
45 24 20
45 25 11
45 26 19
45 27 16
45 28 17
45 29 10
45 30 18
45 31 9
45 32 5
45 33 6
45 35 8
45 36 18
45 37 13
45 38 7
45 39 11
45 40 14
45 41 13
45 42 12
45 43 17
45 44 4
45 46 19
45 47 19
45 48 15
45 49 1
45 50 9
45 51 3
45 52 12
45 53 19
45 54 8
45 55 7
45 56 1
45 57 17
45 58 15
45 59 2
45 60 1
45 61 16
45 62 15
45 63 16
45 64 8
45 65 15
45 66 5
45 67 12
45 68 9
45 69 2
45 70 13
45 71 3
45 72 15
45 73 14
45 74 8
45 75 8
45 76 12
45 77 9
45 78 6
45 79 15
45 80 12
45 81 2
45 82 10
45 83 2
45 84 1
45 85 4
45 86 20
45 87 6
45 88 16
45 89 3
45 90 11
45 91 8
45 92 1
45 93 18
45 94 9
45 95 6
45 96 4
45 97 4
45 98 17
45 99 15
45 100 14
45 101 18
45 102 10
45 103 4
45 104 13
45 105 18
45 106 15
45 107 13
45 108 11
45 109 4
45 110 6
45 111 1
45 112 3
45 113 10
45 114 5
45 115 13
45 116 16
45 117 1
45 118 4
45 119 14
45 120 16
45 121 16
45 122 12
45 123 10
45 124 18
45 125 9
45 126 2
45 127 6
45 128 4
45 129 16
45 130 18
45 131 15
45 132 9
45 133 1
45 134 18
45 135 10
45 136 17
45 137 14
45 138 2
45 139 8
45 140 3
45 141 14
45 142 7
45 143 15
45 144 12
45 145 13
45 146 1
45 147 8
45 148 7
45 149 5
45 150 6
45 151 4
45 152 2
45 153 10
45 154 2
45 155 20
45 156 8
45 157 17
45 158 20
45 159 11
45 160 5
45 161 17
45 162 3
45 163 14
45 164 18
45 165 3
45 166 4
45 167 18
45 168 11
45 169 8
45 170 15
45 171 6
45 172 9
45 173 4
45 174 7
45 175 19
45 176 8
45 177 12
45 178 10
45 179 17
45 180 19
45 181 11
45 182 9
45 183 17
45 184 20
45 185 18
45 186 20
45 187 17
45 188 20
45 190 19
45 191 10
45 192 14
45 193 5
45 194 9
45 195 12
45 196 5
45 197 5
45 198 8
45 199 12
45 200 15
45 201 2
45 202 15
45 203 14
45 204 17
45 205 8
45 206 7
45 207 5
45 208 16
45 209 2
45 210 13
45 211 5
45 212 1
45 213 5
45 214 17
45 215 1
45 216 2
45 217 13
45 218 18
45 219 19
45 220 14
45 221 11
45 222 16
45 223 18
45 224 14
45 225 5
45 226 20
45 227 9
45 T 19
46 1 12
46 2 7
46 3 1
46 4 13
46 5 16
46 6 9
46 7 13
46 8 8
46 9 4
46 10 4
46 11 13
46 12 5
46 13 20
46 14 10
46 15 7
46 16 20
46 17 20
46 18 3
46 19 3
46 20 8
46 21 10
46 22 15
46 23 2
46 24 20
46 25 16
46 26 11
46 27 14
46 28 11
46 29 5
46 30 1
46 31 5
46 32 11
46 33 10
46 34 20
46 35 4
46 36 3
46 37 20
46 38 8
46 39 2
46 40 1
46 41 2
46 42 11
46 43 17
46 44 8
46 45 3
46 47 8
46 48 16
46 49 8
46 50 1
46 51 20
46 52 9
46 53 10
46 54 2
46 55 14
46 56 8
46 57 1
46 58 2
46 59 11
46 60 14
46 61 2
46 62 8
46 63 4
46 64 1
46 65 8
46 66 2
46 67 17
46 68 13
46 69 16
46 70 15
46 71 20
46 72 1
46 73 19
46 74 11
46 75 18
46 76 12
46 77 4
46 78 17
46 79 18
46 80 2
46 81 12
46 82 18
46 83 8
46 84 18
46 85 12
46 86 6
46 87 3
46 88 16
46 89 16
46 90 3
46 91 8
46 92 3
46 93 12
46 94 12
46 95 5
46 96 16
46 97 20
46 98 10
46 99 16
46 100 20
46 101 7
46 102 10
46 103 19
46 104 4
46 105 9
46 106 8
46 107 14
46 108 3
46 109 6
46 110 14
46 111 7
46 112 1
46 113 12
46 114 6
46 115 20
46 116 8
46 117 12
46 118 19
46 119 7
46 120 1
46 121 4
46 122 7
46 123 17
46 124 12
46 125 2
46 126 5
46 127 20
46 128 6
46 129 17
46 130 2
46 131 13
46 132 19
46 133 19
46 134 18
46 135 5
46 136 14
46 137 20
46 138 20
46 139 13
46 140 4
46 141 13
46 142 19
46 143 20
46 144 5
46 145 4
46 146 18
46 147 18
46 148 5
46 149 12
46 150 8
46 151 20
46 152 4
46 153 7
46 154 13
46 155 3
46 156 8
46 157 15
46 159 7
46 160 4
46 161 7
46 162 8
46 163 12
46 164 14
46 165 5
46 166 14
46 167 18
46 168 20
46 169 16
46 170 9
46 171 9
46 172 1
46 173 1
46 174 20
46 175 8
46 176 16
46 177 11
46 178 14
46 179 5
46 180 20
46 181 2
46 182 1
46 183 1
46 184 20
46 185 9
46 186 15
46 187 6
46 188 7
46 189 6
46 190 5
46 191 12
46 192 15
46 193 8
46 194 17
46 195 19
46 196 8
46 197 17
46 198 5
46 199 2
46 200 16
46 201 8
46 202 11
46 203 18
46 204 9
46 205 14
46 206 7
46 207 12
46 208 19
46 209 4
46 210 8
46 211 6
46 212 12
46 213 14
46 214 7
46 215 3
46 216 7
46 217 3
46 218 15
46 219 15
46 220 10
46 221 17
46 222 4
46 223 15
46 224 18
46 225 16
46 226 20
46 227 8
46 T 4
47 1 15
47 2 11
47 3 20
47 4 2
47 5 5
47 6 16
47 7 18
47 8 5
47 9 15
47 10 16
47 11 18
47 12 9
47 13 16
47 14 19
47 15 8
47 16 12
47 17 11
47 18 9
47 19 1
47 20 12
47 21 15
47 22 3
47 23 13
47 24 15
47 25 5
47 26 3
47 27 2
47 28 1
47 29 17
47 30 9
47 31 8
47 32 18
47 33 2
47 34 16
47 35 7
47 36 16
47 37 6
47 38 12
47 39 3
47 40 5
47 41 1
47 42 20
47 43 17
47 44 20
47 45 6
47 46 9
47 48 6
47 49 3
47 50 1
47 51 9
47 52 7
47 53 15
47 54 2
47 55 11
47 56 2
47 57 4
47 58 13
47 59 13
47 60 18
47 61 20
47 62 14
47 63 12
47 64 19
47 65 9
47 66 10
47 67 13
47 68 13
47 69 12
47 70 14
47 71 10
47 72 20
47 73 18
47 74 3
47 75 3
47 76 6
47 77 6
47 78 12
47 79 3
47 80 10
47 81 10
47 82 14
47 83 9
47 84 11
47 85 16
47 86 17
47 87 15
47 88 7
47 89 4
47 90 17
47 91 16
47 92 4
47 93 19
47 94 6
47 95 6
47 96 11
47 97 8
47 98 19
47 99 5
47 100 15
47 101 2
47 102 3
47 103 14
47 104 20
47 105 14
47 106 7
47 107 20
47 108 14
47 109 5
47 110 11
47 111 3
47 112 13
47 113 17
47 114 19
47 115 4
47 116 10
47 117 6
47 118 15
47 119 17
47 120 1
47 121 10
47 122 18
47 123 9
47 124 8
47 125 15
47 127 8
47 128 12
47 129 13
47 130 5
47 131 16
47 132 18
47 133 1
47 134 8
47 135 10
47 136 15
47 137 9
47 138 16
47 139 11
47 140 20
47 141 14
47 142 3
47 143 8
47 144 19
47 145 15
47 146 10
47 147 18
47 148 12
47 149 13
47 150 13
47 151 7
47 152 1
47 153 7
47 154 10
47 155 6
47 156 8
47 157 4
47 158 17
47 159 14
47 160 4
47 161 16
47 162 10
47 163 14
47 164 14
47 165 14
47 166 3
47 167 1
47 168 12
47 169 2
47 170 11
47 171 5
47 172 2
47 173 20
47 174 17
47 175 8
47 176 14
47 177 4
47 178 12
47 179 16
47 180 4
47 181 7
47 182 14
47 183 12
47 184 17
47 185 19
47 186 5
47 187 6
47 188 5
47 189 6
47 190 10
47 191 5
47 192 18
47 193 1
47 194 8
47 195 7
47 196 7
47 197 16
47 198 13
47 199 6
47 200 3
47 201 13
47 202 12
47 203 6
47 204 5
47 205 14
47 206 4
47 207 13
47 208 16
47 209 17
47 210 9
47 211 10
47 212 18
47 213 6
47 214 8
47 215 19
47 216 3
47 217 10
47 218 17
47 219 3
47 220 8
47 221 13
47 222 19
47 223 17
47 224 19
47 225 4
47 226 6
47 227 6
47 T 20
48 1 17
48 2 6
48 3 3
48 4 11
48 5 2
48 6 6
48 7 6
48 8 16
48 9 20
48 10 15
48 11 17
48 12 13
48 13 13
48 14 19
48 15 6
48 16 10
48 17 20
48 18 4
48 19 19
48 20 18
48 21 8
48 22 13
48 23 1
48 24 4
48 25 7
48 26 12
48 27 14
48 28 17
48 29 10
48 30 16
48 31 15
48 32 4
48 33 14
48 34 2
48 35 15
48 36 6
48 37 14
48 38 5
48 39 8
48 40 8
48 41 7
48 42 4
48 43 5
48 44 10
48 45 3
48 46 13
48 47 8
48 49 9
48 50 6
48 51 17
48 52 12
48 53 12
48 54 16
48 55 14
48 56 3
48 57 13
48 58 7
48 59 18
48 60 11
48 61 16
48 62 14
48 63 5
48 64 4
48 65 17
48 66 2
48 67 2
48 68 19
48 69 12
48 70 8
48 71 20
48 72 13
48 73 2
48 74 17
48 75 7
48 76 6
48 77 3
48 78 1
48 79 9
48 80 16
48 81 3
48 82 10
48 83 14
48 84 12
48 85 16
48 86 1
48 87 20
48 88 6
48 89 2
48 90 17
48 91 2
48 92 19
48 93 2
48 94 9
48 95 6
48 96 18
48 97 11
48 98 2
48 99 15
48 100 11
48 101 17
48 102 14
48 103 11
48 105 5
48 106 17
48 107 17
48 108 17
48 109 10
48 110 2
48 111 14
48 112 14
48 113 11
48 114 1
48 115 8
48 116 13
48 117 13
48 118 19
48 119 3
48 120 1
48 121 8
48 122 17
48 123 13
48 124 10
48 125 11
48 126 9
48 127 14
48 128 20
48 129 3
48 130 3
48 131 5
48 132 14
48 133 6
48 134 15
48 135 7
48 136 18
48 137 7
48 138 1
48 139 12
48 140 13
48 141 18
48 142 5
48 143 5
48 144 19
48 145 20
48 146 1
48 147 6
48 148 16
48 149 3
48 150 15
48 151 17
48 152 18
48 153 11
48 154 8
48 155 15
48 156 7
48 157 6
48 158 16
48 159 3
48 160 18
48 161 8
48 162 17
48 163 14
48 164 14
48 165 17
48 166 3
48 167 19
48 168 14
48 169 11
48 170 9
48 171 13
48 172 20
48 173 9
48 174 3
48 175 12
48 176 6
48 177 3
48 178 13
48 179 2
48 180 16
48 181 2
48 182 11
48 183 2
48 184 20
48 185 6
48 186 14
48 187 14
48 188 6
48 189 14
48 190 6
48 191 16
48 192 9
48 193 5
48 194 8
48 195 11
48 196 18
48 197 2
48 198 4
48 199 15
48 200 7
48 201 20
48 202 1
48 203 16
48 204 12
48 205 4
48 206 1
48 207 4
48 208 18
48 209 16
48 210 13
48 211 8
48 212 12
48 213 17
48 214 16
48 215 8
48 216 10
48 217 16
48 218 20
48 219 5
48 220 20
48 221 7
48 222 15
48 223 14
48 224 2
48 225 16
48 226 12
48 227 5
48 T 7
49 1 7
49 2 5
49 3 20
49 4 19
49 5 10
49 6 10
49 7 17
49 8 20
49 9 11
49 10 3
49 11 19
49 12 20
49 13 1
49 14 3
49 15 3
49 16 17
49 17 9
49 18 3
49 19 16
49 20 8
49 21 3
49 22 1
49 23 2
49 24 8
49 25 2
49 26 11
49 27 5
49 28 9
49 29 14
49 30 7
49 31 3
49 32 17
49 33 5
49 34 20
49 36 20
49 37 13
49 38 4
49 39 16
49 40 15
49 41 1
49 42 7
49 43 9
49 44 9
49 45 13
49 46 11
49 47 18
49 48 14
49 50 17
49 51 18
49 52 16
49 53 2
49 54 14
49 55 9
49 56 19
49 57 7
49 58 9
49 59 6
49 60 18
49 61 5
49 62 20
49 63 19
49 64 7
49 65 17
49 66 15
49 67 2
49 68 4
49 69 15
49 70 16
49 71 13
49 72 20
49 73 7
49 74 1
49 75 20
49 76 11
49 77 6
49 78 6
49 79 10
49 80 19
49 81 15
49 82 6
49 83 16
49 84 9
49 85 2
49 86 12
49 87 13
49 88 5
49 89 11
49 90 5
49 91 18
49 92 13
49 93 6
49 94 9
49 95 20
49 96 10
49 97 7
49 98 15
49 99 15
49 100 17
49 101 12
49 102 15
49 103 4
49 104 16
49 105 20
49 106 5
49 107 9
49 108 10
49 109 12
49 110 8
49 111 5
49 112 3
49 113 2
49 114 15
49 115 4
49 116 16
49 117 16
49 118 13
49 119 18
49 120 8
49 121 16
49 122 1
49 123 2
49 124 17
49 125 6
49 126 6
49 128 19
49 129 14
49 130 17
49 131 18
49 132 8
49 133 12
49 134 14
49 135 3
49 136 5
49 137 9
49 138 9
49 139 16
49 140 13
49 141 15
49 142 7
49 143 20
49 144 5
49 145 2
49 146 17
49 147 15
49 148 3
49 149 10
49 150 3
49 151 1
49 152 19
49 153 16
49 154 10
49 155 13
49 157 19
49 158 15
49 159 6
49 160 17
49 161 18
49 162 9
49 163 20
49 164 8
49 165 11
49 166 15
49 167 7
49 168 15
49 169 6
49 170 18
49 171 18
49 172 18
49 173 5
49 174 4
49 175 9
49 176 15
49 177 10
49 178 1
49 179 12
49 180 10
49 181 15
49 182 4
49 183 16
49 184 1
49 185 1
49 186 18
49 187 2
49 188 5
49 189 16
49 190 14
49 191 9
49 192 20
49 193 16
49 194 8
49 195 3
49 196 13
49 197 6
49 198 14
49 199 6
49 200 20
49 201 6
49 202 6
49 203 19
49 204 10
49 205 5
49 206 16
49 207 17
49 208 1
49 209 14
49 210 10
49 211 5
49 212 6
49 213 13
49 214 1
49 215 7
49 216 12
49 217 12
49 218 8
49 219 1
49 220 3
49 221 9
49 222 19
49 223 9
49 224 15
49 225 18
49 226 13
49 227 1
49 T 13
50 1 13
50 2 2
50 3 10
50 4 2
50 5 8
50 6 1
50 7 10
50 8 12
50 9 10
50 10 4
50 11 8
50 12 10
50 13 2
50 14 8
50 15 4
50 16 17
50 17 7
50 18 17
50 19 10
50 20 14
50 21 2
50 22 20
50 23 12
50 24 18
50 25 3
50 26 6
50 27 11
50 28 14
50 29 8
50 30 13
50 31 20
50 32 1
50 33 11
50 34 7
50 35 17
50 36 10
50 37 2
50 38 8
50 39 15
50 40 1
50 41 10
50 42 4
50 43 10
50 44 14
50 45 7
50 46 15
50 47 19
50 48 11
50 49 18
50 51 16
50 52 2
50 53 1
50 54 8
50 55 11
50 56 19
50 57 16
50 58 16
50 59 18
50 60 1
50 61 7
50 62 16
50 63 11
50 64 6
50 65 6
50 66 8
50 67 4
50 68 13
50 69 19
50 70 15
50 71 6
50 72 11
50 73 12
50 74 3
50 75 6
50 76 16
50 77 2
50 78 2
50 79 6
50 80 11
50 81 12
50 82 7
50 83 12
50 84 20
50 85 9
50 86 6
50 87 20
50 88 1
50 89 2
50 90 10
50 91 1
50 92 17
50 93 9
50 94 5
50 95 3
50 96 16
50 97 13
50 98 19
50 99 17
50 100 9
50 101 5
50 102 15
50 103 10
50 104 7
50 105 14
50 106 14
50 107 8
50 108 17
50 109 15
50 110 8
50 111 7
50 112 13
50 113 16
50 114 9
50 115 18
50 116 13
50 117 14
50 118 3
50 119 7
50 120 4
50 121 10
50 122 10
50 123 5
50 124 18
50 125 1
50 126 10
50 127 18
50 128 12
50 129 15
50 130 15
50 131 7
50 132 7
50 133 10
50 134 14
50 135 19
50 136 11
50 137 9
50 138 17
50 139 13
50 140 18
50 141 1
50 142 3
50 143 3
50 144 13
50 145 2
50 146 8
50 147 19
50 148 18
50 149 15
50 150 17
50 151 13
50 152 8
50 153 5
50 154 12
50 155 8
50 156 5
50 157 1
50 158 19
50 159 3
50 160 15
50 161 19
50 162 17
50 163 11
50 164 15
50 165 18
50 166 1
50 167 1
50 168 9
50 169 9
50 170 9
50 171 8
50 172 19
50 173 19
50 174 13
50 175 1
50 176 14
50 177 12
50 178 5
50 179 4
50 180 19
50 181 10
50 182 11
50 183 1
50 184 20
50 185 20
50 186 9
50 187 7
50 188 1
50 189 4
50 190 6
50 191 11
50 192 20
50 193 16
50 194 10
50 195 14
50 196 2
50 197 10
50 198 19
50 199 13
50 200 12
50 201 3
50 202 1
50 203 7
50 204 15
50 205 1
50 206 17
50 207 2
50 208 17
50 209 7
50 210 17
50 211 6
50 212 11
50 213 9
50 214 19
50 215 19
50 216 5
50 217 10
50 218 5
50 219 20
50 220 15
50 221 14
50 222 12
50 223 13
50 224 18
50 225 15
50 226 4
50 227 5
50 T 5
51 1 4
51 2 14
51 3 15
51 4 8
51 5 13
51 6 19
51 7 8
51 8 15
51 9 16
51 10 12
51 11 12
51 12 1
51 13 5
51 14 16
51 15 17
51 16 1
51 17 13
51 18 7
51 19 3
51 20 2
51 21 7
51 22 18
51 23 12
51 24 11
51 25 9
51 26 8
51 27 16
51 28 8
51 29 3
51 30 16
51 31 4
51 32 11
51 33 4
51 34 6
51 35 1
51 36 5
51 37 9
51 38 18
51 39 16
51 40 11
51 41 12
51 42 9
51 43 3
51 44 4
51 45 10
51 46 20
51 47 17
51 48 14
51 49 20
51 50 12
51 52 9
51 53 7
51 54 4
51 55 4
51 56 13
51 57 12
51 58 19
51 59 13
51 60 13
51 61 8
51 62 17
51 63 5
51 64 13
51 65 11
51 66 12
51 67 16
51 68 20
51 69 4
51 70 13
51 71 16
51 72 19
51 73 18
51 74 20
51 75 4
51 76 6
51 77 15
51 78 13
51 79 11
51 80 17
51 81 15
51 82 12
51 83 12
51 84 10
51 85 12
51 86 11
51 87 5
51 88 15
51 89 5
51 90 3
51 91 5
51 92 16
51 93 3
51 94 4
51 95 9
51 96 1
51 97 1
51 98 13
51 99 4
51 100 14
51 101 3
51 102 3
51 103 3
51 104 10
51 105 4
51 106 11
51 107 19
51 108 11
51 109 17
51 110 7
51 111 4
51 112 14
51 113 11
51 114 13
51 115 20
51 116 17
51 117 16
51 118 2
51 119 18
51 120 3
51 121 13
51 122 17
51 123 19
51 124 7
51 125 7
51 126 18
51 127 3
51 128 5
51 129 17
51 130 3
51 131 14
51 132 17
51 133 7
51 134 11
51 135 11
51 136 10
51 137 17
51 138 12
51 139 2
51 140 12
51 141 1
51 142 5
51 143 4
51 144 1
51 145 11
51 146 13
51 147 10
51 148 14
51 149 4
51 150 8
51 151 20
51 152 4
51 153 14
51 154 15
51 155 9
51 156 5
51 157 16
51 158 4
51 159 11
51 160 17
51 161 5
51 162 5
51 163 5
51 164 12
51 165 3
51 166 19
51 167 18
51 168 15
51 169 15
51 170 17
51 171 11
51 172 8
51 173 4
51 174 3
51 175 8
51 176 2
51 177 17
51 178 17
51 179 9
51 180 19
51 182 3
51 183 1
51 184 4
51 185 5
51 186 4
51 187 12
51 188 13
51 189 19
51 190 5
51 191 11
51 192 8
51 193 7
51 194 6
51 195 6
51 196 10
51 197 2
51 198 15
51 199 1
51 200 11
51 201 1
51 202 20
51 203 15
51 204 9
51 205 12
51 206 13
51 207 12
51 208 17
51 209 16
51 210 10
51 211 10
51 212 13
51 213 15
51 214 11
51 215 5
51 216 12
51 217 11
51 218 13
51 219 1
51 220 12
51 221 9
51 222 2
51 223 2
51 224 4
51 226 17
51 227 8
51 T 20
52 1 15
52 2 8
52 3 20
52 4 10
52 5 1
52 6 14
52 7 2
52 8 4
52 9 16
52 10 3
52 11 2
52 12 12
52 13 4
52 14 3
52 15 12
52 16 12
52 17 20
52 18 5
52 19 13
52 20 14
52 21 5
52 22 1
52 23 6
52 24 3
52 25 7
52 26 14
52 27 17
52 28 9
52 29 11
52 30 15
52 31 20
52 32 18
52 33 10
52 34 16
52 35 7
52 36 8
52 37 3
52 38 1
52 39 6
52 40 12
52 41 20
52 42 19
52 43 3
52 44 3
52 45 4
52 46 3
52 47 16
52 48 5
52 49 5
52 50 7
52 51 18
52 53 10
52 54 19
52 55 6
52 56 12
52 57 20
52 58 14
52 59 7
52 60 12
52 61 9
52 62 9
52 63 1
52 64 4
52 65 6
52 66 5
52 67 7
52 68 19
52 69 15
52 70 8
52 71 18
52 72 17
52 74 8
52 75 19
52 76 12
52 77 6
52 78 18
52 79 18
52 80 4
52 81 14
52 82 6
52 83 3
52 84 4
52 85 13
52 86 20
52 87 20
52 88 17
52 89 6
52 90 1
52 91 4
52 92 6
52 93 16
52 94 5
52 95 11
52 96 10
52 97 17
52 98 15
52 99 9
52 100 3
52 101 14
52 102 10
52 103 11
52 104 3
52 105 14
52 106 20
52 107 13
52 108 19
52 109 9
52 110 5
52 111 16
52 112 3
52 113 10
52 114 17
52 115 5
52 116 3
52 117 11
52 118 19
52 119 1
52 120 13
52 121 14
52 122 20
52 123 2
52 124 18
52 125 10
52 126 7
52 127 14
52 128 15
52 129 1
52 130 15
52 131 10
52 132 9
52 133 13
52 134 9
52 135 2
52 136 7
52 137 9
52 138 17
52 139 8
52 140 12
52 141 16
52 142 11
52 143 10
52 144 8
52 145 13
52 146 17
52 147 5
52 148 12
52 149 13
52 150 4
52 151 3
52 152 10
52 153 7
52 154 5
52 155 10
52 157 13
52 158 16
52 159 10
52 160 12
52 161 3
52 162 1
52 163 2
52 164 7
52 165 10
52 166 11
52 167 9
52 168 20
52 169 3
52 170 17
52 171 7
52 172 10
52 173 20
52 174 15
52 175 3
52 176 16
52 177 20
52 178 15
52 179 1
52 180 6
52 181 19
52 182 10
52 183 17
52 184 17
52 185 2
52 186 14
52 187 2
52 188 20
52 189 7
52 190 4
52 191 2
52 192 9
52 193 17
52 194 10
52 195 3
52 196 14
52 197 12
52 198 5
52 199 4
52 200 12
52 201 16
52 202 5
52 203 14
52 204 7
52 205 2
52 206 19
52 207 17
52 208 4
52 209 15
52 210 3
52 211 15
52 212 2
52 213 19
52 214 19
52 215 20
52 216 19
52 217 4
52 218 2
52 219 14
52 220 3
52 221 6
52 222 14
52 223 18
52 224 18
52 225 5
52 226 8
52 227 13
52 T 5
53 1 19
53 2 5
53 3 6
53 4 13
53 5 9
53 6 15
53 7 20
53 8 13
53 9 6
53 10 6
53 11 18
53 12 10
53 13 15
53 14 8
53 15 5
53 16 19
53 17 6
53 18 6
53 19 5
53 20 11
53 21 7
53 22 18
53 23 10
53 24 14
53 25 17
53 26 11
53 27 7
53 28 5
53 29 7
53 30 7
53 31 13
53 32 16
53 33 9
53 34 14
53 35 6
53 36 11
53 37 7
53 38 7
53 39 15
53 40 12
53 41 19
53 42 3
53 43 16
53 44 5
53 45 19
53 46 19
53 47 3
53 48 9
53 49 13
53 50 9
53 51 3
53 52 2
53 54 1
53 55 16
53 56 4
53 57 2
53 58 6
53 59 17
53 60 20
53 61 6
53 62 12
53 64 20
53 65 12
53 66 18
53 67 11
53 68 11
53 69 3
53 70 16
53 71 16
53 72 18
53 73 1
53 74 11
53 75 5
53 76 7
53 77 3
53 78 2
53 79 10
53 80 11
53 81 3
53 82 15
53 83 16
53 84 6
53 85 6
53 86 6
53 87 6
53 88 14
53 89 19
53 90 18
53 91 6
53 92 4
53 93 1
53 94 5
53 95 5
53 96 20
53 97 1
53 98 18
53 99 1
53 100 8
53 101 3
53 102 18
53 103 10
53 104 14
53 105 14
53 106 15
53 107 15
53 108 5
53 109 18
53 110 8
53 111 2
53 112 6
53 113 2
53 114 11
53 115 6
53 116 14
53 117 16
53 118 2
53 119 6
53 120 5
53 121 12
53 122 6
53 123 8
53 124 2
53 125 5
53 126 15
53 127 1
53 128 10
53 129 6
53 130 5
53 131 8
53 132 15
53 133 15
53 134 19
53 135 19
53 136 7
53 137 20
53 138 16
53 139 3
53 140 4
53 141 6
53 142 7
53 143 2
53 144 6
53 145 15
53 146 17
53 147 18
53 148 10
53 149 20
53 150 15
53 151 18
53 152 4
53 153 4
53 154 16
53 155 8
53 156 19
53 157 5
53 158 11
53 159 8
53 160 3
53 161 18
53 162 3
53 163 16
53 164 17
53 165 11
53 166 15
53 167 11
53 168 16
53 169 12
53 170 8
53 171 3
53 172 11
53 173 5
53 174 14
53 175 8
53 176 4
53 177 4
53 178 1
53 179 9
53 180 10
53 181 14
53 182 9
53 183 17
53 184 15
53 185 7
53 186 11
53 187 4
53 188 20
53 189 10
53 190 14
53 191 20
53 192 6
53 193 8
53 194 14
53 195 15
53 196 2
53 197 8
53 198 6
53 199 20
53 200 9
53 201 8
53 202 8
53 203 13
53 204 15
53 205 5
53 206 14
53 207 16
53 208 8
53 209 8
53 210 20
53 211 14
53 212 12
53 213 15
53 214 12
53 215 1
53 216 14
53 217 10
53 218 12
53 219 19
53 220 10
53 221 15
53 222 16
53 223 9
53 224 9
53 225 16
53 226 12
53 227 1
53 T 12
54 1 1
54 2 5
54 3 19
54 4 20
54 5 15
54 6 17
54 7 14
54 8 8
54 9 7
54 10 16
54 11 7
54 12 5
54 13 2
54 14 3
54 15 12
54 16 4
54 18 16
54 19 9
54 20 2
54 21 1
54 22 17
54 23 14
54 24 18
54 25 17
54 26 6
54 27 1
54 28 9
54 29 3
54 30 13
54 31 5
54 32 19
54 33 7
54 34 1
54 35 3
54 36 18
54 37 5
54 38 1
54 39 18
54 40 9
54 41 15
54 42 8
54 43 20
54 44 1
54 45 11
54 46 2
54 47 8
54 48 13
54 49 8
54 50 14
54 51 5
54 52 6
54 53 18
54 55 11
54 56 4
54 57 12
54 58 10
54 59 15
54 60 17
54 61 13
54 62 14
54 64 12
54 65 15
54 66 2
54 67 4
54 68 17
54 69 6
54 70 8
54 71 4
54 72 3
54 73 10
54 74 11
54 75 10
54 76 9
54 77 15
54 78 5
54 79 9
54 80 5
54 81 9
54 82 14
54 83 3
54 84 16
54 85 18
54 86 15
54 87 19
54 88 2
54 89 19
54 90 13
54 91 13
54 92 17
54 93 20
54 94 16
54 95 4
54 96 5
54 97 6
54 98 3
54 99 2
54 100 6
54 101 10
54 102 16
54 103 10
54 104 4
54 105 2
54 106 20
54 107 14
54 108 3
54 109 5
54 110 5
54 111 15
54 112 13
54 113 15
54 114 20
54 115 5
54 116 16
54 117 2
54 118 6
54 119 6
54 120 13
54 121 17
54 122 1
54 123 6
54 124 3
54 125 1
54 126 1
54 127 13
54 128 9
54 129 4
54 130 16
54 131 12
54 132 5
54 133 18
54 134 9
54 135 9
54 136 12
54 137 7
54 139 11
54 140 11
54 141 15
54 142 2
54 143 18
54 144 5
54 145 20
54 146 5
54 147 9
54 148 7
54 149 18
54 150 20
54 151 20
54 152 13
54 153 17
54 154 2
54 155 20
54 156 18
54 157 4
54 158 7
54 159 16
54 160 8
54 161 3
54 162 6
54 163 8
54 164 17
54 165 8
54 166 3
54 167 2
54 168 4
54 169 1
54 170 20
54 171 8
54 172 7
54 173 6
54 174 5
54 175 19
54 176 17
54 177 4
54 178 12
54 179 4
54 180 12
54 181 8
54 182 5
54 183 20
54 184 15
54 186 17
54 187 7
54 188 7
54 189 10
54 190 16
54 191 7
54 192 19
54 193 4
54 194 19
54 195 19
54 196 3
54 197 6
54 198 18
54 199 4
54 200 3
54 201 13
54 202 15
54 203 1
54 204 14
54 206 8
54 207 6
54 208 6
54 209 13
54 210 9
54 211 11
54 212 5
54 213 9
54 214 19
54 215 14
54 216 20
54 217 14
54 218 16
54 219 19
54 220 6
54 221 20
54 222 5
54 223 20
54 224 20
54 225 15
54 226 19
54 227 17
54 T 9
55 1 10
55 2 6
55 3 11
55 4 14
55 5 12
55 6 2
55 7 3
55 8 16
55 9 9
55 10 10
55 11 17
55 12 4
55 13 17
55 14 16
55 15 5
55 16 19
55 17 11
55 18 16
55 19 13
55 20 1
55 21 18
55 22 9
55 23 9
55 24 16
55 25 5
55 26 13
55 27 6
55 28 13
55 29 10
55 30 3
55 31 11
55 32 7
55 34 18
55 35 9
55 36 12
55 37 10
55 38 12
55 39 11
55 40 18
55 41 17
55 42 14
55 43 6
55 44 5
55 45 18
55 46 9
55 47 13
55 48 3
55 49 7
55 50 4
55 51 6
55 52 2
55 53 15
55 54 15
55 56 9
55 57 11
55 58 18
55 59 16
55 60 10
55 61 9
55 62 18
55 63 19
55 64 1
55 65 15
55 66 19
55 67 14
55 68 7
55 69 16
55 70 3
55 71 7
55 72 18
55 73 15
55 74 17
55 75 6
55 76 15
55 77 19
55 78 4
55 79 17
55 80 15
55 81 17
55 82 6
55 83 17
55 84 14
55 85 14
55 86 20
55 87 4
55 88 8
55 89 1
55 91 14
55 92 12
55 93 4
55 94 6
55 95 16
55 96 1
55 97 8
55 98 7
55 99 5
55 100 19
55 101 5
55 102 5
55 103 6
55 104 6
55 105 2
55 106 4
55 107 13
55 108 3
55 109 4
55 110 16
55 111 17
55 112 2
55 113 19
55 114 1
55 115 13
55 116 14
55 117 18
55 118 1
55 119 15
55 120 1
55 121 10
55 122 5
55 123 8
55 124 11
55 125 7
55 126 3
55 127 6
55 128 2
55 129 15
55 130 14
55 131 11
55 132 6
55 134 13
55 135 16
55 136 7
55 137 2
55 138 18
55 139 18
55 140 3
55 141 5
55 142 7
55 143 6
55 144 10
55 145 16
55 146 3
55 147 13
55 148 18
55 149 2
55 150 3
55 151 19
55 152 1
55 153 16
55 154 3
55 155 10
55 156 2
55 157 10
55 158 12
55 159 15
55 160 6
55 161 2
55 162 9
55 163 9
55 164 3
55 165 7
55 166 20
55 167 17
55 168 2
55 169 3
55 170 12
55 171 7
55 172 8
55 173 7
55 174 4
55 176 7
55 177 15
55 178 19
55 179 9
55 180 1
55 181 1
55 182 1
55 183 11
55 184 13
55 185 1
55 186 3
55 187 4
55 188 14
55 189 11
55 190 15
55 191 11
55 192 10
55 193 6
55 195 1
55 196 15
55 197 13
55 198 12
55 199 8
55 200 6
55 201 10
55 202 18
55 203 11
55 204 16
55 205 15
55 206 19
55 207 20
55 208 6
55 209 11
55 210 3
55 211 14
55 212 2
55 213 6
55 214 10
55 215 15
55 216 15
55 217 8
55 218 9
55 220 12
55 221 7
55 222 8
55 223 13
55 224 15
55 225 9
55 226 18
55 227 2
55 T 6
56 1 8
56 2 15
56 3 17
56 4 6
56 5 11
56 6 16
56 7 10
56 8 5
56 9 4
56 10 18
56 11 8
56 12 10
56 13 2
56 14 8
56 15 9
56 16 7
56 17 18
56 18 12
56 19 17
56 20 13
56 21 13
56 22 6
56 23 5
56 24 17
56 25 2
56 26 11
56 27 7
56 28 17
56 29 5
56 30 9
56 31 20
56 32 2
56 33 13
56 34 4
56 35 19
56 36 9
56 37 15
56 38 8
56 39 19
56 40 9
56 41 6
56 42 14
56 43 1
56 44 2
56 45 17
56 46 10
56 47 8
56 48 12
56 49 1
56 50 12
56 51 3
56 52 8
56 53 20
56 54 10
56 55 19
56 58 2
56 59 11
56 60 9
56 61 1
56 62 3
56 63 14
56 64 5
56 65 20
56 66 2
56 67 10
56 68 18
56 69 18
56 70 14
56 71 12
56 72 8
56 73 3
56 74 15
56 75 2
56 76 11
56 77 14
56 78 6
56 79 13
56 80 13
56 81 13
56 82 4
56 83 3
56 84 9
56 86 12
56 87 2
56 88 11
56 89 17
56 90 6
56 92 12
56 93 13
56 94 9
56 95 11
56 96 11
56 97 7
56 98 10
56 99 3
56 100 19
56 101 17
56 102 7
56 103 12
56 104 10
56 105 20
56 106 15
56 107 7
56 108 10
56 109 8
56 110 3
56 111 16
56 112 9
56 113 4
56 114 13
56 115 1
56 116 9
56 117 12
56 118 3
56 119 10
56 120 1
56 121 10
56 122 15
56 123 17
56 124 2
56 125 2
56 126 2
56 127 18
56 128 1
56 129 8
56 130 2
56 131 8
56 132 19
56 133 9
56 134 5
56 135 14
56 136 18
56 137 9
56 138 1
56 139 16
56 140 1
56 141 9
56 142 7
56 143 16
56 144 14
56 145 20
56 146 12
56 147 9
56 148 6
56 149 5
56 150 3
56 151 12
56 152 5
56 154 7
56 155 9
56 156 12
56 157 19
56 158 16
56 159 18
56 160 17
56 161 9
56 162 8
56 163 18
56 164 2
56 165 13
56 166 5
56 167 12
56 168 4
56 169 11
56 170 2
56 171 19
56 172 19
56 173 15
56 174 2
56 175 6
56 176 1
56 177 20
56 178 12
56 179 4
56 180 4
56 181 5
56 182 6
56 183 5
56 184 16
56 185 3
56 186 9
56 187 8
56 188 12
56 189 17
56 190 4
56 191 13
56 192 7
56 193 9
56 194 8
56 195 20
56 196 14
56 197 7
56 198 5
56 199 17
56 200 18
56 201 11
56 202 1
56 203 8
56 204 20
56 205 12
56 206 15
56 207 11
56 208 16
56 209 18
56 210 7
56 211 4
56 212 14
56 213 17
56 214 14
56 215 18
56 216 2
56 217 9
56 218 7
56 219 13
56 220 15
56 221 18
56 222 5
56 223 2
56 224 15
56 225 1
56 226 1
56 227 2
56 T 2
57 1 2
57 2 20
57 3 3
57 4 16
57 5 9
57 6 18
57 7 19
57 8 3
57 9 11
57 10 1
57 11 20
57 12 13
57 13 3
57 14 12
57 15 2
57 16 6
57 17 4
57 18 2
57 19 14
57 20 12
57 21 20
57 22 13
57 23 13
57 24 3
57 25 7
57 26 14
57 27 4
57 28 9
57 29 2
57 30 11
57 31 18
57 32 4
57 33 4
57 34 18
57 35 10
57 36 9
57 37 18
57 38 20
57 39 12
57 40 16
57 41 19
57 42 6
57 43 7
57 44 3
57 45 13
57 46 6
57 47 5
57 48 2
57 49 12
57 50 15
57 51 14
57 52 4
57 53 14
57 54 8
57 55 16
57 56 15
57 58 6
57 59 1
57 60 9
57 61 20
57 62 14
57 63 19
57 64 18
57 65 1
57 66 4
57 67 11
57 68 20
57 69 4
57 70 16
57 71 12
57 72 19
57 73 16
57 74 17
57 75 20
57 76 16
57 77 20
57 78 10
57 79 9
57 80 10
57 81 18
57 82 1
57 83 16
57 84 13
57 85 5
57 86 19
57 87 2
57 88 10
57 89 10
57 90 16
57 91 1
57 92 19
57 93 3
57 94 13
57 95 4
57 96 8
57 97 16
57 98 18
57 99 12
57 100 3
57 101 6
57 102 14
57 103 20
57 104 3
57 105 10
57 106 13
57 107 1
57 108 17
57 109 13
57 110 7
57 111 7
57 112 7
57 113 13
57 114 19
57 115 20
57 116 8
57 117 3
57 118 12
57 119 1
57 120 10
57 121 10
57 122 17
57 123 6
57 124 10
57 125 17
57 126 2
57 127 20
57 128 7
57 129 19
57 130 8
57 131 6
57 132 1
57 133 3
57 134 10
57 135 13
57 136 6
57 137 10
57 138 12
57 139 13
57 140 11
57 141 11
57 142 8
57 143 5
57 144 4
57 145 1
57 146 18
57 147 11
57 148 14
57 149 19
57 150 7
57 151 13
57 152 4
57 153 6
57 154 19
57 155 19
57 156 4
57 157 18
57 158 17
57 159 1
57 160 6
57 161 16
57 162 7
57 163 15
57 164 13
57 165 10
57 166 10
57 167 3
57 168 12
57 169 17
57 170 16
57 171 12
57 172 15
57 173 7
57 174 13
57 175 13
57 176 1
57 177 3
57 178 10
57 179 14
57 180 6
57 181 2
57 182 4
57 183 15
57 184 1
57 185 14
57 186 13
57 187 18
57 188 11
57 189 1
57 190 11
57 191 13
57 192 16
57 193 8
57 194 2
57 195 6
57 196 19
57 197 16
57 198 9
57 199 14
57 200 13
57 201 12
57 202 7
57 203 2
57 204 10
57 205 3
57 206 7
57 207 13
57 208 2
57 209 7
57 210 18
57 211 1
57 212 6
57 213 18
57 214 1
57 215 10
57 216 5
57 217 15
57 218 1
57 219 3
57 220 19
57 221 6
57 222 5
57 223 5
57 224 1
57 225 6
57 226 7
57 227 6
57 T 5
58 1 14
58 2 8
58 3 6
58 4 10
58 5 9
58 6 17
58 7 15
58 8 12
58 9 15
58 10 1
58 11 16
58 12 14
58 13 3
58 14 18
58 15 7
58 16 16
58 17 17
58 18 19
58 19 6
58 20 8
58 21 13
58 22 9
58 23 11
58 24 2
58 25 20
58 26 19
58 27 20
58 28 12
58 29 3
58 30 15
58 31 6
58 32 8
58 33 11
58 34 9
58 35 2
58 36 12
58 37 8
58 38 8
58 39 4
58 40 19
58 41 17
58 42 3
58 43 9
58 44 17
58 45 6
58 46 3
58 47 11
58 48 7
58 49 13
58 50 17
58 51 6
58 52 1
58 53 17
58 54 18
58 55 4
58 56 11
58 57 14
58 59 7
58 60 10
58 61 3
58 62 20
58 63 6
58 64 1
58 65 7
58 66 6
58 67 5
58 69 7
58 70 7
58 71 7
58 72 5
58 73 19
58 74 7
58 75 7
58 76 19
58 77 9
58 78 9
58 79 16
58 80 8
58 81 16
58 82 7
58 83 12
58 84 6
58 85 14
58 86 12
58 87 18
58 88 8
58 89 10
58 91 13
58 92 11
58 93 19
58 94 18
58 95 9
58 96 14
58 97 3
58 98 1
58 99 14
58 100 20
58 101 6
58 102 14
58 103 14
58 104 15
58 105 13
58 106 17
58 107 20
58 108 19
58 109 7
58 110 4
58 111 14
58 112 17
58 113 17
58 114 5
58 115 7
58 116 7
58 117 10
58 118 11
58 119 10
58 120 3
58 121 7
58 122 8
58 123 5
58 124 13
58 125 1
58 126 6
58 127 5
58 128 13
58 129 6
58 130 5
58 131 9
58 132 18
58 133 14
58 134 17
58 135 8
58 136 20
58 137 15
58 138 18
58 139 2
58 140 7
58 141 13
58 142 1
58 143 11
58 144 8
58 145 19
58 146 18
58 147 10
58 148 14
58 149 3
58 150 16
58 151 9
58 152 10
58 153 18
58 154 14
58 155 10
58 156 6
58 157 1
58 158 5
58 159 17
58 160 3
58 161 17
58 162 3
58 163 9
58 164 13
58 165 4
58 166 8
58 167 11
58 168 17
58 169 19
58 170 20
58 171 4
58 172 20
58 173 2
58 174 7
58 175 8
58 176 8
58 177 14
58 178 15
58 179 2
58 180 11
58 181 11
58 182 12
58 183 20
58 184 14
58 185 13
58 186 12
58 187 13
58 188 16
58 189 12
58 190 17
58 191 12
58 192 16
58 193 9
58 195 11
58 196 8
58 197 8
58 198 14
58 199 1
58 200 10
58 201 2
58 202 5
58 203 8
58 204 9
58 205 20
58 206 2
58 207 5
58 208 2
58 209 14
58 210 19
58 211 19
58 212 12
58 213 11
58 214 16
58 215 8
58 216 10
58 217 18
58 218 18
58 219 5
58 220 6
58 221 19
58 222 16
58 224 2
58 225 2
58 226 11
58 227 5
58 T 3
59 1 18
59 2 2
59 3 8
59 4 9
59 5 17
59 6 19
59 7 13
59 8 9
59 9 19
59 10 17
59 11 2
59 12 5
59 13 7
59 14 3
59 15 19
59 16 15
59 17 5
59 18 6
59 19 2
59 20 15
59 21 11
59 22 9
59 23 19
59 24 4
59 25 9
59 26 14
59 27 7
59 28 17
59 29 9
59 30 17
59 31 13
59 32 6
59 33 2
59 34 17
59 35 11
59 36 10
59 37 16
59 38 8
59 39 4
59 40 9
59 42 20
59 43 6
59 44 2
59 45 7
59 46 2
59 47 12
59 48 16
59 49 4
59 50 14
59 51 18
59 52 8
59 53 14
59 54 11
59 55 5
59 57 4
59 58 13
59 60 2
59 61 7
59 62 13
59 63 16
59 64 2
59 65 11
59 66 7
59 67 16
59 68 10
59 69 10
59 70 2
59 71 19
59 72 19
59 73 7
59 74 9
59 75 20
59 76 7
59 77 4
59 78 16
59 79 3
59 80 20
59 81 19
59 82 5
59 83 10
59 84 12
59 85 7
59 86 18
59 87 16
59 88 14
59 89 8
59 90 2
59 91 1
59 92 14
59 93 10
59 94 19
59 95 10
59 96 20
59 97 5
59 98 18
59 99 17
59 100 19
59 101 13
59 102 20
59 103 15
59 104 12
59 105 1
59 106 9
59 107 7
59 108 8
59 109 12
59 110 12
59 111 8
59 112 6
59 113 8
59 114 10
59 115 7
59 116 4
59 117 14
59 118 12
59 119 2
59 120 5
59 121 18
59 122 17
59 123 15
59 124 11
59 125 13
59 126 2
59 127 11
59 128 13
59 129 20
59 130 16
59 131 3
59 132 15
59 133 9
59 134 14
59 135 4
59 136 18
59 137 10
59 138 2
59 139 20
59 140 11
59 141 15
59 142 2
59 143 16
59 144 8
59 145 17
59 146 9
59 147 7
59 148 15
59 149 14
59 150 11
59 151 11
59 152 18
59 153 20
59 154 19
59 155 9
59 156 9
59 157 18
59 158 3
59 159 3
59 160 20
59 161 10
59 162 16
59 163 17
59 164 8
59 165 13
59 166 15
59 167 4
59 168 20
59 169 16
59 170 16
59 171 3
59 172 20
59 173 13
59 174 16
59 175 7
59 176 20
59 177 8
59 178 15
59 179 7
59 180 7
59 181 7
59 182 7
59 183 18
59 184 6
59 185 2
59 186 13
59 187 7
59 188 6
59 189 13
59 190 11
59 191 17
59 192 16
59 193 11
59 194 17
59 195 16
59 196 10
59 197 14
59 198 7
59 199 2
59 200 10
59 201 6
59 202 20
59 203 1
59 204 4
59 205 6
59 206 16
59 207 2
59 208 9
59 209 20
59 210 17
59 211 15
59 212 14
59 213 17
59 214 1
59 215 7
59 216 13
59 217 4
59 218 20
59 219 10
59 220 20
59 221 3
59 222 18
59 223 10
59 225 16
59 226 7
59 227 12
59 T 12
60 1 18
60 2 7
60 3 18
60 4 12
60 5 19
60 6 13
60 7 19
60 8 1
60 9 7
60 10 11
60 11 6
60 12 8
60 13 18
60 14 17
60 15 13
60 16 7
60 17 11
60 18 4
60 19 13
60 20 19
60 21 2
60 22 3
60 23 13
60 24 3
60 25 16
60 26 13
60 27 7
60 28 1
60 29 3
60 30 11
60 31 7
60 32 19
60 33 4
60 34 11
60 35 9
60 36 14
60 37 1
60 38 17
60 39 14
60 40 13
60 41 15
60 42 15
60 43 6
60 44 11
60 45 17
60 46 9
60 47 11
60 48 2
60 49 3
60 50 10
60 52 20
60 53 4
60 54 19
60 55 15
60 56 8
60 57 11
60 58 12
60 59 4
60 61 19
60 62 18
60 63 12
60 64 5
60 65 7
60 66 9
60 67 6
60 68 11
60 69 10
60 70 2
60 71 16
60 72 16
60 73 20
60 74 12
60 75 13
60 76 1
60 77 20
60 78 17
60 79 9
60 80 10
60 81 20
60 82 16
60 83 19
60 84 15
60 85 2
60 86 14
60 87 13
60 88 12
60 89 8
60 90 8
60 91 2
60 92 1
60 93 5
60 94 3
60 95 5
60 96 14
60 97 11
60 98 13
60 99 9
60 100 13
60 101 12
60 102 16
60 103 20
60 104 6
60 105 19
60 107 18
60 108 5
60 109 20
60 110 11
60 111 2
60 112 11
60 113 12
60 114 20
60 115 6
60 116 8
60 117 3
60 118 19
60 119 7
60 120 15
60 121 19
60 122 4
60 123 1
60 124 4
60 125 4
60 126 20
60 127 4
60 128 14
60 129 8
60 130 13
60 131 17
60 132 15
60 133 12
60 134 2
60 135 14
60 136 18
60 137 12
60 138 11
60 139 2
60 140 10
60 141 5
60 142 6
60 143 6
60 144 20
60 145 10
60 146 16
60 147 20
60 148 19
60 149 16
60 150 18
60 151 18
60 152 17
60 153 16
60 154 9
60 155 19
60 156 5
60 157 15
60 158 13
60 159 4
60 160 2
60 161 9
60 162 19
60 163 15
60 164 5
60 165 3
60 166 15
60 167 7
60 168 11
60 169 11
60 170 2
60 171 5
60 172 1
60 173 20
60 174 7
60 175 14
60 176 9
60 177 2
60 178 12
60 179 16
60 180 2
60 181 2
60 182 19
60 183 15
60 184 15
60 185 20
60 186 8
60 187 2
60 188 17
60 189 7
60 190 19
60 191 8
60 192 13
60 193 7
60 194 6
60 195 19
60 197 14
60 198 19
60 199 18
60 200 19
60 201 2
60 202 11
60 203 20
60 204 2
60 205 7
60 206 2
60 207 8
60 208 7
60 209 17
60 210 11
60 211 10
60 212 13
60 213 18
60 214 15
60 215 18
60 216 3
60 217 6
60 218 18
60 219 14
60 220 8
60 221 17
60 222 18
60 223 7
60 224 5
60 225 19
60 226 20
60 227 9
60 T 12
61 1 5
61 2 12
61 3 12
61 4 14
61 5 3
61 6 19
61 7 20
61 8 11
61 9 20
61 10 1
61 11 10
61 12 7
61 13 2
61 14 15
61 15 7
61 16 13
61 17 9
61 18 9
61 19 10
61 20 14
61 21 10
61 22 7
61 23 5
61 24 8
61 25 4
61 26 19
61 27 3
61 28 8
61 29 16
61 30 12
61 31 18
61 32 2
61 33 9
61 34 14
61 35 19
61 36 2
61 37 19
61 38 2
61 39 4
61 40 10
61 41 4
61 42 19
61 43 4
61 44 5
61 45 15
61 46 2
61 47 18
61 48 3
61 49 14
61 50 1
61 51 15
61 52 6
61 53 1
61 54 10
61 55 16
61 56 5
61 57 14
61 58 1
61 59 17
61 60 18
61 62 15
61 63 16
61 64 1
61 65 8
61 66 17
61 67 15
61 69 17
61 70 1
61 71 13
61 72 5
61 73 14
61 74 2
61 75 14
61 76 15
61 77 4
61 78 4
61 79 18
61 80 11
61 81 9
61 82 6
61 83 9
61 84 13
61 85 1
61 86 3
61 87 17
61 88 8
61 89 1
61 90 1
61 91 16
61 92 17
61 93 20
61 94 5
61 95 20
61 96 12
61 97 17
61 98 14
61 99 4
61 100 11
61 101 18
61 102 15
61 103 11
61 104 1
61 105 17
61 106 8
61 107 8
61 108 12
61 109 20
61 110 20
61 111 20
61 112 13
61 113 3
61 114 1
61 115 8
61 116 7
61 117 4
61 118 20
61 119 1
61 120 8
61 121 10
61 122 20
61 123 10
61 124 6
61 125 16
61 126 13
61 127 3
61 128 9
61 129 11
61 130 10
61 131 2
61 132 1
61 133 15
61 134 15
61 135 9
61 136 7
61 137 11
61 138 9
61 139 11
61 140 2
61 141 13
61 143 3
61 144 20
61 145 18
61 146 1
61 147 14
61 148 5
61 149 13
61 150 1
61 151 18
61 152 12
61 153 8
61 154 1
61 155 20
61 156 18
61 157 8
61 158 10
61 159 3
61 160 4
61 161 11
61 162 20
61 163 14
61 164 7
61 165 3
61 166 15
61 167 6
61 168 15
61 169 2
61 170 19
61 171 17
61 172 2
61 173 17
61 174 1
61 175 15
61 176 1
61 177 18
61 178 19
61 179 16
61 180 7
61 181 7
61 182 19
61 183 11
61 184 9
61 185 9
61 186 3
61 187 14
61 188 16
61 189 9
61 190 12
61 191 12
61 192 1
61 193 12
61 194 6
61 195 8
61 196 7
61 197 11
61 198 13
61 199 15
61 200 13
61 201 7
61 202 7
61 203 2
61 204 13
61 205 7
61 206 9
61 207 3
61 208 11
61 209 11
61 210 15
61 211 18
61 212 7
61 213 20
61 214 4
61 215 2
61 216 13
61 217 7
61 218 13
61 219 18
61 220 8
61 221 1
61 222 18
61 223 16
61 224 14
61 225 15
61 226 15
61 227 18
61 T 8
62 1 18
62 2 6
62 3 19
62 4 8
62 5 19
62 6 1
62 7 6
62 8 13
62 9 20
62 10 16
62 11 19
62 12 14
62 13 18
62 14 9
62 15 14
62 16 20
62 17 19
62 18 16
62 19 10
62 20 7
62 21 4
62 22 20
62 23 9
62 24 4
62 25 12
62 26 13
62 27 16
62 28 2
62 29 17
62 30 8
62 31 3
62 32 10
62 33 20
62 34 4
62 35 17
62 36 9
62 37 6
62 38 18
62 39 11
62 40 14
62 41 19
62 42 15
62 43 12
62 44 1
62 45 11
62 46 19
62 47 15
62 48 13
62 49 15
62 50 8
62 51 10
62 52 8
62 53 4
62 54 5
62 55 3
62 56 15
62 57 12
62 58 4
62 59 2
62 60 8
62 61 1
62 63 5
62 64 18
62 65 12
62 66 15
62 67 3
62 68 15
62 69 18
62 70 6
62 71 6
62 72 14
62 73 9
62 74 3
62 75 13
62 76 1
62 77 5
62 78 8
62 79 19
62 80 18
62 81 5
62 82 20
62 83 5
62 84 8
62 85 6
62 86 16
62 87 6
62 88 20
62 89 16
62 90 14
62 91 19
62 92 20
62 93 6
62 94 2
62 95 17
62 96 8
62 97 15
62 98 13
62 99 4
62 100 7
62 101 17
62 102 13
62 103 9
62 104 14
62 105 7
62 106 8
62 107 3
62 108 14
62 109 17
62 110 8
62 111 16
62 112 19
62 113 6
62 114 8
62 115 13
62 116 16
62 117 18
62 118 7
62 119 12
62 120 16
62 121 4
62 122 15
62 123 20
62 124 16
62 125 17
62 126 17
62 127 13
62 128 18
62 129 3
62 130 13
62 131 10
62 132 9
62 133 4
62 134 17
62 135 12
62 136 14
62 137 18
62 138 11
62 139 9
62 140 20
62 141 19
62 142 13
62 143 9
62 144 4
62 145 12
62 146 15
62 147 16
62 148 15
62 149 9
62 150 6
62 151 12
62 152 19
62 153 8
62 154 4
62 155 1
62 156 15
62 157 10
62 158 11
62 159 15
62 160 1
62 161 17
62 162 5
62 163 20
62 164 10
62 166 13
62 167 12
62 168 9
62 169 3
62 170 20
62 171 10
62 172 2
62 173 19
62 174 18
62 175 8
62 176 14
62 177 14
62 178 16
62 179 9
62 180 8
62 181 20
62 182 2
62 183 13
62 184 9
62 185 11
62 186 9
62 187 20
62 188 20
62 189 14
62 190 8
62 191 2
62 192 10
62 193 18
62 194 8
62 196 6
62 197 9
62 198 11
62 199 19
62 200 19
62 201 12
62 202 5
62 203 2
62 204 11
62 205 9
62 206 6
62 207 11
62 208 20
62 209 18
62 210 17
62 211 11
62 212 15
62 213 16
62 215 11
62 216 19
62 217 18
62 218 18
62 219 4
62 220 10
62 221 5
62 222 16
62 223 20
62 224 3
62 226 12
62 227 2
62 T 14
63 1 14
63 2 18
63 3 2
63 4 8
63 5 19
63 6 13
63 7 9
63 8 16
63 9 15
63 10 7
63 11 16
63 12 14
63 13 20
63 14 5
63 15 10
63 16 19
63 17 19
63 18 18
63 19 12
63 20 15
63 22 15
63 23 17
63 24 16
63 25 14
63 26 10
63 27 20
63 28 1
63 29 6
63 30 4
63 31 8
63 32 4
63 33 3
63 34 2
63 35 15
63 36 18
63 37 7
63 38 9
63 39 8
63 40 3
63 41 13
63 42 16
63 43 11
63 44 17
63 45 4
63 46 4
63 47 7
63 48 6
63 49 19
63 50 2
63 51 20
63 52 6
63 53 7
63 54 10
63 55 2
63 56 6
63 57 4
63 58 5
63 59 4
63 60 9
63 61 3
63 62 20
63 64 7
63 65 1
63 66 2
63 67 11
63 68 4
63 69 4
63 70 13
63 71 3
63 72 15
63 73 15
63 74 12
63 75 16
63 76 13
63 77 10
63 78 4
63 79 12
63 80 19
63 81 5
63 82 2
63 83 7
63 84 6
63 85 4
63 86 6
63 87 11
63 88 7
63 89 3
63 90 2
63 91 15
63 92 4
63 93 1
63 94 4
63 95 5
63 96 5
63 97 4
63 98 18
63 99 19
63 100 16
63 101 3
63 102 3
63 103 5
63 104 15
63 105 7
63 106 18
63 107 6
63 108 3
63 109 5
63 110 12
63 111 14
63 112 20
63 113 12
63 114 19
63 115 18
63 116 19
63 117 17
63 118 20
63 119 20
63 120 17
63 121 19
63 122 10
63 123 20
63 124 3
63 125 7
63 126 12
63 127 15
63 128 15
63 129 19
63 130 19
63 131 13
63 132 7
63 133 7
63 134 20
63 135 18
63 136 20
63 137 7
63 138 17
63 140 6
63 141 11
63 142 18
63 143 14
63 144 10
63 145 5
63 146 12
63 147 17
63 148 5
63 149 13
63 150 3
63 151 16
63 152 9
63 153 8
63 154 12
63 155 20
63 156 12
63 157 12
63 158 11
63 160 12
63 161 6
63 162 20
63 163 5
63 164 6
63 165 9
63 166 3
63 167 14
63 168 9
63 169 18
63 170 5
63 171 14
63 172 4
63 173 2
63 174 20
63 175 12
63 176 11
63 177 9
63 178 17
63 179 18
63 180 4
63 181 8
63 182 19
63 183 6
63 184 18
63 185 7
63 186 8
63 187 18
63 188 12
63 189 16
63 190 2
63 191 6
63 192 4
63 193 20
63 194 16
63 195 17
63 196 1
63 197 4
63 198 3
63 199 19
63 200 20
63 201 14
63 202 1
63 203 20
63 204 13
63 205 17
63 206 13
63 207 1
63 208 15
63 209 11
63 210 19
63 211 1
63 212 9
63 213 16
63 214 9
63 215 18
63 216 17
63 217 14
63 218 4
63 219 8
63 220 17
63 221 10
63 222 20
63 223 16
63 224 9
63 225 6
63 226 15
63 227 19
63 T 5
64 1 13
64 2 1
64 3 16
64 4 7
64 5 13
64 6 13
64 7 5
64 8 16
64 9 19
64 10 14
64 11 2
64 12 14
64 13 11
64 14 9
64 15 13
64 16 7
64 17 4
64 18 5
64 19 2
64 20 14
64 21 11
64 22 11
64 23 13
64 24 5
64 25 20
64 26 12
64 27 14
64 28 7
64 29 2
64 30 12
64 31 18
64 32 6
64 33 14
64 34 4
64 36 13
64 37 4
64 38 13
64 39 3
64 40 20
64 41 17
64 42 14
64 43 1
64 44 2
64 45 18
64 46 13
64 47 6
64 48 8
64 49 9
64 50 12
64 51 1
64 52 4
64 53 16
64 54 5
64 56 13
64 57 6
64 58 16
64 59 13
64 60 12
64 61 15
64 62 14
64 63 13
64 65 3
64 66 6
64 67 6
64 68 18
64 69 17
64 70 10
64 71 14
64 72 10
64 73 8
64 74 7
64 75 13
64 76 17
64 77 18
64 78 17
64 79 16
64 80 1
64 81 19
64 82 12
64 83 10
64 84 17
64 85 19
64 86 10
64 87 9
64 88 16
64 89 19
64 90 12
64 91 17
64 92 18
64 93 3
64 94 19
64 95 20
64 96 10
64 97 17
64 99 6
64 100 10
64 101 19
64 102 7
64 103 19
64 104 7
64 105 9
64 106 7
64 107 6
64 108 8
64 109 9
64 110 2
64 111 5
64 112 8
64 113 8
64 114 6
64 115 5
64 116 8
64 117 7
64 118 20
64 119 18
64 120 6
64 121 13
64 122 20
64 123 11
64 124 13
64 125 10
64 126 8
64 127 17
64 128 20
64 129 14
64 130 9
64 131 2
64 132 5
64 133 4
64 135 2
64 136 13
64 137 19
64 138 19
64 139 19
64 140 12
64 141 15
64 142 4
64 143 6
64 144 17
64 145 13
64 146 18
64 147 13
64 148 14
64 149 8
64 150 15
64 151 14
64 152 20
64 153 6
64 154 17
64 155 10
64 156 10
64 157 18
64 158 12
64 159 6
64 160 1
64 161 6
64 162 4
64 163 17
64 164 11
64 165 6
64 166 10
64 167 5
64 168 12
64 169 9
64 170 8
64 171 19
64 172 3
64 173 19
64 174 13
64 175 9
64 176 4
64 177 3
64 178 5
64 179 4
64 180 17
64 181 14
64 182 10
64 183 10
64 184 15
64 185 20
64 186 11
64 188 7
64 189 12
64 190 4
64 191 4
64 192 2
64 193 16
64 194 10
64 196 15
64 197 15
64 198 7
64 199 4
64 200 19
64 201 15
64 202 8
64 203 14
64 204 9
64 205 1
64 206 14
64 207 2
64 208 5
64 209 6
64 210 14
64 211 10
64 212 3
64 213 20
64 214 16
64 215 1
64 216 8
64 217 20
64 218 14
64 219 10
64 220 20
64 221 9
64 222 9
64 223 13
64 224 6
64 225 8
64 226 5
64 227 18
64 T 5
65 1 1
65 2 4
65 3 12
65 4 2
65 5 20
65 6 11
65 7 15
65 8 6
65 9 13
65 10 18
65 11 15
65 12 4
65 13 8
65 14 11
65 15 12
65 16 12
65 17 4
65 18 16
65 19 12
65 20 7
65 21 16
65 22 17
65 23 18
65 24 6
65 25 1
65 26 18
65 27 4
65 28 4
65 29 15
65 30 18
65 31 11
65 32 8
65 33 9
65 34 7
65 35 2
65 36 2
65 37 18
65 38 13
65 39 15
65 40 17
65 41 7
65 42 20
65 43 19
65 44 20
65 45 8
65 46 16
65 47 14
65 48 19
65 49 2
65 50 20
65 51 19
65 52 19
65 53 9
65 54 6
65 55 15
65 56 19
65 57 3
65 58 2
65 59 18
65 60 17
65 61 6
65 62 20
65 63 15
65 64 20
65 66 15
65 67 9
65 68 2
65 69 18
65 70 17
65 71 9
65 72 13
65 73 12
65 74 4
65 75 11
65 76 16
65 77 20
65 78 10
65 79 8
65 80 16
65 81 4
65 82 10
65 83 12
65 84 16
65 85 2
65 86 11
65 87 12
65 88 13
65 89 9
65 90 4
65 91 11
65 92 14
65 93 13
65 94 12
65 95 5
65 96 8
65 98 11
65 99 14
65 100 6
65 101 16
65 102 15
65 103 13
65 104 1
65 105 2
65 106 5
65 107 10
65 108 11
65 109 12
65 110 5
65 111 7
65 112 11
65 113 20
65 114 17
65 115 16
65 116 15
65 117 4
65 118 12
65 119 4
65 120 16
65 121 9
65 122 4
65 123 17
65 124 16
65 125 5
65 126 10
65 127 1
65 128 18
65 129 1
65 130 16
65 131 16
65 132 18
65 133 19
65 134 9
65 135 3
65 136 16
65 137 12
65 138 1
65 139 7
65 140 3
65 141 3
65 142 18
65 143 13
65 144 15
65 145 4
65 146 15
65 147 1
65 148 18
65 149 19
65 150 19
65 151 8
65 152 13
65 153 15
65 154 13
65 155 11
65 156 15
65 157 12
65 158 20
65 159 5
65 160 14
65 161 10
65 162 4
65 163 15
65 164 6
65 165 6
65 166 3
65 167 9
65 168 20
65 169 15
65 170 6
65 171 9
65 172 13
65 173 15
65 174 17
65 175 18
65 176 2
65 177 8
65 178 18
65 179 15
65 180 18
65 181 3
65 182 3
65 183 15
65 184 9
65 185 11
65 186 11
65 187 2
65 188 14
65 189 1
65 190 12
65 191 7
65 192 17
65 193 4
65 194 9
65 195 14
65 196 11
65 197 12
65 198 18
65 199 7
65 200 14
65 201 15
65 202 18
65 203 14
65 204 19
65 205 17
65 206 17
65 207 15
65 208 3
65 209 3
65 210 20
65 211 4
65 212 17
65 213 2
65 214 13
65 215 15
65 216 10
65 217 17
65 218 12
65 219 8
65 220 1
65 221 16
65 222 4
65 223 3
65 224 9
65 225 10
65 226 5
65 227 17
65 T 20
66 1 14
66 2 16
66 3 9
66 4 9
66 5 5
66 6 7
66 7 20
66 8 5
66 9 2
66 10 3
66 11 15
66 12 17
66 13 7
66 14 11
66 15 1
66 16 4
66 17 15
66 18 11
66 19 19
66 20 12
66 21 14
66 22 2
66 23 14
66 24 4
66 25 8
66 26 3
66 27 18
66 28 10
66 29 12
66 30 20
66 31 6
66 32 15
66 33 18
66 34 12
66 35 13
66 36 17
66 37 18
66 38 7
66 39 1
66 40 10
66 41 7
66 42 14
66 43 7
66 44 13
66 45 8
66 46 6
66 47 7
66 48 8
66 49 2
66 50 9
66 51 19
66 52 18
66 53 1
66 54 17
66 55 10
66 56 7
66 57 16
66 58 17
66 59 4
66 60 1
66 61 7
66 62 3
66 63 17
66 64 1
66 65 14
66 68 10
66 69 10
66 70 6
66 71 1
66 72 4
66 73 14
66 74 20
66 75 16
66 76 4
66 77 19
66 78 2
66 79 5
66 80 15
66 81 4
66 82 1
66 83 10
66 84 1
66 85 20
66 86 19
66 87 17
66 88 13
66 89 4
66 90 17
66 91 3
66 92 9
66 93 16
66 94 12
66 95 3
66 96 7
66 97 5
66 98 2
66 99 9
66 100 2
66 101 12
66 102 8
66 103 7
66 104 17
66 105 11
66 106 11
66 107 16
66 108 8
66 109 18
66 110 19
66 111 8
66 112 18
66 113 3
66 114 8
66 115 11
66 116 8
66 117 11
66 118 19
66 119 18
66 120 12
66 121 1
66 122 19
66 123 11
66 124 10
66 125 7
66 126 19
66 127 3
66 128 12
66 129 20
66 130 15
66 131 1
66 132 13
66 133 10
66 134 4
66 135 6
66 136 9
66 137 19
66 138 18
66 139 16
66 140 5
66 141 14
66 142 7
66 143 2
66 144 20
66 145 1
66 146 13
66 147 17
66 148 18
66 149 19
66 150 1
66 151 10
66 152 8
66 153 14
66 154 7
66 155 19
66 156 6
66 157 4
66 158 7
66 159 17
66 160 12
66 161 15
66 162 14
66 163 7
66 164 4
66 165 15
66 166 8
66 167 11
66 168 16
66 169 6
66 170 15
66 171 20
66 172 13
66 173 13
66 174 7
66 175 12
66 176 9
66 177 11
66 178 20
66 179 6
66 180 10
66 181 14
66 182 11
66 183 7
66 184 14
66 185 16
66 186 18
66 187 4
66 188 8
66 189 3
66 190 12
66 191 16
66 192 10
66 193 5
66 194 11
66 195 12
66 196 3
66 197 20
66 198 20
66 199 5
66 200 19
66 201 5
66 202 4
66 203 12
66 204 17
66 205 13
66 206 14
66 207 18
66 208 13
66 209 16
66 210 2
66 211 2
66 212 6
66 213 19
66 214 3
66 215 1
66 216 3
66 217 4
66 218 8
66 219 9
66 220 1
66 221 7
66 222 9
66 223 19
66 224 4
66 225 18
66 226 9
66 227 7
66 T 11
67 1 6
67 2 17
67 3 1
67 4 8
67 5 10
67 6 1
67 7 17
67 8 6
67 9 15
67 10 8
67 11 17
67 12 14
67 13 1
67 14 1
67 15 18
67 16 13
67 17 5
67 18 15
67 19 19
67 20 12
67 21 6
67 22 13
67 23 3
67 24 5
67 25 11
67 26 20
67 27 20
67 28 10
67 29 19
67 30 1
67 31 5
67 32 11
67 33 8
67 34 14
67 35 4
67 36 19
67 37 8
67 38 2
67 39 15
67 40 2
67 41 1
67 42 15
67 43 7
67 44 15
67 45 9
67 46 17
67 47 11
67 48 10
67 49 12
67 50 12
67 51 3
67 52 10
67 53 12
67 54 19
67 55 7
67 56 10
67 57 4
67 58 15
67 59 3
67 60 19
67 61 4
67 62 1
67 63 13
67 64 20
67 65 9
67 66 15
67 68 2
67 69 4
67 70 12
67 71 15
67 72 20
67 73 19
67 74 3
67 75 16
67 76 19
67 77 9
67 78 14
67 79 1
67 80 7
67 81 5
67 82 12
67 83 10
67 84 4
67 85 17
67 86 6
67 87 4
67 88 10
67 89 6
67 90 3
67 91 12
67 92 18
67 93 9
67 94 19
67 95 15
67 96 10
67 97 4
67 98 8
67 99 5
67 100 12
67 101 3
67 102 14
67 103 4
67 104 16
67 105 4
67 106 14
67 107 2
67 108 1
67 109 10
67 110 8
67 111 3
67 112 12
67 113 6
67 114 10
67 115 14
67 116 18
67 117 19
67 118 11
67 119 3
67 120 10
67 121 10
67 122 15
67 123 8
67 124 17
67 125 12
67 126 13
67 127 20
67 128 15
67 129 6
67 130 20
67 131 15
67 132 16
67 133 20
67 134 2
67 135 15
67 136 17
67 137 15
67 138 13
67 139 10
67 140 9
67 141 10
67 142 3
67 143 9
67 144 15
67 145 8
67 146 2
67 147 14
67 148 4
67 149 4
67 150 6
67 151 16
67 152 3
67 153 6
67 154 12
67 155 4
67 156 12
67 157 12
67 158 5
67 159 8
67 160 9
67 161 7
67 162 6
67 163 17
67 164 4
67 165 8
67 166 10
67 167 9
67 168 2
67 169 8
67 170 8
67 171 3
67 172 13
67 173 15
67 174 5
67 175 20
67 176 19
67 177 4
67 178 1
67 179 8
67 180 13
67 181 1
67 182 5
67 183 17
67 184 14
67 185 17
67 186 12
67 187 18
67 188 1
67 189 20
67 190 9
67 191 15
67 192 13
67 193 14
67 194 12
67 195 8
67 196 2
67 197 13
67 198 6
67 199 8
67 200 17
67 201 9
67 202 11
67 203 19
67 204 13
67 205 18
67 206 11
67 207 5
67 208 6
67 209 4
67 210 11
67 211 14
67 212 17
67 213 18
67 214 5
67 215 9
67 216 7
67 217 2
67 218 3
67 219 18
67 220 14
67 221 1
67 222 18
67 223 16
67 224 10
67 225 4
67 226 18
67 227 5
67 T 8
68 1 16
68 2 1
68 3 17
68 4 2
68 5 12
68 6 12
68 7 9
68 8 6
68 9 1
68 10 20
68 11 12
68 12 9
68 13 17
68 14 10
68 15 12
68 16 10
68 17 13
68 18 6
68 19 2
68 20 1
68 21 11
68 22 12
68 23 5
68 24 7
68 25 11
68 26 1
68 27 1
68 28 3
68 29 5
68 30 3
68 31 2
68 32 4
68 33 20
68 34 10
68 35 1
68 36 12
68 37 16
68 38 11
68 39 20
68 40 14
68 41 8
68 42 20
68 43 12
68 44 8
68 45 9
68 46 12
68 47 17
68 48 7
68 49 11
68 50 3
68 51 8
68 52 12
68 53 1
68 54 7
68 55 16
68 56 13
68 57 4
68 58 7
68 59 5
68 60 3
68 61 11
68 62 6
68 63 5
68 64 8
68 65 15
68 66 13
68 67 2
68 70 5
68 71 11
68 72 5
68 73 4
68 74 10
68 75 10
68 76 1
68 77 7
68 78 15
68 79 7
68 80 13
68 81 5
68 82 17
68 83 11
68 84 10
68 85 3
68 86 15
68 87 13
68 88 15
68 89 9
68 90 3
68 91 8
68 92 18
68 93 7
68 94 5
68 95 7
68 96 19
68 97 9
68 98 14
68 99 10
68 100 3
68 101 17
68 102 14
68 103 7
68 104 20
68 105 18
68 106 20
68 107 5
68 108 14
68 109 2
68 110 17
68 111 10
68 112 6
68 113 3
68 114 17
68 115 15
68 116 4
68 117 9
68 118 11
68 119 8
68 120 5
68 121 14
68 122 3
68 123 7
68 124 20
68 125 5
68 126 9
68 127 15
68 128 2
68 129 15
68 130 17
68 132 1
68 133 12
68 134 19
68 135 6
68 136 3
68 137 10
68 138 3
68 139 20
68 140 7
68 141 6
68 142 2
68 143 16
68 144 18
68 145 14
68 146 13
68 147 20
68 148 17
68 149 20
68 150 13
68 151 2
68 152 17
68 153 8
68 154 1
68 155 17
68 156 2
68 157 18
68 158 14
68 159 10
68 160 20
68 161 19
68 162 20
68 163 16
68 164 8
68 165 17
68 166 1
68 167 4
68 168 3
68 169 5
68 170 6
68 171 14
68 172 14
68 173 10
68 174 5
68 175 3
68 176 4
68 177 20
68 178 12
68 179 8
68 180 14
68 181 13
68 182 11
68 183 10
68 184 2
68 185 20
68 186 17
68 187 10
68 190 18
68 191 11
68 192 6
68 193 1
68 194 5
68 195 8
68 196 19
68 197 17
68 198 17
68 199 14
68 200 4
68 201 12
68 202 14
68 203 8
68 204 12
68 205 14
68 206 11
68 207 8
68 208 6
68 209 6
68 210 4
68 211 3
68 212 6
68 213 20
68 214 11
68 215 12
68 216 10
68 217 16
68 218 15
68 219 10
68 220 8
68 221 13
68 222 9
68 223 5
68 224 5
68 225 19
68 226 13
68 227 16
68 T 7
69 1 10
69 2 10
69 3 17
69 4 18
69 5 11
69 6 1
69 7 2
69 8 1
69 9 10
69 10 6
69 11 1
69 12 11
69 13 3
69 14 10
69 15 9
69 16 12
69 17 10
69 18 12
69 19 7
69 20 8
69 21 20
69 22 20
69 23 4
69 24 9
69 25 14
69 26 13
69 27 8
69 28 15
69 29 3
69 30 6
69 31 20
69 32 10
69 33 19
69 34 13
69 35 4
69 36 1
69 37 15
69 38 20
69 39 18
69 40 9
69 41 12
69 42 3
69 43 10
69 44 17
69 45 2
69 46 12
69 47 1
69 48 11
69 49 13
69 50 5
69 51 3
69 52 14
69 53 2
69 54 1
69 55 12
69 56 14
69 57 16
69 58 16
69 59 9
69 60 6
69 61 3
69 62 14
69 63 9
69 64 20
69 65 6
69 66 2
69 67 1
69 68 8
69 70 6
69 71 9
69 72 3
69 73 2
69 74 13
69 75 7
69 76 16
69 77 6
69 78 10
69 79 1
69 80 9
69 81 6
69 82 3
69 83 15
69 84 4
69 85 4
69 86 14
69 87 16
69 88 12
69 89 1
69 90 1
69 91 8
69 92 16
69 93 15
69 94 19
69 95 5
69 96 8
69 97 1
69 98 11
69 99 4
69 100 7
69 101 1
69 102 17
69 103 9
69 104 1
69 105 2
69 106 8
69 107 6
69 108 19
69 109 7
69 110 13
69 111 3
69 112 8
69 113 15
69 114 5
69 115 18
69 116 8
69 117 8
69 118 9
69 119 4
69 120 9
69 121 2
69 122 19
69 123 6
69 124 1
69 125 19
69 126 16
69 127 15
69 128 7
69 129 6
69 130 16
69 131 4
69 132 20
69 133 13
69 134 16
69 135 9
69 136 13
69 137 16
69 138 7
69 139 14
69 140 9
69 141 7
69 142 4
69 143 20
69 144 7
69 146 13
69 147 18
69 148 14
69 149 16
69 150 19
69 151 3
69 152 19
69 153 3
69 154 10
69 155 5
69 156 16
69 157 10
69 158 18
69 159 10
69 160 12
69 161 8
69 162 20
69 163 8
69 164 5
69 165 17
69 166 10
69 167 6
69 168 14
69 169 7
69 170 17
69 171 12
69 172 20
69 173 11
69 174 10
69 175 14
69 176 15
69 177 18
69 178 6
69 179 20
69 180 7
69 181 6
69 182 6
69 183 1
69 184 12
69 185 20
69 186 2
69 187 7
69 188 2
69 189 8
69 190 4
69 191 2
69 193 20
69 194 19
69 195 10
69 196 6
69 197 8
69 198 9
69 199 6
69 200 5
69 201 11
69 202 16
69 203 11
69 204 19
69 205 9
69 206 6
69 207 10
69 208 9
69 209 17
69 210 11
69 211 8
69 212 7
69 213 13
69 214 3
69 215 1
69 216 19
69 217 5
69 218 1
69 219 10
69 220 8
69 221 15
69 222 14
69 223 1
69 224 13
69 225 20
69 226 2
69 227 9
69 T 8
70 1 18
70 2 1
70 3 18
70 4 1
70 5 17
70 6 3
70 7 12
70 8 13
70 9 10
70 10 4
70 11 18
70 12 12
70 13 10
70 14 1
70 15 5
70 16 8
70 17 14
70 18 3
70 19 10
70 20 16
70 21 18
70 22 10
70 23 13
70 24 17
70 25 18
70 26 9
70 27 6
70 28 15
70 29 14
70 30 9
70 31 20
70 32 19
70 33 2
70 34 11
70 35 18
70 36 7
70 37 6
70 38 15
70 39 12
70 40 5
70 41 12
70 42 19
70 43 15
70 44 19
70 45 20
70 46 7
70 47 3
70 48 6
70 49 6
70 50 8
70 51 3
70 52 10
70 53 15
70 54 2
70 55 16
70 56 2
70 57 17
70 58 16
70 59 12
70 60 7
70 61 11
70 62 14
70 63 11
70 64 2
70 65 20
70 66 4
70 67 20
70 68 18
70 69 4
70 71 6
70 72 3
70 73 19
70 74 3
70 75 4
70 76 6
70 77 13
70 78 5
70 79 8
70 80 7
70 81 2
70 82 17
70 83 18
70 84 15
70 85 17
70 86 18
70 87 16
70 88 4
70 89 20
70 90 10
70 91 13
70 92 13
70 93 1
70 94 6
70 95 17
70 96 2
70 97 18
70 98 12
70 99 7
70 100 3
70 101 1
70 102 2
70 103 14
70 104 14
70 105 1
70 106 9
70 107 17
70 108 11
70 109 3
70 110 15
70 111 18
70 112 7
70 113 17
70 114 11
70 115 9
70 116 19
70 117 17
70 118 11
70 119 1
70 120 7
70 121 20
70 122 18
70 123 3
70 124 14
70 125 19
70 126 9
70 127 15
70 128 1
70 129 17
70 130 5
70 131 6
70 132 20
70 133 6
70 134 14
70 135 8
70 136 16
70 137 10
70 138 18
70 139 6
70 140 12
70 141 8
70 142 11
70 143 19
70 144 18
70 145 15
70 146 7
70 147 7
70 148 4
70 149 11
70 150 2
70 151 8
70 152 18
70 153 7
70 154 10
70 155 4
70 156 18
70 157 9
70 158 10
70 159 5
70 160 6
70 161 19
70 162 4
70 163 3
70 164 8
70 165 13
70 166 15
70 167 18
70 168 16
70 169 16
70 170 9
70 171 17
70 172 17
70 173 18
70 174 16
70 175 12
70 176 4
70 177 20
70 178 13
70 179 5
70 180 2
70 181 9
70 182 16
70 183 5
70 184 15
70 185 11
70 186 20
70 187 5
70 188 1
70 189 4
70 190 13
70 191 7
70 192 6
70 193 3
70 195 16
70 196 17
70 197 7
70 198 17
70 199 12
70 200 12
70 201 5
70 202 18
70 203 5
70 204 20
70 205 3
70 206 19
70 207 2
70 208 16
70 209 9
70 210 17
70 211 12
70 212 17
70 213 17
70 214 7
70 215 18
70 216 1
70 217 7
70 218 14
70 219 1
70 220 2
70 221 19
70 222 17
70 223 1
70 224 4
70 225 7
70 226 8
70 227 12
70 T 18
71 1 9
71 2 3
71 3 15
71 4 2
71 5 10
71 6 3
71 7 1
71 8 19
71 9 12
71 10 10
71 11 6
71 12 7
71 13 1
71 14 8
71 15 6
71 16 3
71 17 9
71 18 7
71 19 8
71 20 17
71 21 5
71 22 13
71 23 15
71 24 11
71 25 9
71 26 17
71 27 14
71 28 13
71 29 18
71 30 15
71 31 9
71 32 14
71 33 15
71 34 6
71 35 19
71 36 9
71 37 13
71 38 1
71 39 18
71 40 11
71 41 19
71 42 11
71 43 13
71 44 16
71 45 11
71 46 3
71 47 7
71 48 4
71 49 11
71 50 13
71 51 14
71 52 1
71 53 20
71 54 9
71 55 9
71 56 14
71 57 8
71 58 16
71 59 15
71 60 18
71 61 7
71 62 7
71 63 12
71 64 9
71 65 1
71 66 10
71 67 12
71 68 4
71 69 1
71 70 16
71 72 19
71 73 20
71 74 7
71 75 5
71 76 14
71 77 7
71 78 6
71 79 20
71 80 17
71 81 8
71 82 7
71 83 2
71 84 6
71 85 3
71 86 5
71 87 12
71 88 7
71 89 11
71 90 15
71 91 10
71 92 2
71 93 5
71 94 8
71 95 12
71 96 9
71 97 14
71 98 18
71 99 5
71 100 2
71 101 8
71 102 9
71 103 15
71 104 13
71 105 14
71 106 8
71 107 17
71 108 14
71 109 4
71 110 2
71 111 3
71 112 18
71 113 5
71 114 8
71 115 5
71 116 19
71 117 20
71 118 10
71 119 6
71 120 7
71 121 5
71 122 16
71 123 4
71 124 20
71 125 7
71 126 1
71 127 20
71 128 15
71 129 7
71 130 17
71 131 18
71 132 20
71 133 10
71 134 14
71 135 19
71 136 4
71 137 11
71 138 14
71 140 4
71 141 16
71 142 9
71 143 8
71 144 16
71 145 8
71 146 11
71 147 9
71 148 1
71 149 8
71 150 19
71 151 5
71 152 1
71 153 17
71 154 6
71 155 9
71 156 6
71 157 12
71 158 6
71 159 10
71 160 17
71 161 1
71 162 6
71 163 20
71 164 8
71 165 16
71 166 13
71 167 7
71 168 18
71 169 5
71 170 2
71 171 1
71 172 7
71 173 10
71 174 9
71 175 8
71 176 18
71 177 1
71 178 19
71 179 4
71 180 3
71 181 5
71 182 6
71 183 17
71 184 4
71 185 19
71 186 13
71 187 4
71 188 17
71 189 4
71 190 18
71 191 6
71 192 1
71 193 6
71 194 11
71 195 12
71 196 12
71 197 11
71 198 14
71 199 5
71 200 4
71 201 16
71 202 15
71 203 2
71 204 12
71 205 10
71 206 17
71 207 10
71 208 19
71 209 11
71 210 12
71 211 6
71 212 20
71 213 6
71 214 8
71 215 8
71 216 18
71 217 7
71 218 9
71 219 15
71 220 9
71 221 4
71 222 14
71 223 4
71 224 2
71 225 20
71 226 12
71 227 14
71 T 11
72 1 13
72 2 2
72 3 13
72 4 5
72 5 6
72 6 10
72 7 10
72 8 10
72 9 8
72 10 5
72 11 15
72 12 12
72 13 9
72 14 4
72 15 9
72 16 15
72 17 20
72 18 5
72 19 16
72 20 18
72 21 7
72 22 16
72 23 17
72 24 18
72 25 19
72 26 3
72 27 14
72 28 10
72 29 13
72 31 5
72 32 18
72 33 10
72 34 5
72 35 14
72 36 5
72 37 5
72 38 13
72 39 15
72 40 12
72 41 18
72 42 20
72 43 1
72 44 14
72 45 17
72 46 6
72 47 8
72 48 16
72 49 16
72 50 10
72 51 4
72 52 7
72 53 7
72 54 1
72 55 13
72 56 14
72 57 9
72 58 14
72 59 13
72 60 14
72 61 10
72 62 13
72 63 20
72 64 4
72 65 6
72 66 12
72 67 3
72 68 15
72 69 3
72 70 17
72 71 13
72 73 5
72 74 15
72 75 15
72 77 15
72 79 15
72 81 1
72 82 11
72 83 12
72 84 11
72 85 19
72 86 11
72 87 11
72 88 4
72 89 13
72 90 17
72 91 11
72 92 5
72 93 14
72 94 20
72 95 20
72 96 19
72 97 16
72 98 9
72 99 3
72 100 4
72 101 15
72 102 3
72 103 9
72 104 8
72 105 5
72 106 2
72 107 19
72 108 15
72 109 7
72 110 8
72 111 16
72 112 6
72 113 3
72 114 20
72 115 16
72 116 2
72 117 11
72 118 15
72 119 6
72 120 20
72 121 17
72 122 7
72 123 13
72 124 20
72 125 2
72 126 11
72 127 20
72 128 7
72 129 19
72 130 19
72 131 15
72 133 5
72 134 3
72 135 3
72 136 3
72 137 6
72 138 8
72 139 18
72 140 7
72 141 16
72 142 15
72 143 3
72 144 19
72 145 4
72 146 10
72 147 9
72 148 20
72 149 6
72 150 8
72 151 20
72 152 2
72 153 17
72 154 10
72 155 15
72 156 11
72 157 3
72 158 3
72 160 11
72 161 7
72 162 11
72 163 12
72 164 8
72 165 16
72 166 14
72 167 2
72 168 16
72 169 3
72 170 9
72 171 7
72 172 3
72 173 1
72 174 3
72 175 4
72 176 20
72 177 15
72 178 14
72 179 19
72 180 8
72 181 12
72 182 2
72 183 17
72 184 7
72 185 17
72 186 8
72 187 6
72 188 19
72 190 11
72 191 3
72 192 15
72 193 14
72 194 19
72 195 7
72 196 20
72 197 10
72 198 3
72 199 9
72 200 1
72 201 10
72 202 14
72 203 2
72 204 5
72 205 19
72 206 8
72 207 3
72 208 9
72 209 18
72 210 13
72 211 12
72 212 13
72 213 16
72 214 2
72 215 19
72 216 4
72 217 1
72 218 12
72 219 11
72 220 2
72 221 3
72 222 5
72 223 13
72 224 5
72 225 14
72 226 14
72 227 6
72 T 20
73 1 20
73 2 13
73 3 5
73 4 3
73 5 12
73 6 10
73 7 11
73 8 2
73 9 16
73 10 13
73 11 5
73 12 7
73 13 13
73 14 19
73 15 2
73 16 9
73 17 19
73 18 5
73 19 17
73 20 7
73 21 17
73 22 9
73 23 5
73 24 17
73 25 12
73 26 7
73 27 5
73 28 3
73 29 8
73 30 6
73 31 9
73 32 6
73 33 10
73 34 6
73 35 13
73 36 8
73 37 14
73 38 20
73 39 17
73 40 11
73 41 4
73 42 12
73 43 6
73 44 2
73 45 20
73 46 5
73 47 8
73 48 13
73 49 16
73 50 15
73 51 18
73 52 15
73 53 18
73 54 1
73 55 9
73 56 19
73 57 20
73 58 16
73 59 7
73 60 7
73 61 7
73 62 8
73 63 3
73 64 12
73 65 6
73 66 14
73 67 4
73 68 7
73 69 1
73 70 17
73 71 12
73 72 20
73 74 4
73 75 6
73 76 12
73 77 17
73 78 18
73 79 6
73 80 4
73 81 7
73 82 20
73 83 1
73 84 5
73 85 11
73 86 8
73 87 19
73 88 10
73 89 13
73 90 6
73 91 13
73 92 2
73 93 11
73 94 6
73 95 17
73 96 12
73 97 18
73 98 6
73 99 19
73 100 9
73 101 15
73 102 9
73 103 3
73 104 3
73 105 17
73 106 16
73 107 6
73 108 6
73 109 1
73 111 3
73 112 6
73 113 19
73 114 2
73 115 2
73 116 7
73 117 12
73 118 4
73 119 13
73 120 12
73 121 10
73 122 16
73 123 13
73 124 3
73 125 9
73 126 1
73 127 3
73 128 15
73 129 9
73 130 5
73 131 19
73 132 14
73 133 11
73 134 13
73 135 10
73 136 18
73 137 3
73 138 4
73 139 12
73 140 5
73 141 13
73 142 12
73 143 19
73 144 4
73 145 19
73 146 5
73 147 7
73 149 3
73 150 9
73 151 6
73 152 5
73 153 5
73 154 5
73 155 19
73 156 11
73 157 7
73 158 4
73 159 15
73 160 13
73 161 3
73 162 7
73 163 11
73 164 20
73 165 17
73 166 3
73 167 3
73 168 14
73 169 9
73 170 5
73 171 8
73 172 4
73 173 10
73 174 10
73 175 16
73 176 17
73 177 9
73 178 17
73 179 1
73 180 20
73 181 13
73 182 2
73 183 14
73 184 7
73 185 7
73 187 5
73 188 15
73 189 3
73 190 17
73 191 11
73 192 15
73 193 11
73 194 17
73 195 1
73 196 12
73 197 3
73 198 6
73 199 19
73 200 3
73 201 3
73 202 17
73 203 14
73 204 7
73 205 12
73 206 19
73 207 15
73 208 19
73 209 13
73 210 8
73 211 2
73 212 17
73 213 11
73 214 13
73 215 8
73 216 10
73 217 8
73 218 18
73 219 14
73 220 14
73 221 13
73 222 16
73 223 10
73 224 7
73 225 11
73 226 14
73 227 6
73 T 11
74 1 4
74 2 16
74 3 15
74 4 3
74 6 14
74 7 7
74 8 19
74 9 3
74 10 9
74 11 5
74 12 17
74 13 15
74 14 7
74 15 10
74 16 6
74 17 17
74 18 5
74 19 6
74 20 13
74 21 6
74 22 14
74 23 16
74 24 12
74 25 15
74 26 11
74 27 15
74 28 15
74 29 10
74 30 13
74 31 2
74 32 8
74 33 9
74 34 15
74 35 7
74 36 5
74 37 3
74 38 2
74 39 1
74 40 7
74 41 2
74 42 5
74 43 4
74 44 2
74 45 7
74 46 12
74 47 11
74 48 6
74 49 9
74 50 5
74 51 1
74 52 20
74 53 20
74 54 17
74 55 20
74 56 19
74 57 12
74 58 5
74 59 2
74 60 6
74 61 11
74 62 11
74 63 20
74 64 13
74 65 2
74 66 6
74 67 3
74 68 16
74 69 15
74 70 9
74 71 6
74 72 10
74 73 8
74 76 19
74 77 18
74 78 10
74 79 9
74 80 12
74 81 9
74 82 7
74 83 13
74 84 8
74 85 1
74 86 5
74 87 15
74 88 2
74 89 20
74 90 13
74 91 16
74 92 14
74 93 1
74 94 10
74 95 13
74 96 4
74 97 16
74 98 9
74 99 6
74 100 17
74 101 14
74 102 17
74 103 9
74 104 14
74 105 14
74 106 7
74 107 12
74 108 13
74 109 8
74 110 9
74 111 14
74 112 3
74 113 9
74 114 7
74 115 6
74 116 6
74 117 15
74 118 6
74 119 15
74 120 4
74 121 17
74 122 12
74 123 14
74 124 14
74 125 10
74 126 19
74 127 5
74 128 11
74 129 10
74 130 1
74 131 18
74 132 11
74 133 9
74 134 20
74 135 19
74 136 14
74 137 14
74 138 17
74 139 18
74 140 13
74 141 10
74 142 11
74 143 14
74 144 15
74 145 15
74 146 8
74 147 9
74 148 8
74 149 6
74 150 11
74 151 12
74 152 9
74 153 20
74 154 13
74 155 4
74 156 14
74 157 6
74 158 2
74 159 11
74 160 6
74 161 20
74 162 20
74 163 2
74 164 18
74 165 16
74 166 18
74 167 2
74 168 20
74 169 13
74 170 2
74 171 17
74 172 3
74 173 17
74 174 8
74 175 12
74 176 10
74 177 18
74 178 3
74 179 7
74 180 11
74 181 11
74 182 1
74 183 8
74 184 20
74 185 20
74 186 9
74 187 13
74 188 17
74 189 12
74 190 20
74 191 11
74 192 17
74 193 16
74 194 18
74 195 11
74 196 2
74 197 7
74 198 10
74 199 2
74 200 14
74 201 5
74 202 16
74 203 11
74 204 7
74 205 1
74 206 9
74 207 5
74 208 20
74 209 9
74 210 2
74 211 15
74 213 11
74 214 13
74 215 15
74 216 6
74 217 13
74 218 16
74 219 14
74 220 3
74 221 16
74 222 7
74 223 15
74 224 11
74 225 14
74 226 4
74 227 11
74 T 20
75 1 11
75 2 16
75 3 6
75 4 8
75 5 11
75 6 13
75 7 6
75 8 7
75 9 13
75 10 14
75 11 10
75 12 4
75 13 5
75 14 19
75 15 13
75 16 12
75 17 6
75 18 19
75 19 19
75 20 2
75 21 18
75 22 11
75 23 7
75 24 11
75 25 11
75 26 16
75 27 16
75 28 3
75 29 12
75 30 14
75 31 12
75 32 1
75 33 4
75 34 8
75 35 13
75 36 10
75 37 20
75 38 1
75 39 18
75 40 6
75 41 18
75 42 15
75 43 16
75 44 20
75 45 12
75 46 3
75 47 11
75 48 4
75 49 13
75 50 7
75 51 9
75 52 13
75 53 2
75 54 3
75 55 14
75 56 16
75 57 11
75 58 12
75 59 19
75 60 10
75 61 11
75 62 5
75 63 7
75 64 12
75 65 8
75 66 14
75 67 11
75 68 13
75 69 10
75 70 15
75 71 8
75 72 3
75 73 14
75 74 19
75 76 2
75 77 6
75 78 19
75 79 4
75 80 11
75 81 12
75 82 15
75 83 3
75 84 6
75 85 8
75 86 2
75 87 15
75 88 3
75 89 14
75 90 12
75 91 5
75 92 2
75 93 12
75 94 5
75 95 15
75 96 19
75 97 4
75 98 20
75 99 11
75 100 12
75 101 2
75 102 19
75 103 8
75 104 3
75 105 2
75 106 19
75 107 7
75 108 2
75 109 1
75 110 1
75 111 11
75 112 5
75 113 10
75 114 9
75 115 18
75 116 8
75 117 2
75 118 15
75 119 7
75 120 5
75 121 2
75 122 16
75 123 6
75 124 12
75 125 2
75 126 9
75 127 9
75 128 16
75 129 20
75 130 7
75 131 15
75 132 16
75 133 8
75 134 7
75 135 7
75 136 7
75 137 9
75 138 11
75 139 11
75 140 7
75 141 10
75 142 20
75 143 17
75 144 17
75 145 7
75 146 4
75 147 16
75 148 7
75 149 17
75 150 4
75 151 12
75 152 2
75 153 13
75 154 14
75 155 2
75 156 9
75 157 2
75 158 12
75 159 10
75 160 7
75 161 8
75 162 19
75 163 6
75 164 16
75 165 3
75 166 3
75 167 7
75 168 1
75 170 7
75 171 20
75 172 20
75 173 14
75 174 17
75 175 18
75 176 11
75 177 4
75 178 19
75 179 4
75 180 1
75 181 9
75 182 6
75 183 12
75 184 13
75 185 8
75 186 16
75 187 11
75 188 6
75 189 12
75 190 3
75 191 4
75 192 17
75 193 9
75 194 11
75 195 15
75 196 19
75 197 20
75 198 3
75 199 1
75 200 13
75 201 14
75 202 2
75 203 8
75 204 14
75 205 18
75 206 10
75 207 7
75 208 12
75 209 16
75 210 3
75 211 18
75 212 3
75 213 6
75 214 11
75 215 17
75 216 4
75 217 3
75 218 7
75 219 20
75 220 6
75 221 3
75 222 1
75 223 10
75 224 4
75 225 15
75 226 8
75 227 20
75 T 13
76 1 20
76 2 7
76 3 15
76 4 14
76 5 11
76 6 2
76 7 13
76 8 2
76 9 8
76 10 18
76 11 5
76 12 19
76 13 9
76 15 13
76 16 19
76 17 14
76 18 4
76 19 8
76 20 12
76 21 17
76 22 8
76 23 12
76 24 2
76 25 5
76 26 12
76 27 16
76 28 11
76 29 9
76 30 10
76 31 4
76 32 13
76 33 16
76 34 2
76 35 11
76 36 19
76 37 2
76 38 6
76 39 16
76 40 3
76 41 2
76 42 11
76 43 1
76 44 6
76 45 1
76 46 11
76 47 18
76 48 9
76 49 1
76 50 3
76 51 10
76 52 19
76 53 13
76 54 17
76 55 1
76 56 2
76 57 9
76 58 6
76 59 6
76 60 14
76 61 7
76 62 10
76 63 12
76 64 18
76 65 17
76 66 20
76 67 9
76 68 8
76 69 18
76 71 13
76 72 2
76 73 20
76 74 18
76 75 9
76 77 8
76 78 13
76 79 2
76 80 11
76 81 20
76 82 11
76 83 1
76 84 3
76 85 7
76 86 14
76 87 20
76 88 8
76 89 3
76 90 2
76 91 2
76 92 11
76 93 14
76 95 12
76 96 10
76 97 1
76 98 14
76 99 2
76 100 11
76 101 12
76 102 16
76 104 14
76 105 11
76 106 13
76 107 13
76 108 4
76 109 4
76 110 13
76 111 4
76 112 5
76 113 3
76 114 10
76 115 16
76 116 6
76 117 12
76 118 14
76 119 15
76 120 4
76 121 7
76 122 9
76 123 20
76 124 2
76 125 1
76 126 18
76 127 13
76 128 1
76 129 18
76 130 15
76 131 5
76 132 19
76 133 2
76 134 4
76 135 7
76 136 9
76 137 19
76 138 1
76 139 10
76 140 1
76 141 2
76 142 8
76 143 10
76 144 15
76 145 8
76 146 5
76 147 19
76 148 15
76 149 7
76 150 9
76 151 12
76 152 20
76 153 6
76 154 12
76 155 12
76 156 8
76 157 17
76 158 14
76 159 12
76 160 19
76 161 15
76 162 13
76 163 16
76 164 1
76 165 17
76 166 16
76 167 6
76 168 11
76 169 11
76 170 18
76 171 8
76 172 10
76 173 7
76 174 10
76 175 9
76 176 11
76 177 17
76 178 6
76 179 1
76 180 19
76 181 1
76 182 6
76 183 13
76 184 2
76 185 15
76 186 19
76 187 7
76 188 17
76 189 11
76 190 15
76 191 11
76 192 6
76 193 2
76 194 20
76 195 6
76 196 15
76 197 11
76 198 13
76 199 5
76 200 1
76 201 4
76 202 4
76 203 4
76 204 13
76 205 13
76 206 3
76 207 5
76 208 13
76 209 14
76 210 15
76 211 14
76 212 6
76 213 9
76 214 18
76 215 3
76 216 11
76 217 8
76 218 20
76 219 7
76 220 12
76 221 5
76 222 8
76 223 11
76 224 19
76 225 2
76 226 20
76 227 17
76 T 6
77 1 13
77 2 14
77 3 10
77 4 17
77 5 18
77 6 1
77 7 19
77 8 15
77 9 18
77 10 11
77 11 9
77 13 9
77 14 12
77 15 16
77 16 8
77 17 6
77 18 8
77 19 20
77 20 5
77 21 14
77 22 7
77 23 19
77 24 12
77 25 12
77 26 1
77 27 13
77 28 18
77 29 7
77 30 7
77 32 20
77 33 5
77 34 7
77 35 17
77 36 9
77 37 9
77 38 18
77 39 9
77 40 20
77 41 13
77 42 14
77 43 19
77 44 12
77 45 14
77 46 12
77 47 4
77 48 10
77 49 1
77 50 11
77 51 13
77 52 3
77 53 18
77 54 20
77 55 4
77 56 10
77 57 9
77 58 18
77 59 7
77 60 10
77 61 15
77 62 13
77 63 6
77 64 7
77 65 15
77 66 6
77 67 8
77 68 6
77 69 18
77 70 15
77 71 12
77 72 6
77 73 20
77 74 6
77 75 13
77 76 4
77 78 3
77 79 14
77 80 18
77 81 4
77 82 18
77 83 3
77 84 4
77 85 6
77 86 20
77 87 4
77 88 17
77 89 2
77 90 18
77 91 14
77 92 3
77 93 17
77 94 16
77 96 7
77 97 11
77 98 5
77 99 11
77 100 14
77 101 9
77 102 6
77 103 15
77 104 1
77 105 1
77 106 15
77 107 17
77 108 10
77 109 11
77 110 6
77 111 6
77 112 11
77 113 8
77 114 9
77 115 19
77 116 6
77 117 11
77 118 15
77 119 6
77 120 5
77 121 15
77 122 20
77 123 18
77 124 6
77 125 8
77 126 7
77 127 12
77 128 8
77 129 16
77 130 13
77 131 20
77 132 1
77 133 5
77 134 1
77 135 18
77 136 20
77 137 3
77 138 14
77 139 18
77 141 1
77 142 12
77 143 10
77 144 16
77 145 10
77 146 11
77 147 10
77 148 1
77 149 14
77 150 19
77 151 1
77 152 10
77 153 2
77 154 3
77 155 19
77 156 6
77 157 17
77 158 4
77 159 11
77 160 3
77 161 15
77 162 18
77 163 2
77 164 8
77 165 14
77 167 19
77 168 11
77 169 17
77 170 14
77 171 8
77 172 1
77 173 11
77 174 20
77 175 8
77 176 17
77 177 14
77 178 4
77 179 20
77 180 12
77 181 5
77 182 3
77 183 8
77 184 5
77 185 19
77 186 8
77 187 14
77 188 9
77 189 12
77 190 12
77 191 19
77 192 10
77 193 16
77 194 19
77 195 20
77 196 10
77 197 7
77 198 3
77 199 8
77 200 4
77 201 6
77 202 10
77 203 2
77 204 8
77 205 7
77 206 15
77 207 20
77 208 13
77 209 20
77 210 14
77 211 16
77 212 8
77 213 9
77 214 2
77 215 9
77 216 8
77 217 13
77 218 20
77 219 12
77 220 14
77 221 15
77 222 3
77 223 3
77 224 1
77 225 19
77 226 11
77 227 17
77 T 18
78 1 4
78 2 6
78 3 1
78 4 18
78 5 11
78 6 20
78 7 2
78 8 14
78 9 12
78 10 1
78 11 5
78 12 4
78 13 3
78 14 20
78 15 10
78 16 17
78 17 10
78 18 15
78 19 17
78 20 12
78 21 8
78 22 16
78 23 19
78 24 15
78 25 8
78 26 8
78 27 20
78 28 19
78 29 5
78 30 6
78 31 18
78 32 4
78 33 9
78 34 9
78 35 4
78 36 12
78 37 8
78 38 18
78 39 2
78 40 4
78 41 18
78 42 5
78 43 10
78 44 8
78 45 16
78 46 10
78 47 13
78 48 4
78 49 14
78 50 14
78 51 11
78 52 7
78 53 1
78 54 11
78 55 14
78 56 12
78 57 2
78 58 9
78 59 13
78 60 9
78 61 6
78 62 14
78 63 13
78 64 11
78 65 16
78 66 6
78 67 3
78 68 15
78 69 13
78 70 20
78 71 9
78 72 15
78 73 5
78 74 13
78 75 5
78 76 8
78 77 15
78 79 3
78 80 20
78 81 15
78 82 10
78 83 19
78 84 4
78 85 3
78 86 15
78 87 11
78 88 9
78 89 14
78 90 7
78 91 13
78 92 7
78 93 16
78 94 6
78 95 2
78 96 3
78 97 17
78 98 18
78 99 18
78 100 15
78 101 2
78 102 7
78 103 15
78 104 19
78 105 11
78 106 8
78 107 6
78 108 11
78 109 1
78 110 7
78 111 2
78 112 5
78 113 13
78 114 10
78 115 13
78 116 4
78 117 17
78 118 9
78 119 15
78 120 11
78 122 9
78 123 12
78 124 13
78 125 8
78 126 3
78 127 3
78 128 16
78 129 14
78 130 12
78 131 6
78 132 8
78 133 7
78 134 20
78 135 16
78 136 19
78 137 19
78 138 8
78 139 13
78 140 11
78 142 18
78 143 16
78 144 16
78 145 1
78 147 15
78 148 12
78 149 10
78 150 9
78 151 10
78 152 16
78 153 11
78 154 17
78 155 5
78 156 19
78 157 5
78 158 15
78 159 10
78 160 13
78 161 1
78 162 19
78 163 6
78 164 2
78 165 14
78 166 5
78 167 19
78 168 9
78 169 17
78 170 7
78 171 4
78 172 15
78 173 19
78 174 14
78 175 4
78 176 9
78 177 3
78 178 17
78 179 7
78 180 11
78 181 14
78 182 18
78 183 9
78 184 19
78 185 11
78 186 18
78 187 20
78 188 20
78 189 6
78 190 15
78 191 20
78 192 2
78 193 13
78 194 1
78 195 14
78 196 13
78 197 16
78 198 12
78 199 12
78 200 10
78 201 20
78 202 15
78 203 5
78 204 11
78 205 4
78 206 10
78 207 10
78 208 19
78 209 8
78 210 6
78 211 3
78 212 16
78 213 20
78 214 16
78 215 8
78 216 17
78 217 17
78 218 12
78 219 1
78 220 17
78 221 13
78 222 1
78 223 11
78 224 10
78 225 20
78 226 10
78 227 8
78 T 20
79 1 16
79 2 1
79 3 16
79 4 1
79 5 11
79 6 4
79 7 4
79 8 11
79 9 11
79 10 4
79 11 17
79 12 15
79 13 14
79 14 8
79 15 7
79 16 1
79 17 12
79 18 5
79 19 16
79 20 8
79 21 10
79 22 8
79 23 14
79 25 3
79 26 8
79 27 15
79 28 16
79 29 11
79 30 3
79 31 5
79 32 7
79 33 6
79 34 8
79 35 10
79 36 7
79 37 8
79 38 17
79 39 19
79 40 5
79 41 1
79 42 17
79 43 1
79 44 8
79 45 18
79 46 2
79 47 15
79 48 4
79 49 4
79 50 18
79 51 19
79 52 6
79 53 7
79 54 7
79 55 2
79 56 14
79 57 8
79 58 2
79 59 6
79 60 15
79 61 12
79 62 2
79 63 6
79 64 8
79 65 1
79 66 11
79 67 14
79 68 12
79 69 5
79 70 13
79 71 13
79 72 6
79 73 10
79 74 13
79 75 10
79 76 8
79 77 2
79 78 19
79 80 10
79 81 7
79 82 10
79 83 6
79 84 15
79 85 16
79 86 2
79 87 14
79 88 12
79 89 1
79 90 13
79 91 3
79 92 12
79 93 18
79 94 10
79 95 1
79 96 20
79 97 2
79 98 14
79 99 7
79 100 1
79 101 19
79 102 10
79 103 6
79 104 5
79 105 4
79 106 4
79 107 20
79 108 1
79 109 8
79 110 17
79 111 10
79 112 4
79 113 3
79 114 7
79 115 10
79 116 16
79 117 16
79 118 18
79 119 19
79 120 3
79 121 16
79 122 12
79 123 12
79 124 19
79 125 17
79 126 9
79 127 8
79 128 3
79 129 1
79 130 19
79 131 15
79 132 3
79 133 6
79 134 9
79 135 6
79 136 20
79 137 4
79 138 9
79 139 1
79 140 11
79 141 8
79 142 15
79 143 3
79 144 8
79 145 15
79 146 1
79 147 1
79 148 5
79 149 8
79 150 1
79 151 16
79 152 2
79 153 2
79 154 6
79 155 15
79 156 16
79 157 5
79 158 12
79 159 19
79 161 19
79 162 10
79 163 1
79 164 17
79 165 7
79 166 10
79 167 18
79 168 9
79 169 1
79 170 18
79 171 14
79 172 16
79 173 13
79 174 13
79 175 5
79 176 8
79 177 5
79 178 12
79 179 7
79 180 17
79 181 12
79 182 14
79 183 6
79 184 12
79 185 18
79 186 3
79 187 14
79 188 2
79 189 12
79 190 8
79 191 8
79 192 7
79 193 16
79 194 7
79 195 11
79 196 16
79 197 16
79 198 14
79 199 2
79 200 1
79 201 2
79 202 13
79 203 8
79 204 2
79 205 3
79 206 15
79 207 2
79 208 2
79 209 8
79 210 10
79 211 19
79 212 8
79 213 10
79 214 20
79 215 12
79 216 8
79 217 14
79 218 5
79 219 13
79 220 2
79 221 6
79 222 7
79 223 9
79 224 3
79 225 10
79 226 2
79 227 7
79 T 10
80 1 13
80 2 12
80 3 11
80 4 18
80 5 9
80 6 15
80 7 17
80 8 15
80 9 14
80 10 13
80 11 14
80 12 13
80 13 12
80 14 16
80 15 4
80 16 15
80 17 20
80 18 10
80 19 1
80 20 1
80 21 3
80 22 13
80 23 3
80 24 16
80 25 9
80 26 10
80 27 5
80 28 14
80 29 8
80 30 13
80 31 18
80 32 5
80 33 6
80 34 13
80 35 10
80 37 13
80 38 2
80 39 2
80 40 1
80 41 10
80 42 2
80 43 6
80 44 9
80 45 4
80 46 9
80 47 7
80 48 11
80 49 3
80 50 4
80 51 19
80 52 6
80 53 2
80 54 10
80 55 2
80 56 5
80 57 11
80 58 9
80 59 10
80 60 5
80 61 1
80 62 2
80 63 3
80 64 20
80 65 2
80 66 4
80 67 9
80 68 15
80 69 13
80 70 18
80 71 18
80 72 15
80 73 3
80 74 12
80 75 12
80 76 9
80 77 14
80 78 4
80 79 1
80 81 2
80 82 4
80 83 13
80 84 3
80 85 13
80 86 12
80 87 18
80 88 2
80 89 7
80 90 8
80 91 11
80 92 9
80 93 9
80 94 7
80 95 6
80 96 3
80 97 10
80 98 3
80 99 13
80 100 9
80 101 2
80 102 20
80 103 2
80 104 19
80 105 14
80 106 15
80 107 4
80 108 6
80 109 2
80 110 4
80 111 12
80 112 14
80 113 5
80 114 12
80 115 13
80 116 20
80 117 5
80 118 13
80 119 9
80 120 19
80 121 18
80 122 4
80 123 10
80 124 1
80 125 6
80 126 10
80 127 15
80 128 6
80 129 2
80 130 8
80 131 14
80 132 15
80 133 16
80 134 10
80 135 16
80 136 4
80 137 11
80 138 19
80 139 12
80 140 5
80 141 15
80 142 15
80 143 3
80 144 20
80 145 12
80 146 18
80 147 1
80 148 20
80 149 20
80 150 6
80 151 5
80 152 13
80 153 8
80 154 2
80 155 1
80 156 10
80 157 13
80 158 16
80 159 18
80 160 3
80 161 17
80 162 3
80 163 15
80 164 4
80 165 7
80 166 16
80 167 2
80 168 12
80 169 18
80 170 16
80 171 9
80 172 20
80 173 19
80 174 18
80 175 5
80 176 12
80 177 7
80 178 4
80 179 18
80 180 17
80 181 7
80 182 4
80 183 4
80 184 14
80 185 2
80 186 11
80 187 15
80 188 2
80 189 1
80 190 6
80 191 3
80 192 2
80 194 12
80 195 5
80 196 1
80 197 9
80 198 15
80 199 1
80 200 5
80 201 14
80 202 13
80 203 10
80 204 8
80 205 8
80 206 12
80 207 6
80 208 6
80 209 6
80 210 10
80 211 3
80 212 16
80 213 8
80 214 13
80 215 8
80 216 2
80 217 4
80 218 7
80 219 20
80 220 7
80 221 10
80 222 13
80 223 11
80 224 18
80 225 7
80 226 7
80 227 12
80 T 9
81 1 3
81 2 9
81 3 13
81 4 11
81 5 8
81 6 18
81 7 9
81 8 19
81 9 4
81 10 12
81 11 19
81 12 2
81 13 10
81 14 3
81 15 3
81 16 12
81 17 18
81 18 1
81 19 5
81 20 20
81 21 10
81 22 8
81 23 9
81 24 5
81 25 7
81 26 11
81 27 20
81 28 18
81 29 4
81 30 9
81 31 15
81 32 10
81 33 7
81 35 6
81 36 12
81 37 18
81 38 7
81 39 11
81 40 9
81 41 13
81 42 1
81 43 12
81 44 2
81 45 20
81 46 3
81 47 15
81 48 17
81 49 4
81 50 9
81 51 5
81 52 11
81 53 3
81 54 19
81 55 4
81 56 15
81 57 20
81 58 13
81 59 20
81 60 13
81 61 7
81 62 12
81 63 1
81 64 5
81 65 4
81 66 16
81 67 13
81 68 19
81 69 16
81 70 10
81 71 3
81 72 12
81 73 8
81 74 6
81 75 5
81 76 11
81 77 10
81 78 19
81 79 13
81 80 18
81 82 19
81 83 17
81 84 9
81 85 15
81 86 18
81 87 12
81 88 5
81 89 2
81 90 19
81 91 15
81 92 4
81 93 3
81 94 16
81 95 10
81 96 19
81 97 19
81 98 13
81 99 4
81 100 16
81 101 10
81 102 4
81 103 18
81 104 14
81 105 10
81 106 10
81 107 19
81 108 11
81 109 13
81 110 4
81 112 1
81 113 12
81 114 20
81 115 6
81 116 17
81 117 4
81 118 11
81 119 19
81 120 20
81 121 14
81 122 10
81 123 7
81 124 16
81 125 19
81 126 19
81 127 17
81 128 13
81 129 9
81 130 16
81 131 20
81 132 4
81 133 14
81 134 9
81 135 20
81 136 4
81 137 11
81 138 6
81 139 10
81 140 12
81 141 3
81 142 20
81 143 15
81 144 19
81 145 19
81 146 2
81 147 13
81 148 16
81 149 6
81 150 1
81 151 4
81 152 14
81 153 5
81 154 13
81 155 9
81 156 2
81 157 6
81 158 2
81 159 2
81 160 16
81 161 15
81 162 2
81 163 8
81 164 18
81 165 10
81 166 13
81 167 6
81 168 10
81 169 10
81 170 2
81 171 1
81 172 14
81 173 15
81 174 16
81 175 18
81 176 12
81 177 7
81 178 8
81 179 2
81 180 11
81 181 5
81 182 13
81 183 2
81 184 11
81 185 1
81 186 8
81 187 17
81 188 13
81 189 15
81 190 2
81 191 17
81 192 2
81 193 14
81 194 9
81 195 12
81 196 10
81 197 20
81 198 7
81 199 19
81 200 5
81 201 13
81 202 7
81 203 8
81 204 19
81 205 9
81 206 7
81 207 20
81 208 7
81 209 10
81 210 6
81 211 17
81 212 12
81 213 5
81 214 13
81 215 18
81 216 4
81 217 4
81 218 17
81 219 1
81 220 18
81 221 6
81 222 1
81 223 17
81 224 9
81 225 5
81 226 7
81 227 17
81 T 15
82 1 9
82 2 20
82 3 18
82 4 5
82 5 6
82 6 4
82 7 5
82 8 13
82 9 12
82 10 15
82 11 15
82 12 17
82 13 11
82 14 9
82 15 20
82 16 10
82 17 2
82 18 6
82 19 10
82 20 17
82 21 8
82 22 3
82 23 3
82 24 7
82 25 17
82 26 14
82 27 17
82 28 16
82 29 4
82 30 18
82 32 10
82 33 3
82 34 16
82 35 13
82 36 8
82 37 14
82 38 12
82 39 14
82 40 12
82 41 12
82 42 19
82 43 14
82 44 19
82 45 1
82 46 10
82 47 3
82 48 5
82 49 9
82 50 3
82 51 2
82 53 11
82 54 4
82 55 19
82 56 12
82 57 9
82 58 20
82 59 18
82 60 7
82 61 5
82 62 6
82 63 15
82 64 19
82 65 20
82 66 1
82 67 14
82 68 11
82 69 4
82 70 19
82 71 17
82 72 11
82 73 1
82 74 16
82 75 19
82 76 13
82 77 10
82 78 7
82 79 6
82 80 3
82 81 9
82 83 12
82 84 17
82 85 7
82 86 17
82 87 1
82 88 15
82 89 3
82 90 19
82 91 18
82 92 9
82 93 19
82 94 16
82 95 10
82 96 17
82 97 17
82 98 10
82 99 19
82 100 8
82 101 2
82 102 7
82 103 2
82 104 11
82 105 2
82 106 11
82 107 1
82 108 9
82 109 9
82 110 10
82 111 10
82 112 18
82 113 9
82 114 1
82 115 19
82 116 9
82 117 11
82 118 6
82 119 12
82 120 3
82 121 11
82 122 11
82 123 18
82 124 18
82 125 20
82 126 7
82 127 18
82 128 1
82 129 16
82 130 9
82 131 20
82 132 20
82 133 19
82 134 4
82 135 8
82 136 4
82 137 11
82 138 3
82 139 10
82 140 8
82 141 17
82 142 17
82 143 17
82 144 8
82 145 16
82 146 6
82 147 2
82 148 16
82 149 8
82 150 3
82 151 5
82 152 16
82 153 1
82 155 6
82 156 12
82 157 11
82 158 1
82 159 17
82 160 20
82 161 14
82 162 3
82 163 10
82 164 13
82 165 13
82 166 10
82 167 8
82 168 6
82 169 20
82 170 15
82 171 20
82 172 16
82 173 15
82 174 6
82 175 15
82 176 16
82 177 17
82 178 17
82 179 1
82 180 20
82 181 3
82 182 8
82 183 6
82 184 4
82 185 7
82 186 18
82 187 14
82 188 15
82 189 5
82 190 8
82 191 10
82 192 17
82 193 13
82 194 5
82 195 12
82 196 11
82 197 7
82 198 17
82 199 17
82 200 13
82 201 17
82 202 12
82 203 11
82 204 15
82 205 3
82 206 12
82 207 4
82 208 8
82 209 15
82 210 17
82 211 18
82 212 12
82 213 2
82 214 19
82 215 17
82 216 8
82 217 11
82 218 14
82 219 4
82 220 7
82 221 1
82 222 4
82 223 3
82 224 19
82 225 5
82 226 3
82 227 17
82 T 6
83 1 2
83 2 10
83 3 18
83 4 4
83 5 14
83 6 11
83 7 17
83 8 8
83 9 1
83 10 9
83 11 20
83 12 9
83 13 11
83 14 7
83 15 11
83 16 9
83 17 16
83 18 4
83 19 13
83 20 3
83 21 17
83 22 19
83 23 10
83 24 3
83 25 9
83 26 10
83 27 1
83 28 17
83 29 19
83 30 16
83 31 18
83 32 11
83 33 4
83 34 10
83 35 4
83 36 2
83 37 8
83 38 3
83 39 15
83 40 14
83 41 6
83 42 14
83 43 16
83 44 17
83 45 8
83 46 14
83 48 10
83 49 1
83 50 19
83 51 8
83 52 14
83 53 20
83 54 9
83 55 7
83 56 11
83 57 5
83 58 9
83 59 4
83 60 11
83 61 16
83 62 9
83 63 16
83 64 16
83 65 5
83 66 8
83 67 14
83 68 4
83 69 9
83 70 9
83 71 18
83 72 4
83 73 5
83 74 4
83 75 5
83 76 13
83 77 4
83 78 20
83 79 9
83 80 3
83 81 4
83 82 4
83 84 20
83 85 20
83 86 18
83 87 6
83 88 15
83 89 1
83 90 15
83 91 19
83 92 3
83 93 5
83 94 11
83 95 15
83 96 8
83 97 2
83 98 14
83 99 2
83 100 8
83 101 13
83 102 9
83 103 1
83 104 4
83 105 5
83 106 18
83 107 15
83 108 3
83 109 10
83 110 8
83 111 17
83 112 11
83 113 12
83 114 15
83 115 4
83 116 16
83 117 19
83 118 5
83 119 9
83 120 15
83 121 20
83 122 16
83 123 16
83 124 12
83 125 10
83 126 12
83 127 17
83 128 17
83 129 12
83 130 6
83 131 7
83 132 11
83 133 18
83 134 18
83 135 18
83 136 16
83 137 19
83 138 11
83 139 10
83 140 16
83 141 19
83 142 12
83 143 6
83 144 11
83 145 5
83 146 3
83 147 12
83 148 12
83 149 6
83 150 10
83 151 18
83 152 19
83 153 18
83 154 6
83 155 4
83 156 5
83 157 12
83 158 18
83 159 5
83 160 7
83 161 6
83 162 14
83 163 15
83 164 1
83 165 1
83 166 20
83 167 13
83 168 4
83 169 15
83 170 18
83 171 6
83 172 10
83 173 10
83 174 6
83 175 18
83 176 11
83 177 13
83 178 13
83 179 7
83 180 19
83 181 4
83 182 1
83 183 12
83 184 8
83 185 18
83 186 10
83 187 14
83 188 1
83 189 4
83 190 3
83 191 13
83 192 3
83 193 16
83 194 17
83 195 16
83 196 20
83 197 16
83 198 18
83 199 18
83 200 11
83 201 17
83 202 19
83 203 9
83 204 10
83 205 10
83 206 6
83 207 4
83 208 1
83 209 15
83 210 20
83 211 1
83 212 3
83 213 13
83 214 11
83 215 20
83 216 15
83 217 6
83 218 19
83 219 13
83 220 5
83 221 11
83 222 20
83 223 7
83 224 15
83 225 2
83 226 7
83 227 10
83 T 11
84 1 20
84 2 2
84 3 6
84 4 8
84 5 4
84 6 11
84 7 10
84 8 6
84 9 6
84 10 5
84 11 15
84 12 8
84 13 8
84 14 16
84 15 6
84 16 9
84 17 5
84 18 13
84 19 9
84 20 13
84 21 19
84 22 15
84 23 2
84 24 10
84 25 18
84 26 18
84 27 4
84 28 14
84 29 3
84 30 5
84 31 7
84 32 4
84 33 18
84 34 11
84 35 3
84 36 7
84 37 15
84 38 12
84 39 2
84 40 10
84 41 17
84 42 9
84 43 13
84 44 13
84 45 8
84 46 6
84 47 5
84 48 19
84 49 5
84 50 7
84 51 18
84 52 12
84 53 17
84 54 20
84 55 15
84 56 17
84 57 17
84 58 2
84 59 6
84 60 12
84 61 2
84 62 18
84 63 6
84 64 17
84 65 20
84 66 2
84 67 4
84 68 20
84 69 9
84 70 17
84 71 1
84 72 13
84 73 6
84 74 5
84 75 9
84 76 11
84 77 13
84 78 16
84 79 3
84 80 12
84 81 12
84 82 12
84 83 19
84 85 8
84 86 9
84 87 9
84 88 16
84 89 12
84 90 1
84 91 19
84 92 19
84 93 7
84 94 9
84 95 14
84 96 9
84 97 9
84 98 2
84 99 10
84 100 2
84 101 17
84 102 13
84 103 13
84 104 8
84 105 18
84 106 14
84 107 11
84 108 6
84 109 7
84 110 17
84 111 5
84 112 4
84 113 6
84 114 1
84 115 16
84 116 20
84 117 1
84 118 19
84 119 17
84 120 15
84 121 9
84 122 14
84 123 9
84 124 9
84 125 12
84 126 17
84 127 18
84 128 9
84 129 11
84 130 18
84 131 19
84 132 6
84 133 10
84 134 17
84 135 7
84 136 5
84 137 17
84 138 12
84 139 2
84 140 16
84 141 15
84 142 19
84 143 5
84 144 17
84 145 5
84 146 5
84 147 20
84 148 20
84 149 2
84 150 10
84 151 17
84 152 1
84 153 10
84 154 19
84 155 15
84 156 10
84 157 4
84 158 1
84 159 18
84 160 5
84 161 8
84 162 10
84 163 18
84 164 17
84 165 7
84 166 16
84 167 17
84 168 9
84 169 3
84 170 9
84 171 3
84 172 12
84 173 11
84 174 20
84 175 5
84 176 20
84 177 16
84 178 9
84 179 15
84 180 18
84 181 4
84 182 9
84 183 13
84 184 17
84 185 2
84 186 6
84 187 2
84 188 1
84 189 10
84 190 11
84 191 20
84 192 3
84 193 11
84 194 13
84 195 3
84 196 19
84 197 7
84 198 1
84 199 11
84 201 18
84 202 12
84 203 12
84 204 20
84 205 6
84 206 4
84 207 20
84 208 14
84 209 7
84 210 11
84 211 19
84 212 9
84 213 14
84 214 19
84 215 9
84 216 12
84 217 7
84 218 8
84 219 8
84 220 16
84 221 17
84 222 19
84 223 5
84 224 3
84 225 14
84 226 1
84 227 7
84 T 14
85 1 6
85 2 6
85 3 1
85 4 20
85 5 11
85 6 20
85 7 15
85 8 1
85 9 19
85 10 8
85 11 8
85 12 18
85 13 4
85 14 7
85 15 11
85 16 6
85 17 9
85 18 4
85 19 15
85 20 11
85 21 8
85 22 7
85 23 19
85 24 5
85 25 1
85 26 16
85 27 10
85 28 7
85 29 11
85 30 2
85 31 20
85 32 3
85 33 15
85 34 18
85 35 18
85 36 13
85 37 11
85 38 16
85 39 18
85 40 15
85 41 14
85 42 14
85 43 19
85 44 7
85 45 3
85 46 14
85 47 20
85 48 18
85 49 6
85 50 20
85 51 17
85 53 18
85 54 2
85 55 13
85 56 13
85 57 15
85 58 1
85 59 6
85 60 20
85 61 4
85 62 8
85 63 13
85 64 18
85 65 16
85 66 10
85 67 11
85 68 10
85 69 11
85 70 13
85 71 18
85 72 4
85 73 20
85 74 11
85 75 6
85 76 18
85 77 8
85 78 15
85 79 6
85 80 13
85 81 1
85 82 12
85 83 16
85 84 8
85 86 6
85 87 17
85 88 1
85 89 2
85 90 4
85 91 16
85 92 16
85 93 18
85 94 4
85 95 6
85 96 20
85 97 10
85 98 12
85 99 17
85 100 17
85 101 4
85 102 1
85 103 10
85 104 11
85 105 6
85 106 4
85 107 10
85 108 8
85 109 10
85 110 3
85 111 19
85 112 12
85 113 17
85 115 20
85 116 9
85 117 17
85 118 8
85 119 10
85 120 3
85 121 5
85 122 4
85 123 9
85 124 9
85 125 10
85 126 20
85 127 7
85 128 9
85 129 16
85 130 9
85 131 13
85 132 1
85 133 2
85 134 16
85 135 15
85 136 15
85 137 16
85 138 7
85 139 4
85 140 12
85 141 6
85 142 8
85 143 9
85 144 8
85 145 14
85 146 8
85 147 20
85 148 11
85 149 6
85 150 1
85 152 10
85 153 18
85 154 8
85 155 17
85 156 9
85 157 9
85 158 11
85 159 16
85 160 9
85 161 20
85 162 8
85 163 11
85 164 9
85 165 3
85 166 15
85 167 6
85 168 6
85 169 4
85 170 5
85 171 5
85 172 9
85 173 16
85 174 7
85 175 13
85 176 1
85 177 16
85 178 18
85 179 11
85 180 3
85 181 3
85 182 9
85 183 16
85 184 18
85 185 8
85 186 5
85 187 14
85 188 13
85 189 9
85 190 8
85 191 17
85 192 4
85 193 7
85 194 13
85 195 1
85 196 13
85 197 7
85 198 7
85 199 7
85 200 13
85 201 10
85 202 13
85 203 10
85 204 15
85 205 12
85 206 5
85 207 5
85 208 5
85 209 6
85 210 1
85 211 20
85 212 16
85 213 16
85 214 19
85 215 6
85 216 18
85 217 6
85 218 11
85 219 3
85 220 7
85 221 16
85 222 1
85 223 4
85 224 5
85 225 10
85 226 5
85 227 2
85 T 6
86 1 8
86 2 14
86 3 18
86 4 17
86 5 4
86 6 8
86 7 15
86 8 10
86 9 9
86 10 20
86 11 20
86 12 9
86 13 8
86 14 10
86 15 1
86 16 2
86 17 19
86 18 2
86 19 5
86 20 18
86 21 14
86 22 10
86 23 3
86 24 6
86 25 7
86 26 13
86 27 13
86 28 2
86 29 2
86 30 16
86 31 10
86 33 11
86 34 6
86 35 20
86 36 6
86 37 9
86 38 4
86 39 7
86 40 7
86 41 9
86 42 3
86 43 5
86 44 2
86 45 11
86 46 2
86 48 4
86 49 6
86 50 18
86 51 15
86 52 8
86 53 17
86 54 8
86 55 16
86 56 2
86 57 1
86 58 17
86 59 4
86 61 12
86 62 8
86 63 2
86 64 11
86 65 1
86 66 6
86 67 3
86 68 16
86 69 3
86 70 3
86 71 2
86 72 14
86 73 11
86 74 8
86 75 8
86 76 7
86 77 16
86 78 17
86 79 8
86 80 12
86 81 17
86 82 17
86 83 14
86 84 17
86 85 11
86 87 2
86 88 12
86 89 6
86 90 7
86 91 18
86 92 10
86 93 15
86 94 10
86 95 3
86 96 10
86 97 19
86 98 7
86 99 10
86 100 7
86 101 13
86 102 18
86 103 11
86 104 2
86 105 19
86 106 14
86 107 18
86 108 18
86 109 11
86 110 20
86 111 1
86 112 15
86 113 18
86 114 10
86 115 4
86 116 2
86 117 5
86 118 8
86 119 15
86 120 8
86 121 19
86 122 7
86 123 6
86 124 16
86 125 8
86 126 20
86 127 3
86 128 20
86 129 3
86 130 19
86 131 8
86 132 11
86 133 7
86 134 8
86 135 17
86 136 2
86 137 6
86 138 5
86 139 17
86 140 17
86 141 18
86 142 11
86 143 15
86 145 7
86 146 15
86 147 11
86 148 20
86 149 20
86 150 12
86 151 9
86 152 12
86 153 5
86 154 14
86 155 8
86 156 15
86 157 11
86 158 10
86 159 15
86 160 3
86 161 8
86 162 15
86 163 18
86 164 4
86 165 20
86 166 4
86 167 18
86 168 18
86 169 14
86 170 13
86 171 4
86 172 5
86 173 4
86 174 2
86 175 12
86 176 4
86 177 11
86 178 20
86 179 16
86 180 13
86 181 18
86 182 11
86 183 14
86 184 20
86 185 18
86 186 4
86 187 11
86 188 3
86 189 9
86 190 10
86 191 6
86 192 7
86 193 18
86 194 11
86 195 4
86 196 15
86 197 20
86 198 17
86 199 2
86 200 9
86 201 17
86 202 6
86 203 4
86 204 4
86 205 7
86 206 2
86 207 6
86 208 20
86 209 17
86 210 12
86 211 19
86 212 9
86 213 5
86 214 11
86 215 11
86 216 2
86 217 12
86 218 1
86 219 2
86 220 8
86 221 5
86 222 20
86 223 15
86 224 2
86 225 8
86 226 5
86 227 3
86 T 11
87 1 2
87 2 14
87 3 8
87 4 5
87 5 11
87 6 14
87 7 17
87 8 8
87 9 1
87 10 8
87 11 19
87 12 12
87 13 11
87 14 10
87 15 7
87 16 4
87 17 15
87 18 6
87 19 4
87 20 1
87 21 8
87 22 4
87 23 12
87 24 9
87 25 9
87 26 5
87 27 14
87 28 11
87 29 1
87 30 9
87 31 6
87 32 6
87 33 16
87 34 8
87 35 13
87 36 20
87 37 13
87 38 1
87 39 2
87 40 1
87 41 16
87 42 8
87 43 13
87 44 18
87 45 16
87 46 7
87 47 1
87 48 18
87 49 9
87 50 3
87 51 2
87 52 8
87 53 4
87 54 3
87 55 6
87 56 2
87 57 14
87 58 5
87 59 13
87 60 10
87 61 17
87 62 6
87 63 5
87 64 15
87 65 5
87 66 5
87 67 7
87 68 5
87 69 3
87 70 6
87 71 10
87 72 2
87 73 11
87 74 19
87 75 16
87 76 15
87 77 19
87 78 10
87 79 9
87 80 4
87 81 14
87 82 18
87 83 12
87 84 7
87 85 9
87 86 19
87 88 11
87 89 13
87 90 17
87 91 13
87 92 13
87 93 4
87 94 12
87 95 13
87 96 4
87 97 18
87 98 14
87 99 20
87 100 16
87 101 16
87 102 12
87 103 7
87 104 17
87 105 1
87 106 1
87 107 20
87 108 4
87 109 13
87 110 18
87 111 8
87 112 8
87 113 4
87 114 13
87 115 11
87 116 1
87 117 13
87 118 16
87 119 9
87 120 20
87 121 17
87 122 4
87 123 2
87 124 14
87 125 3
87 126 18
87 127 19
87 128 15
87 129 8
87 130 1
87 131 12
87 132 12
87 133 10
87 134 1
87 135 10
87 136 17
87 137 3
87 138 18
87 139 3
87 140 14
87 141 4
87 142 14
87 143 11
87 144 17
87 145 4
87 146 14
87 147 3
87 148 8
87 149 10
87 150 5
87 151 16
87 152 14
87 153 8
87 154 14
87 155 7
87 156 4
87 157 8
87 158 16
87 159 20
87 160 9
87 161 9
87 162 14
87 163 7
87 164 6
87 165 13
87 166 18
87 167 2
87 168 18
87 169 19
87 170 17
87 171 8
87 172 18
87 173 2
87 174 16
87 175 9
87 176 5
87 177 9
87 178 15
87 179 12
87 180 19
87 181 10
87 182 2
87 183 16
87 184 3
87 185 17
87 186 7
87 187 2
87 188 7
87 189 3
87 190 19
87 191 15
87 192 16
87 193 18
87 194 4
87 195 8
87 196 1
87 197 1
87 198 11
87 199 12
87 200 18
87 201 13
87 202 13
87 203 14
87 204 3
87 205 11
87 206 3
87 207 13
87 208 10
87 209 11
87 210 7
87 211 7
87 212 14
87 213 7
87 214 15
87 215 7
87 216 7
87 217 2
87 218 6
87 219 8
87 220 8
87 221 5
87 222 1
87 223 20
87 224 20
87 225 4
87 226 5
87 227 15
87 T 14
88 1 1
88 2 15
88 3 9
88 4 18
88 5 9
88 6 1
88 7 6
88 8 10
88 9 10
88 10 14
88 11 15
88 12 6
88 13 19
88 14 4
88 15 14
88 16 19
88 17 9
88 18 11
88 19 12
88 20 6
88 21 9
88 22 20
88 23 16
88 24 18
88 25 15
88 26 5
88 27 13
88 28 16
88 29 3
88 30 13
88 31 20
88 32 4
88 33 14
88 34 16
88 35 7
88 36 2
88 37 9
88 38 18
88 39 20
88 40 3
88 41 6
88 42 4
88 43 14
88 44 12
88 45 3
88 46 18
88 47 18
88 48 12
88 49 16
88 50 20
88 51 1
88 52 16
88 53 13
88 54 12
88 55 13
88 56 4
88 57 18
88 58 18
88 59 8
88 60 11
88 61 16
88 62 2
88 63 3
88 64 20
88 65 1
88 66 7
88 67 18
88 68 8
88 69 12
88 71 1
88 72 18
88 73 5
88 74 13
88 75 20
88 76 5
88 77 3
88 78 3
88 79 4
88 80 13
88 81 5
88 82 10
88 83 19
88 84 5
88 85 18
88 86 1
88 87 6
88 89 14
88 90 8
88 91 6
88 92 17
88 93 2
88 94 19
88 95 5
88 96 17
88 97 17
88 98 4
88 99 17
88 100 17
88 101 19
88 102 4
88 103 5
88 104 19
88 105 19
88 106 10
88 107 6
88 108 8
88 109 13
88 111 4
88 112 17
88 113 16
88 114 13
88 115 14
88 116 19
88 117 12
88 118 5
88 119 14
88 120 4
88 121 20
88 122 14
88 123 11
88 124 6
88 125 8
88 126 12
88 127 8
88 128 1
88 129 15
88 130 3
88 131 19
88 132 19
88 133 6
88 134 18
88 135 20
88 136 18
88 137 20
88 138 14
88 139 1
88 140 18
88 141 18
88 142 8
88 143 10
88 144 7
88 145 3
88 146 18
88 147 11
88 148 12
88 149 11
88 150 2
88 151 1
88 152 2
88 153 11
88 154 2
88 155 6
88 156 5
88 157 5
88 158 13
88 159 17
88 160 6
88 161 2
88 162 7
88 163 14
88 164 14
88 165 1
88 166 3
88 167 3
88 168 6
88 169 11
88 170 5
88 171 14
88 172 5
88 173 17
88 174 4
88 175 2
88 176 4
88 177 13
88 178 16
88 179 16
88 180 8
88 181 15
88 182 12
88 183 19
88 184 16
88 185 3
88 186 4
88 187 3
88 188 12
88 190 9
88 191 14
88 192 9
88 193 6
88 194 5
88 195 11
88 196 10
88 197 14
88 198 14
88 199 10
88 200 2
88 201 18
88 202 16
88 203 14
88 204 9
88 205 13
88 206 2
88 207 10
88 208 18
88 209 16
88 210 16
88 211 16
88 212 17
88 213 17
88 214 16
88 215 4
88 216 12
88 217 4
88 218 9
88 219 19
88 220 7
88 221 3
88 222 9
88 223 8
88 224 3
88 225 7
88 226 10
88 227 18
88 T 13
89 1 13
89 2 6
89 3 3
89 4 7
89 5 7
89 6 13
89 7 6
89 8 14
89 9 12
89 10 7
89 11 19
89 12 10
89 13 6
89 14 8
89 15 18
89 16 18
89 17 7
89 18 14
89 19 14
89 20 1
89 21 20
89 22 2
89 23 7
89 24 11
89 25 7
89 26 13
89 27 7
89 28 17
89 29 18
89 30 4
89 31 20
89 32 6
89 33 20
89 34 8
89 35 9
89 36 16
89 37 18
89 38 7
89 39 14
89 40 18
89 41 8
89 42 5
89 43 10
89 44 1
89 45 9
89 46 11
89 47 18
89 48 13
89 49 14
89 50 20
89 51 12
89 52 17
89 53 18
89 54 4
89 55 2
89 56 15
89 58 5
89 59 18
89 60 19
89 61 14
89 62 17
89 63 17
89 64 9
89 65 12
89 66 15
89 67 17
89 68 20
89 69 2
89 70 11
89 71 2
89 72 13
89 73 5
89 74 18
89 75 15
89 76 11
89 77 7
89 78 18
89 79 1
89 80 3
89 81 14
89 82 8
89 83 1
89 84 15
89 85 12
89 86 18
89 87 19
89 88 16
89 90 6
89 91 1
89 92 11
89 93 9
89 94 6
89 95 15
89 96 2
89 97 13
89 98 17
89 99 14
89 100 3
89 101 13
89 102 15
89 103 16
89 104 14
89 105 9
89 106 11
89 107 9
89 108 20
89 109 11
89 110 3
89 111 1
89 112 8
89 113 6
89 114 17
89 115 16
89 116 2
89 117 7
89 118 18
89 119 2
89 120 1
89 121 1
89 122 16
89 123 13
89 124 6
89 125 10
89 126 15
89 127 5
89 128 12
89 129 13
89 130 4
89 131 8
89 132 8
89 133 16
89 134 3
89 135 15
89 136 14
89 137 3
89 138 15
89 139 16
89 140 12
89 141 2
89 142 10
89 143 11
89 144 6
89 145 16
89 146 10
89 147 15
89 148 4
89 149 5
89 150 7
89 151 2
89 152 18
89 153 16
89 154 4
89 155 9
89 156 9
89 157 19
89 158 10
89 159 16
89 160 16
89 161 20
89 162 19
89 163 17
89 164 18
89 165 4
89 166 18
89 167 18
89 168 18
89 169 6
89 170 10
89 171 10
89 172 12
89 173 13
89 174 10
89 175 13
89 176 8
89 177 18
89 178 16
89 179 9
89 180 10
89 181 2
89 182 13
89 183 15
89 184 15
89 185 17
89 186 20
89 187 7
89 188 8
89 190 15
89 191 16
89 192 6
89 193 19
89 195 2
89 196 1
89 197 8
89 198 4
89 199 1
89 200 20
89 201 15
89 202 9
89 203 15
89 204 9
89 205 12
89 206 16
89 207 10
89 208 20
89 209 8
89 210 2
89 211 6
89 212 4
89 213 14
89 214 10
89 215 20
89 216 5
89 217 12
89 218 4
89 219 10
89 220 6
89 221 15
89 222 12
89 223 8
89 224 8
89 225 8
89 226 19
89 227 20
89 T 3
90 1 12
90 2 20
90 3 1
90 4 9
90 5 14
90 6 9
90 8 3
90 9 1
90 10 16
90 11 11
90 12 10
90 14 19
90 15 8
90 16 2
90 17 19
90 18 19
90 19 12
90 20 8
90 21 6
90 22 8
90 23 9
90 24 6
90 25 6
90 26 15
90 27 2
90 28 10
90 29 18
90 30 1
90 31 13
90 32 1
90 33 9
90 34 11
90 35 10
90 36 2
90 37 10
90 38 7
90 39 9
90 40 16
90 41 11
90 42 3
90 43 8
90 44 12
90 45 19
90 46 3
90 47 14
90 48 7
90 49 15
90 50 14
90 51 16
90 52 2
90 53 7
90 54 2
90 55 13
90 56 11
90 57 15
90 58 16
90 59 19
90 60 2
90 61 16
90 62 15
90 63 2
90 64 7
90 65 8
90 66 9
90 67 20
90 68 19
90 69 12
90 70 2
90 71 20
90 72 3
90 73 3
90 74 6
90 75 17
90 76 19
90 77 2
90 78 13
90 79 17
90 80 1
90 81 16
90 82 18
90 83 3
90 84 14
90 85 16
90 86 12
90 87 12
90 88 17
90 89 9
90 91 19
90 92 3
90 93 16
90 94 18
90 95 20
90 96 8
90 97 20
90 98 4
90 99 4
90 100 1
90 101 12
90 102 18
90 103 5
90 104 6
90 105 12
90 106 12
90 107 20
90 108 10
90 109 4
90 110 12
90 111 16
90 112 1
90 113 8
90 114 9
90 115 18
90 116 19
90 117 11
90 118 15
90 119 15
90 120 2
90 121 19
90 122 7
90 123 2
90 124 8
90 125 18
90 126 14
90 127 4
90 128 11
90 129 4
90 130 8
90 131 11
90 132 16
90 133 4
90 134 7
90 135 1
90 136 2
90 137 13
90 138 18
90 139 6
90 140 11
90 141 7
90 142 4
90 143 20
90 144 10
90 145 7
90 146 1
90 147 6
90 148 12
90 149 16
90 150 10
90 151 13
90 152 8
90 153 2
90 154 9
90 155 15
90 156 15
90 157 11
90 158 18
90 159 15
90 160 5
90 161 16
90 162 2
90 163 12
90 164 19
90 165 18
90 166 12
90 167 6
90 168 12
90 169 19
90 170 6
90 171 7
90 172 11
90 173 6
90 174 20
90 175 14
90 176 13
90 177 8
90 178 18
90 179 15
90 180 19
90 181 11
90 182 13
90 183 12
90 184 1
90 185 13
90 186 19
90 187 9
90 188 6
90 189 3
90 190 19
90 191 19
90 192 4
90 193 2
90 194 7
90 195 8
90 196 4
90 197 8
90 198 4
90 199 14
90 200 15
90 201 8
90 202 7
90 203 16
90 204 19
90 205 15
90 206 8
90 207 9
90 208 15
90 209 18
90 210 15
90 211 2
90 212 9
90 213 18
90 214 1
90 215 14
90 216 16
90 217 17
90 218 4
90 219 15
90 220 5
90 221 19
90 222 17
90 223 11
90 224 13
90 225 5
90 226 20
90 227 11
90 T 4
91 1 7
91 2 20
91 3 17
91 4 2
91 5 20
91 6 12
91 7 19
91 8 14
91 9 18
91 10 18
91 11 19
91 12 15
91 13 2
91 14 2
91 15 3
91 16 8
91 17 16
91 18 17
91 19 18
91 20 1
91 21 18
91 22 9
91 23 2
91 24 10
91 25 9
91 26 11
91 27 5
91 28 11
91 29 6
91 30 3
91 31 3
91 32 7
91 33 17
91 34 15
91 35 19
91 36 6
91 37 5
91 38 19
91 39 13
91 40 17
91 41 14
91 42 16
91 43 14
91 44 18
91 45 10
91 46 2
91 47 8
91 48 8
91 49 3
91 50 10
91 51 6
91 52 11
91 53 4
91 54 8
91 55 6
91 56 3
91 57 17
91 58 15
91 59 20
91 60 10
91 61 4
91 62 6
91 63 18
91 64 5
91 65 20
91 66 6
91 67 6
91 68 9
91 69 19
91 70 18
91 71 3
91 72 10
91 73 18
91 74 9
91 75 6
91 76 3
91 77 2
91 78 1
91 79 2
91 80 6
91 81 1
91 82 19
91 83 2
91 84 18
91 85 3
91 86 1
91 87 10
91 88 1
91 89 10
91 90 14
91 92 13
91 93 12
91 94 18
91 95 10
91 96 7
91 97 20
91 98 18
91 99 4
91 100 18
91 101 6
91 102 7
91 103 10
91 104 20
91 105 14
91 106 1
91 108 11
91 109 10
91 110 4
91 111 13
91 112 15
91 113 17
91 114 17
91 115 4
91 116 10
91 117 2
91 118 4
91 119 5
91 120 15
91 121 10
91 122 9
91 123 3
91 124 1
91 125 8
91 126 14
91 127 3
91 128 3
91 129 2
91 130 19
91 131 2
91 132 11
91 133 9
91 134 10
91 135 8
91 136 8
91 137 14
91 138 20
91 139 8
91 140 3
91 141 7
91 142 13
91 143 12
91 144 20
91 145 9
91 146 19
91 147 20
91 148 8
91 149 12
91 150 11
91 151 13
91 152 8
91 153 9
91 154 16
91 155 15
91 156 8
91 157 13
91 158 16
91 159 11
91 160 9
91 161 2
91 162 18
91 163 20
91 164 3
91 165 17
91 166 2
91 167 6
91 168 1
91 169 8
91 170 3
91 171 17
91 172 12
91 173 17
91 174 9
91 175 20
91 176 12
91 177 20
91 178 5
91 179 2
91 180 8
91 181 1
91 182 18
91 183 7
91 184 20
91 185 13
91 186 3
91 187 18
91 188 4
91 189 17
91 190 13
91 191 17
91 192 14
91 193 20
91 194 8
91 195 14
91 196 6
91 197 6
91 198 3
91 199 11
91 200 5
91 201 8
91 202 1
91 203 15
91 204 14
91 205 15
91 206 15
91 207 10
91 208 10
91 209 20
91 210 4
91 211 1
91 212 9
91 213 5
91 214 10
91 215 17
91 216 7
91 217 18
91 218 17
91 219 17
91 220 15
91 221 19
91 222 6
91 223 15
91 224 3
91 225 12
91 226 15
91 227 9
91 T 7
92 1 1
92 2 18
92 3 19
92 4 5
92 5 1
92 6 17
92 7 4
92 8 8
92 9 18
92 10 19
92 11 5
92 12 17
92 13 2
92 14 12
92 15 20
92 16 15
92 17 4
92 18 20
92 19 11
92 20 8
92 21 18
92 22 2
92 23 6
92 24 6
92 25 7
92 26 18
92 27 8
92 28 20
92 29 4
92 30 3
92 31 11
92 32 19
92 33 15
92 34 12
92 35 3
92 36 13
92 37 10
92 38 9
92 39 3
92 40 4
92 41 15
92 42 5
92 43 3
92 44 8
92 45 14
92 46 3
92 47 8
92 48 3
92 49 9
92 50 7
92 51 13
92 52 15
92 53 16
92 54 19
92 55 15
92 56 6
92 57 2
92 58 20
92 59 8
92 60 20
92 61 15
92 62 19
92 63 13
92 64 7
92 65 7
92 66 1
92 67 3
92 68 16
92 69 12
92 70 8
92 71 5
92 72 8
92 74 20
92 75 6
92 76 8
92 77 10
92 78 10
92 79 2
92 80 15
92 81 6
92 82 3
92 83 19
92 84 13
92 85 2
92 86 2
92 87 20
92 88 4
92 89 12
92 90 19
92 91 17
92 93 2
92 94 15
92 95 7
92 96 20
92 97 1
92 98 15
92 99 2
92 100 18
92 101 17
92 102 18
92 103 14
92 104 12
92 105 9
92 106 1
92 107 9
92 108 8
92 109 11
92 110 6
92 111 20
92 112 9
92 113 10
92 114 18
92 115 11
92 116 2
92 117 20
92 118 6
92 119 13
92 120 2
92 121 20
92 122 19
92 123 18
92 124 3
92 125 2
92 126 8
92 127 5
92 128 4
92 129 5
92 130 5
92 131 13
92 132 3
92 133 18
92 134 20
92 135 8
92 136 5
92 137 7
92 138 2
92 139 11
92 140 7
92 141 15
92 142 3
92 143 5
92 144 1
92 145 4
92 146 5
92 147 2
92 148 5
92 149 14
92 150 17
92 151 8
92 152 6
92 153 8
92 154 12
92 155 13
92 156 20
92 157 8
92 158 12
92 159 11
92 160 17
92 161 13
92 162 8
92 163 18
92 164 11
92 165 18
92 166 17
92 167 2
92 168 5
92 169 4
92 170 14
92 171 14
92 172 9
92 173 16
92 174 1
92 175 17
92 176 5
92 177 5
92 178 8
92 179 20
92 180 1
92 181 19
92 182 7
92 183 16
92 184 18
92 185 20
92 186 4
92 187 8
92 188 12
92 189 12
92 190 19
92 191 18
92 192 18
92 193 7
92 194 14
92 195 7
92 196 12
92 197 20
92 198 17
92 199 3
92 200 10
92 201 19
92 202 19
92 203 18
92 204 20
92 205 13
92 206 8
92 207 18
92 208 14
92 209 2
92 210 2
92 211 16
92 212 9
92 213 6
92 214 8
92 215 5
92 216 14
92 217 15
92 218 3
92 219 20
92 220 6
92 221 14
92 222 5
92 223 12
92 224 3
92 225 10
92 226 19
92 227 12
92 T 9
93 1 5
93 2 13
93 3 5
93 4 6
93 5 8
93 6 12
93 7 2
93 8 17
93 9 6
93 10 12
93 11 19
93 12 10
93 13 11
93 14 8
93 15 12
93 17 20
93 18 1
93 19 10
93 20 12
93 21 8
93 22 11
93 23 18
93 24 19
93 25 11
93 26 19
93 27 19
93 28 2
93 29 14
93 30 15
93 31 3
93 32 11
93 33 5
93 34 12
93 35 3
93 36 2
93 37 4
93 38 4
93 39 20
93 40 16
93 41 8
93 42 12
93 43 8
93 44 10
93 45 15
93 46 2
93 47 15
93 48 3
93 49 9
93 50 17
93 51 19
93 52 12
93 53 4
93 54 4
93 55 4
93 56 17
93 57 14
93 58 1
93 59 18
93 60 15
93 61 15
93 62 17
93 63 18
93 64 19
93 65 8
93 66 11
93 67 3
93 68 16
93 69 1
93 70 4
93 71 10
93 72 5
93 73 2
93 74 19
93 75 12
93 76 5
93 77 3
93 78 11
93 79 9
93 80 11
93 81 14
93 82 19
93 83 8
93 84 9
93 85 5
93 86 11
93 87 2
93 88 8
93 89 13
93 90 7
93 91 12
93 92 9
93 94 2
93 95 8
93 96 20
93 97 8
93 98 8
93 99 13
93 100 8
93 101 2
93 102 14
93 103 9
93 104 15
93 105 1
93 106 12
93 107 14
93 108 16
93 109 2
93 110 19
93 111 6
93 112 2
93 113 7
93 114 20
93 115 19
93 116 13
93 117 18
93 118 15
93 119 20
93 120 2
93 121 18
93 122 10
93 123 15
93 124 7
93 125 15
93 126 10
93 127 19
93 128 5
93 129 12
93 130 9
93 131 12
93 132 18
93 133 10
93 134 1
93 135 16
93 136 11
93 137 11
93 138 15
93 139 5
93 140 7
93 141 18
93 142 13
93 143 6
93 144 2
93 145 19
93 146 6
93 147 13
93 148 13
93 149 17
93 150 18
93 151 16
93 152 19
93 153 4
93 154 3
93 155 1
93 156 4
93 157 19
93 158 3
93 159 15
93 160 6
93 161 7
93 162 8
93 163 14
93 164 17
93 165 4
93 166 18
93 167 5
93 168 18
93 169 19
93 170 7
93 171 5
93 172 13
93 173 5
93 174 7
93 175 15
93 176 3
93 177 19
93 178 18
93 179 1
93 180 12
93 181 18
93 182 13
93 183 17
93 184 13
93 185 15
93 186 20
93 187 13
93 188 9
93 189 9
93 190 3
93 191 9
93 192 16
93 193 19
93 194 18
93 195 7
93 196 15
93 197 16
93 198 15
93 199 8
93 200 10
93 201 19
93 202 11
93 203 17
93 204 20
93 205 9
93 206 7
93 207 10
93 208 18
93 209 13
93 210 19
93 211 3
93 212 12
93 213 17
93 214 4
93 215 7
93 216 10
93 217 9
93 218 12
93 219 14
93 220 20
93 221 4
93 222 19
93 223 17
93 224 18
93 225 17
93 226 13
93 227 1
93 T 9
94 1 18
94 2 5
94 4 8
94 5 6
94 6 8
94 7 15
94 8 16
94 9 8
94 10 19
94 11 14
94 12 18
94 13 13
94 14 14
94 15 9
94 16 20
94 17 6
94 18 2
94 19 6
94 20 1
94 21 15
94 22 5
94 23 4
94 24 3
94 25 7
94 26 12
94 27 12
94 28 16
94 29 14
94 30 14
94 31 7
94 32 19
94 33 2
94 34 20
94 35 18
94 36 11
94 37 12
94 38 20
94 39 2
94 40 1
94 41 1
94 42 18
94 43 10
94 44 14
94 45 11
94 46 3
94 47 20
94 48 16
94 49 3
94 50 14
94 51 8
94 52 1
94 53 13
94 54 12
94 55 5
94 56 13
94 57 13
94 58 6
94 59 17
94 60 14
94 61 7
94 62 20
94 63 8
94 64 12
94 65 20
94 66 20
94 67 17
94 68 1
94 69 4
94 70 6
94 71 2
94 72 1
94 73 19
94 74 12
94 75 7
94 76 1
94 77 19
94 78 12
94 79 7
94 80 12
94 81 11
94 82 19
94 83 8
94 84 10
94 85 1
94 86 1
94 87 15
94 88 6
94 89 9
94 90 15
94 91 19
94 92 3
94 93 9
94 95 14
94 96 6
94 97 11
94 98 12
94 99 20
94 100 15
94 101 5
94 102 18
94 103 5
94 104 14
94 105 14
94 106 10
94 107 2
94 108 14
94 109 7
94 110 6
94 111 13
94 112 6
94 113 18
94 114 6
94 115 11
94 116 2
94 117 4
94 118 9
94 119 2
94 120 10
94 121 11
94 122 8
94 123 14
94 124 1
94 125 18
94 126 13
94 128 18
94 129 4
94 130 6
94 131 3
94 132 8
94 133 19
94 134 9
94 135 18
94 136 9
94 137 6
94 138 10
94 139 19
94 140 16
94 141 6
94 142 12
94 143 7
94 144 12
94 145 18
94 146 11
94 147 13
94 148 1
94 149 17
94 150 4
94 151 1
94 152 16
94 153 3
94 154 9
94 155 8
94 156 17
94 157 5
94 158 13
94 159 14
94 160 9
94 161 20
94 162 19
94 163 11
94 164 16
94 165 15
94 166 13
94 167 15
94 168 2
94 169 2
94 170 14
94 171 19
94 172 9
94 174 16
94 175 12
94 176 14
94 177 10
94 178 14
94 179 2
94 180 18
94 181 3
94 182 15
94 183 14
94 184 17
94 185 20
94 186 15
94 187 17
94 188 2
94 189 11
94 190 6
94 191 9
94 192 13
94 193 19
94 194 6
94 195 20
94 196 10
94 197 2
94 198 15
94 199 3
94 200 3
94 201 9
94 202 6
94 203 1
94 205 12
94 206 9
94 207 3
94 208 10
94 209 6
94 210 15
94 211 3
94 212 6
94 213 7
94 214 20
94 215 18
94 216 1
94 217 14
94 218 3
94 219 13
94 220 16
94 221 14
94 222 3
94 223 9
94 224 9
94 225 13
94 226 16
94 227 6
94 T 14
95 1 8
95 2 13
95 3 5
95 4 5
95 5 3
95 6 7
95 7 4
95 8 9
95 9 13
95 10 1
95 11 3
95 12 11
95 13 19
95 14 14
95 15 6
95 16 19
95 17 4
95 18 18
95 19 2
95 21 15
95 22 2
95 23 5
95 24 6
95 25 18
95 26 6
95 27 12
95 28 1
95 29 14
95 30 16
95 31 16
95 32 14
95 33 13
95 34 20
95 35 18
95 36 1
95 37 4
95 38 11
95 39 4
95 40 16
95 41 4
95 42 13
95 43 10
95 44 7
95 45 19
95 46 7
95 47 6
95 48 11
95 49 16
95 50 12
95 51 14
95 52 2
95 53 8
95 54 12
95 55 8
95 56 7
95 57 14
95 58 9
95 59 18
95 60 11
95 61 5
95 62 10
95 63 20
95 64 20
95 65 1
95 66 10
95 67 7
95 68 5
95 69 2
95 70 15
95 71 4
95 72 13
95 73 11
95 74 20
95 75 8
95 76 6
95 77 7
95 78 10
95 79 1
95 80 2
95 81 4
95 82 5
95 83 11
95 84 1
95 86 16
95 87 11
95 88 18
95 89 20
95 90 9
95 91 5
95 92 19
95 93 2
95 94 19
95 96 12
95 97 4
95 98 3
95 99 19
95 100 16
95 101 11
95 102 16
95 103 16
95 104 2
95 105 4
95 106 18
95 107 14
95 108 4
95 109 1
95 110 8
95 111 7
95 112 16
95 113 13
95 114 5
95 115 4
95 116 5
95 117 15
95 118 12
95 119 16
95 120 1
95 121 12
95 122 7
95 123 10
95 124 14
95 125 15
95 126 20
95 127 20
95 128 11
95 129 10
95 130 14
95 131 5
95 132 12
95 133 5
95 134 4
95 135 19
95 136 14
95 137 11
95 138 1
95 139 12
95 140 12
95 141 2
95 142 17
95 143 15
95 144 1
95 145 11
95 146 5
95 147 4
95 148 6
95 149 14
95 150 10
95 151 12
95 152 10
95 153 16
95 155 17
95 156 7
95 157 11
95 158 4
95 159 14
95 160 10
95 161 3
95 162 2
95 163 15
95 164 13
95 165 16
95 166 13
95 167 7
95 168 11
95 169 13
95 170 4
95 171 7
95 172 13
95 173 18
95 174 15
95 175 10
95 176 16
95 177 12
95 178 8
95 179 7
95 180 1
95 181 12
95 182 20
95 183 19
95 184 12
95 185 13
95 186 6
95 187 20
95 188 10
95 189 4
95 190 14
95 191 19
95 192 13
95 193 15
95 194 3
95 195 8
95 196 17
95 197 18
95 198 5
95 199 16
95 200 13
95 201 2
95 202 15
95 203 7
95 204 16
95 205 4
95 206 3
95 207 15
95 208 1
95 209 10
95 210 9
95 211 11
95 212 3
95 213 16
95 214 7
95 215 2
95 216 18
95 217 19
95 218 5
95 220 4
95 221 18
95 222 2
95 223 6
95 224 7
95 225 1
95 226 12
95 227 16
95 T 16
96 1 16
96 2 3
96 3 9
96 4 10
96 5 20
96 6 12
96 7 19
96 8 13
96 9 18
96 10 3
96 11 15
96 12 9
96 13 14
96 14 9
96 15 8
96 16 1
96 17 14
96 18 18
96 19 6
96 20 4
96 21 2
96 22 6
96 23 3
96 24 3
96 25 6
96 26 13
96 27 17
96 28 8
96 29 17
96 30 4
96 31 18
96 32 6
96 33 13
96 34 17
96 35 9
96 36 15
96 37 9
96 38 20
96 39 2
96 40 14
96 41 16
96 42 1
96 43 2
96 44 8
96 45 2
96 46 13
96 47 14
96 48 4
96 49 8
96 50 9
96 51 15
96 52 19
96 53 8
96 54 9
96 55 9
96 56 12
96 57 19
96 58 5
96 59 10
96 60 4
96 61 4
96 62 20
96 63 4
96 64 4
96 65 4
96 66 17
96 67 5
96 68 13
96 69 14
96 70 18
96 71 8
96 72 10
96 73 18
96 74 19
96 75 7
96 76 13
96 77 2
96 78 16
96 79 16
96 80 4
96 81 1
96 82 5
96 83 5
96 84 3
96 85 19
96 86 14
96 87 9
96 88 16
96 89 16
96 90 19
96 91 9
96 92 16
96 93 6
96 94 11
96 95 5
96 98 12
96 99 6
96 100 14
96 101 20
96 102 1
96 103 10
96 104 20
96 105 16
96 106 20
96 107 16
96 108 7
96 109 17
96 110 19
96 111 3
96 112 14
96 113 18
96 114 11
96 115 4
96 116 19
96 117 20
96 118 19
96 119 9
96 120 19
96 121 12
96 122 15
96 123 2
96 124 7
96 125 9
96 126 11
96 127 16
96 128 7
96 129 2
96 130 11
96 131 5
96 132 6
96 133 15
96 134 17
96 135 3
96 136 4
96 137 8
96 138 9
96 139 5
96 140 6
96 141 15
96 142 1
96 143 13
96 144 11
96 145 6
96 146 8
96 147 19
96 148 12
96 149 8
96 150 5
96 151 20
96 152 17
96 153 6
96 154 18
96 155 17
96 156 5
96 157 13
96 158 12
96 159 19
96 160 14
96 161 13
96 162 16
96 163 4
96 164 15
96 165 5
96 166 17
96 167 15
96 168 13
96 169 8
96 170 17
96 171 8
96 172 16
96 173 9
96 174 1
96 176 15
96 177 13
96 178 18
96 179 20
96 180 7
96 181 18
96 182 12
96 183 16
96 184 17
96 185 8
96 186 14
96 187 19
96 188 11
96 189 15
96 190 8
96 191 1
96 192 12
96 193 20
96 194 2
96 195 1
96 196 5
96 197 7
96 198 4
96 199 17
96 200 12
96 201 1
96 202 4
96 203 15
96 204 14
96 205 8
96 206 16
96 207 7
96 208 16
96 209 14
96 210 7
96 211 9
96 212 17
96 213 18
96 214 4
96 215 7
96 216 11
96 217 17
96 218 2
96 219 2
96 220 5
96 221 4
96 222 3
96 223 12
96 224 11
96 225 12
96 226 16
96 227 19
96 T 13
97 1 5
97 2 5
97 3 7
97 4 18
97 5 18
97 6 3
97 7 6
97 8 15
97 9 5
97 10 14
97 11 12
97 12 7
97 13 12
97 14 12
97 15 17
97 16 20
97 17 9
97 18 4
97 19 14
97 20 1
97 21 10
97 22 15
97 23 17
97 24 9
97 25 9
97 26 5
97 27 9
97 28 18
97 29 14
97 30 8
97 31 7
97 32 6
97 33 15
97 34 9
97 35 20
97 36 3
97 37 14
97 38 2
97 39 15
97 40 3
97 41 5
97 42 4
97 43 17
97 44 5
97 45 10
97 46 9
97 47 20
97 48 20
97 49 4
97 50 4
97 51 20
97 52 6
97 53 9
97 54 16
97 55 14
97 56 5
97 57 14
97 58 8
97 59 19
97 60 8
97 61 3
97 62 8
97 63 2
97 64 6
97 65 7
97 66 15
97 67 5
97 68 15
97 69 7
97 70 6
97 71 15
97 72 9
97 73 16
97 74 19
97 75 2
97 76 2
97 77 11
97 78 7
97 79 3
97 80 1
97 81 6
97 82 9
97 83 16
97 84 2
97 85 16
97 86 20
97 87 18
97 88 19
97 89 2
97 90 16
97 91 6
97 92 2
97 93 12
97 94 3
97 95 5
97 96 13
97 98 14
97 99 13
97 100 18
97 101 17
97 102 13
97 103 19
97 104 6
97 105 9
97 106 9
97 107 6
97 108 20
97 109 13
97 110 18
97 111 8
97 112 11
97 113 9
97 114 11
97 115 17
97 116 8
97 117 15
97 118 20
97 119 9
97 120 3
97 121 17
97 122 10
97 123 16
97 124 10
97 125 13
97 126 8
97 127 7
97 128 6
97 129 11
97 130 16
97 131 9
97 132 9
97 133 3
97 134 4
97 135 20
97 136 9
97 137 9
97 138 9
97 139 8
97 140 12
97 141 20
97 142 8
97 143 17
97 144 7
97 145 17
97 146 5
97 147 13
97 148 3
97 149 3
97 150 3
97 151 10
97 152 12
97 153 12
97 154 14
97 155 3
97 156 13
97 157 6
97 158 5
97 159 7
97 160 12
97 161 15
97 162 3
97 163 18
97 164 3
97 165 4
97 166 7
97 167 15
97 168 8
97 169 4
97 170 20
97 171 8
97 172 16
97 173 9
97 174 14
97 175 19
97 176 17
97 177 4
97 178 14
97 179 10
97 180 2
97 181 19
97 182 2
97 183 10
97 184 20
97 185 14
97 186 15
97 187 9
97 188 1
97 189 3
97 190 12
97 191 5
97 192 2
97 193 2
97 194 18
97 195 12
97 196 17
97 197 11
97 198 12
97 199 3
97 200 3
97 201 19
97 202 2
97 203 11
97 205 4
97 206 14
97 207 19
97 208 8
97 209 2
97 210 9
97 211 7
97 212 10
97 213 5
97 214 5
97 215 16
97 216 20
97 217 16
97 218 20
97 219 1
97 220 17
97 221 20
97 222 12
97 223 4
97 224 14
97 225 9
97 226 4
97 227 6
97 T 16
98 1 8
98 2 14
98 3 6
98 4 7
98 5 9
98 6 11
98 7 18
98 8 7
98 9 4
98 10 19
98 11 13
98 12 1
98 13 20
98 14 9
98 15 17
98 16 1
98 17 16
98 18 7
98 19 15
98 20 18
98 21 20
98 22 15
98 23 19
98 24 8
98 25 6
98 26 5
98 27 17
98 28 19
98 29 1
98 30 9
98 31 2
98 32 12
98 33 1
98 34 12
98 35 9
98 36 4
98 37 14
98 38 15
98 39 20
98 40 15
98 41 9
98 42 16
98 43 2
98 44 12
98 45 18
98 46 7
98 47 7
98 48 10
98 49 5
98 50 4
98 51 2
98 52 13
98 53 12
98 54 11
98 55 7
98 56 13
98 57 4
98 58 13
98 59 4
98 60 19
98 61 1
98 62 16
98 63 18
98 64 11
98 65 13
98 66 10
98 67 6
98 68 18
98 69 19
98 70 2
98 71 19
98 72 1
98 73 19
98 74 3
98 75 9
98 76 14
98 77 19
98 78 13
98 79 10
98 80 19
98 81 1
98 82 16
98 83 7
98 84 18
98 85 6
98 86 16
98 87 3
98 88 18
98 89 14
98 90 1
98 91 7
98 92 5
98 93 2
98 94 6
98 95 20
98 96 14
98 97 4
98 99 15
98 100 8
98 101 12
98 102 19
98 103 15
98 104 4
98 105 13
98 106 13
98 107 19
98 108 6
98 109 1
98 110 17
98 111 5
98 112 13
98 113 19
98 114 17
98 115 16
98 116 1
98 117 17
98 118 14
98 119 11
98 120 19
98 121 15
98 122 3
98 123 4
98 124 1
98 125 1
98 126 10
98 127 4
98 128 6
98 129 14
98 130 6
98 131 1
98 132 1
98 133 1
98 134 13
98 135 17
98 136 15
98 137 16
98 138 16
98 139 14
98 140 1
98 141 13
98 142 16
98 143 20
98 144 2
98 145 19
98 146 20
98 147 5
98 148 2
98 149 15
98 150 15
98 151 3
98 152 12
98 153 14
98 154 19
98 156 9
98 157 8
98 158 2
98 159 12
98 161 5
98 162 6
98 163 1
98 164 2
98 165 9
98 166 18
98 167 14
98 168 5
98 169 2
98 170 2
98 171 15
98 172 20
98 173 5
98 174 1
98 175 8
98 176 12
98 177 18
98 178 16
98 179 11
98 180 12
98 181 16
98 182 5
98 183 6
98 184 16
98 185 12
98 186 17
98 187 20
98 188 16
98 189 18
98 190 19
98 191 15
98 192 16
98 193 15
98 194 4
98 195 1
98 196 16
98 197 5
98 198 1
98 199 7
98 200 18
98 201 18
98 202 20
98 203 17
98 204 4
98 205 9
98 206 6
98 207 18
98 208 2
98 209 8
98 210 11
98 211 13
98 212 4
98 213 9
98 214 17
98 215 13
98 216 8
98 217 2
98 218 9
98 219 5
98 220 2
98 221 12
98 222 18
98 223 20
98 224 6
98 225 9
98 226 17
98 227 17
98 T 16
99 1 1
99 2 11
99 3 11
99 4 9
99 5 19
99 6 10
99 7 10
99 8 1
99 9 20
99 10 5
99 11 18
99 12 6
99 13 15
99 14 8
99 15 1
99 16 13
99 17 9
99 18 5
99 19 15
99 20 4
99 21 2
99 22 11
99 24 3
99 25 11
99 26 10
99 27 9
99 28 2
99 29 18
99 30 6
99 31 8
99 32 14
99 33 16
99 34 12
99 35 1
99 36 12
99 37 16
99 38 20
99 39 15
99 40 11
99 41 13
99 42 9
99 43 1
99 44 13
99 45 3
99 46 16
99 47 3
99 48 15
99 49 4
99 50 10
99 51 8
99 52 4
99 53 1
99 54 8
99 55 7
99 56 19
99 57 10
99 58 6
99 59 16
99 60 2
99 61 13
99 62 17
99 63 6
99 64 7
99 65 14
99 66 13
99 67 16
99 68 2
99 69 11
99 70 10
99 71 9
99 72 10
99 73 16
99 74 4
99 75 13
99 76 6
99 77 17
99 78 18
99 79 3
99 80 1
99 81 10
99 82 4
99 83 12
99 84 6
99 85 19
99 86 8
99 87 1
99 88 9
99 89 5
99 90 14
99 91 13
99 92 1
99 93 8
99 94 5
99 95 10
99 96 4
99 97 8
99 98 17
99 100 2
99 101 18
99 102 1
99 103 19
99 104 6
99 105 13
99 106 6
99 107 3
99 108 17
99 109 3
99 110 6
99 111 13
99 112 1
99 113 17
99 114 6
99 115 13
99 116 17
99 117 19
99 118 5
99 119 6
99 120 4
99 121 1
99 122 1
99 123 1
99 124 13
99 125 10
99 126 14
99 127 19
99 128 10
99 129 13
99 130 4
99 131 9
99 132 10
99 133 1
99 134 11
99 135 14
99 136 2
99 137 17
99 138 9
99 139 16
99 140 19
99 141 11
99 142 17
99 143 5
99 144 10
99 145 18
99 146 7
99 147 3
99 148 20
99 149 18
99 150 1
99 151 8
99 152 19
99 153 20
99 154 4
99 155 16
99 156 12
99 157 19
99 158 20
99 159 17
99 160 6
99 161 14
99 162 16
99 163 14
99 164 20
99 165 8
99 166 9
99 167 9
99 168 19
99 169 1
99 170 1
99 171 20
99 172 4
99 173 11
99 174 8
99 175 6
99 176 6
99 177 5
99 178 19
99 179 7
99 180 4
99 181 20
99 182 13
99 183 17
99 184 5
99 185 7
99 186 17
99 187 9
99 188 13
99 189 8
99 190 12
99 191 6
99 192 12
99 193 18
99 194 3
99 195 3
99 196 2
99 197 17
99 198 5
99 199 17
99 200 4
99 201 9
99 202 5
99 203 17
99 204 7
99 205 15
99 206 3
99 207 11
99 208 9
99 209 1
99 210 12
99 211 12
99 212 13
99 213 12
99 214 16
99 215 3
99 216 17
99 217 18
99 218 6
99 219 12
99 220 14
99 221 9
99 222 15
99 223 9
99 224 1
99 225 9
99 226 20
99 227 9
99 T 4
100 1 3
100 2 3
100 3 8
100 4 19
100 5 15
100 6 13
100 7 20
100 8 8
100 9 18
100 10 5
100 11 15
100 12 9
100 13 1
100 14 4
100 15 15
100 16 12
100 17 14
100 18 8
100 19 11
100 20 19
100 21 11
100 22 11
100 23 20
100 24 17
100 26 4
100 27 19
100 28 1
100 29 13
100 30 5
100 31 9
100 32 6
100 33 12
100 34 4
100 35 2
100 36 11
100 37 17
100 38 7
100 39 13
100 40 1
100 41 6
100 42 1
100 43 20
100 44 8
100 45 12
100 46 6
100 47 11
100 48 3
100 49 6
100 50 3
100 51 2
100 52 5
100 53 13
100 54 10
100 55 10
100 56 4
100 57 8
100 58 10
100 59 5
100 60 9
100 61 4
100 62 7
100 63 18
100 64 5
100 65 16
100 66 17
100 67 12
100 68 17
100 69 11
100 70 9
100 71 20
100 72 2
100 73 3
100 74 5
100 75 15
100 76 18
100 77 1
100 78 4
100 79 6
100 80 4
100 81 14
100 82 11
100 83 14
100 84 10
100 85 3
100 86 16
100 87 19
100 88 11
100 90 11
100 91 16
100 92 9
100 93 4
100 94 6
100 95 9
100 96 4
100 97 7
100 98 5
100 99 5
100 101 15
100 102 6
100 103 9
100 104 19
100 105 3
100 106 2
100 107 20
100 108 17
100 109 10
100 110 17
100 111 1
100 112 9
100 113 11
100 114 9
100 115 17
100 116 9
100 117 17
100 118 6
100 119 4
100 120 18
100 121 13
100 122 10
100 123 17
100 124 3
100 125 15
100 126 5
100 127 18
100 128 1
100 129 3
100 130 2
100 131 12
100 132 8
100 133 5
100 134 6
100 135 4
100 136 4
100 137 1
100 138 3
100 139 3
100 140 6
100 141 14
100 142 13
100 143 14
100 144 19
100 145 4
100 146 8
100 147 15
100 148 16
100 149 2
100 150 17
100 151 20
100 152 3
100 153 4
100 154 19
100 155 18
100 156 12
100 157 18
100 158 5
100 159 17
100 160 6
100 161 9
100 162 7
100 163 20
100 164 11
100 165 12
100 166 2
100 167 14
100 168 12
100 169 18
100 170 19
100 171 11
100 172 9
100 173 20
100 174 12
100 175 16
100 176 20
100 177 19
100 178 19
100 179 20
100 180 14
100 181 7
100 182 12
100 183 6
100 184 3
100 185 10
100 186 19
100 187 1
100 188 17
100 189 17
100 190 19
100 191 20
100 192 13
100 193 3
100 194 19
100 195 18
100 196 9
100 197 11
100 198 9
100 199 14
100 200 15
100 201 1
100 202 11
100 203 14
100 204 14
100 205 17
100 206 4
100 207 18
100 208 20
100 209 18
100 210 20
100 211 2
100 212 14
100 213 15
100 214 2
100 215 19
100 216 7
100 217 19
100 218 12
100 219 4
100 220 5
100 221 10
100 223 2
100 224 2
100 225 9
100 226 19
100 227 9
100 T 9
101 1 8
101 2 19
101 3 6
101 4 1
101 5 2
101 6 13
101 7 12
101 8 18
101 9 10
101 10 9
101 11 4
101 12 20
101 13 6
101 14 8
101 15 11
101 16 10
101 17 6
101 18 1
101 19 17
101 20 13
101 21 1
101 22 20
101 23 17
101 24 16
101 25 9
101 26 2
101 27 14
101 28 14
101 29 15
101 30 1
101 31 18
101 32 11
101 33 14
101 34 20
101 35 3
101 36 7
101 37 15
101 38 15
101 39 8
101 40 6
101 41 5
101 42 4
101 43 20
101 44 10
101 45 16
101 46 17
101 48 12
101 49 10
101 50 1
101 51 1
101 52 13
101 53 7
101 54 17
101 55 16
101 56 6
101 57 9
101 58 19
101 59 6
101 60 8
101 61 4
101 62 20
101 63 19
101 64 13
101 65 15
101 66 8
101 67 5
101 68 8
101 69 17
101 70 19
101 71 19
101 72 17
101 73 19
101 74 18
101 75 1
101 76 16
101 77 7
101 78 14
101 79 6
101 80 9
101 81 18
101 82 1
101 83 11
101 84 13
101 85 7
101 86 13
101 87 16
101 88 1
101 89 19
101 90 5
101 91 3
101 92 15
101 93 4
101 94 3
101 95 17
101 96 8
101 97 17
101 98 12
101 99 4
101 100 20
101 102 6
101 103 15
101 104 9
101 105 16
101 106 11
101 107 13
101 108 4
101 109 2
101 110 16
101 111 11
101 112 13
101 113 11
101 114 17
101 115 20
101 116 11
101 117 1
101 118 19
101 119 9
101 120 7
101 121 11
101 122 17
101 123 4
101 124 6
101 125 5
101 126 17
101 127 7
101 128 4
101 129 10
101 130 5
101 131 6
101 132 8
101 133 12
101 134 12
101 135 16
101 136 20
101 137 10
101 138 5
101 139 17
101 140 17
101 141 5
101 142 4
101 143 17
101 144 4
101 145 14
101 146 14
101 147 16
101 148 2
101 149 9
101 150 8
101 151 11
101 152 17
101 153 5
101 154 5
101 155 10
101 156 6
101 157 5
101 158 17
101 159 2
101 160 20
101 161 17
101 162 11
101 163 8
101 164 12
101 165 6
101 166 18
101 168 9
101 169 15
101 170 10
101 171 10
101 172 2
101 173 4
101 174 6
101 175 9
101 176 8
101 177 9
101 178 14
101 179 20
101 180 16
101 181 17
101 182 4
101 183 16
101 184 14
101 185 15
101 186 12
101 187 3
101 188 4
101 189 6
101 190 13
101 191 14
101 192 6
101 193 19
101 194 20
101 195 20
101 196 12
101 197 8
101 198 7
101 199 19
101 200 13
101 201 14
101 202 10
101 203 7
101 204 2
101 205 13
101 206 15
101 207 13
101 208 1
101 209 11
101 210 13
101 211 20
101 212 4
101 213 17
101 214 14
101 215 17
101 216 18
101 217 10
101 218 14
101 219 4
101 220 19
101 221 6
101 222 7
101 223 2
101 224 11
101 225 16
101 226 13
101 227 6
101 T 15
102 1 11
102 2 8
102 3 7
102 4 14
102 5 11
102 6 4
102 7 6
102 8 12
102 9 7
102 11 12
102 12 20
102 13 2
102 14 2
102 15 3
102 16 17
102 17 1
102 18 17
102 19 20
102 20 17
102 21 15
102 22 10
102 23 6
102 24 9
102 25 19
102 26 2
102 27 12
102 28 1
102 29 19
102 30 12
102 31 3
102 32 12
102 33 3
102 34 2
102 35 14
102 36 16
102 37 2
102 38 7
102 39 2
102 40 2
102 41 3
102 42 10
102 43 16
102 44 17
102 45 12
102 46 19
102 47 17
102 48 9
102 49 3
102 50 14
102 51 15
102 52 5
102 53 11
102 54 5
102 55 13
102 56 7
102 57 14
102 58 9
102 59 16
102 60 13
102 61 9
102 62 19
102 63 6
102 64 3
102 65 6
102 66 5
102 67 17
102 68 7
102 69 3
102 70 3
102 71 20
102 72 6
102 73 5
102 74 8
102 75 5
102 76 20
102 77 12
102 78 17
102 79 1
102 80 2
102 81 11
102 82 16
102 83 3
102 84 7
102 85 5
102 86 15
102 87 3
102 88 15
102 89 5
102 90 2
102 91 1
102 92 20
102 93 8
102 94 12
102 95 19
102 96 4
102 97 16
102 98 8
102 99 14
102 100 19
102 101 20
102 103 11
102 104 5
102 105 8
102 106 1
102 107 8
102 108 10
102 109 17
102 110 7
102 111 17
102 112 19
102 113 14
102 114 18
102 115 5
102 116 12
102 117 15
102 118 5
102 119 11
102 120 11
102 121 1
102 122 8
102 123 1
102 124 4
102 125 12
102 126 6
102 127 11
102 128 8
102 129 9
102 130 7
102 131 11
102 132 9
102 133 11
102 134 6
102 135 15
102 136 5
102 137 11
102 138 14
102 139 17
102 140 18
102 141 10
102 142 6
102 143 3
102 144 12
102 145 14
102 146 10
102 147 15
102 148 15
102 149 5
102 150 10
102 151 15
102 152 8
102 153 10
102 154 7
102 155 1
102 156 14
102 157 5
102 158 14
102 159 5
102 160 2
102 161 15
102 162 8
102 163 1
102 164 11
102 165 8
102 166 9
102 167 20
102 168 20
102 169 20
102 170 12
102 171 18
102 172 1
102 173 15
102 174 13
102 175 18
102 176 7
102 177 12
102 178 10
102 179 12
102 180 19
102 181 11
102 182 1
102 183 4
102 184 8
102 185 6
102 186 1
102 187 7
102 188 18
102 189 1
102 190 3
102 191 20
102 192 6
102 193 4
102 194 4
102 195 4
102 196 3
102 197 18
102 198 10
102 199 5
102 200 12
102 201 3
102 202 17
102 203 1
102 204 20
102 205 16
102 206 8
102 207 19
102 208 6
102 209 3
102 210 9
102 211 12
102 212 11
102 213 16
102 214 1
102 215 7
102 216 10
102 217 4
102 218 18
102 219 2
102 220 5
102 221 4
102 222 15
102 223 5
102 224 17
102 225 7
102 226 16
102 227 5
102 T 15
103 1 17
103 2 16
103 3 4
103 4 4
103 5 13
103 6 14
103 7 18
103 8 9
103 9 10
103 10 4
103 11 10
103 12 14
103 13 17
103 14 3
103 15 3
103 16 6
103 17 18
103 18 6
103 19 6
103 20 6
103 21 14
103 22 15
103 23 5
103 24 14
103 25 8
103 26 3
103 27 9
103 28 2
103 29 18
103 30 1
103 31 19
103 32 3
103 33 15
103 34 16
103 35 2
103 36 19
103 37 20
103 38 19
103 39 8
103 40 11
103 41 12
103 42 14
103 43 14
103 44 10
103 45 9
103 46 2
103 47 13
103 48 8
103 49 20
103 50 3
103 51 11
103 52 5
103 53 15
103 54 20
103 55 17
103 56 6
103 57 12
103 58 6
103 59 9
103 60 7
103 61 7
103 62 10
103 63 8
103 64 16
103 65 11
103 66 7
103 67 6
103 68 19
103 69 4
103 70 5
103 71 20
103 72 2
103 73 6
103 74 1
103 75 9
103 76 1
103 77 7
103 78 15
103 79 13
103 80 5
103 81 6
103 82 15
103 83 20
103 84 15
103 85 3
103 86 9
103 87 8
103 88 4
103 89 7
103 90 20
103 91 14
103 92 7
103 93 17
103 94 20
103 95 14
103 96 16
103 97 10
103 98 11
103 99 10
103 100 17
103 101 15
103 102 3
103 104 8
103 105 6
103 106 10
103 107 16
103 108 8
103 109 9
103 110 7
103 111 11
103 112 6
103 113 8
103 114 8
103 115 18
103 116 7
103 117 15
103 118 3
103 119 3
103 120 5
103 121 15
103 122 3
103 123 6
103 124 9
103 125 14
103 126 12
103 127 7
103 128 1
103 129 10
103 130 10
103 131 15
103 132 6
103 133 8
103 134 1
103 135 12
103 136 10
103 137 7
103 138 3
103 139 5
103 140 15
103 141 18
103 142 6
103 143 14
103 144 8
103 145 11
103 146 6
103 147 5
103 148 20
103 149 5
103 150 16
103 152 19
103 153 15
103 154 4
103 155 4
103 156 1
103 157 10
103 158 6
103 159 3
103 160 5
103 161 15
103 162 16
103 163 4
103 164 13
103 165 13
103 166 5
103 167 8
103 168 20
103 169 12
103 170 9
103 171 15
103 172 3
103 173 20
103 174 14
103 175 1
103 176 4
103 177 1
103 178 16
103 179 17
103 180 5
103 181 7
103 182 19
103 183 1
103 184 17
103 185 9
103 186 3
103 187 4
103 188 3
103 189 5
103 190 11
103 191 3
103 192 11
103 193 14
103 194 6
103 195 12
103 197 4
103 198 8
103 199 2
103 200 9
103 201 11
103 202 18
103 203 16
103 204 16
103 205 11
103 206 12
103 207 4
103 208 4
103 209 14
103 210 6
103 211 15
103 212 10
103 213 9
103 214 12
103 215 16
103 216 13
103 217 6
103 218 10
103 219 12
103 220 8
103 221 18
103 222 11
103 223 19
103 224 12
103 225 1
103 226 8
103 227 10
103 T 20
104 1 3
104 2 20
104 3 8
104 4 11
104 5 10
104 6 14
104 7 6
104 8 19
104 9 20
104 10 3
104 11 4
104 12 20
104 13 3
104 14 20
104 15 20
104 16 3
104 17 7
104 18 2
104 19 7
104 20 15
104 21 13
104 22 10
104 23 4
104 24 20
104 25 6
104 26 19
104 27 12
104 28 11
104 29 2
104 30 2
104 31 1
104 32 20
104 33 10
104 34 15
104 35 18
104 36 19
104 37 12
104 38 8
104 39 16
104 40 18
104 41 13
104 42 9
104 43 5
104 44 9
104 45 15
104 46 6
104 47 5
104 48 4
104 49 5
104 50 2
104 51 14
104 52 9
104 53 19
104 54 20
104 55 20
104 56 4
104 57 15
104 58 19
104 59 6
104 60 9
104 61 9
104 62 20
104 63 1
104 64 17
104 65 7
104 66 15
104 67 2
104 68 11
104 69 8
104 70 8
104 71 12
104 72 11
104 73 18
104 74 1
104 75 6
104 76 14
104 77 13
104 78 15
104 79 11
104 80 9
104 81 1
104 82 13
104 83 14
104 84 12
104 85 17
104 86 20
104 87 18
104 88 16
104 89 2
104 90 15
104 91 3
104 92 6
104 93 1
104 94 4
104 95 11
104 96 17
104 97 4
104 98 4
104 99 13
104 100 17
104 101 15
104 102 19
104 103 12
104 105 18
104 106 14
104 107 20
104 108 3
104 109 16
104 110 14
104 111 11
104 112 3
104 113 19
104 114 8
104 115 7
104 116 11
104 117 7
104 118 2
104 119 6
104 120 3
104 121 3
104 122 16
104 123 17
104 124 10
104 125 2
104 126 10
104 127 16
104 128 4
104 129 6
104 130 19
104 131 20
104 132 7
104 133 8
104 134 7
104 135 10
104 136 7
104 137 17
104 138 5
104 139 9
104 140 10
104 141 19
104 142 12
104 143 2
104 144 8
104 145 5
104 146 3
104 147 20
104 148 1
104 149 1
104 150 18
104 151 6
104 152 11
104 153 13
104 154 17
104 155 8
104 156 13
104 157 16
104 158 18
104 159 11
104 160 10
104 161 9
104 162 18
104 163 9
104 164 12
104 165 16
104 166 12
104 167 14
104 168 6
104 169 9
104 170 15
104 171 8
104 172 1
104 173 16
104 174 4
104 175 11
104 176 12
104 177 9
104 178 4
104 179 18
104 180 18
104 181 6
104 182 11
104 183 1
104 184 1
104 185 2
104 186 13
104 187 5
104 188 9
104 189 5
104 190 11
104 191 4
104 192 20
104 193 9
104 194 3
104 195 17
104 196 15
104 197 4
104 198 19
104 199 12
104 200 19
104 201 19
104 202 9
104 203 13
104 204 16
104 205 2
104 207 16
104 208 4
104 209 15
104 210 14
104 211 2
104 212 15
104 213 16
104 214 15
104 215 8
104 216 3
104 217 19
104 218 7
104 219 9
104 220 20
104 221 6
104 222 3
104 223 18
104 224 15
104 225 11
104 226 12
104 227 9
104 T 19
105 1 16
105 2 3
105 3 18
105 4 12
105 5 1
105 6 14
105 7 18
105 8 6
105 9 8
105 10 13
105 11 20
105 12 3
105 13 4
105 14 9
105 15 17
105 16 9
105 17 18
105 18 4
105 19 14
105 20 4
105 21 17
105 22 1
105 23 2
105 24 19
105 25 15
105 26 15
105 27 13
105 28 18
105 29 2
105 30 9
105 31 5
105 32 20
105 33 7
105 34 12
105 35 18
105 36 11
105 37 19
105 38 11
105 39 7
105 40 20
105 41 8
105 42 6
105 43 9
105 44 16
105 45 10
105 46 15
105 47 8
105 48 15
105 49 11
105 50 17
105 51 20
105 52 16
105 53 3
105 54 17
105 55 17
105 56 14
105 57 2
105 58 18
105 59 14
105 60 15
105 61 10
105 62 17
105 63 8
105 64 5
105 65 18
105 66 18
105 67 15
105 68 18
105 69 13
105 70 12
105 71 7
105 72 10
105 73 9
105 74 17
105 75 9
105 76 9
105 77 2
105 78 6
105 79 17
105 80 2
105 81 3
105 82 7
105 83 8
105 84 13
105 85 15
105 86 1
105 87 17
105 88 16
105 89 7
105 90 8
105 91 13
105 92 7
105 93 3
105 94 3
105 95 13
105 96 13
105 97 12
105 98 9
105 99 18
105 100 10
105 101 6
105 102 2
105 103 16
105 104 1
105 106 12
105 107 9
105 108 10
105 109 9
105 110 16
105 111 16
105 112 9
105 113 10
105 114 5
105 115 3
105 116 3
105 117 7
105 118 15
105 119 14
105 120 8
105 121 15
105 122 16
105 123 19
105 124 16
105 125 7
105 126 4
105 127 7
105 128 4
105 129 8
105 130 12
105 131 18
105 132 12
105 133 4
105 134 11
105 135 8
105 136 2
105 137 1
105 138 9
105 139 10
105 140 7
105 141 5
105 142 15
105 143 9
105 144 4
105 145 9
105 146 6
105 147 14
105 148 19
105 149 14
105 150 20
105 151 4
105 152 17
105 153 7
105 154 14
105 155 7
105 156 17
105 157 18
105 158 20
105 159 4
105 160 15
105 161 17
105 162 11
105 163 4
105 164 15
105 165 9
105 166 9
105 167 5
105 168 15
105 169 4
105 170 5
105 171 2
105 172 15
105 173 15
105 174 11
105 175 13
105 176 19
105 177 3
105 178 17
105 179 19
105 180 7
105 181 16
105 182 10
105 183 15
105 184 18
105 185 20
105 186 6
105 187 13
105 188 4
105 189 15
105 190 1
105 191 4
105 192 12
105 193 10
105 194 2
105 195 11
105 196 7
105 197 18
105 198 19
105 199 18
105 200 15
105 201 5
105 202 1
105 203 7
105 204 19
105 205 12
105 206 19
105 207 13
105 208 10
105 209 16
105 210 7
105 211 10
105 212 7
105 213 20
105 214 2
105 215 18
105 216 16
105 217 19
105 218 4
105 219 6
105 220 19
105 221 18
105 222 7
105 223 13
105 224 17
105 225 15
105 226 18
105 227 11
105 T 1
106 1 1
106 2 11
106 3 13
106 4 3
106 5 18
106 6 4
106 7 1
106 8 5
106 9 11
106 10 4
106 11 3
106 12 19
106 13 10
106 14 4
106 15 12
106 16 2
106 17 3
106 18 16
106 19 3
106 20 12
106 21 1
106 22 9
106 23 1
106 24 15
106 26 14
106 27 1
106 28 4
106 29 11
106 30 2
106 31 15
106 32 2
106 33 13
106 34 20
106 35 7
106 36 6
106 37 4
106 38 2
106 39 9
106 40 8
106 41 18
106 42 6
106 43 4
106 44 4
106 45 12
106 46 17
106 47 11
106 48 18
106 49 13
106 50 19
106 51 5
106 52 16
106 53 15
106 54 4
106 55 8
106 56 5
106 57 7
106 58 5
106 59 5
106 60 6
106 61 5
106 62 13
106 63 16
106 64 15
106 65 8
106 66 3
106 67 1
106 68 18
106 69 13
106 70 5
106 71 19
106 72 5
106 73 16
106 74 16
106 75 12
106 76 6
106 77 9
106 78 19
106 79 11
106 80 4
106 81 19
106 82 18
106 83 1
106 84 16
106 85 15
106 86 5
106 87 18
106 88 17
106 89 11
106 90 5
106 91 15
106 92 13
106 93 13
106 94 13
106 95 18
106 96 15
106 97 7
106 98 13
106 99 9
106 100 13
106 101 13
106 102 19
106 103 13
106 104 20
106 105 4
106 107 7
106 108 12
106 109 16
106 110 13
106 111 2
106 112 11
106 113 14
106 114 12
106 115 16
106 116 15
106 117 4
106 118 19
106 119 11
106 120 8
106 121 18
106 122 13
106 123 13
106 124 19
106 125 14
106 126 14
106 127 20
106 128 10
106 129 12
106 130 7
106 131 15
106 132 19
106 133 5
106 134 19
106 135 18
106 136 4
106 137 15
106 138 15
106 139 9
106 140 4
106 141 4
106 142 9
106 143 3
106 144 6
106 145 9
106 146 10
106 147 9
106 148 13
106 149 8
106 150 10
106 151 9
106 152 16
106 153 4
106 154 11
106 155 18
106 156 4
106 157 15
106 158 13
106 159 1
106 160 13
106 161 4
106 162 2
106 163 7
106 164 3
106 165 11
106 166 2
106 167 16
106 168 4
106 169 13
106 170 3
106 171 5
106 172 10
106 173 3
106 174 5
106 175 16
106 176 4
106 177 4
106 178 17
106 179 19
106 180 2
106 181 14
106 182 12
106 183 16
106 184 4
106 185 8
106 186 4
106 187 7
106 188 9
106 189 20
106 190 11
106 191 9
106 192 17
106 193 18
106 194 4
106 195 16
106 196 4
106 197 7
106 198 19
106 199 14
106 200 1
106 201 10
106 202 14
106 203 9
106 204 12
106 205 8
106 206 4
106 207 7
106 208 15
106 209 20
106 210 9
106 211 17
106 212 4
106 213 9
106 214 4
106 215 19
106 216 7
106 217 14
106 218 15
106 219 5
106 220 1
106 221 1
106 222 12
106 223 7
106 224 4
106 225 6
106 226 11
106 227 13
106 T 1
107 1 4
107 2 19
107 3 4
107 4 13
107 5 6
107 6 16
107 7 8
107 8 2
107 9 8
107 10 17
107 11 16
107 12 1
107 13 7
107 14 10
107 15 2
107 16 18
107 17 16
107 18 11
107 19 2
107 20 5
107 22 5
107 23 18
107 24 2
107 25 16
107 26 13
107 27 2
107 28 19
107 29 9
107 30 17
107 31 10
107 32 8
107 33 5
107 34 11
107 35 2
107 36 18
107 37 6
107 38 14
107 39 15
107 40 5
107 41 10
107 42 8
107 43 8
107 44 12
107 45 12
107 46 6
107 47 12
107 48 4
107 49 6
107 50 19
107 51 5
107 52 3
107 53 10
107 54 8
107 55 6
107 56 16
107 57 9
107 58 4
107 59 13
107 60 17
107 61 9
107 62 3
107 63 5
107 64 7
107 65 8
107 66 13
107 67 3
107 68 15
107 69 1
107 70 11
107 71 12
107 72 13
107 73 19
107 74 5
107 75 1
107 76 13
107 77 15
107 78 11
107 79 4
107 80 12
107 81 15
107 82 3
107 83 4
107 84 3
107 85 13
107 86 2
107 87 18
107 88 17
107 89 10
107 90 14
107 91 8
107 92 14
107 93 16
107 94 10
107 95 1
107 96 20
107 97 12
107 98 4
107 99 19
107 100 9
107 101 19
107 102 12
107 103 18
107 104 18
107 105 19
107 106 8
107 108 9
107 109 12
107 110 8
107 111 7
107 112 1
107 113 19
107 114 2
107 115 17
107 116 20
107 117 16
107 118 2
107 119 4
107 120 6
107 121 2
107 122 16
107 123 7
107 124 14
107 125 12
107 126 3
107 127 14
107 128 3
107 129 3
107 130 1
107 131 4
107 132 17
107 133 11
107 134 5
107 135 11
107 136 17
107 137 14
107 138 19
107 139 15
107 140 17
107 141 2
107 142 17
107 143 13
107 144 9
107 145 12
107 146 17
107 147 3
107 148 6
107 149 18
107 150 18
107 151 11
107 152 8
107 153 14
107 154 5
107 155 18
107 156 7
107 157 20
107 158 2
107 159 10
107 160 4
107 161 12
107 162 8
107 163 5
107 164 16
107 165 8
107 166 10
107 167 19
107 168 8
107 169 7
107 170 15
107 171 13
107 172 7
107 173 4
107 174 12
107 175 4
107 176 11
107 177 6
107 178 9
107 179 3
107 181 14
107 182 1
107 183 19
107 184 4
107 185 6
107 186 18
107 187 18
107 188 20
107 189 14
107 190 15
107 191 3
107 192 18
107 193 10
107 194 13
107 195 12
107 196 16
107 197 8
107 198 14
107 199 13
107 200 13
107 201 15
107 202 14
107 203 12
107 204 18
107 205 9
107 206 6
107 207 10
107 208 20
107 209 17
107 210 9
107 211 18
107 212 1
107 213 5
107 214 20
107 215 18
107 216 15
107 217 8
107 219 19
107 220 18
107 221 13
107 222 13
107 223 15
107 224 6
107 225 2
107 226 15
107 227 19
107 T 16
108 1 1
108 2 20
108 4 8
108 5 2
108 6 4
108 7 3
108 8 14
108 9 9
108 10 2
108 11 2
108 12 17
108 13 20
108 14 9
108 15 19
108 16 6
108 17 7
108 18 19
108 19 13
108 20 9
108 21 8
108 22 5
108 23 5
108 24 1
108 25 6
108 26 18
108 27 12
108 28 7
108 29 4
108 30 3
108 31 12
108 32 2
108 33 3
108 34 18
108 35 7
108 36 8
108 37 6
108 38 19
108 39 20
108 40 19
108 41 20
108 42 20
108 43 11
108 44 10
108 45 3
108 46 6
108 47 17
108 48 9
108 49 19
108 50 11
108 51 8
108 52 4
108 53 3
108 55 15
108 56 4
108 57 12
108 58 6
108 59 10
108 60 15
108 61 7
108 62 20
108 63 17
108 64 9
108 65 2
108 66 14
108 67 8
108 68 9
108 69 12
108 70 4
108 71 19
108 72 11
108 73 6
108 74 13
108 75 14
108 76 2
108 77 4
108 78 17
108 79 7
108 80 20
108 81 12
108 82 15
108 83 1
108 84 16
108 85 16
108 86 3
108 87 5
108 88 14
108 89 13
108 90 3
108 91 4
108 92 10
108 93 13
108 94 11
108 95 1
108 96 6
108 97 10
108 98 13
108 99 8
108 100 2
108 101 20
108 102 4
108 103 8
108 104 6
108 105 3
108 106 6
108 107 5
108 109 2
108 110 3
108 111 6
108 112 6
108 113 3
108 114 3
108 115 11
108 116 1
108 117 5
108 118 12
108 119 17
108 120 8
108 121 9
108 122 6
108 123 4
108 124 10
108 125 7
108 126 12
108 127 5
108 128 10
108 129 4
108 130 3
108 131 18
108 132 4
108 133 11
108 134 11
108 135 16
108 136 1
108 137 10
108 138 20
108 139 1
108 140 14
108 141 20
108 142 16
108 143 16
108 144 18
108 145 11
108 146 4
108 147 9
108 148 1
108 149 20
108 150 12
108 151 5
108 152 14
108 153 9
108 154 19
108 155 5
108 156 13
108 157 1
108 159 1
108 160 9
108 161 16
108 162 2
108 163 17
108 164 9
108 165 19
108 166 12
108 167 8
108 168 17
108 169 7
108 170 5
108 171 19
108 172 13
108 173 4
108 174 12
108 175 2
108 176 17
108 177 8
108 178 10
108 179 11
108 180 8
108 181 8
108 182 1
108 183 17
108 184 11
108 185 18
108 186 7
108 187 10
108 188 20
108 189 14
108 190 7
108 191 15
108 192 19
108 193 15
108 194 12
108 195 5
108 196 2
108 197 5
108 198 15
108 199 7
108 200 3
108 201 17
108 202 6
108 203 20
108 204 16
108 205 9
108 206 10
108 207 13
108 208 3
108 209 1
108 210 14
108 211 18
108 212 3
108 213 2
108 214 6
108 215 9
108 216 15
108 217 9
108 218 14
108 219 5
108 220 14
108 221 7
108 222 13
108 223 11
108 224 18
108 225 5
108 226 19
108 227 6
108 T 18
109 1 8
109 2 17
109 3 8
109 4 10
109 5 20
109 6 16
109 7 11
109 8 19
109 9 19
109 10 18
109 11 10
109 12 10
109 13 15
109 14 17
109 15 19
109 16 8
109 17 16
109 18 16
109 19 13
109 20 10
109 21 20
109 22 5
109 23 17
109 24 11
109 25 15
109 26 4
109 27 19
109 28 3
109 29 11
109 30 5
109 31 14
109 32 11
109 33 13
109 34 15
109 35 5
109 36 5
109 37 9
109 38 10
109 39 1
109 40 8
109 41 15
109 42 18
109 43 11
109 44 20
109 45 3
109 46 8
109 47 5
109 48 5
109 49 12
109 50 9
109 51 10
109 52 5
109 53 15
109 54 4
109 55 16
109 56 8
109 57 17
109 58 5
109 59 12
109 61 4
109 62 10
109 63 14
109 64 20
109 65 14
109 66 9
109 67 6
109 68 13
109 69 2
109 70 9
109 71 13
109 72 4
109 73 10
109 74 11
109 75 4
109 76 8
109 77 17
109 78 5
109 80 10
109 81 5
109 82 11
109 83 10
109 84 12
109 85 4
109 86 16
109 87 5
109 88 9
109 89 16
109 90 18
109 91 13
109 92 4
109 93 20
109 94 12
109 95 12
109 96 17
109 97 5
109 98 11
109 99 11
109 100 16
109 101 17
109 102 3
109 103 18
109 104 3
109 105 6
109 106 14
109 107 8
109 108 13
109 110 12
109 111 20
109 112 3
109 113 5
109 114 8
109 115 16
109 116 11
109 117 12
109 118 5
109 119 13
109 120 8
109 121 8
109 123 2
109 124 18
109 125 15
109 126 4
109 127 2
109 128 2
109 129 12
109 130 8
109 131 11
109 132 6
109 133 7
109 134 20
109 135 15
109 136 2
109 137 8
109 138 18
109 139 10
109 140 16
109 141 3
109 142 18
109 143 11
109 144 16
109 145 14
109 146 12
109 147 2
109 148 12
109 149 20
109 150 11
109 151 9
109 152 2
109 153 13
109 154 12
109 155 16
109 156 9
109 157 12
109 158 18
109 159 7
109 160 7
109 161 8
109 162 11
109 163 5
109 164 5
109 165 5
109 166 4
109 167 6
109 168 18
109 169 14
109 170 12
109 171 7
109 172 14
109 173 17
109 174 17
109 175 9
109 176 20
109 177 2
109 178 13
109 179 5
109 180 17
109 181 20
109 182 3
109 183 12
109 184 11
109 185 20
109 186 6
109 187 16
109 188 8
109 189 14
109 190 13
109 191 10
109 192 11
109 193 2
109 194 19
109 195 5
109 196 15
109 197 1
109 198 5
109 199 9
109 200 12
109 201 20
109 202 18
109 203 20
109 204 4
109 205 12
109 206 8
109 207 14
109 208 11
109 209 4
109 210 11
109 211 10
109 212 13
109 213 6
109 214 12
109 215 15
109 216 20
109 217 10
109 218 19
109 219 13
109 220 17
109 221 13
109 222 13
109 223 17
109 224 14
109 225 13
109 226 5
109 227 20
109 T 4
110 1 17
110 2 2
110 3 16
110 4 15
110 5 19
110 6 6
110 7 13
110 8 19
110 9 6
110 10 2
110 11 1
110 12 3
110 14 19
110 15 11
110 16 19
110 17 10
110 18 6
110 19 10
110 20 18
110 21 10
110 22 4
110 23 16
110 24 4
110 25 1
110 26 20
110 27 2
110 28 14
110 29 16
110 30 11
110 31 12
110 32 1
110 33 3
110 34 6
110 35 7
110 36 11
110 37 9
110 38 5
110 39 4
110 40 2
110 41 8
110 42 10
110 43 10
110 44 4
110 45 19
110 46 11
110 47 3
110 48 7
110 49 13
110 50 9
110 51 19
110 52 12
110 53 19
110 54 16
110 55 13
110 56 14
110 57 1
110 58 7
110 59 10
110 60 17
110 61 19
110 62 8
110 63 2
110 64 13
110 65 11
110 66 14
110 67 19
110 68 3
110 69 9
110 70 5
110 71 10
110 72 9
110 73 1
110 74 17
110 75 18
110 76 6
110 77 3
110 78 7
110 79 7
110 80 5
110 81 16
110 82 7
110 83 12
110 84 3
110 85 9
110 86 6
110 87 11
110 88 8
110 89 19
110 90 9
110 91 16
110 92 11
110 93 16
110 94 5
110 95 5
110 96 5
110 97 6
110 98 11
110 99 3
110 100 17
110 101 13
110 102 17
110 103 20
110 104 15
110 105 17
110 106 15
110 107 15
110 108 18
110 109 17
110 111 8
110 112 20
110 113 11
110 114 3
110 115 9
110 116 5
110 117 9
110 118 3
110 119 13
110 120 10
110 121 8
110 122 3
110 123 1
110 124 18
110 125 15
110 126 12
110 127 10
110 128 8
110 129 14
110 130 4
110 131 20
110 132 4
110 134 2
110 135 4
110 136 14
110 137 4
110 138 12
110 139 14
110 140 2
110 141 7
110 142 9
110 143 3
110 144 5
110 145 11
110 146 12
110 147 13
110 148 18
110 149 7
110 150 19
110 151 18
110 153 14
110 154 9
110 155 1
110 156 12
110 157 2
110 158 18
110 159 10
110 160 20
110 161 15
110 162 9
110 163 8
110 164 16
110 165 8
110 166 8
110 167 19
110 168 11
110 169 13
110 170 8
110 171 5
110 172 16
110 173 12
110 174 15
110 175 15
110 176 19
110 177 8
110 178 10
110 179 11
110 180 3
110 181 16
110 182 10
110 183 6
110 184 15
110 185 13
110 186 1
110 187 19
110 188 19
110 189 18
110 190 2
110 191 15
110 192 5
110 193 2
110 194 20
110 195 16
110 196 4
110 197 15
110 198 5
110 199 18
110 200 4
110 201 18
110 202 13
110 203 16
110 204 15
110 205 5
110 206 8
110 207 7
110 208 10
110 209 4
110 210 3
110 211 11
110 212 11
110 213 7
110 214 8
110 215 10
110 216 20
110 217 11
110 218 4
110 219 19
110 220 8
110 221 6
110 222 13
110 223 5
110 224 19
110 225 1
110 226 15
110 227 7
110 T 19
111 1 3
111 2 13
111 3 1
111 4 8
111 5 15
111 6 5
111 7 3
111 8 14
111 9 4
111 10 7
111 11 15
111 12 15
111 13 15
111 14 10
111 15 2
111 16 3
111 17 2
111 18 4
111 19 17
111 20 20
111 21 17
111 22 1
111 23 11
111 24 10
111 25 2
111 26 18
111 27 1
111 28 19
111 29 20
111 30 3
111 31 2
111 32 9
111 33 3
111 34 12
111 35 9
111 36 16
111 37 1
111 38 20
111 39 6
111 40 5
111 41 3
111 42 18
111 43 9
111 44 14
111 45 8
111 46 6
111 47 3
111 48 11
111 49 14
111 50 20
111 51 8
111 52 16
111 53 17
111 54 8
111 55 14
111 56 7
111 58 6
111 59 4
111 60 16
111 61 16
111 62 10
111 63 10
111 64 8
111 65 10
111 66 1
111 67 13
111 68 5
111 69 11
111 70 20
111 71 10
111 72 20
111 73 10
111 74 12
111 75 10
111 76 18
111 77 11
111 78 1
111 79 20
111 80 2
111 81 5
111 82 13
111 83 11
111 84 12
111 85 19
111 86 6
111 87 4
111 88 4
111 89 9
111 90 16
111 91 12
111 92 19
111 93 17
111 94 1
111 95 6
111 96 4
111 97 6
111 98 6
111 99 13
111 100 13
111 101 5
111 102 14
111 103 8
111 104 11
111 105 20
111 106 3
111 107 5
111 108 16
111 109 12
111 110 17
111 112 20
111 113 8
111 114 15
111 115 3
111 116 8
111 117 14
111 118 13
111 119 4
111 120 10
111 121 20
111 122 10
111 123 7
111 124 19
111 125 1
111 126 9
111 127 1
111 128 14
111 129 19
111 130 12
111 131 10
111 132 18
111 133 1
111 134 6
111 135 16
111 136 15
111 137 9
111 138 1
111 139 17
111 140 16
111 141 5
111 142 5
111 143 13
111 144 2
111 145 7
111 146 18
111 147 3
111 148 5
111 149 18
111 150 4
111 151 5
111 152 12
111 153 1
111 154 8
111 155 11
111 156 8
111 157 17
111 158 8
111 159 16
111 160 4
111 161 17
111 162 9
111 163 6
111 164 11
111 165 18
111 166 2
111 167 15
111 168 8
111 169 6
111 170 4
111 171 9
111 172 20
111 173 11
111 174 13
111 175 15
111 176 8
111 177 4
111 178 13
111 179 8
111 180 16
111 181 18
111 182 14
111 183 15
111 184 1
111 185 3
111 186 13
111 187 13
111 188 14
111 189 17
111 190 17
111 191 5
111 192 19
111 193 6
111 194 14
111 195 12
111 196 17
111 197 14
111 198 6
111 199 18
111 200 18
111 201 10
111 202 2
111 203 11
111 204 16
111 205 4
111 206 12
111 207 4
111 208 6
111 209 1
111 210 15
111 211 19
111 212 15
111 213 18
111 214 14
111 215 6
111 216 12
111 217 17
111 218 1
111 219 8
111 220 20
111 221 14
111 222 7
111 223 20
111 224 4
111 225 20
111 226 8
111 227 19
111 T 11
112 1 8
112 2 18
112 3 7
112 4 4
112 5 14
112 6 17
112 7 14
112 8 8
112 9 5
112 10 11
112 11 10
112 12 20
112 13 15
112 14 12
112 15 20
112 16 14
112 17 14
112 18 7
112 19 4
112 20 18
112 21 13
112 22 10
112 23 12
112 24 18
112 25 16
112 26 1
112 27 2
112 28 13
112 29 15
112 30 4
112 31 6
112 32 13
112 33 11
112 34 2
112 35 19
112 36 4
112 37 13
112 38 18
112 39 16
112 40 15
112 41 10
112 42 14
112 43 20
112 44 5
112 45 13
112 46 15
112 47 6
112 48 2
112 49 9
112 51 7
112 52 8
112 53 7
112 54 15
112 55 15
112 56 15
112 57 6
112 58 5
112 59 6
112 60 3
112 61 15
112 62 1
112 63 12
112 64 3
112 65 6
112 66 14
112 67 12
112 68 18
112 69 20
112 70 16
112 71 6
112 72 2
112 73 18
112 74 19
112 75 1
112 76 4
112 77 2
112 78 6
112 79 6
112 80 12
112 81 1
112 82 14
112 83 8
112 84 15
112 85 20
112 86 6
112 87 5
112 88 20
112 89 4
112 90 19
112 91 20
112 92 20
112 93 19
112 94 4
112 95 19
112 96 10
112 97 2
112 98 11
112 99 5
112 100 15
112 101 14
112 102 18
112 103 8
112 104 1
112 105 9
112 106 6
112 107 6
112 108 17
112 109 20
112 110 20
112 111 3
112 114 19
112 115 15
112 116 20
112 117 8
112 118 16
112 119 8
112 120 16
112 121 9
112 122 2
112 123 3
112 124 14
112 125 11
112 126 3
112 127 9
112 128 9
112 129 2
112 130 4
112 131 3
112 132 1
112 133 14
112 134 2
112 135 14
112 136 11
112 137 3
112 138 19
112 139 6
112 140 15
112 141 18
112 142 5
112 143 10
112 144 19
112 145 4
112 146 4
112 147 18
112 148 18
112 149 6
112 150 3
112 152 15
112 153 17
112 154 2
112 155 7
112 156 20
112 157 5
112 158 18
112 159 16
112 160 13
112 161 3
112 162 10
112 163 3
112 164 9
112 165 10
112 166 19
112 167 18
112 168 13
112 169 1
112 170 7
112 171 6
112 172 18
112 173 5
112 174 1
112 175 16
112 176 3
112 177 1
112 178 6
112 179 6
112 180 16
112 181 1
112 182 7
112 183 4
112 184 1
112 185 4
112 186 11
112 187 8
112 188 1
112 189 10
112 190 1
112 191 9
112 192 16
112 193 20
112 194 2
112 195 7
112 196 18
112 197 4
112 198 13
112 199 19
112 200 7
112 201 17
112 202 10
112 203 2
112 204 3
112 205 3
112 206 1
112 207 7
112 208 8
112 209 3
112 210 5
112 211 18
112 212 9
112 213 17
112 214 16
112 215 17
112 216 6
112 217 18
112 218 14
112 219 4
112 220 6
112 221 19
112 222 6
112 223 4
112 224 5
112 225 12
112 226 8
112 227 12
112 T 5
113 1 6
113 2 17
113 3 3
113 4 15
113 5 3
113 6 20
113 7 17
113 8 16
113 9 10
113 10 16
113 11 19
113 12 6
113 13 1
113 14 15
113 15 18
113 16 16
113 17 20
113 18 4
113 19 16
113 20 3
113 21 19
113 22 20
113 23 5
113 24 9
113 25 20
113 26 2
113 27 3
113 28 9
113 29 17
113 30 15
113 31 2
113 32 18
113 33 17
113 34 1
113 35 18
113 36 10
113 37 7
113 38 10
113 39 2
113 40 5
113 41 11
113 42 18
113 43 19
113 44 8
113 45 6
113 46 2
113 47 15
113 48 15
113 49 1
113 50 2
113 51 7
113 52 5
113 53 8
113 54 9
113 55 17
113 56 3
113 57 15
113 58 7
113 59 10
113 60 13
113 61 10
113 62 20
113 63 2
113 64 9
113 65 5
113 66 19
113 67 13
113 68 7
113 69 10
113 70 15
113 71 17
113 72 20
113 73 4
113 74 2
113 75 11
113 76 10
113 77 17
113 78 4
113 79 17
113 80 1
113 81 8
113 82 2
113 83 11
113 84 20
113 85 19
113 86 10
113 87 19
113 88 9
113 89 13
113 90 5
113 91 1
113 92 17
113 93 19
113 95 2
113 96 8
113 97 17
113 98 2
113 99 16
113 100 7
113 101 14
113 102 19
113 103 15
113 104 12
113 105 7
113 106 20
113 107 9
113 108 5
113 109 9
113 110 8
113 111 19
113 112 18
113 114 3
113 115 4
113 116 7
113 117 19
113 118 16
113 119 3
113 120 7
113 121 20
113 122 17
113 123 8
113 124 6
113 125 11
113 126 6
113 127 20
113 128 16
113 129 4
113 130 13
113 131 18
113 132 8
113 133 6
113 134 12
113 135 2
113 136 10
113 137 17
113 138 4
113 139 14
113 140 19
113 141 17
113 142 18
113 143 10
113 144 3
113 145 16
113 146 1
113 147 18
113 148 4
113 149 2
113 150 15
113 151 20
113 152 13
113 153 14
113 154 19
113 155 13
113 156 11
113 157 11
113 158 17
113 159 10
113 160 4
113 161 1
113 162 8
113 163 13
113 164 20
113 165 12
113 166 12
113 167 1
113 168 20
113 169 14
113 170 17
113 171 17
113 172 18
113 173 20
113 174 10
113 175 6
113 176 9
113 177 8
113 178 20
113 179 10
113 180 16
113 181 6
113 182 3
113 183 15
113 184 12
113 185 16
113 186 20
113 187 1
113 188 8
113 189 2
113 190 20
113 191 2
113 192 1
113 193 7
113 194 6
113 195 1
113 196 20
113 197 3
113 198 1
113 199 5
113 200 3
113 201 8
113 202 6
113 203 14
113 204 3
113 205 8
113 206 3
113 207 8
113 208 12
113 209 18
113 210 3
113 211 9
113 212 12
113 213 3
113 214 20
113 215 16
113 216 10
113 217 12
113 218 10
113 219 20
113 220 10
113 221 15
113 222 2
113 223 8
113 224 16
113 225 3
113 226 18
113 227 9
113 T 9
114 1 16
114 2 10
114 3 18
114 4 8
114 5 13
114 6 12
114 7 5
114 8 7
114 9 10
114 10 14
114 11 18
114 12 6
114 13 7
114 14 5
114 15 13
114 16 20
114 17 18
114 18 8
114 19 19
114 20 8
114 21 2
114 22 18
114 23 19
114 24 8
114 25 19
114 26 14
114 27 8
114 28 4
114 29 1
114 30 2
114 31 20
114 32 15
114 33 1
114 34 2
114 35 11
114 36 16
114 37 14
114 38 2
114 39 17
114 40 5
114 41 4
114 42 3
114 43 15
114 44 20
114 45 5
114 46 1
114 47 9
114 48 6
114 49 17
114 50 13
114 51 7
114 52 12
114 53 5
114 54 1
114 55 17
114 56 9
114 57 4
114 58 18
114 59 18
114 60 16
114 61 11
114 62 18
114 63 19
114 64 15
114 65 10
114 66 7
114 67 4
114 68 4
114 69 15
114 70 11
114 71 3
114 72 11
114 73 8
114 74 2
114 75 9
114 76 16
114 77 16
114 78 4
114 79 3
114 80 7
114 81 20
114 82 5
114 83 6
114 84 9
114 85 2
114 86 19
114 87 18
114 88 16
114 89 7
114 90 16
114 91 1
114 92 6
114 93 6
114 94 18
114 95 6
114 96 5
114 97 1
114 98 7
114 99 18
114 100 2
114 101 10
114 102 12
114 103 16
114 104 20
114 105 13
114 106 18
114 107 13
114 108 16
114 109 1
114 110 2
114 111 6
114 112 13
114 113 1
114 115 1
114 116 3
114 117 20
114 118 12
114 119 18
114 120 6
114 121 14
114 122 14
114 123 9
114 124 10
114 125 7
114 126 3
114 127 11
114 128 3
114 129 11
114 130 16
114 131 16
114 132 5
114 133 11
114 134 15
114 135 11
114 136 7
114 137 17
114 138 17
114 139 20
114 140 18
114 141 12
114 142 1
114 143 9
114 144 16
114 145 4
114 146 11
114 147 17
114 148 6
114 149 9
114 150 20
114 151 18
114 152 16
114 153 20
114 154 13
114 155 13
114 156 6
114 157 9
114 158 3
114 159 15
114 160 5
114 161 19
114 162 12
114 163 16
114 164 1
114 165 13
114 166 19
114 167 16
114 168 16
114 169 19
114 170 7
114 171 12
114 172 9
114 173 11
114 174 11
114 175 10
114 176 17
114 177 6
114 178 20
114 179 18
114 180 7
114 181 20
114 182 13
114 183 18
114 184 17
114 185 15
114 186 19
114 187 4
114 188 6
114 189 8
114 190 2
114 191 19
114 192 15
114 193 16
114 194 18
114 195 13
114 196 1
114 197 12
114 198 17
114 199 17
114 200 17
114 201 9
114 203 9
114 204 1
114 205 10
114 206 13
114 207 20
114 208 17
114 209 6
114 210 4
114 211 6
114 212 5
114 213 11
114 214 17
114 215 16
114 216 7
114 217 1
114 218 14
114 219 6
114 220 14
114 221 17
114 222 1
114 223 4
114 224 14
114 225 7
114 226 19
114 227 13
114 T 5
115 1 20
115 2 15
115 3 9
115 4 20
115 5 11
115 6 7
115 7 3
115 8 7
115 9 3
115 10 2
115 11 9
115 12 11
115 13 1
115 14 10
115 15 17
115 16 2
115 17 18
115 18 9
115 19 11
115 20 17
115 21 12
115 22 10
115 23 12
115 24 20
115 25 3
115 26 6
115 27 7
115 28 2
115 29 16
115 30 17
115 31 9
115 32 5
115 33 1
115 34 5
115 35 3
115 36 20
115 37 1
115 38 6
115 39 6
115 40 12
115 41 13
115 42 20
115 43 10
115 44 3
115 45 5
115 46 2
115 47 11
115 48 18
115 49 7
115 50 20
115 51 13
115 52 13
115 53 17
115 54 5
115 55 12
115 56 16
115 57 18
115 58 16
115 59 1
115 61 3
115 62 10
115 63 5
115 64 18
115 65 11
115 66 1
115 67 9
115 68 5
115 69 10
115 70 2
115 71 19
115 72 15
115 73 3
115 74 8
115 75 13
115 76 20
115 77 17
115 78 5
115 79 9
115 80 1
115 81 5
115 82 10
115 83 20
115 84 13
115 85 13
115 86 6
115 87 9
115 88 15
115 90 13
115 91 19
115 92 8
115 93 12
115 94 11
115 95 1
115 96 2
115 97 16
115 98 13
115 99 8
115 100 2
115 101 2
115 102 17
115 103 1
115 104 3
115 105 15
115 106 3
115 107 5
115 108 19
115 109 10
115 110 10
115 111 17
115 112 17
115 113 5
115 114 4
115 117 17
115 118 7
115 119 14
115 120 10
115 121 20
115 123 6
115 124 18
115 125 20
115 126 18
115 127 10
115 128 9
115 129 2
115 130 19
115 131 2
115 132 4
115 133 10
115 134 8
115 135 7
115 136 5
115 137 14
115 138 2
115 140 13
115 141 1
115 142 17
115 143 17
115 144 9
115 145 16
115 146 6
115 147 1
115 148 1
115 149 16
115 150 10
115 151 18
115 152 6
115 153 18
115 154 1
115 155 5
115 156 20
115 157 18
115 158 13
115 159 13
115 160 3
115 161 1
115 162 12
115 163 18
115 164 7
115 165 18
115 166 10
115 167 17
115 168 11
115 169 10
115 170 12
115 171 9
115 172 7
115 173 6
115 174 5
115 175 19
115 176 17
115 177 14
115 178 7
115 179 19
115 180 20
115 181 14
115 182 20
115 183 19
115 184 13
115 185 18
115 186 15
115 187 11
115 188 16
115 189 15
115 190 10
115 191 4
115 192 9
115 193 9
115 194 14
115 195 7
115 196 6
115 197 1
115 198 5
115 199 17
115 200 6
115 201 2
115 202 11
115 203 19
115 204 4
115 205 17
115 206 5
115 207 9
115 208 4
115 209 7
115 210 14
115 211 15
115 212 14
115 213 14
115 214 5
115 215 15
115 216 3
115 217 17
115 218 1
115 219 5
115 220 7
115 221 19
115 222 5
115 223 4
115 224 3
115 225 8
115 226 7
115 227 4
115 T 7
116 1 13
116 2 3
116 3 17
116 4 16
116 5 7
116 6 4
116 7 20
116 8 5
116 9 19
116 10 1
116 11 5
116 12 20
116 13 12
116 14 3
116 15 9
116 16 2
116 17 7
116 18 3
116 19 17
116 20 8
116 21 4
116 22 13
116 23 10
116 24 17
116 25 6
116 26 12
116 27 12
116 28 7
116 29 6
116 30 17
116 31 4
116 32 1
116 33 4
116 34 11
116 35 15
116 36 2
116 37 2
116 38 17
116 39 7
116 40 4
116 41 1
116 42 13
116 43 2
116 44 15
116 45 12
116 46 6
116 47 15
116 48 7
116 49 11
116 50 5
116 51 11
116 52 18
116 53 11
116 54 10
116 55 9
116 56 4
116 57 16
116 58 9
116 59 8
116 60 17
116 61 11
116 62 4
116 63 15
116 64 1
116 65 8
116 66 6
116 67 16
116 68 1
116 69 1
116 70 1
116 71 1
116 72 1
116 73 9
116 74 13
116 75 15
116 76 9
116 77 5
116 78 18
116 79 4
116 80 19
116 81 6
116 82 20
116 83 18
116 84 7
116 85 6
116 86 4
116 87 16
116 88 5
116 89 5
116 90 2
116 91 5
116 92 2
116 93 8
116 94 10
116 95 7
116 96 1
116 97 12
116 98 12
116 99 7
116 100 2
116 101 19
116 102 14
116 103 11
116 104 18
116 105 15
116 106 4
116 107 7
116 108 14
116 109 4
116 110 6
116 111 4
116 112 20
116 113 18
116 114 18
116 115 19
116 117 16
116 118 18
116 119 7
116 120 2
116 121 13
116 122 19
116 123 8
116 124 2
116 125 2
116 126 19
116 127 12
116 128 11
116 129 15
116 130 13
116 131 15
116 132 2
116 133 18
116 134 17
116 135 1
116 136 16
116 137 6
116 138 18
116 139 15
116 140 20
116 141 12
116 142 12
116 143 5
116 144 14
116 145 13
116 146 17
116 147 2
116 148 19
116 149 5
116 150 1
116 151 7
116 152 2
116 153 8
116 154 17
116 155 13
116 156 16
116 157 3
116 158 16
116 159 19
116 160 13
116 161 10
116 162 6
116 163 10
116 164 15
116 165 3
116 166 20
116 167 5
116 168 12
116 169 3
116 170 19
116 171 8
116 172 6
116 173 7
116 174 2
116 175 3
116 176 10
116 177 3
116 178 12
116 179 8
116 180 5
116 181 3
116 182 14
116 183 5
116 184 6
116 185 19
116 186 2
116 187 14
116 188 10
116 189 10
116 190 12
116 191 7
116 192 17
116 193 8
116 194 9
116 195 20
116 196 18
116 197 3
116 198 14
116 199 8
116 200 9
116 201 1
116 202 18
116 203 7
116 204 7
116 205 11
116 206 18
116 207 2
116 208 18
116 209 19
116 210 8
116 211 2
116 212 20
116 213 5
116 214 18
116 215 10
116 216 12
116 217 14
116 218 3
116 219 3
116 220 11
116 221 10
116 222 4
116 223 7
116 224 14
116 225 16
116 226 3
116 227 14
116 T 1
117 1 5
117 2 16
117 3 17
117 4 15
117 5 6
117 6 19
117 7 20
117 8 14
117 9 17
117 10 6
117 11 11
117 12 12
117 13 11
117 14 6
117 15 4
117 16 13
117 17 14
117 18 15
117 19 4
117 20 9
117 21 18
117 22 19
117 23 1
117 24 17
117 25 14
117 26 9
117 27 15
117 28 1
117 29 19
117 30 8
117 31 1
117 32 17
117 33 9
117 34 16
117 35 17
117 36 17
117 37 14
117 38 5
117 39 11
117 40 14
117 41 10
117 42 14
117 43 3
117 44 15
117 45 2
117 46 20
117 47 16
117 48 20
117 49 20
117 50 18
117 51 2
117 52 14
117 53 4
117 54 1
117 55 10
117 56 20
117 57 8
117 58 18
117 59 19
117 60 12
117 61 9
117 62 3
117 63 16
117 64 13
117 65 15
117 66 1
117 67 12
117 68 18
117 69 17
117 70 1
117 71 20
117 72 4
117 73 16
117 74 17
117 75 13
117 76 11
117 77 2
117 78 15
117 79 7
117 80 9
117 81 19
117 82 4
117 83 20
117 84 4
117 85 7
117 86 19
117 87 1
117 88 19
117 89 12
117 90 13
117 91 8
117 92 20
117 93 15
117 94 16
117 95 14
117 96 15
117 97 4
117 98 3
117 99 20
117 100 3
117 101 4
117 102 5
117 103 1
117 104 13
117 105 15
117 106 16
117 107 13
117 108 8
117 109 15
117 110 4
117 111 8
117 112 6
117 113 9
117 114 18
117 115 19
117 116 20
117 118 1
117 120 3
117 121 2
117 122 5
117 123 12
117 124 12
117 125 3
117 126 4
117 127 10
117 128 1
117 129 12
117 130 7
117 131 2
117 132 9
117 133 8
117 134 4
117 135 3
117 136 11
117 137 12
117 138 9
117 139 7
117 140 13
117 141 16
117 142 3
117 143 10
117 144 6
117 145 5
117 146 16
117 147 1
117 148 7
117 149 12
117 150 19
117 151 6
117 152 16
117 153 7
117 154 5
117 155 10
117 156 19
117 157 14
117 158 1
117 159 9
117 160 11
117 161 10
117 162 5
117 163 18
117 164 12
117 165 12
117 166 13
117 167 14
117 168 20
117 169 20
117 170 7
117 171 2
117 172 19
117 173 20
117 174 20
117 175 9
117 176 5
117 177 3
117 178 9
117 179 7
117 180 8
117 181 19
117 182 15
117 183 7
117 184 15
117 185 20
117 186 1
117 187 1
117 188 11
117 189 13
117 190 4
117 191 1
117 192 14
117 193 8
117 194 9
117 195 3
117 196 3
117 197 5
117 198 5
117 199 11
117 200 14
117 201 9
117 202 14
117 203 3
117 204 11
117 205 5
117 206 13
117 207 7
117 208 10
117 209 9
117 210 4
117 212 8
117 213 19
117 214 1
117 215 16
117 216 15
117 217 6
117 218 19
117 219 20
117 220 11
117 221 11
117 222 15
117 223 19
117 224 20
117 225 1
117 226 14
117 227 17
117 T 19
118 1 15
118 2 15
118 3 17
118 4 6
118 5 10
118 6 4
118 7 1
118 8 11
118 9 7
118 10 2
118 11 19
118 12 4
118 13 13
118 14 19
118 15 12
118 17 4
118 18 3
118 19 10
118 20 14
118 21 1
118 22 9
118 23 11
118 24 15
118 25 3
118 26 9
118 27 2
118 28 20
118 29 10
118 30 3
118 31 10
118 32 17
118 33 12
118 34 17
118 35 11
118 36 16
118 37 3
118 38 8
118 39 8
118 40 10
118 41 13
118 42 17
118 43 13
118 45 2
118 46 15
118 47 9
118 48 18
118 49 14
118 50 1
118 51 1
118 52 9
118 54 9
118 55 15
118 56 4
118 57 12
118 58 8
118 59 11
118 60 4
118 61 16
118 62 15
118 63 17
118 64 2
118 65 4
118 66 10
118 67 9
118 68 12
118 69 18
118 70 4
118 71 9
118 72 10
118 73 9
118 74 18
118 75 5
118 76 11
118 77 5
118 78 2
118 79 3
118 80 11
118 81 18
118 82 11
118 83 12
118 84 10
118 85 15
118 86 6
118 87 15
118 88 7
118 89 2
118 90 11
118 91 16
118 92 8
118 93 18
118 94 7
118 95 7
118 96 8
118 97 12
118 98 5
118 99 20
118 100 9
118 101 16
118 102 14
118 103 5
118 104 11
118 105 4
118 106 3
118 107 18
118 108 8
118 109 18
118 110 16
118 111 9
118 112 1
118 113 11
118 114 17
118 115 13
118 116 20
118 117 15
118 119 19
118 120 4
118 121 16
118 122 14
118 123 16
118 124 4
118 125 9
118 126 2
118 127 1
118 128 11
118 129 20
118 130 9
118 131 4
118 132 12
118 133 6
118 134 2
118 135 14
118 136 11
118 137 10
118 138 14
118 139 18
118 140 19
118 141 16
118 142 9
118 143 3
118 144 3
118 145 19
118 146 10
118 147 1
118 148 13
118 149 8
118 150 1
118 151 2
118 152 18
118 153 10
118 154 13
118 155 5
118 156 9
118 157 5
118 158 20
118 159 19
118 160 14
118 161 10
118 162 11
118 163 3
118 164 16
118 165 17
118 166 18
118 167 13
118 168 14
118 169 7
118 170 15
118 171 10
118 172 15
118 173 12
118 174 8
118 175 3
118 176 4
118 177 16
118 178 19
118 179 19
118 180 17
118 181 2
118 182 16
118 183 1
118 184 4
118 185 20
118 186 9
118 187 16
118 188 10
118 189 2
118 190 16
118 191 2
118 192 6
118 193 19
118 194 12
118 195 6
118 196 4
118 197 6
118 198 13
118 199 17
118 200 4
118 201 18
118 202 9
118 203 14
118 204 9
118 205 1
118 206 10
118 207 17
118 208 15
118 209 1
118 210 3
118 211 9
118 212 3
118 213 12
118 214 11
118 215 7
118 216 20
118 217 11
118 218 13
118 219 15
118 220 7
118 221 9
118 222 13
118 223 15
118 224 10
118 225 11
118 226 18
118 227 17
118 T 6
119 1 7
119 2 13
119 3 18
119 4 1
119 5 18
119 6 6
119 7 13
119 9 4
119 11 12
119 12 3
119 13 11
119 14 12
119 15 14
119 16 12
119 17 4
119 18 10
119 19 20
119 20 12
119 21 2
119 22 17
119 23 11
119 24 18
119 25 5
119 26 14
119 27 10
119 28 10
119 29 12
119 30 12
119 31 5
119 32 19
119 33 18
119 34 18
119 35 17
119 36 5
119 37 5
119 38 7
119 39 17
119 40 8
119 42 10
119 43 2
119 44 18
119 45 20
119 46 14
119 47 1
119 48 17
119 49 17
119 50 16
119 51 13
119 52 13
119 53 14
119 54 7
119 55 11
119 56 3
119 57 1
119 58 19
119 59 12
119 60 17
119 61 5
119 62 15
119 63 17
119 64 16
119 65 16
119 66 19
119 67 15
119 68 5
119 69 3
119 70 4
119 71 2
119 72 17
119 73 15
119 74 12
119 75 6
119 76 13
119 77 19
119 78 17
119 79 20
119 80 14
119 81 15
119 82 7
119 83 6
119 84 5
119 85 6
119 86 15
119 87 18
119 88 17
119 89 20
119 90 9
119 91 14
119 92 10
119 93 15
119 94 10
119 95 6
119 96 4
119 97 5
119 98 11
119 99 10
119 100 2
119 101 10
119 102 16
119 103 8
119 105 6
119 106 2
119 107 15
119 108 5
119 109 4
119 110 8
119 111 13
119 112 11
119 113 7
119 114 11
119 115 4
119 116 7
119 117 17
119 118 10
119 120 20
119 121 10
119 122 12
119 123 15
119 124 18
119 125 11
119 126 15
119 127 6
119 128 8
119 129 4
119 130 2
119 131 5
119 132 9
119 133 18
119 134 19
119 135 16
119 136 20
119 137 10
119 138 10
119 139 11
119 140 14
119 141 12
119 142 9
119 143 1
119 144 3
119 145 1
119 146 17
119 147 15
119 148 14
119 149 3
119 150 6
119 151 12
119 152 7
119 153 20
119 154 6
119 155 2
119 156 19
119 157 12
119 159 8
119 160 18
119 161 13
119 162 19
119 163 8
119 164 15
119 165 11
119 166 5
119 167 7
119 168 1
119 169 7
119 170 12
119 171 9
119 173 18
119 174 19
119 175 17
119 176 5
119 177 15
119 178 1
119 179 9
119 180 4
119 181 3
119 182 6
119 183 10
119 184 1
119 185 9
119 186 16
119 187 16
119 188 4
119 189 15
119 190 10
119 191 20
119 192 6
119 193 14
119 194 20
119 195 2
119 196 15
119 197 12
119 198 4
119 199 10
119 200 20
119 201 8
119 202 12
119 203 3
119 204 10
119 205 6
119 206 20
119 207 16
119 208 7
119 209 14
119 210 15
119 211 13
119 212 5
119 213 2
119 214 10
119 215 18
119 216 3
119 217 4
119 218 10
119 219 4
119 220 18
119 221 9
119 222 13
119 223 15
119 224 7
119 225 4
119 226 18
119 227 6
119 T 7
120 1 18
120 2 3
120 3 17
120 4 12
120 5 10
120 6 15
120 7 20
120 8 13
120 9 7
120 10 1
120 11 6
120 12 10
120 13 14
120 14 8
120 15 7
120 16 9
120 17 18
120 18 16
120 19 8
120 20 2
120 21 18
120 22 13
120 23 13
120 24 7
120 25 8
120 26 19
120 27 14
120 28 6
120 29 14
120 30 1
120 31 8
120 32 19
120 33 7
120 34 6
120 35 17
120 36 1
120 37 7
120 38 3
120 39 11
120 40 18
120 41 12
120 42 2
120 43 4
120 44 15
120 45 12
120 46 16
120 47 14
120 48 12
120 49 13
120 50 5
120 51 12
120 52 10
120 53 1
120 54 14
120 55 15
120 56 9
120 57 13
120 58 9
120 59 8
120 60 10
120 61 12
120 62 19
120 63 9
120 64 7
120 65 15
120 66 3
120 67 19
120 68 8
120 69 15
120 70 19
120 71 3
120 72 15
120 73 12
120 74 6
120 75 4
120 76 7
120 77 5
120 78 15
120 79 19
120 80 18
120 81 18
120 82 19
120 83 5
120 84 18
120 85 17
120 86 10
120 87 20
120 88 18
120 89 12
120 90 15
120 91 2
120 92 8
120 93 16
120 94 15
120 95 3
120 96 10
120 97 12
120 98 11
120 99 3
120 100 11
120 101 15
120 102 8
120 103 18
120 104 12
120 105 8
120 106 8
120 107 1
120 108 7
120 109 15
120 110 14
120 111 5
120 112 10
120 113 4
120 114 18
120 115 19
120 116 17
120 117 3
120 118 2
120 119 15
120 121 2
120 123 15
120 124 19
120 125 3
120 126 16
120 127 9
120 128 5
120 129 8
120 130 1
120 131 11
120 132 1
120 133 15
120 134 7
120 135 15
120 136 10
120 137 6
120 138 17
120 139 20
120 140 2
120 141 9
120 142 9
120 143 14
120 144 4
120 145 20
120 146 4
120 147 7
120 148 9
120 149 2
120 150 17
120 151 7
120 152 9
120 153 14
120 154 5
120 155 19
120 156 20
120 157 11
120 158 8
120 159 12
120 160 1
120 161 18
120 162 13
120 163 16
120 164 12
120 165 3
120 166 7
120 167 7
120 168 17
120 169 3
120 170 19
120 171 1
120 172 4
120 173 17
120 174 6
120 175 5
120 176 13
120 177 17
120 178 13
120 179 13
120 180 1
120 181 3
120 182 20
120 183 18
120 184 19
120 185 17
120 186 1
120 187 19
120 188 4
120 189 6
120 190 18
120 191 9
120 192 10
120 193 4
120 194 9
120 195 6
120 196 15
120 197 3
120 198 13
120 199 19
120 200 2
120 201 15
120 202 3
120 203 3
120 204 13
120 205 7
120 206 19
120 207 7
120 208 15
120 209 14
120 210 4
120 211 3
120 212 19
120 213 8
120 214 4
120 215 8
120 216 19
120 217 2
120 218 1
120 219 11
120 220 14
120 221 8
120 222 13
120 223 5
120 224 14
120 225 14
120 226 7
120 227 16
120 T 14
121 1 15
121 2 11
121 3 20
121 4 1
121 5 12
121 6 1
121 7 15
121 8 8
121 9 13
121 10 2
121 11 19
121 12 10
121 13 15
121 14 3
121 15 20
121 16 18
121 17 20
121 18 7
121 19 3
121 20 20
121 21 6
121 22 19
121 23 17
121 24 10
121 25 14
121 26 7
121 27 15
121 28 3
121 29 12
121 30 7
121 32 15
121 33 3
121 34 1
121 35 12
121 36 5
121 37 2
121 38 18
121 39 11
121 40 4
121 41 9
121 42 6
121 43 15
121 44 13
121 45 13
121 46 10
121 47 13
121 48 11
121 49 10
121 50 8
121 51 17
121 52 4
121 53 10
121 54 1
121 55 5
121 56 9
121 57 20
121 58 17
121 59 14
121 60 12
121 61 19
121 62 12
121 63 9
121 64 2
121 65 12
121 66 2
121 67 19
121 68 8
121 69 20
121 70 19
121 71 5
121 72 14
121 73 5
121 74 4
121 75 9
121 76 11
121 77 14
121 78 18
121 79 16
121 80 7
121 81 11
121 82 11
121 83 12
121 84 15
121 85 16
121 86 8
121 87 10
121 88 12
121 89 19
121 90 3
121 91 13
121 92 16
121 93 7
121 94 7
121 95 3
121 97 14
121 98 11
121 99 18
121 100 10
121 101 7
121 102 16
121 103 2
121 104 1
121 105 7
121 106 19
121 107 14
121 108 19
121 109 16
121 110 19
121 111 3
121 112 4
121 113 7
121 114 11
121 115 6
121 116 2
121 117 10
121 118 13
121 119 8
121 120 9
121 122 11
121 123 1
121 124 1
121 125 10
121 126 1
121 127 9
121 128 20
121 129 17
121 130 12
121 131 19
121 132 5
121 133 4
121 134 8
121 135 12
121 136 7
121 137 11
121 138 7
121 139 18
121 140 8
121 141 10
121 142 20
121 143 13
121 144 10
121 145 16
121 146 6
121 147 12
121 148 1
121 149 19
121 150 2
121 151 5
121 152 9
121 153 11
121 154 18
121 155 5
121 156 13
121 157 9
121 158 7
121 159 14
121 160 3
121 161 17
121 162 12
121 163 1
121 164 3
121 165 17
121 166 20
121 167 19
121 168 18
121 169 18
121 170 16
121 171 18
121 172 16
121 173 2
121 174 14
121 175 18
121 176 7
121 177 15
121 178 3
121 179 2
121 180 8
121 181 4
121 182 17
121 183 10
121 184 16
121 185 2
121 186 14
121 187 3
121 188 7
121 189 2
121 190 9
121 191 5
121 192 16
121 193 10
121 194 4
121 195 18
121 196 7
121 197 13
121 198 18
121 199 15
121 200 17
121 201 4
121 202 7
121 203 19
121 204 2
121 205 10
121 206 11
121 207 19
121 208 11
121 209 20
121 210 3
121 211 19
121 212 10
121 213 11
121 214 15
121 215 9
121 216 16
121 217 13
121 218 3
121 219 13
121 220 10
121 221 7
121 222 14
121 223 2
121 224 15
121 225 16
121 226 12
121 227 17
121 T 1
122 1 13
122 2 16
122 3 9
122 4 12
122 5 20
122 6 7
122 7 15
122 8 13
122 9 7
122 10 10
122 11 19
122 12 18
122 13 9
122 14 9
122 15 7
122 16 18
122 17 13
122 18 13
122 19 4
122 20 7
122 21 10
122 22 6
122 23 7
122 24 15
122 25 20
122 26 4
122 27 6
122 28 3
122 29 1
122 30 14
122 31 18
122 32 20
122 33 14
122 34 1
122 35 9
122 36 8
122 37 18
122 38 19
122 39 13
122 40 10
122 41 15
122 42 20
122 43 1
122 44 16
122 45 3
122 46 19
122 47 11
122 48 7
122 49 8
122 50 15
122 51 17
122 52 19
122 53 14
122 54 10
122 55 4
122 56 10
122 57 10
122 59 1
122 60 18
122 61 1
122 62 4
122 63 17
122 64 13
122 65 6
122 66 10
122 67 4
122 68 7
122 69 17
122 70 20
122 71 16
122 72 13
122 73 3
122 74 14
122 75 3
122 76 13
122 77 18
122 78 12
122 79 9
122 80 5
122 81 12
122 82 15
122 83 16
122 84 16
122 85 11
122 86 5
122 87 2
122 88 19
122 89 8
122 90 4
122 91 19
122 92 9
122 93 6
122 94 18
122 95 14
122 96 15
122 97 13
122 98 6
122 99 6
122 100 6
122 101 20
122 102 16
122 103 13
122 104 19
122 105 9
122 106 19
122 107 8
122 108 15
122 109 12
122 110 20
122 111 2
122 112 7
122 113 7
122 114 3
122 115 4
122 116 19
122 117 15
122 118 20
122 119 12
122 120 18
122 121 3
122 124 11
122 125 1
122 126 3
122 127 16
122 128 9
122 129 16
122 130 10
122 131 16
122 132 3
122 133 15
122 134 7
122 135 1
122 136 4
122 137 12
122 138 11
122 139 16
122 140 3
122 141 19
122 142 14
122 143 18
122 144 10
122 145 9
122 146 2
122 147 19
122 148 7
122 149 17
122 150 8
122 151 7
122 152 1
122 153 14
122 154 3
122 155 17
122 156 5
122 157 13
122 158 1
122 159 7
122 160 4
122 161 2
122 162 11
122 163 17
122 164 14
122 165 1
122 166 19
122 167 12
122 168 17
122 169 2
122 170 5
122 172 6
122 173 4
122 174 16
122 175 4
122 176 8
122 177 8
122 178 18
122 179 9
122 180 12
122 181 16
122 182 9
122 183 4
122 184 2
122 185 12
122 186 3
122 187 3
122 188 16
122 189 18
122 190 14
122 191 19
122 192 15
122 193 2
122 194 2
122 195 16
122 196 1
122 197 3
122 198 13
122 199 17
122 200 8
122 201 12
122 202 20
122 203 10
122 204 19
122 205 5
122 206 19
122 207 6
122 208 16
122 209 11
122 210 15
122 211 20
122 212 4
122 213 2
122 214 8
122 215 17
122 216 1
122 217 9
122 218 11
122 219 17
122 220 18
122 221 19
122 222 2
122 223 16
122 224 1
122 225 5
122 226 6
122 227 5
122 T 18
123 1 7
123 2 3
123 3 17
123 4 10
123 5 5
123 6 4
123 7 6
123 8 14
123 9 11
123 10 5
123 11 5
123 12 2
123 13 15
123 14 19
123 15 5
123 16 16
123 17 5
123 18 13
123 19 4
123 20 4
123 21 3
123 22 20
123 23 17
123 24 7
123 25 17
123 26 2
123 27 19
123 28 5
123 29 6
123 30 16
123 31 14
123 32 8
123 33 4
123 34 7
123 35 1
123 36 17
123 37 1
123 38 3
123 39 12
123 40 17
123 41 6
123 42 11
123 43 14
123 44 5
123 45 2
123 46 13
123 47 1
123 49 5
123 50 10
123 51 1
123 52 18
123 53 1
123 54 17
123 55 12
123 56 7
123 57 11
123 58 20
123 59 19
123 60 20
123 61 8
123 62 10
123 63 6
123 64 7
123 65 18
123 66 15
123 67 5
123 68 11
123 69 14
123 70 15
123 71 17
123 72 7
123 73 17
123 74 5
123 75 13
123 76 14
123 77 20
123 78 19
123 79 14
123 80 3
123 81 14
123 82 15
123 83 8
123 84 13
123 85 17
123 86 16
123 87 15
123 88 6
123 89 14
123 90 4
123 91 11
123 92 8
123 93 8
123 94 1
123 95 8
123 96 12
123 97 13
123 98 5
123 99 19
123 100 17
123 101 6
123 102 19
123 103 19
123 104 16
123 105 8
123 106 1
123 107 14
123 108 20
123 109 19
123 110 13
123 111 16
123 112 7
123 113 16
123 114 12
123 115 12
123 116 4
123 117 9
123 118 19
123 119 15
123 120 1
123 121 4
123 122 12
123 124 18
123 125 8
123 126 2
123 127 15
123 128 20
123 129 1
123 130 18
123 131 13
123 132 13
123 133 20
123 134 11
123 135 6
123 136 17
123 137 16
123 138 7
123 139 20
123 140 8
123 141 2
123 142 17
123 143 4
123 144 15
123 145 8
123 146 5
123 147 4
123 148 11
123 149 3
123 150 15
123 151 9
123 152 14
123 153 7
123 155 1
123 156 5
123 157 6
123 158 19
123 159 1
123 160 10
123 161 16
123 162 6
123 163 17
123 164 15
123 165 15
123 166 1
123 167 3
123 168 6
123 170 5
123 171 7
123 172 16
123 173 15
123 174 6
123 175 13
123 176 14
123 177 18
123 178 14
123 179 1
123 180 10
123 181 7
123 182 12
123 183 2
123 184 3
123 185 20
123 186 15
123 187 14
123 188 16
123 189 15
123 190 1
123 191 20
123 192 6
123 193 15
123 194 18
123 195 11
123 196 4
123 197 17
123 198 4
123 199 8
123 200 6
123 201 17
123 202 13
123 203 12
123 204 10
123 205 12
123 206 4
123 207 5
123 208 4
123 209 1
123 210 14
123 211 3
123 212 15
123 213 20
123 214 9
123 215 15
123 216 1
123 217 19
123 218 3
123 219 4
123 220 4
123 221 1
123 222 13
123 223 6
123 224 4
123 225 9
123 226 6
123 227 3
123 T 17
124 1 12
124 2 7
124 3 8
124 4 13
124 5 3
124 7 15
124 8 11
124 9 3
124 10 9
124 11 14
124 13 9
124 14 11
124 15 13
124 16 17
124 17 19
124 18 2
124 19 12
124 20 7
124 21 12
124 22 13
124 23 14
124 24 11
124 25 16
124 26 12
124 27 9
124 28 5
124 29 14
124 30 8
124 31 1
124 32 16
124 33 8
124 34 5
124 35 7
124 36 8
124 37 11
124 38 20
124 39 4
124 40 15
124 41 16
124 42 4
124 43 15
124 44 6
124 45 9
124 46 15
124 47 8
124 48 9
124 49 5
124 50 14
124 51 7
124 52 8
124 53 17
124 54 11
124 55 8
124 56 12
124 57 5
124 58 10
124 59 8
124 60 7
124 61 5
124 62 11
124 63 1
124 64 15
124 65 13
124 66 14
124 67 17
124 68 13
124 69 18
124 70 14
124 71 13
124 72 3
124 73 8
124 74 11
124 75 11
124 76 3
124 77 6
124 78 3
124 79 18
124 80 4
124 81 9
124 82 5
124 83 18
124 84 9
124 85 5
124 86 6
124 87 17
124 88 18
124 89 15
124 90 12
124 91 13
124 92 8
124 93 16
124 94 5
124 95 18
124 96 4
124 97 9
124 98 10
124 99 11
124 100 20
124 101 2
124 102 11
124 103 1
124 104 11
124 105 18
124 106 17
124 107 15
124 108 4
124 109 10
124 110 6
124 111 4
124 112 9
124 113 16
124 114 11
124 115 10
124 116 8
124 117 6
124 118 10
124 119 20
124 120 3
124 121 20
124 122 18
124 123 9
124 125 12
124 126 9
124 127 2
124 128 18
124 129 5
124 130 16
124 131 18
124 132 10
124 133 6
124 134 1
124 135 5
124 136 3
124 137 2
124 138 14
124 139 8
124 140 11
124 141 10
124 142 6
124 143 19
124 144 7
124 145 13
124 146 1
124 147 1
124 148 4
124 149 18
124 150 4
124 151 10
124 152 7
124 153 12
124 154 17
124 155 16
124 156 11
124 157 17
124 158 18
124 159 6
124 160 7
124 161 7
124 162 20
124 163 17
124 164 16
124 165 19
124 166 7
124 167 1
124 168 12
124 169 7
124 170 19
124 171 16
124 172 13
124 173 3
124 174 1
124 175 13
124 176 10
124 177 1
124 178 6
124 179 20
124 180 14
124 181 16
124 182 5
124 183 7
124 184 8
124 185 15
124 186 7
124 187 8
124 188 16
124 189 3
124 190 9
124 191 16
124 192 8
124 193 8
124 194 20
124 195 13
124 196 5
124 197 5
124 198 6
124 199 13
124 200 4
124 201 7
124 202 3
124 203 10
124 205 20
124 206 12
124 207 7
124 208 1
124 209 9
124 210 5
124 211 5
124 212 14
124 213 16
124 214 20
124 215 4
124 216 10
124 217 9
124 218 15
124 219 18
124 220 7
124 221 11
124 222 14
124 223 1
124 224 8
124 225 20
124 226 11
124 T 6
125 1 11
125 2 10
125 3 4
125 4 9
125 5 18
125 6 14
125 7 10
125 8 4
125 9 6
125 10 1
125 11 12
125 12 11
125 13 17
125 14 13
125 15 14
125 16 19
125 17 16
125 18 5
125 19 2
125 20 2
125 21 12
125 22 12
125 23 14
125 24 9
125 25 1
125 26 8
125 27 2
125 28 14
125 29 4
125 30 14
125 31 8
125 32 6
125 33 3
125 34 6
125 35 4
125 36 18
125 37 1
125 38 18
125 39 18
125 40 19
125 41 6
125 42 9
125 43 6
125 44 13
125 45 8
125 46 8
125 47 5
125 48 8
125 49 17
125 50 11
125 51 3
125 52 3
125 53 10
125 55 6
125 56 2
125 57 7
125 58 4
125 59 5
125 60 13
125 61 13
125 62 17
125 63 4
125 64 5
125 65 11
125 66 5
125 67 3
125 68 17
125 69 13
125 70 3
125 72 5
125 73 10
125 74 16
125 75 2
125 76 13
125 77 4
125 78 18
125 79 5
125 80 19
125 81 13
125 82 11
125 83 20
125 84 8
125 85 5
125 86 13
125 87 10
125 88 1
125 89 2
125 90 3
125 91 20
125 92 17
125 93 11
125 94 2
125 95 15
125 96 10
125 97 19
125 98 7
125 99 15
125 100 9
125 101 9
125 102 2
125 103 11
125 104 8
125 105 1
125 106 11
125 107 5
125 108 13
125 109 11
125 110 7
125 111 20
125 112 3
125 113 4
125 114 17
125 115 11
125 116 15
125 117 11
125 118 19
125 119 9
125 120 8
125 121 6
125 122 12
125 123 6
125 124 4
125 126 20
125 127 2
125 128 10
125 129 15
125 130 9
125 131 5
125 132 20
125 133 10
125 134 12
125 135 17
125 136 7
125 137 8
125 138 19
125 139 2
125 140 9
125 141 12
125 142 6
125 143 2
125 144 7
125 145 6
125 146 16
125 147 15
125 148 2
125 149 10
125 150 11
125 151 10
125 152 20
125 153 15
125 154 2
125 155 14
125 156 9
125 157 16
125 158 12
125 159 16
125 160 16
125 161 15
125 162 2
125 163 20
125 164 15
125 165 2
125 166 7
125 167 19
125 168 9
125 169 3
125 170 12
125 171 11
125 172 19
125 173 18
125 174 17
125 175 15
125 176 5
125 177 12
125 178 14
125 179 3
125 180 19
125 181 7
125 182 13
125 183 10
125 184 10
125 185 11
125 186 9
125 187 5
125 188 4
125 189 14
125 190 18
125 191 16
125 192 3
125 193 18
125 194 5
125 195 4
125 196 16
125 197 10
125 198 2
125 199 18
125 200 19
125 201 9
125 202 8
125 203 3
125 204 11
125 205 3
125 206 19
125 207 16
125 208 18
125 209 10
125 210 17
125 211 8
125 212 14
125 213 13
125 214 15
125 215 9
125 216 13
125 217 17
125 218 19
125 219 18
125 220 1
125 221 6
125 222 2
125 223 5
125 224 11
125 225 20
125 226 4
125 227 1
125 T 5
126 1 1
126 2 4
126 3 6
126 4 9
126 5 17
126 6 10
126 7 6
126 8 15
126 9 11
126 10 1
126 11 19
126 12 1
126 13 5
126 14 16
126 15 13
126 16 6
126 17 19
126 18 3
126 19 5
126 20 18
126 21 12
126 22 5
126 23 1
126 24 2
126 25 1
126 26 16
126 27 12
126 28 14
126 29 18
126 30 10
126 31 13
126 33 14
126 34 14
126 35 13
126 36 15
126 37 6
126 38 15
126 39 5
126 40 15
126 41 9
126 42 5
126 43 10
126 44 7
126 45 5
126 46 20
126 47 4
126 48 7
126 49 13
126 50 1
126 51 4
126 52 2
126 53 15
126 54 1
126 55 13
126 56 14
126 57 15
126 58 15
126 59 10
126 60 11
126 61 6
126 62 16
126 63 6
126 64 14
126 65 14
126 66 5
126 67 8
126 68 18
126 69 15
126 70 13
126 71 3
126 72 7
126 73 12
126 74 16
126 75 16
126 76 8
126 77 13
126 78 13
126 79 8
126 80 10
126 81 3
126 82 14
126 83 9
126 84 17
126 85 18
126 86 15
126 87 16
126 88 12
126 89 14
126 90 18
126 91 16
126 92 4
126 93 5
126 94 11
126 95 11
126 96 1
126 97 17
126 98 12
126 99 12
126 100 20
126 101 16
126 102 4
126 103 13
126 104 6
126 105 7
126 106 6
126 107 1
126 108 12
126 109 18
126 110 11
126 111 6
126 112 5
126 113 4
126 114 4
126 115 11
126 116 19
126 117 17
126 118 8
126 119 3
126 120 3
126 121 7
126 122 7
126 123 17
126 124 15
126 125 19
126 127 16
126 128 17
126 129 6
126 130 9
126 131 16
126 132 14
126 133 10
126 134 6
126 135 20
126 136 11
126 137 14
126 138 18
126 139 20
126 140 7
126 141 6
126 142 5
126 143 8
126 144 7
126 145 19
126 146 16
126 147 19
126 148 8
126 149 6
126 150 18
126 151 13
126 152 4
126 153 4
126 154 9
126 155 6
126 156 17
126 158 17
126 159 10
126 160 5
126 161 16
126 162 16
126 163 19
126 164 9
126 165 14
126 166 1
126 167 18
126 168 4
126 169 13
126 170 5
126 171 19
126 172 3
126 173 16
126 174 3
126 175 11
126 176 3
126 177 15
126 178 20
126 179 10
126 180 10
126 181 17
126 182 4
126 183 4
126 184 1
126 185 7
126 186 13
126 187 5
126 188 20
126 189 5
126 190 1
126 191 9
126 192 16
126 193 15
126 194 19
126 195 16
126 196 19
126 197 6
126 198 15
126 199 2
126 200 11
126 201 1
126 202 8
126 203 3
126 204 20
126 205 5
126 206 17
126 207 13
126 208 12
126 209 12
126 210 9
126 211 2
126 212 7
126 213 13
126 214 16
126 215 6
126 216 12
126 217 13
126 218 8
126 219 3
126 220 9
126 221 10
126 222 20
126 223 6
126 224 15
126 225 13
126 226 10
126 227 2
126 T 13
127 1 2
127 2 14
127 3 20
127 4 13
127 5 5
127 6 10
127 7 15
127 8 18
127 9 4
127 10 4
127 11 19
127 12 10
127 13 10
127 14 19
127 15 18
127 16 10
127 17 3
127 18 4
127 19 13
127 20 16
127 21 6
127 22 12
127 23 11
127 24 1
127 25 19
127 26 20
127 27 1
127 28 7
127 29 12
127 30 15
127 31 18
127 32 11
127 33 8
127 34 17
127 35 18
127 36 8
127 37 15
127 38 5
127 39 17
127 40 10
127 41 1
127 42 13
127 43 15
127 44 11
127 45 11
127 46 13
127 47 17
127 48 6
127 49 14
127 50 9
127 51 15
127 52 8
127 53 5
127 54 20
127 55 19
127 56 16
127 57 5
127 58 4
127 59 13
127 60 2
127 61 14
127 62 3
127 63 12
127 64 19
127 65 14
127 66 14
127 67 14
127 68 10
127 69 8
127 70 12
127 71 19
127 72 16
127 73 18
127 74 8
127 75 20
127 76 9
127 77 4
127 78 16
127 80 20
127 81 13
127 82 5
127 83 12
127 84 14
127 85 4
127 86 3
127 87 6
127 88 19
127 89 4
127 90 17
127 91 15
127 92 18
127 93 1
127 94 5
127 95 10
127 96 12
127 97 12
127 98 7
127 99 5
127 100 9
127 101 11
127 102 9
127 103 4
127 104 2
127 105 10
127 106 3
127 107 10
127 108 5
127 109 13
127 110 20
127 111 17
127 112 17
127 113 7
127 114 17
127 115 6
127 116 10
127 117 10
127 118 20
127 119 13
127 120 20
127 121 14
127 122 9
127 123 7
127 124 4
127 125 1
127 126 13
127 128 16
127 129 12
127 130 3
127 131 9
127 132 8
127 133 19
127 134 12
127 135 5
127 136 2
127 137 17
127 138 11
127 139 9
127 140 12
127 141 8
127 142 9
127 143 12
127 144 18
127 145 4
127 146 8
127 147 7
127 148 20
127 149 18
127 150 15
127 151 17
127 152 17
127 153 5
127 154 10
127 155 4
127 156 6
127 157 4
127 158 9
127 159 18
127 160 2
127 161 7
127 162 6
127 163 7
127 164 13
127 165 17
127 166 19
127 167 20
127 168 12
127 169 6
127 170 16
127 171 17
127 172 7
127 173 7
127 174 20
127 175 15
127 176 4
127 177 13
127 178 18
127 179 11
127 180 2
127 181 18
127 182 12
127 183 12
127 184 3
127 185 7
127 186 6
127 187 13
127 188 19
127 189 17
127 190 14
127 191 5
127 192 11
127 193 9
127 194 14
127 195 19
127 196 11
127 197 5
127 198 18
127 199 18
127 200 1
127 201 11
127 202 4
127 203 8
127 204 13
127 205 8
127 206 13
127 207 16
127 208 19
127 209 19
127 210 1
127 211 4
127 212 8
127 213 1
127 214 6
127 215 7
127 216 12
127 217 10
127 218 9
127 219 19
127 220 2
127 221 1
127 222 6
127 223 2
127 224 10
127 225 20
127 226 10
127 227 4
127 T 4
128 1 14
128 2 12
128 3 11
128 4 7
128 5 19
128 6 11
128 7 12
128 8 3
128 9 9
128 10 13
128 11 6
128 12 18
128 13 4
128 14 19
128 15 17
128 16 5
128 17 14
128 18 5
128 19 2
128 20 15
128 21 3
128 22 19
128 23 12
128 24 3
128 25 10
128 26 9
128 27 7
128 28 5
128 29 12
128 30 8
128 31 7
128 32 14
128 33 8
128 34 3
128 35 3
128 36 12
128 37 2
128 38 12
128 39 10
128 40 11
128 41 5
128 42 17
128 43 10
128 44 3
128 45 11
128 46 18
128 47 16
128 48 7
128 49 8
128 50 8
128 51 12
128 52 5
128 53 14
128 54 14
128 55 11
128 56 1
128 57 15
128 58 12
128 59 20
128 60 4
128 61 12
128 62 16
128 63 19
128 64 2
128 65 20
128 66 11
128 67 3
128 68 1
128 69 13
128 70 14
128 71 2
128 72 13
128 73 14
128 74 4
128 75 2
128 76 6
128 77 9
128 78 17
128 79 7
128 80 2
128 81 16
128 82 17
128 83 5
128 84 6
128 85 14
128 86 7
128 87 20
128 88 15
128 89 18
128 90 8
128 91 11
128 92 8
128 93 4
128 94 12
128 95 9
128 96 3
128 97 11
128 98 6
128 99 3
128 100 11
128 101 2
128 102 2
128 103 19
128 104 19
128 105 6
128 106 20
128 107 17
128 108 16
128 109 11
128 110 18
128 111 13
128 112 9
128 113 13
128 114 15
128 115 3
128 116 1
128 117 12
128 118 12
128 119 13
128 120 2
128 121 17
128 122 14
128 123 11
128 124 14
128 125 18
128 126 7
128 127 1
128 129 19
128 130 7
128 131 16
128 132 11
128 133 17
128 134 13
128 135 15
128 136 11
128 137 13
128 138 6
128 139 16
128 140 7
128 141 13
128 142 16
128 143 6
128 144 8
128 145 19
128 146 18
128 147 3
128 148 11
128 149 19
128 150 8
128 151 16
128 152 11
128 153 13
128 154 3
128 155 9
128 156 7
128 157 7
128 158 3
128 159 7
128 160 16
128 161 3
128 162 11
128 163 12
128 164 20
128 165 8
128 166 6
128 167 1
128 168 3
128 169 2
128 170 2
128 171 17
128 172 10
128 173 6
128 174 18
128 175 3
128 176 6
128 177 7
128 178 20
128 179 13
128 180 14
128 181 6
128 182 20
128 183 2
128 184 2
128 185 1
128 186 1
128 187 7
128 188 19
128 189 16
128 191 16
128 192 15
128 193 11
128 194 20
128 195 19
128 196 7
128 197 16
128 198 18
128 199 18
128 200 17
128 201 17
128 202 18
128 203 14
128 204 8
128 205 6
128 206 14
128 207 20
128 208 15
128 209 16
128 210 1
128 211 19
128 212 13
128 213 5
128 214 17
128 215 18
128 216 19
128 217 3
128 218 1
128 219 20
128 220 12
128 221 16
128 222 13
128 223 4
128 224 4
128 225 18
128 226 7
128 227 16
128 T 3
129 1 6
129 2 19
129 3 10
129 4 8
129 5 16
129 6 15
129 7 11
129 8 2
129 9 3
129 10 4
129 11 6
129 12 10
129 13 9
129 14 19
129 15 10
129 16 17
129 17 13
129 18 6
129 19 3
129 20 10
129 21 3
129 22 19
129 23 13
129 24 3
129 25 13
129 26 17
129 27 2
129 28 2
129 29 7
129 30 1
129 31 9
129 32 5
129 33 5
129 34 16
129 35 4
129 36 8
129 37 18
129 38 5
129 39 2
129 40 3
129 41 6
129 42 12
129 43 11
129 44 2
129 45 7
129 46 3
129 47 2
129 48 3
129 49 7
129 50 13
129 51 14
129 52 9
129 53 3
129 54 11
129 55 20
129 57 5
129 58 17
129 59 2
129 60 6
129 61 18
129 62 10
129 63 17
129 64 16
129 65 14
129 66 19
129 67 14
129 68 7
129 69 12
129 70 1
129 71 1
129 72 20
129 73 2
129 74 17
129 75 4
129 76 14
129 77 20
129 78 17
129 79 4
129 80 3
129 81 3
129 82 3
129 83 3
129 84 6
129 85 20
129 86 13
129 87 14
129 88 18
129 89 20
129 90 8
129 91 16
129 92 17
129 93 11
129 94 4
129 96 1
129 97 15
129 98 13
129 99 2
129 100 7
129 101 13
129 102 7
129 103 10
129 104 2
129 105 1
129 106 20
129 107 4
129 108 16
129 109 19
129 110 3
129 111 18
129 112 15
129 113 3
129 114 2
129 115 10
129 116 19
129 117 5
129 118 10
129 119 11
129 120 10
129 121 6
129 122 8
129 123 10
129 124 8
129 125 19
129 126 4
129 127 4
129 128 18
129 131 18
129 132 13
129 133 18
129 134 9
129 135 10
129 136 11
129 137 11
129 138 2
129 139 2
129 140 10
129 141 18
129 142 18
129 143 7
129 144 5
129 145 12
129 146 10
129 147 1
129 148 13
129 149 11
129 150 1
129 151 2
129 152 18
129 153 4
129 154 14
129 155 5
129 156 8
129 157 6
129 158 15
129 159 20
129 160 7
129 161 5
129 162 14
129 163 20
129 164 4
129 165 15
129 166 14
129 167 8
129 168 14
129 169 9
129 170 7
129 171 8
129 172 7
129 173 16
129 174 18
129 175 15
129 176 19
129 177 3
129 178 7
129 179 16
129 180 2
129 181 16
129 182 10
129 183 10
129 184 6
129 185 6
129 186 18
129 187 2
129 188 1
129 189 12
129 190 13
129 191 20
129 192 8
129 193 4
129 195 18
129 196 6
129 197 2
129 198 15
129 199 8
129 200 3
129 201 5
129 202 20
129 203 5
129 204 4
129 205 9
129 206 5
129 207 7
129 208 8
129 209 16
129 210 4
129 211 4
129 212 4
129 213 2
129 214 5
129 215 15
129 216 20
129 217 3
129 218 14
129 219 3
129 220 20
129 221 18
129 222 17
129 223 19
129 224 15
129 225 20
129 226 9
129 227 2
129 T 20
130 1 8
130 2 12
130 4 19
130 5 13
130 6 13
130 7 2
130 8 16
130 9 19
130 10 7
130 11 4
130 12 3
130 13 20
130 14 13
130 15 7
130 16 7
130 17 3
130 18 6
130 19 19
130 20 4
130 21 2
130 22 20
130 23 4
130 24 19
130 25 9
130 26 18
130 27 11
130 28 6
130 29 17
130 30 4
130 31 5
130 32 17
130 33 6
130 34 11
130 35 13
130 36 19
130 37 8
130 38 6
130 39 2
130 40 12
130 41 3
130 42 11
130 43 18
130 44 4
130 45 18
130 46 8
130 47 12
130 48 19
130 49 13
130 50 5
130 51 15
130 52 2
130 53 11
130 54 7
130 55 5
130 56 9
130 57 17
130 58 2
130 59 3
130 60 4
130 61 2
130 62 6
130 63 19
130 64 19
130 65 2
130 66 18
130 67 19
130 68 7
130 69 13
130 70 18
130 71 15
130 72 9
130 73 13
130 74 6
130 75 4
130 76 8
130 77 11
130 78 11
130 79 20
130 80 12
130 81 7
130 82 5
130 83 11
130 84 16
130 85 9
130 86 16
130 87 13
130 88 12
130 89 10
130 90 11
130 91 13
130 92 5
130 93 9
130 94 11
130 95 13
130 96 13
130 97 14
130 98 1
130 99 12
130 100 3
130 101 18
130 102 3
130 103 6
130 104 19
130 105 19
130 106 8
130 107 15
130 108 13
130 109 7
130 110 3
130 111 2
130 112 17
130 113 7
130 114 6
130 115 7
130 116 14
130 117 12
130 118 19
130 119 20
130 120 9
130 121 1
130 122 19
130 123 1
130 124 13
130 125 5
130 126 12
130 127 8
130 128 10
130 129 9
130 131 13
130 132 18
130 133 2
130 134 8
130 135 16
130 136 16
130 137 4
130 138 4
130 139 8
130 140 8
130 141 1
130 142 13
130 143 6
130 144 15
130 145 12
130 146 2
130 147 7
130 148 15
130 149 19
130 150 14
130 151 10
130 152 5
130 153 8
130 154 5
130 155 14
130 156 8
130 157 17
130 158 20
130 159 8
130 160 16
130 161 15
130 162 5
130 163 16
130 164 3
130 165 1
130 166 10
130 167 4
130 168 12
130 169 12
130 170 8
130 171 14
130 172 3
130 173 8
130 174 12
130 175 8
130 176 18
130 177 20
130 178 14
130 179 1
130 180 13
130 181 7
130 182 13
130 183 18
130 184 10
130 185 17
130 186 20
130 187 10
130 188 13
130 189 15
130 190 18
130 191 3
130 192 4
130 193 13
130 194 14
130 195 6
130 196 18
130 197 9
130 198 14
130 199 14
130 200 16
130 201 6
130 202 15
130 203 15
130 204 10
130 205 7
130 206 4
130 207 3
130 208 16
130 209 5
130 210 8
130 211 19
130 212 19
130 213 16
130 214 14
130 215 16
130 216 2
130 217 9
130 218 20
130 219 16
130 220 11
130 221 3
130 222 17
130 223 14
130 224 4
130 225 8
130 226 3
130 227 8
130 T 17
131 1 4
131 2 8
131 3 6
131 4 10
131 5 17
131 6 14
131 7 19
131 8 20
131 9 10
131 10 10
131 11 12
131 12 13
131 13 13
131 14 5
131 15 16
131 16 18
131 17 15
131 18 20
131 19 5
131 20 1
131 21 13
131 22 16
131 23 14
131 24 9
131 25 19
131 26 9
131 27 18
131 28 14
131 29 17
131 30 17
131 31 4
131 32 3
131 33 14
131 34 2
131 35 19
131 36 9
131 37 18
131 38 3
131 39 18
131 40 16
131 41 20
131 42 10
131 43 18
131 44 2
131 45 20
131 46 15
131 47 20
131 48 2
131 49 2
131 50 16
131 51 12
131 52 15
131 53 2
131 54 3
131 55 20
131 56 16
131 57 6
131 58 18
131 59 10
131 60 11
131 61 20
131 62 19
131 63 14
131 64 12
131 65 11
131 66 1
131 67 12
131 68 6
131 69 13
131 70 5
131 71 11
131 72 13
131 73 2
131 74 2
131 75 16
131 76 5
131 77 10
131 78 15
131 79 17
131 80 5
131 81 6
131 82 8
131 83 1
131 84 2
131 85 10
131 86 8
131 87 1
131 88 5
131 89 12
131 90 12
131 91 2
131 92 5
131 93 8
131 94 9
131 95 13
131 96 5
131 97 5
131 99 20
131 100 3
131 101 15
131 102 9
131 103 19
131 104 18
131 105 1
131 106 18
131 107 18
131 108 10
131 109 15
131 110 3
131 111 1
131 112 17
131 113 8
131 114 7
131 115 11
131 116 4
131 117 11
131 118 4
131 119 6
131 120 5
131 121 9
131 122 16
131 123 20
131 124 17
131 125 10
131 126 11
131 127 14
131 128 19
131 129 19
131 130 14
131 132 10
131 133 5
131 134 20
131 135 11
131 136 9
131 137 13
131 138 13
131 139 17
131 140 5
131 141 10
131 142 19
131 143 13
131 144 5
131 145 19
131 146 19
131 147 12
131 148 8
131 149 16
131 150 20
131 151 18
131 152 5
131 153 12
131 154 2
131 155 17
131 156 19
131 157 13
131 158 13
131 159 3
131 160 11
131 161 20
131 162 6
131 163 7
131 164 6
131 165 16
131 166 5
131 167 1
131 168 8
131 169 2
131 170 19
131 171 18
131 172 12
131 173 6
131 174 14
131 175 15
131 176 20
131 177 20
131 178 18
131 179 18
131 180 17
131 181 20
131 182 4
131 183 11
131 184 8
131 185 6
131 186 10
131 187 10
131 188 6
131 189 7
131 190 3
131 191 15
131 192 1
131 193 17
131 194 7
131 195 2
131 196 1
131 197 1
131 198 9
131 199 18
131 200 13
131 201 3
131 202 3
131 203 11
131 204 4
131 205 14
131 206 18
131 207 7
131 208 20
131 209 16
131 210 11
131 211 9
131 212 13
131 213 17
131 214 7
131 215 12
131 216 20
131 217 7
131 218 16
131 219 12
131 220 11
131 221 11
131 222 8
131 223 6
131 224 19
131 225 19
131 226 12
131 227 4
131 T 19
132 1 5
132 2 20
132 3 15
132 4 3
132 5 12
132 6 5
132 7 1
132 8 14
132 9 11
132 10 6
132 11 13
132 12 14
132 13 3
132 14 19
132 15 1
132 16 13
132 17 1
132 18 14
132 19 14
132 20 13
132 21 14
132 22 5
132 23 4
132 24 7
132 25 4
132 26 4
132 27 20
132 28 9
132 29 19
132 30 20
132 31 17
132 32 3
132 33 15
132 34 8
132 35 5
132 36 4
132 37 3
132 38 4
132 39 3
132 40 8
132 41 20
132 42 16
132 43 18
132 44 16
132 45 18
132 46 4
132 47 16
132 48 14
132 49 10
132 50 10
132 51 2
132 52 14
132 53 7
132 54 13
132 55 17
132 56 12
132 57 1
132 58 20
132 59 7
132 60 9
132 61 16
132 62 17
132 63 10
132 64 8
132 65 8
132 66 18
132 67 2
132 68 10
132 69 14
132 70 6
132 71 11
132 72 8
132 73 14
132 74 2
132 75 13
132 76 3
132 77 8
132 78 7
132 79 20
132 80 3
132 81 20
132 82 16
132 83 3
132 84 10
132 85 20
132 86 14
132 87 1
132 88 5
132 89 14
132 90 13
132 91 14
132 92 7
132 93 6
132 94 12
132 95 4
132 96 7
132 97 20
132 98 16
132 99 13
132 100 15
132 101 17
132 102 19
132 103 16
132 104 10
132 105 1
132 106 16
132 107 5
132 108 11
132 109 2
132 110 5
132 111 3
132 112 11
132 113 13
132 114 20
132 115 2
132 116 12
132 117 2
132 118 6
132 119 20
132 120 18
132 121 7
132 122 13
132 123 6
132 124 15
132 125 14
132 126 8
132 127 20
132 128 3
132 129 20
132 130 9
132 131 9
132 133 8
132 134 16
132 135 8
132 136 15
132 137 6
132 138 6
132 139 3
132 140 11
132 141 2
132 142 11
132 143 10
132 144 15
132 145 14
132 146 15
132 147 9
132 148 12
132 149 1
132 150 3
132 151 1
132 152 13
132 153 6
132 154 20
132 155 5
132 156 15
132 157 8
132 158 18
132 159 8
132 160 10
132 161 6
132 162 7
132 163 20
132 165 12
132 166 20
132 167 7
132 168 10
132 170 20
132 171 8
132 172 7
132 173 20
132 174 4
132 175 7
132 176 20
132 177 5
132 178 8
132 179 11
132 180 6
132 181 13
132 182 19
132 183 10
132 184 20
132 185 18
132 186 4
132 187 1
132 188 2
132 189 15
132 190 5
132 191 12
132 192 9
132 193 5
132 194 11
132 195 1
132 196 12
132 197 12
132 198 11
132 199 3
132 200 5
132 201 2
132 202 15
132 203 8
132 204 5
132 205 10
132 206 11
132 207 14
132 208 15
132 209 15
132 210 2
132 211 13
132 212 14
132 213 12
132 214 3
132 215 5
132 216 5
132 217 3
132 218 1
132 219 17
132 220 18
132 221 14
132 222 9
132 223 2
132 224 12
132 225 8
132 226 20
132 227 9
132 T 7
133 1 1
133 2 10
133 3 3
133 4 6
133 5 1
133 6 3
133 7 6
133 8 8
133 9 5
133 10 19
133 11 14
133 13 1
133 14 11
133 16 15
133 17 3
133 18 11
133 19 16
133 20 11
133 21 18
133 22 18
133 23 12
133 24 3
133 25 11
133 26 17
133 27 4
133 28 3
133 29 14
133 30 6
133 31 1
133 32 10
133 33 10
133 34 7
133 35 8
133 36 10
133 37 17
133 38 8
133 39 6
133 40 20
133 41 15
133 42 4
133 43 19
133 44 15
133 45 12
133 46 9
133 48 20
133 49 14
133 50 5
133 51 1
133 52 10
133 53 2
133 54 16
133 55 8
133 56 3
133 57 16
133 58 11
133 59 11
133 60 9
133 61 7
133 62 10
133 63 18
133 64 2
133 65 2
133 66 2
133 67 10
133 68 16
133 69 15
133 70 15
133 71 11
133 72 17
133 73 9
133 74 15
133 75 13
133 76 19
133 77 2
133 78 7
133 79 4
133 80 17
133 81 6
133 82 14
133 83 5
133 84 11
133 85 14
133 86 16
133 87 18
133 88 17
133 89 17
133 90 20
133 91 15
133 92 4
133 93 1
133 94 3
133 95 3
133 96 7
133 97 19
133 98 9
133 99 12
133 100 3
133 101 7
133 102 14
133 103 14
133 104 17
133 105 14
133 106 6
133 107 12
133 108 13
133 109 20
133 110 17
133 111 6
133 112 1
133 113 17
133 114 4
133 115 3
133 116 11
133 117 14
133 118 8
133 119 4
133 120 1
133 121 15
133 123 17
133 124 6
133 125 12
133 126 9
133 127 7
133 128 12
133 129 1
133 130 16
133 131 2
133 132 11
133 134 19
133 135 16
133 136 10
133 137 10
133 138 16
133 139 12
133 140 8
133 141 1
133 142 8
133 143 1
133 144 18
133 145 3
133 146 7
133 147 13
133 148 11
133 150 7
133 151 10
133 152 19
133 153 17
133 154 19
133 155 20
133 156 7
133 157 13
133 158 12
133 159 18
133 160 1
133 161 5
133 162 5
133 163 20
133 164 5
133 165 16
133 166 7
133 167 15
133 168 3
133 169 15
133 170 5
133 171 17
133 172 9
133 173 3
133 174 2
133 175 15
133 176 14
133 177 18
133 178 11
133 179 1
133 180 1
133 181 20
133 182 4
133 183 2
133 184 5
133 185 18
133 186 8
133 187 1
133 188 10
133 189 5
133 190 13
133 191 14
133 192 12
133 193 14
133 194 15
133 195 5
133 196 15
133 197 18
133 198 16
133 199 11
133 200 6
133 201 4
133 202 10
133 203 14
133 204 1
133 205 12
133 206 6
133 207 14
133 208 6
133 209 9
133 210 17
133 211 13
133 212 2
133 213 15
133 214 19
133 215 16
133 216 5
133 217 3
133 218 20
133 219 2
133 220 5
133 221 16
133 222 4
133 223 1
133 224 6
133 225 9
133 226 20
133 227 17
133 T 8
134 1 4
134 2 11
134 3 6
134 4 15
134 5 7
134 6 12
134 7 4
134 8 18
134 9 20
134 10 3
134 11 2
134 12 5
134 13 6
134 14 10
134 15 1
134 16 3
134 17 1
134 18 20
134 19 2
134 20 8
134 21 18
134 22 20
134 23 2
134 24 19
134 25 2
134 26 16
134 27 7
134 28 10
134 29 16
134 30 7
134 31 1
134 32 15
134 33 12
134 34 1
134 35 12
134 36 2
134 37 18
134 38 7
134 39 8
134 40 5
134 41 1
134 42 17
134 43 6
134 44 7
134 45 2
134 46 15
134 47 1
134 48 7
134 49 4
134 50 9
134 51 18
134 52 13
134 53 6
134 54 19
134 55 13
134 56 11
134 57 9
134 58 20
134 59 3
134 60 13
134 61 5
134 62 3
134 63 14
134 64 9
134 65 8
134 66 5
134 67 9
134 68 3
134 69 15
134 70 15
134 71 8
134 72 7
134 73 16
134 74 3
134 75 10
134 76 15
134 77 12
134 78 15
134 79 18
134 80 19
134 81 14
134 82 17
134 83 16
134 84 10
134 85 4
134 86 1
134 87 7
134 88 18
134 89 9
134 90 13
134 91 8
134 92 19
134 93 10
134 94 12
134 95 10
134 96 16
134 97 3
134 98 9
134 99 14
134 100 20
134 101 12
134 102 12
134 103 7
134 104 12
134 105 16
134 106 3
134 107 17
134 108 18
134 109 2
134 110 11
134 111 10
134 112 6
134 113 12
134 114 1
134 115 20
134 116 20
134 117 18
134 118 1
134 119 1
134 120 1
134 121 10
134 122 15
134 123 6
134 124 18
134 125 14
134 126 12
134 127 18
134 128 7
134 129 10
134 130 4
134 131 3
134 132 11
134 133 1
134 135 19
134 136 7
134 137 10
134 138 5
134 139 3
134 140 20
134 141 7
134 142 7
134 143 14
134 144 19
134 145 10
134 146 16
134 147 2
134 148 19
134 149 12
134 150 17
134 151 2
134 152 2
134 153 3
134 154 4
134 155 19
134 156 4
134 157 2
134 158 6
134 159 7
134 160 12
134 161 4
134 162 20
134 163 6
134 164 20
134 165 18
134 166 18
134 167 8
134 168 5
134 169 2
134 170 7
134 171 8
134 172 1
134 173 12
134 174 13
134 175 6
134 176 9
134 177 5
134 179 6
134 180 14
134 181 9
134 182 1
134 183 11
134 184 13
134 185 8
134 186 1
134 187 20
134 188 18
134 189 1
134 190 6
134 191 10
134 192 3
134 193 17
134 194 7
134 195 8
134 196 14
134 197 9
134 198 4
134 199 19
134 200 8
134 201 17
134 202 15
134 203 6
134 204 20
134 205 20
134 206 12
134 207 3
134 208 14
134 209 5
134 210 18
134 211 19
134 212 6
134 213 18
134 214 2
134 215 18
134 216 8
134 217 3
134 218 10
134 219 6
134 220 19
134 221 4
134 222 8
134 223 1
134 224 5
134 225 5
134 226 3
134 227 17
134 T 4
135 1 20
135 2 3
135 3 2
135 4 9
135 5 10
135 6 14
135 7 16
135 8 20
135 9 2
135 10 15
135 11 7
135 12 8
135 13 14
135 14 2
135 15 18
135 16 13
135 17 12
135 18 15
135 19 13
135 20 9
135 21 20
135 22 13
135 23 7
135 24 7
135 25 5
135 26 6
135 27 16
135 28 13
135 29 16
135 30 1
135 31 7
135 32 11
135 33 16
135 34 2
135 35 14
135 36 3
135 37 4
135 38 20
135 39 15
135 40 11
135 41 14
135 42 8
135 43 6
135 44 17
135 45 7
135 46 6
135 47 6
135 48 17
135 49 9
135 50 6
135 51 19
135 52 18
135 53 5
135 54 4
135 55 1
135 56 18
135 57 3
135 58 1
135 59 1
135 60 20
135 61 17
135 62 13
135 63 2
135 64 9
135 66 1
135 67 5
135 68 4
135 69 12
135 70 3
135 71 17
135 72 6
135 73 8
135 74 16
135 75 1
135 76 11
135 77 14
135 78 3
135 79 13
135 80 3
135 81 18
135 82 12
135 83 11
135 84 3
135 85 9
135 87 18
135 88 2
135 89 1
135 90 16
135 91 18
135 92 10
135 93 7
135 94 6
135 95 18
135 96 16
135 97 11
135 98 14
135 99 16
135 100 2
135 101 2
135 102 10
135 103 9
135 104 9
135 105 6
135 106 2
135 107 13
135 108 17
135 109 11
135 110 11
135 111 17
135 112 4
135 113 3
135 114 5
135 115 17
135 116 17
135 117 5
135 118 7
135 119 15
135 120 13
135 121 10
135 122 16
135 123 9
135 124 16
135 125 4
135 126 4
135 127 1
135 128 8
135 129 20
135 130 8
135 131 17
135 132 2
135 133 16
135 134 18
135 136 10
135 137 17
135 138 2
135 139 16
135 140 4
135 141 13
135 142 7
135 143 15
135 144 11
135 145 7
135 146 13
135 147 3
135 148 19
135 149 20
135 150 2
135 151 20
135 152 2
135 153 15
135 154 8
135 155 6
135 156 2
135 157 18
135 158 15
135 159 12
135 160 2
135 161 4
135 162 12
135 163 14
135 164 2
135 165 13
135 166 8
135 167 11
135 168 19
135 169 6
135 170 11
135 171 9
135 172 15
135 173 15
135 174 20
135 175 7
135 176 11
135 177 19
135 178 10
135 179 8
135 180 2
135 181 5
135 182 15
135 183 20
135 184 13
135 185 11
135 186 14
135 187 11
135 188 15
135 189 14
135 190 20
135 191 19
135 192 15
135 193 17
135 194 6
135 196 19
135 197 10
135 198 15
135 199 9
135 200 11
135 201 16
135 202 11
135 203 9
135 204 20
135 205 13
135 206 11
135 207 10
135 208 5
135 209 1
135 210 18
135 211 1
135 212 8
135 213 14
135 214 19
135 215 15
135 216 1
135 217 6
135 218 9
135 219 4
135 220 4
135 221 19
135 222 17
135 223 1
135 224 19
135 225 13
135 226 20
135 227 8
135 T 4
136 1 10
136 2 18
136 3 4
136 4 8
136 5 10
136 6 7
136 7 11
136 8 9
136 9 12
136 10 19
136 11 10
136 12 11
136 13 15
136 14 2
136 15 2
136 16 11
136 17 12
136 18 13
136 19 7
136 20 17
136 21 3
136 22 16
136 23 13
136 24 18
136 25 2
136 26 8
136 27 5
136 28 3
136 29 8
136 30 15
136 31 9
136 32 9
136 33 3
136 34 12
136 35 2
136 36 3
136 37 14
136 38 15
136 39 7
136 40 12
136 41 20
136 42 7
136 43 14
136 44 8
136 45 13
136 46 7
136 47 10
136 48 20
136 49 15
136 50 19
136 52 2
136 53 4
136 54 1
136 55 9
136 56 14
136 57 17
136 58 11
136 59 2
136 60 14
136 61 6
136 62 8
136 63 6
136 64 18
136 65 20
136 66 13
136 67 3
136 68 11
136 69 6
136 70 17
136 71 19
136 72 14
136 73 6
136 74 11
136 75 3
136 76 3
136 77 20
136 78 8
136 79 7
136 80 14
136 81 19
136 82 20
136 83 3
136 84 7
136 85 19
136 86 10
136 87 1
136 88 18
136 89 16
136 90 1
136 91 8
136 92 9
136 93 7
136 94 7
136 95 9
136 96 15
136 97 9
136 98 4
136 99 17
136 101 8
136 102 5
136 103 12
136 104 5
136 105 9
136 106 3
136 107 19
136 108 13
136 109 18
136 110 1
136 111 1
136 112 8
136 113 7
136 114 6
136 115 5
136 116 17
136 117 15
136 118 1
136 119 20
136 120 19
136 121 1
136 122 8
136 123 5
136 124 17
136 125 1
136 126 8
136 127 14
136 128 15
136 129 1
136 130 5
136 131 2
136 132 7
136 133 19
136 134 9
136 135 6
136 137 18
136 138 13
136 139 17
136 140 1
136 141 2
136 142 4
136 143 1
136 144 15
136 145 19
136 146 7
136 147 20
136 148 7
136 149 7
136 150 3
136 151 8
136 152 11
136 153 12
136 154 17
136 155 3
136 156 2
136 157 15
136 158 1
136 159 5
136 160 20
136 161 4
136 162 8
136 163 14
136 164 2
136 165 19
136 166 2
136 167 9
136 168 14
136 169 19
136 170 2
136 171 11
136 172 10
136 173 5
136 174 3
136 175 12
136 176 8
136 177 10
136 179 8
136 180 8
136 181 17
136 182 18
136 183 9
136 184 18
136 185 14
136 186 12
136 187 18
136 188 9
136 189 19
136 190 12
136 191 19
136 192 5
136 193 16
136 194 14
136 195 8
136 196 13
136 197 12
136 198 18
136 199 2
136 200 12
136 201 8
136 202 1
136 203 10
136 204 3
136 205 6
136 206 19
136 207 2
136 208 5
136 209 14
136 210 19
136 211 1
136 212 4
136 213 18
136 214 4
136 215 20
136 216 16
136 217 3
136 218 20
136 219 11
136 220 13
136 221 12
136 222 12
136 223 2
136 224 3
136 225 16
136 226 1
136 227 16
136 T 18
137 1 19
137 2 7
137 3 20
137 4 7
137 5 2
137 6 9
137 7 13
137 8 6
137 9 4
137 10 16
137 11 4
137 12 17
137 13 13
137 14 14
137 15 17
137 16 19
137 17 7
137 18 10
137 19 18
137 20 17
137 21 10
137 22 1
137 23 8
137 24 8
137 25 7
137 26 17
137 27 2
137 28 5
137 29 14
137 30 11
137 31 6
137 32 3
137 33 15
137 34 12
137 35 18
137 36 14
137 37 19
137 38 16
137 39 18
137 40 4
137 41 15
137 42 19
137 43 15
137 44 14
137 45 19
137 46 9
137 47 1
137 48 2
137 49 5
137 50 10
137 51 2
137 52 9
137 53 11
137 54 3
137 55 9
137 56 8
137 57 4
137 58 12
137 59 11
137 60 12
137 61 14
137 62 7
137 63 18
137 64 5
137 65 9
137 66 18
137 67 17
137 68 20
137 69 18
137 70 9
137 71 12
137 72 3
137 73 9
137 74 16
137 75 10
137 76 19
137 77 5
137 78 17
137 79 11
137 80 17
137 81 9
137 82 20
137 83 17
137 84 12
137 85 2
137 86 9
137 87 11
137 88 13
137 89 9
137 90 13
137 91 17
137 92 11
137 93 4
137 94 6
137 95 11
137 96 16
137 97 6
137 98 19
137 99 15
137 100 12
137 101 11
137 102 7
137 103 11
137 104 19
137 105 1
137 106 17
137 107 10
137 108 9
137 109 3
137 110 16
137 111 13
137 112 2
137 113 17
137 114 4
137 115 10
137 116 6
137 117 6
137 118 16
137 119 1
137 120 12
137 121 8
137 122 4
137 123 2
137 125 10
137 126 13
137 127 10
137 128 18
137 129 4
137 130 2
137 131 17
137 132 2
137 133 17
137 134 20
137 135 15
137 136 4
137 138 11
137 139 3
137 140 4
137 141 12
137 142 6
137 143 20
137 144 10
137 145 2
137 146 4
137 147 7
137 148 2
137 149 7
137 150 7
137 151 13
137 152 2
137 153 20
137 154 6
137 155 5
137 156 7
137 157 6
137 158 16
137 159 15
137 160 14
137 161 20
137 162 5
137 163 19
137 164 14
137 165 4
137 166 1
137 167 20
137 168 11
137 169 19
137 170 16
137 171 8
137 172 13
137 174 16
137 175 5
137 176 9
137 177 2
137 178 20
137 179 18
137 180 3
137 181 17
137 182 4
137 183 17
137 184 1
137 185 9
137 186 9
137 187 14
137 188 7
137 189 18
137 190 10
137 191 7
137 192 19
137 193 15
137 194 2
137 195 16
137 196 14
137 197 12
137 198 18
137 199 10
137 200 15
137 201 12
137 202 5
137 203 1
137 204 2
137 205 2
137 206 19
137 207 18
137 208 16
137 209 14
137 210 7
137 211 2
137 212 3
137 213 16
137 214 10
137 215 4
137 216 11
137 217 4
137 218 8
137 219 20
137 220 8
137 221 12
137 222 8
137 223 16
137 224 6
137 225 17
137 226 10
137 227 2
137 T 15
138 1 6
138 2 9
138 3 11
138 4 15
138 5 6
138 6 13
138 7 6
138 8 9
138 9 14
138 10 8
138 11 2
138 12 16
138 13 2
138 14 7
138 15 20
138 16 16
138 17 18
138 18 6
138 19 9
138 20 8
138 21 6
138 22 11
138 23 8
138 24 2
138 25 16
138 26 20
138 27 14
138 28 3
138 29 20
138 30 8
138 31 1
138 32 8
138 33 9
138 34 10
138 35 5
138 36 7
138 37 19
138 38 17
138 39 10
138 40 4
138 41 20
138 42 3
138 43 13
138 44 18
138 45 7
138 46 4
138 47 7
138 48 9
138 49 2
138 50 7
138 52 6
138 53 15
138 54 19
138 55 13
138 56 3
138 57 11
138 58 2
138 59 10
138 60 17
138 61 20
138 62 8
138 63 14
138 64 7
138 65 20
138 66 15
138 67 16
138 68 17
138 69 15
138 70 1
138 71 5
138 72 1
138 73 13
138 74 17
138 75 3
138 76 15
138 77 14
138 78 20
138 79 12
138 80 18
138 81 10
138 82 16
138 83 5
138 84 9
138 85 13
138 86 9
138 87 2
138 88 16
138 89 13
138 90 15
138 91 7
138 92 18
138 93 19
138 94 6
138 95 2
138 96 4
138 97 12
138 98 6
138 99 3
138 100 13
138 101 10
138 102 3
138 103 18
138 104 4
138 105 17
138 106 3
138 107 1
138 108 18
138 109 4
138 110 17
138 111 12
138 112 16
138 113 3
138 114 20
138 115 6
138 116 11
138 117 11
138 118 7
138 119 7
138 120 19
138 121 10
138 122 8
138 123 6
138 125 16
138 126 15
138 127 17
138 128 10
138 129 2
138 130 19
138 131 2
138 132 4
138 133 5
138 134 12
138 135 18
138 136 12
138 137 12
138 139 5
138 140 4
138 141 18
138 142 6
138 143 15
138 144 9
138 145 15
138 146 2
138 147 20
138 148 14
138 149 16
138 150 18
138 151 6
138 152 15
138 153 2
138 154 2
138 155 14
138 156 8
138 157 6
138 158 20
138 159 13
138 160 4
138 161 1
138 162 8
138 163 10
138 164 16
138 165 15
138 166 9
138 167 4
138 168 20
138 169 3
138 170 8
138 171 10
138 172 14
138 173 6
138 174 9
138 175 7
138 176 14
138 177 14
138 178 12
138 179 9
138 180 5
138 181 3
138 182 17
138 183 17
138 184 8
138 185 10
138 186 12
138 187 16
138 188 3
138 189 12
138 190 14
138 191 13
138 192 12
138 193 14
138 194 9
138 195 7
138 196 5
138 197 4
138 198 17
138 199 10
138 200 11
138 201 11
138 202 8
138 203 10
138 204 20
138 205 9
138 206 13
138 207 17
138 208 18
138 209 13
138 210 9
138 211 10
138 212 11
138 213 12
138 214 15
138 215 3
138 216 7
138 217 1
138 218 3
138 219 14
138 220 15
138 221 12
138 222 19
138 223 13
138 224 19
138 225 7
138 226 3
138 227 10
138 T 14
139 1 2
139 2 19
139 3 4
139 4 1
139 5 11
139 6 11
139 7 18
139 8 3
139 9 11
139 10 16
139 11 12
139 12 18
139 13 13
139 14 20
139 15 11
139 16 10
139 17 11
139 18 20
139 19 18
139 20 15
139 21 18
139 22 6
139 23 1
139 24 10
139 25 3
139 26 8
139 27 11
139 28 20
139 29 7
139 30 11
139 31 6
139 32 6
139 33 3
139 34 8
139 35 8
139 36 4
139 37 12
139 38 19
139 39 20
139 40 15
139 41 18
139 42 8
139 43 14
139 44 18
139 45 2
139 46 12
139 47 5
139 48 19
139 49 13
139 50 4
139 51 5
139 52 7
139 53 2
139 54 8
139 55 18
139 56 3
139 57 17
139 58 18
139 59 13
139 60 14
139 61 6
139 62 6
139 63 12
139 64 4
139 65 20
139 66 20
139 67 17
139 68 7
139 69 20
139 70 13
139 71 8
139 72 18
139 73 14
139 74 14
139 75 12
139 76 11
139 77 19
139 78 10
139 79 17
139 80 9
139 81 17
139 82 11
139 83 1
139 84 12
139 85 8
139 86 14
139 87 14
139 88 14
139 89 18
139 90 7
139 91 11
139 92 3
139 93 14
139 94 18
139 95 2
139 96 1
139 97 8
139 98 9
139 99 6
139 100 12
139 101 2
139 102 3
139 103 1
139 104 14
139 105 15
139 106 8
139 107 12
139 108 3
139 109 8
139 110 5
139 111 12
139 112 16
139 113 15
139 114 14
139 115 2
139 116 2
139 117 1
139 118 1
139 119 18
139 120 16
139 121 14
139 122 3
139 123 4
139 124 20
139 125 3
139 126 9
139 127 1
139 128 16
139 129 3
139 130 12
139 131 9
139 132 5
139 133 13
139 134 17
139 135 4
139 136 3
139 137 14
139 138 12
139 140 5
139 141 11
139 142 8
139 143 2
139 144 8
139 145 13
139 146 14
139 147 12
139 148 3
139 149 12
139 150 2
139 151 5
139 152 18
139 153 9
139 154 6
139 155 16
139 156 6
139 157 5
139 158 5
139 159 4
139 160 19
139 161 19
139 162 13
139 163 14
139 164 1
139 165 14
139 166 19
139 167 19
139 168 18
139 169 3
139 170 12
139 171 15
139 172 12
139 173 7
139 174 6
139 175 9
139 176 11
139 177 10
139 178 11
139 179 16
139 180 14
139 181 9
139 182 2
139 183 13
139 184 15
139 185 4
139 186 16
139 187 16
139 188 1
139 189 11
139 190 1
139 191 19
139 192 8
139 193 8
139 194 19
139 195 12
139 196 9
139 197 8
139 198 20
139 199 8
139 200 15
139 201 19
139 202 6
139 203 14
139 204 8
139 205 3
139 206 15
139 207 5
139 208 18
139 209 10
139 210 4
139 211 16
139 212 10
139 213 13
139 214 13
139 215 9
139 216 12
139 217 6
139 218 12
139 219 14
139 220 14
139 221 15
139 222 16
139 223 15
139 224 18
139 225 16
139 226 2
139 227 18
139 T 1
140 1 3
140 2 18
140 3 10
140 4 14
140 5 9
140 6 16
140 7 6
140 8 15
140 9 9
140 10 20
140 11 9
140 12 5
140 13 1
140 14 17
140 15 18
140 16 20
140 17 9
140 18 10
140 19 19
140 20 5
140 21 6
140 22 15
140 23 11
140 24 7
140 25 18
140 26 15
140 27 13
140 28 16
140 29 7
140 30 16
140 31 3
140 32 16
140 33 4
140 34 14
140 35 7
140 36 4
140 37 18
140 38 4
140 39 18
140 40 10
140 41 17
140 42 17
140 43 18
140 44 2
140 45 19
140 46 20
140 47 16
140 48 9
140 49 2
140 50 9
140 51 10
140 52 17
140 53 5
140 54 8
140 55 10
140 56 10
140 57 4
140 58 9
140 59 20
140 60 6
140 61 7
140 62 14
140 63 5
140 64 9
140 65 9
140 66 11
140 67 15
140 68 4
140 69 7
140 70 3
140 71 15
140 72 3
140 73 20
140 74 5
140 75 13
140 76 7
140 77 20
140 78 12
140 79 14
140 80 9
140 81 2
140 82 1
140 83 17
140 84 10
140 85 10
140 86 6
140 87 15
140 88 8
140 89 12
140 90 5
140 91 14
140 92 6
140 93 10
140 94 7
140 95 12
140 96 15
140 97 20
140 98 8
140 99 9
140 100 7
140 101 4
140 102 16
140 103 10
140 104 10
140 105 2
140 106 12
140 107 7
140 108 1
140 109 2
140 110 13
140 111 20
140 112 19
140 113 1
140 114 16
140 115 19
140 116 1
140 117 2
140 118 17
140 119 11
140 120 2
140 121 6
140 122 12
140 123 8
140 124 16
140 125 4
140 126 7
140 127 14
140 128 3
140 129 8
140 130 20
140 131 19
140 132 6
140 133 9
140 134 8
140 135 10
140 136 20
140 137 14
140 138 11
140 139 6
140 141 14
140 142 3
140 143 5
140 144 9
140 145 18
140 146 2
140 147 9
140 148 8
140 149 14
140 150 18
140 151 18
140 152 1
140 153 13
140 154 3
140 155 18
140 156 1
140 157 18
140 158 7
140 159 14
140 160 1
140 161 5
140 162 10
140 163 13
140 164 2
140 165 7
140 166 7
140 167 20
140 168 6
140 169 9
140 170 3
140 171 17
140 172 7
140 173 1
140 174 5
140 175 8
140 176 13
140 177 3
140 178 16
140 179 11
140 180 14
140 181 5
140 182 12
140 183 2
140 184 2
140 185 11
140 186 5
140 187 4
140 188 15
140 189 3
140 190 6
140 191 14
140 192 2
140 193 8
140 194 1
140 195 10
140 196 10
140 197 12
140 198 11
140 199 9
140 200 11
140 201 1
140 202 1
140 203 7
140 204 4
140 205 16
140 206 10
140 207 12
140 208 20
140 209 14
140 210 19
140 211 8
140 212 7
140 213 13
140 214 18
140 215 18
140 216 13
140 217 18
140 218 19
140 219 4
140 220 4
140 221 1
140 222 7
140 223 5
140 224 1
140 225 5
140 226 1
140 227 18
140 T 7
141 1 15
141 2 10
141 3 6
141 4 2
141 5 14
141 8 14
141 9 9
141 10 18
141 11 16
141 12 17
141 13 6
141 14 2
141 15 17
141 16 4
141 17 3
141 18 7
141 19 8
141 20 2
141 21 1
141 22 9
141 23 20
141 24 4
141 25 9
141 26 19
141 27 10
141 28 4
141 29 4
141 30 11
141 31 9
141 32 20
141 33 10
141 34 9
141 35 18
141 36 20
141 37 12
141 38 9
141 39 18
141 40 16
141 41 16
141 42 5
141 43 10
141 44 6
141 45 2
141 46 4
141 47 2
141 48 20
141 49 11
141 50 17
141 51 17
141 52 17
141 53 17
141 54 17
141 55 4
141 56 16
141 57 9
141 58 3
141 59 2
141 60 15
141 61 7
141 62 3
141 63 16
141 64 18
141 65 11
141 67 13
141 68 12
141 69 1
141 70 5
141 71 7
141 72 12
141 73 7
141 74 3
141 75 1
141 76 4
141 77 17
141 78 10
141 79 7
141 80 13
141 81 13
141 82 5
141 83 18
141 84 19
141 85 7
141 86 12
141 87 1
141 88 7
141 89 11
141 90 6
141 91 8
141 92 20
141 93 7
141 94 15
141 95 10
141 96 14
141 97 8
141 98 2
141 99 15
141 100 17
141 101 4
141 102 2
141 103 10
141 104 10
141 105 12
141 106 13
141 107 4
141 108 19
141 109 17
141 110 11
141 111 4
141 112 14
141 113 14
141 115 5
141 116 5
141 117 9
141 118 18
141 119 3
141 120 2
141 121 8
141 122 7
141 123 2
141 124 20
141 125 20
141 126 16
141 127 7
141 128 14
141 129 19
141 130 9
141 131 16
141 132 7
141 133 13
141 134 3
141 135 3
141 136 5
141 137 1
141 138 11
141 139 15
141 140 8
141 142 2
141 143 7
141 144 9
141 145 10
141 146 9
141 148 12
141 149 19
141 150 15
141 151 4
141 152 20
141 153 4
141 154 1
141 155 6
141 156 3
141 157 15
141 158 13
141 159 3
141 160 13
141 161 3
141 162 3
141 163 1
141 164 14
141 165 3
141 166 20
141 167 1
141 168 12
141 169 10
141 170 11
141 171 19
141 172 17
141 173 5
141 174 3
141 175 3
141 176 9
141 177 9
141 178 5
141 179 17
141 180 6
141 181 18
141 182 4
141 183 7
141 184 4
141 185 6
141 186 10
141 187 5
141 188 17
141 189 20
141 190 3
141 191 10
141 192 2
141 193 17
141 194 13
141 195 4
141 196 10
141 197 11
141 198 12
141 199 9
141 200 14
141 201 13
141 202 5
141 203 20
141 204 17
141 205 5
141 206 8
141 207 15
141 208 13
141 209 2
141 210 7
141 211 16
141 212 10
141 213 19
141 214 3
141 215 3
141 216 20
141 217 11
141 218 18
141 219 8
141 220 9
141 221 16
141 222 3
141 223 5
141 224 16
141 225 17
141 226 1
141 227 19
141 T 9
142 1 6
142 2 9
142 3 9
142 4 14
142 5 12
142 6 15
142 7 11
142 8 9
142 9 15
142 10 17
142 11 18
142 12 11
142 13 19
142 15 5
142 16 16
142 17 8
142 18 10
142 19 12
142 20 17
142 21 14
142 22 19
142 23 11
142 24 9
142 25 3
142 26 4
142 27 9
142 28 9
142 29 7
142 30 16
142 31 16
142 32 10
142 33 8
142 34 17
142 35 9
142 36 9
142 37 13
142 38 11
142 39 3
142 40 2
142 41 17
142 42 8
142 43 1
142 44 11
142 45 11
142 46 17
142 47 9
142 48 13
142 49 6
142 50 3
142 51 6
142 52 12
142 53 19
142 54 20
142 55 16
142 56 14
142 57 16
142 58 3
142 59 17
142 60 13
142 61 17
142 62 15
142 63 14
142 64 5
142 65 5
142 66 8
142 67 14
142 68 19
142 69 16
142 70 2
142 71 8
142 72 9
142 73 14
142 74 20
142 75 1
142 76 18
142 77 17
142 78 19
142 79 15
142 80 20
142 81 14
142 82 10
142 83 6
142 84 2
142 85 3
142 86 8
142 87 20
142 88 13
142 89 5
142 90 5
142 91 3
142 92 9
142 93 4
142 94 2
142 95 10
142 96 16
142 97 20
142 98 9
142 99 17
142 100 4
142 101 7
142 102 20
142 103 3
142 104 18
142 105 8
142 106 15
142 107 11
142 108 4
142 109 10
142 110 18
142 111 9
142 112 11
142 113 11
142 114 20
142 115 4
142 116 11
142 117 6
142 118 10
142 119 10
142 120 7
142 121 19
142 122 8
142 123 1
142 124 3
142 125 8
142 126 3
142 127 1
142 128 4
142 129 8
142 130 7
142 131 5
142 132 16
142 133 12
142 134 18
142 135 4
142 136 6
142 137 19
142 138 14
142 139 7
142 140 3
142 141 18
142 143 18
142 144 4
142 145 17
142 146 16
142 147 5
142 148 8
142 149 1
142 150 2
142 151 16
142 152 1
142 153 3
142 154 15
142 155 2
142 156 7
142 157 2
142 158 1
142 159 8
142 160 6
142 161 4
142 162 4
142 163 12
142 164 13
142 165 11
142 166 7
142 167 19
142 168 1
142 169 13
142 170 3
142 171 14
142 172 9
142 173 6
142 174 13
142 175 13
142 176 2
142 177 15
142 178 14
142 179 13
142 180 16
142 181 7
142 182 8
142 183 11
142 184 13
142 185 19
142 186 17
142 187 4
142 188 2
142 189 11
142 190 12
142 191 12
142 192 6
142 193 20
142 194 3
142 195 4
142 196 6
142 197 3
142 198 14
142 199 9
142 200 17
142 201 19
142 202 11
142 203 20
142 204 15
142 205 6
142 206 7
142 207 4
142 208 6
142 209 2
142 210 14
142 211 13
142 212 20
142 213 9
142 214 19
142 215 12
142 216 2
142 217 12
142 218 8
142 219 3
142 220 20
142 221 15
142 222 1
142 223 5
142 224 13
142 225 9
142 226 17
142 227 15
142 T 3
143 1 8
143 2 14
143 3 18
143 4 17
143 5 19
143 6 9
143 7 20
143 8 20
143 9 15
143 10 13
143 11 2
143 12 1
143 13 20
143 14 7
143 15 2
143 16 16
143 17 3
143 18 16
143 19 4
143 20 15
143 21 4
143 22 14
143 23 3
143 24 6
143 25 19
143 26 9
143 27 12
143 28 19
143 29 19
143 30 4
143 31 9
143 32 4
143 33 13
143 34 10
143 35 17
143 36 9
143 37 20
143 38 17
143 39 11
143 40 5
143 41 9
143 42 15
143 43 18
143 44 11
143 45 16
143 46 11
143 47 7
143 48 8
143 49 17
143 50 7
143 51 17
143 52 8
143 53 10
143 54 1
143 55 19
143 56 1
143 57 14
143 58 15
143 59 9
143 60 18
143 61 15
143 62 8
143 63 5
143 64 18
143 65 1
143 66 17
143 67 15
143 68 12
143 69 8
143 70 11
143 71 5
143 72 19
143 73 20
143 74 2
143 75 3
143 76 2
143 77 6
143 78 10
143 79 13
143 80 17
143 81 7
143 82 11
143 83 1
143 84 10
143 85 1
143 86 2
143 87 1
143 88 11
143 89 6
143 90 6
143 91 8
143 92 13
143 93 11
143 94 15
143 95 3
143 96 5
143 97 6
143 98 19
143 99 5
143 100 5
143 101 16
143 102 13
143 103 3
143 104 13
143 105 5
143 106 17
143 107 8
143 108 5
143 109 16
143 110 17
143 111 9
143 112 12
143 113 1
143 114 9
143 115 2
143 116 13
143 117 11
143 118 14
143 119 8
143 120 2
143 121 18
143 122 17
143 123 10
143 124 7
143 125 18
143 126 19
143 127 18
143 128 7
143 129 17
143 130 20
143 131 7
143 132 19
143 133 12
143 134 7
143 135 11
143 136 18
143 137 20
143 138 8
143 139 10
143 140 2
143 141 20
143 142 18
143 144 6
143 145 20
143 146 1
143 147 17
143 148 14
143 149 8
143 150 17
143 151 14
143 152 4
143 153 11
143 154 16
143 155 11
143 156 10
143 157 13
143 158 20
143 159 8
143 160 1
143 161 3
143 162 18
143 163 7
143 164 2
143 165 15
143 166 2
143 167 7
143 168 1
143 169 11
143 170 10
143 171 15
143 172 10
143 173 1
143 174 17
143 175 10
143 176 6
143 177 8
143 178 14
143 179 16
143 180 13
143 181 12
143 182 9
143 183 2
143 184 8
143 185 15
143 186 10
143 187 6
143 188 16
143 189 11
143 190 14
143 191 9
143 192 1
143 193 10
143 194 6
143 195 12
143 196 7
143 197 11
143 198 11
143 199 2
143 200 4
143 201 19
143 202 6
143 203 10
143 204 10
143 205 15
143 207 14
143 208 8
143 209 2
143 210 8
143 211 9
143 212 2
143 213 20
143 214 2
143 215 17
143 216 19
143 217 5
143 218 1
143 219 18
143 220 18
143 221 2
143 222 10
143 223 12
143 224 8
143 225 18
143 226 9
143 227 12
143 T 9
144 1 1
144 2 10
144 3 18
144 4 2
144 5 9
144 6 10
144 7 6
144 8 16
144 9 18
144 10 16
144 11 9
144 12 5
144 13 17
144 14 9
144 15 11
144 16 13
144 17 9
144 18 16
144 19 20
144 20 18
144 21 16
144 22 10
144 23 16
144 24 17
144 25 8
144 26 1
144 27 1
144 28 11
144 29 17
144 30 15
144 31 14
144 32 12
144 33 9
144 34 15
144 35 6
144 36 2
144 37 7
144 38 15
144 39 8
144 40 17
144 41 20
144 42 7
144 43 15
144 44 17
144 45 9
144 46 17
144 47 10
144 48 14
144 49 6
144 50 15
144 51 1
144 52 5
144 53 10
144 54 19
144 55 6
144 56 2
144 57 16
144 58 6
144 59 13
144 60 19
144 61 12
144 62 19
144 63 1
144 64 9
144 65 9
144 66 13
144 67 12
144 68 18
144 69 3
144 70 3
144 71 20
144 72 12
144 73 19
144 74 14
144 75 16
144 76 8
144 77 10
144 78 7
144 79 4
144 80 13
144 81 9
144 82 11
144 83 12
144 84 17
144 85 6
144 86 16
144 87 15
144 88 6
144 89 18
144 90 1
144 91 3
144 92 16
144 93 18
144 94 9
144 95 19
144 96 14
144 97 9
144 98 13
144 99 2
144 100 10
144 101 14
144 102 4
144 103 19
144 104 20
144 105 1
144 106 9
144 107 1
144 108 18
144 109 8
144 110 17
144 111 9
144 112 20
144 113 5
144 114 9
144 115 9
144 116 8
144 117 15
144 118 14
144 119 14
144 120 8
144 121 4
144 122 6
144 123 7
144 124 8
144 125 2
144 126 16
144 127 15
144 128 5
144 129 11
144 130 14
144 131 5
144 132 1
144 133 19
144 134 9
144 135 7
144 136 1
144 137 7
144 138 19
144 139 14
144 140 7
144 141 2
144 142 12
144 143 9
144 146 1
144 147 20
144 148 5
144 149 14
144 150 11
144 151 20
144 152 10
144 153 11
144 154 8
144 155 10
144 156 3
144 157 15
144 158 1
144 159 11
144 160 17
144 161 8
144 162 11
144 163 16
144 164 13
144 165 7
144 166 19
144 167 14
144 168 17
144 169 20
144 170 5
144 171 5
144 172 8
144 173 19
144 174 19
144 175 4
144 176 2
144 177 10
144 178 18
144 179 20
144 180 18
144 181 15
144 182 11
144 183 19
144 184 9
144 185 13
144 186 4
144 187 1
144 188 14
144 189 16
144 190 8
144 191 9
144 192 18
144 193 11
144 194 5
144 195 15
144 196 4
144 197 15
144 198 6
144 199 19
144 200 5
144 201 19
144 202 6
144 203 2
144 204 2
144 205 8
144 206 18
144 207 10
144 208 19
144 209 14
144 210 2
144 211 18
144 212 11
144 213 19
144 214 12
144 215 7
144 216 20
144 217 6
144 218 6
144 219 5
144 220 4
144 221 12
144 222 9
144 223 20
144 224 2
144 225 2
144 226 18
144 227 9
144 T 15
145 1 17
145 2 19
145 4 15
145 5 17
145 6 14
145 7 10
145 8 19
145 9 14
145 10 10
145 11 2
145 12 11
145 13 20
145 14 7
145 15 2
145 16 12
145 17 6
145 18 20
145 19 6
145 20 12
145 21 13
145 22 3
145 23 10
145 24 2
145 25 7
145 26 18
145 27 12
145 28 18
145 29 1
145 30 16
145 31 20
145 32 4
145 33 3
145 34 5
145 35 3
145 36 15
145 37 11
145 38 4
145 39 16
145 40 18
145 41 4
145 42 12
145 43 6
145 44 9
145 45 11
145 47 3
145 48 12
145 49 10
145 50 11
145 51 9
145 52 9
145 53 18
145 54 3
145 55 17
145 56 18
145 57 13
145 58 4
145 59 11
145 60 17
145 61 14
145 62 11
145 63 1
145 64 12
145 65 8
145 66 16
145 67 16
145 68 18
145 69 2
145 70 20
145 71 11
145 72 16
145 73 6
145 74 8
145 75 16
145 76 19
145 77 20
145 78 12
145 79 4
145 80 4
145 81 15
145 82 11
145 83 16
145 84 17
145 85 15
145 86 16
145 87 2
145 88 16
145 89 20
145 90 18
145 91 4
145 92 7
145 93 11
145 94 11
145 95 12
145 96 3
145 97 8
145 98 17
145 99 8
145 100 10
145 101 17
145 102 16
145 104 1
145 105 17
145 106 7
145 107 13
145 108 19
145 109 14
145 110 4
145 111 6
145 112 19
145 113 10
145 114 12
145 115 2
145 116 11
145 117 9
145 118 16
145 119 15
145 120 14
145 121 4
145 122 16
145 123 12
145 124 9
145 125 2
145 126 3
145 127 15
145 128 20
145 129 18
145 130 2
145 131 16
145 132 2
145 133 17
145 134 19
145 135 5
145 136 13
145 138 17
145 139 1
145 140 17
145 141 18
145 142 13
145 143 9
145 144 8
145 146 8
145 147 1
145 148 7
145 149 3
145 150 11
145 151 15
145 152 2
145 153 13
145 154 8
145 155 14
145 156 1
145 157 14
145 158 1
145 159 5
145 160 3
145 161 1
145 162 2
145 163 14
145 164 13
145 165 16
145 166 13
145 167 10
145 168 12
145 169 9
145 170 19
145 171 13
145 172 1
145 173 17
145 174 9
145 175 14
145 176 9
145 177 2
145 178 4
145 179 6
145 180 17
145 181 9
145 182 1
145 183 7
145 184 17
145 185 14
145 186 15
145 187 7
145 188 10
145 189 17
145 190 11
145 191 8
145 192 4
145 193 6
145 194 2
145 195 14
145 196 2
145 197 5
145 199 19
145 200 18
145 201 9
145 202 18
145 203 9
145 204 18
145 205 19
145 206 13
145 207 7
145 208 10
145 209 6
145 210 4
145 211 16
145 212 11
145 213 13
145 214 7
145 215 7
145 216 6
145 217 11
145 218 7
145 219 16
145 220 20
145 221 2
145 222 4
145 223 13
145 224 17
145 225 7
145 226 2
145 227 12
146 1 20
146 2 18
146 3 5
146 4 9
146 5 15
146 6 5
146 7 19
146 8 8
146 9 10
146 11 4
146 12 7
146 13 17
146 14 5
146 15 10
146 16 14
146 17 5
146 18 16
146 19 4
146 20 17
146 21 6
146 22 1
146 23 13
146 24 13
146 25 20
146 26 13
146 27 13
146 28 4
146 29 19
146 30 6
146 31 3
146 32 16
146 33 1
146 34 4
146 35 15
146 36 4
146 37 13
146 38 2
146 39 18
146 40 1
146 41 15
146 43 2
146 44 12
146 45 15
146 46 10
146 47 16
146 48 15
146 49 6
146 50 4
146 51 18
146 52 6
146 53 4
146 54 1
146 55 15
146 56 18
146 57 4
146 58 17
146 59 16
146 60 19
146 61 6
146 62 3
146 63 8
146 64 6
146 65 20
146 66 2
146 67 8
146 68 18
146 69 17
146 70 10
146 71 6
146 72 6
146 73 19
146 74 2
146 75 1
146 76 3
146 77 12
146 78 13
146 79 18
146 80 10
146 81 15
146 82 1
146 83 11
146 84 9
146 85 14
146 86 11
146 87 6
146 88 14
146 89 12
146 90 16
146 91 9
146 92 5
146 93 4
146 94 11
146 95 12
146 96 19
146 97 4
146 98 2
146 99 20
146 100 20
146 101 10
146 102 10
146 103 7
146 104 7
146 105 12
146 106 7
146 107 20
146 108 18
146 109 14
146 110 17
146 111 14
146 112 9
146 113 9
146 114 20
146 115 20
146 116 9
146 117 6
146 118 12
146 119 8
146 120 6
146 121 6
146 122 18
146 123 13
146 124 11
146 125 19
146 126 5
146 127 8
146 128 15
146 129 16
146 130 5
146 131 20
146 132 19
146 133 19
146 134 2
146 135 11
146 136 7
146 137 17
146 138 12
146 139 17
146 140 4
146 141 20
146 142 10
146 143 7
146 144 2
146 145 18
146 147 6
146 148 12
146 149 13
146 150 11
146 151 6
146 152 15
146 153 6
146 154 9
146 155 3
146 156 17
146 157 4
146 158 19
146 159 5
146 160 5
146 161 14
146 162 18
146 163 5
146 164 18
146 165 5
146 166 10
146 167 15
146 168 6
146 169 5
146 170 6
146 171 8
146 172 1
146 173 16
146 174 15
146 175 17
146 176 5
146 177 6
146 178 7
146 179 9
146 180 2
146 181 14
146 182 2
146 183 13
146 184 6
146 185 7
146 186 17
146 187 15
146 188 14
146 189 9
146 190 14
146 191 15
146 192 2
146 193 6
146 194 6
146 195 19
146 196 1
146 197 8
146 198 11
146 199 18
146 200 2
146 201 9
146 202 5
146 203 3
146 204 8
146 205 15
146 206 6
146 207 6
146 208 15
146 209 15
146 210 6
146 211 5
146 212 20
146 213 15
146 214 3
146 215 18
146 216 19
146 217 5
146 218 10
146 219 14
146 220 15
146 221 9
146 222 9
146 223 16
146 224 18
146 225 20
146 226 8
146 227 1
146 T 9
147 1 12
147 2 5
147 3 20
147 4 14
147 5 7
147 6 16
147 7 17
147 8 9
147 9 3
147 10 11
147 11 20
147 12 9
147 13 13
147 14 6
147 15 11
147 16 2
147 17 13
147 18 12
147 19 5
147 20 11
147 21 2
147 22 20
147 23 10
147 24 15
147 25 20
147 26 4
147 27 2
147 28 7
147 29 8
147 30 4
147 31 20
147 32 10
147 33 11
147 34 1
147 35 6
147 36 13
147 37 9
147 38 8
147 39 9
147 40 9
147 41 16
147 42 9
147 43 8
147 44 2
147 45 10
147 46 8
147 47 2
147 48 14
147 49 10
147 50 11
147 51 1
147 52 13
147 53 18
147 54 12
147 55 12
147 56 11
147 57 17
147 58 1
147 59 6
147 60 7
147 61 17
147 62 16
147 63 4
147 64 11
147 65 17
147 66 5
147 67 15
147 68 17
147 69 15
147 70 13
147 71 11
147 72 3
147 73 1
147 74 14
147 75 17
147 76 14
147 77 17
147 78 9
147 79 10
147 80 2
147 81 16
147 82 10
147 83 14
147 84 11
147 85 18
147 86 7
147 87 16
147 88 13
147 89 18
147 90 8
147 91 6
147 92 18
147 93 18
147 94 18
147 95 18
147 96 19
147 97 14
147 98 16
147 99 18
147 100 19
147 101 18
147 102 9
147 103 3
147 104 13
147 105 15
147 106 11
147 107 15
147 108 20
147 109 2
147 110 13
147 111 1
147 112 15
147 113 1
147 114 12
147 115 2
147 116 17
147 117 6
147 118 11
147 119 8
147 120 13
147 121 11
147 122 9
147 123 19
147 124 12
147 125 15
147 126 1
147 127 15
147 128 2
147 129 16
147 130 13
147 131 5
147 132 18
147 133 9
147 134 9
147 135 5
147 136 9
147 137 2
147 138 13
147 139 7
147 140 4
147 141 16
147 142 4
147 143 16
147 144 5
147 145 9
147 146 10
147 148 13
147 149 11
147 150 13
147 151 20
147 152 17
147 153 14
147 154 17
147 155 2
147 156 3
147 157 11
147 158 20
147 159 11
147 160 18
147 161 11
147 162 12
147 163 7
147 164 9
147 165 19
147 166 10
147 167 13
147 168 8
147 169 9
147 170 9
147 171 16
147 172 19
147 173 3
147 174 13
147 175 14
147 176 16
147 177 10
147 178 12
147 179 15
147 180 12
147 181 10
147 182 11
147 183 2
147 184 6
147 185 14
147 186 8
147 187 10
147 188 16
147 189 11
147 190 2
147 191 14
147 192 13
147 193 7
147 194 7
147 195 13
147 196 17
147 197 13
147 198 14
147 199 9
147 200 8
147 201 5
147 202 7
147 203 3
147 204 8
147 205 20
147 206 19
147 207 15
147 208 10
147 209 10
147 210 2
147 211 6
147 212 3
147 213 3
147 214 3
147 215 5
147 216 2
147 217 19
147 218 15
147 219 2
147 220 6
147 221 12
147 222 20
147 223 7
147 224 10
147 225 19
147 226 4
147 227 1
147 T 1
148 1 12
148 2 9
148 3 11
148 4 3
148 5 12
148 6 13
148 7 15
148 8 6
148 9 3
148 10 19
148 11 4
148 12 8
148 13 11
148 14 7
148 15 13
148 16 4
148 17 1
148 18 16
148 19 2
148 20 7
148 21 9
148 22 8
148 23 8
148 24 9
148 25 4
148 26 16
148 28 9
148 29 14
148 30 1
148 31 3
148 32 17
148 33 6
148 34 3
148 35 4
148 36 12
148 37 17
148 38 16
148 39 6
148 40 17
148 41 10
148 42 2
148 43 17
148 44 10
148 45 16
148 46 15
148 47 14
148 48 12
148 49 11
148 50 11
148 51 10
148 52 3
148 53 3
148 54 4
148 55 6
148 56 16
148 57 9
148 58 16
148 59 3
148 60 4
148 61 5
148 62 7
148 63 11
148 64 4
148 65 14
148 66 6
148 67 15
148 68 20
148 69 8
148 70 8
148 71 4
148 72 11
148 73 14
148 74 3
148 75 7
148 76 18
148 77 13
148 78 16
148 79 13
148 80 1
148 81 15
148 82 19
148 83 20
148 84 8
148 85 12
148 86 4
148 87 18
148 88 6
148 89 13
148 90 6
148 91 19
148 92 3
148 93 6
148 94 8
148 95 2
148 96 11
148 97 16
148 98 16
148 99 20
148 100 2
148 101 11
148 102 11
148 103 10
148 104 12
148 105 8
148 106 8
148 107 12
148 108 4
148 109 14
148 110 8
148 111 3
148 112 12
148 113 7
148 114 9
148 115 1
148 116 13
148 117 15
148 118 13
148 119 14
148 120 15
148 121 4
148 122 8
148 123 1
148 124 11
148 125 13
148 126 13
148 127 9
148 128 11
148 129 1
148 130 9
148 131 4
148 132 16
148 133 3
148 134 10
148 135 1
148 136 15
148 137 8
148 138 17
148 139 19
148 140 1
148 141 7
148 142 20
148 143 19
148 144 13
148 145 5
148 146 1
148 147 20
148 149 15
148 150 7
148 151 2
148 152 15
148 153 5
148 154 3
148 155 3
148 156 6
148 157 1
148 158 2
148 159 17
148 160 4
148 161 5
148 162 9
148 163 9
148 164 7
148 165 6
148 166 1
148 167 9
148 169 5
148 170 13
148 171 4
148 172 17
148 173 14
148 174 3
148 175 1
148 176 2
148 177 4
148 178 5
148 179 9
148 180 6
148 181 6
148 182 17
148 183 17
148 184 20
148 185 7
148 186 4
148 187 17
148 188 10
148 189 8
148 190 1
148 191 15
148 192 14
148 193 5
148 194 8
148 195 11
148 196 17
148 197 3
148 198 6
148 199 2
148 200 14
148 201 15
148 202 7
148 203 13
148 204 14
148 205 5
148 206 16
148 207 12
148 208 20
148 209 1
148 210 12
148 211 5
148 212 15
148 213 12
148 214 17
148 215 7
148 216 9
148 217 5
148 218 17
148 219 1
148 220 17
148 221 2
148 222 13
148 223 12
148 224 11
148 225 5
148 226 5
148 227 16
148 T 2
149 1 18
149 2 13
149 3 14
149 4 2
149 5 2
149 6 8
149 7 13
149 8 19
149 9 5
149 10 14
149 11 10
149 12 14
149 13 11
149 14 18
149 15 14
149 16 3
149 17 16
149 18 15
149 19 8
149 20 20
149 21 6
149 22 15
149 23 15
149 24 14
149 25 7
149 26 18
149 27 6
149 28 9
149 29 11
149 30 4
149 31 7
149 32 11
149 33 14
149 34 5
149 35 2
149 36 14
149 37 9
149 38 10
149 39 13
149 40 3
149 41 12
149 42 9
149 43 1
149 44 3
149 45 9
149 46 13
149 47 11
149 48 17
149 49 15
149 50 6
149 51 16
149 52 8
149 53 19
149 54 19
149 55 14
149 56 12
149 57 12
149 58 4
149 59 17
149 60 6
149 61 9
149 62 17
149 63 9
149 64 5
149 65 6
149 66 12
149 67 13
149 68 11
149 69 3
149 70 20
149 71 9
149 72 3
149 73 11
149 74 7
149 75 4
149 76 15
149 77 13
149 78 7
149 79 2
149 80 17
149 81 10
149 82 10
149 83 2
149 84 6
149 85 10
149 86 4
149 87 18
149 88 9
149 89 8
149 90 6
149 91 8
149 92 1
149 93 18
149 94 4
149 95 6
149 96 5
149 97 8
149 98 5
149 99 16
149 100 12
149 101 1
149 102 14
149 103 12
149 104 6
149 105 13
149 106 15
149 107 6
149 108 9
149 109 1
149 110 5
149 111 7
149 112 6
149 113 10
149 114 16
149 115 18
149 116 5
149 118 14
149 119 5
149 120 9
149 121 18
149 122 9
149 123 9
149 124 3
149 125 16
149 127 15
149 128 14
149 129 5
149 130 13
149 131 17
149 132 12
149 133 8
149 134 12
149 135 10
149 136 14
149 137 9
149 138 3
149 139 9
149 140 9
149 141 18
149 142 19
149 143 19
149 144 18
149 145 6
149 146 1
149 147 12
149 148 13
149 150 10
149 151 14
149 152 18
149 153 5
149 154 3
149 155 5
149 156 4
149 157 8
149 158 5
149 159 15
149 160 1
149 161 10
149 162 2
149 163 15
149 164 4
149 165 8
149 166 15
149 167 9
149 168 16
149 169 1
149 170 4
149 171 1
149 172 4
149 173 7
149 174 15
149 175 5
149 176 2
149 177 4
149 178 4
149 179 20
149 180 10
149 181 1
149 182 6
149 183 16
149 184 14
149 185 16
149 186 12
149 187 17
149 188 6
149 189 13
149 190 8
149 191 8
149 192 13
149 193 19
149 194 17
149 195 15
149 196 20
149 197 1
149 198 1
149 199 9
149 200 14
149 201 7
149 202 18
149 203 20
149 204 7
149 205 13
149 206 12
149 207 17
149 208 14
149 209 18
149 210 7
149 212 16
149 213 16
149 214 6
149 215 20
149 216 7
149 217 10
149 218 12
149 219 5
149 220 20
149 221 6
149 222 12
149 223 7
149 224 8
149 225 20
149 226 5
149 227 5
149 T 20
150 1 9
150 2 9
150 3 15
150 4 17
150 5 18
150 6 11
150 7 13
150 8 10
150 9 3
150 10 8
150 11 9
150 12 20
150 13 14
150 14 2
150 15 12
150 16 7
150 17 6
150 18 11
150 19 3
150 20 8
150 21 14
150 22 3
150 23 20
150 24 4
150 25 2
150 26 11
150 27 12
150 28 2
150 29 9
150 30 14
150 31 15
150 32 1
150 33 16
150 34 9
150 35 15
150 36 18
150 37 8
150 38 8
150 39 16
150 40 16
150 41 13
150 42 9
150 43 15
150 44 19
150 45 10
150 46 19
150 47 9
150 48 5
150 49 15
150 50 17
150 51 17
150 52 4
150 53 7
150 54 7
150 55 20
150 56 8
150 57 10
150 58 14
150 59 15
150 60 13
150 61 3
150 62 6
150 63 8
150 64 7
150 65 8
150 66 12
150 67 17
150 68 3
150 69 20
150 70 16
150 71 4
150 72 11
150 73 18
150 74 15
150 75 1
150 76 17
150 77 6
150 78 7
150 79 17
150 80 4
150 81 11
150 82 8
150 83 14
150 84 13
150 85 9
150 86 7
150 87 16
150 88 4
150 89 11
150 90 8
150 91 15
150 92 20
150 93 11
150 94 8
150 95 1
150 96 20
150 97 18
150 98 1
150 99 6
150 100 18
150 101 17
150 102 1
150 103 15
150 104 15
150 105 10
150 106 5
150 107 16
150 108 7
150 109 16
150 110 16
150 111 6
150 112 6
150 113 15
150 114 4
150 115 15
150 116 2
150 117 16
150 118 12
150 119 3
150 120 9
150 121 18
150 122 1
150 123 14
150 124 1
150 125 14
150 126 2
150 127 10
150 128 19
150 129 14
150 130 7
150 131 19
150 132 3
150 133 10
150 134 5
150 135 15
150 136 20
150 137 9
150 138 3
150 139 10
150 140 11
150 141 12
150 142 6
150 143 16
150 144 18
150 145 3
150 146 18
150 147 1
150 148 12
150 149 18
150 151 10
150 152 7
150 153 15
150 154 16
150 155 3
150 156 4
150 157 12
150 158 14
150 159 2
150 160 11
150 161 13
150 162 2
150 163 20
150 164 2
150 165 9
150 166 4
150 167 19
150 168 4
150 169 16
150 170 10
150 171 3
150 172 5
150 173 12
150 174 4
150 175 20
150 176 1
150 177 3
150 178 12
150 179 8
150 180 13
150 181 19
150 183 16
150 184 19
150 185 4
150 186 7
150 187 16
150 188 5
150 189 1
150 190 11
150 191 20
150 192 15
150 193 20
150 194 18
150 195 16
150 196 7
150 197 7
150 198 8
150 199 18
150 200 2
150 201 5
150 202 19
150 203 12
150 204 12
150 205 10
150 206 8
150 207 5
150 208 8
150 209 5
150 210 5
150 211 20
150 212 7
150 213 18
150 214 13
150 215 6
150 216 4
150 217 18
150 218 8
150 219 6
150 220 12
150 221 7
150 222 12
150 223 11
150 224 5
150 225 11
150 226 11
150 227 2
150 T 15
151 1 3
151 2 12
151 3 6
151 4 12
151 5 10
151 6 11
151 7 8
151 8 4
151 9 4
151 10 5
151 11 10
151 12 14
151 13 10
151 14 14
151 15 12
151 16 4
151 17 13
151 18 7
151 19 15
151 20 3
151 21 8
151 22 12
151 23 5
151 24 5
151 25 7
151 26 6
151 27 8
151 28 6
151 29 4
151 30 11
151 31 2
151 32 20
151 33 18
151 34 12
151 35 4
151 36 7
151 37 6
151 38 16
151 39 1
151 40 17
151 41 3
151 42 19
151 43 14
151 44 2
151 45 16
151 46 4
151 47 18
151 48 9
151 49 9
151 50 7
151 51 16
151 52 9
151 53 3
151 54 20
151 55 3
151 56 7
151 57 12
151 58 1
151 59 9
151 60 3
151 61 3
151 62 12
151 63 11
151 64 15
151 65 6
151 66 3
151 67 14
151 68 19
151 69 6
151 70 8
151 71 14
151 72 8
151 73 6
151 74 16
151 75 16
151 76 6
151 77 20
151 78 4
151 79 16
151 80 2
151 81 4
151 82 2
151 83 7
151 84 6
151 85 20
151 86 8
151 87 10
151 88 17
151 89 20
151 90 1
151 91 1
151 92 18
151 93 5
151 94 3
151 95 15
151 96 14
151 97 2
151 98 8
151 99 16
151 100 3
151 101 5
151 102 2
151 103 4
151 104 6
151 105 12
151 106 18
151 107 18
151 108 8
151 109 15
151 110 9
151 111 19
151 112 16
151 113 14
151 114 13
151 115 1
151 116 13
151 117 5
151 118 18
151 119 2
151 120 5
151 121 7
151 122 11
151 123 4
151 124 4
151 125 16
151 126 19
151 127 6
151 128 5
151 129 20
151 130 13
151 131 15
151 132 18
151 133 16
151 134 13
151 135 20
151 136 10
151 137 16
151 138 17
151 139 4
151 140 15
151 141 17
151 142 2
151 143 14
151 144 4
151 145 5
151 146 16
151 147 7
151 148 8
151 149 20
151 150 8
151 152 18
151 153 7
151 154 17
151 155 19
151 156 13
151 157 15
151 158 16
151 159 8
151 160 1
151 161 7
151 162 6
151 163 10
151 164 10
151 165 2
151 166 3
151 167 2
151 168 12
151 169 15
151 170 7
151 171 4
151 173 13
151 174 17
151 175 10
151 176 9
151 177 18
151 178 10
151 179 2
151 180 2
151 181 18
151 182 11
151 183 5
151 184 5
151 185 6
151 186 8
151 187 8
151 188 14
151 189 8
151 190 2
151 191 8
151 192 17
151 193 9
151 194 8
151 195 16
151 196 20
151 197 9
151 198 4
151 199 5
151 200 14
151 201 9
151 202 18
151 203 7
151 204 7
151 205 11
151 206 9
151 207 13
151 208 16
151 209 15
151 210 4
151 211 4
151 212 11
151 213 18
151 214 19
151 215 7
151 216 20
151 217 7
151 218 10
151 219 1
151 220 4
151 221 7
151 222 13
151 223 13
151 224 8
151 225 15
151 226 10
151 227 14
151 T 17
152 1 13
152 2 1
152 3 15
152 4 8
152 5 17
152 6 9
152 7 18
152 8 5
152 9 19
152 10 1
152 11 18
152 12 3
152 13 16
152 14 2
152 15 17
152 16 19
152 17 4
152 18 19
152 19 3
152 20 2
152 21 5
152 22 4
152 23 15
152 24 16
152 25 5
152 27 14
152 28 12
152 29 10
152 30 5
152 31 17
152 32 1
152 33 7
152 34 17
152 35 20
152 36 2
152 37 9
152 38 18
152 39 5
152 40 14
152 41 18
152 42 10
152 43 20
152 44 3
152 45 5
152 46 3
152 47 14
152 48 11
152 49 10
152 50 15
152 51 16
152 52 15
152 54 10
152 55 16
152 56 2
152 57 5
152 58 14
152 59 13
152 60 12
152 61 13
152 62 12
152 63 5
152 64 16
152 65 17
152 66 12
152 67 4
152 68 13
152 69 3
152 70 8
152 71 11
152 72 10
152 73 11
152 74 8
152 75 7
152 76 17
152 77 2
152 78 14
152 79 3
152 80 4
152 81 10
152 82 11
152 83 3
152 84 17
152 85 16
152 86 12
152 87 3
152 88 8
152 89 5
152 90 18
152 91 18
152 92 13
152 93 1
152 94 4
152 95 17
152 96 7
152 97 5
152 98 14
152 99 10
152 100 3
152 101 4
152 102 8
152 103 3
152 104 17
152 105 13
152 106 2
152 107 8
152 108 7
152 109 2
152 110 3
152 111 11
152 112 6
152 113 3
152 114 10
152 115 20
152 116 2
152 117 18
152 118 7
152 119 6
152 120 5
152 121 12
152 122 20
152 123 9
152 124 3
152 125 2
152 126 1
152 127 14
152 128 14
152 129 8
152 130 5
152 131 19
152 132 16
152 133 12
152 134 4
152 135 14
152 136 6
152 137 14
152 138 8
152 139 15
152 140 16
152 141 14
152 142 9
152 143 7
152 144 16
152 145 2
152 146 13
152 147 11
152 148 12
152 149 19
152 150 9
152 151 7
152 153 8
152 154 20
152 155 15
152 156 14
152 157 15
152 158 7
152 159 20
152 160 17
152 161 11
152 162 4
152 163 9
152 164 16
152 165 2
152 166 19
152 167 17
152 168 8
152 169 8
152 170 11
152 171 12
152 172 3
152 173 7
152 174 7
152 175 7
152 176 10
152 177 3
152 178 4
152 179 9
152 180 13
152 181 1
152 182 10
152 183 18
152 184 16
152 185 14
152 186 6
152 187 16
152 188 15
152 189 12
152 190 12
152 191 15
152 192 5
152 193 16
152 194 11
152 195 7
152 196 18
152 197 9
152 198 1
152 199 17
152 200 15
152 201 1
152 202 17
152 203 19
152 204 13
152 205 2
152 206 11
152 207 15
152 208 3
152 209 7
152 210 7
152 211 5
152 213 11
152 214 13
152 215 17
152 216 3
152 217 1
152 218 16
152 219 15
152 220 18
152 221 16
152 222 6
152 223 13
152 224 7
152 225 18
152 226 1
152 227 14
152 T 14
153 1 10
153 2 1
153 3 2
153 4 5
153 5 14
153 6 13
153 7 1
153 8 14
153 9 2
153 10 8
153 11 14
153 12 11
153 13 2
153 14 14
153 15 16
153 16 6
153 17 11
153 18 17
153 19 16
153 20 4
153 21 4
153 22 20
153 23 20
153 24 3
153 25 14
153 26 5
153 27 8
153 28 2
153 29 15
153 30 11
153 31 7
153 32 5
153 33 12
153 34 15
153 35 11
153 36 9
153 37 4
153 38 11
153 39 8
153 40 8
153 41 10
153 42 13
153 43 16
153 44 16
153 45 2
153 46 1
153 47 8
153 48 3
153 49 17
153 50 17
153 51 20
153 52 15
153 53 13
153 54 6
153 55 14
153 56 4
153 57 1
153 58 10
153 59 18
153 60 20
153 61 4
153 62 9
153 63 4
153 64 5
153 65 14
153 66 11
153 67 2
153 68 5
153 69 3
153 70 8
153 71 20
153 72 16
153 73 3
153 74 17
153 75 3
153 76 15
153 78 2
153 79 7
153 80 6
153 81 4
153 82 17
153 83 16
153 84 5
153 85 5
153 86 5
153 87 20
153 89 5
153 90 16
153 91 1
153 92 20
153 93 19
153 94 5
153 95 2
153 96 18
153 97 3
153 98 14
153 99 16
153 100 5
153 101 6
153 102 11
153 103 8
153 104 2
153 105 16
153 106 3
153 107 20
153 108 10
153 109 10
153 110 8
153 111 7
153 112 16
153 113 12
153 114 9
153 115 8
153 116 16
153 117 11
153 118 15
153 119 17
153 120 5
153 121 4
153 122 4
153 123 15
153 124 5
153 125 18
153 126 10
153 127 9
153 128 4
153 129 12
153 130 8
153 131 10
153 132 2
153 133 12
153 134 6
153 136 20
153 137 10
153 138 6
153 139 16
153 140 1
153 141 17
153 142 16
153 143 4
153 144 10
153 145 7
153 147 20
153 148 3
153 149 12
153 150 14
153 151 11
153 152 14
153 154 17
153 155 19
153 156 7
153 157 18
153 158 9
153 159 7
153 160 9
153 161 6
153 162 4
153 163 3
153 164 12
153 165 13
153 166 12
153 167 20
153 168 8
153 169 10
153 170 20
153 171 12
153 172 20
153 173 1
153 174 17
153 175 13
153 176 19
153 177 18
153 178 6
153 179 8
153 180 10
153 181 3
153 182 13
153 183 2
153 184 2
153 185 13
153 186 12
153 187 2
153 188 5
153 189 16
153 190 14
153 191 9
153 192 9
153 193 9
153 194 6
153 195 9
153 196 16
153 197 15
153 198 10
153 199 4
153 201 10
153 202 12
153 203 1
153 204 18
153 205 7
153 206 12
153 207 17
153 208 8
153 209 2
153 210 6
153 211 12
153 212 2
153 213 8
153 214 12
153 215 4
153 216 14
153 217 2
153 218 4
153 219 4
153 220 3
153 221 4
153 222 13
153 223 7
153 224 10
153 225 9
153 226 6
153 227 12
153 T 3
154 1 1
154 2 13
154 3 4
154 4 13
154 5 2
154 6 7
154 7 15
154 8 4
154 9 2
154 10 3
154 11 12
154 12 18
154 13 4
154 14 11
154 15 16
154 16 16
154 17 9
154 18 1
154 19 14
154 20 12
154 21 4
154 22 4
154 23 10
154 24 6
154 25 18
154 26 7
154 27 2
154 28 1
154 29 10
154 30 19
154 31 7
154 32 18
154 33 10
154 34 14
154 35 11
154 36 4
154 37 14
154 38 5
154 39 10
154 40 10
154 41 16
154 42 4
154 43 4
154 44 13
154 45 8
154 46 13
154 47 19
154 48 11
154 49 2
154 50 9
154 51 17
154 52 9
154 53 16
154 54 7
154 55 8
154 56 19
154 57 11
154 58 18
154 59 2
154 60 8
154 61 20
154 62 1
154 63 19
154 64 20
154 65 18
154 66 11
154 67 2
154 68 16
154 69 7
154 70 10
154 71 16
154 72 7
154 73 12
154 74 7
154 75 17
154 76 7
154 77 8
154 78 5
154 79 14
154 80 6
154 81 18
154 82 19
154 83 2
154 84 13
154 85 18
154 86 1
154 87 4
154 88 2
154 89 6
154 90 5
154 91 18
154 92 17
154 93 8
154 94 12
154 95 2
154 96 16
154 97 20
154 99 16
154 100 9
154 101 1
154 102 18
154 103 20
154 104 3
154 105 9
154 106 6
154 107 10
154 108 15
154 109 7
154 111 18
154 112 12
154 113 2
154 115 16
154 116 10
154 117 16
154 118 19
154 119 6
154 120 3
154 121 15
154 122 12
154 123 17
154 124 18
154 125 14
154 126 16
154 127 3
154 128 1
154 129 20
154 130 4
154 132 16
154 133 4
154 134 2
154 135 15
154 136 11
154 137 17
154 138 6
154 139 4
154 140 5
154 141 11
154 142 1
154 143 12
154 144 7
154 145 10
154 146 10
154 147 17
154 148 2
154 149 6
154 150 5
154 151 12
154 152 8
154 153 16
154 155 10
154 156 9
154 157 10
154 158 6
154 159 13
154 160 17
154 161 6
154 162 19
154 163 18
154 164 19
154 165 1
154 166 3
154 167 16
154 168 3
154 169 6
154 170 15
154 171 12
154 172 5
154 173 11
154 174 11
154 175 13
154 176 18
154 177 17
154 178 20
154 179 20
154 180 7
154 181 6
154 182 5
154 183 4
154 184 4
154 185 17
154 186 3
154 187 8
154 188 20
154 189 8
154 190 12
154 191 4
154 192 18
154 193 9
154 194 3
154 195 9
154 197 1
154 198 4
154 199 18
154 200 16
154 201 9
154 202 3
154 203 6
154 204 9
154 205 16
154 206 5
154 207 9
154 208 3
154 209 9
154 210 13
154 211 5
154 212 9
154 213 2
154 214 8
154 215 1
154 216 12
154 217 6
154 218 7
154 219 3
154 220 1
154 221 9
154 222 4
154 223 11
154 224 8
154 225 14
154 226 4
154 227 11
154 T 19
155 1 20
155 2 6
155 3 13
155 4 10
155 5 1
155 6 14
155 7 18
155 8 19
155 9 15
155 10 4
155 11 15
155 12 17
155 13 4
155 14 7
155 15 11
155 16 3
155 17 17
155 18 6
155 19 3
155 20 3
155 21 5
155 22 6
155 23 19
155 24 19
155 25 20
155 26 5
155 27 19
155 28 1
155 29 7
155 30 7
155 31 11
155 32 7
155 33 17
155 34 20
155 35 2
155 36 8
155 37 6
155 38 13
155 39 19
155 40 7
155 41 16
155 42 14
155 43 12
155 44 18
155 45 7
155 46 8
155 47 20
155 48 9
155 49 10
155 50 7
155 51 6
155 52 10
155 53 5
155 54 7
155 55 9
155 56 19
155 57 17
155 58 11
155 59 20
155 60 5
155 61 10
155 62 14
155 63 20
155 64 16
155 65 14
155 66 15
155 67 11
155 68 3
155 69 4
155 70 7
155 71 16
155 72 13
155 73 17
155 74 9
155 75 8
155 76 12
155 77 11
155 78 18
155 79 3
155 80 8
155 81 2
155 82 10
155 83 9
155 84 3
155 85 14
155 86 8
155 87 18
155 88 11
155 89 14
155 90 14
155 91 18
155 92 17
155 93 17
155 94 9
155 95 18
155 96 2
155 97 4
155 98 16
155 99 18
155 100 8
155 101 14
155 102 13
155 103 19
155 104 10
155 105 10
155 106 1
155 107 17
155 108 20
155 109 9
155 110 7
155 111 16
155 112 1
155 113 15
155 114 11
155 115 3
155 116 8
155 117 1
155 118 8
155 119 14
155 120 20
155 121 4
155 122 15
155 123 3
155 124 20
155 125 14
155 126 2
155 127 18
155 128 3
155 129 1
155 130 19
155 131 8
155 132 9
155 133 11
155 134 15
155 135 18
155 136 3
155 137 11
155 138 13
155 139 1
155 140 18
155 141 6
155 142 6
155 143 20
155 144 9
155 145 11
155 146 2
155 147 7
155 148 14
155 149 4
155 150 17
155 151 17
155 152 16
155 153 9
155 154 10
155 156 6
155 157 14
155 158 16
155 159 20
155 160 9
155 161 6
155 162 17
155 163 10
155 164 9
155 165 11
155 166 12
155 167 1
155 168 1
155 169 19
155 170 1
155 171 6
155 172 12
155 173 15
155 174 10
155 175 3
155 176 15
155 177 14
155 178 5
155 179 9
155 180 4
155 181 14
155 182 20
155 183 1
155 184 8
155 185 20
155 186 2
155 187 5
155 188 11
155 189 6
155 190 1
155 191 5
155 192 2
155 193 9
155 194 6
155 196 16
155 197 12
155 198 4
155 199 16
155 200 13
155 201 15
155 202 13
155 203 14
155 204 20
155 205 2
155 206 3
155 207 13
155 208 10
155 209 1
155 210 5
155 211 8
155 212 6
155 213 14
155 214 10
155 215 17
155 216 19
155 217 11
155 218 3
155 219 19
155 220 16
155 221 1
155 222 19
155 223 20
155 224 6
155 225 9
155 226 13
155 227 12
155 T 19
156 1 15
156 2 3
156 3 15
156 4 10
156 5 7
156 6 13
156 7 19
156 8 2
156 9 9
156 10 20
156 11 7
156 13 14
156 14 19
156 15 18
156 16 7
156 17 5
156 18 17
156 19 20
156 20 6
156 21 6
156 22 14
156 23 19
156 24 10
156 25 4
156 26 17
156 27 12
156 28 2
156 29 17
156 30 7
156 31 17
156 32 13
156 33 3
156 34 1
156 35 19
156 36 15
156 37 17
156 38 1
156 39 5
156 41 17
156 42 5
156 43 11
156 44 18
156 45 5
156 46 15
156 47 5
156 48 1
156 49 13
156 50 4
156 51 14
156 52 10
156 53 11
156 54 16
156 55 10
156 56 8
156 57 2
156 58 10
156 59 10
156 60 14
156 61 1
156 62 1
156 63 5
156 64 3
156 65 4
156 66 9
156 67 7
156 68 13
156 69 2
156 70 18
156 71 2
156 72 14
156 73 7
156 74 3
156 75 14
156 76 11
156 77 18
156 78 2
156 79 16
156 80 5
156 82 15
156 83 5
156 84 10
156 85 10
156 86 15
156 87 13
156 88 13
156 89 6
156 90 17
156 91 13
156 92 3
156 93 7
156 94 1
156 95 5
156 96 3
156 97 15
156 98 11
156 99 10
156 100 4
156 101 11
156 102 17
156 103 3
156 104 13
156 105 17
156 106 15
156 107 8
156 108 8
156 109 1
156 110 16
156 111 9
156 112 7
156 113 10
156 114 3
156 115 3
156 116 7
156 117 8
156 118 4
156 119 8
156 120 4
156 121 19
156 122 14
156 123 18
156 124 17
156 125 13
156 126 18
156 127 17
156 128 7
156 129 2
156 130 12
156 131 8
156 132 17
156 133 10
156 134 10
156 135 15
156 136 8
156 137 15
156 138 4
156 139 17
156 140 9
156 141 16
156 142 10
156 143 11
156 144 6
156 145 16
156 146 6
156 147 1
156 148 5
156 149 8
156 150 18
156 151 10
156 152 8
156 153 6
156 154 3
156 155 8
156 157 6
156 158 4
156 159 9
156 160 14
156 161 20
156 162 14
156 163 11
156 164 7
156 165 5
156 166 19
156 167 17
156 168 6
156 169 13
156 170 8
156 171 18
156 172 14
156 173 4
156 174 12
156 175 10
156 176 17
156 177 20
156 178 14
156 179 14
156 180 5
156 181 10
156 182 13
156 183 10
156 184 17
156 185 6
156 186 12
156 187 20
156 188 16
156 189 6
156 190 1
156 191 5
156 192 18
156 193 7
156 194 3
156 195 17
156 196 5
156 197 19
156 198 19
156 199 4
156 200 2
156 201 19
156 202 5
156 203 1
156 204 3
156 205 20
156 206 2
156 207 17
156 208 13
156 209 6
156 210 1
156 211 12
156 212 14
156 213 9
156 214 18
156 215 9
156 216 1
156 217 1
156 218 16
156 219 13
156 220 6
156 221 6
156 222 15
156 223 4
156 224 10
156 225 6
156 226 8
156 227 17
156 T 11
157 1 14
157 2 6
157 3 7
157 4 2
157 5 2
157 6 18
157 7 17
157 8 19
157 9 19
157 10 20
157 11 5
157 12 13
157 13 15
157 14 14
157 15 3
157 16 3
157 17 19
157 18 19
157 19 11
157 20 11
157 21 9
157 22 15
157 23 19
157 24 12
157 25 18
157 26 1
157 27 10
157 28 8
157 29 6
157 30 1
157 31 14
157 32 9
157 33 20
157 34 1
157 35 19
157 36 17
157 37 6
157 38 5
157 39 18
157 40 19
157 41 19
157 42 18
157 43 20
157 44 14
157 45 9
157 46 17
157 47 7
157 48 11
157 49 2
157 50 18
157 51 6
157 52 17
157 53 8
157 54 11
157 55 10
157 56 15
157 57 4
157 58 2
157 59 10
157 60 15
157 61 4
157 62 14
157 63 15
157 64 16
157 65 12
157 66 17
157 67 12
157 68 4
157 69 13
157 70 2
157 71 4
157 72 5
157 73 9
157 74 2
157 75 16
157 76 16
157 77 4
157 78 10
157 79 8
157 80 3
157 81 8
157 82 3
157 83 9
157 84 4
157 85 18
157 86 2
157 87 20
157 88 12
157 89 11
157 90 10
157 91 6
157 92 3
157 93 8
157 94 18
157 95 10
157 96 20
157 97 14
157 98 4
157 99 15
157 100 7
157 101 17
157 102 12
157 103 2
157 104 15
157 105 5
157 106 14
157 107 7
157 108 4
157 109 20
157 110 18
157 111 16
157 112 10
157 113 19
157 114 15
157 115 17
157 116 12
157 117 10
157 118 1
157 119 17
157 120 8
157 121 20
157 122 6
157 123 18
157 124 6
157 125 12
157 126 13
157 127 17
157 128 16
157 129 5
157 130 18
157 131 10
157 132 8
157 133 19
157 134 7
157 135 5
157 136 9
157 137 8
157 138 9
157 139 1
157 140 17
157 141 19
157 142 17
157 143 14
157 144 11
157 145 9
157 146 2
157 147 15
157 148 2
157 149 2
157 150 6
157 151 11
157 152 5
157 153 16
157 154 5
157 155 20
157 156 17
157 158 18
157 160 19
157 161 11
157 162 13
157 163 4
157 164 15
157 165 10
157 166 5
157 167 18
157 168 20
157 169 13
157 170 3
157 171 20
157 172 19
157 173 3
157 174 5
157 175 4
157 176 10
157 177 18
157 178 4
157 179 19
157 180 17
157 181 3
157 182 9
157 183 19
157 184 16
157 185 13
157 186 16
157 187 17
157 188 11
157 189 1
157 190 5
157 191 14
157 192 1
157 193 1
157 194 17
157 195 1
157 196 5
157 197 13
157 198 9
157 199 15
157 200 9
157 201 20
157 202 19
157 203 2
157 204 6
157 205 3
157 206 12
157 207 15
157 208 20
157 209 5
157 210 7
157 211 14
157 212 17
157 213 11
157 214 5
157 215 2
157 216 5
157 217 15
157 218 20
157 219 16
157 220 9
157 221 15
157 222 14
157 223 15
157 224 15
157 225 6
157 226 3
157 227 13
157 T 3
158 1 2
158 2 12
158 3 8
158 4 18
158 5 9
158 6 8
158 7 7
158 8 2
158 9 1
158 10 20
158 11 20
158 12 11
158 13 12
158 14 11
158 15 10
158 16 20
158 17 13
158 18 12
158 19 4
158 20 10
158 21 4
158 22 6
158 23 5
158 24 3
158 25 5
158 26 19
158 27 16
158 28 2
158 29 6
158 30 7
158 31 16
158 32 19
158 33 20
158 34 11
158 35 11
158 36 16
158 37 9
158 38 11
158 39 1
158 40 15
158 41 3
158 42 5
158 43 11
158 44 20
158 45 2
158 46 4
158 47 6
158 48 16
158 49 2
158 50 20
158 51 18
158 52 19
158 53 9
158 54 17
158 55 14
158 56 3
158 57 5
158 58 4
158 59 18
158 60 7
158 61 15
158 62 3
158 63 17
158 64 11
158 65 15
158 66 12
158 67 1
158 68 13
158 69 18
158 71 16
158 72 10
158 73 19
158 74 7
158 75 20
158 76 14
158 77 7
158 78 19
158 79 4
158 80 16
158 81 8
158 82 11
158 83 2
158 84 16
158 85 9
158 86 2
158 87 11
158 88 11
158 89 20
158 90 13
158 91 4
158 92 9
158 93 5
158 94 19
158 95 1
158 96 3
158 97 14
158 98 3
158 99 4
158 100 10
158 102 9
158 103 3
158 104 12
158 105 18
158 106 20
158 107 18
158 108 8
158 109 4
158 110 11
158 111 3
158 112 19
158 113 6
158 114 13
158 115 1
158 116 10
158 117 14
158 118 12
158 119 13
158 120 10
158 121 14
158 122 4
158 123 16
158 124 13
158 125 11
158 126 18
158 127 12
158 128 10
158 129 14
158 130 16
158 131 19
158 132 4
158 133 20
158 134 16
158 135 16
158 136 9
158 137 8
158 138 8
158 139 3
158 140 17
158 141 20
158 142 17
158 143 17
158 144 4
158 145 9
158 146 1
158 147 7
158 148 19
158 149 17
158 150 16
158 151 9
158 152 7
158 153 16
158 154 2
158 155 13
158 156 5
158 157 13
158 159 17
158 160 5
158 161 2
158 162 17
158 163 8
158 164 10
158 165 18
158 166 7
158 167 7
158 168 3
158 169 12
158 170 3
158 171 20
158 172 19
158 173 14
158 174 11
158 175 1
158 176 17
158 177 6
158 178 7
158 179 11
158 180 1
158 181 13
158 182 5
158 183 6
158 184 5
158 185 12
158 186 7
158 187 20
158 188 18
158 189 16
158 190 20
158 191 16
158 192 12
158 193 6
158 194 9
158 195 2
158 196 15
158 197 5
158 198 8
158 199 10
158 200 11
158 201 4
158 202 20
158 203 15
158 204 19
158 205 2
158 206 13
158 207 13
158 208 8
158 209 7
158 210 20
158 211 10
158 212 15
158 213 8
158 214 17
158 215 14
158 216 10
158 217 3
158 218 18
158 219 7
158 220 13
158 221 5
158 222 19
158 223 19
158 224 16
158 225 9
158 226 3
158 227 16
158 T 14
159 1 7
159 2 1
159 3 12
159 4 18
159 5 19
159 6 10
159 7 9
159 8 13
159 9 6
159 10 10
159 11 2
159 12 8
159 13 4
159 15 9
159 16 19
159 17 20
159 18 6
159 19 14
159 20 8
159 21 16
159 22 2
159 23 9
159 24 7
159 25 7
159 26 10
159 27 16
159 28 4
159 29 5
159 30 12
159 31 6
159 32 6
159 33 19
159 34 12
159 35 1
159 36 20
159 37 15
159 38 14
159 39 19
159 40 20
159 41 11
159 42 19
159 43 12
159 44 15
159 45 14
159 46 9
159 47 15
159 48 18
159 49 10
159 50 17
159 52 10
159 53 4
159 54 4
159 55 18
159 56 14
159 57 7
159 58 18
159 59 8
159 60 15
159 61 11
159 62 14
159 63 15
159 64 17
159 65 19
159 66 8
159 67 1
159 68 8
159 69 16
159 70 16
159 71 7
159 72 13
159 73 18
159 74 6
159 75 17
159 76 10
159 77 3
159 78 3
159 79 6
159 80 7
159 81 5
159 82 18
159 83 3
159 84 3
159 85 7
159 86 19
159 87 12
159 88 13
159 89 6
159 90 1
159 91 2
159 92 18
159 93 7
159 94 8
159 95 9
159 96 1
159 97 1
159 99 17
159 100 10
159 101 5
159 102 12
159 103 16
159 104 2
159 105 18
159 106 13
159 107 11
159 108 15
159 109 13
159 110 15
159 111 1
159 112 4
159 113 15
159 114 19
159 115 2
159 116 2
159 117 1
159 118 7
159 119 3
159 120 5
159 121 1
159 122 8
159 123 6
159 124 1
159 125 12
159 126 17
159 127 8
159 128 7
159 129 12
159 130 7
159 131 6
159 132 19
159 133 11
159 134 17
159 135 12
159 136 2
159 137 3
159 138 16
159 139 19
159 140 5
159 141 7
159 142 5
159 143 1
159 144 1
159 145 17
159 146 18
159 147 19
159 148 9
159 149 9
159 150 17
159 151 2
159 152 16
159 153 8
159 154 16
159 156 1
159 157 1
159 158 13
159 160 6
159 161 1
159 162 20
159 163 8
159 164 1
159 165 17
159 166 14
159 167 3
159 168 2
159 169 8
159 170 15
159 171 10
159 172 4
159 173 3
159 174 4
159 175 13
159 176 20
159 177 6
159 178 12
159 179 12
159 180 2
159 181 16
159 182 11
159 183 15
159 184 2
159 185 12
159 186 13
159 187 4
159 188 12
159 189 19
159 190 9
159 191 18
159 192 18
159 193 3
159 194 20
159 195 11
159 196 16
159 197 20
159 198 10
159 199 7
159 200 20
159 201 2
159 202 12
159 203 6
159 204 19
159 205 1
159 206 7
159 207 12
159 208 8
159 209 12
159 210 18
159 211 4
159 212 20
159 213 17
159 214 18
159 215 6
159 216 3
159 217 9
159 218 4
159 219 10
159 220 7
159 221 20
159 222 10
159 223 2
159 224 14
159 225 10
159 226 12
159 227 20
159 T 17
160 1 12
160 2 19
160 3 3
160 4 13
160 5 15
160 6 8
160 7 12
160 8 10
160 9 9
160 10 17
160 11 5
160 12 19
160 13 16
160 14 11
160 15 20
160 16 10
160 17 8
160 18 7
160 19 4
160 20 8
160 21 9
160 22 10
160 23 7
160 24 8
160 25 10
160 26 10
160 27 18
160 28 18
160 29 17
160 30 8
160 31 7
160 32 3
160 33 12
160 34 14
160 35 15
160 36 14
160 37 17
160 38 2
160 39 1
160 40 4
160 41 15
160 42 10
160 43 7
160 44 16
160 45 2
160 46 16
160 47 15
160 48 12
160 49 12
160 50 12
160 51 6
160 52 6
160 53 3
160 54 15
160 55 5
160 56 3
160 57 16
160 58 4
160 59 14
160 60 7
160 61 16
160 62 2
160 63 4
160 64 12
160 65 6
160 66 2
160 67 4
160 68 13
160 69 3
160 70 10
160 71 8
160 72 16
160 73 11
160 74 15
160 75 10
160 76 9
160 77 10
160 78 14
160 79 13
160 80 17
160 81 13
160 82 4
160 83 14
160 84 7
160 85 3
160 86 6
160 87 14
160 88 6
160 89 3
160 90 11
160 91 9
160 92 1
160 93 14
160 94 11
160 95 7
160 96 17
160 97 19
160 98 11
160 99 10
160 100 9
160 101 12
160 102 5
160 103 16
160 104 3
160 105 16
160 106 18
160 107 10
160 108 9
160 109 8
160 110 11
160 111 5
160 112 4
160 113 17
160 114 4
160 115 10
160 116 11
160 117 20
160 118 13
160 119 12
160 120 15
160 121 12
160 122 14
160 123 16
160 124 10
160 125 17
160 126 9
160 127 15
160 128 15
160 129 16
160 130 18
160 131 13
160 132 16
160 133 11
160 134 19
160 135 12
160 136 2
160 137 12
160 138 3
160 139 11
160 140 6
160 141 7
160 142 17
160 143 4
160 144 17
160 145 5
160 146 6
160 147 17
160 148 18
160 149 11
160 150 8
160 151 3
160 152 9
160 154 14
160 155 14
160 156 15
160 157 13
160 158 4
160 159 16
160 161 13
160 162 11
160 163 6
160 164 15
160 165 2
160 166 15
160 167 16
160 168 2
160 169 12
160 170 11
160 171 4
160 172 12
160 173 19
160 174 18
160 175 11
160 176 7
160 177 1
160 178 4
160 179 2
160 180 13
160 181 16
160 182 3
160 183 13
160 184 8
160 185 2
160 186 12
160 187 1
160 188 9
160 189 8
160 190 17
160 191 6
160 192 3
160 193 13
160 194 10
160 195 11
160 196 1
160 197 5
160 198 5
160 199 18
160 200 16
160 201 3
160 202 7
160 203 17
160 205 12
160 206 2
160 207 4
160 208 7
160 209 9
160 210 13
160 211 6
160 212 13
160 213 9
160 214 8
160 215 12
160 216 14
160 217 8
160 218 2
160 219 15
160 220 12
160 221 18
160 222 4
160 223 5
160 224 15
160 225 13
160 226 6
160 227 5
160 T 7
161 1 12
161 2 13
161 3 15
161 4 10
161 5 7
161 6 8
161 7 10
161 8 2
161 9 12
161 10 20
161 11 18
161 12 15
161 13 11
161 14 17
161 15 5
161 16 9
161 17 14
161 18 16
161 19 2
161 20 1
161 21 5
161 22 1
161 23 4
161 24 7
161 25 2
161 26 14
161 27 2
161 28 7
161 30 20
161 31 16
161 32 20
161 33 8
161 34 2
161 35 14
161 36 18
161 37 3
161 38 15
161 39 9
161 40 17
161 41 20
161 42 6
161 43 19
161 44 15
161 45 15
161 46 13
161 47 4
161 48 1
161 49 7
161 50 10
161 51 2
161 52 3
161 53 3
161 54 1
161 55 5
161 56 5
161 57 17
161 58 9
161 59 6
161 60 3
161 61 8
161 62 10
161 63 17
161 64 1
161 65 5
161 66 4
161 67 18
161 68 19
161 69 15
161 70 1
161 71 14
161 72 13
161 73 3
161 74 12
161 75 15
161 76 6
161 77 11
161 78 1
161 79 12
161 80 18
161 81 7
161 82 8
161 83 18
161 84 7
161 85 4
161 86 9
161 87 11
161 88 7
161 89 3
161 90 7
161 91 6
161 92 2
161 93 20
161 94 18
161 95 9
161 96 5
161 97 16
161 98 8
161 99 3
161 100 4
161 101 10
161 102 4
161 103 7
161 104 3
161 105 15
161 106 14
161 107 17
161 108 6
161 109 4
161 110 8
161 111 5
161 112 16
161 113 11
161 114 15
161 115 4
161 116 11
161 117 18
161 118 3
161 119 16
161 120 16
161 121 10
161 122 18
161 123 15
161 124 19
161 125 6
161 126 14
161 127 6
161 128 19
161 129 12
161 130 19
161 131 18
161 132 18
161 133 19
161 134 16
161 135 18
161 136 14
161 137 4
161 138 20
161 139 11
161 140 13
161 141 11
161 142 10
161 143 2
161 144 12
161 145 20
161 146 6
161 147 9
161 148 13
161 149 9
161 150 5
161 151 10
161 152 9
161 153 19
161 154 11
161 155 14
161 156 5
161 157 17
161 158 4
161 159 18
161 160 20
161 162 11
161 163 6
161 164 17
161 165 11
161 166 19
161 167 19
161 168 18
161 170 9
161 171 5
161 172 15
161 173 16
161 174 9
161 175 20
161 176 6
161 177 15
161 178 18
161 179 2
161 180 12
161 181 2
161 182 7
161 183 3
161 184 16
161 185 18
161 186 12
161 187 6
161 188 19
161 189 6
161 190 3
161 191 9
161 192 4
161 193 17
161 194 14
161 195 15
161 196 4
161 197 3
161 198 4
161 199 6
161 200 15
161 201 13
161 202 2
161 203 15
161 204 17
161 205 9
161 206 2
161 207 12
161 208 17
161 209 3
161 210 6
161 211 14
161 212 18
161 213 10
161 214 4
161 215 3
161 216 12
161 217 12
161 218 18
161 219 11
161 220 5
161 221 15
161 222 2
161 223 16
161 224 12
161 225 5
161 226 9
161 227 11
161 T 9
162 1 8
162 2 20
162 3 13
162 4 18
162 5 13
162 6 16
162 7 17
162 8 15
162 9 19
162 10 5
162 11 12
162 12 2
162 13 9
162 14 5
162 15 6
162 16 11
162 17 3
162 18 18
162 19 5
162 20 17
162 21 3
162 22 6
162 23 15
162 24 2
162 25 19
162 26 4
162 27 14
162 28 8
162 29 10
162 30 19
162 31 18
162 32 13
162 33 20
162 34 15
162 35 16
162 36 2
162 37 2
162 38 18
162 39 7
162 40 5
162 41 9
162 42 5
162 43 20
162 44 18
162 45 15
162 46 20
162 47 18
162 48 12
162 49 2
162 50 2
162 51 11
162 52 5
162 53 6
162 54 11
162 55 5
162 56 19
162 57 2
162 58 19
162 59 18
162 60 19
162 61 18
162 62 7
162 63 15
162 64 5
162 65 17
162 66 8
162 67 11
162 68 1
162 69 2
162 70 16
162 71 10
162 72 6
162 73 19
162 74 7
162 75 19
162 76 18
162 77 20
162 78 2
162 79 2
162 80 3
162 81 12
162 82 9
162 83 5
162 84 6
162 85 4
162 86 13
162 87 10
162 88 20
162 89 18
162 90 4
162 91 10
162 92 4
162 93 13
162 94 7
162 95 6
162 96 12
162 97 20
162 98 9
162 99 5
162 100 14
162 101 5
162 102 9
162 103 1
162 104 14
162 105 16
162 106 4
162 107 18
162 108 14
162 109 10
162 110 20
162 111 2
162 112 4
162 113 9
162 114 5
162 115 17
162 116 19
162 117 15
162 118 10
162 119 10
162 120 7
162 121 7
162 122 2
162 123 15
162 124 6
162 125 13
162 126 4
162 127 4
162 128 18
162 129 2
162 130 2
162 131 18
162 132 6
162 133 19
162 134 3
162 135 5
162 136 7
162 137 5
162 138 2
162 139 14
162 140 12
162 141 16
162 142 16
162 143 19
162 144 7
162 145 18
162 146 10
162 147 1
162 148 6
162 149 7
162 150 7
162 151 8
162 152 1
162 153 5
162 154 15
162 155 6
162 156 5
162 157 20
162 158 11
162 159 3
162 160 4
162 161 8
162 163 8
162 164 17
162 165 14
162 166 20
162 167 12
162 168 13
162 169 4
162 170 11
162 171 1
162 172 10
162 173 7
162 174 7
162 175 17
162 176 1
162 177 9
162 178 20
162 179 11
162 180 6
162 181 13
162 182 14
162 183 2
162 184 9
162 185 1
162 186 7
162 187 6
162 188 12
162 189 20
162 190 9
162 191 13
162 192 13
162 193 7
162 194 10
162 195 3
162 196 9
162 197 10
162 198 1
162 199 3
162 200 14
162 201 14
162 202 10
162 203 1
162 204 7
162 205 20
162 206 2
162 207 15
162 208 2
162 209 9
162 210 20
162 211 8
162 212 10
162 213 8
162 214 3
162 215 20
162 216 9
162 217 1
162 218 9
162 219 15
162 220 19
162 221 5
162 222 17
162 223 5
162 224 20
162 225 7
162 226 18
162 227 9
162 T 11
163 1 12
163 2 18
163 3 2
163 4 9
163 5 20
163 6 12
163 7 20
163 8 10
163 9 19
163 10 14
163 11 20
163 12 2
163 13 19
163 14 4
163 15 18
163 16 19
163 17 16
163 18 11
163 19 12
163 20 17
163 21 2
163 22 1
163 23 4
163 24 20
163 25 8
163 26 7
163 27 7
163 28 14
163 29 14
163 30 6
163 31 19
163 32 10
163 33 17
163 34 7
163 35 6
163 36 3
163 37 12
163 39 13
163 40 10
163 41 10
163 42 4
163 43 10
163 44 17
163 45 7
163 46 9
163 47 6
163 48 2
163 49 9
163 50 7
163 51 8
163 52 3
163 53 8
163 54 10
163 55 1
163 56 8
163 57 7
163 58 6
163 59 6
163 60 4
163 61 13
163 62 8
163 63 9
163 65 6
163 66 9
163 67 12
163 68 18
163 69 12
163 70 19
163 71 16
163 72 12
163 73 4
163 74 13
163 75 17
163 76 2
163 77 9
163 78 15
163 79 16
163 80 10
163 81 20
163 82 9
163 83 17
163 84 3
163 85 17
163 86 14
163 87 14
163 88 11
163 89 19
163 90 9
163 91 8
163 92 16
163 93 5
163 94 15
163 95 11
163 96 6
163 97 3
163 98 7
163 99 4
163 100 7
163 101 4
163 102 1
163 103 9
163 104 12
163 105 8
163 106 7
163 107 16
163 108 4
163 109 14
163 110 5
163 111 8
163 112 17
163 113 13
163 114 19
163 115 16
163 116 12
163 117 12
163 118 15
163 119 6
163 120 3
163 121 1
163 122 20
163 123 18
163 124 8
163 125 20
163 126 15
163 127 6
163 128 4
163 129 14
163 130 5
163 131 8
163 132 14
163 133 13
163 134 9
163 135 6
163 136 7
163 137 18
163 138 6
163 140 14
163 141 2
163 142 14
163 143 9
163 144 11
163 145 2
163 146 5
163 147 3
163 148 2
163 149 6
163 150 13
163 151 3
163 152 9
163 153 15
163 154 4
163 155 10
163 156 3
163 157 17
163 158 18
163 159 8
163 160 16
163 161 7
163 162 13
163 164 18
163 165 12
163 166 7
163 167 2
163 168 7
163 169 12
163 171 7
163 172 20
163 173 3
163 174 4
163 175 5
163 176 8
163 177 12
163 178 15
163 179 14
163 180 1
163 181 13
163 182 7
163 183 11
163 184 13
163 185 10
163 186 7
163 187 3
163 188 15
163 189 9
163 190 8
163 191 7
163 192 5
163 193 6
163 194 18
163 195 19
163 196 3
163 197 6
163 198 19
163 199 18
163 200 15
163 201 15
163 202 13
163 203 15
163 204 8
163 205 12
163 206 10
163 207 11
163 208 7
163 209 1
163 210 2
163 211 7
163 212 3
163 213 19
163 214 4
163 215 1
163 216 18
163 218 14
163 219 19
163 220 6
163 221 16
163 222 20
163 223 18
163 224 5
163 225 10
163 226 12
163 227 16
163 T 1
164 1 5
164 2 8
164 3 10
164 4 8
164 5 6
164 6 1
164 7 11
164 8 12
164 9 8
164 10 4
164 11 1
164 12 18
164 13 6
164 14 14
164 15 12
164 16 15
164 17 9
164 18 3
164 19 14
164 20 14
164 21 11
164 22 2
164 23 1
164 24 14
164 25 3
164 26 19
164 27 15
164 28 8
164 29 19
164 30 12
164 31 14
164 32 19
164 33 11
164 34 19
164 35 2
164 36 2
164 37 2
164 38 2
164 39 9
164 40 14
164 41 17
164 42 7
164 43 11
164 44 15
164 45 16
164 46 11
164 47 7
164 48 16
164 49 15
164 50 13
164 51 3
164 52 12
164 53 9
164 54 19
164 55 10
164 56 9
164 57 3
164 58 15
164 59 20
164 60 20
164 61 7
164 62 7
164 63 13
164 64 16
164 65 13
164 66 17
164 67 10
164 68 6
164 69 3
164 70 14
164 71 2
164 72 12
164 73 16
164 74 9
164 75 18
164 76 2
164 77 3
164 78 3
164 79 16
164 80 15
164 81 19
164 82 5
164 83 4
164 84 8
164 85 13
164 86 1
164 87 11
164 88 1
164 89 11
164 90 16
164 91 1
164 92 5
164 93 1
164 94 12
164 95 11
164 96 15
164 97 19
164 98 8
164 99 3
164 100 19
164 101 16
164 102 19
164 103 2
164 104 19
164 105 18
164 106 20
164 107 2
164 108 8
164 109 7
164 110 6
164 111 7
164 112 18
164 113 10
164 114 7
164 115 3
164 116 10
164 117 18
164 118 14
164 119 10
164 120 5
164 121 4
164 122 14
164 123 6
164 124 16
164 125 12
164 126 1
164 127 18
164 128 18
164 129 1
164 130 13
164 131 10
164 132 9
164 133 2
164 134 15
164 135 13
164 136 20
164 137 1
164 138 7
164 139 6
164 140 12
164 141 13
164 142 1
164 143 17
164 144 20
164 145 8
164 146 9
164 147 15
164 148 4
164 149 14
164 150 16
164 152 18
164 153 11
164 154 19
164 155 14
164 156 15
164 157 20
164 158 17
164 159 11
164 160 7
164 161 11
164 162 8
164 163 17
164 165 7
164 166 1
164 167 11
164 168 3
164 169 18
164 170 16
164 171 11
164 172 13
164 173 2
164 174 2
164 175 2
164 176 1
164 177 11
164 178 14
164 179 16
164 180 17
164 181 18
164 182 2
164 183 12
164 184 16
164 185 10
164 186 15
164 187 13
164 188 14
164 189 1
164 190 5
164 191 10
164 192 17
164 193 11
164 194 16
164 195 1
164 196 2
164 197 17
164 198 13
164 199 5
164 200 20
164 201 3
164 202 14
164 203 11
164 204 7
164 205 10
164 206 6
164 207 14
164 208 12
164 209 13
164 210 9
164 211 5
164 212 18
164 213 14
164 214 7
164 215 13
164 216 12
164 217 7
164 218 10
164 219 18
164 220 4
164 221 19
164 222 6
164 223 6
164 224 13
164 225 6
164 226 18
164 227 7
164 T 15
165 1 6
165 2 18
165 3 6
165 4 8
165 5 10
165 6 2
165 7 15
165 8 18
165 9 16
165 10 4
165 11 18
165 12 10
165 13 7
165 14 15
165 15 10
165 16 5
165 17 4
165 18 19
165 19 15
165 20 12
165 21 5
165 22 16
165 23 19
165 24 16
165 25 13
165 26 13
165 27 12
165 28 8
165 29 8
165 30 13
165 31 17
165 32 15
165 33 9
165 34 7
165 35 10
165 36 1
165 37 18
165 39 3
165 40 2
165 41 14
165 42 20
165 43 2
165 45 12
165 46 16
165 47 3
165 48 20
165 49 15
165 50 1
165 51 18
165 52 1
165 53 9
165 54 7
165 55 7
165 56 5
165 57 20
165 58 19
165 59 17
165 60 16
165 61 14
165 62 4
165 63 2
165 64 16
165 65 5
165 66 11
165 67 7
165 68 1
165 69 14
165 70 18
165 71 7
165 72 5
165 73 10
165 74 15
165 75 15
165 76 17
165 77 16
165 78 1
165 79 13
165 80 2
165 82 15
165 83 9
165 84 6
165 85 8
165 86 3
165 87 12
165 88 13
165 89 18
165 90 6
165 91 10
165 92 8
165 93 4
165 94 9
165 95 6
165 96 17
165 97 4
165 98 12
165 99 6
165 100 11
165 101 6
165 102 5
165 103 13
165 104 7
165 105 3
165 106 4
165 107 1
165 108 17
165 109 16
165 110 14
165 111 15
165 112 17
165 113 2
165 114 18
165 115 8
165 116 18
165 117 12
165 118 16
165 119 3
165 120 7
165 121 2
165 122 16
165 123 6
165 124 3
165 125 11
165 126 17
165 127 7
165 128 11
165 129 20
165 130 4
165 131 8
165 132 6
165 133 14
165 134 18
165 135 12
165 136 10
165 137 12
165 138 1
165 139 13
165 140 11
165 141 16
165 142 8
165 143 18
165 144 3
165 145 14
165 146 20
165 147 10
165 148 6
165 149 10
165 150 20
165 151 10
165 152 13
165 153 10
165 154 18
165 155 6
165 156 8
165 157 16
165 158 2
165 159 19
165 160 1
165 161 9
165 162 3
165 163 3
165 164 7
165 166 18
165 167 11
165 168 3
165 169 13
165 170 11
165 171 4
165 172 2
165 173 16
165 174 7
165 175 1
165 176 1
165 177 16
165 178 7
165 179 6
165 180 12
165 181 15
165 182 2
165 183 18
165 184 13
165 185 10
165 186 18
165 187 19
165 188 12
165 189 6
165 190 3
165 191 15
165 192 3
165 193 6
165 194 19
165 195 13
165 196 2
165 197 12
165 198 20
165 199 2
165 200 9
165 201 2
165 202 20
165 203 6
165 204 8
165 205 1
165 206 18
165 207 8
165 208 8
165 209 8
165 210 6
165 211 15
165 212 8
165 213 13
165 214 6
165 215 9
165 216 12
165 217 2
165 218 2
165 219 15
165 220 4
165 221 3
165 222 8
165 223 9
165 224 9
165 225 8
165 226 19
165 227 17
165 T 9
166 1 9
166 2 16
166 3 20
166 4 11
166 5 9
166 6 3
166 7 19
166 8 1
166 9 14
166 10 10
166 11 12
166 12 11
166 13 20
166 14 17
166 15 4
166 16 8
166 17 3
166 18 7
166 19 7
166 20 9
166 21 7
166 22 5
166 23 2
166 24 19
166 25 8
166 26 18
166 27 18
166 28 13
166 29 1
166 30 11
166 31 13
166 32 14
166 33 2
166 34 10
166 35 15
166 36 4
166 37 5
166 38 11
166 39 14
166 40 13
166 41 6
166 42 8
166 43 10
166 44 14
166 45 6
166 46 20
166 47 5
166 48 9
166 49 4
166 50 12
166 51 18
166 52 19
166 53 11
166 54 6
166 55 17
166 56 17
166 57 10
166 58 7
166 59 3
166 60 20
166 61 16
166 62 12
166 63 1
166 64 19
166 65 15
166 66 9
166 67 19
166 68 12
166 69 17
166 70 7
166 71 6
166 72 18
166 73 17
166 74 9
166 75 4
166 76 4
166 77 10
166 78 4
166 79 19
166 80 14
166 81 8
166 82 1
166 83 4
166 84 11
166 85 2
166 86 20
166 87 3
166 88 7
166 89 19
166 90 11
166 91 17
166 93 19
166 94 4
166 95 19
166 96 4
166 97 11
166 98 15
166 99 9
166 100 4
166 101 17
166 102 11
166 103 9
166 104 14
166 105 17
166 106 2
166 107 11
166 108 13
166 109 7
166 110 17
166 111 12
166 112 13
166 113 1
166 114 4
166 115 17
166 116 15
166 117 10
166 118 7
166 119 18
166 120 11
166 121 10
166 122 11
166 123 18
166 124 3
166 125 3
166 126 6
166 127 19
166 128 6
166 129 17
166 130 7
166 131 4
166 132 17
166 133 4
166 134 14
166 135 7
166 136 9
166 137 6
166 138 10
166 139 18
166 140 17
166 141 17
166 142 8
166 143 10
166 144 3
166 145 13
166 146 10
166 147 2
166 148 1
166 149 16
166 150 2
166 151 20
166 152 12
166 153 16
166 154 6
166 155 13
166 156 20
166 157 3
166 158 16
166 159 7
166 160 13
166 161 8
166 162 18
166 163 8
166 164 12
166 165 4
166 167 4
166 168 14
166 169 18
166 170 19
166 171 20
166 172 7
166 173 9
166 174 2
166 175 13
166 176 14
166 177 16
166 178 17
166 179 1
166 181 13
166 182 6
166 183 6
166 184 19
166 185 12
166 186 11
166 187 7
166 188 13
166 189 2
166 190 8
166 191 2
166 192 13
166 193 18
166 194 6
166 195 20
166 196 16
166 197 11
166 198 8
166 199 20
166 200 3
166 201 14
166 202 3
166 203 3
166 204 15
166 205 9
166 206 20
166 207 16
166 208 2
166 209 4
166 210 7
166 211 19
166 212 3
166 213 7
166 214 10
166 215 12
166 216 14
166 217 8
166 218 10
166 219 18
166 220 20
166 221 13
166 222 10
166 223 5
166 224 3
166 225 9
166 226 3
166 227 8
166 T 2
167 1 17
167 2 20
167 3 8
167 4 3
167 5 11
167 6 15
167 8 14
167 9 19
167 10 5
167 11 11
167 12 5
167 13 10
167 14 14
167 15 12
167 16 6
167 17 6
167 18 13
167 19 15
167 20 4
167 21 9
167 22 16
167 23 6
167 24 12
167 25 17
167 26 20
167 27 1
167 28 18
167 29 15
167 30 15
167 31 12
167 32 8
167 33 5
167 34 16
167 35 18
167 36 15
167 37 12
167 38 11
167 39 7
167 40 18
167 41 2
167 42 15
167 43 10
167 44 16
167 45 7
167 46 16
167 47 13
167 48 14
167 49 1
167 50 9
167 51 8
167 52 18
167 53 13
167 54 12
167 55 1
167 56 7
167 57 2
167 58 15
167 59 4
167 60 11
167 61 18
167 62 13
167 63 6
167 64 10
167 65 5
167 66 17
167 67 13
167 68 2
167 69 15
167 70 2
167 71 1
167 73 7
167 74 19
167 75 7
167 76 15
167 77 3
167 78 8
167 79 10
167 80 9
167 81 12
167 82 2
167 83 12
167 84 16
167 85 4
167 86 12
167 87 17
167 88 14
167 89 11
167 90 18
167 91 8
167 92 15
167 93 6
167 94 15
167 95 20
167 96 14
167 97 6
167 98 17
167 99 7
167 100 16
167 101 3
167 102 16
167 103 18
167 104 18
167 105 17
167 106 11
167 107 8
167 108 5
167 109 19
167 110 18
167 111 9
167 112 6
167 113 20
167 114 13
167 115 13
167 116 1
167 117 5
167 118 16
167 119 8
167 120 19
167 121 20
167 122 11
167 123 8
167 124 6
167 125 7
167 126 12
167 127 3
167 128 13
167 129 5
167 130 19
167 131 5
167 133 9
167 134 8
167 135 1
167 136 10
167 137 13
167 138 6
167 139 15
167 140 10
167 141 2
167 142 8
167 143 7
167 144 3
167 146 9
167 147 18
167 148 20
167 149 17
167 150 9
167 151 13
167 152 12
167 153 16
167 154 3
167 155 5
167 156 3
167 157 9
167 158 8
167 159 12
167 160 19
167 161 8
167 162 16
167 163 10
167 164 20
167 165 16
167 166 11
167 168 3
167 169 11
167 170 5
167 171 18
167 172 6
167 173 6
167 174 5
167 175 6
167 176 8
167 177 16
167 178 19
167 179 19
167 180 16
167 181 5
167 182 7
167 183 11
167 184 10
167 185 18
167 186 5
167 187 16
167 188 17
167 189 11
167 190 9
167 191 6
167 192 13
167 193 14
167 194 4
167 195 7
167 196 2
167 197 20
167 198 1
167 200 12
167 201 5
167 202 18
167 203 12
167 205 6
167 206 10
167 207 9
167 208 7
167 209 13
167 210 2
167 211 17
167 212 19
167 213 8
167 214 18
167 215 13
167 216 14
167 217 20
167 218 7
167 219 5
167 220 7
167 221 10
167 222 1
167 223 3
167 224 7
167 226 19
167 227 19
167 T 12
168 1 18
168 2 16
168 3 3
168 4 20
168 5 16
168 6 1
168 7 20
168 8 12
168 9 1
168 10 6
168 11 1
168 12 20
168 13 20
168 14 16
168 15 8
168 16 5
168 17 20
168 18 15
168 19 20
168 20 13
168 21 4
168 22 14
168 23 3
168 24 4
168 25 4
168 26 20
168 27 1
168 28 11
168 29 17
168 30 6
168 31 6
168 32 15
168 33 16
168 34 18
168 35 19
168 36 11
168 37 9
168 38 2
168 39 20
168 40 16
168 41 3
168 42 12
168 43 16
168 44 17
168 46 1
168 47 12
168 48 5
168 49 13
168 50 6
168 51 17
168 52 11
168 53 19
168 54 5
168 55 6
168 56 10
168 57 20
168 58 11
168 59 11
168 60 12
168 61 18
168 62 6
168 63 19
168 64 15
168 65 16
168 66 13
168 67 11
168 68 14
168 69 3
168 70 6
168 71 11
168 72 12
168 73 5
168 74 14
168 75 12
168 76 4
168 77 19
168 78 6
168 79 12
168 80 10
168 81 1
168 82 13
168 83 16
168 84 20
168 85 1
168 86 2
168 87 12
168 88 20
168 89 10
168 90 19
168 91 2
168 92 9
168 93 12
168 94 17
168 95 9
168 96 2
168 97 17
168 98 3
168 99 7
168 100 14
168 101 4
168 102 7
168 103 5
168 104 2
168 105 8
168 106 14
168 107 3
168 108 13
168 109 12
168 110 17
168 111 4
168 112 7
168 113 4
168 114 10
168 115 6
168 116 13
168 117 16
168 118 14
168 119 9
168 120 13
168 121 13
168 122 13
168 123 14
168 124 2
168 125 20
168 126 8
168 127 6
168 128 4
168 129 10
168 130 15
168 131 7
168 132 18
168 133 3
168 134 20
168 135 7
168 136 9
168 137 8
168 139 2
168 140 16
168 141 19
168 142 16
168 143 16
168 144 19
168 145 18
168 146 12
168 147 14
168 148 1
168 149 8
168 150 18
168 151 16
168 152 13
168 153 2
168 154 9
168 155 14
168 156 13
168 157 11
168 158 2
168 159 3
168 160 4
168 161 11
168 162 19
168 163 9
168 164 12
168 165 18
168 166 17
168 167 10
168 169 20
168 170 18
168 171 2
168 172 5
168 173 5
168 174 14
168 175 3
168 176 16
168 177 16
168 178 13
168 179 15
168 180 5
168 181 3
168 182 9
168 183 12
168 184 12
168 185 10
168 186 5
168 187 11
168 188 10
168 189 2
168 190 17
168 191 8
168 192 19
168 193 1
168 194 6
168 195 8
168 196 12
168 197 5
168 198 10
168 199 1
168 200 3
168 201 20
168 202 13
168 203 13
168 204 18
168 205 14
168 206 4
168 207 2
168 208 16
168 209 7
168 210 19
168 211 19
168 212 2
168 213 18
168 214 16
168 215 16
168 216 17
168 217 10
168 218 14
168 219 13
168 220 13
168 221 5
168 222 1
168 223 13
168 224 9
168 226 16
168 227 5
168 T 17
169 1 4
169 2 1
169 3 14
169 4 19
169 5 9
169 6 12
169 7 1
169 8 18
169 9 13
169 10 15
169 11 18
169 12 1
169 13 8
169 14 18
169 15 8
169 16 18
169 17 11
169 18 20
169 19 7
169 20 6
169 21 17
169 22 2
169 24 11
169 25 3
169 26 6
169 28 6
169 29 8
169 30 18
169 31 10
169 32 17
169 33 7
169 34 2
169 35 1
169 36 19
169 37 19
169 38 5
169 39 5
169 40 20
169 41 7
169 42 18
169 43 9
169 44 20
169 45 19
169 46 5
169 47 6
169 48 1
169 49 17
169 50 11
169 51 18
169 52 6
169 53 11
169 54 4
169 55 11
169 56 16
169 57 5
169 58 16
169 59 3
169 60 4
169 61 7
169 62 3
169 63 18
169 64 19
169 66 7
169 67 2
169 69 16
169 70 1
169 71 17
169 72 14
169 73 9
169 74 6
169 75 1
169 76 2
169 77 18
169 78 9
169 79 19
169 80 12
169 81 8
169 82 3
169 83 3
169 84 16
169 85 8
169 86 14
169 87 12
169 88 16
169 89 11
169 90 5
169 91 8
169 92 5
169 93 8
169 94 6
169 95 10
169 97 3
169 98 11
169 99 10
169 100 8
169 101 11
169 102 15
169 103 11
169 104 18
169 105 4
169 106 14
169 107 17
169 108 15
169 109 14
169 110 20
169 111 18
169 112 18
169 113 7
169 114 13
169 115 1
169 116 16
169 117 9
169 118 18
169 119 2
169 120 8
169 121 8
169 122 8
169 123 12
169 124 7
169 125 8
169 126 18
169 127 17
169 128 16
169 129 10
169 130 12
169 131 10
169 132 10
169 133 12
169 134 16
169 135 20
169 136 7
169 137 12
169 139 14
169 140 20
169 141 12
169 142 10
169 143 20
169 144 19
169 145 20
169 146 18
169 147 3
169 148 17
169 149 6
169 150 12
169 151 10
169 152 2
169 153 5
169 154 14
169 155 7
169 156 7
169 157 18
169 158 13
169 159 13
169 160 11
169 161 19
169 162 12
169 163 17
169 164 2
169 165 8
169 166 2
169 167 6
169 168 10
169 170 8
169 172 7
169 173 16
169 174 3
169 175 20
169 176 5
169 177 18
169 178 6
169 179 17
169 180 4
169 181 19
169 182 9
169 183 15
169 184 19
169 185 18
169 187 16
169 188 7
169 189 9
169 190 2
169 191 3
169 192 15
169 193 2
169 194 2
169 195 4
169 196 18
169 197 2
169 198 20
169 199 1
169 200 8
169 201 14
169 202 20
169 203 5
169 204 10
169 205 14
169 206 20
169 207 6
169 208 16
169 209 13
169 210 9
169 211 19
169 212 6
169 213 11
169 214 19
169 215 13
169 216 4
169 217 16
169 218 13
169 219 10
169 220 14
169 221 12
169 222 1
169 223 3
169 224 3
169 225 8
169 226 9
169 227 11
169 T 3
170 1 16
170 2 19
170 3 9
170 4 8
170 5 10
170 6 10
170 7 5
170 8 12
170 9 5
170 10 7
170 11 15
170 12 9
170 13 18
170 14 14
170 15 1
170 16 12
170 17 1
170 18 14
170 19 2
170 20 4
170 21 19
170 22 8
170 23 1
170 24 12
170 25 13
170 26 7
170 27 8
170 28 8
170 29 1
170 30 14
170 31 20
170 32 3
170 33 14
170 34 15
170 35 2
170 36 11
170 37 1
170 38 16
170 39 11
170 40 2
170 41 11
170 42 17
170 44 13
170 45 19
170 46 15
170 47 8
170 48 10
170 49 14
170 50 16
170 51 2
170 52 16
170 53 19
170 54 15
170 55 14
170 56 9
170 57 12
170 58 7
170 59 5
170 60 14
170 61 8
170 62 17
170 63 8
170 64 4
170 65 16
170 66 16
170 67 7
170 68 11
170 69 3
170 70 8
170 71 10
170 72 9
170 73 2
170 74 14
170 75 16
170 76 6
170 77 10
170 78 18
170 79 9
170 80 1
170 81 15
170 82 20
170 83 19
170 84 20
170 85 4
170 86 5
170 87 7
170 88 4
170 89 6
170 90 7
170 91 18
170 92 12
170 93 10
170 94 7
170 95 13
170 96 16
170 97 19
170 98 11
170 99 1
170 100 5
170 101 4
170 102 19
170 103 17
170 104 4
170 105 19
170 106 7
170 107 10
170 108 2
170 109 15
170 111 2
170 112 1
170 113 17
170 114 9
170 115 17
170 116 19
170 117 14
170 118 2
170 119 13
170 120 20
170 121 1
170 122 8
170 124 13
170 125 7
170 126 16
170 127 3
170 128 8
170 129 5
170 130 8
170 131 19
170 132 15
170 133 1
170 134 4
170 135 17
170 136 4
170 137 3
170 138 1
170 139 5
170 140 15
170 141 7
170 142 6
170 143 6
170 144 7
170 145 4
170 146 4
170 147 2
170 148 12
170 149 8
170 150 16
170 151 15
170 152 14
170 153 6
170 154 16
170 155 9
170 156 6
170 157 6
170 158 19
170 159 10
170 160 1
170 161 1
170 162 1
170 163 4
170 164 9
170 165 17
170 166 13
170 167 6
170 168 8
170 169 9
170 171 6
170 172 10
170 173 17
170 174 8
170 175 1
170 176 15
170 177 8
170 178 16
170 179 19
170 180 8
170 181 5
170 182 16
170 183 9
170 184 16
170 185 6
170 186 1
170 187 7
170 188 1
170 189 16
170 190 2
170 191 15
170 192 13
170 193 13
170 194 3
170 195 16
170 196 4
170 197 20
170 198 10
170 199 2
170 200 2
170 201 17
170 202 12
170 203 6
170 204 15
170 205 6
170 206 3
170 207 6
170 208 10
170 209 6
170 210 7
170 211 3
170 212 15
170 213 1
170 214 18
170 215 20
170 216 19
170 217 2
170 218 17
170 219 18
170 220 10
170 221 3
170 222 5
170 223 17
170 224 19
170 225 17
170 226 18
170 227 5
170 T 11
171 1 12
171 2 7
171 3 11
171 4 2
171 5 5
171 6 6
171 7 3
171 8 19
171 9 6
171 10 13
171 11 18
171 12 11
171 13 18
171 14 20
171 15 7
171 16 17
171 17 3
171 18 2
171 19 8
171 20 11
171 21 7
171 22 15
171 23 9
171 24 15
171 25 7
171 26 1
171 27 10
171 28 4
171 29 1
171 30 4
171 31 11
171 32 9
171 33 3
171 34 6
171 35 11
171 36 14
171 37 3
171 38 3
171 39 5
171 40 4
171 41 15
171 42 8
171 43 3
171 44 4
171 45 17
171 46 6
171 47 19
171 49 18
171 50 11
171 51 7
171 52 9
171 53 12
171 54 3
171 55 13
171 56 10
171 57 9
171 58 19
171 59 7
171 60 14
171 61 16
171 62 1
171 63 9
171 64 11
171 65 8
171 66 4
171 67 2
171 68 7
171 69 8
171 70 1
171 71 15
171 72 17
171 73 3
171 74 14
171 75 1
171 76 4
171 77 18
171 78 7
171 79 16
171 80 18
171 81 3
171 82 17
171 83 9
171 84 15
171 85 11
171 86 10
171 87 19
171 88 5
171 89 1
171 90 17
171 91 9
171 92 8
171 93 18
171 94 14
171 95 7
171 96 15
171 97 10
171 98 3
171 99 5
171 100 1
171 101 15
171 102 7
171 103 18
171 104 3
171 105 8
171 106 18
171 107 16
171 108 3
171 109 6
171 110 9
171 111 19
171 112 17
171 113 4
171 114 19
171 115 18
171 116 13
171 117 11
171 118 20
171 119 15
171 120 3
171 121 6
171 122 1
171 123 8
171 124 12
171 125 12
171 126 19
171 127 5
171 128 9
171 129 20
171 130 12
171 131 13
171 132 16
171 133 17
171 134 18
171 135 7
171 136 8
171 137 19
171 138 16
171 139 18
171 140 5
171 141 12
171 142 7
171 143 20
171 144 10
171 145 6
171 146 1
171 147 9
171 148 17
171 149 10
171 150 6
171 151 17
171 152 7
171 153 17
171 154 13
171 155 2
171 156 11
171 157 20
171 158 12
171 159 11
171 160 6
171 161 16
171 162 9
171 163 2
171 164 5
171 165 18
171 166 5
171 167 3
171 168 2
171 169 13
171 170 17
171 172 2
171 173 1
171 174 20
171 175 5
171 176 7
171 177 20
171 178 18
171 179 2
171 180 6
171 181 9
171 182 10
171 183 14
171 184 3
171 185 20
171 186 15
171 187 16
171 188 5
171 189 6
171 190 11
171 191 13
171 192 10
171 193 12
171 194 14
171 195 2
171 196 4
171 197 9
171 198 6
171 199 7
171 200 4
171 201 12
171 202 13
171 203 8
171 204 4
171 205 19
171 206 12
171 207 17
171 208 14
171 209 1
171 210 5
171 211 14
171 212 7
171 213 14
171 214 18
171 215 4
171 216 1
171 217 11
171 218 6
171 219 11
171 220 14
171 221 11
171 222 5
171 223 10
171 224 17
171 225 20
171 226 20
171 227 9
171 T 16
172 1 1
172 2 3
172 3 17
172 4 12
172 5 17
172 6 8
172 7 15
172 8 10
172 10 1
172 11 19
172 12 9
172 13 1
172 14 16
172 15 17
172 16 7
172 17 19
172 18 11
172 19 12
172 20 11
172 21 2
172 22 16
172 23 19
172 24 17
172 25 8
172 26 20
172 27 10
172 28 20
172 29 15
172 30 13
172 31 2
172 32 19
172 33 7
172 34 13
172 35 13
172 36 12
172 37 13
172 38 19
172 39 7
172 40 16
172 41 20
172 42 14
172 43 1
172 44 19
172 45 11
172 46 13
172 47 16
172 48 13
172 49 2
172 50 6
172 51 8
172 52 14
172 53 11
172 54 18
172 56 5
172 57 12
172 58 12
172 59 7
172 60 7
172 61 8
172 62 17
172 63 16
172 64 7
172 65 11
172 66 19
172 67 11
172 68 10
172 69 3
172 70 11
172 71 17
172 72 20
172 73 8
172 74 12
172 75 2
172 76 12
172 77 18
172 78 15
172 79 19
172 80 18
172 81 3
172 82 13
172 83 7
172 84 9
172 85 13
172 87 20
172 88 20
172 89 2
172 90 15
172 91 19
172 92 3
172 93 8
172 94 6
172 95 5
172 96 16
172 97 8
172 98 3
172 99 19
172 100 3
172 101 10
172 102 17
172 103 12
172 104 3
172 105 2
172 106 16
172 107 1
172 108 9
172 109 5
172 110 20
172 111 1
172 112 6
172 113 9
172 114 2
172 115 6
172 116 17
172 117 14
172 118 13
172 119 7
172 120 16
172 121 2
172 122 12
172 123 3
172 124 2
172 125 9
172 126 13
172 127 7
172 128 3
172 129 2
172 130 20
172 131 13
172 132 20
172 133 8
172 134 20
172 135 9
172 136 5
172 137 12
172 138 9
172 139 9
172 140 8
172 141 6
172 142 7
172 143 4
172 144 18
172 145 3
172 146 15
172 147 9
172 148 8
172 149 1
172 150 1
172 151 8
172 152 20
172 153 11
172 154 20
172 155 20
172 156 3
172 157 14
172 158 4
172 159 4
172 160 19
172 161 11
172 162 19
172 163 4
172 164 17
172 165 13
172 166 12
172 167 14
172 168 1
172 169 7
172 170 9
172 171 1
172 173 4
172 174 6
172 175 4
172 176 1
172 177 12
172 178 20
172 179 7
172 180 20
172 181 4
172 182 18
172 183 19
172 184 7
172 185 2
172 186 13
172 187 16
172 188 5
172 189 4
172 190 2
172 191 1
172 192 17
172 193 6
172 194 9
172 195 12
172 196 2
172 197 8
172 198 3
172 199 9
172 200 11
172 201 2
172 202 13
172 203 6
172 204 1
172 205 6
172 206 1
172 207 4
172 208 6
172 209 5
172 210 7
172 211 7
172 212 12
172 213 14
172 214 2
172 215 12
172 216 16
172 217 15
172 218 9
172 219 14
172 220 7
172 221 20
172 222 15
172 223 17
172 224 7
172 225 13
172 226 5
172 227 7
172 T 5
173 1 7
173 2 2
173 3 5
173 5 17
173 6 9
173 7 2
173 9 17
173 10 15
173 11 14
173 12 17
173 13 5
173 14 18
173 15 19
173 16 16
173 17 4
173 18 15
173 19 6
173 20 16
173 21 5
173 22 17
173 23 20
173 24 11
173 25 18
173 26 6
173 27 12
173 28 6
173 29 18
173 30 20
173 31 16
173 32 14
173 33 7
173 34 15
173 35 6
173 36 7
173 37 1
173 38 10
173 39 5
173 40 15
173 41 14
173 42 13
173 43 5
173 44 18
173 45 10
173 46 16
173 47 6
173 48 8
173 49 18
173 50 8
173 51 17
173 52 15
173 53 10
173 54 14
173 55 12
173 56 18
173 57 18
173 58 3
173 59 15
173 60 18
173 61 19
173 62 18
173 63 7
173 64 8
173 65 15
173 66 8
173 67 5
173 68 18
173 69 7
173 70 13
173 71 7
173 72 7
173 73 8
173 74 14
173 75 2
173 76 19
173 77 10
173 78 14
173 79 13
173 80 17
173 81 17
173 82 14
173 83 17
173 84 5
173 85 6
173 86 3
173 87 19
173 89 13
173 90 13
173 91 19
173 92 18
173 93 6
173 94 2
173 95 1
173 96 11
173 97 10
173 98 5
173 99 3
173 100 16
173 101 19
173 102 11
173 103 17
173 105 6
173 106 1
173 107 3
173 108 17
173 109 15
173 110 1
173 111 16
173 112 5
173 113 20
173 114 16
173 115 12
173 116 16
173 117 14
173 118 9
173 119 4
173 120 3
173 121 18
173 122 16
173 123 13
173 124 4
173 125 15
173 126 16
173 127 4
173 128 18
173 129 6
173 130 18
173 131 7
173 132 16
173 133 16
173 134 8
173 135 2
173 136 11
173 137 16
173 138 18
173 139 6
173 140 12
173 141 10
173 142 13
173 143 7
173 144 14
173 145 20
173 146 20
173 147 3
173 148 11
173 149 7
173 150 18
173 151 5
173 152 3
173 153 15
173 154 8
173 155 15
173 156 10
173 157 16
173 158 13
173 159 3
173 160 15
173 161 17
173 162 12
173 163 18
173 164 10
173 165 4
173 166 6
173 167 2
173 168 10
173 169 9
173 170 11
173 171 19
173 172 13
173 174 7
173 175 12
173 176 9
173 177 4
173 178 19
173 179 11
173 180 19
173 181 11
173 182 7
173 183 6
173 184 12
173 185 1
173 186 7
173 187 7
173 188 9
173 189 19
173 190 16
173 191 5
173 192 9
173 193 9
173 194 10
173 195 15
173 196 2
173 197 15
173 198 7
173 199 5
173 200 11
173 201 3
173 202 19
173 203 12
173 204 6
173 205 13
173 206 20
173 207 10
173 208 12
173 209 11
173 211 20
173 212 19
173 213 20
173 214 19
173 215 16
173 216 2
173 217 4
173 218 3
173 219 4
173 220 11
173 221 12
173 222 20
173 223 4
173 224 7
173 225 19
173 226 20
173 227 3
173 T 16
174 1 7
174 2 8
174 3 9
174 4 17
174 5 19
174 6 2
174 7 2
174 8 10
174 9 3
174 10 8
174 11 5
174 12 8
174 13 10
174 14 9
174 15 17
174 16 17
174 17 2
174 18 10
174 19 15
174 20 4
174 21 11
174 22 19
174 23 19
174 24 7
174 25 19
174 26 18
174 27 7
174 28 6
174 29 4
174 30 13
174 31 5
174 32 10
174 33 11
174 34 14
174 35 11
174 36 9
174 37 15
174 38 6
174 39 1
174 40 3
174 41 17
174 42 16
174 43 13
174 44 20
174 45 12
174 46 5
174 47 1
174 48 15
174 49 13
174 50 13
174 51 2
174 52 19
174 53 18
174 54 5
174 56 14
174 57 19
174 58 7
174 59 13
174 60 10
174 61 7
174 62 9
174 63 15
174 64 13
174 65 1
174 66 17
174 67 1
174 68 12
174 69 11
174 70 3
174 71 10
174 72 2
174 73 16
174 74 16
174 75 17
174 76 13
174 77 14
174 78 15
174 79 4
174 80 17
174 81 17
174 82 5
174 83 5
174 84 16
174 85 18
174 86 18
174 87 13
174 88 11
174 89 13
174 91 13
174 92 20
174 93 5
174 94 18
174 95 18
174 96 19
174 97 18
174 98 16
174 99 15
174 100 7
174 101 10
174 102 17
174 103 18
174 104 20
174 105 14
174 106 1
174 107 17
174 108 18
174 109 6
174 110 11
174 112 11
174 113 5
174 114 14
174 115 8
174 116 6
174 117 12
174 118 20
174 119 17
174 120 8
174 121 18
174 122 16
174 123 8
174 124 9
174 125 12
174 126 11
174 127 10
174 128 5
174 129 18
174 130 18
174 131 12
174 132 9
174 133 20
174 134 4
174 135 1
174 136 3
174 137 20
174 138 7
174 139 1
174 140 8
174 141 13
174 142 17
174 143 12
174 144 4
174 145 18
174 146 6
174 147 17
174 148 3
174 149 1
174 150 2
174 151 14
174 152 4
174 153 18
174 154 2
174 155 18
174 156 12
174 157 14
174 158 14
174 159 12
174 160 7
174 161 5
174 162 16
174 163 16
174 164 18
174 165 13
174 166 11
174 168 19
174 169 7
174 170 17
174 171 7
174 172 7
174 173 15
174 175 18
174 176 20
174 177 2
174 178 11
174 179 15
174 180 13
174 181 4
174 182 10
174 183 8
174 184 20
174 185 10
174 186 16
174 187 9
174 188 5
174 189 16
174 190 3
174 191 10
174 192 9
174 193 14
174 194 11
174 195 2
174 196 9
174 197 16
174 198 11
174 199 17
174 200 6
174 201 4
174 202 1
174 203 13
174 204 20
174 205 15
174 206 18
174 207 13
174 208 10
174 209 17
174 210 9
174 211 3
174 212 17
174 213 12
174 214 7
174 215 20
174 216 17
174 217 18
174 218 7
174 219 1
174 220 4
174 221 18
174 222 5
174 223 8
174 224 13
174 225 4
174 226 11
174 227 1
174 T 13
175 1 11
175 2 15
175 3 5
175 4 6
175 5 10
175 6 13
175 7 20
175 8 18
175 9 2
175 10 12
175 11 4
175 12 18
175 13 7
175 14 18
175 15 17
175 16 8
175 17 2
175 18 1
175 19 20
175 20 1
175 21 2
175 22 12
175 23 4
175 24 19
175 25 10
175 26 8
175 27 5
175 28 3
175 29 13
175 30 11
175 31 20
175 32 2
175 33 6
175 34 16
175 35 16
175 36 14
175 37 8
175 38 9
175 39 14
175 40 18
175 41 1
175 42 9
175 43 9
175 44 3
175 45 9
175 46 3
175 47 1
175 48 16
175 49 2
175 50 13
175 51 9
175 52 5
175 53 11
175 54 8
175 55 1
175 56 4
175 57 13
175 58 14
175 59 14
175 60 7
175 61 16
175 62 6
175 63 5
175 64 11
175 65 12
175 66 7
175 67 6
175 68 8
175 69 1
175 70 2
175 71 7
175 72 12
175 73 20
175 74 8
175 75 20
175 76 7
175 77 12
175 78 3
175 79 6
175 80 11
175 81 14
175 82 18
175 83 2
175 84 20
175 85 11
175 86 3
175 87 19
175 88 19
175 89 20
175 90 15
175 91 3
175 92 6
175 93 3
175 94 15
175 95 14
175 96 16
175 97 15
175 98 1
175 99 18
175 100 2
175 101 19
175 102 13
175 103 5
175 104 15
175 105 20
175 106 7
175 107 3
175 108 6
175 109 6
175 110 19
175 111 11
175 112 19
175 113 9
175 114 8
175 115 16
175 116 7
175 117 20
175 118 4
175 119 6
175 120 8
175 121 7
175 122 9
175 123 10
175 124 6
175 125 12
175 126 16
175 127 19
175 128 10
175 129 3
175 130 8
175 131 12
175 132 4
175 133 16
175 134 7
175 135 5
175 136 13
175 137 11
175 138 4
175 139 7
175 140 19
175 141 7
175 142 1
175 143 12
175 144 16
175 145 15
175 146 11
175 147 5
175 148 9
175 149 1
175 150 10
175 151 3
175 152 6
175 153 16
175 154 1
175 155 11
175 156 1
175 157 3
175 158 3
175 159 7
175 160 18
175 161 7
175 162 9
175 163 6
175 164 11
175 165 14
175 166 9
175 167 15
175 168 1
175 169 18
175 170 20
175 171 15
175 172 6
175 173 9
175 174 18
175 176 1
175 177 8
175 178 1
175 179 6
175 180 18
175 181 19
175 182 10
175 183 3
175 184 4
175 185 6
175 186 15
175 187 4
175 188 8
175 189 11
175 190 5
175 191 1
175 192 15
175 193 7
175 194 13
175 195 9
175 196 1
175 197 20
175 198 4
175 199 20
175 200 3
175 201 7
175 202 1
175 203 3
175 204 14
175 205 18
175 206 14
175 207 13
175 208 7
175 209 18
175 210 7
175 211 8
175 212 4
175 213 1
175 214 8
175 215 16
175 216 10
175 217 9
175 218 4
175 219 12
175 220 20
175 221 11
175 222 18
175 223 20
175 224 17
175 225 15
175 226 17
175 227 8
175 T 4
176 1 1
176 2 14
176 3 5
176 4 8
176 5 8
176 6 16
176 7 20
176 8 20
176 9 2
176 10 10
176 11 16
176 12 18
176 13 12
176 14 8
176 15 8
176 16 18
176 17 6
176 18 4
176 19 13
176 20 3
176 21 9
176 22 16
176 23 1
176 24 2
176 25 11
176 26 5
176 27 19
176 28 12
176 29 19
176 30 18
176 31 16
176 32 17
176 33 13
176 34 10
176 35 2
176 36 13
176 37 16
176 38 9
176 39 2
176 40 14
176 42 3
176 43 15
176 44 6
176 45 19
176 46 12
176 47 8
176 48 7
176 49 11
176 50 16
176 51 20
176 52 12
176 53 15
176 54 12
176 55 20
176 56 18
176 57 14
176 58 15
176 59 14
176 60 8
176 61 16
176 63 4
176 64 15
176 65 8
176 66 13
176 67 13
176 68 13
176 69 3
176 70 1
176 71 12
176 72 13
176 73 20
176 74 19
176 75 8
176 76 6
176 77 20
176 78 8
176 79 7
176 80 15
176 81 8
176 82 20
176 83 9
176 84 1
176 85 18
176 86 10
176 87 14
176 88 13
176 89 13
176 90 10
176 91 9
176 92 20
176 93 18
176 94 1
176 95 20
176 96 20
176 97 2
176 98 18
176 99 17
176 100 18
176 101 20
176 102 2
176 103 3
176 104 11
176 105 18
176 106 20
176 107 2
176 108 3
176 109 20
176 110 11
176 111 11
176 112 11
176 113 11
176 114 17
176 115 8
176 116 3
176 117 9
176 119 2
176 120 16
176 121 2
176 122 13
176 123 17
176 124 20
176 125 17
176 126 6
176 127 15
176 128 19
176 129 6
176 130 10
176 131 1
176 132 12
176 133 20
176 134 4
176 135 5
176 136 20
176 137 16
176 138 5
176 139 16
176 140 7
176 141 1
176 142 5
176 143 6
176 144 14
176 145 13
176 146 5
176 147 5
176 148 3
176 149 2
176 150 13
176 151 16
176 152 19
176 153 16
176 154 4
176 155 9
176 156 16
176 157 18
176 158 2
176 159 11
176 160 16
176 161 8
176 162 6
176 163 3
176 164 3
176 165 6
176 166 12
176 167 6
176 168 1
176 169 12
176 170 4
176 171 9
176 172 3
176 173 8
176 174 12
176 175 14
176 177 2
176 178 20
176 179 20
176 180 13
176 181 14
176 182 19
176 183 15
176 184 19
176 185 7
176 186 7
176 187 5
176 188 6
176 189 12
176 190 14
176 191 12
176 192 4
176 193 6
176 194 19
176 195 18
176 196 15
176 197 2
176 198 1
176 199 19
176 200 19
176 201 10
176 202 7
176 203 15
176 204 4
176 205 16
176 206 6
176 207 14
176 208 5
176 209 10
176 210 11
176 211 13
176 212 1
176 213 1
176 214 1
176 215 10
176 216 14
176 217 12
176 218 17
176 219 3
176 220 7
176 221 16
176 222 1
176 223 19
176 224 20
176 225 2
176 226 17
176 227 10
176 T 13
177 1 8
177 2 12
177 4 12
177 5 4
177 6 5
177 7 13
177 8 19
177 9 13
177 10 10
177 11 1
177 12 13
177 13 19
177 14 18
177 15 11
177 16 3
177 17 17
177 18 13
177 19 14
177 20 13
177 21 20
177 22 1
177 23 6
177 24 1
177 25 9
177 26 8
177 27 19
177 28 18
177 29 15
177 30 9
177 31 1
177 32 7
177 33 6
177 34 19
177 35 3
177 36 9
177 37 14
177 38 15
177 39 6
177 40 6
177 41 1
177 42 19
177 43 11
177 44 11
177 45 15
177 46 15
177 47 19
177 48 2
177 49 9
177 50 1
177 51 11
177 52 6
177 53 14
177 54 15
177 55 17
177 56 15
177 57 2
177 58 13
177 59 5
177 60 3
177 61 16
177 62 18
177 64 10
177 65 16
177 66 10
177 67 19
177 68 16
177 69 16
177 70 3
177 71 7
177 72 9
177 73 10
177 74 18
177 75 8
177 76 19
177 77 4
177 78 16
177 79 14
177 80 1
177 81 13
177 82 3
177 83 7
177 84 20
177 85 14
177 86 13
177 87 1
177 88 4
177 89 10
177 90 12
177 91 19
177 92 2
177 93 10
177 94 20
177 95 17
177 96 18
177 97 13
177 98 11
177 99 4
177 100 12
177 101 8
177 102 20
177 103 15
177 104 6
177 105 14
177 106 4
177 107 12
177 108 3
177 109 16
177 110 1
177 111 16
177 112 19
177 113 13
177 114 7
177 115 17
177 116 18
177 117 6
177 118 7
177 119 16
177 120 13
177 121 18
177 122 6
177 123 3
177 124 10
177 125 4
177 126 4
177 127 17
177 128 11
177 129 16
177 130 3
177 131 18
177 132 9
177 133 1
177 134 5
177 135 5
177 136 17
177 137 8
177 138 2
177 139 17
177 140 5
177 141 10
177 142 20
177 143 2
177 144 17
177 145 17
177 146 9
177 147 12
177 148 13
177 149 20
177 150 4
177 151 19
177 152 18
177 153 19
177 154 19
177 155 16
177 156 18
177 157 3
177 158 14
177 159 11
177 160 11
177 161 9
177 162 19
177 163 2
177 164 2
177 165 7
177 166 8
177 167 3
177 168 2
177 169 19
177 170 1
177 171 16
177 172 9
177 173 1
177 174 14
177 175 13
177 176 11
177 178 19
177 179 5
177 180 14
177 181 3
177 182 17
177 183 19
177 184 15
177 185 3
177 186 10
177 187 5
177 188 6
177 189 14
177 190 14
177 191 2
177 192 9
177 193 17
177 194 11
177 195 14
177 196 18
177 197 15
177 198 13
177 199 14
177 200 16
177 201 16
177 202 19
177 203 1
177 204 18
177 205 17
177 206 14
177 207 18
177 208 13
177 209 10
177 210 6
177 211 15
177 212 17
177 213 17
177 214 9
177 215 11
177 216 20
177 217 8
177 218 13
177 219 7
177 220 3
177 221 17
177 222 18
177 223 12
177 224 7
177 225 18
177 226 12
177 227 10
177 T 8
178 1 20
178 2 5
178 3 16
178 4 14
178 5 7
178 6 11
178 7 6
178 8 6
178 9 3
178 10 2
178 11 20
178 12 3
178 13 2
178 14 6
178 15 12
178 16 15
178 17 17
178 18 9
178 20 6
178 21 20
178 22 7
178 23 1
178 24 16
178 25 2
178 26 17
178 27 3
178 28 14
178 29 12
178 30 20
178 31 12
178 32 20
178 33 13
178 34 13
178 35 10
178 36 15
178 37 15
178 38 1
178 39 16
178 40 19
178 41 18
178 42 10
178 43 2
178 44 1
178 45 3
178 46 2
178 47 12
178 48 1
178 49 18
178 50 12
178 51 11
178 52 11
178 53 15
178 54 13
178 55 11
178 56 5
178 57 16
178 58 12
178 59 4
178 60 17
178 61 8
178 62 13
178 63 19
178 64 16
178 65 16
178 66 15
178 67 4
178 68 19
178 69 11
178 70 4
178 71 13
178 72 6
178 73 12
178 75 14
178 77 5
178 78 16
178 79 4
178 80 7
178 81 5
178 82 9
178 83 19
178 84 17
178 85 15
178 86 17
178 87 11
178 88 16
178 89 5
178 90 13
178 91 10
178 92 1
178 93 13
178 94 7
178 95 9
178 96 4
178 97 4
178 98 20
178 99 14
178 100 4
178 101 9
178 102 4
178 103 10
178 104 8
178 105 16
178 106 7
178 107 10
178 108 18
178 109 9
178 110 2
178 111 8
178 112 20
178 113 13
178 114 11
178 115 16
178 116 10
178 117 16
178 118 10
178 119 11
178 120 20
178 121 20
178 122 20
178 123 13
178 124 19
178 125 2
178 126 1
178 127 3
178 128 12
178 129 18
178 130 2
178 131 11
178 132 20
178 133 17
178 134 7
178 135 15
178 136 14
178 137 4
178 138 9
178 139 4
178 140 19
178 141 1
178 142 20
178 143 6
178 144 5
178 145 20
178 146 18
178 147 9
178 148 16
178 150 20
178 151 12
178 152 4
178 153 17
178 154 16
178 155 17
178 156 2
178 157 20
178 158 11
178 159 1
178 160 14
178 161 11
178 162 18
178 163 6
178 164 18
178 165 18
178 166 15
178 167 12
178 168 18
178 169 9
178 170 2
178 171 3
178 172 15
178 173 16
178 174 1
178 175 3
178 176 11
178 177 7
178 179 16
178 180 18
178 181 4
178 182 10
178 183 13
178 184 2
178 185 16
178 186 9
178 187 4
178 188 10
178 189 15
178 190 1
178 191 11
178 192 9
178 193 20
178 194 14
178 195 17
178 196 5
178 197 2
178 198 19
178 199 9
178 200 7
178 201 17
178 202 20
178 203 8
178 204 14
178 205 2
178 206 3
178 207 11
178 208 18
178 209 3
178 210 9
178 211 14
178 212 11
178 213 6
178 214 17
178 215 4
178 216 12
178 217 10
178 218 10
178 219 16
178 220 19
178 221 15
178 222 16
178 223 4
178 224 11
178 225 17
178 226 16
178 227 11
178 T 17
179 1 16
179 2 17
179 3 13
179 4 12
179 5 20
179 6 1
179 7 9
179 8 14
179 9 7
179 10 1
179 11 8
179 12 8
179 13 19
179 14 7
179 15 2
179 16 11
179 17 15
179 18 4
179 19 1
179 20 11
179 21 7
179 22 11
179 23 9
179 24 9
179 25 12
179 26 20
179 27 7
179 28 15
179 29 20
179 30 18
179 31 19
179 32 15
179 33 5
179 34 19
179 36 14
179 37 4
179 38 12
179 39 5
179 40 1
179 41 11
179 42 7
179 43 10
179 44 10
179 45 6
179 46 9
179 47 10
179 48 8
179 49 15
179 50 1
179 51 18
179 52 10
179 53 19
179 54 18
179 55 5
179 56 3
179 57 20
179 58 19
179 59 17
179 60 12
179 61 7
179 62 19
179 63 6
179 64 11
179 65 16
179 66 20
179 67 14
179 68 14
179 69 16
179 70 8
179 71 2
179 72 8
179 73 15
179 74 1
179 75 2
179 76 12
179 77 12
179 78 6
179 79 6
179 80 5
179 81 20
179 82 12
179 83 3
179 84 11
179 85 16
179 86 12
179 87 1
179 88 7
179 89 11
179 90 15
179 91 3
179 92 11
179 93 4
179 94 6
179 95 8
179 96 20
179 97 3
179 98 2
179 99 5
179 100 2
179 101 14
179 102 8
179 103 7
179 104 20
179 105 1
179 106 8
179 107 12
179 108 13
179 109 7
179 110 13
179 111 7
179 112 15
179 113 5
179 114 4
179 115 5
179 116 18
179 117 11
179 118 4
179 119 20
179 120 19
179 121 14
179 122 7
179 123 9
179 124 2
179 125 18
179 126 17
179 127 11
179 128 13
179 129 14
179 130 15
179 131 14
179 132 18
179 133 6
179 134 12
179 135 9
179 136 11
179 137 5
179 138 4
179 139 1
179 140 2
179 141 3
179 142 4
179 143 8
179 144 18
179 145 19
179 146 4
179 147 17
179 148 17
179 149 18
179 150 17
179 151 4
179 152 4
179 153 15
179 154 1
179 155 5
179 156 1
179 157 7
179 158 13
179 159 15
179 160 8
179 161 17
179 162 18
179 163 1
179 164 10
179 165 1
179 166 7
179 167 14
179 168 9
179 169 1
179 170 18
179 171 8
179 172 8
179 173 18
179 174 2
179 175 12
179 176 6
179 177 4
179 178 20
179 180 8
179 181 2
179 182 2
179 183 11
179 184 9
179 185 1
179 186 9
179 187 13
179 188 14
179 189 12
179 190 17
179 191 5
179 192 9
179 193 5
179 194 15
179 195 9
179 196 13
179 197 4
179 198 4
179 199 15
179 200 9
179 201 14
179 202 11
179 203 12
179 204 13
179 205 19
179 206 2
179 207 13
179 208 9
179 209 3
179 210 2
179 211 5
179 212 3
179 213 6
179 214 4
179 216 18
179 217 17
179 218 8
179 219 13
179 220 20
179 221 9
179 222 3
179 223 14
179 224 11
179 225 1
179 226 17
179 227 11
179 T 7
180 1 6
180 3 4
180 4 15
180 6 1
180 8 18
180 9 17
180 10 9
180 11 12
180 12 2
180 13 2
180 14 15
180 15 17
180 16 20
180 17 2
180 18 16
180 19 7
180 20 18
180 21 16
180 22 16
180 23 8
180 24 6
180 25 18
180 26 16
180 27 2
180 28 16
180 29 15
180 30 10
180 31 1
180 32 12
180 33 3
180 34 20
180 35 7
180 36 18
180 37 10
180 38 12
180 39 7
180 40 3
180 41 19
180 42 16
180 43 19
180 44 10
180 45 15
180 46 10
180 47 12
180 48 6
180 49 4
180 50 17
180 51 20
180 52 16
180 53 18
180 54 13
180 55 3
180 56 17
180 57 15
180 58 4
180 59 3
180 60 6
180 61 13
180 62 10
180 63 8
180 64 17
180 65 12
180 66 14
180 67 14
180 68 20
180 69 4
180 70 3
180 71 7
180 72 8
180 73 5
180 74 10
180 75 3
180 76 19
180 77 9
180 78 15
180 79 19
180 80 3
180 81 1
180 82 16
180 83 4
180 84 15
180 85 4
180 86 1
180 87 4
180 88 20
180 89 7
180 90 14
180 91 14
180 92 1
180 93 1
180 94 1
180 95 2
180 96 3
180 97 15
180 98 1
180 99 15
180 100 7
180 101 14
180 102 2
180 103 10
180 104 14
180 105 14
180 106 19
180 107 16
180 108 10
180 109 1
180 110 9
180 111 1
180 112 16
180 113 12
180 114 16
180 115 14
180 116 15
180 117 5
180 118 8
180 119 11
180 120 3
180 121 10
180 122 6
180 123 4
180 124 16
180 125 6
180 126 11
180 127 1
180 128 5
180 129 16
180 130 19
180 131 7
180 132 16
180 133 3
180 134 20
180 135 20
180 136 2
180 137 3
180 138 6
180 139 7
180 140 15
180 141 2
180 142 14
180 143 18
180 144 6
180 145 12
180 146 14
180 147 5
180 148 18
180 149 20
180 151 13
180 152 13
180 153 8
180 154 3
180 155 16
180 156 14
180 157 3
180 159 20
180 160 2
180 161 10
180 162 18
180 163 18
180 164 11
180 165 2
180 166 13
180 167 7
180 168 10
180 169 16
180 170 16
180 171 16
180 172 13
180 173 9
180 174 15
180 175 12
180 176 12
180 177 7
180 178 13
180 179 13
180 181 19
180 182 3
180 183 15
180 184 19
180 185 12
180 186 11
180 187 7
180 188 12
180 189 16
180 190 7
180 191 5
180 192 13
180 193 15
180 194 5
180 195 20
180 196 1
180 197 12
180 198 13
180 199 11
180 200 7
180 201 3
180 202 9
180 203 19
180 204 15
180 205 7
180 206 10
180 207 3
180 208 9
180 209 2
180 210 16
180 211 16
180 212 14
180 213 7
180 214 8
180 215 5
180 216 17
180 217 6
180 218 10
180 219 5
180 220 20
180 221 5
180 222 11
180 223 16
180 224 15
180 225 7
180 226 17
180 227 6
180 T 2
181 1 19
181 2 10
181 3 17
181 4 14
181 5 11
181 6 20
181 7 20
181 8 6
181 9 5
181 10 15
181 11 15
181 12 11
181 13 2
181 14 13
181 15 14
181 16 19
181 17 5
181 18 4
181 19 20
181 20 1
181 21 14
181 22 17
181 23 6
181 24 4
181 25 2
181 26 12
181 27 12
181 28 19
181 29 2
181 30 20
181 31 11
181 32 10
181 33 9
181 34 11
181 35 9
181 36 15
181 37 10
181 38 16
181 39 10
181 40 20
181 41 14
181 42 1
181 43 6
181 44 16
181 45 9
181 46 16
181 47 9
181 48 1
181 49 10
181 50 15
181 51 5
181 53 13
181 54 8
181 55 19
181 56 14
181 58 19
181 59 1
181 60 10
181 61 20
181 62 13
181 63 6
181 64 20
181 65 11
181 66 6
181 67 1
181 68 7
181 69 17
181 70 11
181 71 15
181 72 17
181 73 5
181 74 15
181 75 16
181 76 11
181 77 16
181 78 18
181 79 14
181 80 5
181 81 13
181 82 4
181 83 19
181 84 3
181 85 5
181 86 2
181 87 5
181 88 15
181 89 7
181 90 10
181 91 15
181 92 14
181 93 9
181 94 10
181 95 13
181 96 4
181 97 6
181 98 4
181 99 20
181 100 7
181 101 14
181 102 18
181 103 7
181 104 6
181 105 10
181 106 16
181 107 16
181 108 12
181 109 9
181 110 12
181 111 8
181 112 2
181 113 15
181 114 16
181 115 1
181 116 13
181 117 8
181 118 2
181 119 6
181 120 15
181 121 7
181 122 16
181 123 18
181 124 6
181 125 14
181 126 1
181 127 7
181 128 18
181 129 8
181 130 14
181 131 13
181 132 12
181 133 1
181 134 12
181 135 10
181 136 10
181 138 17
181 139 7
181 140 7
181 141 7
181 142 6
181 143 20
181 144 16
181 145 20
181 146 7
181 147 18
181 148 2
181 149 3
181 150 19
181 151 11
181 152 6
181 153 13
181 154 11
181 155 11
181 156 17
181 157 14
181 158 5
181 159 9
181 160 6
181 161 3
181 162 16
181 163 16
181 164 15
181 165 2
181 166 18
181 167 14
181 168 6
181 169 14
181 170 10
181 171 2
181 172 7
181 173 20
181 174 20
181 175 16
181 176 20
181 177 17
181 178 18
181 179 19
181 180 18
181 182 10
181 183 10
181 184 12
181 185 3
181 186 7
181 187 1
181 188 6
181 189 14
181 190 12
181 191 16
181 192 12
181 193 3
181 194 3
181 195 18
181 196 3
181 197 12
181 198 16
181 199 2
181 200 16
181 201 19
181 202 11
181 203 6
181 204 15
181 205 19
181 206 2
181 207 3
181 208 19
181 209 20
181 210 14
181 211 17
181 212 13
181 213 4
181 214 16
181 215 13
181 216 5
181 217 3
181 218 2
181 219 16
181 220 4
181 221 20
181 222 4
181 223 1
181 224 20
181 225 14
181 226 5
181 227 7
181 T 12
182 1 13
182 2 5
182 3 1
182 4 8
182 5 15
182 6 4
182 7 8
182 8 16
182 9 9
182 10 19
182 11 16
182 12 20
182 13 20
182 14 7
182 15 1
182 16 12
182 17 7
182 18 20
182 19 10
182 20 15
182 21 12
182 22 15
182 23 17
182 24 2
182 25 15
182 26 9
182 27 9
182 28 7
182 29 5
182 30 10
182 31 17
182 32 9
182 33 19
182 34 2
182 35 7
182 36 10
182 37 13
182 38 16
182 39 4
182 40 18
182 41 10
182 42 13
182 43 13
182 44 4
182 45 7
182 46 14
182 47 16
182 48 19
182 49 20
182 50 18
182 51 10
182 52 12
182 53 14
182 54 3
182 55 14
182 56 14
182 57 15
182 58 13
182 59 20
182 60 1
182 61 5
182 62 3
182 63 16
182 64 2
182 65 11
182 66 19
182 67 16
182 68 19
182 69 1
182 70 15
182 71 11
182 72 20
182 73 4
182 74 17
182 75 20
182 76 16
182 77 10
182 78 8
182 79 6
182 80 10
182 81 8
182 82 15
182 83 13
182 84 15
182 85 13
182 86 11
182 87 1
182 88 1
182 89 11
182 90 14
182 91 17
182 92 8
182 93 7
182 94 10
182 95 18
182 96 18
182 97 14
182 98 5
182 99 3
182 100 13
182 101 16
182 102 16
182 103 18
182 104 14
182 105 1
182 106 15
182 107 8
182 108 20
182 109 13
182 110 17
182 111 1
182 112 6
182 113 20
182 114 19
182 115 1
182 116 8
182 117 4
182 118 1
182 119 18
182 120 18
182 121 13
182 122 16
182 123 11
182 124 1
182 125 1
182 126 7
182 127 15
182 128 1
182 129 4
182 130 10
182 131 18
182 132 16
182 133 6
182 134 11
182 135 4
182 136 13
182 137 7
182 138 16
182 139 6
182 140 12
182 141 10
182 142 15
182 143 9
182 144 12
182 145 17
182 146 7
182 147 2
182 148 9
182 149 4
182 150 15
182 151 10
182 152 16
182 153 17
182 154 5
182 155 20
182 156 14
182 157 20
182 158 17
182 159 11
182 160 16
182 161 19
182 162 16
182 163 7
182 164 18
182 165 16
182 166 14
182 167 5
182 168 12
182 169 15
182 170 18
182 171 5
182 172 3
182 173 18
182 174 17
182 175 6
182 176 20
182 177 16
182 178 7
182 179 2
182 180 1
182 181 10
182 184 6
182 185 14
182 186 5
182 187 19
182 188 14
182 189 5
182 190 10
182 191 20
182 192 10
182 193 7
182 194 1
182 195 2
182 196 3
182 197 17
182 198 1
182 199 10
182 200 3
182 201 18
182 202 7
182 203 13
182 204 7
182 205 4
182 206 15
182 207 3
182 208 13
182 209 13
182 210 10
182 211 6
182 212 4
182 213 12
182 214 11
182 215 3
182 216 7
182 217 16
182 218 18
182 219 2
182 220 1
182 221 11
182 222 8
182 223 7
182 224 5
182 225 15
182 226 13
182 227 8
182 T 5
183 1 12
183 2 6
183 3 4
183 4 6
183 5 7
183 6 4
183 7 2
183 8 3
183 9 19
183 10 13
183 11 7
183 12 1
183 13 18
183 14 19
183 15 7
183 16 1
183 17 12
183 18 11
183 19 6
183 20 10
183 21 15
183 22 4
183 23 10
183 24 16
183 25 14
183 26 13
183 27 4
183 28 10
183 29 20
183 30 15
183 31 2
183 32 17
183 33 2
183 34 2
183 35 16
183 36 11
183 37 4
183 38 6
183 39 5
183 40 2
183 41 5
183 42 12
183 43 4
183 44 5
183 45 17
183 46 11
183 47 15
183 48 10
183 49 8
183 50 17
183 51 11
183 52 9
183 53 14
183 54 19
183 55 12
183 56 6
183 57 15
183 58 11
183 59 18
183 60 10
183 61 14
183 62 19
183 63 7
183 64 13
183 65 20
183 66 20
183 67 9
183 68 20
183 69 6
183 70 14
183 71 11
183 72 15
183 73 11
183 74 13
183 75 9
183 76 3
183 77 15
183 78 3
183 79 11
183 80 10
183 81 19
183 82 6
183 83 13
183 84 5
183 85 9
183 86 6
183 87 2
183 88 14
183 89 4
183 90 1
183 91 3
183 92 14
183 93 15
183 94 4
183 95 14
183 96 10
183 97 11
183 98 8
183 99 9
183 100 2
183 101 15
183 102 12
183 103 6
183 104 5
183 105 15
183 106 10
183 107 19
183 108 16
183 109 12
183 110 1
183 111 3
183 112 15
183 113 12
183 114 16
183 115 4
183 116 16
183 117 9
183 118 4
183 119 20
183 120 2
183 121 3
183 122 18
183 123 10
183 124 13
183 125 7
183 126 6
183 127 1
183 128 7
183 129 7
183 130 16
183 131 12
183 132 13
183 133 18
183 134 14
183 135 2
183 136 15
183 137 4
183 138 8
183 139 3
183 140 3
183 141 19
183 142 11
183 143 10
183 144 11
183 145 18
183 146 20
183 147 17
183 148 8
183 149 13
183 150 1
183 151 3
183 152 3
183 153 5
183 154 14
183 155 13
183 156 3
183 157 18
183 158 18
183 159 9
183 160 14
183 161 7
183 162 12
183 163 1
183 164 19
183 165 9
183 166 2
183 167 16
183 168 6
183 169 12
183 170 6
183 171 17
183 172 12
183 173 16
183 174 4
183 175 1
183 176 9
183 177 16
183 178 3
183 179 2
183 180 13
183 181 14
183 182 9
183 184 19
183 185 2
183 186 13
183 187 16
183 188 16
183 189 11
183 190 18
183 191 10
183 192 2
183 193 2
183 194 4
183 195 15
183 196 4
183 197 19
183 198 18
183 199 17
183 200 13
183 201 12
183 202 7
183 203 12
183 204 7
183 205 11
183 206 7
183 207 5
183 208 12
183 209 18
183 210 17
183 211 2
183 212 17
183 213 2
183 214 7
183 215 7
183 216 8
183 217 14
183 218 5
183 219 1
183 220 1
183 221 10
183 222 9
183 223 6
183 224 14
183 225 13
183 226 7
183 227 10
183 T 3
184 1 19
184 2 7
184 3 13
184 4 2
184 5 1
184 6 7
184 7 17
184 8 12
184 9 8
184 10 15
184 11 10
184 12 6
184 13 6
184 14 10
184 15 18
184 16 9
184 17 7
184 18 4
184 19 1
184 20 3
184 21 7
184 22 16
184 23 20
184 24 16
184 25 5
184 26 16
184 27 17
184 28 1
184 29 1
184 30 9
184 31 16
184 32 5
184 33 1
184 34 2
184 35 10
184 36 8
184 37 12
184 38 7
184 39 12
184 40 4
184 41 7
184 42 20
184 43 19
184 44 18
184 45 11
184 46 14
184 47 12
184 48 20
184 49 12
184 50 17
184 51 15
184 52 14
184 53 13
184 54 6
184 55 15
184 56 15
184 57 17
184 58 7
184 59 19
184 60 7
184 61 12
184 62 10
184 63 5
184 64 13
184 65 18
184 66 6
184 67 10
184 68 11
184 69 1
184 70 4
184 71 17
184 72 19
184 73 16
184 74 13
184 75 19
184 76 5
184 77 10
184 78 3
184 79 6
184 80 11
184 81 10
184 82 17
184 83 9
184 84 1
184 85 12
184 86 4
184 87 11
184 88 9
184 89 20
184 90 13
184 91 2
184 92 20
184 93 9
184 94 1
184 95 6
184 96 6
184 97 15
184 98 8
184 99 12
184 100 19
184 101 10
184 102 3
184 103 10
184 104 5
184 105 11
184 106 1
184 107 12
184 108 17
184 109 5
184 110 5
184 111 20
184 112 2
184 113 13
184 114 7
184 115 15
184 116 11
184 117 7
184 118 9
184 119 18
184 120 4
184 121 11
184 122 18
184 123 20
184 124 12
184 125 10
184 126 9
184 127 6
184 128 17
184 129 14
184 130 2
184 131 3
184 132 1
184 133 14
184 134 18
184 135 6
184 136 17
184 137 10
184 138 2
184 139 3
184 140 16
184 141 4
184 142 20
184 143 16
184 144 7
184 145 10
184 146 9
184 147 6
184 148 13
184 149 7
184 150 19
184 152 13
184 153 7
184 154 12
184 155 17
184 156 8
184 157 9
184 158 7
184 159 20
184 160 19
184 161 13
184 162 3
184 163 4
184 164 20
184 165 19
184 166 10
184 167 9
184 168 8
184 169 5
184 170 8
184 171 13
184 172 11
184 173 10
184 174 9
184 175 4
184 176 20
184 177 16
184 178 13
184 179 8
184 180 7
184 181 16
184 182 17
184 183 11
184 185 11
184 186 12
184 187 4
184 188 14
184 189 17
184 190 10
184 191 17
184 192 9
184 193 4
184 194 19
184 195 18
184 196 17
184 197 3
184 198 16
184 199 18
184 200 19
184 201 16
184 202 5
184 203 7
184 204 8
184 205 19
184 206 7
184 207 17
184 208 10
184 209 14
184 210 17
184 211 19
184 212 10
184 213 12
184 214 18
184 215 15
184 216 11
184 217 13
184 218 14
184 219 4
184 220 15
184 221 12
184 222 15
184 223 10
184 224 4
184 225 4
184 226 1
184 227 16
184 T 3
185 1 18
185 2 11
185 3 6
185 4 14
185 5 17
185 6 12
185 7 13
185 8 2
185 9 5
185 10 10
185 11 14
185 12 15
185 13 9
185 14 4
185 15 10
185 16 2
185 18 6
185 19 8
185 20 19
185 21 16
185 22 2
185 23 12
185 24 8
185 25 19
185 26 4
185 27 13
185 28 12
185 29 14
185 30 10
185 31 19
185 32 19
185 33 3
185 34 18
185 35 20
185 36 7
185 37 2
185 38 5
185 39 12
185 40 12
185 41 14
185 42 4
185 43 1
185 44 2
185 45 12
185 46 20
185 47 19
185 48 12
185 49 4
185 50 2
185 51 13
185 52 10
185 53 16
185 54 15
185 55 16
185 56 5
185 57 8
185 58 10
185 59 3
185 60 3
185 61 12
185 62 18
185 63 15
185 64 11
185 65 5
185 67 20
185 68 14
185 69 12
185 70 4
185 71 4
185 72 7
185 73 9
185 74 10
185 75 18
185 76 6
185 77 5
185 78 13
185 79 11
185 80 10
185 81 6
185 82 13
185 84 20
185 85 9
185 86 7
185 87 2
185 88 1
185 89 10
185 90 1
185 91 17
185 92 18
185 93 4
185 94 18
185 95 4
185 96 9
185 97 1
185 98 5
185 100 15
185 101 20
185 102 12
185 103 9
185 104 5
185 105 6
185 106 2
185 107 18
185 108 4
185 109 14
185 110 12
185 111 8
185 112 15
185 113 15
185 114 4
185 115 2
185 116 20
185 117 4
185 119 7
185 120 10
185 121 5
185 122 6
185 123 9
185 124 10
185 125 7
185 126 10
185 127 10
185 128 8
185 129 14
185 130 17
185 131 8
185 132 4
185 133 6
185 134 3
185 135 8
185 136 13
185 137 3
185 138 6
185 139 16
185 140 19
185 141 18
185 142 15
185 143 12
185 144 6
185 145 20
185 146 8
185 147 18
185 148 16
185 149 4
185 150 6
185 151 16
185 152 7
185 153 7
185 154 1
185 155 20
185 156 15
185 157 10
185 158 1
185 159 18
185 160 10
185 161 1
185 162 19
185 163 17
185 164 12
185 165 16
185 166 18
185 167 1
185 168 3
185 169 8
185 170 16
185 171 7
185 172 9
185 174 20
185 175 12
185 177 16
185 178 9
185 179 12
185 180 5
185 181 1
185 182 16
185 183 1
185 184 7
185 186 17
185 187 6
185 188 5
185 189 2
185 190 1
185 191 12
185 192 7
185 193 9
185 194 18
185 195 1
185 196 4
185 197 9
185 198 13
185 199 3
185 200 18
185 201 13
185 202 5
185 203 16
185 204 20
185 205 2
185 206 5
185 207 20
185 208 9
185 209 18
185 210 8
185 211 18
185 212 15
185 213 15
185 214 18
185 215 3
185 216 2
185 217 15
185 218 8
185 219 20
185 220 2
185 221 15
185 222 11
185 223 19
185 224 4
185 225 15
185 226 10
185 227 13
185 T 5
186 1 13
186 2 15
186 3 7
186 4 18
186 5 19
186 6 4
186 7 3
186 8 13
186 9 10
186 10 12
186 11 12
186 12 14
186 14 5
186 16 4
186 17 15
186 18 3
186 19 3
186 20 10
186 21 10
186 22 7
186 23 5
186 24 8
186 25 1
186 26 6
186 27 3
186 28 12
186 29 9
186 30 13
186 31 9
186 32 20
186 33 20
186 34 10
186 35 7
186 36 16
186 37 17
186 38 5
186 39 16
186 40 2
186 41 4
186 42 3
186 43 9
186 44 8
186 45 10
186 46 19
186 47 5
186 48 20
186 49 6
186 50 1
186 51 18
186 52 17
186 53 17
186 54 19
186 55 8
186 56 1
186 57 4
186 58 7
186 59 14
186 60 9
186 61 18
186 62 8
186 63 18
186 64 10
186 65 13
186 66 1
186 67 12
186 68 3
186 69 7
186 70 7
186 71 6
186 72 2
186 73 19
186 74 4
186 75 5
186 76 9
186 77 9
186 78 13
186 79 2
186 80 10
186 81 5
186 82 5
186 83 19
186 84 14
186 85 16
186 86 2
186 87 1
186 88 11
186 89 3
186 90 8
186 91 16
186 92 1
186 93 18
186 94 14
186 95 19
186 96 1
186 97 14
186 98 18
186 99 10
186 100 8
186 101 1
186 102 18
186 103 8
186 104 11
186 105 15
186 106 7
186 107 6
186 108 8
186 109 12
186 110 17
186 111 13
186 112 17
186 113 6
186 114 10
186 115 17
186 116 16
186 117 4
186 118 10
186 119 10
186 120 14
186 121 20
186 122 7
186 123 10
186 124 11
186 125 2
186 126 15
186 127 13
186 128 8
186 129 2
186 130 11
186 131 12
186 132 5
186 133 18
186 134 15
186 135 9
186 136 18
186 137 6
186 138 9
186 139 20
186 140 8
186 141 8
186 142 11
186 143 18
186 144 15
186 145 10
186 146 11
186 147 12
186 148 17
186 149 19
186 150 2
186 151 10
186 152 20
186 153 6
186 154 11
186 155 14
186 156 7
186 157 17
186 158 16
186 159 7
186 160 10
186 161 16
186 162 18
186 163 3
186 164 7
186 165 10
186 166 14
186 167 17
186 168 6
186 169 5
186 170 16
186 171 15
186 172 6
186 173 7
186 174 4
186 175 7
186 176 11
186 177 20
186 178 13
186 179 3
186 180 16
186 181 9
186 182 8
186 183 5
186 184 2
186 185 3
186 187 12
186 188 11
186 189 4
186 190 4
186 191 16
186 192 8
186 193 14
186 194 10
186 195 4
186 196 15
186 197 13
186 198 4
186 199 1
186 200 15
186 201 14
186 202 14
186 203 5
186 204 19
186 205 15
186 206 19
186 207 6
186 208 5
186 209 10
186 210 13
186 211 12
186 212 3
186 213 1
186 214 9
186 215 19
186 216 4
186 217 7
186 218 14
186 219 14
186 220 8
186 221 16
186 223 6
186 224 18
186 225 3
186 226 6
186 227 15
186 T 10
187 1 6
187 2 16
187 3 20
187 4 11
187 5 8
187 6 12
187 7 1
187 8 8
187 9 2
187 10 10
187 11 20
187 12 19
187 13 10
187 14 2
187 15 18
187 16 19
187 17 17
187 18 5
187 19 9
187 20 3
187 21 16
187 22 6
187 23 10
187 24 3
187 25 10
187 26 13
187 27 5
187 28 4
187 29 20
187 30 10
187 31 14
187 32 11
187 33 19
187 34 5
187 35 7
187 36 18
187 37 20
187 38 10
187 39 4
187 40 17
187 41 10
187 42 11
187 43 3
187 44 17
187 45 18
187 46 2
187 47 19
187 48 10
187 49 2
187 50 13
187 51 3
187 52 16
187 53 3
187 54 7
187 55 19
187 56 3
187 57 17
187 58 11
187 59 7
187 60 10
187 61 15
187 62 4
187 63 5
187 64 13
187 65 15
187 66 9
187 67 10
187 68 10
187 69 5
187 70 11
187 71 20
187 72 9
187 73 13
187 74 19
187 75 9
187 76 15
187 77 12
187 78 11
187 79 8
187 80 7
187 81 13
187 82 7
187 83 8
187 84 9
187 85 9
187 86 14
187 87 3
187 88 13
187 89 4
187 90 19
187 91 13
187 92 13
187 93 3
187 94 19
187 95 20
187 96 11
187 97 13
187 98 14
187 99 12
187 100 20
187 101 12
187 102 20
187 104 13
187 105 9
187 106 11
187 107 5
187 108 1
187 109 1
187 110 7
187 111 10
187 112 10
187 113 18
187 114 18
187 115 20
187 116 11
187 117 12
187 118 20
187 119 13
187 120 9
187 121 10
187 122 14
187 123 4
187 124 11
187 125 6
187 126 9
187 127 5
187 128 10
187 129 2
187 130 11
187 131 14
187 132 18
187 133 2
187 134 1
187 135 3
187 136 17
187 137 3
187 138 2
187 139 19
187 140 16
187 141 5
187 142 20
187 143 8
187 144 12
187 145 16
187 146 18
187 147 5
187 148 6
187 149 8
187 150 20
187 151 7
187 152 10
187 153 6
187 154 20
187 156 15
187 157 9
187 158 7
187 159 8
187 160 8
187 161 18
187 162 13
187 163 2
187 164 6
187 165 19
187 166 9
187 167 4
187 168 2
187 169 17
187 170 2
187 171 12
187 172 17
187 173 6
187 174 18
187 175 13
187 176 18
187 177 1
187 178 14
187 179 14
187 180 20
187 181 14
187 182 7
187 183 9
187 184 10
187 185 19
187 186 2
187 188 13
187 189 6
187 190 19
187 191 10
187 192 20
187 193 5
187 194 10
187 195 19
187 196 4
187 197 3
187 198 8
187 199 6
187 200 19
187 201 15
187 202 19
187 203 19
187 204 17
187 205 1
187 206 16
187 207 6
187 208 20
187 209 12
187 210 6
187 211 11
187 212 9
187 213 9
187 214 5
187 215 2
187 216 6
187 217 18
187 218 6
187 219 5
187 220 15
187 221 3
187 222 16
187 223 18
187 224 3
187 225 10
187 226 5
187 227 15
187 T 3
188 1 13
188 2 17
188 3 3
188 4 4
188 5 1
188 6 20
188 7 12
188 8 15
188 10 9
188 11 19
188 12 6
188 13 14
188 14 12
188 15 3
188 16 3
188 17 16
188 18 2
188 19 12
188 20 10
188 21 3
188 22 7
188 23 6
188 24 18
188 25 19
188 26 13
188 27 10
188 28 14
188 29 7
188 30 15
188 31 20
188 32 1
188 33 6
188 34 20
188 35 4
188 36 6
188 37 11
188 38 6
188 39 11
188 40 9
188 41 12
188 42 3
188 43 15
188 44 17
188 45 2
188 46 18
188 47 3
188 48 3
188 49 19
188 50 11
188 51 11
188 52 7
188 53 2
188 54 11
188 55 12
188 56 2
188 57 18
188 58 3
188 59 6
188 60 19
188 61 6
188 62 5
188 63 16
188 64 20
188 65 16
188 66 9
188 67 14
188 68 18
188 69 15
188 70 2
188 71 14
188 72 11
188 73 8
188 74 5
188 75 20
188 76 9
188 77 4
188 78 16
188 79 5
188 80 10
188 81 10
188 82 19
188 83 15
188 84 20
188 85 17
188 86 17
188 87 5
188 88 6
188 89 3
188 90 6
188 91 6
188 92 6
188 93 12
188 94 7
188 95 10
188 96 3
188 97 7
188 98 1
188 99 9
188 100 18
188 101 3
188 102 14
188 103 20
188 104 7
188 105 1
188 106 16
188 107 20
188 108 15
188 109 2
188 110 8
188 111 9
188 112 1
188 113 18
188 114 12
188 115 15
188 116 6
188 117 12
188 118 19
188 119 11
188 120 6
188 121 8
188 122 13
188 123 14
188 124 13
188 125 5
188 126 20
188 127 7
188 128 17
188 129 2
188 130 19
188 131 4
188 132 19
188 133 14
188 134 2
188 135 10
188 136 10
188 137 9
188 138 14
188 139 14
188 140 4
188 141 2
188 142 1
188 143 14
188 144 13
188 145 12
188 146 17
188 147 4
188 148 17
188 149 8
188 150 9
188 151 10
188 152 9
188 153 2
188 154 7
188 155 11
188 156 7
188 157 20
188 158 7
188 159 7
188 160 20
188 161 18
188 162 6
188 163 2
188 164 6
188 165 2
188 166 11
188 167 2
188 168 18
188 169 10
188 170 9
188 171 14
188 172 11
188 173 15
188 174 3
188 175 16
188 176 7
188 177 2
188 178 20
188 179 20
188 180 11
188 181 7
188 182 6
188 183 16
188 184 2
188 185 19
188 186 13
188 187 16
188 189 14
188 190 5
188 191 18
188 192 14
188 193 6
188 194 16
188 195 7
188 196 20
188 197 20
188 198 19
188 199 15
188 200 20
188 201 9
188 202 5
188 203 9
188 204 11
188 205 7
188 206 7
188 207 20
188 208 12
188 209 17
188 210 9
188 211 2
188 212 7
188 213 6
188 214 9
188 215 8
188 216 17
188 217 16
188 218 9
188 219 3
188 220 14
188 221 13
188 222 10
188 223 5
188 224 18
188 225 6
188 226 6
188 227 4
188 T 20
189 1 5
189 2 6
189 3 12
189 4 7
189 5 5
189 6 20
189 7 18
189 8 11
189 9 13
189 10 3
189 11 4
189 12 5
189 13 2
189 14 20
189 15 10
189 16 8
189 17 4
189 18 5
189 19 4
189 20 19
189 21 1
189 22 1
189 23 2
189 24 17
189 25 19
189 26 9
189 27 5
189 28 15
189 29 2
189 30 16
189 31 13
189 32 12
189 33 11
189 34 20
189 35 9
189 36 13
189 37 5
189 38 1
189 39 4
189 40 19
189 41 3
189 42 6
189 43 12
189 44 3
189 45 9
189 46 3
189 47 10
189 48 3
189 49 19
189 50 1
189 51 15
189 52 18
189 53 1
189 54 8
189 55 8
189 56 15
189 57 8
189 58 19
189 59 4
189 60 16
189 61 8
189 62 8
189 63 13
189 64 7
189 65 10
189 66 3
189 67 6
189 68 1
189 69 3
189 70 7
189 71 5
189 72 2
189 73 8
189 74 18
189 75 10
189 76 10
189 77 4
189 78 10
189 79 15
189 80 5
189 81 2
189 82 6
189 83 6
189 84 20
189 85 6
189 86 7
189 87 17
189 88 3
189 89 20
189 90 6
189 91 5
189 92 8
189 93 1
189 94 14
189 95 14
189 96 12
189 97 11
189 98 7
189 99 8
189 100 13
189 101 8
189 102 3
189 103 13
189 104 5
189 105 15
189 106 2
189 107 13
189 108 6
189 109 7
189 110 9
189 111 9
189 112 4
189 113 18
189 114 5
189 115 20
189 116 14
189 117 7
189 118 10
189 119 13
189 120 11
189 121 10
189 122 1
189 123 19
189 124 19
189 125 15
189 126 1
189 127 10
189 128 18
189 129 7
189 130 13
189 131 4
189 132 7
189 133 17
189 134 11
189 135 12
189 136 9
189 137 18
189 138 19
189 139 12
189 140 19
189 141 17
189 142 13
189 143 10
189 144 19
189 145 13
189 146 2
189 147 16
189 148 4
189 149 3
189 150 1
189 151 9
189 152 4
189 153 18
189 154 15
189 155 9
189 156 20
189 157 18
189 158 16
189 159 19
189 160 18
189 161 10
189 162 8
189 163 4
189 164 12
189 165 10
189 166 15
189 167 10
189 168 1
189 169 10
189 170 12
189 171 20
189 172 10
189 173 20
189 174 20
189 175 9
189 176 11
189 177 15
189 178 1
189 179 16
189 180 6
189 181 3
189 182 2
189 183 11
189 184 7
189 185 13
189 186 5
189 187 3
189 188 2
189 190 5
189 191 11
189 192 13
189 194 6
189 195 18
189 196 14
189 197 7
189 198 17
189 199 20
189 200 15
189 201 20
189 202 3
189 203 16
189 204 17
189 206 12
189 207 19
189 208 6
189 209 2
189 210 1
189 211 8
189 212 11
189 213 20
189 214 6
189 215 10
189 216 3
189 217 9
189 218 19
189 219 18
189 220 6
189 221 20
189 222 17
189 223 2
189 224 2
189 225 3
189 226 15
189 227 1
189 T 15
190 1 11
190 2 19
190 3 13
190 4 5
190 5 3
190 6 7
190 7 3
190 8 3
190 9 11
190 10 5
190 11 5
190 12 7
190 13 3
190 14 15
190 15 9
190 16 15
190 17 6
190 18 13
190 19 13
190 20 17
190 21 15
190 22 11
190 23 4
190 24 19
190 25 11
190 26 10
190 27 1
190 28 3
190 29 13
190 30 9
190 31 1
190 32 13
190 33 7
190 34 12
190 35 12
190 36 18
190 37 20
190 38 7
190 39 14
190 40 20
190 41 20
190 42 12
190 43 19
190 44 17
190 45 17
190 46 16
190 47 14
190 48 1
190 49 15
190 50 10
190 51 3
190 52 7
190 53 19
190 54 7
190 55 5
190 56 13
190 57 11
190 58 14
190 59 20
190 60 3
190 61 3
190 62 12
190 63 17
190 64 1
190 65 5
190 66 5
190 67 18
190 68 9
190 69 19
190 70 11
190 71 9
190 72 9
190 73 17
190 74 15
190 75 17
190 76 20
190 77 2
190 78 5
190 79 5
190 80 1
190 81 12
190 82 3
190 83 9
190 84 1
190 85 10
190 86 3
190 87 4
190 88 7
190 89 15
190 90 8
190 91 4
190 92 9
190 93 19
190 94 15
190 95 16
190 96 9
190 97 11
190 98 17
190 99 17
190 100 16
190 101 6
190 102 20
190 103 19
190 104 11
190 105 16
190 106 13
190 107 1
190 108 3
190 109 16
190 110 7
190 111 9
190 112 15
190 113 4
190 114 18
190 115 20
190 116 20
190 117 2
190 118 18
190 119 17
190 120 20
190 121 3
190 122 14
190 123 10
190 124 7
190 125 5
190 126 5
190 127 13
190 128 1
190 129 9
190 130 19
190 131 4
190 132 17
190 133 19
190 134 19
190 135 5
190 136 14
190 137 17
190 138 3
190 140 3
190 141 13
190 142 5
190 143 1
190 144 19
190 145 12
190 146 14
190 147 18
190 148 14
190 149 13
190 150 15
190 151 5
190 152 19
190 153 6
190 154 16
190 155 3
190 156 11
190 157 7
190 158 2
190 159 14
190 160 14
190 161 9
190 162 14
190 163 16
190 164 15
190 165 2
190 166 4
190 167 3
190 168 11
190 169 12
190 170 10
190 171 11
190 172 18
190 173 1
190 174 15
190 175 14
190 176 8
190 177 7
190 178 11
190 179 13
190 180 18
190 181 9
190 182 7
190 183 10
190 184 13
190 185 16
190 186 8
190 187 19
190 188 1
190 189 3
190 191 8
190 192 6
190 193 3
190 194 7
190 195 19
190 196 3
190 198 5
190 199 11
190 200 19
190 201 12
190 202 6
190 203 17
190 204 20
190 206 1
190 207 17
190 208 5
190 209 8
190 210 20
190 211 4
190 212 12
190 213 17
190 214 4
190 215 15
190 216 7
190 217 7
190 218 6
190 219 12
190 220 18
190 221 17
190 222 19
190 223 11
190 224 2
190 225 17
190 226 17
190 227 2
190 T 6
191 1 3
191 2 16
191 3 16
191 4 5
191 5 17
191 6 11
191 7 20
191 8 15
191 9 12
191 10 11
191 11 17
191 12 1
191 13 12
191 14 19
191 15 17
191 16 19
191 17 14
191 18 19
191 19 13
191 20 12
191 21 16
191 22 1
191 23 3
191 24 12
191 25 10
191 26 4
191 27 3
191 28 5
191 29 14
191 30 1
191 31 16
191 32 8
191 33 18
191 34 6
191 35 18
191 36 9
191 37 18
191 38 17
191 39 12
191 40 14
191 41 14
191 43 9
191 44 13
191 45 14
191 46 12
191 47 11
191 48 20
191 49 19
191 50 6
191 51 2
191 52 19
191 53 20
191 54 19
191 55 8
191 56 14
191 57 16
191 58 16
191 59 4
191 60 20
191 61 14
191 62 16
191 63 12
191 64 2
191 65 17
191 66 7
191 67 10
191 68 20
191 69 19
191 70 17
191 71 14
191 72 2
191 73 15
191 74 3
191 75 17
191 76 3
191 77 3
191 78 2
191 79 19
191 80 11
191 81 15
191 82 6
191 83 7
191 85 11
191 86 5
191 87 18
191 88 19
191 89 20
191 90 10
191 91 14
191 92 15
191 93 20
191 94 13
191 95 4
191 96 13
191 97 3
191 98 3
191 99 6
191 100 1
191 101 20
191 102 3
191 103 5
191 104 16
191 105 15
191 106 5
191 107 9
191 108 19
191 109 13
191 110 4
191 111 1
191 112 19
191 113 20
191 114 10
191 115 13
191 116 19
191 117 2
191 118 18
191 119 13
191 120 11
191 121 20
191 122 11
191 123 11
191 124 8
191 125 15
191 126 1
191 127 14
191 128 10
191 129 18
191 130 13
191 131 11
191 132 11
191 133 12
191 134 15
191 135 9
191 136 11
191 137 9
191 138 9
191 139 11
191 140 19
191 141 4
191 142 17
191 143 10
191 144 20
191 145 7
191 146 1
191 147 17
191 148 15
191 149 16
191 150 10
191 151 18
191 152 20
191 153 7
191 154 7
191 155 19
191 157 2
191 158 9
191 159 7
191 160 9
191 161 8
191 162 3
191 163 17
191 164 2
191 165 7
191 166 3
191 167 12
191 168 16
191 169 1
191 170 9
191 171 19
191 172 13
191 173 18
191 174 19
191 175 19
191 176 12
191 177 15
191 178 6
191 179 6
191 180 19
191 181 8
191 182 20
191 183 15
191 184 4
191 185 11
191 186 13
191 187 15
191 188 20
191 189 9
191 190 14
191 192 5
191 193 12
191 194 4
191 195 16
191 196 11
191 197 3
191 198 19
191 199 14
191 200 19
191 201 11
191 202 19
191 203 3
191 204 6
191 205 17
191 206 4
191 207 11
191 208 8
191 209 15
191 210 9
191 211 2
191 213 15
191 214 19
191 215 1
191 216 3
191 217 18
191 218 16
191 219 4
191 220 13
191 221 1
191 222 18
191 223 3
191 224 5
191 225 1
191 226 17
191 227 12
191 T 2
192 1 1
192 2 6
192 3 8
192 4 19
192 5 10
192 6 8
192 7 7
192 8 12
192 9 20
192 10 17
192 11 9
192 12 11
192 13 3
192 14 20
192 15 4
192 16 5
192 17 13
192 18 15
192 19 17
192 20 2
192 21 3
192 22 8
192 23 18
192 24 20
192 25 1
192 26 4
192 27 12
192 28 10
192 29 11
192 30 1
192 32 8
192 33 8
192 34 13
192 35 16
192 36 5
192 37 1
192 38 14
192 39 4
192 40 13
192 41 17
192 42 8
192 43 6
192 44 18
192 45 5
192 46 2
192 47 12
192 48 15
192 49 15
192 50 2
192 51 2
192 52 20
192 53 4
192 54 20
192 55 10
192 56 6
192 57 7
192 58 14
192 59 14
192 60 8
192 61 13
192 62 8
192 63 13
192 64 14
192 65 10
192 66 19
192 67 5
192 68 12
192 69 4
192 70 10
192 71 12
192 72 10
192 73 10
192 74 7
192 75 12
192 76 8
192 77 13
192 78 13
192 79 14
192 80 4
192 81 18
192 82 10
192 83 8
192 84 5
192 85 12
192 86 12
192 87 1
192 88 14
192 89 7
192 90 3
192 91 9
192 92 15
192 93 20
192 94 13
192 95 10
192 96 20
192 97 19
192 98 2
192 100 8
192 101 9
192 102 10
192 103 6
192 104 9
192 105 6
192 106 12
192 107 15
192 108 15
192 109 2
192 110 3
192 111 19
192 112 7
192 113 14
192 114 3
192 115 8
192 116 10
192 117 2
192 118 16
192 119 7
192 120 1
192 121 9
192 122 8
192 123 10
192 124 6
192 125 13
192 126 19
192 127 6
192 128 3
192 129 18
192 130 18
192 131 4
192 132 14
192 133 7
192 134 11
192 135 14
192 136 11
192 137 11
192 138 5
192 139 11
192 140 14
192 141 20
192 142 11
192 143 20
192 144 9
192 145 8
192 146 11
192 147 8
192 148 8
192 149 1
192 150 5
192 151 9
192 152 5
192 153 17
192 154 5
192 155 10
192 156 4
192 157 9
192 158 2
192 159 12
192 160 1
192 161 11
192 162 11
192 163 13
192 164 12
192 165 2
192 166 14
192 167 9
192 168 15
192 169 1
192 170 14
192 171 13
192 172 5
192 173 15
192 174 12
192 175 3
192 176 3
192 177 20
192 178 15
192 179 4
192 180 20
192 181 16
192 182 11
192 183 7
192 184 2
192 185 7
192 186 1
192 187 13
192 188 18
192 189 11
192 190 17
192 191 11
192 193 2
192 194 12
192 195 18
192 196 14
192 197 3
192 198 11
192 199 12
192 200 5
192 201 2
192 202 5
192 203 5
192 204 17
192 205 11
192 206 3
192 207 6
192 208 15
192 209 8
192 210 9
192 211 20
192 212 10
192 213 12
192 214 16
192 215 16
192 216 20
192 217 17
192 218 4
192 219 9
192 220 5
192 221 16
192 222 8
192 223 11
192 224 2
192 225 9
192 226 18
192 227 2
192 T 8
193 1 13
193 2 11
193 3 8
193 4 19
193 5 12
193 6 16
193 7 4
193 8 10
193 9 17
193 10 12
193 11 10
193 12 11
193 13 5
193 14 18
193 15 13
193 16 10
193 17 9
193 18 10
193 19 4
193 20 3
193 21 2
193 22 13
193 23 12
193 24 8
193 25 20
193 26 5
193 27 10
193 28 3
193 29 5
193 30 9
193 31 18
193 32 3
193 33 13
193 34 7
193 35 16
193 36 18
193 37 15
193 38 4
193 39 4
193 40 2
193 41 10
193 42 15
193 43 14
193 44 12
193 45 4
193 46 14
193 47 14
193 48 19
193 49 12
193 50 17
193 51 19
193 52 14
193 53 15
193 54 19
193 55 4
193 56 9
193 57 1
193 58 2
193 59 8
193 60 9
193 61 10
193 62 6
193 63 9
193 64 10
193 65 11
193 66 12
193 67 20
193 68 4
193 69 11
193 70 9
193 71 11
193 72 11
193 73 8
193 74 8
193 75 8
193 76 4
193 77 5
193 78 18
193 79 11
193 80 3
193 81 16
193 82 13
193 83 18
193 84 20
193 85 17
193 86 5
193 87 10
193 88 4
193 89 5
193 90 9
193 91 6
193 92 5
193 93 5
193 94 13
193 95 2
193 96 5
193 97 4
193 98 1
193 99 11
193 100 8
193 101 3
193 102 11
193 103 17
193 104 13
193 105 18
193 106 12
193 107 17
193 108 12
193 109 20
193 110 4
193 111 8
193 112 17
193 113 5
193 114 17
193 115 10
193 116 6
193 117 1
193 118 14
193 119 13
193 120 7
193 121 2
193 122 12
193 123 18
193 124 17
193 125 12
193 126 13
193 127 8
193 128 2
193 129 1
193 130 4
193 131 19
193 132 17
193 133 6
193 134 13
193 135 13
193 136 7
193 137 7
193 138 14
193 139 12
193 140 2
193 141 15
193 142 14
193 143 6
193 144 12
193 145 10
193 146 16
193 147 10
193 148 15
193 149 9
193 150 1
193 151 12
193 152 17
193 153 18
193 154 6
193 155 1
193 156 17
193 157 16
193 158 7
193 159 4
193 160 5
193 161 20
193 162 19
193 163 12
193 164 17
193 165 12
193 166 15
193 167 6
193 168 2
193 169 6
193 170 17
193 171 2
193 172 20
193 173 13
193 174 2
193 175 16
193 176 6
193 177 3
193 178 18
193 179 10
193 180 14
193 181 7
193 182 15
193 183 13
193 185 10
193 186 4
193 187 7
193 188 16
193 189 17
193 190 3
193 191 8
193 192 2
193 194 5
193 195 19
193 196 14
193 197 5
193 198 14
193 199 8
193 200 8
193 201 18
193 202 12
193 203 12
193 204 16
193 205 16
193 206 13
193 207 2
193 208 14
193 209 17
193 210 14
193 211 9
193 212 11
193 213 4
193 214 3
193 215 5
193 216 12
193 217 10
193 218 8
193 219 10
193 220 10
193 221 7
193 222 6
193 223 13
193 224 14
193 225 6
193 226 14
193 227 20
193 T 5
194 1 15
194 2 1
194 3 5
194 4 10
194 5 1
194 6 3
194 7 11
194 8 3
194 9 1
194 10 9
194 11 4
194 12 10
194 13 6
194 14 14
194 15 3
194 16 17
194 17 12
194 18 3
194 19 19
194 20 20
194 21 9
194 22 9
194 23 19
194 25 9
194 26 10
194 27 9
194 28 1
194 29 8
194 30 2
194 31 8
194 32 16
194 33 8
194 34 9
194 35 9
194 36 2
194 37 1
194 38 5
194 39 11
194 40 9
194 41 15
194 42 14
194 43 13
194 44 1
194 45 14
194 46 14
194 47 13
194 48 18
194 49 17
194 50 7
194 51 18
194 52 3
194 53 5
194 54 20
194 55 20
194 56 13
194 57 12
194 58 19
194 59 7
194 60 3
194 61 19
194 62 13
194 63 20
194 64 3
194 65 19
194 66 14
194 67 6
194 68 11
194 69 17
194 70 18
194 71 11
194 72 11
194 73 19
194 74 4
194 75 16
194 76 13
194 77 17
194 78 11
194 79 2
194 80 17
194 81 18
194 82 15
194 83 7
194 84 17
194 85 6
194 86 6
194 87 9
194 88 2
194 89 14
194 90 6
194 91 18
194 92 9
194 93 18
194 94 6
194 95 9
194 96 9
194 97 19
194 98 4
194 99 9
194 100 2
194 101 10
194 102 3
194 103 13
194 104 14
194 105 1
194 106 17
194 107 3
194 108 11
194 109 5
194 110 2
194 111 18
194 112 9
194 113 14
194 114 1
194 115 6
194 116 7
194 117 1
194 118 17
194 119 15
194 120 1
194 121 3
194 122 13
194 123 9
194 124 18
194 125 19
194 126 19
194 127 2
194 128 8
194 129 16
194 130 6
194 131 20
194 132 17
194 133 20
194 134 5
194 135 19
194 136 14
194 137 20
194 138 5
194 139 14
194 140 6
194 141 14
194 142 6
194 143 15
194 144 2
194 145 13
194 146 19
194 147 19
194 148 14
194 149 10
194 150 9
194 151 14
194 152 19
194 153 5
194 154 14
194 155 10
194 156 1
194 157 11
194 158 13
194 159 6
194 160 7
194 161 13
194 162 19
194 163 13
194 164 11
194 165 17
194 166 14
194 167 12
194 168 13
194 169 4
194 170 13
194 171 8
194 172 18
194 173 17
194 174 17
194 175 4
194 176 6
194 177 4
194 178 16
194 179 6
194 180 17
194 181 3
194 182 2
194 183 6
194 184 18
194 185 4
194 186 13
194 187 13
194 188 19
194 189 6
194 190 13
194 191 8
194 192 18
194 193 4
194 195 1
194 196 18
194 197 18
194 198 4
194 199 2
194 200 2
194 201 1
194 202 4
194 203 1
194 204 15
194 205 6
194 206 1
194 207 8
194 208 6
194 209 20
194 210 2
194 211 5
194 212 15
194 213 17
194 214 18
194 215 17
194 216 20
194 217 17
194 218 19
194 219 19
194 220 7
194 221 19
194 222 16
194 223 8
194 224 7
194 225 4
194 226 3
194 227 14
194 T 16
195 1 18
195 2 9
195 3 6
195 4 19
195 5 16
195 6 16
195 7 16
195 8 19
195 9 16
195 10 9
195 11 7
195 12 1
195 13 20
195 14 16
195 15 11
195 16 16
195 17 3
195 18 4
195 19 5
195 20 14
195 21 11
195 22 9
195 23 19
195 24 13
195 25 12
195 26 13
195 27 1
195 28 12
195 29 19
195 30 5
195 31 9
195 32 14
195 33 3
195 34 16
195 35 6
195 36 12
195 37 17
195 38 7
195 39 17
195 40 17
195 41 1
195 42 6
195 43 3
195 44 20
195 45 11
195 46 15
195 47 4
195 48 9
195 49 4
195 50 20
195 51 19
195 52 5
195 53 10
195 54 2
195 55 3
195 56 4
195 57 11
195 58 14
195 59 16
195 60 14
195 61 11
195 62 20
195 63 18
195 64 1
195 65 10
195 66 13
195 67 20
195 68 12
195 69 2
195 70 2
195 71 17
195 72 13
195 73 6
195 74 7
195 75 12
195 76 2
195 77 16
195 78 12
195 79 14
195 80 17
195 81 4
195 82 13
195 83 16
195 84 5
195 85 2
195 86 7
195 87 13
195 88 4
195 89 2
195 90 2
195 91 9
195 92 17
195 93 12
195 94 3
195 95 3
195 96 20
195 97 10
195 98 19
195 99 14
195 100 1
195 101 6
195 102 9
195 103 17
195 104 4
195 105 13
195 106 18
195 107 19
195 108 6
195 109 13
195 110 15
195 111 19
195 112 1
195 113 15
195 114 14
195 115 20
195 116 4
195 117 16
195 119 5
195 120 8
195 122 10
195 123 11
195 124 12
195 125 12
195 126 2
195 127 5
195 128 18
195 129 9
195 130 8
195 131 18
195 132 18
195 133 7
195 134 17
195 135 9
195 136 20
195 137 2
195 138 3
195 139 6
195 140 15
195 141 1
195 142 2
195 143 14
195 144 4
195 145 5
195 146 9
195 147 10
195 148 14
195 149 4
195 150 6
195 151 12
195 152 18
195 153 2
195 154 7
195 155 7
195 156 14
195 157 14
195 158 13
195 159 7
195 160 7
195 161 11
195 162 5
195 163 4
195 164 5
195 165 8
195 166 12
195 167 13
195 168 20
195 169 4
195 170 19
195 171 9
195 172 15
195 173 8
195 174 12
195 175 17
195 176 4
195 177 4
195 178 10
195 179 6
195 180 13
195 181 19
195 182 12
195 183 4
195 184 8
195 185 2
195 186 5
195 187 20
195 188 20
195 189 15
195 190 3
195 191 3
195 192 18
195 193 15
195 194 18
195 196 3
195 197 4
195 198 7
195 199 14
195 200 2
195 201 1
195 202 15
195 203 3
195 204 12
195 205 14
195 206 14
195 207 1
195 208 1
195 209 4
195 210 15
195 211 3
195 212 15
195 213 1
195 214 4
195 215 15
195 216 7
195 217 3
195 218 9
195 219 20
195 220 5
195 221 19
195 222 18
195 223 1
195 224 5
195 225 17
195 226 15
195 227 15
195 T 11
196 2 15
196 3 6
196 4 13
196 5 7
196 6 12
196 7 1
196 8 14
196 9 20
196 10 3
196 11 9
196 12 20
196 13 10
196 14 9
196 15 7
196 16 2
196 17 10
196 18 9
196 19 12
196 20 4
196 21 15
196 22 11
196 23 16
196 24 18
196 25 5
196 26 2
196 27 14
196 28 20
196 29 12
196 30 4
196 31 13
196 32 14
196 34 2
196 35 8
196 36 14
196 37 6
196 38 2
196 39 16
196 40 7
196 41 20
196 42 1
196 43 9
196 44 5
196 45 1
196 46 6
196 47 5
196 48 20
196 49 18
196 50 8
196 51 16
196 52 4
196 53 3
196 54 17
196 55 8
196 56 3
196 57 2
196 58 5
196 59 16
196 61 15
196 62 14
196 63 15
196 64 15
196 65 2
196 66 3
196 67 13
196 68 19
196 69 19
196 70 13
196 71 14
196 72 9
196 73 19
196 74 15
196 75 15
196 76 7
196 77 7
196 78 8
196 79 11
196 80 13
196 81 8
196 82 12
196 83 20
196 84 5
196 85 13
196 86 8
196 87 5
196 88 5
196 89 5
196 90 6
196 91 9
196 92 12
196 93 5
196 94 8
196 95 14
196 96 14
196 97 11
196 98 11
196 99 2
196 100 13
196 101 1
196 102 17
196 103 8
196 104 19
196 105 12
196 106 5
196 107 6
196 108 11
196 109 10
196 110 1
196 111 9
196 112 6
196 113 4
196 114 17
196 115 12
196 116 5
196 117 15
196 118 18
196 119 9
196 120 16
196 122 13
196 123 18
196 124 13
196 125 2
196 126 14
196 127 12
196 128 7
196 129 9
196 130 11
196 131 2
196 132 1
196 133 2
196 134 5
196 135 2
196 136 4
196 137 15
196 138 2
196 139 4
196 140 18
196 141 14
196 142 13
196 143 9
196 144 6
196 145 14
196 146 19
196 147 14
196 148 8
196 149 15
196 150 12
196 151 7
196 152 1
196 153 6
196 154 7
196 155 10
196 156 13
196 157 17
196 158 9
196 159 12
196 160 8
196 161 13
196 162 2
196 163 8
196 164 15
196 165 10
196 166 6
196 167 16
196 168 11
196 169 11
196 170 16
196 171 15
196 172 17
196 173 5
196 174 6
196 175 12
196 176 12
196 177 12
196 178 4
196 179 8
196 180 5
196 181 14
196 182 11
196 183 13
196 184 16
196 185 15
196 186 12
196 187 20
196 188 16
196 189 8
196 190 1
196 191 1
196 192 8
196 193 11
196 194 3
196 195 18
196 197 2
196 198 19
196 199 20
196 200 4
196 201 3
196 202 7
196 203 15
196 204 17
196 205 5
196 206 13
196 207 20
196 208 3
196 209 16
196 210 17
196 211 13
196 212 14
196 213 4
196 214 16
196 215 8
196 216 7
196 217 11
196 218 11
196 219 4
196 220 7
196 221 4
196 222 13
196 223 12
196 224 3
196 225 9
196 226 10
196 227 13
196 T 1
197 1 3
197 2 19
197 3 17
197 4 2
197 5 18
197 6 15
197 7 7
197 8 6
197 9 7
197 10 1
197 11 1
197 12 2
197 13 18
197 14 12
197 15 8
197 16 9
197 17 17
197 18 9
197 19 18
197 20 16
197 21 15
197 22 20
197 23 1
197 24 3
197 25 14
197 26 13
197 27 16
197 28 4
197 29 9
197 30 14
197 31 18
197 32 17
197 33 13
197 34 19
197 35 16
197 36 12
197 37 5
197 38 2
197 39 14
197 40 15
197 41 15
197 42 10
197 43 2
197 44 3
197 45 15
197 46 19
197 47 15
197 48 2
197 49 16
197 50 11
197 51 2
197 52 14
197 53 7
197 54 1
197 55 8
197 56 5
197 57 8
197 58 1
197 59 6
197 60 7
197 61 20
197 62 5
197 63 20
197 64 3
197 65 2
197 66 18
197 67 7
197 68 11
197 69 16
197 70 6
197 71 3
197 73 11
197 74 19
197 75 14
197 76 17
197 77 15
197 78 12
197 79 14
197 80 12
197 81 8
197 82 6
197 83 16
197 84 14
197 85 4
197 86 18
197 87 2
197 88 10
197 89 14
197 90 6
197 91 14
197 92 12
197 93 18
197 94 11
197 95 16
197 96 8
197 97 6
197 98 8
197 99 17
197 100 15
197 101 10
197 102 1
197 103 15
197 104 9
197 105 19
197 106 15
197 107 20
197 108 2
197 109 11
197 110 16
197 111 2
197 112 10
197 113 2
197 114 16
197 115 15
197 116 18
197 117 17
197 118 6
197 119 15
197 120 19
197 121 19
197 122 11
197 123 5
197 124 7
197 125 8
197 126 3
197 127 11
197 128 14
197 129 7
197 130 2
197 131 16
197 132 2
197 133 3
197 134 3
197 135 7
197 136 3
197 137 19
197 139 20
197 140 1
197 141 19
197 142 4
197 143 18
197 144 13
197 146 3
197 147 5
197 148 10
197 149 1
197 150 17
197 151 1
197 152 3
197 153 5
197 154 8
197 155 19
197 156 4
197 157 17
197 158 4
197 159 2
197 160 1
197 161 12
197 162 7
197 163 13
197 164 9
197 165 13
197 166 19
197 167 5
197 168 16
197 169 1
197 170 7
197 171 12
197 172 8
197 173 15
197 174 3
197 175 15
197 176 12
197 177 19
197 178 16
197 179 3
197 180 15
197 181 20
197 183 17
197 184 5
197 185 6
197 186 5
197 187 20
197 188 14
197 189 2
197 190 5
197 191 5
197 192 15
197 193 6
197 194 9
197 195 10
197 196 18
197 198 13
197 199 3
197 200 5
197 201 11
197 202 4
197 203 16
197 204 3
197 205 18
197 206 3
197 207 20
197 208 7
197 209 12
197 210 10
197 211 18
197 212 5
197 213 14
197 214 6
197 215 16
197 216 3
197 217 12
197 218 17
197 219 3
197 220 5
197 221 8
197 222 20
197 223 17
197 224 19
197 225 6
197 226 13
197 227 14
197 T 16
198 1 14
198 2 1
198 3 6
198 4 5
198 5 2
198 6 11
198 7 18
198 8 7
198 9 14
198 10 4
198 11 12
198 12 10
198 13 16
198 14 16
198 15 19
198 16 1
198 17 20
198 18 11
198 19 11
198 20 20
198 21 17
198 22 12
198 23 9
198 24 20
198 25 6
198 26 5
198 27 16
198 28 11
198 29 7
198 30 20
198 31 13
198 32 10
198 33 2
198 34 4
198 35 13
198 36 3
198 37 13
198 38 7
198 39 8
198 40 10
198 41 13
198 42 18
198 43 3
198 44 4
198 45 20
198 46 18
198 47 20
198 48 3
198 49 2
198 50 1
198 51 7
198 52 2
198 53 1
198 54 14
198 55 6
198 56 7
198 57 17
198 58 19
198 59 1
198 60 14
198 61 12
198 62 19
198 63 1
198 64 20
198 65 12
198 66 20
198 67 12
198 68 7
198 69 5
198 70 15
198 71 13
198 72 16
198 73 14
198 74 3
198 75 12
198 76 15
198 77 16
198 78 18
198 79 14
198 80 12
198 81 18
198 82 20
198 83 5
198 84 2
198 85 5
198 86 14
198 87 12
198 88 15
198 89 17
198 90 1
198 91 7
198 92 5
198 93 9
198 95 17
198 96 14
198 97 3
198 98 11
198 99 14
198 100 2
198 101 3
198 102 3
198 103 16
198 104 6
198 105 7
198 106 2
198 107 6
198 108 1
198 109 3
198 110 1
198 111 7
198 112 15
198 113 10
198 114 14
198 115 20
198 116 1
198 117 4
198 118 12
198 119 11
198 120 1
198 121 14
198 122 8
198 124 3
198 125 16
198 126 11
198 127 2
198 128 7
198 129 8
198 130 20
198 131 2
198 132 9
198 133 4
198 134 16
198 135 5
198 136 9
198 137 14
198 138 8
198 139 8
198 140 9
198 141 14
198 142 11
198 143 14
198 144 16
198 145 3
198 146 20
198 147 19
198 148 19
198 149 3
198 150 16
198 151 13
198 152 15
198 153 3
198 154 12
198 155 4
198 156 8
198 157 11
198 158 11
198 159 8
198 160 9
198 161 19
198 162 12
198 163 20
198 164 18
198 165 8
198 166 17
198 167 5
198 168 14
198 169 5
198 170 2
198 171 20
198 172 7
198 173 13
198 174 6
198 175 6
198 176 3
198 178 8
198 179 13
198 180 14
198 181 14
198 182 11
198 183 7
198 184 19
198 185 2
198 186 6
198 187 10
198 188 6
198 189 17
198 190 2
198 191 8
198 192 4
198 193 11
198 194 3
198 195 5
198 196 19
198 197 15
198 199 7
198 200 13
198 201 6
198 202 3
198 203 4
198 204 18
198 205 2
198 206 13
198 207 8
198 208 2
198 209 5
198 210 10
198 211 19
198 212 13
198 213 8
198 214 11
198 215 5
198 216 1
198 217 10
198 218 14
198 219 16
198 220 10
198 221 12
198 222 3
198 223 3
198 224 4
198 225 20
198 226 18
198 227 8
198 T 5
199 1 9
199 2 9
199 3 17
199 4 2
199 5 3
199 6 10
199 7 15
199 8 11
199 9 13
199 10 13
199 11 16
199 12 9
199 13 16
199 14 15
199 15 11
199 16 5
199 17 17
199 18 20
199 19 12
199 20 7
199 21 17
199 22 15
199 23 14
199 24 7
199 25 5
199 26 18
199 27 19
199 28 5
199 29 1
199 31 11
199 32 15
199 33 19
199 34 17
199 35 12
199 36 14
199 37 10
199 38 6
199 39 18
199 40 16
199 41 9
199 42 9
199 43 2
199 44 1
199 45 1
199 46 8
199 47 17
199 48 9
199 49 10
199 50 8
199 51 1
199 52 15
199 53 6
199 54 8
199 55 15
199 56 11
199 57 2
199 58 12
199 59 19
199 60 12
199 61 8
199 62 6
199 63 17
199 64 13
199 65 15
199 66 4
199 67 20
199 68 3
199 69 19
199 70 11
199 71 20
199 72 2
199 73 5
199 74 4
199 75 15
199 76 3
199 77 1
199 78 12
199 79 2
199 80 10
199 81 1
199 82 12
199 83 14
199 84 12
199 85 16
199 86 13
199 87 2
199 88 4
199 89 10
199 90 19
199 91 8
199 92 6
199 93 18
199 94 4
199 95 15
199 96 18
199 97 10
199 98 18
199 99 13
199 100 4
199 101 15
199 102 6
199 103 11
199 104 11
199 105 10
199 106 17
199 107 6
199 108 17
199 109 13
199 110 19
199 111 18
199 112 2
199 113 6
199 114 5
199 115 9
199 116 8
199 117 2
199 118 11
199 119 11
199 120 20
199 121 11
199 122 12
199 123 6
199 124 4
199 125 8
199 126 20
199 127 8
199 128 6
199 129 8
199 130 11
199 131 8
199 133 4
199 134 14
199 135 16
199 136 12
199 137 18
199 138 4
199 139 3
199 140 14
199 141 8
199 142 19
199 143 7
199 144 5
199 145 16
199 146 5
199 147 19
199 148 5
199 149 20
199 150 12
199 151 14
199 152 2
199 153 18
199 154 9
199 155 4
199 156 20
199 157 19
199 158 7
199 159 13
199 160 9
199 161 20
199 162 14
199 163 14
199 164 20
199 165 9
199 166 9
199 167 10
199 168 9
199 169 13
199 170 5
199 171 20
199 172 19
199 173 5
199 174 11
199 175 16
199 176 2
199 177 13
199 178 3
199 179 9
199 180 11
199 181 13
199 182 6
199 183 10
199 184 19
199 185 5
199 186 6
199 187 1
199 188 8
199 189 10
199 190 2
199 191 3
199 192 12
199 193 1
199 194 16
199 195 1
199 197 5
199 198 8
199 200 14
199 201 20
199 202 1
199 203 4
199 204 18
199 205 4
199 206 13
199 207 15
199 208 7
199 209 9
199 210 14
199 211 11
199 212 2
199 213 13
199 214 15
199 215 17
199 216 3
199 217 7
199 218 2
199 219 10
199 220 10
199 221 17
199 222 1
199 223 1
199 224 17
199 225 5
199 226 20
199 227 12
199 T 16
200 1 2
200 2 10
200 3 13
200 4 7
200 5 6
200 6 4
200 7 2
200 8 6
200 9 10
200 10 16
200 11 19
200 12 4
200 13 4
200 14 10
200 15 3
200 16 20
200 17 2
200 18 3
200 19 9
200 20 6
200 21 15
200 22 17
200 23 2
200 24 1
200 25 8
200 26 2
200 27 14
200 28 14
200 29 7
200 30 14
200 31 18
200 32 6
200 33 1
200 34 9
200 35 11
200 36 3
200 37 7
200 38 16
200 39 4
200 40 10
200 41 1
200 42 9
200 43 13
200 44 5
200 45 17
200 46 15
200 48 19
200 49 19
200 50 13
200 51 14
200 52 19
200 53 2
200 54 18
200 55 9
200 56 15
200 57 3
200 58 18
200 59 3
200 60 8
200 61 15
200 62 10
200 63 16
200 64 9
200 65 1
200 66 16
200 67 15
200 68 7
200 69 17
200 70 11
200 71 12
200 72 3
200 73 17
200 74 12
200 75 20
200 76 6
200 77 18
200 78 12
200 79 12
200 80 17
200 81 2
200 82 5
200 83 10
200 84 8
200 85 11
200 86 2
200 87 5
200 88 1
200 89 2
200 90 2
200 91 14
200 92 6
200 93 16
200 94 19
200 95 18
200 96 20
200 97 11
200 98 18
200 99 5
200 100 17
200 101 6
200 102 16
200 104 6
200 105 13
200 106 17
200 107 2
200 108 18
200 109 14
200 110 1
200 111 16
200 112 5
200 113 11
200 114 19
200 115 7
200 116 15
200 117 12
200 118 16
200 119 1
200 120 9
200 121 15
200 122 6
200 123 16
200 124 17
200 125 9
200 126 17
200 127 11
200 128 20
200 129 1
200 130 12
200 131 17
200 132 12
200 133 8
200 134 19
200 135 20
200 136 5
200 137 8
200 138 2
200 139 13
200 141 13
200 142 5
200 143 8
200 144 14
200 145 5
200 146 20
200 147 19
200 148 1
200 149 17
200 150 10
200 151 5
200 152 14
200 153 7
200 154 3
200 155 7
200 156 7
200 157 12
200 158 13
200 159 12
200 160 11
200 161 19
200 162 20
200 163 7
200 164 9
200 165 1
200 166 13
200 167 5
200 168 4
200 169 5
200 170 17
200 171 9
200 172 11
200 173 16
200 174 9
200 175 7
200 176 20
200 177 10
200 178 12
200 179 15
200 180 11
200 181 15
200 182 14
200 183 16
200 184 17
200 185 17
200 186 12
200 187 11
200 188 4
200 189 1
200 190 13
200 191 2
200 192 8
200 193 10
200 194 9
200 195 13
200 196 11
200 197 10
200 198 20
200 199 2
200 201 17
200 202 14
200 203 14
200 204 12
200 205 11
200 206 4
200 207 1
200 208 5
200 209 6
200 210 15
200 211 1
200 212 11
200 213 6
200 214 9
200 215 15
200 216 5
200 217 8
200 218 3
200 219 9
200 220 14
200 221 13
200 222 7
200 223 1
200 224 8
200 225 16
200 226 15
200 227 5
200 T 8
201 1 7
201 2 1
201 3 9
201 4 6
201 5 4
201 6 12
201 7 5
201 8 12
201 9 7
201 10 10
201 11 13
201 12 10
201 13 10
201 14 17
201 15 20
201 16 8
201 17 16
201 18 2
201 19 20
201 20 12
201 21 20
201 22 12
201 23 19
201 24 13
201 25 7
201 26 12
201 27 20
201 28 16
201 29 13
201 30 10
201 31 1
201 32 9
201 33 7
201 34 7
201 35 4
201 36 10
201 37 11
201 38 12
201 39 11
201 40 9
201 41 20
201 42 12
201 43 3
201 44 7
201 45 9
201 46 10
201 47 18
201 48 4
201 49 9
201 50 8
201 51 1
201 52 15
201 53 10
201 54 19
201 55 12
201 56 16
201 57 12
201 58 14
201 59 19
201 60 13
201 61 18
201 62 19
201 63 13
201 64 16
201 65 16
201 66 19
201 67 12
201 68 1
201 69 13
201 70 8
201 71 5
201 72 7
201 73 12
201 74 13
201 75 18
201 76 2
201 77 11
201 78 6
201 79 5
201 80 2
201 81 8
201 82 3
201 83 3
201 84 14
201 85 13
201 86 13
201 87 7
201 88 1
201 89 8
201 90 16
201 91 11
201 92 18
201 93 4
201 94 20
201 95 15
201 96 9
201 97 13
201 98 7
201 99 2
201 100 6
201 101 4
201 102 11
201 103 7
201 104 8
201 105 1
201 106 13
201 107 2
201 108 3
201 109 19
201 110 11
201 111 15
201 112 14
201 113 20
201 114 18
201 115 15
201 116 3
201 117 7
201 118 7
201 119 5
201 120 13
201 121 20
201 122 8
201 123 15
201 124 10
201 125 14
201 126 13
201 127 19
201 128 10
201 129 17
201 130 16
201 131 7
201 132 12
201 133 14
201 134 6
201 135 4
201 136 7
201 137 9
201 138 4
201 139 2
201 140 1
201 141 19
201 142 17
201 143 6
201 144 10
201 145 20
201 146 1
201 147 3
201 148 16
201 149 14
201 150 3
201 151 13
201 152 2
201 153 8
201 154 5
201 155 4
201 156 19
201 157 18
201 158 7
201 159 9
201 160 20
201 161 7
201 162 7
201 163 9
201 164 3
201 165 19
201 166 10
201 167 18
201 168 9
201 169 12
201 170 17
201 171 18
201 172 19
201 173 13
201 174 19
201 175 11
201 176 2
201 177 11
201 178 19
201 179 2
201 180 9
201 181 11
201 182 9
201 183 2
201 184 5
201 185 14
201 186 8
201 187 8
201 188 4
201 189 8
201 190 17
201 191 19
201 192 1
201 193 8
201 194 19
201 195 13
201 196 20
201 197 13
201 198 12
201 199 18
201 200 20
201 202 17
201 203 3
201 204 18
201 205 18
201 206 3
201 207 12
201 208 14
201 209 9
201 210 15
201 211 2
201 212 7
201 213 18
201 214 6
201 215 13
201 216 11
201 217 15
201 218 11
201 219 17
201 220 20
201 221 20
201 222 13
201 223 18
201 224 16
201 225 1
201 226 8
201 227 3
201 T 1
202 1 2
202 2 18
202 3 17
202 4 8
202 5 8
202 6 8
202 7 13
202 8 14
202 9 3
202 10 9
202 11 3
202 12 17
202 13 13
202 14 16
202 15 5
202 16 6
202 17 9
202 18 13
202 19 12
202 20 18
202 21 17
202 22 6
202 23 12
202 24 14
202 25 10
202 26 12
202 27 9
202 28 3
202 29 9
202 30 13
202 31 13
202 32 17
202 33 15
202 34 14
202 35 16
202 36 8
202 37 16
202 38 13
202 39 15
202 40 18
202 41 14
202 42 4
202 43 11
202 44 10
202 45 14
202 46 19
202 47 15
202 48 19
202 49 8
202 50 12
202 51 11
202 52 2
202 53 9
202 54 3
202 55 3
202 56 2
202 57 15
202 58 9
202 59 18
202 60 13
202 61 16
202 62 7
202 63 11
202 64 16
202 65 14
202 66 1
202 67 7
202 68 12
202 69 12
202 70 6
202 71 12
202 72 19
202 73 9
202 74 6
202 75 6
202 76 19
202 77 10
202 78 6
202 79 18
202 80 15
202 81 17
202 82 20
202 83 17
202 84 10
202 85 10
202 86 9
202 87 18
202 88 7
202 89 2
202 90 6
202 91 6
202 92 4
202 93 5
202 94 9
202 95 7
202 96 9
202 97 11
202 98 20
202 99 5
202 100 7
202 101 2
202 102 17
202 103 5
202 104 7
202 105 6
202 106 13
202 107 1
202 108 16
202 109 7
202 110 12
202 111 5
202 112 5
202 113 3
202 114 4
202 115 20
202 116 14
202 117 11
202 118 4
202 119 9
202 120 16
202 121 3
202 122 9
202 123 19
202 124 16
202 125 11
202 126 15
202 127 11
202 128 11
202 129 11
202 130 6
202 131 16
202 132 14
202 133 10
202 134 8
202 135 8
202 136 15
202 137 15
202 138 16
202 139 6
202 140 15
202 141 19
202 142 3
202 143 11
202 144 18
202 145 8
202 146 15
202 147 13
202 148 12
202 149 2
202 150 9
202 151 17
202 152 17
202 153 9
202 154 8
202 155 14
202 156 7
202 157 4
202 158 10
202 159 4
202 160 16
202 161 19
202 162 13
202 163 4
202 164 16
202 165 1
202 166 17
202 167 16
202 168 20
202 169 19
202 170 16
202 171 13
202 172 2
202 173 20
202 174 18
202 175 18
202 176 10
202 177 1
202 178 3
202 179 17
202 180 2
202 181 11
202 182 6
202 183 9
202 184 4
202 185 6
202 186 5
202 187 13
202 188 15
202 189 19
202 190 5
202 191 8
202 192 16
202 193 2
202 194 2
202 195 6
202 196 1
202 197 3
202 198 2
202 199 3
202 200 1
202 201 1
202 203 7
202 204 15
202 205 17
202 206 11
202 207 12
202 208 8
202 209 5
202 210 13
202 211 5
202 212 18
202 213 19
202 214 8
202 215 16
202 216 4
202 217 3
202 218 4
202 219 7
202 220 14
202 221 17
202 222 17
202 223 14
202 224 11
202 225 14
202 226 7
202 227 7
202 T 18
203 1 6
203 2 4
203 3 19
203 4 9
203 5 20
203 6 12
203 7 5
203 8 9
203 9 8
203 10 8
203 11 11
203 12 6
203 13 15
203 14 1
203 15 14
203 16 12
203 17 9
203 18 10
203 19 13
203 20 9
203 21 20
203 22 13
203 23 15
203 24 20
203 25 8
203 26 19
203 27 7
203 28 5
203 29 17
203 30 18
203 31 3
203 32 3
203 33 6
203 34 13
203 35 17
203 36 7
203 37 10
203 38 18
203 39 18
203 40 6
203 41 20
203 42 4
203 43 3
203 44 1
203 45 18
203 46 5
203 47 14
203 48 7
203 49 11
203 50 20
203 51 9
203 52 5
203 53 8
203 54 6
203 55 4
203 56 11
203 57 1
203 58 17
203 59 16
203 60 20
203 61 18
203 62 4
203 63 3
203 64 16
203 65 2
203 66 20
203 67 14
203 68 3
203 69 12
203 70 18
203 71 13
203 72 10
203 73 14
203 74 14
203 75 14
203 76 6
203 77 9
203 78 14
203 79 16
203 80 4
203 81 7
203 82 5
203 83 5
203 84 15
203 85 2
203 86 19
203 87 10
203 88 4
203 89 15
203 90 1
203 91 6
203 92 3
203 93 12
203 94 9
203 95 19
203 96 5
203 97 12
203 98 10
203 99 2
203 100 5
203 101 7
203 102 13
203 103 13
203 104 17
203 105 9
203 106 17
203 107 10
203 108 17
203 109 9
203 110 9
203 111 19
203 112 12
203 113 9
203 114 17
203 115 11
203 116 13
203 117 7
203 118 6
203 119 15
203 120 14
203 121 11
203 122 6
203 123 3
203 124 14
203 125 2
203 126 11
203 127 18
203 128 5
203 129 1
203 130 13
203 131 7
203 132 2
203 133 12
203 134 11
203 135 1
203 136 12
203 137 19
203 138 1
203 139 8
203 140 14
203 141 20
203 142 17
203 143 3
203 144 7
203 145 9
203 146 16
203 147 7
203 149 1
203 150 17
203 151 15
203 152 4
203 153 18
203 154 18
203 155 5
203 156 3
203 157 11
203 158 12
203 159 10
203 160 15
203 161 16
203 162 16
203 163 15
203 164 1
203 165 7
203 166 19
203 167 15
203 168 5
203 169 17
203 170 5
203 171 10
203 172 8
203 173 9
203 174 3
203 175 15
203 176 10
203 177 4
203 178 18
203 179 19
203 180 4
203 181 19
203 182 19
203 183 3
203 184 7
203 185 15
203 186 4
203 187 2
203 188 6
203 189 4
203 190 12
203 191 11
203 192 10
203 193 20
203 194 17
203 195 15
203 196 12
203 197 8
203 198 13
203 199 7
203 200 3
203 201 2
203 202 12
203 204 4
203 205 6
203 206 15
203 207 1
203 208 8
203 209 7
203 210 17
203 211 13
203 212 4
203 213 18
203 214 17
203 215 14
203 216 8
203 217 8
203 218 10
203 219 11
203 220 17
203 221 15
203 222 7
203 223 1
203 224 1
203 225 13
203 226 6
203 227 11
203 T 3
204 1 6
204 2 11
204 3 1
204 4 5
204 5 6
204 6 1
204 7 12
204 8 3
204 9 5
204 10 17
204 11 8
204 12 12
204 13 4
204 14 18
204 15 8
204 16 14
204 17 10
204 18 6
204 19 13
204 20 12
204 21 15
204 22 16
204 23 16
204 24 8
204 25 5
204 26 10
204 27 14
204 28 20
204 29 8
204 30 18
204 31 14
204 32 12
204 33 2
204 34 10
204 35 17
204 36 1
204 37 16
204 38 2
204 39 4
204 40 3
204 41 10
204 42 16
204 43 4
204 44 18
204 45 2
204 46 3
204 47 16
204 48 1
204 49 11
204 50 16
204 51 9
204 52 2
204 53 11
204 54 9
204 55 9
204 56 7
204 57 9
204 58 19
204 59 9
204 60 12
204 61 16
204 62 13
204 63 15
204 64 1
204 65 19
204 66 2
204 67 12
204 68 11
204 69 7
204 70 15
204 71 6
204 72 19
204 73 17
204 74 13
204 75 15
204 76 15
204 77 9
204 78 1
204 79 20
204 80 17
204 81 9
204 82 11
204 83 3
204 84 7
204 85 11
204 86 15
204 87 8
204 88 8
204 89 11
204 90 1
204 91 15
204 92 18
204 93 13
204 94 7
204 95 13
204 96 10
204 97 2
204 98 1
204 99 12
204 100 2
204 101 6
204 102 13
204 103 6
204 104 2
204 105 2
204 106 16
204 107 13
204 108 17
204 109 20
204 110 12
204 111 14
204 112 7
204 113 8
204 114 15
204 115 7
204 116 10
204 117 17
204 118 10
204 119 20
204 120 17
204 121 11
204 122 7
204 123 17
204 124 5
204 125 16
204 126 4
204 127 7
204 128 8
204 129 15
204 130 5
204 131 10
204 132 19
204 133 6
204 134 18
204 135 11
204 136 14
204 137 17
204 138 17
204 139 7
204 140 3
204 141 7
204 142 8
204 143 8
204 144 1
204 145 19
204 146 9
204 147 9
204 148 11
204 149 19
204 150 17
204 151 14
204 152 17
204 153 20
204 154 10
204 155 19
204 156 1
204 157 10
204 158 17
204 160 12
204 161 11
204 162 12
204 163 7
204 164 10
204 165 18
204 166 18
204 168 17
204 169 18
204 170 1
204 171 6
204 172 9
204 173 18
204 174 1
204 175 17
204 176 15
204 177 20
204 178 12
204 179 13
204 180 3
204 181 18
204 182 7
204 183 8
204 184 3
204 185 2
204 187 14
204 189 6
204 190 17
204 191 4
204 192 19
204 193 3
204 194 2
204 195 19
204 196 9
204 197 4
204 198 13
204 199 19
204 200 17
204 201 9
204 202 9
204 203 20
204 205 2
204 206 8
204 207 4
204 208 14
204 209 11
204 210 8
204 211 14
204 212 18
204 213 19
204 214 10
204 215 15
204 216 4
204 217 1
204 218 13
204 219 4
204 220 18
204 221 12
204 222 16
204 223 5
204 224 7
204 225 16
204 226 11
204 227 14
204 T 10
205 1 16
205 2 18
205 3 13
205 4 19
205 5 6
205 6 7
205 7 16
205 8 19
205 9 19
205 10 11
205 11 2
205 12 13
205 13 10
205 14 16
205 15 6
205 16 10
205 17 13
205 18 20
205 19 17
205 20 18
205 21 3
205 22 4
205 23 17
205 24 2
205 25 11
205 26 6
205 27 3
205 28 2
205 29 18
205 30 3
205 31 10
205 32 16
205 33 6
205 34 17
205 35 15
205 36 4
205 37 2
205 38 7
205 40 2
205 41 3
205 42 10
205 43 3
205 44 17
205 45 19
205 46 5
205 47 9
205 48 3
205 49 7
205 50 11
205 51 2
205 52 18
205 53 4
205 54 10
205 55 7
205 56 11
205 57 3
205 58 18
205 59 2
205 60 8
205 61 8
205 62 15
205 63 18
205 64 8
205 65 8
205 66 4
205 68 19
205 69 10
205 70 15
205 71 5
205 72 17
205 73 11
205 74 11
205 75 16
205 76 12
205 77 3
205 78 20
205 79 15
205 80 16
205 81 11
205 82 20
205 83 10
205 84 2
205 85 19
205 86 15
205 87 7
205 88 4
205 89 6
205 90 19
205 91 20
205 92 13
205 93 15
205 94 11
205 95 6
205 96 6
205 97 2
205 98 16
205 99 20
205 100 3
205 101 11
205 102 2
205 103 5
205 104 8
205 105 7
205 106 14
205 107 15
205 108 12
205 109 6
205 110 8
205 111 20
205 112 2
205 113 13
205 114 11
205 115 10
205 116 4
205 117 7
205 118 8
205 119 10
205 120 4
205 121 10
205 122 11
205 123 2
205 124 16
205 125 1
205 126 10
205 127 14
205 128 12
205 129 6
205 130 12
205 131 20
205 132 18
205 133 5
205 134 7
205 135 5
205 136 18
205 137 3
205 138 11
205 139 18
205 140 17
205 141 20
205 142 7
205 143 2
205 144 1
205 145 13
205 146 2
205 147 2
205 148 8
205 149 14
205 150 8
205 151 15
205 152 2
205 154 5
205 155 14
205 156 14
205 157 12
205 158 16
205 159 14
205 161 1
205 162 20
205 163 8
205 164 16
205 165 4
205 166 12
205 167 16
205 168 9
205 169 10
205 170 18
205 171 13
205 172 13
205 173 16
205 174 3
205 175 17
205 176 8
205 177 18
205 178 8
205 179 16
205 180 17
205 181 1
205 182 20
205 183 17
205 184 10
205 185 13
205 186 9
205 187 3
205 188 17
205 189 13
205 190 5
205 191 14
205 192 6
205 193 12
205 194 15
205 195 13
205 196 14
205 197 4
205 198 11
205 199 4
205 200 11
205 201 10
205 202 19
205 203 20
205 204 1
205 206 10
205 207 7
205 208 3
205 209 3
205 210 17
205 211 18
205 212 8
205 213 15
205 214 7
205 215 10
205 216 1
205 217 7
205 218 8
205 219 12
205 220 2
205 221 14
205 222 11
205 223 4
205 224 6
205 225 19
205 226 4
205 227 13
205 T 6
206 1 9
206 2 2
206 3 20
206 4 6
206 5 20
206 6 6
206 7 7
206 8 8
206 9 16
206 10 17
206 11 17
206 12 14
206 13 14
206 14 6
206 15 2
206 16 18
206 17 2
206 18 17
206 19 14
206 20 2
206 21 5
206 22 15
206 23 8
206 24 3
206 25 20
206 26 3
206 27 12
206 28 10
206 29 6
206 30 10
206 31 4
206 32 6
206 33 17
206 34 12
206 35 4
206 36 9
206 37 12
206 38 11
206 39 11
206 40 18
206 41 6
206 42 2
206 43 7
206 44 16
206 45 8
206 47 18
206 48 5
206 49 16
206 50 13
206 51 18
206 52 9
206 53 17
206 54 4
206 55 3
206 56 3
206 57 8
206 58 14
206 59 13
206 60 15
206 61 5
206 62 4
206 63 20
206 64 5
206 65 12
206 66 7
206 67 7
206 68 7
206 69 19
206 70 20
206 71 16
206 72 13
206 73 9
206 74 13
206 75 11
206 76 1
206 77 16
206 78 12
206 79 19
206 80 17
206 81 9
206 82 7
206 83 14
206 84 19
206 85 19
206 86 18
206 87 3
206 88 5
206 89 4
206 90 6
206 91 3
206 92 1
206 93 3
206 94 16
206 95 15
206 96 15
206 97 6
206 98 9
206 99 9
206 100 12
206 101 15
206 102 18
206 103 13
206 104 16
206 105 13
206 106 1
206 107 5
206 108 9
206 111 6
206 112 4
206 113 6
206 114 20
206 115 20
206 116 3
206 117 19
206 118 9
206 119 17
206 120 9
206 121 8
206 122 9
206 123 17
206 124 3
206 125 14
206 126 1
206 127 15
206 128 3
206 129 12
206 130 1
206 131 1
206 132 20
206 133 8
206 134 13
206 135 19
206 136 14
206 137 6
206 138 8
206 139 7
206 140 11
206 141 5
206 142 10
206 143 11
206 144 13
206 145 7
206 146 1
206 147 19
206 148 3
206 149 1
206 150 2
206 151 19
206 152 18
206 153 15
206 154 14
206 155 8
206 156 4
206 157 20
206 158 10
206 159 19
206 160 9
206 161 6
206 162 20
206 163 1
206 164 12
206 165 5
206 166 1
206 167 13
206 168 15
206 169 3
206 170 10
206 171 1
206 172 18
206 173 8
206 174 7
206 175 15
206 176 9
206 177 13
206 178 13
206 179 12
206 180 3
206 181 13
206 182 3
206 183 8
206 184 5
206 185 3
206 186 11
206 187 12
206 188 19
206 189 18
206 190 9
206 191 3
206 192 9
206 193 16
206 194 19
206 195 17
206 196 18
206 197 12
206 198 13
206 199 20
206 200 9
206 201 13
206 202 3
206 204 2
206 205 17
206 208 1
206 209 15
206 210 10
206 211 14
206 212 15
206 213 4
206 214 19
206 215 17
206 216 13
206 217 4
206 218 19
206 219 6
206 220 5
206 221 3
206 222 12
206 223 15
206 224 7
206 225 15
206 226 4
206 227 4
206 T 14
207 1 19
207 2 7
207 3 20
207 4 20
207 5 18
207 6 5
207 7 3
207 8 5
207 9 5
207 10 17
207 11 9
207 12 16
207 13 6
207 14 4
207 15 14
207 16 20
207 17 1
207 18 3
207 19 9
207 20 14
207 21 5
207 22 9
207 23 12
207 24 7
207 25 15
207 26 15
207 27 1
207 28 19
207 29 2
207 30 14
207 31 20
207 32 2
207 33 3
207 34 16
207 35 11
207 36 3
207 37 14
207 38 5
207 39 20
207 40 8
207 41 7
207 42 14
207 43 1
207 44 8
207 45 17
207 46 16
207 47 14
207 48 9
207 49 14
207 50 12
207 51 7
207 52 10
207 53 5
207 54 7
207 55 19
207 56 14
207 57 6
207 58 10
207 59 4
207 60 2
207 61 12
207 62 16
207 63 9
207 64 11
207 65 19
207 66 11
207 67 17
207 68 8
207 69 20
207 70 1
207 71 3
207 72 10
207 73 13
207 74 8
207 75 17
207 76 18
207 77 18
207 78 10
207 79 4
207 80 16
207 81 7
207 82 19
207 83 16
207 85 19
207 86 4
207 87 16
207 88 7
207 89 5
207 90 10
207 91 15
207 92 1
207 93 8
207 94 1
207 95 19
207 96 3
207 97 18
207 98 3
207 99 12
207 100 20
207 101 2
207 102 6
207 103 4
207 104 1
207 105 18
207 106 9
207 107 12
207 108 3
207 109 19
207 110 16
207 111 15
207 112 20
207 113 4
207 114 7
207 115 10
207 116 6
207 117 7
207 118 20
207 119 8
207 120 4
207 121 11
207 122 15
207 123 18
207 124 9
207 125 8
207 126 19
207 127 13
207 128 15
207 129 4
207 130 14
207 131 19
207 132 12
207 133 7
207 134 11
207 135 18
207 136 2
207 137 13
207 138 20
207 139 10
207 140 10
207 141 18
207 142 14
207 143 15
207 144 2
207 145 9
207 146 10
207 147 4
207 148 3
207 149 7
207 150 18
207 151 20
207 152 8
207 153 19
207 154 4
207 155 13
207 156 17
207 157 11
207 158 16
207 159 12
207 160 7
207 161 10
207 162 9
207 163 18
207 164 15
207 165 5
207 166 14
207 167 13
207 168 5
207 169 11
207 170 10
207 171 11
207 172 6
207 173 3
207 174 16
207 175 10
207 176 16
207 177 3
207 178 4
207 179 3
207 180 8
207 181 19
207 182 10
207 183 2
207 184 10
207 185 7
207 186 20
207 187 9
207 188 17
207 189 20
207 190 12
207 191 10
207 192 12
207 193 17
207 194 2
207 195 17
207 196 13
207 197 12
207 198 7
207 199 18
207 200 17
207 201 4
207 202 2
207 203 16
207 204 7
207 205 4
207 206 3
207 208 6
207 209 12
207 210 10
207 211 11
207 212 11
207 213 6
207 214 18
207 215 19
207 216 19
207 217 3
207 218 12
207 219 10
207 220 6
207 221 6
207 222 6
207 223 4
207 224 8
207 225 9
207 226 4
207 227 19
207 T 4
208 1 3
208 2 5
208 3 3
208 4 17
208 5 18
208 6 8
208 7 7
208 8 7
208 9 3
208 10 4
208 11 9
208 12 5
208 13 4
208 14 7
208 15 9
208 16 4
208 17 7
208 18 11
208 19 6
208 20 8
208 21 1
208 22 3
208 23 6
208 24 16
208 25 6
208 26 1
208 27 16
208 28 2
208 29 5
208 30 16
208 31 19
208 32 2
208 33 9
208 34 19
208 35 14
208 36 18
208 37 12
208 38 6
208 39 7
208 40 12
208 41 13
208 42 8
208 43 14
208 44 16
208 45 15
208 46 8
208 47 3
208 48 5
208 49 4
208 50 5
208 51 3
208 52 3
208 53 15
208 54 4
208 55 15
208 56 14
208 57 1
208 58 15
208 59 1
208 61 11
208 62 11
208 63 16
208 64 1
208 65 19
208 66 18
208 67 11
208 68 1
208 69 20
208 70 5
208 71 3
208 72 12
208 73 19
208 74 15
208 75 14
208 76 3
208 77 1
208 78 9
208 79 9
208 80 11
208 81 2
208 82 5
208 83 9
208 84 19
208 86 10
208 87 6
208 88 10
208 89 2
208 90 13
208 91 8
208 92 14
208 93 12
208 94 2
208 95 1
208 96 1
208 97 20
208 98 18
208 99 17
208 100 15
208 101 12
208 102 4
208 104 8
208 105 14
208 106 19
208 107 13
208 109 14
208 110 2
208 111 14
208 112 13
208 113 9
208 114 14
208 115 16
208 116 15
208 117 4
208 118 8
208 119 19
208 120 6
208 121 14
208 122 3
208 123 8
208 124 10
208 125 12
208 126 9
208 127 6
208 128 15
208 129 17
208 130 15
208 131 14
208 132 15
208 133 4
208 134 9
208 135 17
208 136 11
208 137 15
208 138 19
208 139 14
208 140 10
208 141 16
208 142 1
208 143 3
208 144 9
208 145 12
208 146 6
208 147 20
208 148 5
208 149 4
208 150 2
208 151 6
208 152 3
208 153 8
208 154 12
208 155 13
208 156 13
208 157 6
208 158 1
208 159 13
208 160 13
208 161 3
208 162 14
208 163 13
208 164 18
208 165 17
208 166 8
208 167 7
208 168 16
208 169 1
208 170 1
208 171 11
208 172 6
208 173 5
208 174 15
208 175 5
208 176 9
208 177 12
208 178 4
208 179 9
208 180 12
208 181 19
208 182 18
208 183 20
208 184 9
208 185 4
208 186 8
208 187 4
208 188 5
208 189 17
208 190 17
208 191 5
208 192 19
208 193 18
208 194 20
208 195 18
208 196 18
208 197 14
208 198 16
208 199 18
208 200 8
208 201 11
208 202 10
208 203 4
208 204 17
208 205 14
208 206 13
208 207 3
208 209 15
208 210 13
208 211 12
208 212 14
208 213 5
208 214 1
208 215 16
208 216 5
208 217 19
208 218 4
208 219 10
208 220 11
208 221 10
208 222 20
208 223 2
208 224 1
208 225 17
208 226 20
208 227 4
208 T 2
209 1 5
209 2 6
209 3 18
209 4 7
209 5 16
209 6 17
209 7 2
209 8 10
209 9 7
209 10 1
209 11 15
209 12 17
209 13 4
209 14 12
209 15 15
209 16 11
209 17 15
209 18 9
209 19 10
209 20 13
209 21 11
209 22 11
209 23 14
209 24 17
209 25 16
209 26 14
209 27 18
209 28 8
209 29 13
209 30 8
209 31 4
209 32 15
209 33 9
209 34 16
209 35 10
209 36 15
209 37 7
209 38 16
209 39 12
209 40 18
209 41 15
209 42 4
209 43 15
209 44 16
209 45 7
209 46 3
209 47 5
209 48 9
209 49 12
209 50 10
209 51 14
209 52 18
209 53 6
209 54 14
209 55 13
209 56 18
209 57 16
209 58 6
209 59 9
209 60 2
209 61 6
209 62 14
209 63 17
209 64 10
209 65 10
209 66 7
209 67 17
209 68 11
209 69 17
209 70 2
209 71 9
209 72 18
209 73 15
209 74 4
209 75 11
209 76 7
209 77 5
209 78 9
209 79 1
209 80 13
209 81 12
209 82 3
209 83 3
209 84 7
209 85 2
209 86 17
209 87 8
209 88 8
209 89 12
209 90 6
209 91 11
209 92 7
209 93 13
209 94 3
209 95 8
209 96 19
209 97 20
209 98 20
209 99 18
209 100 3
209 101 9
209 102 17
209 103 4
209 104 18
209 105 20
209 106 16
209 107 16
209 108 2
209 109 16
209 110 10
209 111 6
209 112 12
209 113 2
209 114 18
209 115 18
209 116 20
209 117 13
209 118 12
209 119 10
209 120 11
209 121 6
209 122 16
209 123 16
209 124 14
209 125 16
209 126 14
209 127 16
209 128 4
209 129 5
209 130 10
209 131 7
209 132 18
209 133 9
209 134 4
209 135 11
209 136 10
209 137 2
209 138 6
209 139 12
209 140 12
209 141 2
209 142 8
209 143 11
209 144 12
209 145 13
209 146 18
209 147 15
209 148 4
209 149 4
209 150 11
209 151 20
209 152 8
209 153 20
209 154 19
209 155 12
209 157 15
209 158 7
209 159 9
209 160 10
209 161 9
209 162 3
209 163 6
209 164 17
209 165 12
209 166 11
209 167 8
209 168 10
209 169 15
209 170 10
209 171 14
209 172 2
209 173 5
209 174 9
209 175 8
209 176 12
209 177 13
209 178 20
209 179 9
209 180 18
209 181 6
209 182 20
209 183 9
209 184 19
209 185 10
209 186 5
209 187 2
209 188 16
209 189 2
209 190 14
209 191 10
209 192 5
209 193 13
209 194 5
209 195 16
209 196 20
209 197 8
209 198 11
209 199 17
209 200 13
209 201 4
209 202 11
209 203 14
209 204 9
209 205 9
209 206 15
209 207 16
209 208 2
209 210 4
209 211 18
209 212 15
209 213 3
209 214 13
209 215 5
209 216 7
209 217 2
209 218 2
209 219 6
209 220 14
209 221 11
209 222 2
209 223 1
209 224 9
209 225 8
209 226 7
209 227 15
209 T 5
210 1 5
210 2 3
210 3 9
210 4 6
210 5 2
210 6 6
210 7 13
210 8 2
210 9 14
210 10 17
210 11 1
210 12 5
210 13 20
210 14 17
210 15 19
210 16 19
210 17 12
210 18 10
210 19 5
210 20 6
210 21 20
210 22 13
210 23 14
210 24 19
210 25 3
210 26 11
210 27 18
210 28 18
210 29 18
210 30 3
210 31 7
210 32 19
210 33 15
210 34 18
210 35 6
210 36 11
210 37 7
210 38 2
210 39 11
210 40 8
210 41 13
210 42 17
210 43 20
210 44 11
210 45 11
210 46 11
210 47 6
210 48 15
210 49 19
210 50 2
210 51 18
210 52 5
210 53 11
210 54 6
210 55 10
210 56 17
210 57 7
210 58 17
210 59 2
210 60 6
210 61 5
210 62 3
210 63 18
210 64 20
210 65 15
210 66 11
210 67 7
210 68 10
210 69 4
210 70 13
210 71 14
210 72 14
210 73 15
210 74 17
210 75 4
210 76 17
210 77 13
210 78 19
210 79 17
210 80 14
210 81 15
210 82 9
210 83 11
210 84 10
210 85 1
210 86 4
210 87 18
210 88 13
210 89 15
210 90 4
210 91 18
210 92 12
210 93 6
210 94 8
210 95 3
210 96 9
210 97 9
210 98 15
210 99 16
210 100 3
210 101 18
210 102 17
210 103 5
210 104 3
210 105 1
210 106 7
210 107 10
210 108 20
210 109 6
210 110 19
210 111 20
210 112 3
210 113 20
210 114 16
210 115 7
210 116 3
210 117 5
210 118 14
210 119 19
210 120 20
210 121 19
210 122 9
210 123 1
210 124 4
210 125 17
210 126 10
210 127 4
210 128 1
210 129 16
210 130 4
210 131 3
210 132 17
210 133 4
210 134 1
210 135 1
210 136 6
210 137 18
210 138 4
210 139 2
210 140 12
210 141 2
210 142 2
210 143 13
210 144 8
210 145 12
210 146 17
210 147 8
210 148 19
210 149 5
210 150 14
210 151 1
210 152 2
210 153 2
210 154 7
210 155 3
210 156 5
210 157 16
210 158 6
210 159 7
210 160 5
210 161 4
210 162 13
210 163 15
210 164 20
210 165 16
210 166 4
210 167 10
210 168 16
210 169 2
210 170 1
210 171 18
210 172 2
210 173 18
210 174 19
210 175 13
210 176 8
210 177 5
210 178 7
210 179 17
210 180 1
210 181 12
210 182 10
210 183 10
210 184 17
210 185 12
210 186 8
210 187 7
210 188 8
210 189 3
210 190 16
210 191 9
210 192 5
210 193 11
210 194 7
210 195 8
210 196 14
210 197 3
210 198 6
210 199 11
210 200 3
210 201 13
210 202 13
210 203 13
210 204 6
210 205 17
210 206 16
210 207 10
210 208 1
210 209 14
210 211 16
210 212 5
210 213 11
210 214 4
210 215 20
210 216 2
210 217 4
210 218 13
210 219 10
210 220 11
210 221 15
210 222 3
210 223 6
210 224 1
210 225 5
210 226 18
210 227 3
210 T 8
211 1 9
211 2 3
211 3 17
211 4 19
211 5 2
211 6 8
211 7 3
211 8 13
211 9 7
211 10 2
211 11 2
211 12 4
211 13 8
211 14 9
211 15 7
211 16 15
211 17 2
211 18 17
211 19 11
211 20 6
211 21 7
211 22 11
211 23 17
211 24 12
211 25 11
211 26 12
211 27 9
211 28 18
211 29 17
211 30 3
211 31 11
211 32 1
211 33 12
211 34 3
211 35 15
211 36 10
211 37 10
211 38 11
211 39 1
211 40 9
211 41 18
211 42 17
211 43 5
211 44 13
211 45 1
211 46 19
211 47 13
211 48 18
211 49 9
211 50 7
211 51 2
211 52 11
211 53 1
211 54 5
211 55 4
211 56 18
211 57 19
211 58 11
211 59 17
211 60 20
211 61 12
211 62 17
211 63 15
211 64 4
211 65 11
211 66 10
211 67 18
211 68 3
211 69 10
211 70 1
211 71 16
211 72 15
211 73 4
211 74 3
211 75 20
211 76 20
211 77 20
211 78 8
211 79 5
211 80 10
211 81 14
211 82 1
211 83 13
211 84 12
211 85 4
211 86 13
211 87 10
211 88 5
211 89 19
211 90 18
211 91 17
211 92 6
211 93 2
211 94 4
211 95 20
211 96 20
211 97 4
211 98 11
211 99 14
211 100 14
211 101 11
211 102 2
211 103 3
211 104 14
211 105 10
211 106 20
211 107 5
211 108 7
211 109 8
211 110 14
211 111 4
211 112 3
211 113 7
211 114 16
211 115 18
211 116 1
211 117 12
211 118 20
211 119 8
211 120 7
211 121 7
211 122 1
211 123 12
211 124 4
211 125 19
211 126 3
211 127 5
211 128 6
211 129 9
211 130 4
211 131 14
211 132 5
211 133 7
211 134 12
211 135 15
211 136 6
211 137 8
211 138 13
211 139 17
211 140 19
211 141 11
211 142 3
211 143 7
211 144 11
211 145 17
211 146 11
211 147 16
211 148 2
211 149 10
211 150 11
211 151 18
211 152 2
211 153 12
211 154 16
211 155 11
211 156 13
211 157 13
211 158 13
211 159 15
211 160 16
211 161 5
211 162 19
211 163 17
211 164 10
211 165 2
211 166 12
211 167 3
211 168 8
211 169 11
211 170 19
211 171 13
211 172 19
211 173 5
211 174 2
211 175 8
211 176 11
211 177 16
211 178 14
211 179 7
211 180 1
211 181 5
211 182 12
211 183 17
211 184 7
211 185 1
211 186 1
211 187 12
211 188 6
211 189 7
211 190 15
211 191 20
211 192 8
211 193 8
211 194 14
211 195 17
211 196 16
211 197 5
211 198 7
211 199 2
211 200 5
211 201 4
211 202 19
211 203 11
211 204 17
211 205 19
211 206 4
211 207 1
211 208 20
211 209 11
211 210 15
211 212 2
211 213 11
211 214 6
211 215 8
211 216 1
211 217 19
211 218 14
211 219 8
211 220 16
211 221 18
211 222 7
211 223 17
211 224 14
211 225 16
211 226 2
211 227 14
211 T 18
212 1 1
212 2 1
212 3 7
212 4 12
212 5 15
212 6 13
212 7 2
212 8 14
212 9 14
212 10 12
212 11 5
212 12 3
212 13 7
212 14 13
212 15 20
212 16 16
212 17 11
212 18 5
212 19 16
212 20 16
212 21 20
212 22 16
212 23 1
212 24 19
212 25 15
212 26 18
212 27 5
212 28 3
212 29 7
212 30 16
212 31 10
212 32 2
212 33 4
212 34 3
212 35 7
212 36 13
212 37 13
212 38 15
212 39 19
212 40 16
212 41 3
212 42 9
212 43 12
212 44 14
212 45 19
212 46 19
212 47 13
212 48 6
212 49 18
212 50 6
212 51 4
212 52 7
212 53 12
212 54 8
212 55 15
212 56 20
212 57 7
212 58 13
212 59 15
212 60 19
212 61 14
212 62 12
212 63 1
212 64 16
212 65 14
212 66 8
212 67 3
212 68 20
212 69 5
212 70 12
212 71 12
212 72 16
212 73 3
212 74 7
212 75 7
212 76 15
212 77 19
212 78 8
212 79 19
212 80 6
212 81 16
212 82 17
212 83 20
212 84 2
212 85 12
212 86 11
212 87 16
212 88 12
212 89 5
212 90 13
212 91 16
212 92 10
212 93 16
212 94 8
212 95 11
212 96 19
212 97 15
212 98 6
212 99 8
212 100 12
212 101 8
212 102 16
212 103 16
212 104 11
212 105 6
212 106 2
212 107 2
212 108 10
212 109 17
212 110 1
212 111 1
212 112 6
212 113 2
212 114 15
212 115 16
212 116 12
212 117 6
212 118 6
212 119 6
212 120 8
212 121 12
212 122 8
212 123 11
212 124 10
212 125 8
212 126 5
212 127 17
212 128 13
212 129 19
212 130 19
212 131 15
212 132 15
212 133 18
212 134 10
212 135 13
212 136 4
212 137 3
212 138 6
212 139 5
212 140 5
212 141 9
212 142 17
212 143 1
212 144 9
212 145 18
212 146 5
212 147 18
212 148 14
212 149 2
212 150 16
212 151 2
212 152 9
212 153 18
212 154 14
212 155 2
212 156 13
212 157 5
212 158 1
212 159 6
212 160 2
212 161 9
212 162 11
212 163 16
212 164 7
212 165 14
212 166 19
212 167 8
212 168 6
212 169 7
212 170 10
212 171 15
212 172 12
212 173 6
212 174 18
212 175 8
212 176 12
212 177 9
212 178 4
212 179 2
212 180 3
212 181 2
212 182 15
212 183 15
212 184 8
212 185 3
212 186 1
212 187 7
212 188 13
212 189 14
212 190 8
212 191 13
212 192 9
212 193 13
212 194 9
212 195 12
212 196 9
212 197 7
212 198 18
212 199 9
212 200 3
212 201 7
212 202 8
212 203 14
212 204 13
212 205 7
212 206 10
212 207 16
212 208 5
212 209 3
212 210 2
212 211 12
212 213 14
212 214 10
212 215 12
212 216 18
212 217 9
212 218 17
212 219 12
212 220 19
212 221 12
212 222 14
212 223 13
212 224 7
212 225 10
212 226 17
212 227 16
212 T 11
213 1 16
213 2 2
213 3 12
213 4 16
213 5 8
213 6 15
213 7 18
213 8 14
213 9 10
213 10 3
213 11 4
213 12 14
213 13 6
213 14 16
213 15 14
213 16 4
213 17 12
213 18 5
213 19 10
213 20 3
213 21 14
213 22 1
213 23 3
213 24 11
213 25 10
213 26 9
213 27 15
213 28 17
213 29 1
213 30 9
213 31 8
213 32 7
213 33 20
213 34 20
213 35 5
213 36 15
213 37 8
213 38 7
213 39 19
213 40 7
213 41 6
213 42 14
213 43 12
213 44 4
213 45 13
213 46 11
213 47 2
213 48 20
213 49 8
213 50 2
213 51 1
213 52 13
213 53 16
213 54 5
213 55 2
213 56 6
213 57 8
213 58 16
213 59 9
213 60 5
213 61 17
213 62 18
213 63 11
213 64 17
213 65 17
213 66 10
213 67 4
213 68 17
213 69 20
213 70 5
213 71 4
213 72 11
213 73 19
213 74 2
213 75 16
213 76 1
213 77 10
213 78 11
213 79 1
213 80 19
213 81 20
213 82 20
213 83 9
213 84 15
213 85 15
213 86 20
213 87 1
213 88 5
213 89 4
213 90 15
213 91 2
213 92 10
213 93 9
213 94 3
213 95 17
213 96 16
213 97 9
213 98 6
213 99 4
213 100 1
213 101 1
213 102 13
213 103 11
213 104 7
213 105 15
213 106 3
213 107 5
213 108 12
213 109 2
213 110 2
213 111 19
213 112 18
213 113 17
213 114 10
213 115 19
213 116 2
213 117 3
213 118 13
213 119 3
213 120 6
213 121 6
213 122 4
213 123 1
213 124 18
213 125 5
213 126 6
213 127 10
213 128 8
213 129 16
213 130 4
213 131 4
213 132 14
213 133 12
213 134 19
213 135 6
213 136 3
213 137 3
213 138 8
213 139 4
213 140 12
213 141 12
213 142 18
213 143 18
213 144 15
213 145 18
213 146 10
213 147 6
213 148 11
213 149 2
213 150 7
213 151 10
213 152 19
213 153 1
213 154 16
213 155 9
213 156 13
213 157 16
213 158 20
213 159 18
213 160 19
213 161 9
213 162 19
213 163 20
213 164 19
213 165 2
213 166 17
213 167 2
213 168 10
213 169 16
213 170 3
213 171 7
213 172 5
213 173 18
213 174 12
213 175 3
213 176 14
213 177 1
213 178 11
213 179 20
213 180 12
213 181 9
213 182 7
213 183 5
213 184 15
213 185 9
213 186 17
213 187 7
213 188 2
213 189 9
213 190 4
213 191 17
213 192 13
213 193 2
213 194 16
213 195 18
213 196 13
213 197 4
213 198 16
213 199 1
213 200 6
213 201 2
213 202 11
213 203 18
213 204 1
213 205 12
213 206 13
213 207 16
213 208 2
213 209 9
213 210 17
213 211 16
213 212 3
213 214 10
213 215 6
213 216 18
213 217 19
213 218 13
213 219 13
213 220 1
213 221 9
213 222 8
213 223 3
213 224 14
213 225 17
213 226 3
213 227 16
213 T 7
214 1 14
214 2 11
214 3 11
214 4 4
214 5 8
214 6 13
214 7 6
214 8 13
214 9 16
214 10 15
214 11 12
214 12 18
214 13 18
214 14 12
214 15 6
214 16 1
214 17 5
214 18 20
214 19 6
214 20 20
214 21 1
214 22 3
214 23 8
214 24 9
214 25 4
214 26 10
214 27 20
214 28 8
214 29 2
214 30 18
214 31 19
214 32 20
214 33 13
214 34 8
214 35 8
214 36 8
214 37 7
214 38 10
214 39 17
214 40 18
214 41 3
214 42 11
214 43 2
214 44 17
214 45 8
214 46 18
214 47 14
214 48 14
214 49 5
214 50 8
214 51 13
214 52 10
214 53 4
214 54 18
214 55 14
214 56 19
214 57 5
214 58 11
214 59 12
214 60 19
214 61 17
214 62 15
214 63 20
214 64 8
214 65 12
214 66 18
214 67 14
214 68 19
214 69 20
214 70 18
214 71 7
214 72 2
214 73 6
214 74 20
214 75 14
214 76 20
214 77 6
214 78 19
214 79 3
214 80 14
214 81 16
214 82 2
214 83 6
214 84 16
214 85 19
214 86 6
214 87 4
214 88 7
214 89 15
214 90 11
214 91 7
214 92 14
214 93 10
214 94 13
214 95 11
214 96 19
214 97 11
214 98 1
214 99 10
214 100 2
214 101 17
214 102 17
214 103 5
214 104 8
214 105 3
214 106 14
214 107 14
214 108 7
214 109 16
214 110 17
214 111 1
214 112 8
214 113 4
214 114 11
214 115 19
214 116 16
214 117 12
214 118 13
214 119 15
214 120 4
214 121 2
214 122 5
214 123 11
214 124 11
214 125 9
214 126 15
214 127 20
214 128 8
214 129 12
214 130 9
214 131 13
214 132 3
214 133 19
214 134 7
214 135 5
214 136 20
214 137 4
214 138 2
214 139 16
214 140 9
214 141 10
214 142 7
214 143 7
214 144 10
214 145 15
214 146 10
214 147 18
214 148 1
214 149 20
214 150 19
214 151 18
214 152 3
214 153 10
214 154 19
214 155 17
214 156 4
214 157 5
214 158 14
214 159 2
214 160 3
214 161 13
214 162 17
214 163 18
214 164 11
214 165 5
214 166 9
214 167 10
214 168 6
214 169 18
214 170 9
214 171 13
214 172 3
214 173 7
214 174 20
214 175 13
214 176 15
214 177 9
214 178 5
214 179 19
214 180 15
214 181 12
214 182 8
214 183 11
214 184 12
214 185 19
214 186 5
214 187 14
214 188 19
214 189 12
214 190 16
214 191 16
214 192 15
214 193 12
214 194 8
214 195 10
214 196 10
214 197 8
214 198 18
214 199 14
214 200 9
214 201 2
214 202 2
214 203 14
214 204 9
214 205 16
214 206 19
214 207 12
214 208 19
214 209 2
214 210 13
214 211 16
214 212 13
214 213 9
214 215 15
214 216 3
214 217 14
214 218 19
214 219 5
214 220 14
214 221 10
214 222 4
214 223 7
214 224 15
214 225 1
214 226 20
214 227 2
214 T 4
215 1 2
215 2 19
215 3 12
215 4 13
215 5 13
215 6 5
215 7 18
215 8 2
215 9 18
215 10 13
215 11 1
215 12 8
215 13 19
215 14 3
215 15 18
215 16 20
215 17 1
215 18 1
215 19 11
215 20 12
215 21 11
215 22 10
215 23 11
215 24 9
215 25 20
215 26 5
215 27 17
215 28 4
215 29 19
215 30 18
215 31 20
215 32 9
215 33 6
215 34 14
215 35 13
215 36 18
215 37 15
215 38 12
215 39 2
215 40 4
215 41 14
215 42 10
215 43 12
215 44 7
215 45 7
215 46 7
215 47 19
215 48 15
215 49 18
215 50 3
215 51 16
215 52 18
215 53 19
215 54 20
215 55 19
215 56 14
215 57 4
215 58 18
215 59 8
215 60 9
215 61 13
215 62 3
215 63 15
215 64 5
215 65 14
215 66 10
215 67 10
215 68 14
215 69 18
215 70 11
215 71 17
215 72 7
215 73 4
215 74 15
215 75 16
215 76 3
215 77 13
215 78 19
215 79 7
215 80 16
215 81 2
215 82 13
215 83 8
215 84 14
215 85 5
215 86 12
215 87 10
215 88 11
215 89 12
215 90 7
215 91 2
215 92 8
215 93 10
215 94 19
215 95 1
215 96 20
215 97 16
215 98 12
215 99 15
215 100 6
215 101 4
215 102 3
215 103 17
215 104 16
215 105 15
215 106 12
215 107 19
215 108 19
215 109 16
215 110 17
215 111 15
215 112 2
215 113 1
215 114 17
215 115 5
215 116 10
215 117 15
215 118 18
215 119 9
215 120 19
215 121 6
215 122 13
215 123 9
215 124 12
215 125 6
215 126 17
215 127 9
215 128 9
215 129 18
215 130 5
215 131 12
215 132 14
215 133 17
215 134 3
215 135 15
215 136 8
215 137 1
215 138 9
215 139 18
215 140 19
215 141 12
215 142 11
215 143 20
215 144 7
215 145 12
215 146 15
215 147 7
215 148 20
215 149 19
215 150 11
215 151 1
215 152 7
215 153 12
215 154 11
215 155 1
215 156 6
215 157 10
215 158 3
215 159 10
215 160 19
215 161 5
215 162 1
215 163 17
215 164 9
215 165 5
215 166 9
215 167 13
215 168 6
215 169 7
215 170 20
215 171 4
215 172 19
215 173 3
215 174 15
215 175 17
215 176 11
215 177 11
215 178 2
215 179 17
215 180 16
215 181 17
215 182 14
215 183 20
215 184 16
215 185 11
215 186 1
215 187 14
215 188 7
215 189 2
215 190 10
215 191 1
215 192 19
215 193 9
215 194 9
215 195 2
215 196 20
215 197 17
215 198 8
215 199 12
215 200 3
215 201 20
215 202 3
215 203 16
215 204 1
215 205 5
215 206 5
215 207 15
215 208 1
215 209 9
215 210 2
215 211 13
215 212 9
215 213 8
215 214 13
215 216 2
215 217 7
215 218 4
215 219 8
215 220 18
215 221 1
215 222 19
215 223 18
215 224 20
215 225 16
215 226 4
215 227 13
215 T 1
216 1 17
216 2 16
216 3 5
216 4 17
216 5 17
216 6 8
216 7 9
216 8 18
216 9 2
216 10 19
216 11 6
216 12 2
216 13 2
216 14 16
216 15 2
216 16 1
216 17 17
216 18 20
216 19 14
216 20 17
216 21 18
216 22 11
216 23 19
216 24 5
216 25 12
216 26 13
216 27 19
216 28 16
216 29 19
216 30 4
216 31 20
216 32 19
216 33 18
216 34 20
216 35 5
216 36 18
216 37 20
216 38 4
216 39 5
216 40 17
216 41 11
216 42 19
216 43 17
216 44 15
216 45 2
216 46 4
216 47 19
216 48 18
216 49 4
216 50 17
216 51 6
216 52 11
216 53 8
216 54 8
216 55 6
216 56 15
216 57 13
216 58 20
216 59 5
216 60 1
216 61 5
216 62 8
216 63 16
216 64 18
216 65 12
216 66 3
216 67 3
216 68 17
216 69 13
216 70 4
216 71 11
216 72 4
216 73 1
216 74 15
216 75 11
216 76 5
216 77 8
216 78 18
216 79 14
216 80 7
216 81 14
216 82 5
216 83 7
216 84 4
216 85 15
216 86 19
216 87 7
216 88 19
216 89 11
216 90 14
216 91 1
216 92 17
216 93 20
216 94 17
216 95 19
216 96 2
216 97 8
216 98 11
216 99 14
216 100 13
216 101 11
216 102 2
216 103 4
216 104 15
216 105 5
216 106 18
216 107 16
216 108 6
216 109 3
216 110 3
216 111 12
216 112 4
216 113 18
216 114 4
216 115 19
216 116 3
216 117 12
216 118 13
216 119 13
216 120 8
216 121 14
216 122 16
216 123 1
216 124 1
216 125 1
216 126 6
216 127 12
216 128 15
216 130 1
216 131 11
216 132 12
216 133 4
216 134 19
216 135 12
216 136 3
216 137 19
216 138 11
216 139 14
216 140 7
216 141 7
216 142 8
216 143 18
216 144 15
216 145 16
216 146 15
216 147 6
216 148 13
216 149 11
216 150 8
216 151 19
216 152 11
216 153 14
216 154 18
216 155 4
216 156 19
216 157 17
216 158 7
216 159 16
216 160 4
216 161 15
216 162 8
216 163 18
216 164 19
216 165 15
216 166 7
216 167 18
216 168 9
216 169 9
216 170 11
216 171 3
216 172 4
216 173 15
216 174 5
216 175 4
216 176 15
216 177 19
216 178 9
216 179 2
216 180 12
216 181 6
216 182 14
216 183 3
216 184 1
216 185 4
216 186 9
216 187 9
216 188 14
216 189 17
216 190 15
216 191 12
216 193 11
216 194 2
216 195 11
216 196 1
216 197 4
216 198 16
216 199 2
216 200 9
216 201 13
216 202 17
216 203 9
216 204 19
216 205 11
216 206 11
216 207 2
216 208 7
216 209 13
216 210 13
216 211 10
216 212 19
216 213 3
216 215 18
216 217 17
216 218 5
216 219 15
216 220 12
216 221 10
216 222 17
216 223 7
216 224 6
216 225 13
216 226 7
216 227 2
216 T 12
217 1 9
217 2 16
217 3 11
217 4 17
217 5 18
217 6 6
217 7 18
217 8 6
217 9 18
217 10 8
217 11 2
217 12 13
217 13 13
217 14 3
217 15 2
217 16 6
217 17 10
217 18 20
217 19 13
217 20 12
217 21 5
217 23 20
217 24 9
217 25 4
217 26 13
217 27 4
217 28 16
217 29 18
217 30 16
217 31 9
217 32 12
217 33 6
217 34 6
217 35 15
217 36 6
217 37 17
217 38 3
217 39 15
217 40 14
217 41 8
217 42 4
217 43 16
217 44 17
217 45 12
217 46 9
217 47 9
217 48 7
217 49 5
217 50 2
217 51 20
217 52 6
217 53 16
217 54 15
217 55 10
217 56 17
217 57 9
217 58 15
217 59 13
217 60 12
217 61 1
217 62 10
217 63 4
217 64 18
217 65 15
217 66 11
217 67 2
217 68 20
217 69 5
217 70 8
217 71 7
217 72 20
217 73 20
217 74 13
217 75 16
217 76 5
217 77 18
217 78 19
217 79 5
217 80 16
217 81 16
217 82 15
217 83 3
217 84 13
217 85 18
217 86 18
217 87 12
217 88 3
217 89 14
217 90 3
217 91 15
217 92 13
217 93 14
217 94 13
217 95 14
217 96 12
217 97 1
217 98 10
217 99 11
217 100 11
217 101 13
217 102 12
217 103 11
217 104 3
217 105 11
217 106 7
217 107 11
217 108 17
217 109 12
217 110 17
217 111 1
217 112 10
217 113 17
217 114 8
217 115 8
217 116 17
217 117 5
217 118 16
217 119 18
217 120 13
217 121 17
217 122 17
217 123 14
217 124 1
217 125 4
217 126 15
217 127 9
217 128 12
217 129 2
217 131 2
217 132 5
217 133 3
217 134 15
217 135 15
217 136 11
217 137 3
217 138 1
217 139 10
217 140 5
217 141 3
217 142 8
217 143 13
217 144 3
217 145 19
217 146 20
217 147 11
217 148 1
217 149 12
217 150 2
217 151 8
217 152 10
217 153 7
217 154 16
217 155 6
217 156 11
217 157 12
217 158 7
217 159 4
217 160 16
217 161 15
217 162 15
217 163 16
217 164 12
217 165 1
217 166 4
217 167 13
217 168 12
217 169 4
217 170 10
217 171 8
217 172 2
217 173 18
217 174 3
217 175 10
217 176 6
217 177 2
217 178 20
217 179 12
217 180 2
217 181 8
217 182 11
217 183 6
217 184 13
217 185 2
217 186 19
217 187 10
217 188 7
217 189 7
217 190 4
217 191 9
217 192 18
217 193 16
217 194 2
217 195 17
217 196 19
217 197 4
217 198 17
217 199 14
217 200 4
217 201 12
217 202 12
217 203 1
217 204 4
217 205 10
217 206 15
217 207 15
217 208 11
217 209 9
217 210 11
217 211 12
217 212 1
217 213 4
217 214 2
217 215 7
217 216 14
217 218 15
217 219 13
217 220 16
217 221 12
217 222 14
217 223 1
217 224 8
217 225 2
217 226 17
217 227 9
217 T 13
218 1 9
218 2 13
218 3 10
218 4 3
218 5 10
218 6 16
218 7 7
218 8 19
218 9 6
218 10 2
218 11 1
218 12 20
218 13 4
218 14 19
218 15 1
218 16 20
218 17 6
218 18 5
218 19 20
218 20 20
218 21 11
218 22 18
218 23 9
218 24 9
218 25 6
218 26 18
218 27 1
218 28 3
218 29 16
218 30 12
218 31 16
218 32 7
218 33 15
218 34 8
218 35 10
218 36 1
218 37 5
218 38 10
218 39 2
218 40 15
218 41 17
218 42 19
218 43 10
218 44 19
218 45 5
218 46 8
218 47 1
218 48 1
218 49 16
218 50 19
218 51 16
218 52 20
218 53 2
218 54 15
218 55 20
218 56 7
218 57 10
218 58 14
218 59 4
218 60 2
218 61 19
218 62 2
218 63 6
218 64 8
218 65 14
218 66 18
218 67 8
218 68 6
218 69 14
218 70 2
218 71 20
218 72 11
218 73 19
218 74 3
218 75 6
218 76 4
218 77 19
218 78 18
218 79 8
218 80 17
218 81 17
218 82 18
218 83 14
218 84 15
218 85 15
218 86 19
218 87 12
218 88 2
218 89 1
218 90 7
218 91 10
218 92 6
218 93 13
218 94 6
218 95 12
218 96 16
218 97 13
218 98 6
218 99 19
218 100 11
218 101 14
218 102 18
218 103 9
218 104 12
218 105 1
218 106 17
218 107 4
218 108 6
218 109 3
218 110 17
218 111 18
218 112 3
218 113 19
218 114 8
218 115 11
218 116 12
218 117 6
218 118 18
218 119 18
218 120 11
218 121 4
218 122 20
218 123 18
218 124 9
218 125 7
218 126 18
218 127 13
218 128 20
218 129 17
218 130 14
218 131 14
218 132 7
218 133 11
218 134 3
218 135 18
218 136 13
218 137 19
218 138 18
218 139 19
218 140 5
218 141 12
218 142 20
218 143 19
218 144 4
218 145 1
218 146 17
218 147 8
218 148 14
218 149 5
218 150 19
218 151 9
218 152 11
218 153 1
218 154 2
218 155 19
218 156 7
218 157 7
218 159 18
218 160 2
218 161 3
218 162 2
218 163 5
218 164 10
218 165 10
218 166 17
218 167 19
218 168 5
218 169 12
218 170 1
218 171 16
218 172 15
218 173 7
218 174 13
218 175 17
218 176 17
218 177 9
218 178 3
218 179 7
218 180 6
218 181 7
218 182 12
218 183 11
218 184 5
218 185 16
218 186 8
218 187 20
218 188 17
218 189 6
218 190 19
218 191 2
218 192 18
218 193 11
218 194 20
218 195 17
218 196 1
218 197 20
218 198 15
218 199 10
218 200 19
218 201 9
218 202 11
218 203 4
218 204 14
218 205 19
218 206 3
218 208 17
218 209 19
218 210 10
218 211 2
218 212 17
218 213 2
218 214 7
218 215 14
218 216 9
218 217 16
218 219 11
218 220 8
218 221 2
218 222 10
218 223 10
218 224 13
218 225 15
218 226 7
218 227 4
218 T 5
219 1 3
219 2 2
219 3 12
219 4 6
219 5 6
219 6 5
219 7 18
219 8 12
219 9 11
219 10 1
219 11 13
219 12 20
219 13 12
219 14 20
219 15 4
219 16 13
219 17 11
219 18 1
219 19 13
219 20 19
219 21 16
219 22 18
219 23 19
219 24 10
219 25 17
219 26 15
219 27 13
219 28 4
219 29 19
219 30 19
219 31 12
219 32 19
219 33 18
219 34 6
219 35 8
219 36 8
219 37 8
219 38 17
219 39 18
219 40 2
219 41 12
219 42 20
219 43 18
219 44 14
219 45 7
219 46 4
219 47 15
219 48 2
219 49 7
219 50 14
219 51 20
219 52 12
219 53 17
219 54 6
219 55 15
219 56 19
219 57 17
219 58 2
219 59 11
219 60 2
219 61 10
219 62 15
219 64 17
219 65 8
219 66 6
219 67 3
219 68 1
219 69 12
219 70 1
219 71 2
219 72 9
219 74 11
219 75 18
219 76 13
219 77 10
219 78 11
219 79 11
219 80 6
219 81 9
219 82 10
219 83 3
219 84 8
219 85 3
219 86 16
219 87 17
219 88 3
219 89 16
219 90 14
219 91 17
219 92 18
219 93 6
219 94 3
219 95 1
219 96 13
219 97 8
219 98 15
219 99 11
219 100 7
219 101 3
219 102 4
219 103 16
219 104 13
219 105 13
219 106 15
219 107 14
219 108 7
219 109 4
219 110 3
219 111 15
219 112 16
219 113 9
219 114 13
219 115 20
219 116 11
219 117 10
219 118 7
219 119 13
219 120 10
219 121 19
219 122 6
219 123 16
219 124 20
219 125 9
219 126 1
219 127 4
219 128 16
219 129 12
219 130 18
219 132 14
219 133 18
219 134 3
219 135 20
219 136 18
219 137 10
219 138 1
219 139 17
219 140 13
219 141 4
219 142 13
219 143 11
219 144 10
219 145 1
219 146 17
219 147 15
219 148 10
219 149 1
219 150 13
219 151 14
219 152 19
219 153 18
219 154 17
219 155 9
219 156 18
219 157 10
219 158 3
219 159 3
219 160 14
219 161 8
219 162 6
219 163 4
219 164 10
219 165 17
219 166 16
219 167 7
219 168 9
219 169 15
219 170 11
219 171 3
219 172 5
219 173 9
219 174 15
219 175 11
219 176 16
219 177 19
219 178 20
219 179 1
219 180 7
219 181 20
219 182 5
219 183 3
219 184 5
219 185 6
219 186 19
219 187 8
219 188 12
219 189 11
219 190 5
219 191 10
219 192 10
219 193 12
219 194 20
219 195 3
219 196 2
219 197 17
219 198 15
219 199 6
219 200 4
219 201 14
219 202 16
219 203 13
219 204 13
219 205 7
219 206 6
219 207 17
219 208 5
219 209 4
219 210 15
219 211 19
219 212 14
219 213 5
219 214 9
219 215 2
219 216 17
219 217 17
219 218 14
219 220 12
219 221 10
219 222 7
219 223 10
219 224 4
219 225 6
219 226 10
219 227 17
219 T 1
220 1 15
220 2 1
220 3 4
220 4 4
220 5 5
220 6 17
220 7 16
220 8 7
220 9 10
220 10 7
220 11 16
220 12 6
220 13 5
220 14 4
220 15 20
220 16 17
220 17 15
220 18 12
220 19 2
220 20 1
220 21 1
220 22 15
220 23 14
220 24 20
220 25 4
220 26 17
220 27 20
220 28 17
220 29 12
220 30 17
220 31 9
220 32 3
220 33 14
220 34 20
220 35 17
220 36 17
220 37 3
220 38 11
220 39 12
220 40 4
220 41 16
220 42 9
220 43 14
220 44 17
220 45 10
220 46 5
220 47 2
220 48 18
220 49 18
220 50 9
220 51 11
220 52 20
220 53 17
220 54 5
220 55 9
220 56 12
220 57 15
220 58 2
220 59 11
220 60 3
220 61 18
220 62 8
220 63 4
220 64 6
220 65 15
220 66 20
220 67 9
220 68 16
220 69 18
220 70 14
220 71 12
220 72 1
220 73 19
220 74 16
220 75 11
220 76 2
220 77 15
220 78 15
220 79 5
220 80 18
220 81 9
220 82 15
220 83 15
220 84 16
220 85 7
220 86 14
220 87 10
220 88 19
220 89 11
220 90 6
220 91 8
220 92 18
220 93 4
220 94 5
220 95 1
220 96 13
220 97 8
220 98 20
220 99 17
220 100 18
220 101 9
220 102 8
220 103 8
220 104 10
220 105 3
220 106 7
220 107 17
220 108 6
220 109 16
220 110 4
220 111 9
220 112 1
220 113 8
220 114 3
220 115 3
220 116 8
220 117 20
220 118 17
220 119 13
220 120 17
220 121 13
220 122 12
220 123 18
220 124 8
220 125 8
220 126 3
220 127 16
220 128 10
220 129 15
220 130 5
220 131 4
220 132 17
220 133 4
220 134 16
220 135 9
220 136 17
220 137 7
220 138 8
220 139 13
220 140 16
220 141 4
220 142 15
220 143 4
220 144 3
220 145 4
220 146 9
220 147 2
220 148 14
220 149 15
220 150 16
220 151 13
220 152 2
220 153 8
220 154 13
220 155 10
220 156 15
220 158 3
220 159 1
220 160 1
220 161 3
220 162 19
220 163 9
220 164 11
220 165 6
220 166 9
220 167 20
220 168 10
220 169 1
220 170 18
220 171 18
220 172 15
220 173 13
220 174 9
220 175 14
220 176 13
220 177 15
220 178 16
220 179 6
220 180 18
220 181 5
220 182 3
220 183 9
220 184 1
220 185 15
220 186 20
220 187 15
220 188 3
220 189 14
220 191 16
220 192 13
220 193 6
220 194 7
220 195 9
220 196 2
220 197 9
220 198 15
220 199 7
220 200 17
220 201 11
220 202 15
220 203 7
220 204 3
220 205 9
220 206 13
220 207 17
220 208 20
220 209 11
220 210 4
220 211 3
220 212 5
220 213 2
220 214 11
220 215 5
220 216 8
220 217 14
220 218 5
220 219 2
220 221 20
220 222 9
220 223 18
220 224 17
220 225 3
220 226 9
220 227 13
220 T 18
221 1 19
221 2 18
221 3 17
221 4 12
221 5 13
221 6 7
221 7 18
221 8 17
221 9 11
221 10 13
221 11 15
221 12 16
221 13 3
221 14 11
221 15 20
221 16 4
221 17 10
221 18 2
221 19 18
221 20 13
221 21 12
221 22 10
221 23 14
221 24 11
221 25 11
221 26 8
221 27 20
221 28 6
221 29 20
221 30 17
221 31 9
221 32 17
221 33 18
221 34 3
221 35 14
221 36 13
221 37 15
221 38 1
221 39 1
221 40 12
221 41 19
221 42 16
221 43 1
221 44 14
221 45 4
221 46 15
221 47 5
221 48 13
221 49 2
221 50 2
221 51 5
221 52 4
221 53 12
221 54 8
221 55 3
221 56 20
221 57 20
221 58 3
221 59 16
221 60 9
221 61 7
221 62 2
221 63 5
221 64 18
221 65 13
221 66 3
221 67 4
221 68 3
221 69 18
221 70 9
221 71 19
221 72 1
221 73 20
221 74 9
221 76 12
221 77 20
221 78 2
221 79 13
221 80 15
221 81 3
221 82 18
221 83 1
221 84 12
221 85 17
221 86 2
221 87 13
221 88 18
221 89 16
221 90 4
221 91 11
221 92 6
221 93 9
221 94 4
221 95 8
221 96 4
221 97 4
221 98 14
221 99 8
221 100 12
221 101 13
221 102 12
221 103 9
221 104 8
221 105 14
221 106 9
221 107 15
221 108 11
221 109 20
221 110 14
221 111 8
221 112 19
221 113 1
221 114 13
221 115 11
221 116 16
221 117 11
221 118 5
221 119 11
221 120 15
221 121 9
221 122 11
221 123 11
221 124 5
221 125 18
221 126 1
221 127 14
221 128 16
221 129 18
221 130 19
221 131 4
221 132 12
221 133 18
221 134 4
221 135 18
221 136 3
221 137 6
221 138 9
221 139 15
221 140 14
221 141 16
221 142 5
221 143 18
221 144 19
221 145 11
221 146 12
221 147 3
221 148 2
221 149 17
221 150 20
221 151 18
221 152 5
221 153 11
221 154 4
221 155 19
221 156 1
221 157 18
221 158 11
221 159 20
221 160 11
221 161 8
221 162 18
221 163 12
221 164 10
221 165 11
221 166 13
221 167 11
221 168 11
221 169 20
221 170 8
221 171 20
221 172 20
221 173 2
221 174 3
221 175 17
221 176 6
221 177 19
221 178 5
221 179 9
221 180 18
221 181 5
221 182 6
221 183 16
221 184 10
221 185 13
221 186 2
221 187 8
221 188 4
221 189 14
221 190 3
221 191 12
221 192 10
221 193 13
221 194 5
221 195 2
221 196 20
221 197 14
221 198 6
221 199 13
221 200 5
221 201 7
221 202 3
221 203 11
221 204 4
221 205 7
221 206 1
221 207 17
221 208 8
221 209 16
221 210 20
221 211 20
221 212 14
221 213 14
221 214 17
221 215 12
221 216 2
221 217 13
221 218 12
221 219 17
221 220 1
221 222 20
221 223 1
221 224 5
221 225 7
221 226 10
221 227 9
221 T 11
222 1 13
222 2 15
222 3 13
222 4 10
222 5 10
222 6 12
222 7 8
222 8 3
222 9 7
222 10 7
222 11 14
222 12 3
222 13 8
222 14 18
222 15 3
222 16 15
222 17 4
222 18 9
222 19 18
222 20 3
222 21 18
222 22 2
222 23 15
222 24 2
222 25 5
222 26 1
222 27 18
222 28 19
222 29 4
222 30 5
222 31 3
222 32 12
222 33 14
222 34 17
222 35 10
222 36 19
222 37 4
222 38 5
222 39 16
222 40 4
222 41 7
222 42 9
222 43 15
222 44 17
222 45 16
222 46 13
222 47 13
222 48 5
222 49 5
222 50 14
222 51 9
222 52 16
222 53 5
222 54 12
222 55 10
222 56 7
222 57 12
222 58 3
222 59 9
222 60 12
222 61 7
222 62 9
222 63 8
222 64 11
222 65 3
222 66 10
222 67 15
222 68 8
222 69 10
222 70 13
222 71 11
222 72 2
222 73 3
222 74 12
222 75 9
222 76 5
222 77 1
222 78 20
222 79 13
222 80 4
222 81 16
222 82 16
222 83 14
222 84 9
222 85 6
222 87 11
222 88 15
222 89 3
222 90 20
222 91 11
222 92 4
222 93 6
222 94 17
222 95 16
222 96 11
222 97 7
222 98 15
222 99 17
222 100 12
222 101 14
222 102 12
222 103 8
222 104 11
222 105 7
222 106 13
222 107 13
222 108 12
222 109 5
222 110 4
222 111 20
222 112 13
222 113 4
222 114 9
222 115 7
222 116 12
222 117 15
222 118 20
222 119 17
222 120 7
222 121 18
222 122 1
222 123 3
222 124 19
222 125 18
222 126 13
222 127 4
222 128 15
222 129 18
222 130 15
222 131 10
222 132 14
222 133 1
222 134 15
222 135 16
222 136 18
222 137 2
222 138 18
222 139 12
222 140 12
222 141 15
222 142 7
222 143 10
222 144 7
222 145 16
222 146 1
222 148 16
222 149 16
222 150 2
222 151 10
222 152 13
222 153 1
222 154 2
222 155 10
222 156 10
222 157 14
222 158 1
222 159 8
222 160 20
222 161 12
222 162 19
222 163 11
222 164 11
222 165 17
222 166 17
222 167 17
222 168 14
222 169 6
222 170 8
222 171 5
222 172 1
222 173 4
222 174 12
222 175 9
222 176 15
222 177 2
222 178 7
222 179 15
222 180 6
222 181 5
222 182 13
222 183 1
222 184 8
222 185 17
222 186 18
222 187 1
222 188 12
222 189 16
222 190 20
222 191 12
222 192 9
222 193 7
222 194 2
222 195 2
222 196 8
222 197 16
222 198 16
222 199 11
222 200 6
222 201 18
222 202 17
222 203 17
222 204 20
222 205 1
222 206 11
222 207 6
222 208 1
222 209 15
222 210 5
222 211 17
222 212 4
222 213 5
222 214 16
222 215 1
222 216 3
222 217 1
222 218 18
222 219 4
222 220 13
222 221 11
222 223 17
222 224 9
222 225 13
222 226 20
222 227 17
222 T 15
223 1 15
223 2 4
223 3 8
223 4 13
223 5 13
223 6 19
223 7 8
223 8 16
223 9 17
223 10 2
223 11 10
223 12 10
223 13 3
223 14 13
223 15 1
223 16 14
223 17 2
223 18 4
223 19 7
223 20 17
223 21 8
223 22 10
223 23 14
223 24 16
223 25 17
223 26 8
223 27 5
223 28 8
223 29 17
223 30 1
223 31 19
223 32 20
223 33 3
223 34 15
223 35 16
223 36 9
223 37 18
223 38 7
223 39 8
223 40 1
223 41 11
223 42 6
223 43 7
223 44 19
223 45 9
223 46 9
223 47 4
223 48 17
223 49 13
223 50 18
223 51 11
223 52 2
223 53 16
223 54 17
223 55 12
223 56 19
223 57 13
223 58 4
223 59 13
223 60 2
223 61 18
223 62 18
223 63 8
223 64 14
223 65 17
223 66 3
223 67 9
223 68 17
223 69 17
223 70 9
223 71 16
223 72 2
223 73 14
223 74 17
223 75 3
223 76 1
223 77 14
223 78 11
223 79 14
223 80 7
223 81 12
223 82 5
223 83 8
223 84 7
223 85 14
223 86 9
223 87 4
223 88 17
223 89 10
223 90 9
223 91 5
223 92 11
223 93 8
223 94 19
223 95 1
223 96 6
223 97 16
223 98 9
223 99 7
223 100 4
223 101 7
223 102 5
223 103 4
223 104 16
223 105 11
223 106 6
223 107 17
223 108 7
223 109 17
223 110 3
223 111 10
223 112 20
223 113 10
223 114 14
223 115 4
223 116 18
223 117 7
223 118 19
223 119 7
223 120 1
223 121 5
223 122 19
223 123 20
223 124 3
223 125 13
223 126 5
223 127 13
223 128 19
223 129 4
223 130 5
223 131 20
223 132 5
223 133 8
223 134 17
223 135 9
223 136 17
223 137 13
223 138 8
223 139 7
223 140 8
223 141 13
223 142 2
223 143 14
223 144 13
223 145 3
223 146 20
223 147 7
223 148 7
223 149 12
223 150 10
223 151 9
223 152 13
223 153 5
223 154 2
223 155 1
223 156 20
223 157 16
223 158 9
223 159 17
223 160 4
223 161 11
223 162 4
223 163 14
223 164 20
223 165 6
223 166 5
223 167 19
223 168 12
223 169 15
223 170 5
223 171 18
223 172 7
223 173 19
223 174 19
223 175 13
223 176 12
223 177 8
223 178 15
223 179 9
223 180 18
223 181 2
223 182 20
223 183 20
223 184 8
223 185 1
223 187 15
223 188 1
223 189 18
223 190 1
223 191 3
223 192 14
223 193 12
223 194 5
223 195 20
223 196 15
223 197 12
223 199 13
223 200 6
223 201 12
223 202 17
223 203 14
223 204 14
223 205 11
223 206 18
223 207 6
223 208 3
223 209 13
223 210 15
223 211 18
223 212 16
223 213 10
223 214 16
223 215 8
223 216 2
223 217 18
223 218 12
223 219 7
223 220 7
223 221 1
223 222 10
223 224 17
223 225 14
223 226 9
223 227 11
223 T 14
224 1 2
224 2 7
224 3 15
224 4 11
224 5 20
224 6 6
224 7 17
224 8 1
224 9 16
224 10 19
224 11 10
224 12 19
224 13 17
224 14 5
224 15 1
224 16 16
224 17 18
224 18 4
224 19 13
224 20 3
224 21 15
224 22 10
224 23 11
224 24 2
224 25 2
224 26 9
224 27 4
224 28 4
224 29 12
224 30 19
224 31 6
224 32 13
224 33 18
224 34 15
224 35 6
224 36 19
224 37 14
224 38 3
224 39 18
224 40 18
224 41 18
224 42 18
224 43 1
224 44 15
224 45 15
224 46 7
224 47 7
224 48 2
224 49 12
224 50 3
224 51 4
224 52 17
224 53 3
224 54 1
224 55 9
224 56 20
224 57 2
224 58 20
224 59 10
224 60 9
224 61 17
224 62 17
224 63 16
224 64 10
224 65 14
224 66 18
224 67 10
224 68 7
224 69 15
224 71 12
224 72 6
224 73 15
224 74 2
224 75 1
224 76 5
224 77 11
224 78 20
224 79 15
224 80 7
224 81 10
224 82 2
224 83 8
224 84 16
224 85 11
224 86 10
224 87 1
224 88 13
224 89 12
224 90 19
224 91 18
224 92 2
224 93 20
224 94 4
224 95 14
224 96 6
224 97 4
224 98 10
224 99 7
224 100 13
224 101 12
224 102 1
224 103 9
224 104 17
224 105 10
224 106 13
224 107 4
224 108 12
224 109 15
224 110 14
224 111 7
224 112 15
224 113 8
224 114 4
224 115 15
224 116 3
224 117 1
224 118 1
224 119 6
224 120 3
224 121 17
224 122 20
224 123 15
224 124 14
224 125 5
224 126 10
224 127 9
224 128 3
224 129 1
224 130 9
224 131 7
224 132 18
224 133 6
224 134 14
224 135 1
224 136 13
224 137 7
224 138 9
224 139 11
224 140 20
224 141 8
224 142 16
224 143 3
224 144 6
224 145 18
224 146 8
224 147 14
224 148 20
224 149 5
224 150 11
224 151 14
224 152 14
224 153 12
224 154 15
224 155 9
224 156 12
224 157 2
224 158 14
224 159 3
224 160 12
224 161 9
224 162 12
224 163 1
224 164 6
224 165 17
224 166 8
224 167 17
224 168 6
224 169 7
224 170 11
224 171 9
224 172 12
224 173 1
224 174 11
224 175 15
224 176 14
224 177 14
224 178 13
224 179 11
224 180 1
224 181 6
224 182 3
224 183 10
224 184 20
224 185 13
224 186 20
224 187 11
224 188 9
224 189 20
224 190 10
224 191 10
224 193 18
224 194 4
224 195 12
224 196 4
224 197 12
224 198 10
224 199 4
224 200 6
224 201 6
224 202 18
224 203 6
224 204 11
224 205 11
224 206 14
224 207 1
224 208 13
224 209 2
224 210 3
224 211 19
224 212 18
224 213 16
224 214 2
224 215 11
224 216 6
224 217 8
224 218 8
224 219 12
224 220 17
224 221 8
224 222 18
224 223 13
224 225 14
224 226 16
224 227 11
224 T 20
225 1 10
225 2 10
225 3 5
225 4 18
225 5 20
225 6 14
225 7 5
225 8 15
225 9 2
225 10 8
225 11 5
225 12 18
225 13 20
225 14 11
225 15 9
225 16 5
225 17 15
225 18 1
225 19 17
225 20 20
225 21 9
225 22 12
225 23 15
225 24 16
225 25 6
225 26 17
225 27 15
225 28 12
225 29 6
225 30 6
225 31 11
225 32 17
225 33 6
225 34 14
225 35 1
225 36 15
225 37 8
225 39 18
225 40 6
225 41 8
225 42 11
225 43 13
225 44 13
225 45 14
225 46 19
225 47 16
225 48 11
225 49 12
225 50 19
225 51 10
225 52 16
225 53 14
225 54 5
225 55 3
225 56 20
225 57 19
225 58 11
225 59 5
225 60 7
225 61 10
225 62 20
225 63 6
225 64 2
225 65 7
225 66 20
225 67 5
225 68 3
225 69 3
225 70 14
225 71 13
225 72 16
225 73 14
225 74 10
225 75 12
225 76 7
225 77 6
225 78 12
225 79 2
225 80 6
225 81 11
225 82 11
225 83 14
225 84 18
225 85 14
225 86 15
225 87 5
225 88 17
225 89 2
225 90 4
225 91 3
225 92 16
225 93 14
225 94 18
225 95 4
225 96 14
225 97 6
225 98 13
225 99 8
225 100 7
225 101 2
225 102 9
225 103 11
225 104 8
225 105 6
225 106 19
225 107 1
225 108 11
225 109 18
225 110 20
225 111 8
225 112 3
225 113 20
225 114 18
225 115 13
225 116 4
225 117 7
225 118 18
225 119 15
225 120 18
225 121 19
225 122 8
225 123 5
225 124 2
225 125 9
225 126 16
225 127 15
225 128 6
225 129 1
225 130 4
225 131 3
225 132 7
225 133 11
225 134 20
225 135 9
225 136 12
225 137 16
225 138 17
225 139 2
225 140 3
225 141 1
225 142 17
225 143 17
225 144 19
225 145 2
225 146 7
225 147 16
225 148 17
225 149 9
225 150 17
225 151 8
225 152 19
225 153 8
225 154 8
225 155 19
225 156 18
225 157 20
225 158 12
225 159 13
225 160 17
225 161 20
225 162 16
225 163 13
225 164 9
225 165 3
225 166 15
225 167 9
225 168 20
225 169 12
225 170 9
225 171 7
225 172 19
225 173 11
225 174 3
225 175 9
225 176 3
225 177 11
225 178 6
225 179 19
225 180 15
225 181 13
225 182 14
225 183 11
225 184 14
225 185 7
225 186 2
225 187 15
225 188 4
225 189 14
225 190 11
225 191 16
225 192 10
225 193 3
225 194 5
225 195 16
225 196 2
225 197 1
225 198 16
225 199 13
225 200 1
225 201 14
225 202 6
225 203 13
225 204 16
225 205 19
225 206 5
225 207 5
225 208 5
225 209 12
225 210 16
225 211 1
225 212 8
225 213 14
225 214 14
225 215 19
225 216 2
225 217 1
225 218 17
225 219 10
225 220 15
225 221 9
225 222 16
225 223 13
225 224 8
225 226 20
225 227 15
225 T 11
226 1 3
226 2 14
226 3 15
226 4 17
226 5 14
226 6 8
226 7 12
226 8 13
226 9 20
226 10 8
226 11 3
226 12 11
226 13 18
226 14 18
226 15 8
226 16 7
226 17 11
226 18 10
226 19 11
226 20 10
226 21 8
226 22 7
226 23 6
226 24 4
226 25 9
226 26 10
226 27 13
226 28 20
226 29 13
226 30 8
226 31 10
226 32 2
226 33 16
226 34 7
226 35 12
226 36 10
226 37 16
226 38 10
226 39 12
226 40 12
226 41 15
226 42 4
226 43 5
226 44 4
226 45 1
226 46 14
226 47 19
226 48 9
226 49 1
226 50 16
226 51 11
226 52 10
226 53 9
226 54 17
226 55 13
226 56 14
226 57 2
226 58 6
226 59 11
226 60 10
226 61 12
226 62 3
226 63 19
226 64 8
226 65 19
226 66 2
226 67 17
226 68 3
226 69 16
226 70 1
226 71 13
226 72 20
226 73 6
226 74 17
226 75 10
226 76 11
226 77 14
226 78 12
226 79 18
226 80 12
226 81 14
226 82 3
226 83 14
226 84 8
226 85 11
226 86 7
226 87 10
226 88 17
226 89 16
226 90 13
226 91 18
226 92 9
226 93 5
226 94 19
226 95 8
226 96 19
226 97 13
226 98 18
226 99 3
226 100 18
226 101 19
226 103 15
226 104 11
226 105 2
226 106 9
226 107 14
226 108 13
226 109 7
226 110 10
226 111 6
226 112 7
226 113 10
226 114 2
226 115 5
226 116 13
226 117 4
226 118 19
226 119 3
226 120 7
226 121 19
226 122 3
226 123 9
226 124 8
226 125 7
226 126 12
226 127 15
226 128 14
226 129 9
226 130 2
226 131 10
226 132 12
226 133 10
226 134 6
226 135 20
226 136 18
226 137 15
226 138 16
226 139 3
226 140 2
226 141 4
226 142 17
226 143 11
226 144 14
226 145 1
226 146 14
226 147 14
226 148 19
226 149 7
226 150 2
226 151 1
226 152 19
226 153 17
226 154 6
226 155 18
226 156 9
226 157 11
226 158 2
226 159 4
226 160 3
226 161 6
226 162 15
226 163 16
226 164 16
226 165 5
226 166 20
226 167 15
226 168 6
226 169 5
226 170 9
226 171 16
226 172 1
226 173 14
226 174 11
226 175 17
226 176 5
226 177 19
226 178 7
226 179 9
226 180 7
226 181 13
226 182 19
226 183 13
226 184 20
226 185 14
226 186 11
226 187 17
226 188 8
226 189 13
226 190 6
226 191 8
226 192 13
226 193 4
226 194 13
226 195 12
226 196 3
226 197 16
226 198 4
226 199 5
226 200 1
226 201 17
226 202 15
226 203 17
226 204 16
226 205 20
226 206 9
226 207 18
226 208 12
226 209 9
226 210 10
226 211 20
226 212 7
226 213 13
226 214 2
226 215 7
226 216 6
226 217 16
226 218 17
226 219 9
226 220 7
226 221 8
226 222 5
226 223 18
226 224 19
226 225 11
226 227 16
226 T 9
227 1 14
227 2 20
227 3 2
227 4 10
227 5 3
227 6 15
227 7 2
227 8 15
227 9 16
227 10 19
227 11 8
227 12 11
227 13 19
227 14 1
227 15 7
227 16 14
227 17 17
227 18 7
227 19 12
227 20 1
227 21 7
227 22 16
227 23 19
227 24 1
227 25 13
227 26 8
227 27 1
227 28 18
227 29 19
227 30 18
227 31 10
227 32 7
227 33 11
227 34 19
227 35 11
227 36 11
227 37 3
227 38 12
227 39 13
227 40 18
227 41 19
227 42 3
227 43 3
227 44 4
227 45 2
227 46 5
227 47 2
227 48 3
227 49 13
227 50 19
227 51 3
227 52 15
227 53 16
227 54 17
227 55 15
227 56 10
227 57 1
227 58 6
227 59 6
227 60 7
227 61 15
227 62 2
227 63 14
227 64 4
227 65 14
227 66 20
227 67 8
227 68 15
227 69 12
227 70 9
227 71 5
227 72 2
227 74 16
227 75 12
227 76 15
227 77 9
227 78 19
227 79 3
227 80 2
227 81 19
227 82 3
227 83 6
227 84 12
227 85 15
227 86 15
227 87 7
227 88 13
227 89 1
227 90 11
227 91 14
227 92 5
227 93 13
227 94 8
227 95 10
227 96 15
227 97 19
227 98 14
227 99 19
227 100 18
227 101 15
227 102 11
227 103 9
227 104 18
227 105 5
227 106 15
227 107 5
227 108 6
227 109 18
227 110 19
227 111 15
227 112 15
227 113 17
227 114 12
227 115 12
227 116 16
227 117 20
227 118 20
227 119 14
227 120 5
227 121 8
227 122 4
227 123 18
227 124 1
227 125 11
227 126 19
227 127 9
227 128 16
227 129 14
227 130 20
227 131 10
227 132 15
227 133 4
227 134 19
227 135 2
227 136 19
227 137 14
227 138 10
227 139 1
227 140 3
227 141 19
227 142 13
227 143 15
227 144 14
227 145 6
227 146 14
227 147 19
227 148 13
227 149 17
227 150 12
227 151 13
227 152 4
227 153 14
227 154 5
227 155 7
227 156 20
227 157 16
227 158 1
227 159 17
227 160 3
227 161 5
227 162 15
227 163 19
227 164 5
227 166 8
227 167 4
227 168 8
227 169 12
227 170 1
227 171 16
227 172 16
227 173 18
227 174 13
227 175 3
227 176 2
227 177 20
227 178 12
227 179 7
227 180 8
227 181 19
227 182 7
227 183 3
227 184 17
227 185 9
227 186 14
227 187 7
227 188 5
227 189 14
227 190 19
227 191 9
227 192 20
227 193 19
227 194 16
227 195 1
227 196 13
227 197 17
227 198 8
227 199 15
227 200 16
227 201 20
227 202 10
227 203 17
227 204 6
227 205 11
227 206 5
227 207 16
227 208 12
227 209 20
227 210 14
227 211 4
227 212 15
227 213 3
227 214 10
227 215 1
227 217 13
227 218 16
227 219 19
227 220 14
227 221 14
227 222 11
227 223 4
227 224 9
227 225 11
227 226 19
227 T 4
