700
20000
1 2138 6110
2 390 246
3 3782 2835
4 228 3082
5 2859 1509
6 3154 6042
7 1164 6436
8 3771 6160
9 553 6165
10 711 4945
11 2000 95
12 688 3
13 6837 79
14 102 1070
15 3987 6944
16 7270 1634
17 2305 1714
18 6467 6797
19 5048 6791
20 7206 5355
21 3505 3215
22 5841 2263
23 2674 4482
24 6920 5943
25 1231 7096
26 505 6991
27 1679 6944
28 274 7297
29 2533 756
30 1467 485
31 7598 7580
32 821 5319
33 7304 6781
34 6039 6271
35 2542 625
36 2110 6016
37 6258 6378
38 7095 6538
39 6217 4980
40 3642 3553
41 4370 5757
42 6423 897
43 7630 2742
44 4221 781
45 4518 5361
46 2742 1595
47 4698 4875
48 6087 3222
49 4921 1519
50 3291 4083
51 3541 851
52 5536 5100
53 4959 1071
54 2879 121
55 4914 430
56 5799 4217
57 4625 2822
58 1793 5500
59 6978 7562
60 2509 4181
61 6624 6398
62 5709 6629
63 4429 2371
64 3187 5399
65 6619 5486
66 3822 3901
67 5002 860
68 1298 5205
69 3154 7094
70 441 1503
71 740 3554
72 5230 2095
73 3270 6654
74 1806 2191
75 7145 1217
76 2196 1174
77 123 3697
78 1533 1017
79 3686 1163
80 7086 3842
81 1381 3815
82 3804 6172
83 6484 906
84 5117 1211
85 2942 6345
86 6722 4886
87 4525 6620
88 4904 7262
89 3634 2107
90 7187 3953
91 4372 901
92 6508 5656
93 3276 3388
94 7527 3631
95 1459 7169
96 5015 3238
97 3625 410
98 5271 6470
99 4849 3471
100 5006 7042
101 6035 737
102 2665 4091
103 3600 2247
104 36 5901
105 983 358
106 1899 5135
107 7193 1327
108 7750 2213
109 2812 2892
110 1027 1757
111 465 5815
112 4615 1983
113 5945 6603
114 6219 4677
115 1912 2709
116 3408 7691
117 7590 5724
118 2825 4319
119 5658 3890
120 2766 7400
121 1523 7097
122 3891 2375
123 1162 4764
124 2411 3821
125 3182 2723
126 6289 5474
127 2512 7200
128 2811 5857
129 2753 304
130 5357 5535
131 4639 583
132 4832 296
133 1314 3313
134 4398 111
135 6230 4714
136 7070 6816
137 453 4672
138 7499 3963
139 4943 1715
140 259 3844
141 183 3377
142 5338 3604
143 4046 5346
144 2504 3139
145 2549 798
146 3324 3447
147 3146 4234
148 6379 966
149 3747 3972
150 64 7601
151 5821 3871
152 6356 4872
153 1412 7120
154 2309 3243
155 6105 6329
156 5001 4636
157 5560 3411
158 895 1060
159 6769 105
160 1998 3386
161 2654 3057
162 6549 1343
163 6503 5804
164 7872 1925
165 5263 7382
166 5965 2106
167 5745 5751
168 1057 7083
169 5042 5239
170 5109 6525
171 994 4727
172 6910 2555
173 4135 3944
174 1049 2742
175 6007 642
176 599 6153
177 3436 1883
178 2877 1977
179 5718 1907
180 5891 2536
181 6422 6060
182 3218 6622
183 62 1791
184 2825 6629
185 5071 7883
186 4741 6040
187 7415 4307
188 5350 6522
189 3162 49
190 2598 5618
191 3088 5748
192 2936 4879
193 6280 5020
194 1380 7379
195 4382 2653
196 4992 3433
197 7289 7839
198 1403 7678
199 500 6016
200 2014 7520
201 3864 6528
202 5960 5087
203 7970 2794
204 36 3749
205 1981 6489
206 6094 4133
207 4908 3124
208 5847 4685
209 4416 6785
210 6070 1458
211 1222 2382
212 2377 3359
213 5998 2688
214 6750 3641
215 3767 60
216 7496 1562
217 2787 4919
218 6539 6793
219 4573 4431
220 7562 2284
221 1607 2370
222 4990 2009
223 5646 7199
224 7777 2369
225 5027 5164
226 3290 3000
227 547 6802
228 4454 5270
229 7133 5757
230 2980 2913
231 2154 723
232 4955 2593
233 4014 3265
234 612 7403
235 5405 6323
236 866 138
237 2208 6322
238 4338 3797
239 7882 1704
240 282 7625
241 3101 5781
242 2926 7516
243 4256 3835
244 7366 856
245 5498 3125
246 5839 4133
247 1336 5957
248 5057 4359
249 1278 6213
250 7453 6747
251 732 4490
252 5712 2829
253 7479 939
254 4666 1685
255 10 4035
256 6512 2060
257 4876 5906
258 3662 3899
259 3459 7901
260 4513 656
261 4843 7034
262 1566 4427
263 6824 7902
264 4643 6778
265 6548 7235
266 1113 1214
267 4300 333
268 5653 762
269 721 5664
270 2576 1346
271 6660 7844
272 3296 5990
273 6661 7895
274 7988 7714
275 5654 6040
276 7793 2601
277 3767 6923
278 4975 5117
279 6165 42
280 3314 156
281 4807 6360
282 6380 4751
283 2482 7087
284 1454 83
285 248 787
286 704 2215
287 5448 4782
288 7385 3591
289 500 6975
290 1468 5972
291 6163 311
292 6822 6980
293 3005 5479
294 6290 2091
295 6072 2341
296 4462 4218
297 590 6156
298 1911 5214
299 3372 4803
300 7510 4610
301 320 4927
302 2323 4752
303 427 805
304 5842 4717
305 4318 4176
306 5296 1288
307 2579 3048
308 312 7593
309 1198 1893
310 3272 5069
311 5140 7088
312 109 6453
313 437 4007
314 732 3175
315 415 2449
316 7057 5056
317 1599 6314
318 912 6157
319 1075 6559
320 7996 5279
321 2565 5639
322 2201 6297
323 3696 1934
324 5071 3005
325 2489 2306
326 43 3635
327 2192 6333
328 7433 1583
329 1590 2075
330 7618 7605
331 2835 3595
332 7892 3165
333 5097 7590
334 3140 6205
335 3421 442
336 6407 1848
337 6843 895
338 406 2986
339 7342 3054
340 758 3693
341 3318 1021
342 5822 923
343 7011 7526
344 2996 6166
345 4416 1012
346 1043 1157
347 1269 7994
348 704 5988
349 7577 6686
350 5557 4894
351 7060 4183
352 5862 2837
353 6577 5574
354 2788 5850
355 88 2089
356 6940 4646
357 2352 5914
358 1672 4696
359 5269 50
360 3064 261
361 7190 3579
362 846 3142
363 6476 5653
364 6761 4124
365 2710 4071
366 6149 3420
367 2012 1359
368 4456 3885
369 433 7254
370 4352 3399
371 4978 5872
372 3952 4728
373 560 4740
374 6921 4359
375 2340 5444
376 2909 2308
377 886 2137
378 118 437
379 5011 192
380 4726 4573
381 1080 2287
382 2843 5913
383 2010 2305
384 1455 4114
385 3786 5994
386 65 51
387 828 4588
388 1472 6504
389 990 3937
390 5143 2138
391 7755 6690
392 58 887
393 2564 4657
394 7270 6131
395 2450 6987
396 4426 548
397 1365 6929
398 4901 4246
399 4819 7386
400 5892 419
401 5699 5977
402 4962 5885
403 6465 4623
404 761 3259
405 2171 339
406 81 1078
407 4166 3919
408 3933 3969
409 383 4572
410 867 1867
411 6692 4961
412 160 3063
413 3906 6675
414 4010 4660
415 3186 3211
416 2838 2594
417 1967 5482
418 275 1935
419 7152 3824
420 4847 4800
421 436 7058
422 2654 1726
423 6530 4076
424 1453 5698
425 5990 2474
426 3266 7901
427 160 4609
428 4519 4079
429 1217 475
430 4048 3158
431 6823 6074
432 7622 6098
433 5868 5181
434 3758 1174
435 5133 1833
436 5235 6997
437 7625 681
438 4875 1478
439 2625 2249
440 4466 280
441 384 7967
442 394 2115
443 1040 5327
444 2532 6560
445 6542 693
446 1625 7512
447 1644 4865
448 2359 6272
449 3196 2733
450 4501 2546
451 7875 4881
452 4087 3104
453 1572 6531
454 3906 3125
455 3434 1134
456 3303 604
457 1168 1517
458 226 2901
459 5196 3938
460 6268 1130
461 4401 4148
462 975 4109
463 3784 3040
464 4816 6487
465 342 3934
466 4457 4185
467 2892 7410
468 2263 3418
469 5998 1547
470 5193 7134
471 6494 3143
472 2643 5249
473 2241 3614
474 885 6532
475 2328 2672
476 2785 4541
477 1243 5836
478 4020 3496
479 7262 4897
480 180 3669
481 1406 4458
482 6040 3836
483 3626 7653
484 2645 4639
485 1204 1795
486 2543 7117
487 3050 2650
488 5559 4705
489 3727 4239
490 709 6882
491 5525 5692
492 1834 1418
493 7955 4070
494 7287 6276
495 10 3117
496 4049 1618
497 4092 2876
498 3031 4295
499 7486 1478
500 2407 4787
501 1900 4990
502 1957 7609
503 5720 5366
504 6678 1197
505 1032 6804
506 4228 2288
507 1420 3881
508 3401 1498
509 5777 3637
510 7915 1365
511 4321 3246
512 885 7521
513 1513 184
514 500 3706
515 57 1345
516 1045 1315
517 6086 7709
518 5793 2848
519 4634 5548
520 4788 736
521 2960 759
522 6919 3354
523 5015 926
524 2107 1272
525 3497 4869
526 4517 801
527 929 5520
528 4151 472
529 1852 3275
530 6613 463
531 3682 5204
532 6624 2697
533 4377 4849
534 3149 2185
535 373 6935
536 795 2759
537 3213 1254
538 2872 5966
539 3076 2560
540 1847 6443
541 5713 4051
542 4825 6177
543 5072 7238
544 7970 1406
545 6765 5604
546 1050 1800
547 6554 331
548 6613 7459
549 4253 7919
550 796 356
551 7715 7835
552 78 7828
553 2791 857
554 5859 742
555 5492 2255
556 4589 3545
557 4771 4814
558 4827 2850
559 4878 6055
560 122 2428
561 4335 4551
562 1485 5749
563 3887 6493
564 2620 1273
565 2307 1444
566 7739 2749
567 4213 3059
568 4469 4287
569 2290 7290
570 5662 3803
571 5677 546
572 7106 4904
573 423 2781
574 5204 5286
575 1623 7545
576 483 5952
577 5724 4044
578 7784 4888
579 6197 4444
580 1122 17
581 7984 2709
582 2471 680
583 3603 6790
584 1364 7130
585 318 7855
586 2182 4047
587 5085 1839
588 71 1319
589 7708 5591
590 995 86
591 2015 5229
592 7097 6012
593 6565 7649
594 5493 2516
595 7118 2011
596 2730 6815
597 4977 35
598 105 5815
599 4336 1944
600 6584 6264
601 4431 6167
602 6 7484
603 5345 2153
604 2076 3512
605 7044 7288
606 6985 4254
607 1701 658
608 2100 5794
609 2988 211
610 4094 3061
611 1659 2691
612 1638 283
613 2297 4525
614 5263 3096
615 4386 1168
616 1240 3697
617 1491 6095
618 4505 2833
619 79 5441
620 5693 5976
621 1479 4887
622 7761 3523
623 7633 5221
624 5098 4507
625 3180 4712
626 5257 2419
627 3509 3206
628 6198 2140
629 4086 2534
630 6560 3654
631 2518 6757
632 5023 1664
633 1278 3261
634 7748 5190
635 3381 3954
636 7322 2589
637 1994 7649
638 496 5399
639 3231 2110
640 3525 2997
641 2347 6091
642 2728 4373
643 555 6325
644 5212 2512
645 6921 5249
646 6103 2303
647 6638 7028
648 3699 28
649 4218 7123
650 6075 6550
651 7251 6424
652 4546 744
653 2714 7233
654 2258 4171
655 7306 4099
656 3105 3933
657 5099 2580
658 7433 2271
659 7954 1638
660 4378 4840
661 5740 276
662 5582 5136
663 1234 1630
664 490 280
665 1171 2403
666 247 7549
667 6208 4454
668 3854 465
669 5776 4788
670 453 3172
671 7251 1426
672 7752 7297
673 2084 7242
674 4353 4488
675 3224 5112
676 1771 6735
677 4245 785
678 5388 7945
679 7137 6554
680 4132 6818
681 4005 4548
682 2403 4994
683 2195 609
684 2463 5607
685 7618 6887
686 2677 6449
687 185 2068
688 3698 431
689 6791 2084
690 6493 6790
691 7639 141
692 3362 4878
693 1675 4124
694 1120 5669
695 670 5362
696 5605 254
697 5563 103
698 2137 2459
699 5228 7007
700 5361 706
701 5190 3748
702 3078 7734
703 2610 2531
704 7504 4463
705 4535 3268
706 6490 1034
707 6946 5827
708 7597 6119
709 3276 4048
710 5418 595
711 1909 5711
712 239 5470
713 522 2273
714 1560 3439
715 6526 7411
716 1727 7118
717 7617 2673
718 4741 5509
719 3909 2362
720 798 4177
721 2010 4810
722 2869 289
723 5741 6036
724 3714 6279
725 5827 7059
726 5759 6515
727 3700 2407
728 5539 388
729 7734 911
730 4808 2967
731 2437 531
732 7978 3041
733 5400 695
734 1670 7554
735 7219 4004
736 3284 7176
737 4551 437
738 2103 1854
739 2109 745
740 2814 7847
741 5153 1627
742 1251 2726
743 5460 425
744 6222 956
745 4034 6430
746 4070 7551
747 1275 1947
748 6901 5177
749 2127 121
750 1611 2911
751 7816 5598
752 5877 1681
753 1692 5760
754 668 6963
755 5568 2298
756 4125 2380
757 3415 3990
758 607 723
759 4932 3840
760 7184 3276
761 5678 7777
762 5440 1931
763 5618 1222
764 3607 580
765 5956 4728
766 7774 1329
767 5309 7167
768 5137 6730
769 2060 5635
770 6784 7420
771 3031 4907
772 5037 6043
773 7639 3692
774 5736 7197
775 6833 1041
776 5668 6296
777 5804 5508
778 1349 568
779 3819 6609
780 1983 6398
781 269 3601
782 3093 3193
783 3459 6236
784 7156 5706
785 3808 4022
786 5813 615
787 7106 5675
788 216 2891
789 2207 2334
790 1221 7995
791 6411 2266
792 7129 7885
793 203 5316
794 6366 7956
795 6286 6282
796 7846 3014
797 5958 7993
798 1117 843
799 7585 5604
800 2006 7640
801 7206 6232
802 4454 5976
803 6931 1226
804 4874 7658
805 7267 295
806 4748 1318
807 5537 1137
808 2153 7408
809 4770 6217
810 2621 7671
811 5443 2501
812 7340 7039
813 6718 2455
814 2184 1377
815 2464 7528
816 1807 2450
817 666 7013
818 3018 6734
819 7527 2145
820 1973 6412
821 7784 2057
822 1266 7260
823 6307 1564
824 4999 249
825 4667 5578
826 7167 4256
827 3540 6863
828 4601 5077
829 2152 1818
830 7822 6751
831 2023 2010
832 2248 764
833 1579 3330
834 4382 6227
835 6277 5176
836 6726 4595
837 878 7457
838 6717 6007
839 935 5918
840 1732 434
841 7917 3768
842 940 1851
843 292 4509
844 4479 7434
845 2954 7177
846 333 6378
847 6004 6830
848 4155 907
849 7649 4528
850 3550 2552
851 6853 923
852 2945 1091
853 3049 7642
854 7755 7350
855 2956 6579
856 1660 4750
857 1713 6980
858 217 6506
859 7888 846
860 1531 6445
861 3248 266
862 5793 3315
863 7422 794
864 3886 639
865 4164 5123
866 2190 7807
867 1235 3056
868 1978 3665
869 2786 6590
870 2150 2300
871 2841 5653
872 7074 6472
873 1743 6475
874 1915 1238
875 502 2082
876 412 1110
877 5700 5115
878 6806 1365
879 5499 2666
880 416 4540
881 3839 3677
882 1916 7078
883 4554 1316
884 1897 802
885 4952 4634
886 5717 1993
887 1901 1464
888 7707 7681
889 1313 762
890 7870 2007
891 4253 4424
892 4244 6844
893 2852 2390
894 6011 7393
895 564 6208
896 5550 364
897 7688 5621
898 7807 5252
899 3318 6540
900 4723 3225
901 5044 4806
902 5980 3423
903 3943 4668
904 3460 198
905 2320 3159
906 6762 613
907 5649 7857
908 1724 2764
909 4650 3681
910 60 7699
911 7346 6872
912 5939 7037
913 7870 2974
914 1687 5872
915 1104 5556
916 2251 4642
917 7459 6194
918 1997 3677
919 5038 6492
920 2116 6325
921 5755 7879
922 6156 577
923 6738 905
924 5730 269
925 5558 1599
926 4204 4897
927 2546 5093
928 5673 7126
929 2051 3448
930 619 1633
931 3841 3370
932 5070 5090
933 4814 3983
934 7924 7161
935 2919 4715
936 3692 5216
937 2541 4232
938 6903 1335
939 5396 3156
940 6112 6175
941 500 6314
942 738 1938
943 4898 6688
944 3061 3876
945 4017 1265
946 2804 707
947 7885 5199
948 7615 306
949 3451 3280
950 6927 735
951 3451 7339
952 1867 4908
953 3826 4021
954 2156 768
955 2173 6305
956 6991 5117
957 3099 738
958 1732 609
959 3836 1394
960 3201 1139
961 1216 2732
962 2123 7525
963 5613 7290
964 1675 4070
965 7906 2734
966 6639 4446
967 52 6478
968 108 3756
969 3564 3585
970 3113 6336
971 7598 2398
972 5587 2764
973 3868 2498
974 1163 962
975 2939 7697
976 4788 4454
977 6398 3314
978 3600 3139
979 1128 7413
980 5118 7654
981 4790 6156
982 1849 771
983 3139 3892
984 59 2080
985 1809 3777
986 1211 6870
987 2263 1299
988 7571 1554
989 3282 490
990 7920 4464
991 5539 1485
992 609 4888
993 1145 7158
994 3636 3446
995 6800 5510
996 593 6468
997 5008 92
998 3955 7514
999 3659 4560
1000 4317 3361
1001 3681 992
1002 2379 4534
1003 4348 7880
1004 4435 1517
1005 1591 2431
1006 7634 2067
1007 4116 4277
1008 172 3897
1009 1724 7932
1010 7216 6915
1011 3538 5553
1012 4815 4968
1013 573 1705
1014 358 220
1015 1717 1911
1016 7420 7525
1017 6868 7679
1018 3737 4208
1019 237 3513
1020 3143 5323
1021 7513 5701
1022 4792 5956
1023 3422 4695
1024 3423 7771
1025 556 1624
1026 2560 1041
1027 7081 1113
1028 7959 5864
1029 5958 2039
1030 7394 2134
1031 6076 3764
1032 6569 1990
1033 6144 3073
1034 2251 121
1035 6134 6289
1036 7473 7623
1037 5335 5545
1038 1726 3009
1039 3454 3592
1040 759 1151
1041 3769 1990
1042 4320 3080
1043 1596 1107
1044 7520 4640
1045 2011 3999
1046 3025 1299
1047 1231 6303
1048 5255 5258
1049 2824 3104
1050 1689 1304
1051 2992 4871
1052 960 709
1053 167 2911
1054 6243 3082
1055 3514 60
1056 3613 1339
1057 3033 3691
1058 5199 6788
1059 2001 932
1060 6065 3055
1061 2631 6548
1062 5785 1349
1063 7764 7245
1064 3561 4840
1065 190 5074
1066 5989 5624
1067 4729 4496
1068 25 7225
1069 7950 1862
1070 6672 6358
1071 3524 6302
1072 3302 1220
1073 925 5691
1074 1516 2656
1075 372 158
1076 5812 2029
1077 6881 4239
1078 4829 6602
1079 2026 8
1080 1244 3345
1081 1824 1979
1082 5629 7039
1083 2683 6728
1084 1137 5033
1085 3763 2641
1086 6988 3253
1087 1728 5053
1088 862 7585
1089 231 6373
1090 3916 4394
1091 2050 447
1092 7147 2883
1093 6626 1196
1094 6052 6979
1095 342 2886
1096 3315 1987
1097 4827 1878
1098 5809 3422
1099 601 943
1100 904 7311
1101 2878 550
1102 1966 2406
1103 5851 913
1104 7807 5473
1105 551 1382
1106 5320 731
1107 1721 4050
1108 5585 7932
1109 2500 1280
1110 6708 1938
1111 1723 7947
1112 2982 7566
1113 1141 2525
1114 4186 2485
1115 1772 4283
1116 3808 2867
1117 7017 4103
1118 4729 7711
1119 1520 4705
1120 43 7830
1121 5158 4942
1122 7831 1065
1123 6138 6607
1124 7232 6848
1125 1022 878
1126 4650 6308
1127 3316 7315
1128 3253 5713
1129 5305 7937
1130 4721 1619
1131 4134 5196
1132 6286 7467
1133 3005 6308
1134 2750 3135
1135 3690 827
1136 3981 1006
1137 4687 4971
1138 551 3628
1139 4551 5926
1140 5142 5775
1141 4706 5510
1142 2452 5016
1143 6957 5147
1144 6993 3117
1145 7470 3903
1146 4286 5352
1147 2214 1918
1148 2281 781
1149 1185 1873
1150 5189 4188
1151 6285 3080
1152 688 3698
1153 4642 1424
1154 4139 3121
1155 1062 1236
1156 4686 4632
1157 6249 7075
1158 6153 1482
1159 5292 3777
1160 1674 3057
1161 712 1650
1162 6911 2312
1163 7869 2932
1164 5916 5936
1165 7809 321
1166 3058 531
1167 3427 4838
1168 4675 2004
1169 7634 1701
1170 7046 4630
1171 563 4995
1172 3664 118
1173 332 6897
1174 7173 6491
1175 1352 4450
1176 3191 3874
1177 7487 6579
1178 3120 133
1179 5055 4162
1180 4269 1032
1181 3539 898
1182 3634 6830
1183 1320 3624
1184 869 6399
1185 4817 4828
1186 5567 4187
1187 5234 5417
1188 6783 4367
1189 504 6832
1190 7798 7281
1191 936 7233
1192 523 65
1193 7219 3271
1194 1959 6121
1195 4317 4616
1196 7571 1327
1197 3124 4846
1198 2762 6009
1199 6640 4767
1200 6338 5484
1201 4232 4293
1202 6008 3939
1203 6536 4538
1204 3910 4203
1205 7691 3198
1206 2782 7803
1207 2801 2977
1208 316 5622
1209 7640 1870
1210 84 885
1211 4667 70
1212 6445 7683
1213 6491 4641
1214 7324 7401
1215 4817 3994
1216 107 1982
1217 3519 1963
1218 7999 2233
1219 3514 2147
1220 750 4015
1221 5191 7022
1222 461 2984
1223 277 4840
1224 209 7812
1225 4786 3344
1226 3186 6158
1227 4576 7335
1228 4727 2288
1229 3984 5459
1230 246 6552
1231 665 7662
1232 2582 7077
1233 7186 628
1234 4181 3499
1235 2413 2065
1236 3974 5588
1237 1210 1375
1238 1311 162
1239 3681 5516
1240 1473 982
1241 2414 6523
1242 4674 1172
1243 2057 5903
1244 4256 3016
1245 4516 1018
1246 5257 4504
1247 4289 5398
1248 7495 7469
1249 470 1743
1250 4436 2452
1251 7948 6671
1252 1346 6570
1253 1032 7131
1254 6611 2992
1255 5311 5041
1256 6702 93
1257 6149 373
1258 6065 4688
1259 7909 7891
1260 5698 7425
1261 1452 47
1262 3753 1754
1263 7269 4467
1264 6027 3573
1265 3481 6368
1266 2226 1015
1267 6610 4690
1268 1553 2546
1269 2605 6805
1270 6277 1005
1271 5734 2655
1272 7042 7293
1273 1708 3214
1274 3365 5043
1275 5463 6055
1276 2355 2243
1277 4090 644
1278 7139 6892
1279 1994 6215
1280 7776 3856
1281 5646 6953
1282 7362 7922
1283 617 4134
1284 4256 4177
1285 4218 5692
1286 4341 707
1287 4723 6246
1288 4542 2826
1289 5708 5408
1290 3954 3563
1291 1003 1529
1292 7944 6381
1293 2317 7586
1294 3465 2322
1295 7844 6209
1296 6647 4989
1297 1678 6772
1298 5380 4899
1299 4186 6421
1300 4032 7298
1301 1404 5498
1302 326 898
1303 4777 5602
1304 4131 2367
1305 937 5666
1306 6478 6478
1307 1960 6808
1308 203 7976
1309 1340 178
1310 2510 681
1311 3046 4110
1312 1181 5704
1313 5300 771
1314 6603 6170
1315 5943 4490
1316 6919 2260
1317 4332 329
1318 3219 6714
1319 6843 900
1320 6593 6104
1321 3178 2850
1322 7663 549
1323 2893 3658
1324 4231 3737
1325 142 3897
1326 4754 1556
1327 834 3090
1328 5667 6367
1329 5722 5561
1330 206 5430
1331 2472 7845
1332 5237 2261
1333 1255 4683
1334 2262 1035
1335 1857 2342
1336 7868 7815
1337 7407 5179
1338 1771 2801
1339 7878 5097
1340 2972 2354
1341 6908 1148
1342 6166 5306
1343 3943 2910
1344 5498 4969
1345 1141 3079
1346 4076 4189
1347 5042 6716
1348 4559 2931
1349 340 7936
1350 5343 4545
1351 6649 2582
1352 2292 7230
1353 7507 2186
1354 4277 1561
1355 1174 1907
1356 2483 3113
1357 5853 4460
1358 7080 4416
1359 1256 2192
1360 1687 5692
1361 6879 6821
1362 4037 1230
1363 6503 933
1364 5845 7512
1365 7906 2010
1366 2317 489
1367 3475 2044
1368 3545 5426
1369 3631 3611
1370 6251 4507
1371 1759 6539
1372 7886 3318
1373 3648 4498
1374 2395 2688
1375 5517 3235
1376 6338 5033
1377 1731 1617
1378 5004 7886
1379 2627 3798
1380 6771 3596
1381 7618 3797
1382 6654 5069
1383 1575 5544
1384 2420 6328
1385 6444 3017
1386 4039 1579
1387 1479 4605
1388 4749 7391
1389 2157 612
1390 2487 7309
1391 5025 3806
1392 7562 7788
1393 1003 3126
1394 2072 1216
1395 3035 635
1396 5448 5077
1397 5682 3872
1398 2527 6642
1399 5742 7329
1400 5861 7473
1401 6225 4692
1402 4709 3174
1403 4241 894
1404 1967 4020
1405 1548 2724
1406 2415 4687
1407 1777 1821
1408 7646 6751
1409 4021 4347
1410 6899 278
1411 5515 2941
1412 1055 2286
1413 6945 1119
1414 5507 244
1415 5760 4227
1416 7207 2625
1417 6693 5696
1418 2921 4484
1419 2400 439
1420 6059 6208
1421 6560 4316
1422 4666 28
1423 4298 7819
1424 3064 1758
1425 5384 1351
1426 6642 1528
1427 6961 6677
1428 7181 2643
1429 3166 962
1430 2840 5431
1431 6509 3118
1432 3597 1142
1433 2591 4386
1434 6765 5719
1435 2009 6874
1436 4294 133
1437 1723 1843
1438 2333 5745
1439 422 6280
1440 5232 403
1441 1997 2068
1442 4424 7206
1443 3007 1085
1444 7015 1530
1445 7360 2953
1446 7241 5124
1447 243 7238
1448 7522 6464
1449 237 7769
1450 7218 5119
1451 4636 5012
1452 3451 4616
1453 5543 4341
1454 4201 2864
1455 1763 4925
1456 1315 125
1457 735 518
1458 3788 882
1459 3536 896
1460 1697 3370
1461 138 2693
1462 5749 747
1463 211 7621
1464 7809 6314
1465 3207 2359
1466 6163 617
1467 4227 760
1468 7415 5965
1469 6751 843
1470 3879 4324
1471 1513 1097
1472 2490 1171
1473 7466 107
1474 2978 2742
1475 1469 3214
1476 6014 1321
1477 4501 3137
1478 2939 2023
1479 5815 7794
1480 3469 4394
1481 4117 6196
1482 3581 6646
1483 3488 4266
1484 7173 6502
1485 2868 3791
1486 2519 6987
1487 6 7563
1488 3596 4657
1489 3518 2539
1490 1075 457
1491 5856 4709
1492 5496 3294
1493 3204 7297
1494 4119 21
1495 3763 6060
1496 6987 1793
1497 4877 544
1498 5116 6338
1499 3993 532
1500 3752 4489
1501 6704 2649
1502 1044 2951
1503 3707 6816
1504 7010 284
1505 3102 911
1506 5890 1395
1507 5609 2050
1508 3894 694
1509 4574 2222
1510 7924 261
1511 4857 2413
1512 1932 3854
1513 3680 5973
1514 1806 4541
1515 1486 5598
1516 5092 2735
1517 3374 4282
1518 7167 6427
1519 6073 2045
1520 1141 4835
1521 2024 4429
1522 5816 2059
1523 363 6085
1524 6328 7949
1525 1969 1301
1526 958 6627
1527 4669 6333
1528 1197 5523
1529 6634 5325
1530 4858 1756
1531 3571 2613
1532 2912 6588
1533 4188 96
1534 1805 1106
1535 1945 6944
1536 5136 7051
1537 3366 3771
1538 2869 5010
1539 5083 6794
1540 3700 2455
1541 3907 4836
1542 1381 3743
1543 5896 6095
1544 1573 7693
1545 5884 4800
1546 7631 6181
1547 2993 5748
1548 3989 5514
1549 665 2722
1550 5052 6856
1551 6800 4956
1552 7000 1361
1553 6493 5989
1554 7512 5840
1555 5090 7282
1556 5725 3104
1557 3804 5157
1558 4877 1028
1559 3099 744
1560 5571 6867
1561 6726 5514
1562 7196 2409
1563 5776 7829
1564 5826 2619
1565 2847 3391
1566 2049 2551
1567 1893 1133
1568 6192 7210
1569 3959 6566
1570 4065 6581
1571 7655 4711
1572 6223 4464
1573 2838 7495
1574 4069 776
1575 4955 16
1576 2098 6848
1577 6363 72
1578 401 6971
1579 5001 3451
1580 3499 3748
1581 2619 5885
1582 3850 2023
1583 7054 3560
1584 1491 1684
1585 1878 6030
1586 1199 1751
1587 7628 161
1588 3054 6081
1589 4812 6029
1590 2962 937
1591 4333 5631
1592 3533 2135
1593 1396 4438
1594 4559 7168
1595 2681 3645
1596 7380 4257
1597 3634 3849
1598 4689 1821
1599 5980 5558
1600 6574 6096
1601 7820 5396
1602 3640 3511
1603 7831 1346
1604 7776 7391
1605 381 740
1606 419 5960
1607 3779 4987
1608 3102 1303
1609 461 6344
1610 7482 6524
1611 649 5334
1612 3958 33
1613 6009 4109
1614 5557 6792
1615 6737 810
1616 14 4960
1617 6295 4265
1618 3265 1247
1619 1376 4496
1620 6755 7673
1621 4945 6531
1622 5472 2685
1623 1942 659
1624 1757 3058
1625 539 4776
1626 7397 630
1627 2142 7355
1628 6826 3142
1629 386 1936
1630 1700 4475
1631 141 812
1632 2650 5182
1633 434 2105
1634 2601 5020
1635 6255 6453
1636 6115 3427
1637 7403 480
1638 7152 7583
1639 7933 3487
1640 6979 4444
1641 4057 3985
1642 2210 2247
1643 2506 4468
1644 6911 3264
1645 4589 7236
1646 7629 3141
1647 1731 6190
1648 7587 698
1649 2329 5137
1650 7237 7425
1651 3290 4746
1652 664 3136
1653 4768 164
1654 625 5146
1655 4697 1803
1656 3411 4628
1657 3330 4112
1658 5059 3845
1659 4864 3258
1660 2360 7503
1661 7453 6963
1662 7173 1526
1663 6023 1509
1664 1835 7679
1665 3443 1616
1666 2872 6708
1667 5661 4101
1668 5551 6144
1669 690 7027
1670 1959 5512
1671 4197 4252
1672 4773 2504
1673 4930 4354
1674 5209 6522
1675 4543 4387
1676 1770 5655
1677 4227 809
1678 4505 3587
1679 7584 7065
1680 3211 7635
1681 5593 450
1682 6806 758
1683 2243 5634
1684 3878 5677
1685 1136 1515
1686 69 5007
1687 2922 5152
1688 7175 2593
1689 3245 1875
1690 5662 64
1691 2531 5860
1692 1983 6434
1693 2562 1545
1694 171 7852
1695 397 3775
1696 6045 734
1697 6895 6143
1698 7031 5248
1699 6151 7388
1700 3683 5338
1701 4683 2568
1702 2052 5221
1703 1780 5847
1704 1652 506
1705 1747 1479
1706 5901 5261
1707 3935 78
1708 7085 7999
1709 6398 4309
1710 1967 2064
1711 1222 3059
1712 633 5144
1713 414 5043
1714 6971 4489
1715 1973 1494
1716 3299 2663
1717 4417 2468
1718 1548 5184
1719 3739 6183
1720 2287 3835
1721 7542 1905
1722 1763 3193
1723 7111 929
1724 7508 3508
1725 715 2180
1726 1889 7587
1727 7591 2711
1728 5369 71
1729 391 4007
1730 4170 4626
1731 3878 6066
1732 1846 6901
1733 1968 4874
1734 5417 3215
1735 2262 7261
1736 2349 698
1737 6410 7190
1738 4956 4496
1739 2418 5958
1740 3611 1713
1741 7036 3451
1742 7293 3466
1743 2612 5406
1744 7662 3834
1745 2483 3525
1746 1593 555
1747 4280 7975
1748 5244 3502
1749 4941 6441
1750 3561 7456
1751 6206 4424
1752 7995 6889
1753 5645 1719
1754 6590 2682
1755 895 2905
1756 7654 3615
1757 6691 7050
1758 6653 6960
1759 6944 3056
1760 5578 4580
1761 998 849
1762 6786 7817
1763 7798 1826
1764 369 1066
1765 598 3594
1766 6447 7496
1767 2350 672
1768 942 882
1769 7855 34
1770 7536 10
1771 3640 3303
1772 6678 1322
1773 2390 1038
1774 581 7016
1775 855 7666
1776 3121 4264
1777 1927 4356
1778 3219 5686
1779 1252 2497
1780 903 923
1781 1590 6147
1782 5006 5746
1783 2242 2433
1784 391 828
1785 7675 7745
1786 1034 6065
1787 4862 4188
1788 5052 7190
1789 7550 4777
1790 1788 2279
1791 6087 3196
1792 3567 7277
1793 6604 7309
1794 7349 3141
1795 5676 4151
1796 706 6777
1797 6861 5987
1798 1977 4188
1799 2264 1465
1800 657 1951
1801 5732 3436
1802 7129 4747
1803 3915 771
1804 176 923
1805 374 1684
1806 5547 5641
1807 5333 5969
1808 1435 1084
1809 2367 4188
1810 1081 6680
1811 7555 5291
1812 4933 3092
1813 5710 6613
1814 7797 4651
1815 7030 7479
1816 913 7083
1817 4539 7111
1818 1008 5824
1819 2949 2826
1820 4195 1157
1821 374 1479
1822 4049 6480
1823 3497 3731
1824 5757 4101
1825 2356 4105
1826 248 6786
1827 2174 2255
1828 7806 5280
1829 690 7507
1830 4321 2864
1831 5591 5285
1832 1393 7356
1833 7789 5959
1834 4639 6065
1835 1791 2694
1836 967 1550
1837 5777 71
1838 2382 4635
1839 4643 7411
1840 1866 7468
1841 5353 1193
1842 3383 121
1843 669 3394
1844 6880 2887
1845 6043 6291
1846 1469 5147
1847 2820 2188
1848 6111 6357
1849 3445 6138
1850 2789 2126
1851 5234 2015
1852 7211 2062
1853 2094 3302
1854 1010 2050
1855 5140 2726
1856 3874 4494
1857 5867 6260
1858 4137 4392
1859 4988 7544
1860 5336 4452
1861 1507 490
1862 7549 6016
1863 1797 2527
1864 1310 3600
1865 1005 689
1866 5989 4676
1867 3419 2883
1868 1549 7749
1869 6941 5221
1870 4177 5403
1871 7077 5902
1872 2459 7641
1873 4580 6457
1874 3901 3288
1875 1798 1976
1876 4006 6669
1877 5247 129
1878 100 7130
1879 7745 5076
1880 1526 6323
1881 6549 3480
1882 4713 1007
1883 7121 4841
1884 1433 6759
1885 3964 7193
1886 6609 701
1887 274 5508
1888 6699 2761
1889 3675 4409
1890 6195 4292
1891 4910 6259
1892 3975 3107
1893 3712 4031
1894 6434 6836
1895 7761 4890
1896 7928 3071
1897 2967 507
1898 6966 4333
1899 5836 6153
1900 1336 1765
1901 7547 4088
1902 123 2397
1903 3002 3593
1904 7793 1472
1905 4436 857
1906 630 1523
1907 542 3696
1908 6571 1577
1909 4049 3701
1910 6517 132
1911 18 1219
1912 7590 2827
1913 3547 1329
1914 4469 696
1915 4511 786
1916 6080 4926
1917 1769 5263
1918 211 6215
1919 717 6180
1920 5604 7486
1921 30 4219
1922 4449 1067
1923 3340 3097
1924 7118 3551
1925 5794 4532
1926 5089 4455
1927 4404 5926
1928 7568 4962
1929 3701 6132
1930 4874 3875
1931 1172 1278
1932 3649 1219
1933 5452 103
1934 4939 90
1935 6432 2605
1936 5879 7412
1937 7069 6501
1938 1913 1962
1939 7333 4734
1940 5953 3538
1941 207 859
1942 3097 2869
1943 460 7248
1944 4271 5516
1945 3229 1292
1946 1930 1517
1947 922 4944
1948 6507 4472
1949 6041 7839
1950 4649 376
1951 5849 3685
1952 2795 6355
1953 5012 3465
1954 5786 391
1955 7532 6085
1956 7084 4473
1957 6026 6516
1958 1656 897
1959 2773 3803
1960 4082 4553
1961 154 782
1962 1005 671
1963 6396 265
1964 599 6296
1965 1416 7795
1966 1353 6589
1967 4968 1152
1968 6209 4177
1969 1567 5302
1970 603 218
1971 7225 6567
1972 2709 3268
1973 5550 5257
1974 3361 541
1975 2908 2446
1976 7719 1503
1977 1012 213
1978 4516 7676
1979 2350 4663
1980 2600 7424
1981 7656 7045
1982 2671 6539
1983 3637 840
1984 4994 4380
1985 674 622
1986 2654 3685
1987 3678 3148
1988 6973 1339
1989 7023 6891
1990 6182 6500
1991 3497 5858
1992 4711 3337
1993 24 6792
1994 5841 4672
1995 3050 6801
1996 6400 3507
1997 1925 3567
1998 5413 2098
1999 6664 1776
2000 6678 5819
2001 6319 3271
2002 5107 5170
2003 5705 2915
2004 5530 3624
2005 2575 7764
2006 6598 1634
2007 7624 1386
2008 3957 449
2009 7234 5262
2010 102 4072
2011 7060 4115
2012 3429 131
2013 7014 3565
2014 3587 1385
2015 2519 1673
2016 3979 6293
2017 1601 261
2018 1130 4359
2019 6380 7277
2020 4114 6312
2021 725 980
2022 2904 6711
2023 3084 1831
2024 2542 1321
2025 546 6377
2026 5272 7927
2027 7848 4394
2028 2879 7933
2029 6788 6463
2030 4499 4983
2031 7206 5194
2032 4408 4403
2033 3199 2101
2034 107 3757
2035 3574 4998
2036 3528 5571
2037 5301 7406
2038 6233 1940
2039 2588 7176
2040 7568 7
2041 3629 5422
2042 703 5729
2043 5839 1333
2044 1270 5148
2045 174 1614
2046 122 295
2047 6078 1728
2048 3930 5136
2049 7141 132
2050 7956 2819
2051 7180 1936
2052 6332 6168
2053 4331 5958
2054 1811 1842
2055 4334 7284
2056 3166 3098
2057 1485 5779
2058 3569 1571
2059 4727 2272
2060 7838 5732
2061 195 7730
2062 4230 4134
2063 5998 3046
2064 1219 7031
2065 3106 5804
2066 5428 6346
2067 5420 5501
2068 5252 3294
2069 2542 4670
2070 7977 7686
2071 6549 7197
2072 447 7803
2073 7978 6140
2074 4294 5534
2075 3589 446
2076 5625 106
2077 4731 5635
2078 6831 3037
2079 5779 6203
2080 4081 4238
2081 1727 6080
2082 3072 5682
2083 1046 5740
2084 6695 7117
2085 1030 4928
2086 3846 4296
2087 2230 1140
2088 5206 6721
2089 3428 2796
2090 4523 5248
2091 1129 7798
2092 5104 668
2093 6201 5575
2094 2546 1603
2095 3836 3293
2096 1666 3520
2097 7100 7467
2098 958 901
2099 7100 7886
2100 3097 3770
2101 1497 791
2102 6985 7651
2103 6148 4346
2104 1368 6240
2105 7977 7349
2106 6242 7738
2107 523 1915
2108 7697 7348
2109 872 6399
2110 296 6288
2111 5997 3836
2112 3569 146
2113 7608 2589
2114 3393 2584
2115 4806 537
2116 2088 1323
2117 3106 1974
2118 5474 2584
2119 4135 5170
2120 1243 6871
2121 737 4475
2122 4631 5114
2123 2316 235
2124 1305 4006
2125 2680 7802
2126 6881 72
2127 2109 1330
2128 7809 7641
2129 601 2666
2130 3990 5829
2131 3923 1388
2132 671 606
2133 5616 3927
2134 6415 2567
2135 6872 7076
2136 1083 6684
2137 864 6970
2138 1068 5983
2139 7000 1694
2140 2090 3420
2141 3670 3729
2142 6987 513
2143 7911 6709
2144 5689 1099
2145 3813 2931
2146 1930 5677
2147 2634 5931
2148 7443 1769
2149 6154 104
2150 1823 5635
2151 6577 6064
2152 4806 1635
2153 2081 3084
2154 3684 5139
2155 4321 876
2156 4413 6075
2157 6702 4989
2158 5193 785
2159 1445 4601
2160 4478 2081
2161 1820 6046
2162 5563 2052
2163 5783 483
2164 2881 1092
2165 511 228
2166 7696 4294
2167 531 5456
2168 726 4574
2169 3117 2975
2170 6323 4354
2171 7374 267
2172 6953 5495
2173 4087 4794
2174 5107 6877
2175 7114 432
2176 6901 624
2177 6526 7701
2178 5327 622
2179 3389 3922
2180 3715 4060
2181 4511 5134
2182 7778 2052
2183 6436 7852
2184 126 6859
2185 835 4764
2186 1903 1280
2187 5403 4925
2188 6952 5800
2189 3871 6814
2190 3018 1995
2191 4255 393
2192 6890 398
2193 1029 2495
2194 7816 7622
2195 770 2776
2196 5346 88
2197 2655 1339
2198 2601 3545
2199 4155 1138
2200 3208 2414
2201 1227 1319
2202 4414 2011
2203 7428 5151
2204 4454 7777
2205 7870 4076
2206 2372 4749
2207 4923 1379
2208 6030 1132
2209 1768 1223
2210 4322 3097
2211 4618 961
2212 5373 4064
2213 5819 4800
2214 3664 5179
2215 3172 5177
2216 1415 1272
2217 4815 887
2218 5 1325
2219 3946 7869
2220 3272 2148
2221 2556 4644
2222 2304 9
2223 2151 2571
2224 954 4079
2225 7428 1038
2226 7336 1354
2227 1899 2217
2228 2502 1871
2229 5642 4843
2230 7976 2724
2231 3953 5230
2232 244 2680
2233 54 601
2234 3323 7485
2235 129 4100
2236 1018 2103
2237 5308 1595
2238 5706 5482
2239 450 3620
2240 3044 1596
2241 4507 5356
2242 6459 3329
2243 7168 596
2244 4534 3971
2245 1406 2494
2246 5260 6302
2247 204 3443
2248 3592 2124
2249 5300 7044
2250 4845 331
2251 1777 6296
2252 6765 7437
2253 6849 6837
2254 2716 2819
2255 1377 4501
2256 2373 1203
2257 2756 4118
2258 563 1633
2259 2841 5550
2260 3070 4418
2261 2982 4936
2262 3269 7882
2263 6171 3964
2264 1536 5051
2265 2846 2877
2266 3063 2833
2267 1385 1198
2268 2124 411
2269 1396 6321
2270 7403 2545
2271 3901 7427
2272 4806 5543
2273 4725 1538
2274 6889 7259
2275 6537 3564
2276 7694 1775
2277 4137 2508
2278 1284 6244
2279 4484 6826
2280 1329 3361
2281 6270 2190
2282 2344 3131
2283 6876 3799
2284 6885 3870
2285 2647 6435
2286 6329 4966
2287 4033 1642
2288 7919 4856
2289 2490 3369
2290 6988 3391
2291 5814 7266
2292 5644 2479
2293 6244 7514
2294 1705 4899
2295 3912 5041
2296 2431 4940
2297 6903 1289
2298 289 1360
2299 7350 6213
2300 6348 7436
2301 2836 6881
2302 2957 2241
2303 30 4692
2304 3225 7130
2305 2121 4897
2306 649 2318
2307 1807 6302
2308 4046 4206
2309 426 5521
2310 216 2358
2311 7577 5133
2312 5516 4588
2313 3974 6029
2314 1645 2165
2315 6803 2
2316 2369 3535
2317 405 5072
2318 2351 2066
2319 6579 6246
2320 3586 4468
2321 6505 7242
2322 5427 462
2323 3211 6895
2324 7962 3422
2325 1154 7000
2326 5243 773
2327 2133 402
2328 2541 6943
2329 7164 792
2330 5016 1635
2331 477 3713
2332 5193 488
2333 3038 7046
2334 4206 5735
2335 5767 5713
2336 3924 1276
2337 7023 3963
2338 5194 5996
2339 1629 7945
2340 5743 6078
2341 146 7938
2342 2349 6653
2343 2448 1288
2344 198 7076
2345 5905 3941
2346 1382 1723
2347 7717 4596
2348 5882 3119
2349 1938 5932
2350 4586 4037
2351 722 4489
2352 2635 2524
2353 4769 5025
2354 811 2173
2355 1189 2709
2356 6284 7402
2357 1375 6408
2358 2474 3415
2359 4873 6181
2360 4096 5567
2361 5945 4378
2362 4019 3996
2363 4430 7364
2364 1033 4817
2365 2332 4330
2366 6829 4006
2367 2854 5212
2368 5955 6146
2369 5708 1181
2370 622 7828
2371 3047 6841
2372 6006 4463
2373 1457 6781
2374 3531 643
2375 1302 1334
2376 7506 3888
2377 6061 1815
2378 184 6560
2379 4520 5831
2380 7438 4954
2381 7180 6182
2382 7207 1622
2383 1906 6546
2384 3659 2936
2385 4325 1947
2386 1992 358
2387 22 3374
2388 4522 2754
2389 4965 2406
2390 6255 3481
2391 5112 5741
2392 1840 140
2393 6556 4976
2394 945 7724
2395 3344 4949
2396 4669 7628
2397 5124 6457
2398 7032 1600
2399 7130 5658
2400 5840 477
2401 4563 7777
2402 134 7337
2403 3384 6794
2404 1173 6706
2405 4498 4634
2406 407 826
2407 5335 6150
2408 1009 3303
2409 6153 5802
2410 2309 6413
2411 6040 7435
2412 3317 5542
2413 5054 5447
2414 880 1376
2415 100 4444
2416 7801 6140
2417 7701 160
2418 6063 6102
2419 1342 202
2420 6281 7396
2421 6652 6853
2422 7065 4865
2423 5882 2115
2424 2092 3131
2425 1808 5993
2426 4902 575
2427 5535 7442
2428 640 5597
2429 3980 103
2430 7163 1269
2431 6927 1995
2432 1594 6903
2433 1678 5022
2434 1052 4210
2435 2459 4801
2436 7641 230
2437 2654 5628
2438 1781 5214
2439 2779 2944
2440 4501 79
2441 1924 6172
2442 1022 7766
2443 7943 1093
2444 2945 2057
2445 4025 3551
2446 1662 2123
2447 5235 2699
2448 1909 361
2449 2033 3478
2450 1912 5727
2451 3928 7847
2452 4166 428
2453 4821 3609
2454 4981 2303
2455 7028 4679
2456 6780 6541
2457 5399 2466
2458 2413 3149
2459 3389 7537
2460 6676 1238
2461 2372 1463
2462 1915 369
2463 210 234
2464 7591 2325
2465 6094 1799
2466 3879 4316
2467 5708 6020
2468 1935 500
2469 1482 706
2470 7998 5449
2471 6796 3472
2472 301 6688
2473 7742 4052
2474 5570 1437
2475 4551 3157
2476 2112 7810
2477 3490 2681
2478 4253 6702
2479 5283 6017
2480 2368 1561
2481 4483 6289
2482 2586 4225
2483 3022 5237
2484 7095 851
2485 1781 6868
2486 6353 495
2487 1056 3972
2488 5274 4786
2489 2701 3730
2490 3584 5025
2491 4590 1679
2492 3341 1048
2493 4141 3792
2494 2067 7612
2495 6911 5076
2496 7417 7247
2497 6899 7026
2498 4586 2235
2499 125 1074
2500 5114 7704
2501 6920 2635
2502 4910 3095
2503 3842 3606
2504 7026 1246
2505 6055 5594
2506 4649 1863
2507 7032 3580
2508 5149 6970
2509 3440 6007
2510 4192 6647
2511 5994 5040
2512 1792 1166
2513 2399 7133
2514 3605 4346
2515 1652 348
2516 3585 6605
2517 4739 2078
2518 934 6698
2519 4153 1117
2520 3716 7600
2521 2446 7347
2522 1914 1074
2523 5777 4486
2524 6550 4352
2525 7902 3842
2526 3166 4320
2527 6761 5113
2528 2383 3777
2529 4051 5187
2530 3977 761
2531 4242 5273
2532 5252 539
2533 7028 6649
2534 752 3175
2535 7109 2691
2536 6832 5874
2537 7590 6473
2538 3208 2250
2539 750 2314
2540 6862 5955
2541 362 502
2542 1159 1165
2543 3165 1598
2544 6650 3151
2545 3265 405
2546 212 6768
2547 3378 786
2548 3393 7733
2549 2495 1587
2550 3760 2492
2551 7178 6478
2552 3747 2581
2553 7704 7775
2554 719 2728
2555 5993 4180
2556 4081 5649
2557 75 6835
2558 673 4796
2559 6594 399
2560 3748 7243
2561 1750 7299
2562 6602 3682
2563 4036 4006
2564 2447 7719
2565 5965 3141
2566 3961 1157
2567 6077 3881
2568 1908 7577
2569 1184 4004
2570 7254 4645
2571 3610 7559
2572 2329 3679
2573 6592 860
2574 431 6553
2575 2967 6102
2576 2435 6283
2577 3470 4209
2578 2192 5675
2579 2610 1068
2580 968 3114
2581 2300 4266
2582 7989 2220
2583 3909 5653
2584 2516 5950
2585 3885 2517
2586 6776 6382
2587 1722 566
2588 7781 3459
2589 680 3750
2590 5058 3942
2591 5981 4168
2592 3177 6423
2593 6959 6415
2594 3236 1664
2595 591 3675
2596 3279 7829
2597 7680 4548
2598 3357 4822
2599 6347 3547
2600 2804 7467
2601 6160 2254
2602 5359 2539
2603 3709 2910
2604 7580 3719
2605 5422 1018
2606 5451 3620
2607 488 5862
2608 2945 37
2609 3320 7091
2610 4072 2336
2611 7245 2538
2612 6407 4388
2613 1723 5877
2614 7093 3568
2615 429 6706
2616 1544 2292
2617 7515 1250
2618 7653 994
2619 3387 3482
2620 1 6962
2621 3705 7003
2622 6808 6928
2623 2337 5059
2624 1954 334
2625 2737 9
2626 5550 4777
2627 1827 7598
2628 5482 3291
2629 3455 3492
2630 7207 4819
2631 1610 7991
2632 7533 2077
2633 2460 641
2634 30 1918
2635 3687 3968
2636 1123 4273
2637 1550 3825
2638 7832 34
2639 7704 31
2640 6053 3315
2641 278 4911
2642 4943 6728
2643 4949 3222
2644 4593 6363
2645 7899 572
2646 1144 890
2647 4249 5102
2648 6934 2944
2649 596 1243
2650 5358 6516
2651 6294 7420
2652 180 5664
2653 2733 2291
2654 7949 4462
2655 6871 2484
2656 7556 3559
2657 5702 3856
2658 3141 1895
2659 208 6958
2660 3539 2562
2661 4688 114
2662 3179 7113
2663 3775 1772
2664 5685 1704
2665 605 4045
2666 88 6211
2667 3037 5885
2668 4135 3478
2669 4180 3290
2670 1302 7089
2671 1915 4242
2672 202 402
2673 7471 4953
2674 4813 6442
2675 3172 2404
2676 4524 3219
2677 6865 3470
2678 6751 3723
2679 884 6627
2680 2875 3572
2681 1202 5985
2682 5574 1700
2683 3232 4414
2684 3622 1551
2685 4090 4136
2686 3980 2457
2687 6741 6533
2688 7582 7568
2689 3141 4195
2690 5640 638
2691 4871 22
2692 7926 4272
2693 3760 7588
2694 6718 5089
2695 1413 5560
2696 3668 7522
2697 6008 3833
2698 7787 4615
2699 3267 1594
2700 6940 5834
2701 1758 342
2702 2547 5089
2703 6031 7415
2704 810 2521
2705 5515 1122
2706 7861 6535
2707 6023 2222
2708 1082 7940
2709 2115 2618
2710 7187 2701
2711 7390 6711
2712 7854 1134
2713 1414 7422
2714 6247 3148
2715 6802 7110
2716 3551 7524
2717 534 6896
2718 1936 2911
2719 3933 4271
2720 2852 3110
2721 2126 2577
2722 5049 3142
2723 4216 1101
2724 1301 1088
2725 6028 5605
2726 3221 7838
2727 6049 7151
2728 328 5612
2729 3354 4027
2730 6663 4608
2731 1521 4364
2732 4598 3145
2733 6162 2107
2734 6475 810
2735 4831 1139
2736 119 5185
2737 7734 1769
2738 53 1919
2739 6224 1849
2740 6882 6271
2741 7688 7069
2742 7106 4303
2743 5028 2075
2744 6055 3721
2745 1562 6631
2746 1453 6948
2747 4369 5505
2748 5421 6111
2749 2370 60
2750 5754 3512
2751 3866 638
2752 5007 4427
2753 1590 4276
2754 7422 2201
2755 7469 6603
2756 3417 3671
2757 3635 6087
2758 5946 7857
2759 1419 3113
2760 2013 3647
2761 3503 4396
2762 2403 124
2763 555 1987
2764 4713 1346
2765 7671 6673
2766 5574 1391
2767 5409 3570
2768 6064 5298
2769 6343 4330
2770 3323 1121
2771 429 2893
2772 4961 4159
2773 4416 3311
2774 6595 2892
2775 3623 6516
2776 3496 2700
2777 5537 2140
2778 6414 6501
2779 6948 6129
2780 3827 735
2781 7697 4201
2782 7185 5929
2783 7604 1916
2784 1752 122
2785 1355 3436
2786 1302 6697
2787 3011 993
2788 7724 5805
2789 5587 5399
2790 7021 1812
2791 5549 3884
2792 1501 2201
2793 2614 562
2794 3112 4772
2795 6766 6588
2796 2214 6777
2797 4935 1169
2798 7306 246
2799 168 2323
2800 7360 6220
2801 4425 5909
2802 5337 5270
2803 7161 4380
2804 597 7122
2805 1937 7347
2806 7669 1567
2807 5186 3871
2808 7500 698
2809 3132 5673
2810 5193 957
2811 2976 2704
2812 3946 2944
2813 7043 3337
2814 3700 951
2815 2240 5747
2816 276 1477
2817 6010 5030
2818 3991 5812
2819 7302 7113
2820 388 4971
2821 1859 3819
2822 548 440
2823 2917 6800
2824 6684 3290
2825 207 954
2826 31 2304
2827 4581 7215
2828 5211 2571
2829 2490 4231
2830 7516 2959
2831 6186 2289
2832 4171 4884
2833 1225 3125
2834 7605 6177
2835 4709 7339
2836 3942 6950
2837 2643 1642
2838 5109 2944
2839 6726 5714
2840 5800 5659
2841 3962 7995
2842 7720 5725
2843 1368 448
2844 7888 6136
2845 7084 170
2846 6449 5945
2847 808 6359
2848 2644 7911
2849 6950 4126
2850 4923 707
2851 2508 6706
2852 886 2468
2853 7423 625
2854 7171 5183
2855 3235 6911
2856 6614 3459
2857 7100 2945
2858 6454 3794
2859 7365 3497
2860 3165 5223
2861 1332 1293
2862 7215 6936
2863 7293 4830
2864 1760 6797
2865 3193 234
2866 768 4981
2867 4894 5558
2868 436 1931
2869 7650 4043
2870 32 2390
2871 1186 6511
2872 4055 4704
2873 1144 5979
2874 4697 7938
2875 3598 2789
2876 1464 1619
2877 2487 3208
2878 3362 3905
2879 7286 1127
2880 2769 4884
2881 4450 2153
2882 4902 6817
2883 7783 4336
2884 291 1860
2885 5916 462
2886 1149 5273
2887 4367 4699
2888 6875 5041
2889 2423 7427
2890 4962 7624
2891 3819 6150
2892 2608 6324
2893 1466 1868
2894 4083 2871
2895 612 4683
2896 296 6415
2897 3595 3934
2898 6255 1908
2899 2223 5055
2900 3310 2812
2901 4596 2847
2902 1086 3003
2903 399 5551
2904 4205 6853
2905 6898 3038
2906 1260 93
2907 3619 1467
2908 26 6875
2909 4098 6216
2910 3127 7618
2911 3675 5139
2912 5380 5631
2913 7113 6776
2914 1131 3317
2915 1664 6882
2916 3474 6573
2917 3328 4316
2918 6497 5877
2919 6557 2201
2920 5302 3215
2921 6442 3209
2922 1657 5214
2923 731 5642
2924 2741 5122
2925 5291 617
2926 7294 609
2927 300 212
2928 5926 5411
2929 6982 2008
2930 2773 1226
2931 5486 7661
2932 173 5914
2933 3333 5809
2934 6797 6484
2935 2759 1889
2936 5939 3698
2937 3329 3994
2938 5517 1952
2939 5955 1439
2940 2716 1105
2941 123 7233
2942 6973 7325
2943 7994 2331
2944 4999 6268
2945 4195 5831
2946 2057 4501
2947 6136 2943
2948 5901 2620
2949 978 583
2950 3234 830
2951 4748 1562
2952 7640 4571
2953 2643 6855
2954 2939 4197
2955 39 2440
2956 6769 5924
2957 3433 3075
2958 6946 956
2959 3661 2470
2960 6286 6054
2961 6918 616
2962 6122 3231
2963 5302 7603
2964 5325 4896
2965 3751 5133
2966 1804 932
2967 369 995
2968 5871 5373
2969 6397 3653
2970 6497 4628
2971 7503 5535
2972 3674 2050
2973 1035 2548
2974 315 1952
2975 2139 466
2976 4417 1167
2977 1102 3991
2978 3993 3159
2979 2229 4537
2980 585 5588
2981 6184 5592
2982 3851 4943
2983 5275 2325
2984 6519 2694
2985 5647 5204
2986 1611 3293
2987 4225 2208
2988 7931 6803
2989 33 5435
2990 2801 958
2991 72 4547
2992 2180 5947
2993 514 827
2994 3269 5005
2995 6033 6947
2996 6316 1009
2997 4115 5100
2998 679 6449
2999 406 5054
3000 2662 6130
3001 7894 7569
3002 3441 1948
3003 6540 5719
3004 4399 571
3005 2100 6320
3006 3426 1607
3007 6730 4122
3008 1147 2207
3009 5332 2028
3010 5830 3165
3011 1448 1872
3012 4351 4792
3013 4052 1067
3014 3889 1696
3015 2596 6507
3016 2946 3186
3017 2389 4521
3018 2042 3128
3019 2163 4920
3020 4767 6436
3021 3581 4996
3022 5461 2004
3023 4238 2550
3024 1487 5140
3025 3065 5871
3026 4477 2726
3027 5645 452
3028 398 3050
3029 2705 2996
3030 6025 7902
3031 7910 3225
3032 3863 5584
3033 7827 1063
3034 4498 3834
3035 837 7217
3036 2062 745
3037 3753 5169
3038 744 2316
3039 6167 2005
3040 4011 5869
3041 7893 2782
3042 5039 1086
3043 4555 3172
3044 823 2797
3045 207 791
3046 274 4833
3047 2211 4479
3048 2749 5853
3049 7943 130
3050 4155 1275
3051 4153 6264
3052 2646 7027
3053 5796 6624
3054 1327 6604
3055 7658 6401
3056 1838 3872
3057 2475 200
3058 5242 5324
3059 525 4449
3060 709 5237
3061 866 1922
3062 5268 4307
3063 6379 4082
3064 2292 178
3065 5708 6818
3066 2444 4063
3067 1469 1460
3068 1826 4973
3069 5584 2604
3070 7538 3318
3071 7410 515
3072 4029 2078
3073 5157 6593
3074 3561 3330
3075 847 6695
3076 7444 7168
3077 4228 2230
3078 4664 5338
3079 6290 2562
3080 7685 3910
3081 1181 3900
3082 4271 7034
3083 3297 2259
3084 4058 2709
3085 982 6212
3086 2280 6062
3087 450 5259
3088 1703 3638
3089 2000 2082
3090 1832 7965
3091 3385 4956
3092 6047 4525
3093 7987 6836
3094 7375 6883
3095 199 326
3096 5696 1521
3097 7820 2645
3098 5914 2757
3099 4684 3440
3100 2563 3231
3101 6917 2391
3102 4517 209
3103 6994 722
3104 6334 4663
3105 4796 6858
3106 2018 5871
3107 7175 6000
3108 190 7553
3109 3133 4349
3110 6547 1896
3111 7612 5486
3112 2456 399
3113 4426 7390
3114 3395 1343
3115 2067 2365
3116 5613 6146
3117 1555 3282
3118 45 2384
3119 1678 3388
3120 2293 519
3121 5064 7474
3122 4410 55
3123 7352 5174
3124 4769 2703
3125 4226 4847
3126 1250 7875
3127 3079 504
3128 2756 1649
3129 5316 4298
3130 2031 6654
3131 5953 3995
3132 2739 1538
3133 5479 233
3134 2562 1028
3135 2535 2320
3136 1062 613
3137 4331 1475
3138 6087 301
3139 6744 4499
3140 7232 1813
3141 5414 676
3142 4878 6424
3143 5335 5935
3144 3121 3420
3145 5876 3314
3146 3653 7032
3147 2824 7877
3148 2586 261
3149 7861 3240
3150 2537 6712
3151 167 1103
3152 7269 3378
3153 1365 7990
3154 4449 4571
3155 3353 6937
3156 4480 6382
3157 1130 6410
3158 3030 3871
3159 1364 2818
3160 7440 4896
3161 2572 607
3162 3643 1359
3163 3063 4134
3164 2306 1992
3165 6133 6000
3166 1727 1286
3167 868 3472
3168 3319 1974
3169 1376 4667
3170 6627 4066
3171 6687 7283
3172 6672 1348
3173 5795 46
3174 3324 6791
3175 7535 5739
3176 185 7723
3177 7516 6478
3178 7527 948
3179 4587 5574
3180 3105 4129
3181 1588 3466
3182 6881 3448
3183 2676 3600
3184 5209 1854
3185 5614 2186
3186 3523 4190
3187 3860 476
3188 6933 26
3189 3062 4081
3190 6588 2940
3191 5406 7060
3192 1023 5837
3193 2529 1161
3194 6081 6938
3195 3025 2151
3196 7524 7053
3197 1152 7493
3198 4502 2648
3199 3270 5906
3200 5448 2973
3201 2895 6950
3202 6016 564
3203 6713 3340
3204 5151 5433
3205 1719 2152
3206 2911 3550
3207 1124 1440
3208 3217 201
3209 532 6602
3210 4786 383
3211 1188 703
3212 4994 2054
3213 243 5302
3214 738 7565
3215 3524 1844
3216 1699 967
3217 7735 1568
3218 5499 6230
3219 2828 6466
3220 2365 5924
3221 2302 6691
3222 6326 3364
3223 2095 7287
3224 2150 7514
3225 1050 3946
3226 1479 7524
3227 1088 7591
3228 2008 3798
3229 2040 2521
3230 644 2230
3231 280 7933
3232 1153 138
3233 3019 3924
3234 2548 3543
3235 2046 5166
3236 161 3973
3237 5924 2111
3238 3348 4820
3239 2181 7988
3240 202 2835
3241 1278 1754
3242 4993 5461
3243 216 2617
3244 1037 7737
3245 2185 5159
3246 7327 1446
3247 1110 5304
3248 1171 6187
3249 5709 7135
3250 28 2233
3251 5444 325
3252 4378 5617
3253 6680 3135
3254 2520 6058
3255 3742 3502
3256 5048 421
3257 3113 5620
3258 7941 6473
3259 2927 7736
3260 3410 7445
3261 7281 6681
3262 6074 3655
3263 473 7014
3264 4356 2151
3265 3433 7433
3266 1005 6087
3267 7891 2288
3268 5563 7131
3269 3168 6487
3270 7184 800
3271 4722 2648
3272 3855 6608
3273 1977 3795
3274 726 5439
3275 4088 2249
3276 5844 6603
3277 2511 1788
3278 4686 6495
3279 4729 5456
3280 5725 5097
3281 3358 5155
3282 480 2315
3283 2233 5227
3284 5177 370
3285 1499 689
3286 4518 2431
3287 3008 7819
3288 4263 1017
3289 2375 7946
3290 1487 5331
3291 7315 6725
3292 7067 4598
3293 4172 1004
3294 892 3378
3295 1196 1666
3296 3296 4860
3297 6588 1951
3298 5435 3046
3299 1000 1398
3300 1582 1838
3301 3375 3108
3302 6982 4796
3303 6175 5311
3304 5089 7371
3305 3748 2683
3306 3025 7758
3307 3896 1533
3308 683 7959
3309 1703 1819
3310 6067 3766
3311 2600 7233
3312 7863 7581
3313 3089 37
3314 2578 2386
3315 7842 6285
3316 6110 2170
3317 3042 3660
3318 1560 7258
3319 277 6372
3320 1762 280
3321 542 4277
3322 188 1663
3323 6956 5926
3324 526 2679
3325 1255 2001
3326 1628 6915
3327 6679 3573
3328 7469 474
3329 187 5095
3330 3805 2860
3331 1648 1596
3332 7827 1144
3333 5266 4698
3334 2994 6316
3335 6620 7726
3336 258 4244
3337 6325 6074
3338 572 2730
3339 6095 4277
3340 109 3471
3341 6196 2092
3342 4108 5011
3343 1843 1915
3344 4929 5772
3345 5275 7259
3346 7884 2331
3347 1051 3843
3348 7732 4869
3349 1640 3885
3350 3242 5544
3351 5644 6903
3352 4892 3873
3353 4444 4821
3354 5181 1186
3355 7960 2250
3356 5652 2574
3357 3909 2630
3358 7365 2524
3359 1322 6170
3360 1999 4797
3361 938 3053
3362 453 5361
3363 340 1630
3364 7872 7920
3365 4135 3650
3366 7315 7012
3367 7127 1859
3368 276 1939
3369 3316 4952
3370 4373 7301
3371 5127 5438
3372 2570 1327
3373 1665 6968
3374 5625 6420
3375 976 5809
3376 647 2684
3377 3914 6177
3378 1308 797
3379 6719 4319
3380 4780 2554
3381 4664 3905
3382 1766 6197
3383 6514 240
3384 2347 3565
3385 4472 6038
3386 7987 5194
3387 6987 5869
3388 1505 5624
3389 4139 1260
3390 965 5759
3391 573 2878
3392 4981 3757
3393 5760 2928
3394 4248 4850
3395 7033 5002
3396 3395 5262
3397 193 6146
3398 5038 7240
3399 6936 3875
3400 6070 6489
3401 202 7061
3402 1838 282
3403 160 6334
3404 7997 2328
3405 1697 3335
3406 839 3608
3407 5742 3946
3408 5542 123
3409 1308 2809
3410 5310 5810
3411 6048 7741
3412 3668 2317
3413 5478 3493
3414 3043 4134
3415 7305 7053
3416 581 897
3417 6626 6006
3418 7758 7740
3419 5760 6311
3420 2496 7825
3421 196 2879
3422 7995 3266
3423 4547 6830
3424 1629 3973
3425 4057 4261
3426 681 4737
3427 7354 2471
3428 6350 4896
3429 2858 7225
3430 917 6573
3431 986 7167
3432 2921 3023
3433 6755 6686
3434 2684 6977
3435 7318 2066
3436 6610 597
3437 4056 4416
3438 2111 3239
3439 5537 3982
3440 4406 554
3441 5540 6675
3442 4176 7705
3443 1790 6814
3444 4845 2592
3445 5694 1623
3446 1633 3205
3447 7533 3695
3448 1213 7022
3449 6379 1094
3450 379 270
3451 4149 6364
3452 2441 6552
3453 511 5242
3454 41 1944
3455 3605 2348
3456 5230 522
3457 3472 7856
3458 731 4674
3459 7025 7512
3460 6923 5494
3461 6475 1035
3462 4915 6231
3463 839 6457
3464 2368 6574
3465 192 1584
3466 65 7378
3467 3449 4108
3468 2225 3671
3469 2132 7673
3470 3124 7998
3471 4745 1646
3472 5390 5731
3473 6561 1371
3474 1769 4166
3475 2542 7410
3476 6934 6919
3477 3886 4299
3478 5446 5187
3479 842 338
3480 6552 626
3481 6983 3694
3482 7535 311
3483 1320 5667
3484 1578 7856
3485 1690 3736
3486 4699 3442
3487 7356 3112
3488 3110 5124
3489 1351 593
3490 1303 2890
3491 5390 779
3492 33 5496
3493 1882 6100
3494 359 4775
3495 2018 3471
3496 6571 5468
3497 4519 3559
3498 7522 2349
3499 3418 5871
3500 1327 4781
3501 3023 2888
3502 1139 5229
3503 5774 4687
3504 6009 1426
3505 3294 1596
3506 7976 4814
3507 2474 2396
3508 4708 2907
3509 1063 7119
3510 7604 5583
3511 2783 857
3512 7411 7541
3513 7357 7063
3514 7753 2643
3515 5273 6063
3516 1468 5390
3517 7357 2011
3518 7739 1414
3519 7930 2698
3520 1057 2925
3521 4785 5743
3522 7434 5684
3523 6505 4065
3524 6422 6163
3525 2065 3263
3526 7778 2877
3527 7561 6793
3528 5596 5944
3529 863 1985
3530 6163 4912
3531 5405 612
3532 3261 6516
3533 4496 4617
3534 5135 3358
3535 2451 4975
3536 4424 4942
3537 27 3673
3538 5511 1098
3539 3321 6861
3540 919 480
3541 901 6539
3542 3066 7715
3543 640 5944
3544 916 2
3545 3792 1248
3546 4156 5968
3547 573 7782
3548 4080 7889
3549 6581 4002
3550 5982 3978
3551 3899 2562
3552 1600 1806
3553 3542 1949
3554 4617 4188
3555 662 5337
3556 2754 4892
3557 6022 3077
3558 3140 7151
3559 1324 4391
3560 1848 7174
3561 360 5612
3562 903 3847
3563 4924 7602
3564 188 61
3565 6598 1272
3566 3999 6822
3567 673 1710
3568 2370 365
3569 5055 2280
3570 4450 6039
3571 7394 3088
3572 3382 1965
3573 4833 5515
3574 445 3173
3575 5222 4823
3576 4802 4307
3577 1718 515
3578 1935 2731
3579 2785 1220
3580 3900 1824
3581 275 7488
3582 2942 6659
3583 4076 7379
3584 4556 4541
3585 3536 4853
3586 6118 4779
3587 6979 7400
3588 2736 7499
3589 5615 6414
3590 5589 877
3591 7143 4607
3592 5800 1264
3593 274 6776
3594 3500 7881
3595 5799 7276
3596 4805 13
3597 4408 2153
3598 6539 1244
3599 350 3960
3600 5540 344
3601 3822 7460
3602 6088 6542
3603 7270 2108
3604 5370 81
3605 2930 135
3606 7852 680
3607 5302 945
3608 4991 7680
3609 6549 2038
3610 4051 1099
3611 6685 1076
3612 4353 5975
3613 6220 3498
3614 6258 7870
3615 6006 386
3616 7977 5374
3617 3070 1044
3618 6166 5287
3619 3092 4994
3620 3250 7705
3621 508 5928
3622 5110 4506
3623 241 2204
3624 5982 7124
3625 263 7905
3626 7061 886
3627 6898 4277
3628 5883 1015
3629 4968 1919
3630 4729 609
3631 3290 453
3632 446 2087
3633 4311 7419
3634 582 929
3635 5888 1908
3636 4523 3593
3637 2315 1985
3638 520 1832
3639 6904 6279
3640 6627 2566
3641 1528 5860
3642 1045 489
3643 250 1827
3644 6524 5936
3645 7952 5661
3646 4447 7671
3647 6547 7729
3648 1596 1507
3649 5178 2047
3650 3883 6393
3651 7451 827
3652 2481 2560
3653 1870 3154
3654 3260 3322
3655 7208 844
3656 5670 7150
3657 1147 6293
3658 6880 4748
3659 3567 84
3660 465 602
3661 2328 3961
3662 4339 1870
3663 814 5854
3664 4490 620
3665 3456 1172
3666 408 2077
3667 6335 5729
3668 4850 7876
3669 1375 4621
3670 6420 2488
3671 4187 4544
3672 2437 2608
3673 64 5964
3674 4182 7580
3675 3381 7646
3676 7144 4105
3677 5611 2612
3678 4409 4483
3679 5815 1688
3680 2087 7108
3681 1775 7094
3682 4905 17
3683 4069 3538
3684 6297 1983
3685 296 5008
3686 2749 1460
3687 6990 33
3688 5491 6222
3689 2254 2745
3690 7478 1318
3691 3176 1922
3692 6681 1761
3693 3863 1052
3694 3665 4254
3695 2373 1368
3696 6019 586
3697 4258 1518
3698 5103 4153
3699 980 1111
3700 197 3558
3701 4744 4482
3702 6203 4478
3703 5347 5061
3704 996 4538
3705 6457 4530
3706 6654 5960
3707 4475 2471
3708 4133 4169
3709 4587 5224
3710 4987 4303
3711 2846 7986
3712 6927 3296
3713 5418 6300
3714 421 2469
3715 871 6367
3716 2190 2082
3717 1366 2542
3718 7534 5381
3719 1359 261
3720 4967 1101
3721 5413 1611
3722 1955 988
3723 3519 3189
3724 3335 1420
3725 5322 2830
3726 5731 4189
3727 5000 158
3728 4273 7730
3729 3406 7051
3730 5342 1651
3731 6851 5275
3732 2613 288
3733 2971 170
3734 1661 2133
3735 7930 618
3736 647 2261
3737 6578 7232
3738 1063 4748
3739 4394 595
3740 1488 1868
3741 5618 5426
3742 71 5607
3743 7583 5716
3744 6730 7432
3745 1694 5871
3746 3238 5732
3747 6498 7028
3748 4035 514
3749 1727 6064
3750 4373 3426
3751 4070 7620
3752 1286 490
3753 1938 938
3754 4422 3156
3755 3236 4254
3756 1565 4938
3757 4009 2292
3758 2148 2489
3759 7394 1269
3760 2634 5453
3761 7043 858
3762 6792 5628
3763 4541 4114
3764 1224 6198
3765 199 6503
3766 4305 6482
3767 2795 5883
3768 6213 3891
3769 5081 2251
3770 5562 6968
3771 4260 3841
3772 4537 74
3773 1618 3037
3774 5930 4377
3775 1143 4101
3776 172 1313
3777 4605 6103
3778 6037 6133
3779 4235 789
3780 3451 766
3781 4656 7027
3782 6799 7492
3783 4999 5024
3784 4879 6977
3785 4753 520
3786 7842 3667
3787 879 364
3788 7514 5693
3789 7019 425
3790 7354 3572
3791 5353 7352
3792 7203 5029
3793 4760 5175
3794 1911 7307
3795 4964 158
3796 404 2318
3797 6574 2894
3798 2762 5972
3799 2638 7848
3800 1070 3489
3801 2722 2996
3802 7880 1630
3803 2177 3758
3804 2134 4026
3805 3905 6090
3806 3244 3900
3807 1561 6063
3808 2284 6975
3809 6119 3341
3810 3763 2152
3811 237 1585
3812 5088 1735
3813 78 5413
3814 473 6251
3815 5999 5789
3816 1331 2574
3817 7420 1917
3818 7776 6999
3819 7611 6018
3820 4591 5531
3821 4251 5735
3822 4444 7493
3823 3042 6863
3824 4977 2209
3825 7977 76
3826 4176 2441
3827 3383 5770
3828 172 5194
3829 5323 1015
3830 6565 4198
3831 391 6630
3832 6884 2197
3833 3783 1547
3834 6549 5084
3835 480 5986
3836 1290 340
3837 4988 359
3838 2229 6786
3839 1499 7850
3840 5859 5228
3841 4469 3907
3842 3260 4355
3843 6755 1231
3844 418 5908
3845 6540 5932
3846 6849 2269
3847 7061 5378
3848 959 6651
3849 5639 6735
3850 4547 2537
3851 7848 3760
3852 4143 4990
3853 7238 1034
3854 2154 7483
3855 2509 778
3856 1169 1299
3857 5789 4482
3858 1292 987
3859 5722 151
3860 5120 634
3861 5746 1361
3862 1061 383
3863 4734 876
3864 6135 4882
3865 1653 1852
3866 2361 5056
3867 6043 4939
3868 7207 494
3869 5173 6218
3870 1388 852
3871 3166 1791
3872 1861 6465
3873 6185 4724
3874 173 7302
3875 3009 3074
3876 7882 2142
3877 6749 3422
3878 100 1134
3879 301 2195
3880 2 2705
3881 6308 4296
3882 4516 2259
3883 5773 6962
3884 7358 7982
3885 2353 435
3886 6744 1834
3887 2832 5533
3888 1574 2904
3889 3089 7811
3890 6667 4082
3891 4665 4528
3892 7996 4347
3893 7710 6072
3894 7583 4137
3895 4818 4766
3896 3843 3365
3897 889 1119
3898 311 4879
3899 1198 7995
3900 4869 6363
3901 4566 1542
3902 6702 5716
3903 5424 5274
3904 234 1265
3905 6071 7914
3906 6893 1082
3907 3434 2248
3908 4817 6067
3909 1124 328
3910 6960 2583
3911 6395 5902
3912 807 7236
3913 843 6309
3914 6016 3347
3915 1718 5331
3916 2137 1721
3917 24 7946
3918 1074 6001
3919 4366 220
3920 5032 2799
3921 2315 5058
3922 4160 2806
3923 6001 6864
3924 2244 3833
3925 5232 7856
3926 7166 6886
3927 1361 611
3928 4845 6432
3929 1375 2488
3930 4210 3943
3931 895 6892
3932 7272 1155
3933 4482 142
3934 2480 7570
3935 3670 7105
3936 6636 2963
3937 4072 3063
3938 7997 360
3939 755 2468
3940 5496 5951
3941 2528 4313
3942 2179 1343
3943 4151 7876
3944 2758 7923
3945 3447 2910
3946 2136 955
3947 7917 2116
3948 3540 3058
3949 5554 1356
3950 3220 6991
3951 5175 4492
3952 751 5426
3953 3519 7491
3954 7721 4714
3955 3153 1090
3956 2237 6129
3957 6222 3130
3958 6009 4820
3959 376 4975
3960 3558 3061
3961 7556 70
3962 1337 459
3963 5687 2255
3964 2505 4075
3965 3694 6425
3966 6243 3429
3967 407 1804
3968 5858 7388
3969 3618 1745
3970 2956 6968
3971 2800 6532
3972 5959 1078
3973 5530 5945
3974 7002 2202
3975 4130 1241
3976 6257 4401
3977 4128 6158
3978 4129 4971
3979 2905 2043
3980 1279 6013
3981 227 1438
3982 7915 5015
3983 4847 4588
3984 6720 7006
3985 1962 1095
3986 18 4139
3987 2492 4253
3988 7127 7237
3989 3077 3778
3990 7071 1116
3991 5499 3768
3992 4538 5369
3993 7770 233
3994 2715 2526
3995 5621 2507
3996 7583 3246
3997 1139 6974
3998 5234 7076
3999 286 3612
4000 967 6480
4001 4916 6202
4002 2856 5704
4003 6050 3829
4004 4319 1581
4005 4890 321
4006 1718 1438
4007 6348 2766
4008 819 7079
4009 7752 3206
4010 4780 4857
4011 3614 1141
4012 5210 7257
4013 6102 5455
4014 1500 7223
4015 5841 3474
4016 6217 3244
4017 1085 3006
4018 2763 2577
4019 2725 3434
4020 4800 7407
4021 2970 2856
4022 4510 6963
4023 3305 6613
4024 7638 5603
4025 3247 82
4026 3593 5341
4027 5408 4352
4028 6987 3688
4029 6350 4705
4030 4240 4321
4031 6144 7963
4032 1291 2570
4033 5800 1248
4034 1738 2968
4035 2441 2645
4036 4630 7837
4037 4383 2060
4038 3813 1939
4039 3583 4317
4040 1326 4905
4041 3338 4943
4042 807 1824
4043 2512 5311
4044 6303 1394
4045 6360 579
4046 2461 5572
4047 3190 5543
4048 1512 6704
4049 5432 1369
4050 2935 6415
4051 5666 7007
4052 6410 4772
4053 7296 2539
4054 2526 7707
4055 696 3999
4056 5869 1101
4057 2951 3865
4058 1557 7637
4059 2995 6454
4060 5304 6690
4061 4269 2182
4062 7556 4096
4063 5729 7670
4064 4380 1158
4065 3539 6581
4066 7930 4386
4067 1921 4902
4068 1735 1580
4069 5855 2236
4070 4247 2042
4071 2887 3839
4072 5400 3944
4073 6393 5817
4074 4945 1717
4075 2723 2820
4076 1069 1223
4077 3670 1733
4078 7466 3673
4079 6283 807
4080 5782 1073
4081 3723 31
4082 7304 7231
4083 7704 6730
4084 3608 793
4085 7752 3864
4086 2709 1874
4087 1490 2364
4088 3607 3668
4089 898 1781
4090 7272 3144
4091 7249 6062
4092 6147 6392
4093 1838 2361
4094 7348 3014
4095 870 2114
4096 638 15
4097 1412 5075
4098 3974 4491
4099 5212 5155
4100 6592 2375
4101 978 2190
4102 1362 5239
4103 133 5143
4104 1583 2823
4105 5355 2033
4106 7550 2371
4107 3664 915
4108 6175 388
4109 5556 1475
4110 1986 3173
4111 795 2247
4112 297 772
4113 4588 157
4114 432 1544
4115 4511 5078
4116 2004 6521
4117 4136 7660
4118 5157 199
4119 666 2131
4120 2932 5269
4121 1002 1804
4122 4511 1235
4123 2620 1100
4124 3907 4412
4125 4863 4598
4126 3815 4343
4127 4766 5317
4128 324 2942
4129 1075 4722
4130 5393 7311
4131 6535 5499
4132 1412 2461
4133 7804 1993
4134 5750 4954
4135 4085 5640
4136 4627 2362
4137 6450 7519
4138 4345 3267
4139 2178 7350
4140 7766 1385
4141 4362 7618
4142 7486 951
4143 3247 7356
4144 2229 6577
4145 4628 5306
4146 4181 5971
4147 3854 2362
4148 6087 3237
4149 3930 1604
4150 892 2372
4151 6817 2303
4152 3681 3233
4153 5485 6051
4154 6002 7354
4155 5204 3158
4156 4682 3161
4157 5501 6950
4158 1837 3406
4159 3128 402
4160 4192 7277
4161 6126 5159
4162 2799 3753
4163 4251 3640
4164 5140 7371
4165 4812 4844
4166 7207 6213
4167 3311 5291
4168 6116 1446
4169 7544 71
4170 5480 1026
4171 2743 833
4172 3395 2911
4173 900 323
4174 2209 5451
4175 6882 4829
4176 4974 5670
4177 7887 5513
4178 2988 4011
4179 3640 2686
4180 4862 5077
4181 5269 3141
4182 4386 1598
4183 2545 5259
4184 4075 1506
4185 2427 5307
4186 3417 5614
4187 7645 543
4188 6441 4707
4189 4384 3518
4190 7124 1202
4191 7074 2823
4192 1235 1836
4193 720 4919
4194 3984 3329
4195 7295 2823
4196 2491 21
4197 6837 5540
4198 2984 1444
4199 7440 4913
4200 494 4880
4201 1890 3736
4202 5752 2008
4203 6063 5825
4204 2709 7778
4205 7118 7956
4206 3153 2394
4207 5903 1783
4208 7812 480
4209 4063 1399
4210 7564 3348
4211 7416 5032
4212 6313 1167
4213 2915 3149
4214 4416 4445
4215 7645 1305
4216 4763 2386
4217 1908 7648
4218 3423 6195
4219 902 4623
4220 5379 5007
4221 2751 4571
4222 5872 2051
4223 4785 6736
4224 4554 6945
4225 7263 5294
4226 7923 4447
4227 3784 4152
4228 6582 626
4229 6628 3885
4230 1936 1310
4231 7597 1568
4232 1572 3196
4233 5821 3016
4234 1488 3757
4235 736 921
4236 6698 6965
4237 6782 6241
4238 4595 6898
4239 3584 4836
4240 3874 1855
4241 2311 3554
4242 4201 5697
4243 4942 6976
4244 404 264
4245 2569 177
4246 5733 6382
4247 6811 6160
4248 2092 2326
4249 5977 504
4250 3794 1643
4251 4718 5449
4252 5693 5388
4253 5606 3727
4254 3473 3670
4255 6681 97
4256 6557 5628
4257 5860 3085
4258 2837 2676
4259 4605 1618
4260 2910 2631
4261 4669 7618
4262 1097 7207
4263 5788 1404
4264 7656 3845
4265 2118 4039
4266 885 2347
4267 431 4665
4268 7826 3620
4269 788 2013
4270 262 5905
4271 1162 7036
4272 7769 4490
4273 857 5226
4274 7526 1575
4275 4766 3922
4276 3050 7820
4277 1983 7700
4278 590 4642
4279 1085 4514
4280 3714 3468
4281 4933 7031
4282 2459 6873
4283 3036 360
4284 4787 56
4285 3655 4969
4286 963 2417
4287 7979 6102
4288 6596 5016
4289 309 6447
4290 3894 7782
4291 7041 7278
4292 6705 3706
4293 7004 1127
4294 828 2955
4295 923 899
4296 7881 7496
4297 2559 3729
4298 6509 857
4299 1779 2397
4300 6040 661
4301 4657 3483
4302 4679 6668
4303 934 278
4304 457 2762
4305 1764 3793
4306 7641 7444
4307 4476 1795
4308 1136 6858
4309 489 3264
4310 6460 510
4311 4923 3330
4312 708 7049
4313 1483 4634
4314 1605 2621
4315 1554 1248
4316 1997 4994
4317 178 2449
4318 5508 6632
4319 7930 6498
4320 3444 339
4321 2770 1294
4322 1935 3976
4323 2185 827
4324 4119 5922
4325 3 5843
4326 4014 801
4327 655 3655
4328 5635 7672
4329 6209 6176
4330 2322 6984
4331 4754 1959
4332 4064 2273
4333 6647 5046
4334 6447 2387
4335 6765 7402
4336 1560 5563
4337 4811 7707
4338 5912 1644
4339 1088 5704
4340 7150 4545
4341 7725 7451
4342 681 5822
4343 4153 3181
4344 6232 7520
4345 6169 854
4346 5871 6947
4347 5363 1549
4348 4994 1371
4349 2651 2826
4350 6305 5869
4351 5217 487
4352 7717 6494
4353 1347 7966
4354 1592 5371
4355 7192 2461
4356 4873 7344
4357 2679 2450
4358 7508 3836
4359 210 1689
4360 6982 5602
4361 7124 275
4362 7580 5661
4363 5690 732
4364 2905 4
4365 520 6305
4366 217 6716
4367 795 7717
4368 2563 5077
4369 6111 6339
4370 2645 3980
4371 6186 4615
4372 7132 7093
4373 691 2801
4374 5350 208
4375 3181 4368
4376 2317 3981
4377 56 2704
4378 3873 5908
4379 539 4594
4380 1782 5648
4381 692 702
4382 604 1200
4383 4243 4790
4384 7081 2144
4385 3270 2365
4386 2254 6770
4387 4946 2104
4388 481 1391
4389 6127 6779
4390 1812 974
4391 4592 2238
4392 7418 7173
4393 3882 1924
4394 4073 7350
4395 4526 2133
4396 712 3606
4397 807 6113
4398 2842 3297
4399 491 2257
4400 4594 4468
4401 1252 2970
4402 5810 4030
4403 4079 1360
4404 4698 4476
4405 1776 7180
4406 2381 642
4407 217 4865
4408 6110 4734
4409 508 1132
4410 2209 7811
4411 5138 7309
4412 1676 4282
4413 7409 3721
4414 952 292
4415 6201 1056
4416 6412 6284
4417 6037 50
4418 6084 5354
4419 2268 7505
4420 4800 271
4421 3141 7257
4422 3048 4886
4423 7475 1953
4424 3016 923
4425 3014 1421
4426 2026 753
4427 1368 2413
4428 5953 7290
4429 2961 5282
4430 6221 3637
4431 4714 7184
4432 3895 3295
4433 2147 1734
4434 6914 7781
4435 2887 7050
4436 2321 1943
4437 4208 3551
4438 2460 2969
4439 3097 7976
4440 9 880
4441 6278 3611
4442 5381 7893
4443 2466 6962
4444 4290 5538
4445 5523 3114
4446 3880 3279
4447 7765 7698
4448 3274 7
4449 232 7256
4450 6165 2
4451 1441 3617
4452 6451 1487
4453 6377 7597
4454 466 322
4455 7395 3506
4456 7368 2483
4457 2809 6401
4458 3670 1618
4459 631 86
4460 5687 1160
4461 7097 488
4462 5603 4401
4463 437 3447
4464 4586 7791
4465 7578 3317
4466 5937 877
4467 7240 5509
4468 3714 5357
4469 7123 6081
4470 2299 5062
4471 4068 3912
4472 5230 3093
4473 3528 6068
4474 2689 859
4475 5263 811
4476 5464 5298
4477 774 3369
4478 6307 6320
4479 1584 1569
4480 4064 1842
4481 2735 6523
4482 449 3221
4483 7550 4549
4484 7052 6039
4485 5242 260
4486 405 999
4487 5078 5240
4488 2194 1995
4489 3485 2110
4490 4746 4968
4491 3293 4591
4492 2624 3592
4493 5306 1299
4494 4515 2998
4495 7704 4697
4496 4643 7633
4497 5434 2
4498 5779 5949
4499 1892 1209
4500 7655 7264
4501 1216 7748
4502 3342 644
4503 5373 2948
4504 2119 1344
4505 5380 3822
4506 5749 533
4507 7848 3344
4508 942 3484
4509 2393 1353
4510 1180 1078
4511 5066 1528
4512 2338 7997
4513 89 2887
4514 1068 1027
4515 7580 5044
4516 2644 5805
4517 6393 587
4518 7937 5752
4519 6097 1473
4520 5454 4322
4521 2150 5489
4522 4996 1135
4523 1263 7503
4524 4629 7840
4525 3143 6486
4526 2857 7855
4527 1106 1776
4528 5220 3303
4529 5126 4041
4530 27 442
4531 2457 2024
4532 1484 2778
4533 4761 741
4534 4784 7300
4535 6129 6370
4536 4674 137
4537 3898 1004
4538 6695 7885
4539 2474 5857
4540 4472 6435
4541 510 2634
4542 1708 6409
4543 186 4249
4544 1541 4070
4545 3325 472
4546 2967 5624
4547 6970 2825
4548 1508 6210
4549 421 3473
4550 2444 2547
4551 6078 7147
4552 3850 3908
4553 1002 7
4554 4978 3326
4555 1673 6243
4556 6091 7890
4557 2838 2867
4558 7411 5291
4559 4353 2715
4560 1718 1465
4561 6401 4904
4562 1889 7610
4563 954 5333
4564 7513 428
4565 4540 1153
4566 6107 7808
4567 5212 7486
4568 7941 5446
4569 1785 137
4570 3732 1945
4571 2873 947
4572 278 1406
4573 955 4195
4574 4267 5456
4575 3360 7344
4576 6719 4580
4577 2998 13
4578 6617 725
4579 7101 4719
4580 7728 3684
4581 5056 7009
4582 2962 6673
4583 5990 4074
4584 6896 6432
4585 4575 573
4586 769 2611
4587 6944 2346
4588 4092 4173
4589 6414 406
4590 3417 2060
4591 6239 1135
4592 6954 3800
4593 3948 3683
4594 6265 5408
4595 5903 5850
4596 4601 4922
4597 6412 4300
4598 1821 5437
4599 908 2554
4600 5800 1116
4601 6898 4629
4602 2275 3182
4603 7875 2614
4604 6572 3542
4605 5663 336
4606 6577 3403
4607 7588 923
4608 807 2274
4609 552 4914
4610 7641 7158
4611 984 7608
4612 5568 1726
4613 1482 940
4614 5078 24
4615 2344 618
4616 7487 3328
4617 155 6469
4618 2323 7506
4619 3719 7620
4620 1385 7034
4621 6624 4013
4622 173 3599
4623 2600 3756
4624 4965 7502
4625 6005 2009
4626 4300 2780
4627 7223 3650
4628 4703 7829
4629 7593 6573
4630 2079 1568
4631 6173 4510
4632 965 4777
4633 922 2440
4634 5727 1332
4635 4089 1230
4636 1381 4655
4637 2778 3356
4638 5174 2601
4639 92 7982
4640 7317 34
4641 6743 6824
4642 7674 6291
4643 6079 19
4644 5719 6679
4645 2287 1558
4646 593 2880
4647 658 1137
4648 7600 2314
4649 3678 5130
4650 4898 1198
4651 3449 3205
4652 6099 3321
4653 5161 3809
4654 3517 7955
4655 1683 4969
4656 6747 7618
4657 1529 693
4658 6374 1719
4659 3569 5108
4660 56 4181
4661 6323 6598
4662 4248 2021
4663 6821 1920
4664 4534 1639
4665 6031 7182
4666 3804 6920
4667 6102 574
4668 1133 6404
4669 7359 7088
4670 842 5994
4671 1850 2002
4672 5654 5051
4673 3573 877
4674 3150 2529
4675 2391 6876
4676 3966 4564
4677 3467 6490
4678 5741 4676
4679 7476 6785
4680 4889 2643
4681 7170 4283
4682 7120 572
4683 5804 2984
4684 4722 3006
4685 7511 5837
4686 479 3680
4687 6911 2270
4688 7967 4274
4689 7128 659
4690 7848 4849
4691 1015 4837
4692 2473 4541
4693 1052 3714
4694 1190 7560
4695 5319 4311
4696 5269 69
4697 6767 647
4698 6879 4576
4699 3090 6345
4700 5431 3776
4701 1635 2129
4702 1368 1530
4703 3140 3451
4704 5077 916
4705 680 5975
4706 6165 1860
4707 2360 5318
4708 6735 925
4709 6688 5676
4710 5235 6936
4711 5228 426
4712 7551 37
4713 916 874
4714 4319 810
4715 6342 268
4716 2033 3254
4717 7355 6004
4718 5744 6767
4719 4417 666
4720 2659 328
4721 3363 6753
4722 1841 7685
4723 7107 7902
4724 2536 2109
4725 3889 472
4726 3973 6333
4727 2130 380
4728 1188 261
4729 1259 5046
4730 1468 6170
4731 3974 2831
4732 7166 4114
4733 2242 5029
4734 2491 4913
4735 3406 7675
4736 6287 3001
4737 2968 7561
4738 3707 399
4739 6229 2561
4740 4652 306
4741 430 1707
4742 6818 4466
4743 7433 1936
4744 6671 203
4745 5912 6247
4746 4835 1548
4747 4360 5144
4748 170 5408
4749 1566 1439
4750 1740 7471
4751 5930 2545
4752 5720 6707
4753 4381 5247
4754 6183 2266
4755 1111 3988
4756 3445 5225
4757 4955 242
4758 682 3957
4759 4721 6398
4760 3774 1505
4761 6705 1094
4762 4573 3449
4763 3492 2951
4764 4247 2811
4765 5720 7307
4766 1322 189
4767 3251 524
4768 6094 1241
4769 3283 4149
4770 3754 2129
4771 2317 7820
4772 7290 2657
4773 6207 3501
4774 1255 2672
4775 3409 2398
4776 4231 5870
4777 3735 7344
4778 1365 5178
4779 5227 3769
4780 2488 5385
4781 693 6721
4782 588 3801
4783 5055 6149
4784 5232 171
4785 4445 298
4786 4559 5442
4787 3286 4976
4788 6604 6086
4789 5666 658
4790 2541 2712
4791 6540 6633
4792 4029 6209
4793 6180 804
4794 4167 4404
4795 2381 1436
4796 7878 438
4797 4451 537
4798 900 331
4799 6262 3830
4800 668 992
4801 7193 5751
4802 2598 2787
4803 3339 2625
4804 85 7431
4805 1390 2964
4806 4273 135
4807 7756 4242
4808 1094 2420
4809 3110 6394
4810 3607 2003
4811 5862 2894
4812 3461 85
4813 3192 7048
4814 6495 6642
4815 3429 5007
4816 909 2384
4817 4 5320
4818 1100 6751
4819 6649 7190
4820 1736 2268
4821 1424 1359
4822 6549 6602
4823 6560 2011
4824 1885 1313
4825 3808 6699
4826 1499 5756
4827 5061 4005
4828 3813 5610
4829 5084 6086
4830 1459 6678
4831 3907 6795
4832 7374 1544
4833 755 6963
4834 6672 5277
4835 4381 957
4836 6857 7153
4837 3055 904
4838 3013 7755
4839 3140 5659
4840 1409 6313
4841 3903 7319
4842 2045 3179
4843 4455 7036
4844 2749 5969
4845 4081 7510
4846 5573 2978
4847 2198 119
4848 2520 3427
4849 2320 2624
4850 2235 104
4851 4479 2610
4852 6967 5037
4853 6923 3026
4854 7940 3124
4855 6560 7062
4856 1712 874
4857 849 632
4858 4345 6525
4859 1709 7457
4860 7419 4036
4861 5007 4528
4862 6943 5318
4863 4130 3075
4864 7652 1279
4865 5833 1041
4866 2703 4120
4867 7570 4595
4868 609 2544
4869 4173 2703
4870 6065 5013
4871 5250 963
4872 6711 2851
4873 3046 663
4874 5580 2764
4875 7545 1264
4876 1348 2176
4877 3131 7256
4878 4469 5766
4879 2779 507
4880 137 1883
4881 4260 3236
4882 5173 3082
4883 6057 1475
4884 1489 3534
4885 7874 4987
4886 792 7324
4887 2827 3476
4888 1750 3089
4889 5642 6061
4890 1995 5862
4891 4587 7786
4892 6011 2101
4893 4929 7319
4894 245 6413
4895 7856 1773
4896 6629 6852
4897 2529 6523
4898 4889 3846
4899 4305 7358
4900 1736 1911
4901 209 5177
4902 5655 6734
4903 1040 5673
4904 1501 2285
4905 2619 4338
4906 29 6759
4907 4118 1713
4908 6202 1313
4909 2231 4676
4910 7502 1252
4911 6122 5139
4912 5899 4881
4913 6552 3135
4914 7489 7793
4915 3921 5153
4916 3146 5931
4917 4138 1476
4918 5592 7057
4919 4239 2423
4920 3916 4630
4921 7138 171
4922 1214 4688
4923 6006 6539
4924 6910 665
4925 3836 3465
4926 2857 7187
4927 3314 732
4928 1382 4023
4929 1386 1472
4930 822 3228
4931 2844 871
4932 3067 2558
4933 6094 5080
4934 5504 5069
4935 1010 6396
4936 4372 7990
4937 6592 7362
4938 2279 3756
4939 3707 3857
4940 5126 4327
4941 1157 2038
4942 5060 6536
4943 1598 5926
4944 7528 5662
4945 6800 7455
4946 1434 5584
4947 5423 6161
4948 2909 7404
4949 3055 2694
4950 6120 3008
4951 5264 622
4952 3562 5363
4953 114 6687
4954 1137 3265
4955 5987 5108
4956 4919 1684
4957 1687 3186
4958 3388 131
4959 5603 5598
4960 1728 1332
4961 1867 2538
4962 6770 554
4963 1645 932
4964 1426 6762
4965 3619 3373
4966 560 2329
4967 4412 988
4968 5621 5682
4969 6230 1172
4970 5240 6606
4971 6274 6206
4972 995 2233
4973 3779 5682
4974 869 7850
4975 1944 5540
4976 401 330
4977 944 294
4978 98 2319
4979 1843 5759
4980 153 3786
4981 7128 1824
4982 4378 3735
4983 5190 1044
4984 1453 135
4985 3385 7574
4986 5426 7356
4987 6411 4541
4988 3331 7001
4989 4551 4687
4990 1418 1889
4991 5118 4194
4992 409 6708
4993 6366 1575
4994 3609 1476
4995 2943 987
4996 7462 3589
4997 7068 249
4998 1096 1
4999 466 7769
5000 373 6515
5001 5222 6420
5002 555 1478
5003 2693 4585
5004 911 3660
5005 4180 7529
5006 4637 3141
5007 2352 254
5008 2871 4766
5009 3640 2701
5010 219 2826
5011 2469 5616
5012 3220 5478
5013 1543 216
5014 2622 634
5015 1349 5833
5016 6431 2103
5017 5990 2120
5018 4900 2605
5019 2387 773
5020 265 6547
5021 6439 2003
5022 6606 7292
5023 5755 2874
5024 1908 390
5025 6835 1956
5026 2236 5458
5027 581 551
5028 2642 3196
5029 2888 5006
5030 4717 4192
5031 2116 4880
5032 6015 6509
5033 150 1391
5034 6362 5799
5035 7529 6753
5036 3652 1013
5037 2820 2574
5038 7798 2835
5039 2224 3256
5040 2192 7296
5041 7665 7634
5042 3637 3749
5043 7412 7697
5044 7229 5565
5045 475 1439
5046 2679 4200
5047 3949 2962
5048 1805 2123
5049 447 5994
5050 2888 675
5051 7880 7937
5052 5999 1599
5053 4138 281
5054 4444 7660
5055 2854 7534
5056 3691 5272
5057 1776 2928
5058 1002 4971
5059 114 2601
5060 2348 722
5061 3141 914
5062 3502 2240
5063 1557 3625
5064 1241 4568
5065 1256 2177
5066 2668 42
5067 4304 3858
5068 814 877
5069 798 2065
5070 1675 6109
5071 5137 4492
5072 3899 3765
5073 4698 1203
5074 1600 1769
5075 317 7754
5076 2072 7592
5077 5906 605
5078 1866 7863
5079 5509 1167
5080 5111 7913
5081 6020 3545
5082 5544 1652
5083 3852 6035
5084 747 6558
5085 255 3238
5086 7460 4253
5087 4743 7085
5088 682 4764
5089 3893 1296
5090 7026 301
5091 5209 4052
5092 2923 7992
5093 7412 1296
5094 3730 4562
5095 2281 5506
5096 4956 1331
5097 7538 7453
5098 554 2509
5099 4313 6788
5100 4737 7957
5101 1205 6373
5102 6668 848
5103 2811 5871
5104 5032 5523
5105 2681 4524
5106 5399 5780
5107 4583 1485
5108 7814 2204
5109 4584 596
5110 2676 6891
5111 1658 4418
5112 5187 1984
5113 7927 7894
5114 5049 2810
5115 6839 5549
5116 5266 4905
5117 5018 1726
5118 2438 6855
5119 7462 4995
5120 5871 226
5121 7429 1687
5122 5539 7886
5123 6553 973
5124 3522 3177
5125 2236 4571
5126 6348 5192
5127 7023 706
5128 5392 3855
5129 6049 747
5130 3469 2426
5131 2965 2437
5132 4766 7918
5133 5332 5016
5134 1493 4122
5135 6666 4164
5136 5818 2287
5137 3804 3432
5138 2975 3700
5139 1553 4880
5140 7350 7937
5141 5787 4484
5142 6315 2960
5143 6937 3058
5144 7046 6165
5145 3245 1067
5146 5073 1998
5147 976 3901
5148 4205 3140
5149 5263 4128
5150 3092 3992
5151 4712 2805
5152 5451 1192
5153 7328 6784
5154 3230 5296
5155 6690 6188
5156 1258 6937
5157 1730 7215
5158 217 3267
5159 3685 4729
5160 3885 7890
5161 7146 4504
5162 1690 1843
5163 6801 4935
5164 6099 1462
5165 4109 1062
5166 7978 3757
5167 7224 5832
5168 1078 4718
5169 788 7397
5170 3091 5403
5171 1730 590
5172 2685 4240
5173 6397 3150
5174 5180 998
5175 2145 7917
5176 747 6923
5177 4482 292
5178 7533 5721
5179 4817 1125
5180 1967 475
5181 4752 1915
5182 5304 7253
5183 6024 6094
5184 4200 2908
5185 3940 3630
5186 4256 2450
5187 7374 1150
5188 726 6179
5189 6792 5949
5190 4199 147
5191 2557 5472
5192 6260 7047
5193 164 3410
5194 6609 5292
5195 640 7236
5196 6862 4940
5197 1769 2779
5198 6168 834
5199 2491 1950
5200 5172 5528
5201 3084 3990
5202 6642 7862
5203 720 7420
5204 104 800
5205 97 3645
5206 3077 4849
5207 1941 1925
5208 7666 5033
5209 4692 4993
5210 2471 6095
5211 6061 1353
5212 3526 5907
5213 6936 2727
5214 4390 7871
5215 4876 3414
5216 1323 3755
5217 4419 24
5218 2650 3731
5219 4794 73
5220 1227 4011
5221 483 4149
5222 2540 2385
5223 5041 1681
5224 5694 2129
5225 1907 5283
5226 4842 6842
5227 6145 1607
5228 6427 7167
5229 5973 3930
5230 3885 3626
5231 6086 4573
5232 2793 1821
5233 1712 562
5234 3083 5357
5235 3202 2341
5236 3126 2900
5237 2584 4317
5238 135 3521
5239 7462 3212
5240 3980 2173
5241 1524 6872
5242 5162 3984
5243 3125 4944
5244 5239 5983
5245 3861 2956
5246 5320 6386
5247 5260 3041
5248 6481 1875
5249 1988 7027
5250 5054 5826
5251 1838 4789
5252 2321 6328
5253 7877 6769
5254 4426 7143
5255 605 6492
5256 3923 6633
5257 2230 2530
5258 4577 2535
5259 3595 312
5260 5664 592
5261 3511 3288
5262 1915 7028
5263 1786 3221
5264 7618 2235
5265 4641 1028
5266 3999 6730
5267 63 2398
5268 4157 4787
5269 4027 5002
5270 7945 6210
5271 6698 3581
5272 5860 454
5273 6077 3243
5274 3791 681
5275 1633 580
5276 3101 3472
5277 1516 6904
5278 5657 719
5279 2881 1888
5280 50 930
5281 5152 7301
5282 1184 4763
5283 3779 2110
5284 6471 3593
5285 4444 1854
5286 7936 3204
5287 1156 2112
5288 7721 506
5289 1815 2991
5290 7181 3510
5291 3081 3141
5292 532 488
5293 3192 1299
5294 4916 2168
5295 7813 2641
5296 637 5694
5297 1507 7663
5298 2503 658
5299 3364 414
5300 3117 381
5301 3065 46
5302 5430 7875
5303 3170 7327
5304 414 1096
5305 7226 6702
5306 3531 7384
5307 2511 1436
5308 3257 7796
5309 5868 6043
5310 1846 542
5311 7314 2195
5312 6179 5267
5313 2846 2911
5314 6325 3066
5315 6342 2863
5316 2330 7410
5317 742 6849
5318 3583 5080
5319 288 2774
5320 2773 6865
5321 4231 5331
5322 3468 4006
5323 5961 301
5324 4716 4655
5325 1796 6784
5326 7887 1957
5327 230 5711
5328 4172 3459
5329 4102 4370
5330 2994 4262
5331 852 2077
5332 5914 516
5333 6438 4845
5334 3799 4276
5335 1029 2813
5336 2490 796
5337 4632 4178
5338 5947 5279
5339 5234 1436
5340 1481 4153
5341 6231 3199
5342 3193 5993
5343 6139 763
5344 5617 3534
5345 7954 831
5346 6846 6227
5347 4191 4071
5348 6900 7152
5349 4648 3289
5350 2452 3163
5351 1445 6589
5352 6560 1731
5353 3996 5283
5354 7753 4970
5355 1998 1354
5356 4665 3198
5357 5048 3530
5358 7067 6498
5359 5519 4159
5360 1166 2439
5361 5622 964
5362 5424 4827
5363 7336 6132
5364 5236 4542
5365 7018 2198
5366 1687 7025
5367 992 1265
5368 1355 793
5369 3640 6631
5370 7884 2562
5371 5045 452
5372 4194 2072
5373 3148 1684
5374 5827 1548
5375 3683 946
5376 3255 4574
5377 824 1115
5378 2968 3835
5379 3171 5296
5380 6599 4216
5381 6521 6985
5382 7073 5406
5383 7424 4977
5384 1057 485
5385 5141 7879
5386 4604 6653
5387 5429 6835
5388 697 7827
5389 353 1772
5390 7355 3841
5391 6839 5730
5392 7258 683
5393 2089 6756
5394 3810 914
5395 4598 1371
5396 2482 6182
5397 3959 3827
5398 2362 2732
5399 4266 1136
5400 6894 4779
5401 3081 2314
5402 3254 5756
5403 7837 6095
5404 7107 2741
5405 1411 1029
5406 3852 2359
5407 981 2202
5408 4435 6736
5409 7003 2445
5410 2014 2243
5411 4843 3262
5412 2831 5477
5413 4742 5234
5414 3861 1700
5415 1257 4380
5416 1538 2283
5417 5392 3117
5418 4846 2815
5419 4218 1759
5420 7080 5638
5421 6732 4531
5422 7705 4170
5423 3836 6663
5424 4091 7765
5425 1675 4362
5426 7304 961
5427 1683 5127
5428 6528 7536
5429 2902 1608
5430 1390 3199
5431 5335 7399
5432 3592 6121
5433 6221 1568
5434 3448 845
5435 2617 6972
5436 6987 339
5437 5207 6584
5438 3472 5700
5439 6963 491
5440 228 5547
5441 6318 1147
5442 7444 5520
5443 2392 4150
5444 969 5340
5445 1065 6089
5446 6219 2897
5447 5619 172
5448 3345 679
5449 4606 1403
5450 2444 5986
5451 3439 2163
5452 7192 7749
5453 3641 265
5454 7184 6420
5455 5597 6299
5456 2547 984
5457 3913 787
5458 3438 7052
5459 4931 4683
5460 2288 4187
5461 1650 7616
5462 298 1284
5463 13 1986
5464 2892 3484
5465 2690 999
5466 3352 357
5467 1170 7808
5468 2873 2810
5469 840 6396
5470 6938 2471
5471 299 5747
5472 6363 117
5473 6842 1425
5474 6474 123
5475 4647 3139
5476 3424 7208
5477 6532 3800
5478 6962 4775
5479 138 2580
5480 3939 3664
5481 3523 323
5482 3832 5230
5483 1966 7096
5484 2718 5637
5485 7090 2999
5486 4105 7859
5487 497 5801
5488 7889 4515
5489 7734 6027
5490 5745 5337
5491 4266 5683
5492 4329 2951
5493 1283 3180
5494 6046 4782
5495 7292 309
5496 7309 2979
5497 3114 5916
5498 6107 4237
5499 2532 113
5500 5937 197
5501 5656 3421
5502 6920 7415
5503 6337 2254
5504 3655 6021
5505 5136 3393
5506 1826 2448
5507 1834 4187
5508 2059 2820
5509 4329 6005
5510 864 696
5511 3012 5067
5512 2643 6434
5513 6675 2834
5514 4145 7816
5515 73 3886
5516 4671 65
5517 1090 7026
5518 6723 5549
5519 2600 911
5520 2492 5193
5521 7086 6220
5522 2507 6064
5523 7318 28
5524 4987 7966
5525 1804 3110
5526 4635 2870
5527 1605 1179
5528 2366 882
5529 2291 744
5530 6159 1370
5531 5033 5203
5532 569 7831
5533 1841 6543
5534 2189 6843
5535 6225 3761
5536 2434 4671
5537 138 5338
5538 2894 6286
5539 677 2411
5540 3369 511
5541 4115 3493
5542 7714 5658
5543 1530 5608
5544 4181 4942
5545 1422 2851
5546 1055 3923
5547 1397 1964
5548 5007 5969
5549 5120 7921
5550 5191 4908
5551 3260 1558
5552 3670 3222
5553 3595 5013
5554 2349 1281
5555 6326 5980
5556 4618 5022
5557 1189 7482
5558 3633 3071
5559 4195 4414
5560 2521 1317
5561 3297 7636
5562 7086 669
5563 6576 528
5564 6132 2466
5565 5897 1433
5566 7340 7618
5567 5351 234
5568 4401 97
5569 2488 4512
5570 6536 1812
5571 3771 1294
5572 130 7115
5573 1102 5043
5574 5456 3169
5575 6595 7954
5576 6551 3693
5577 1999 244
5578 2420 5218
5579 5559 7374
5580 6016 5907
5581 3833 6547
5582 3161 7286
5583 1905 3891
5584 4334 425
5585 6696 7111
5586 3759 3150
5587 7190 5093
5588 5674 1783
5589 1123 1964
5590 7582 3485
5591 3927 1773
5592 7332 7792
5593 3935 7450
5594 7972 5330
5595 815 1527
5596 7220 5270
5597 550 2549
5598 6229 4429
5599 1068 7308
5600 6686 2075
5601 6002 4336
5602 7663 5914
5603 5760 1540
5604 4820 3171
5605 3765 4565
5606 3603 2882
5607 2129 4352
5608 6767 28
5609 2747 6757
5610 4022 5529
5611 5403 2116
5612 396 4017
5613 813 7510
5614 3925 6984
5615 1345 2524
5616 933 6164
5617 1491 6669
5618 5339 1484
5619 2880 1544
5620 681 1738
5621 1344 3796
5622 3700 7383
5623 955 7073
5624 3006 2151
5625 908 1931
5626 2011 1690
5627 3986 412
5628 7519 2928
5629 11 3115
5630 5293 6138
5631 6347 1195
5632 4874 5621
5633 2863 5913
5634 2120 7555
5635 2258 4717
5636 2690 0
5637 6643 1330
5638 4084 1435
5639 5841 4147
5640 7152 3419
5641 3348 3901
5642 1089 3437
5643 5929 4168
5644 5582 341
5645 2690 619
5646 4754 16
5647 4899 3561
5648 756 4609
5649 1077 1443
5650 7700 3856
5651 1331 2064
5652 5023 5888
5653 5901 4846
5654 3261 7189
5655 5119 6778
5656 1562 7129
5657 938 5159
5658 149 2638
5659 4103 1680
5660 7640 7363
5661 7263 1505
5662 1889 353
5663 1669 3999
5664 1477 7820
5665 14 4363
5666 145 128
5667 6696 6161
5668 1780 3388
5669 3377 5920
5670 4434 5313
5671 2136 1615
5672 5625 6987
5673 2937 607
5674 1482 3522
5675 7262 219
5676 7724 228
5677 6313 732
5678 3070 1083
5679 5787 4373
5680 2357 1323
5681 3776 4092
5682 1833 408
5683 6912 2040
5684 2273 4585
5685 2695 5942
5686 432 3957
5687 6942 6431
5688 3187 4612
5689 7400 5464
5690 7726 3027
5691 3657 683
5692 184 3804
5693 3585 4726
5694 1914 2410
5695 2975 507
5696 7658 938
5697 2341 5933
5698 1741 6842
5699 7102 209
5700 7552 2522
5701 5269 1416
5702 4612 3899
5703 414 2945
5704 6972 1823
5705 271 6224
5706 6054 7045
5707 7655 4627
5708 281 2779
5709 1604 3502
5710 521 5621
5711 3987 5291
5712 6776 7450
5713 1164 3084
5714 6847 7598
5715 457 4965
5716 2856 1251
5717 1373 5141
5718 5512 6806
5719 1190 1490
5720 6770 5078
5721 4244 4
5722 4464 4667
5723 2533 1887
5724 7985 5052
5725 3168 3917
5726 1409 7777
5727 5680 7507
5728 1555 6212
5729 5892 1834
5730 3915 6183
5731 3537 6281
5732 4673 7909
5733 5502 18
5734 2834 1735
5735 5738 4394
5736 4843 2363
5737 7377 1314
5738 2441 1026
5739 3659 4511
5740 6466 7951
5741 2944 3812
5742 5195 4087
5743 2194 2201
5744 1729 7829
5745 7365 1987
5746 687 1369
5747 1644 4009
5748 160 1610
5749 2261 6972
5750 1574 4044
5751 2833 3442
5752 3994 7012
5753 6934 2083
5754 2605 7043
5755 6328 7705
5756 6376 1630
5757 816 5586
5758 144 7509
5759 6160 215
5760 1697 972
5761 2525 5694
5762 5285 2730
5763 2471 2879
5764 5158 3779
5765 4118 1795
5766 3056 1275
5767 5285 5120
5768 7262 2836
5769 814 2499
5770 1026 1301
5771 1873 7934
5772 2196 6110
5773 1188 323
5774 6317 5983
5775 6697 7570
5776 1596 1339
5777 4720 7221
5778 3028 2807
5779 2725 7868
5780 2329 3715
5781 3132 1911
5782 2858 1404
5783 3687 3071
5784 754 7135
5785 5102 2995
5786 3729 4025
5787 5002 7138
5788 448 7464
5789 160 2
5790 2660 4783
5791 282 4228
5792 6719 903
5793 6575 5271
5794 900 6277
5795 1163 5968
5796 3954 6693
5797 5643 4279
5798 628 3878
5799 579 680
5800 998 278
5801 1917 6940
5802 1630 2358
5803 1192 6488
5804 5334 681
5805 2623 3414
5806 6521 724
5807 2342 3226
5808 5892 5793
5809 6751 2717
5810 7975 160
5811 6634 1150
5812 6865 7964
5813 5546 486
5814 5651 3547
5815 7891 501
5816 2903 3598
5817 238 6805
5818 6739 1585
5819 910 4546
5820 2022 7502
5821 6861 5194
5822 5744 7091
5823 6039 4202
5824 7373 5176
5825 4199 924
5826 4674 4963
5827 7293 1572
5828 7535 4137
5829 3318 7558
5830 3912 5563
5831 5552 2533
5832 7313 1555
5833 5243 3167
5834 7863 158
5835 4001 2901
5836 2532 909
5837 6311 5655
5838 1369 6131
5839 1185 7551
5840 5822 3250
5841 5716 332
5842 7526 2805
5843 109 7532
5844 3971 7095
5845 1522 4436
5846 3152 5465
5847 6145 7522
5848 112 4863
5849 4254 5928
5850 1574 3283
5851 2469 7413
5852 220 7303
5853 3844 2969
5854 995 6271
5855 3690 3053
5856 6637 7045
5857 4671 5785
5858 4075 4618
5859 2032 3560
5860 6824 4013
5861 5907 7936
5862 146 1660
5863 6877 1448
5864 3091 213
5865 4712 707
5866 2438 3539
5867 5194 3187
5868 2995 1305
5869 7902 4785
5870 4141 5807
5871 330 5182
5872 3111 307
5873 6062 7386
5874 5872 2050
5875 4888 7026
5876 5447 517
5877 2483 3953
5878 3797 885
5879 1646 2751
5880 3464 3995
5881 543 4573
5882 1806 4434
5883 7633 1852
5884 3346 6069
5885 1140 1183
5886 7492 6472
5887 3698 1762
5888 7725 5178
5889 3184 2580
5890 5521 2028
5891 5963 7235
5892 540 6277
5893 1818 519
5894 5750 3955
5895 55 3427
5896 597 1295
5897 3087 4496
5898 4793 1221
5899 436 7411
5900 1190 449
5901 5568 7726
5902 7901 6657
5903 3245 177
5904 712 1381
5905 1562 7063
5906 866 2857
5907 6556 2126
5908 6299 5171
5909 5386 3575
5910 6595 829
5911 5473 7754
5912 747 7490
5913 7085 6132
5914 4552 2170
5915 5350 4025
5916 7737 529
5917 1988 2373
5918 264 2122
5919 5658 3734
5920 2227 5615
5921 4112 3377
5922 929 5986
5923 727 1629
5924 3960 3023
5925 4713 5593
5926 2333 3682
5927 3614 1185
5928 1402 6110
5929 461 6415
5930 3755 3858
5931 4684 477
5932 1734 4672
5933 2381 6618
5934 7261 2335
5935 6005 2853
5936 5660 6015
5937 5765 1268
5938 1384 2743
5939 2045 2599
5940 7211 6128
5941 4368 6426
5942 3177 78
5943 3515 1857
5944 3089 5515
5945 146 5879
5946 7090 1242
5947 2308 894
5948 6643 6000
5949 797 7219
5950 2884 7614
5951 4479 4461
5952 1508 158
5953 3127 1966
5954 2700 4219
5955 5623 1051
5956 6517 6480
5957 865 3256
5958 5414 6746
5959 7980 4352
5960 6506 6858
5961 2847 5792
5962 1670 3536
5963 3451 2835
5964 6968 4179
5965 3868 1461
5966 4520 4091
5967 4015 7005
5968 2863 2288
5969 7576 2429
5970 230 735
5971 4307 1553
5972 2396 2804
5973 3834 1611
5974 3824 6731
5975 3336 3530
5976 1273 5267
5977 4603 5202
5978 7674 4581
5979 56 4319
5980 4828 3002
5981 1333 1145
5982 2201 2505
5983 470 5321
5984 5435 3703
5985 3243 4787
5986 6083 1393
5987 6184 3413
5988 7415 3208
5989 6514 2137
5990 5507 4980
5991 7883 470
5992 5183 470
5993 1313 1724
5994 6936 4017
5995 3381 6074
5996 282 2344
5997 4962 5515
5998 3114 5141
5999 5536 7231
6000 6056 3750
6001 1036 5557
6002 1788 328
6003 6151 4005
6004 7897 4745
6005 7203 5078
6006 1636 3226
6007 3113 458
6008 5531 3363
6009 4583 4736
6010 5477 3389
6011 1200 2816
6012 7705 2093
6013 1006 2109
6014 3147 5294
6015 5343 2567
6016 7391 3267
6017 7016 6284
6018 3264 5163
6019 7808 285
6020 6777 6965
6021 7366 1132
6022 2738 5143
6023 303 7320
6024 23 3985
6025 5698 438
6026 1876 1618
6027 252 4886
6028 6244 1154
6029 4942 7285
6030 1810 7943
6031 7550 642
6032 5394 4950
6033 958 7609
6034 4689 4467
6035 4490 4405
6036 3028 5563
6037 7711 6742
6038 3428 5460
6039 4956 6057
6040 6178 408
6041 3563 1254
6042 7487 1009
6043 3224 7427
6044 3518 3544
6045 3615 4941
6046 844 7039
6047 5541 2587
6048 5918 2191
6049 576 2379
6050 1252 3426
6051 5820 2174
6052 90 3861
6053 2452 2899
6054 7369 2398
6055 6608 3779
6056 5153 4424
6057 2523 6698
6058 7068 5757
6059 142 2418
6060 6198 2824
6061 189 7776
6062 5108 2146
6063 327 7051
6064 143 212
6065 6185 2790
6066 3179 3674
6067 5330 7938
6068 4329 6004
6069 5822 1380
6070 1078 5303
6071 6573 2940
6072 6004 4483
6073 5396 3719
6074 2186 28
6075 2324 4929
6076 1104 3523
6077 125 416
6078 7405 3521
6079 3219 7318
6080 5165 2675
6081 382 6519
6082 3844 2777
6083 6619 1745
6084 3500 6156
6085 7928 6578
6086 3315 7641
6087 3365 6665
6088 7426 4294
6089 6041 6034
6090 5560 5458
6091 3514 1086
6092 1678 2668
6093 7564 7653
6094 45 2066
6095 5545 7915
6096 2111 1668
6097 1900 4894
6098 6576 3744
6099 3321 7678
6100 1545 245
6101 3010 4133
6102 2415 3246
6103 5857 5190
6104 7220 6038
6105 4074 7515
6106 2906 1654
6107 5622 4026
6108 4672 6224
6109 4267 5180
6110 5143 6140
6111 3177 7846
6112 6972 1332
6113 4608 7900
6114 5744 2168
6115 7714 2370
6116 3577 7298
6117 1713 2546
6118 3564 3301
6119 4705 4286
6120 4954 3791
6121 1643 4497
6122 4691 1048
6123 6717 7459
6124 1632 3919
6125 3337 5505
6126 4013 6271
6127 2134 1314
6128 1444 4159
6129 7715 930
6130 2804 118
6131 1065 4901
6132 1801 4970
6133 5570 4011
6134 437 4646
6135 3589 2617
6136 2368 4990
6137 4615 3084
6138 5149 1562
6139 1570 7911
6140 6187 919
6141 7073 7175
6142 2256 4474
6143 2504 1041
6144 5561 2471
6145 1331 4725
6146 5694 5178
6147 5581 5866
6148 919 857
6149 4137 3027
6150 2890 6443
6151 3740 1478
6152 2799 6380
6153 3036 4434
6154 1601 7022
6155 758 6874
6156 3247 1630
6157 7931 4310
6158 5653 295
6159 4490 6572
6160 6594 7335
6161 562 665
6162 7866 6763
6163 3645 3322
6164 6941 7603
6165 3882 6553
6166 1736 1922
6167 7871 2760
6168 1416 2884
6169 3036 129
6170 7242 5377
6171 6331 1062
6172 7640 4803
6173 2444 5559
6174 2593 2304
6175 8000 2417
6176 1737 2508
6177 2707 5687
6178 2216 4856
6179 928 4895
6180 1684 3646
6181 2730 4832
6182 1651 1090
6183 1923 7714
6184 3812 986
6185 7190 6200
6186 4050 2976
6187 7265 5889
6188 5801 5739
6189 7271 4121
6190 3800 4850
6191 7622 7154
6192 7035 3520
6193 4449 6090
6194 772 3810
6195 174 1204
6196 6388 241
6197 4885 537
6198 3231 6579
6199 1284 2898
6200 2615 7585
6201 6178 2534
6202 1892 6101
6203 5849 621
6204 1267 7680
6205 2806 4896
6206 5153 840
6207 5787 2947
6208 722 2697
6209 1216 7981
6210 6329 4543
6211 7910 5166
6212 7839 3066
6213 975 3120
6214 1332 1056
6215 2511 4666
6216 1212 6031
6217 3547 325
6218 1402 6742
6219 2933 2043
6220 799 2056
6221 6282 284
6222 3636 6097
6223 6539 3871
6224 6068 2634
6225 1469 7556
6226 4405 98
6227 4724 1555
6228 6072 1800
6229 539 3310
6230 639 4513
6231 2318 4089
6232 4668 2670
6233 5875 4835
6234 5661 251
6235 6579 2024
6236 493 1483
6237 6055 5465
6238 7446 1621
6239 826 1403
6240 6349 2388
6241 1408 3457
6242 3944 6914
6243 5352 4799
6244 1483 7070
6245 7699 2342
6246 2448 7810
6247 7124 4714
6248 6203 7780
6249 1787 2913
6250 2907 6234
6251 524 3
6252 1935 5518
6253 4657 4765
6254 6107 590
6255 506 3929
6256 5758 1386
6257 2769 7383
6258 6662 4310
6259 6688 4609
6260 4682 6228
6261 5050 7588
6262 3303 2170
6263 7247 153
6264 4519 4346
6265 3043 3128
6266 257 6297
6267 532 580
6268 2179 998
6269 5031 1340
6270 6469 5576
6271 223 3783
6272 3876 7305
6273 3799 869
6274 4889 1095
6275 7372 6202
6276 2274 7519
6277 5579 3462
6278 6661 7933
6279 1399 2653
6280 4288 2004
6281 544 5148
6282 3745 1332
6283 1604 6934
6284 579 4748
6285 315 1300
6286 7302 5758
6287 5457 3379
6288 470 652
6289 232 6049
6290 3459 6512
6291 4192 6675
6292 3464 801
6293 37 5718
6294 521 5733
6295 4270 5394
6296 5926 1581
6297 2943 6990
6298 6104 3597
6299 1953 4711
6300 3539 7542
6301 2918 3318
6302 2675 3239
6303 6761 3938
6304 1971 6139
6305 1594 935
6306 4300 4519
6307 5716 334
6308 5433 3015
6309 7992 2494
6310 6184 3611
6311 2978 7592
6312 7207 511
6313 7383 6841
6314 2280 1584
6315 3996 4101
6316 2162 958
6317 5991 6100
6318 4110 455
6319 4214 1655
6320 293 2517
6321 3852 6526
6322 3952 6035
6323 5114 5300
6324 3479 5138
6325 6511 7648
6326 4344 1953
6327 6517 2213
6328 3080 3461
6329 3585 764
6330 7527 5090
6331 4031 6310
6332 2051 7296
6333 4747 2213
6334 3616 3059
6335 7791 5949
6336 1040 2976
6337 2052 7302
6338 6982 7457
6339 381 214
6340 2282 4189
6341 5024 7042
6342 4042 527
6343 6006 2052
6344 7934 2428
6345 7087 7458
6346 4953 4484
6347 6503 7885
6348 306 4667
6349 393 4427
6350 3825 4038
6351 4991 2014
6352 624 3910
6353 7209 4663
6354 5652 1395
6355 4724 2671
6356 7572 4499
6357 4000 1832
6358 7475 805
6359 2997 6277
6360 2658 2906
6361 3217 7515
6362 7834 2680
6363 988 1421
6364 7150 1758
6365 1355 4169
6366 2801 7670
6367 79 7102
6368 6775 681
6369 7767 5230
6370 7291 1356
6371 3234 1851
6372 2625 1397
6373 1512 2490
6374 5393 7576
6375 3671 7150
6376 4536 3945
6377 3047 7481
6378 2679 395
6379 2467 1757
6380 6388 4411
6381 3650 2214
6382 843 7794
6383 6132 7862
6384 3633 3056
6385 2248 6080
6386 789 4885
6387 3333 5531
6388 1570 7403
6389 6146 3040
6390 6341 3019
6391 7147 3974
6392 3344 2277
6393 1599 868
6394 3174 5906
6395 7018 5882
6396 1555 4828
6397 2 3726
6398 305 7676
6399 7789 7604
6400 7323 1707
6401 3653 1608
6402 6824 1253
6403 621 3809
6404 7703 1839
6405 7019 6175
6406 1989 5373
6407 1473 462
6408 6494 4019
6409 363 7785
6410 3379 7850
6411 590 5118
6412 4008 4485
6413 3859 5615
6414 134 830
6415 1554 3797
6416 6659 4489
6417 6640 962
6418 387 6889
6419 2842 2818
6420 3048 5960
6421 7965 2301
6422 4318 6541
6423 2767 2012
6424 5778 6137
6425 1998 3572
6426 759 2932
6427 785 6923
6428 2545 3037
6429 1661 2480
6430 5488 4787
6431 7838 7582
6432 6103 2864
6433 5931 2031
6434 1970 1427
6435 2899 4938
6436 2183 6644
6437 3855 7721
6438 1801 4506
6439 3308 4239
6440 8000 3239
6441 2387 1842
6442 3080 5081
6443 2374 2693
6444 7974 2878
6445 6954 2905
6446 4760 5073
6447 506 355
6448 5859 4785
6449 3651 6988
6450 3464 4169
6451 587 3954
6452 2986 3775
6453 7134 862
6454 3105 3038
6455 2999 7096
6456 2853 5657
6457 3357 4554
6458 1268 7789
6459 4489 4135
6460 5916 3163
6461 6083 5583
6462 7040 2415
6463 4648 5094
6464 2229 7199
6465 306 685
6466 3680 7497
6467 6931 1419
6468 2373 7293
6469 7175 4424
6470 5119 7758
6471 7994 7463
6472 6304 3835
6473 4509 1741
6474 4562 4619
6475 2201 798
6476 7612 6454
6477 64 7924
6478 2575 6565
6479 4217 4322
6480 1354 2903
6481 2713 2474
6482 4476 4166
6483 2605 4968
6484 2234 2481
6485 5312 5562
6486 7321 5831
6487 6084 1996
6488 7838 312
6489 2129 2552
6490 1225 7240
6491 7937 1543
6492 6514 1600
6493 5729 765
6494 6649 5087
6495 4445 2394
6496 2108 6107
6497 3397 4896
6498 4313 2772
6499 4126 1926
6500 3570 1278
6501 6365 6105
6502 3932 5729
6503 3466 3282
6504 238 1960
6505 3886 4679
6506 1203 3146
6507 2025 6604
6508 6110 17
6509 4205 7578
6510 7548 7035
6511 4967 3558
6512 3683 2614
6513 4914 3235
6514 7863 3703
6515 499 6995
6516 7057 6251
6517 5932 6780
6518 3933 5299
6519 7030 5271
6520 2170 2472
6521 6965 2639
6522 7171 4424
6523 2270 1246
6524 7502 1682
6525 157 4764
6526 289 5290
6527 1748 5995
6528 4697 1558
6529 351 3392
6530 7785 6717
6531 7343 2097
6532 3582 7162
6533 5780 5360
6534 2240 3451
6535 977 5610
6536 3349 5800
6537 7567 1475
6538 5620 1730
6539 6888 7782
6540 4674 1687
6541 1156 2572
6542 3993 1435
6543 1662 1564
6544 6616 3043
6545 908 3311
6546 1117 5855
6547 2587 1158
6548 7904 5640
6549 4254 7845
6550 1839 5948
6551 5269 7452
6552 5863 1455
6553 2981 2737
6554 3736 5999
6555 3660 2646
6556 807 4103
6557 1510 4947
6558 5254 5259
6559 1948 2072
6560 2383 3237
6561 7139 7213
6562 7068 2138
6563 2731 4070
6564 7972 7715
6565 7597 6265
6566 6865 1399
6567 6225 5280
6568 2278 5477
6569 4917 2487
6570 3813 2298
6571 783 6454
6572 4246 5856
6573 141 3886
6574 175 7347
6575 4680 2840
6576 6983 6204
6577 5003 4853
6578 6599 5529
6579 6889 2430
6580 917 3559
6581 7974 1195
6582 7110 5450
6583 853 2254
6584 6127 6248
6585 6106 5037
6586 3732 2308
6587 292 3927
6588 6942 4423
6589 7579 192
6590 1576 7627
6591 3222 444
6592 814 4981
6593 5947 7574
6594 208 5833
6595 6740 6948
6596 7221 2556
6597 360 4563
6598 4406 7866
6599 2652 1290
6600 989 2127
6601 2044 7845
6602 3653 2485
6603 2191 21
6604 5654 3530
6605 6284 4324
6606 7149 6803
6607 6748 730
6608 3950 324
6609 5391 7990
6610 25 7240
6611 7945 5736
6612 7997 5783
6613 1378 5367
6614 7131 4762
6615 5158 1659
6616 454 4237
6617 4255 5080
6618 63 4610
6619 6211 7790
6620 7737 7781
6621 2716 2548
6622 5742 7879
6623 4353 2739
6624 2094 7218
6625 3210 3693
6626 639 7648
6627 3137 5577
6628 1761 7140
6629 1849 4631
6630 5359 6535
6631 4612 4437
6632 3447 1675
6633 7361 4690
6634 2060 6319
6635 1728 5100
6636 4064 3427
6637 5792 7241
6638 3014 409
6639 4098 7148
6640 7927 7650
6641 2326 4354
6642 7075 7339
6643 6976 2542
6644 6602 1080
6645 6681 5384
6646 338 4858
6647 6428 813
6648 4685 6212
6649 2396 7125
6650 1414 4848
6651 6140 2652
6652 73 4893
6653 7749 3577
6654 1003 5811
6655 7483 7297
6656 7948 6520
6657 1620 4419
6658 7078 4181
6659 2294 7412
6660 5858 2353
6661 6956 5260
6662 3110 1600
6663 3416 3426
6664 6629 5495
6665 7883 4943
6666 6275 4804
6667 5838 2298
6668 6112 7389
6669 584 6188
6670 2754 1126
6671 2699 2365
6672 5067 6264
6673 1349 2599
6674 166 5290
6675 824 1208
6676 5795 7118
6677 145 2290
6678 194 7771
6679 6222 7207
6680 6347 1250
6681 1287 3299
6682 2490 2759
6683 575 6934
6684 554 3570
6685 3254 6050
6686 6659 189
6687 1695 6087
6688 4673 131
6689 3787 3227
6690 728 6846
6691 6274 6627
6692 465 5540
6693 58 6574
6694 6417 5582
6695 2100 1222
6696 3095 2791
6697 1383 5744
6698 6795 5662
6699 3630 5927
6700 5038 4147
6701 6866 5873
6702 3548 4069
6703 3130 3112
6704 7437 7835
6705 380 5219
6706 1903 2724
6707 4570 3719
6708 2961 7985
6709 4189 3175
6710 984 4738
6711 3751 2682
6712 2330 5646
6713 1952 2691
6714 630 579
6715 2539 2178
6716 361 721
6717 1112 5593
6718 2373 7003
6719 4770 2716
6720 3496 6096
6721 954 3121
6722 763 2347
6723 1620 820
6724 4198 3940
6725 5993 2911
6726 1387 3755
6727 6170 7928
6728 4886 5924
6729 6633 3530
6730 4171 842
6731 3581 6851
6732 2087 3944
6733 4906 5148
6734 2471 214
6735 1749 1527
6736 1444 6537
6737 4106 1798
6738 4749 2960
6739 3869 6408
6740 795 7774
6741 3882 6200
6742 5171 4508
6743 4772 6304
6744 3642 4569
6745 2303 2398
6746 2812 239
6747 6436 6297
6748 5404 373
6749 2579 4427
6750 2740 5056
6751 6509 4922
6752 7559 4394
6753 5792 5688
6754 5181 4391
6755 4269 5606
6756 2716 7880
6757 2055 6704
6758 6588 5252
6759 1337 2795
6760 1538 6451
6761 5627 3507
6762 2902 5394
6763 5221 207
6764 5167 393
6765 529 4111
6766 6806 1100
6767 4281 3769
6768 532 4166
6769 2112 741
6770 1820 1391
6771 4381 114
6772 1491 4818
6773 7620 5856
6774 5979 4954
6775 4602 1423
6776 5518 7276
6777 4079 3511
6778 1269 3934
6779 257 605
6780 7287 1550
6781 4403 6643
6782 3729 6701
6783 1033 1163
6784 2192 5156
6785 4986 5548
6786 6017 2895
6787 5503 6938
6788 1384 3489
6789 2484 1155
6790 2873 4450
6791 4302 314
6792 660 7857
6793 1079 6487
6794 3367 6736
6795 786 1643
6796 7053 1161
6797 6719 2681
6798 2397 2452
6799 3696 7591
6800 3011 265
6801 2167 1127
6802 805 4780
6803 3084 1668
6804 7625 7560
6805 2265 6870
6806 7576 977
6807 2035 6212
6808 590 3771
6809 5555 2047
6810 1554 4407
6811 1780 7044
6812 4110 3583
6813 624 79
6814 6398 1741
6815 3338 153
6816 1822 3948
6817 5513 7862
6818 6215 214
6819 2160 5729
6820 3423 470
6821 1846 6940
6822 4809 7933
6823 6434 7907
6824 4346 3864
6825 5533 7467
6826 7433 3389
6827 2766 360
6828 1004 589
6829 3194 5842
6830 3761 2952
6831 6817 6545
6832 1886 7732
6833 2144 144
6834 521 4580
6835 7482 5104
6836 6418 5830
6837 5395 4846
6838 1285 24
6839 1825 1417
6840 6748 5631
6841 3014 5340
6842 4146 2268
6843 3451 6530
6844 5596 1823
6845 3370 89
6846 5539 3982
6847 3024 313
6848 4800 1962
6849 1317 7718
6850 7145 6124
6851 4296 4187
6852 3370 2610
6853 2185 198
6854 5947 2928
6855 4614 3518
6856 6344 7560
6857 7704 1656
6858 53 7090
6859 1172 5031
6860 4984 4927
6861 4380 2855
6862 2696 2255
6863 874 2176
6864 4622 4812
6865 6542 2018
6866 1752 7372
6867 4911 225
6868 7584 5115
6869 6540 5080
6870 2780 7646
6871 6484 747
6872 2427 1047
6873 7520 6332
6874 294 6648
6875 6233 2799
6876 7518 7474
6877 5208 1858
6878 2115 3054
6879 5090 6232
6880 5695 6130
6881 5728 6368
6882 1494 7354
6883 6749 7417
6884 2271 446
6885 6385 700
6886 2567 1241
6887 1195 1067
6888 3104 6852
6889 1139 63
6890 5963 4117
6891 1685 1156
6892 657 2521
6893 1179 7846
6894 5937 4359
6895 5992 4476
6896 6644 2306
6897 3124 7199
6898 4900 2687
6899 3628 2673
6900 6362 5787
6901 3209 4300
6902 6044 2537
6903 2158 471
6904 5103 5793
6905 7468 1283
6906 4898 4307
6907 2612 2971
6908 124 2261
6909 1136 6197
6910 7371 934
6911 3100 1257
6912 1875 5321
6913 556 1443
6914 4685 5438
6915 5995 3630
6916 169 5335
6917 4392 300
6918 1170 5003
6919 5023 1715
6920 3204 1264
6921 6135 3623
6922 6619 6514
6923 3178 2594
6924 6997 7302
6925 2537 60
6926 7483 7708
6927 6150 348
6928 6592 3431
6929 1725 744
6930 208 7538
6931 3407 1455
6932 5691 1660
6933 6653 4930
6934 5294 3505
6935 5813 1181
6936 2589 5237
6937 4360 5087
6938 5967 4106
6939 7907 850
6940 6780 6068
6941 2 5092
6942 7508 1991
6943 1528 6073
6944 775 5421
6945 7953 3470
6946 5267 2594
6947 6250 5490
6948 5363 174
6949 5131 2875
6950 1933 7776
6951 4839 6171
6952 6590 588
6953 3694 3374
6954 940 1250
6955 4786 7772
6956 3209 5544
6957 1898 3968
6958 7429 7224
6959 6194 7148
6960 1151 4060
6961 3858 1420
6962 441 1396
6963 1926 3197
6964 142 5565
6965 4010 1171
6966 1637 4362
6967 3785 7286
6968 927 1485
6969 3222 5550
6970 1457 5479
6971 3166 698
6972 560 7781
6973 587 5430
6974 1908 4706
6975 7702 5809
6976 3874 3352
6977 6760 4952
6978 3036 7950
6979 2339 7142
6980 3099 1087
6981 3531 127
6982 4674 330
6983 6215 6468
6984 1305 111
6985 1455 2947
6986 1363 1203
6987 5650 1208
6988 648 6083
6989 2314 6890
6990 5519 854
6991 1322 3975
6992 3896 501
6993 3433 6556
6994 509 4512
6995 4786 6560
6996 6810 2810
6997 952 7369
6998 282 2667
6999 7841 3583
7000 4493 5921
7001 2319 7271
7002 5596 7469
7003 2902 6281
7004 331 7517
7005 5416 476
7006 4972 6503
7007 1461 1306
7008 380 4718
7009 3654 5511
7010 2798 3967
7011 4964 4070
7012 6158 7019
7013 5605 471
7014 6440 5992
7015 1818 4753
7016 4572 4125
7017 6652 2485
7018 6421 2221
7019 1312 2839
7020 3015 5513
7021 2503 3127
7022 5169 5952
7023 1444 1227
7024 362 6647
7025 1359 4943
7026 4066 6480
7027 4568 1323
7028 6077 6512
7029 699 5229
7030 5774 3593
7031 5041 6441
7032 5402 60
7033 1357 2789
7034 789 6635
7035 5077 7200
7036 1793 3234
7037 7083 2294
7038 1103 167
7039 3522 724
7040 1412 2215
7041 7766 5498
7042 4204 1644
7043 7665 1549
7044 4673 5415
7045 5888 5831
7046 593 3889
7047 1894 7813
7048 4199 592
7049 7842 4647
7050 7448 7823
7051 5540 5769
7052 6942 4482
7053 1406 2272
7054 5911 6984
7055 5153 6461
7056 3230 486
7057 265 5990
7058 895 6052
7059 3128 5008
7060 6510 697
7061 7957 7406
7062 950 2396
7063 4637 601
7064 2438 951
7065 1884 2917
7066 5182 4403
7067 7119 4388
7068 7579 7953
7069 4667 3935
7070 2422 183
7071 2832 2922
7072 1165 5150
7073 2331 7725
7074 6222 935
7075 5147 3329
7076 3394 4985
7077 4992 2439
7078 4461 477
7079 4478 6702
7080 2138 4120
7081 1304 5651
7082 2882 1531
7083 5227 7706
7084 7927 1581
7085 442 3714
7086 3238 2163
7087 1414 516
7088 3304 109
7089 3722 2360
7090 427 5874
7091 4540 3429
7092 5439 495
7093 728 2123
7094 2458 6330
7095 3779 6290
7096 2700 5739
7097 1752 7410
7098 7716 6343
7099 7500 1376
7100 3506 4957
7101 273 4485
7102 615 915
7103 7471 3767
7104 5117 4841
7105 1158 803
7106 3843 4873
7107 6276 5139
7108 454 7533
7109 6449 6227
7110 7354 5634
7111 6219 4752
7112 3011 7084
7113 2254 921
7114 5339 6737
7115 1741 2628
7116 4373 2522
7117 5144 738
7118 7927 3865
7119 174 1339
7120 4382 7856
7121 548 7012
7122 6357 1711
7123 1204 5537
7124 1533 1377
7125 7556 5277
7126 5211 5655
7127 4416 5781
7128 3752 3308
7129 4878 2073
7130 4456 7486
7131 5906 6601
7132 6228 4166
7133 2898 4962
7134 4633 7467
7135 7444 2851
7136 1283 5616
7137 5637 6878
7138 3416 1235
7139 1739 5619
7140 163 1976
7141 3310 4131
7142 2213 1203
7143 6615 3184
7144 3373 527
7145 819 7429
7146 5626 2942
7147 7042 2312
7148 3160 4395
7149 1076 6800
7150 3037 1262
7151 5952 6866
7152 6148 5409
7153 4145 5578
7154 6775 1409
7155 4651 1173
7156 5054 4493
7157 168 6954
7158 4144 760
7159 3079 7621
7160 6731 2994
7161 6395 5108
7162 4469 1109
7163 5696 6245
7164 1634 2788
7165 4463 2787
7166 1978 5548
7167 3922 2635
7168 7551 3045
7169 6457 1229
7170 6103 3815
7171 4833 844
7172 6531 2907
7173 7656 5559
7174 1580 1349
7175 3790 4531
7176 2493 5844
7177 7467 6053
7178 2469 7931
7179 1689 1713
7180 2305 5444
7181 4593 2471
7182 6136 5588
7183 2585 2289
7184 3630 1738
7185 504 3367
7186 5618 4679
7187 4484 2116
7188 2660 7699
7189 5514 2208
7190 3640 599
7191 3923 7510
7192 4413 7155
7193 3 6005
7194 1438 5685
7195 1303 570
7196 6914 7887
7197 1744 3486
7198 6163 6208
7199 7824 313
7200 7288 7738
7201 7704 271
7202 7538 7161
7203 2528 1198
7204 6483 4269
7205 4300 7545
7206 2559 703
7207 2535 736
7208 2960 3719
7209 7467 6441
7210 7880 4972
7211 2063 521
7212 711 630
7213 7691 6862
7214 6976 587
7215 4181 4757
7216 789 6695
7217 2598 5230
7218 2433 7038
7219 5390 5738
7220 6217 4602
7221 1148 465
7222 6736 2184
7223 764 1477
7224 2767 6434
7225 147 1624
7226 927 594
7227 4700 4831
7228 593 3159
7229 7418 1308
7230 6311 3693
7231 3715 6433
7232 1834 7828
7233 4537 2848
7234 5333 3332
7235 2116 3174
7236 6215 7779
7237 5580 2506
7238 1283 1375
7239 375 4181
7240 2339 3381
7241 428 3724
7242 6961 5346
7243 7987 2225
7244 5116 5047
7245 5407 4131
7246 92 7989
7247 4120 6923
7248 837 1550
7249 316 1445
7250 6200 2979
7251 4012 4545
7252 7823 4026
7253 2710 2687
7254 6201 3225
7255 148 101
7256 951 3704
7257 7085 4775
7258 4312 2710
7259 2767 2857
7260 5756 6323
7261 6706 2950
7262 5287 737
7263 4419 457
7264 7741 4792
7265 5771 272
7266 1886 3205
7267 4435 228
7268 7752 1839
7269 5671 7304
7270 4268 1934
7271 380 5549
7272 1315 2102
7273 1130 5694
7274 433 2608
7275 1622 3652
7276 5486 7335
7277 7183 5362
7278 4565 7206
7279 1226 5015
7280 472 2773
7281 5632 3252
7282 3060 2961
7283 3406 533
7284 2928 4453
7285 2733 7068
7286 5162 1464
7287 2901 7029
7288 287 4706
7289 4206 4295
7290 7386 3693
7291 5444 1246
7292 3650 6109
7293 7966 3371
7294 2468 1509
7295 5370 1712
7296 1624 3118
7297 669 3290
7298 7918 2313
7299 2302 7122
7300 1297 5737
7301 7183 380
7302 4590 7939
7303 4237 190
7304 4841 4925
7305 7604 7503
7306 6717 5379
7307 7977 7614
7308 3493 3860
7309 1009 1019
7310 5555 3766
7311 5653 1833
7312 871 5927
7313 6300 3814
7314 7589 5813
7315 4043 2171
7316 3707 2135
7317 2149 7146
7318 7990 3334
7319 7678 3821
7320 269 5648
7321 2000 5137
7322 4124 7015
7323 5735 7790
7324 6296 5646
7325 4016 7446
7326 815 3372
7327 6777 2305
7328 798 7663
7329 4987 1532
7330 1416 1052
7331 5159 949
7332 5653 7711
7333 3986 1051
7334 4507 2124
7335 1962 7499
7336 1808 2015
7337 4253 4832
7338 4420 5142
7339 1993 4942
7340 4568 1576
7341 35 5056
7342 7109 3569
7343 2880 2310
7344 2641 4271
7345 3414 5985
7346 3806 6237
7347 3588 1029
7348 5650 3874
7349 2567 1127
7350 132 7672
7351 2303 3128
7352 6784 1581
7353 3304 3924
7354 1871 1724
7355 5361 6953
7356 1512 4100
7357 2413 6654
7358 7164 2802
7359 5456 7270
7360 223 2388
7361 3084 1518
7362 847 4321
7363 4638 5767
7364 370 2124
7365 2786 6954
7366 5171 1075
7367 1012 6939
7368 1382 7566
7369 1606 3290
7370 974 3951
7371 6805 5327
7372 1294 4442
7373 4044 3842
7374 6368 5439
7375 6666 335
7376 5268 2140
7377 2909 4809
7378 4933 2024
7379 5394 3619
7380 4562 4448
7381 5905 5197
7382 4903 2718
7383 6392 3480
7384 743 7938
7385 5573 6378
7386 1831 6327
7387 6327 1927
7388 4031 6913
7389 1747 5322
7390 6089 427
7391 181 5851
7392 7452 3695
7393 4212 3612
7394 2 3963
7395 7370 2566
7396 1717 2225
7397 3791 5705
7398 1004 1504
7399 6598 760
7400 448 3850
7401 5923 6979
7402 7998 619
7403 5644 538
7404 7364 4714
7405 6010 2358
7406 343 6933
7407 2658 4798
7408 3266 3388
7409 2307 3383
7410 4046 5646
7411 3676 6854
7412 2323 2051
7413 181 7620
7414 5935 3105
7415 1607 4805
7416 4924 2922
7417 4719 1793
7418 341 3729
7419 4014 5071
7420 2144 4491
7421 3609 747
7422 4183 4052
7423 935 4023
7424 2325 111
7425 3700 4397
7426 2542 7674
7427 881 4973
7428 2634 6778
7429 4215 4037
7430 2251 6948
7431 6621 1049
7432 5513 4757
7433 3824 7998
7434 861 453
7435 481 2252
7436 1297 343
7437 6143 5492
7438 727 7471
7439 3305 4844
7440 7413 380
7441 2129 305
7442 7575 6516
7443 5484 363
7444 4005 3786
7445 6777 843
7446 5529 276
7447 473 6520
7448 5923 7575
7449 5956 991
7450 4841 742
7451 4183 1322
7452 3060 1141
7453 6421 1285
7454 4008 974
7455 635 6337
7456 1913 1363
7457 5652 4783
7458 1629 4689
7459 4656 2004
7460 7879 6968
7461 413 4244
7462 4484 413
7463 1232 6647
7464 2776 2402
7465 6161 7922
7466 6180 3966
7467 7005 4088
7468 4694 7657
7469 6558 41
7470 4524 5783
7471 1902 3783
7472 7462 1145
7473 298 4990
7474 4444 1490
7475 4475 1414
7476 5913 1244
7477 1656 1622
7478 3510 3496
7479 6117 1508
7480 3748 5218
7481 4277 1329
7482 6495 4275
7483 2059 4353
7484 6561 322
7485 1233 6413
7486 611 4381
7487 7328 7578
7488 3754 3077
7489 5742 6850
7490 4916 375
7491 356 7219
7492 5390 6764
7493 194 1491
7494 561 1300
7495 5593 374
7496 3186 3890
7497 7408 4707
7498 2676 5761
7499 5484 4687
7500 347 6613
7501 2029 4976
7502 2764 5283
7503 6696 1953
7504 3863 5007
7505 6617 397
7506 4712 7877
7507 7821 1858
7508 4623 1106
7509 1179 1112
7510 760 6495
7511 3900 6102
7512 6825 3485
7513 4561 2868
7514 417 4923
7515 7817 1803
7516 4998 4320
7517 212 4745
7518 7978 2739
7519 1167 4660
7520 7682 7116
7521 1701 196
7522 7630 3143
7523 7115 867
7524 5123 2402
7525 1254 1967
7526 687 6750
7527 5211 5456
7528 4375 4739
7529 591 3127
7530 6172 6077
7531 7303 5720
7532 2090 4175
7533 4517 3500
7534 4504 7775
7535 1330 5973
7536 1457 1122
7537 5937 786
7538 5680 40
7539 7694 761
7540 3214 7434
7541 6191 769
7542 4242 1147
7543 4431 954
7544 7314 7332
7545 5162 7902
7546 4245 2696
7547 3226 3516
7548 5016 5774
7549 5300 977
7550 3149 1154
7551 6573 7055
7552 5141 22
7553 118 1496
7554 6142 5775
7555 5627 455
7556 3225 4836
7557 5751 1510
7558 6216 6930
7559 6237 2002
7560 7086 5927
7561 6816 3713
7562 7942 710
7563 7906 2433
7564 1616 6035
7565 6114 6726
7566 3202 2101
7567 2834 4414
7568 7275 1923
7569 609 5419
7570 2180 5346
7571 706 5340
7572 2578 3153
7573 7212 1829
7574 817 602
7575 2358 1395
7576 3477 5847
7577 705 279
7578 6790 771
7579 859 7049
7580 5107 952
7581 7425 5579
7582 4858 2904
7583 816 1224
7584 5116 4178
7585 1788 331
7586 78 3077
7587 4582 3556
7588 7327 1385
7589 3799 3692
7590 6989 3957
7591 3957 5913
7592 983 6747
7593 4539 1972
7594 1170 2625
7595 4750 6680
7596 80 1516
7597 4204 6182
7598 3033 7894
7599 5177 805
7600 5108 6550
7601 672 4230
7602 1117 1442
7603 7052 1811
7604 7916 4845
7605 463 6693
7606 6858 7903
7607 5658 3656
7608 4703 3581
7609 7779 5187
7610 1364 6469
7611 4778 250
7612 5766 5866
7613 4715 556
7614 1718 3507
7615 5127 745
7616 3475 5325
7617 3202 7627
7618 6934 3926
7619 6252 7910
7620 7200 4245
7621 4922 6505
7622 4109 1513
7623 7594 4063
7624 5712 3640
7625 2320 3020
7626 5379 5426
7627 1277 6979
7628 1171 6836
7629 5674 6673
7630 2069 1442
7631 5482 3599
7632 7902 3867
7633 2724 667
7634 941 4965
7635 6893 7881
7636 7525 1308
7637 1520 6701
7638 3566 4709
7639 7086 2600
7640 3538 6541
7641 3887 6425
7642 47 2868
7643 1839 2216
7644 2541 5984
7645 2585 6144
7646 3374 3650
7647 2792 2494
7648 850 5506
7649 578 2967
7650 6027 795
7651 7934 4556
7652 987 5538
7653 6767 218
7654 423 2056
7655 5549 3192
7656 5360 1273
7657 4450 5972
7658 3542 6009
7659 6285 1615
7660 690 6131
7661 1176 7787
7662 6020 6578
7663 6618 1244
7664 6106 1832
7665 2006 2412
7666 2832 5061
7667 618 3138
7668 1606 2193
7669 5502 903
7670 4866 5973
7671 7746 6274
7672 7614 1664
7673 7839 6199
7674 2886 1558
7675 379 6854
7676 6740 1435
7677 2171 4945
7678 7632 900
7679 7743 4564
7680 2414 7178
7681 4604 1928
7682 2904 4700
7683 2655 3393
7684 1256 2971
7685 3807 7033
7686 4980 7866
7687 1262 4020
7688 5979 6372
7689 7602 4151
7690 2996 4122
7691 7763 5578
7692 5804 4612
7693 978 1174
7694 5406 4848
7695 1565 5268
7696 6504 5557
7697 2311 5982
7698 5903 3985
7699 7993 7579
7700 5467 3013
7701 6902 3651
7702 1338 7065
7703 4883 914
7704 2636 2681
7705 2255 2003
7706 6740 6081
7707 3670 4979
7708 6154 2680
7709 7125 5116
7710 1953 6188
7711 4555 7857
7712 3288 4021
7713 190 3129
7714 46 2430
7715 7219 2919
7716 6605 4439
7717 6200 6553
7718 5045 1613
7719 2729 7156
7720 2596 4944
7721 7393 1476
7722 5412 6817
7723 2982 1152
7724 1720 5461
7725 2331 5452
7726 3272 5821
7727 2817 3739
7728 3680 108
7729 4543 876
7730 1614 250
7731 1090 4884
7732 2905 5110
7733 4360 1106
7734 3925 432
7735 952 5090
7736 5164 7832
7737 2268 4079
7738 7320 812
7739 963 6150
7740 6882 7999
7741 2039 3927
7742 6246 3969
7743 6639 2623
7744 6365 4961
7745 2451 3994
7746 5130 2698
7747 3622 705
7748 1193 3094
7749 7650 5856
7750 5007 6295
7751 3947 1214
7752 1217 2838
7753 3652 3231
7754 4473 4760
7755 7506 255
7756 3832 6110
7757 2071 326
7758 7890 1047
7759 7820 5096
7760 7536 7442
7761 2848 2201
7762 5084 4267
7763 4599 5153
7764 6749 1204
7765 1376 4455
7766 3242 1545
7767 6215 2197
7768 3668 5933
7769 7363 2778
7770 1129 3973
7771 2854 1979
7772 175 3022
7773 7564 6098
7774 7189 5572
7775 3875 4202
7776 4359 6956
7777 1932 3528
7778 1374 5997
7779 7845 4951
7780 4347 7223
7781 3110 907
7782 4119 7152
7783 1981 4195
7784 204 5904
7785 1708 610
7786 666 1421
7787 7859 4928
7788 6996 7777
7789 5563 2099
7790 2288 5491
7791 3781 4878
7792 5808 4555
7793 6539 7962
7794 6418 5722
7795 3673 5710
7796 6683 2487
7797 897 3320
7798 5661 3508
7799 5999 6712
7800 2631 5236
7801 3995 2579
7802 1056 6370
7803 7800 6329
7804 1540 35
7805 7817 3880
7806 7297 3852
7807 2647 379
7808 1532 5759
7809 6744 4251
7810 2215 704
7811 5413 2406
7812 4655 0
7813 4052 1571
7814 6949 3534
7815 7913 1282
7816 691 4245
7817 3353 3495
7818 3347 7865
7819 7401 2162
7820 7294 969
7821 338 6000
7822 6731 114
7823 6904 3063
7824 5432 266
7825 5396 4642
7826 7040 7590
7827 4300 7254
7828 2453 4682
7829 305 1995
7830 4297 2012
7831 1325 3
7832 7721 6798
7833 4754 3274
7834 6358 6965
7835 7539 1218
7836 4204 2466
7837 6388 7297
7838 5301 1520
7839 5298 7418
7840 5769 3091
7841 6612 6824
7842 1878 4832
7843 5944 4932
7844 2472 5183
7845 1076 5023
7846 850 1197
7847 3743 3214
7848 7443 717
7849 6552 1361
7850 2327 6742
7851 4780 5825
7852 4181 5579
7853 1099 3879
7854 4524 4464
7855 7628 2793
7856 5979 3310
7857 5739 2333
7858 4470 6897
7859 6296 3429
7860 7135 3531
7861 6949 5705
7862 1327 5349
7863 2007 3233
7864 5315 1368
7865 4432 3136
7866 6289 4527
7867 2441 1411
7868 2581 2349
7869 6847 5180
7870 2419 7255
7871 1681 3006
7872 4571 7770
7873 1376 3905
7874 3116 613
7875 751 5052
7876 8000 126
7877 4213 2810
7878 4094 6877
7879 2807 4343
7880 6722 5246
7881 7695 3597
7882 3127 771
7883 2240 4817
7884 3282 3011
7885 4904 1523
7886 5557 6360
7887 2840 4559
7888 4998 2824
7889 1761 4250
7890 2337 4331
7891 647 5352
7892 7387 5413
7893 2014 147
7894 7686 2654
7895 1319 1125
7896 2209 4123
7897 4570 527
7898 6635 6017
7899 3532 2468
7900 3757 2101
7901 2310 4000
7902 4143 5392
7903 6160 396
7904 3774 300
7905 3027 1225
7906 4809 5173
7907 2060 3364
7908 5093 6404
7909 4294 5657
7910 4469 290
7911 5155 1189
7912 1616 4649
7913 6635 1651
7914 3515 5260
7915 4361 5451
7916 432 2888
7917 5864 6592
7918 4395 6032
7919 6613 4420
7920 3702 1233
7921 1755 5013
7922 2208 924
7923 4794 3447
7924 1961 6939
7925 2803 716
7926 1304 1345
7927 6850 3897
7928 3538 4182
7929 7856 3239
7930 485 4344
7931 5683 3978
7932 5174 2858
7933 2661 2965
7934 4640 7605
7935 3792 789
7936 1903 5821
7937 4449 4235
7938 2433 6340
7939 3834 3566
7940 632 5246
7941 4021 7356
7942 1481 476
7943 6704 7848
7944 2449 720
7945 161 5503
7946 4515 4161
7947 6322 1506
7948 4959 4507
7949 5124 326
7950 4921 4667
7951 6331 4449
7952 4102 1539
7953 923 5164
7954 7689 2249
7955 7312 317
7956 6124 3262
7957 2048 2215
7958 5471 4106
7959 5900 4068
7960 7887 1877
7961 968 74
7962 132 1249
7963 2996 7975
7964 557 1393
7965 6784 5460
7966 7743 1839
7967 3207 830
7968 5949 3203
7969 4264 7439
7970 479 1622
7971 2847 3222
7972 4835 3247
7973 6840 947
7974 6243 4081
7975 7672 1139
7976 168 1918
7977 260 1426
7978 1982 3444
7979 7832 5587
7980 487 5421
7981 1342 6946
7982 4227 6685
7983 6375 1463
7984 3289 3776
7985 2860 5943
7986 7506 7923
7987 943 1626
7988 4410 2153
7989 2724 5089
7990 7571 2445
7991 2233 2889
7992 6293 6797
7993 635 1149
7994 3566 256
7995 1494 2588
7996 1302 9
7997 7165 6427
7998 2668 7680
7999 1062 7773
8000 2898 213
8001 115 4949
8002 3526 507
8003 3593 2192
8004 2235 3456
8005 3267 4381
8006 6389 6288
8007 1757 5858
8008 5332 7092
8009 5720 739
8010 2379 1746
8011 371 462
8012 1677 4691
8013 1378 5262
8014 3016 4992
8015 2466 5235
8016 3252 1126
8017 7815 3593
8018 4118 717
8019 7866 1030
8020 575 685
8021 7780 7902
8022 7823 6202
8023 2086 7116
8024 4688 6248
8025 7305 2179
8026 5210 1360
8027 5186 3536
8028 2047 1620
8029 6759 4793
8030 5378 3131
8031 5815 1735
8032 4813 1313
8033 7981 5009
8034 2349 1720
8035 7602 448
8036 4485 128
8037 2558 1598
8038 5779 2518
8039 7136 461
8040 1098 4251
8041 5823 2947
8042 6938 5721
8043 631 49
8044 4155 646
8045 4253 1046
8046 3995 5394
8047 942 7972
8048 3371 2232
8049 2823 2305
8050 6571 7204
8051 6809 1150
8052 4667 7592
8053 4607 1143
8054 7737 6058
8055 6047 3955
8056 3042 3877
8057 3707 1664
8058 1119 5580
8059 4644 3465
8060 6458 2296
8061 7914 5128
8062 2581 761
8063 6109 7902
8064 2712 4797
8065 2033 5797
8066 7562 5623
8067 6530 591
8068 6230 6316
8069 5796 4825
8070 7876 5885
8071 3660 7642
8072 7380 3974
8073 4703 7022
8074 209 6259
8075 7492 2242
8076 5346 3452
8077 1026 3450
8078 538 5434
8079 6136 2100
8080 5126 6757
8081 385 6375
8082 696 592
8083 84 4528
8084 3561 43
8085 1193 6302
8086 4453 6760
8087 1171 3222
8088 6840 960
8089 629 2573
8090 810 1973
8091 4562 3222
8092 5760 197
8093 7929 1
8094 6673 931
8095 3603 6058
8096 3509 4652
8097 5559 7361
8098 5765 3034
8099 992 6430
8100 7429 2275
8101 7240 1564
8102 2231 7952
8103 2057 3362
8104 2126 4614
8105 3463 2161
8106 2833 6672
8107 7754 6846
8108 5015 3248
8109 2115 1466
8110 6745 5399
8111 1787 3364
8112 556 3866
8113 7598 2854
8114 1487 7469
8115 2254 4174
8116 7934 6984
8117 4306 2050
8118 6470 4819
8119 915 76
8120 208 6582
8121 7410 1016
8122 2839 2762
8123 162 3147
8124 2163 2663
8125 7578 2946
8126 6355 3609
8127 1912 6926
8128 1375 5746
8129 7135 6656
8130 1907 3339
8131 1272 25
8132 4552 7589
8133 7772 2880
8134 5989 885
8135 4580 1798
8136 5524 5046
8137 6232 2342
8138 4174 4844
8139 519 828
8140 3191 1687
8141 4655 5094
8142 4779 4046
8143 7942 7456
8144 7345 6934
8145 4426 383
8146 1322 1301
8147 4451 3986
8148 4382 7488
8149 108 5717
8150 3143 442
8151 7412 856
8152 7301 3904
8153 7679 384
8154 2361 2289
8155 3059 5399
8156 7588 1943
8157 2903 7353
8158 3555 2064
8159 1570 1239
8160 5007 4106
8161 6825 7403
8162 2926 2717
8163 2406 4036
8164 3698 6230
8165 7810 1776
8166 3862 886
8167 7502 5083
8168 1826 856
8169 5303 6643
8170 4638 5649
8171 6244 5930
8172 2778 4997
8173 7341 1323
8174 7290 5244
8175 5928 349
8176 7644 1976
8177 6980 4583
8178 3960 5717
8179 3325 244
8180 5421 7301
8181 6952 875
8182 1833 995
8183 6071 18
8184 6897 1775
8185 2456 2228
8186 3691 6774
8187 7387 7340
8188 2574 4530
8189 6760 7537
8190 7230 5903
8191 177 397
8192 3445 1759
8193 6285 4886
8194 7921 7705
8195 5817 7036
8196 5836 1434
8197 7183 4695
8198 55 3930
8199 4672 4247
8200 6023 5748
8201 3784 3501
8202 4991 2204
8203 2668 4883
8204 4062 6172
8205 6898 3660
8206 3830 2117
8207 6634 3102
8208 6992 5743
8209 5809 1902
8210 15 2151
8211 2781 6020
8212 1032 7839
8213 1197 1376
8214 787 5649
8215 2270 91
8216 492 2292
8217 2251 5483
8218 6957 75
8219 3377 4745
8220 1593 372
8221 2107 6812
8222 7532 5751
8223 3691 2901
8224 5235 3030
8225 5528 5995
8226 4532 7688
8227 6498 796
8228 3116 6546
8229 3844 5188
8230 5861 3710
8231 2044 7571
8232 4428 2020
8233 5124 1344
8234 1595 7826
8235 5301 2662
8236 69 6030
8237 4453 1474
8238 2094 6567
8239 684 1694
8240 6931 23
8241 6108 4285
8242 230 4984
8243 1331 1198
8244 2181 6501
8245 5343 362
8246 3637 4887
8247 293 6818
8248 7568 7715
8249 1025 1166
8250 914 268
8251 1594 4213
8252 3904 7050
8253 4381 7935
8254 105 5518
8255 5105 1658
8256 5050 7840
8257 250 6495
8258 6343 2712
8259 6936 197
8260 750 3562
8261 4779 7613
8262 3829 7130
8263 3820 4722
8264 4450 5671
8265 3324 1618
8266 7733 3090
8267 4251 2921
8268 1599 2251
8269 5572 1831
8270 7535 2568
8271 6517 3491
8272 4299 1280
8273 4815 4132
8274 7361 2674
8275 5241 5587
8276 7256 1093
8277 2265 556
8278 3965 3021
8279 4152 1406
8280 6152 5576
8281 6640 1441
8282 6882 6679
8283 3749 1506
8284 3129 2398
8285 3561 2235
8286 2209 5334
8287 950 4600
8288 7838 648
8289 3655 2983
8290 2360 3868
8291 2270 3905
8292 3220 5654
8293 295 2060
8294 2715 5330
8295 7080 1257
8296 205 1194
8297 7874 5674
8298 538 4094
8299 105 7873
8300 7440 1815
8301 7817 6628
8302 3009 7560
8303 1978 2363
8304 5075 6
8305 699 4604
8306 3654 7929
8307 2209 3713
8308 6240 7633
8309 5312 6545
8310 469 3501
8311 5192 6392
8312 4499 7364
8313 3760 6192
8314 6733 3482
8315 5084 5288
8316 5325 6630
8317 741 4495
8318 6684 1415
8319 2812 677
8320 1801 2825
8321 6199 816
8322 5028 6024
8323 6560 3972
8324 151 7893
8325 3368 5408
8326 2269 1256
8327 5710 7103
8328 2745 2039
8329 3163 3511
8330 3895 7946
8331 5198 4
8332 6671 992
8333 2016 289
8334 7323 1822
8335 1722 7996
8336 1883 6133
8337 4496 7444
8338 2549 6564
8339 3284 6483
8340 5432 2104
8341 3796 908
8342 4852 5094
8343 5061 328
8344 2849 4268
8345 5527 5333
8346 6294 1589
8347 7281 4991
8348 3304 5855
8349 3487 846
8350 1424 6298
8351 2159 4004
8352 1319 2201
8353 6943 3245
8354 1228 746
8355 7923 5183
8356 2674 6546
8357 7047 352
8358 3393 3260
8359 6092 5084
8360 528 5586
8361 5994 298
8362 4223 2020
8363 3224 6796
8364 1415 5647
8365 5503 2916
8366 3429 107
8367 2020 6434
8368 1364 4899
8369 2823 6784
8370 2919 849
8371 5391 7004
8372 6521 5683
8373 3754 7448
8374 7133 7618
8375 160 7170
8376 5189 416
8377 885 6970
8378 7643 5254
8379 3984 987
8380 2055 1256
8381 5409 2748
8382 7735 6635
8383 7116 2068
8384 463 7515
8385 7590 6381
8386 6788 2773
8387 2855 3159
8388 6507 6438
8389 3545 3635
8390 4733 5884
8391 4961 3374
8392 5967 6865
8393 262 5835
8394 3201 7475
8395 7240 6681
8396 7857 4946
8397 1392 1323
8398 6828 492
8399 5194 216
8400 5650 3709
8401 4819 382
8402 5478 516
8403 7346 5683
8404 6974 16
8405 2334 3274
8406 7073 1681
8407 7747 1266
8408 3218 5615
8409 387 7924
8410 411 4578
8411 1388 7416
8412 5986 7696
8413 5704 6089
8414 2015 3006
8415 6262 2257
8416 5730 4777
8417 3515 3153
8418 5340 5911
8419 960 6885
8420 2277 1753
8421 4696 3044
8422 397 3134
8423 6986 5599
8424 1534 5302
8425 2224 4589
8426 142 2492
8427 7166 3282
8428 3550 5791
8429 340 3103
8430 7793 7389
8431 5315 1935
8432 401 4957
8433 7236 5698
8434 2906 6595
8435 5192 5696
8436 6803 3514
8437 5824 3157
8438 1476 4879
8439 1828 3050
8440 6724 6633
8441 5909 3449
8442 3245 3988
8443 4050 4671
8444 2452 7398
8445 7204 1462
8446 6442 6693
8447 6606 7204
8448 795 5135
8449 247 3110
8450 460 737
8451 5146 2619
8452 6283 5742
8453 5660 6859
8454 6344 7587
8455 1456 2816
8456 4577 5287
8457 2090 586
8458 3647 5449
8459 6831 3973
8460 3642 4986
8461 1491 1563
8462 7989 5435
8463 870 7597
8464 2454 2044
8465 2390 1853
8466 3318 6001
8467 5374 7612
8468 4774 5446
8469 7303 5093
8470 4727 52
8471 3439 6194
8472 7691 6766
8473 160 7533
8474 7292 1939
8475 6795 4431
8476 4399 2501
8477 6755 726
8478 5782 2234
8479 5863 1031
8480 859 6644
8481 2985 4920
8482 7846 7613
8483 75 5282
8484 142 3856
8485 6349 1983
8486 2718 5203
8487 5960 7104
8488 6313 841
8489 1184 4965
8490 1058 2460
8491 2510 6287
8492 2382 2619
8493 1594 6715
8494 5239 4687
8495 7903 6851
8496 6016 6582
8497 2712 1639
8498 4726 7255
8499 4723 257
8500 1819 1636
8501 6440 7742
8502 7783 1526
8503 5850 3675
8504 1554 6856
8505 7952 4231
8506 2115 1735
8507 6347 7596
8508 7372 1303
8509 5872 6424
8510 5737 4296
8511 7787 5366
8512 218 3106
8513 4016 6537
8514 1107 6123
8515 4892 7469
8516 2577 2490
8517 2812 2374
8518 410 2695
8519 1788 7456
8520 4968 7345
8521 7670 3416
8522 6223 5433
8523 1776 6075
8524 5475 4299
8525 2258 369
8526 4221 1963
8527 1699 2374
8528 4717 5407
8529 7624 6069
8530 6693 2828
8531 2432 2991
8532 1808 5170
8533 7193 1917
8534 7975 7402
8535 4575 7138
8536 2236 4981
8537 768 4710
8538 3434 5781
8539 2843 2442
8540 7639 4145
8541 4421 7075
8542 7268 5271
8543 888 6077
8544 6540 6848
8545 4504 1357
8546 3300 1051
8547 4825 7011
8548 2331 1600
8549 6689 4252
8550 7396 1064
8551 515 3150
8552 2003 4551
8553 1551 3443
8554 2788 7231
8555 3593 7677
8556 1586 4234
8557 1687 1435
8558 986 1888
8559 5757 16
8560 4424 4561
8561 4130 7045
8562 5666 1586
8563 6776 594
8564 6811 3210
8565 534 4789
8566 5832 4808
8567 3785 7883
8568 2358 2986
8569 2238 1500
8570 3588 5289
8571 7541 102
8572 5854 2119
8573 2980 1412
8574 3044 2880
8575 7070 3064
8576 4701 6372
8577 6807 1838
8578 1007 7298
8579 1730 4360
8580 7743 5724
8581 5492 3336
8582 2520 344
8583 5106 5547
8584 5882 1659
8585 3946 7307
8586 887 154
8587 6785 363
8588 7252 4381
8589 1826 7316
8590 1501 3218
8591 6535 2011
8592 5676 6507
8593 2780 3221
8594 1332 7869
8595 4104 7292
8596 591 7176
8597 4923 4630
8598 3645 145
8599 5862 4206
8600 3204 660
8601 651 1246
8602 1969 1448
8603 2762 1090
8604 6700 1878
8605 939 1360
8606 7076 5621
8607 4730 5515
8608 2021 525
8609 906 6002
8610 5818 2448
8611 3736 6428
8612 7049 2206
8613 1229 7575
8614 4592 2868
8615 2599 3282
8616 2855 3711
8617 5044 4739
8618 7876 6834
8619 5702 666
8620 6632 913
8621 4114 3104
8622 5524 721
8623 1838 1940
8624 6478 4537
8625 7795 6235
8626 585 5535
8627 4867 5843
8628 637 1757
8629 983 3257
8630 4218 1421
8631 6652 2509
8632 7196 6002
8633 4136 19
8634 4565 7682
8635 6602 3245
8636 5980 355
8637 5642 6480
8638 6907 4586
8639 6058 2095
8640 302 2777
8641 7424 104
8642 2317 4596
8643 6472 1809
8644 2378 1916
8645 939 13
8646 7580 4575
8647 2967 2232
8648 6191 693
8649 3936 1440
8650 1292 5264
8651 5339 1045
8652 2956 5826
8653 6622 857
8654 5584 3986
8655 4913 7914
8656 6765 784
8657 3645 5753
8658 4765 7622
8659 1289 2397
8660 3475 2529
8661 3717 6365
8662 364 7828
8663 6104 5367
8664 7336 3856
8665 1192 6217
8666 5000 5573
8667 4730 5901
8668 4846 7183
8669 3173 3294
8670 920 3537
8671 2708 4169
8672 6282 326
8673 5622 3839
8674 2109 7126
8675 2004 2687
8676 7212 710
8677 3082 7584
8678 7326 3300
8679 6448 6277
8680 5979 3343
8681 294 2013
8682 1674 2283
8683 1118 1282
8684 5809 1019
8685 1440 3988
8686 1779 7455
8687 1124 5438
8688 114 4613
8689 4272 6431
8690 7313 6500
8691 6404 5415
8692 6820 5007
8693 2880 1320
8694 1104 1608
8695 6232 6213
8696 2157 4916
8697 3302 6489
8698 7890 2880
8699 2304 3521
8700 2445 5337
8701 5271 1347
8702 5608 5738
8703 1513 5377
8704 5917 1608
8705 2347 649
8706 4106 2905
8707 243 4288
8708 7210 4675
8709 1678 5698
8710 1968 1092
8711 179 3519
8712 3515 2108
8713 5923 7525
8714 271 2274
8715 3833 1599
8716 7582 5085
8717 4718 6266
8718 5774 3663
8719 3640 6144
8720 5622 4446
8721 2570 4950
8722 618 7995
8723 4764 2124
8724 1348 1261
8725 17 1171
8726 6576 1367
8727 1095 2357
8728 327 4707
8729 7366 5859
8730 5378 2648
8731 6070 3495
8732 3896 3333
8733 6756 7290
8734 1613 445
8735 2788 7038
8736 4192 6621
8737 4067 824
8738 5021 4072
8739 3404 5036
8740 6698 6440
8741 3696 7173
8742 4510 5944
8743 87 1252
8744 4273 3764
8745 6668 1467
8746 7996 5281
8747 1761 4066
8748 5104 441
8749 444 7690
8750 7703 634
8751 6511 1815
8752 118 7023
8753 1153 6171
8754 396 1448
8755 2387 5579
8756 2568 5668
8757 2168 7887
8758 2304 6024
8759 7077 4493
8760 6281 7760
8761 3441 7885
8762 2297 7482
8763 822 2343
8764 5357 6652
8765 2969 5288
8766 3550 231
8767 6986 2532
8768 2021 4695
8769 3845 7775
8770 2916 2148
8771 3108 385
8772 4326 6586
8773 6052 1027
8774 5875 6922
8775 4191 4219
8776 4696 4906
8777 1653 5581
8778 3079 768
8779 6886 560
8780 3928 4886
8781 854 2534
8782 7840 2227
8783 792 1089
8784 113 7131
8785 5776 7080
8786 1633 3638
8787 578 3404
8788 4640 5474
8789 3036 4038
8790 7952 1591
8791 5353 4201
8792 2701 3866
8793 2719 2643
8794 1306 7117
8795 3736 6326
8796 3634 6164
8797 7609 4578
8798 1518 2446
8799 7452 3601
8800 3377 7615
8801 4786 7185
8802 2762 7431
8803 5427 5203
8804 1483 7336
8805 7708 5030
8806 3678 2058
8807 7282 1660
8808 3631 7138
8809 1080 3109
8810 6916 5127
8811 3727 7683
8812 3874 7192
8813 1295 4191
8814 5052 2270
8815 1144 1962
8816 7395 7425
8817 4704 1005
8818 6234 6680
8819 3095 858
8820 6226 189
8821 3573 3817
8822 3528 6788
8823 1617 6815
8824 2055 2044
8825 4914 715
8826 4170 5028
8827 4775 6744
8828 1547 3510
8829 7827 4531
8830 1790 2796
8831 7225 6742
8832 6102 5005
8833 106 6406
8834 5911 4109
8835 3140 3239
8836 3883 4130
8837 3983 7181
8838 7953 3666
8839 2379 3116
8840 1810 5455
8841 7916 7170
8842 846 6337
8843 4353 4621
8844 6345 7963
8845 7496 2237
8846 1477 1954
8847 5711 2869
8848 2428 2966
8849 75 6904
8850 6289 6171
8851 7859 6983
8852 4266 577
8853 85 5239
8854 1108 4100
8855 7314 3350
8856 1520 3338
8857 3339 2571
8858 4651 459
8859 1262 5852
8860 1004 7413
8861 5980 1912
8862 5710 4398
8863 455 298
8864 6974 1173
8865 4026 6194
8866 156 1428
8867 7194 6167
8868 5709 1640
8869 3877 3680
8870 7288 6708
8871 5603 7404
8872 5860 4233
8873 7274 3230
8874 7013 3208
8875 5907 6478
8876 6351 5232
8877 6507 581
8878 5518 4700
8879 4150 2175
8880 2307 4638
8881 4697 3609
8882 5734 6862
8883 6575 2193
8884 594 497
8885 7913 1252
8886 4025 3563
8887 2463 7163
8888 570 1666
8889 616 4639
8890 7438 3642
8891 5503 7266
8892 7546 7882
8893 3478 4391
8894 7480 7239
8895 5248 1479
8896 4313 999
8897 4534 6728
8898 3668 314
8899 2557 3695
8900 7561 1512
8901 2080 1547
8902 7653 3309
8903 2222 5438
8904 5975 5721
8905 2685 5199
8906 105 4699
8907 7093 3012
8908 2473 4389
8909 5595 3627
8910 1743 3845
8911 7766 2975
8912 5880 1466
8913 4929 6182
8914 1667 2552
8915 4616 3530
8916 21 4096
8917 3140 7998
8918 5847 1992
8919 2357 7855
8920 5875 3955
8921 3306 3690
8922 25 577
8923 7095 5452
8924 3534 907
8925 5946 7599
8926 79 6916
8927 3849 942
8928 5517 7196
8929 2477 2482
8930 2075 4749
8931 3663 3849
8932 1028 7433
8933 177 348
8934 2889 3366
8935 2788 1401
8936 5350 5048
8937 5050 3237
8938 2191 1141
8939 5342 2133
8940 128 2055
8941 960 2103
8942 4146 4180
8943 297 4941
8944 7638 2528
8945 2379 3992
8946 6958 1743
8947 1626 2527
8948 6101 3743
8949 6264 6236
8950 2073 1107
8951 3374 4428
8952 7683 3173
8953 4874 3309
8954 4436 3907
8955 3021 1246
8956 2555 1946
8957 3301 534
8958 6174 303
8959 4952 4578
8960 3189 500
8961 4080 4579
8962 4438 862
8963 7448 2250
8964 573 1016
8965 2994 6906
8966 3498 7122
8967 7065 4128
8968 4719 5591
8969 7308 6006
8970 3189 2179
8971 1546 4978
8972 3789 3418
8973 5370 2870
8974 4698 4249
8975 6736 7548
8976 16 560
8977 848 7705
8978 1652 4494
8979 1817 2563
8980 3808 4393
8981 5742 2556
8982 968 4019
8983 995 209
8984 6428 1082
8985 7020 1044
8986 7821 2507
8987 5939 6006
8988 5918 3137
8989 5265 1346
8990 186 3572
8991 7530 1555
8992 2103 884
8993 3040 6597
8994 6977 7198
8995 3600 6682
8996 6515 5287
8997 7443 5903
8998 863 3982
8999 5393 6905
9000 4124 7761
9001 3118 5952
9002 4976 5809
9003 2582 7206
9004 3817 892
9005 2199 6268
9006 5639 4837
9007 7312 821
9008 7694 7739
9009 2601 916
9010 3590 965
9011 5391 3788
9012 1325 186
9013 7858 1137
9014 2779 1463
9015 6092 5475
9016 387 2844
9017 4574 204
9018 5232 4501
9019 6570 3886
9020 1670 1090
9021 134 6368
9022 1841 391
9023 3688 207
9024 811 7967
9025 3015 3195
9026 5633 365
9027 2552 1464
9028 3032 6147
9029 7890 1727
9030 6358 4838
9031 2950 3018
9032 1845 5581
9033 4812 2189
9034 2970 3862
9035 3601 191
9036 2016 2053
9037 437 4373
9038 6609 1370
9039 7673 7618
9040 560 7516
9041 5900 7486
9042 4991 2989
9043 10 7356
9044 1946 2497
9045 7954 4821
9046 1044 1720
9047 5540 4493
9048 347 6910
9049 7165 2004
9050 5624 4088
9051 786 626
9052 7679 1429
9053 4781 1893
9054 1868 862
9055 1851 7634
9056 6111 7880
9057 5589 7049
9058 5465 2541
9059 1362 3541
9060 1196 2197
9061 2052 3615
9062 1437 3538
9063 3135 1292
9064 4214 1977
9065 4363 1162
9066 6566 6691
9067 2416 903
9068 2859 6563
9069 7629 1845
9070 4547 5787
9071 7262 251
9072 4915 2422
9073 5587 1728
9074 5178 318
9075 4069 7190
9076 2297 4793
9077 61 631
9078 3507 5147
9079 2860 877
9080 7245 3062
9081 6058 1514
9082 5409 5946
9083 6868 6476
9084 6943 5894
9085 5873 6901
9086 6579 5297
9087 5176 391
9088 7966 4734
9089 3854 5014
9090 1386 7475
9091 5663 5814
9092 6450 6862
9093 3366 3020
9094 7657 1983
9095 6818 1461
9096 4397 5026
9097 6266 5668
9098 3655 2585
9099 738 5095
9100 7767 3807
9101 6478 4250
9102 1266 2946
9103 1225 2053
9104 3862 1563
9105 579 3027
9106 6263 1592
9107 6497 4247
9108 1298 6521
9109 2493 4726
9110 94 5808
9111 1197 3248
9112 5448 7720
9113 6136 508
9114 5626 4926
9115 7124 7145
9116 7938 3527
9117 6675 4050
9118 1917 6851
9119 1400 2054
9120 855 4031
9121 5924 6478
9122 6213 2637
9123 475 3180
9124 1509 6391
9125 4925 312
9126 3571 5912
9127 2560 4625
9128 5126 1083
9129 1001 293
9130 6576 7609
9131 3613 51
9132 6697 6812
9133 3219 4970
9134 396 4535
9135 5177 3991
9136 3203 4547
9137 2764 7071
9138 4481 276
9139 479 4393
9140 6303 1795
9141 1470 2329
9142 6424 597
9143 4144 1979
9144 7599 119
9145 3159 3662
9146 7070 6674
9147 1811 2633
9148 165 4916
9149 4190 2321
9150 6758 4562
9151 5724 3957
9152 7084 7863
9153 548 5956
9154 6459 7468
9155 780 2251
9156 90 1367
9157 4582 6708
9158 2805 1843
9159 4101 5066
9160 2300 5990
9161 4369 1368
9162 1281 6293
9163 4323 6708
9164 1267 5919
9165 418 4801
9166 3637 5733
9167 148 5514
9168 4972 5923
9169 234 4679
9170 1323 6866
9171 3976 21
9172 5215 4320
9173 512 4029
9174 2613 3698
9175 1745 4497
9176 7876 7280
9177 1596 5192
9178 601 139
9179 4030 1435
9180 6037 3945
9181 1844 46
9182 5487 4142
9183 6537 6450
9184 3000 1253
9185 7958 3138
9186 3346 2969
9187 6753 1115
9188 5552 7232
9189 4627 2172
9190 4353 5298
9191 431 5858
9192 6319 6734
9193 5235 5650
9194 5883 5538
9195 3202 1566
9196 7317 3412
9197 4845 2923
9198 7840 4553
9199 6402 1881
9200 7399 4118
9201 7382 6795
9202 568 3274
9203 1783 137
9204 7537 4593
9205 4101 1263
9206 4751 438
9207 5280 861
9208 2547 4431
9209 4906 5282
9210 6780 2662
9211 343 1020
9212 6991 4891
9213 6571 471
9214 3238 2965
9215 2708 6981
9216 7622 7734
9217 1318 7064
9218 4975 6595
9219 7333 3444
9220 4851 362
9221 2497 111
9222 2031 7626
9223 1081 6083
9224 6189 5324
9225 7525 6761
9226 7601 629
9227 7167 240
9228 6508 2846
9229 6889 7345
9230 607 4799
9231 4064 2311
9232 7709 7413
9233 4929 7497
9234 1034 5651
9235 3532 5043
9236 7442 3170
9237 916 1840
9238 4396 4910
9239 1438 6213
9240 3452 1503
9241 1789 3578
9242 5212 3339
9243 1439 7695
9244 7132 4397
9245 6074 2592
9246 4484 4640
9247 7569 6331
9248 2668 4368
9249 3132 5298
9250 4722 1952
9251 1470 7528
9252 2833 5706
9253 4222 6762
9254 6963 645
9255 25 3036
9256 6320 4023
9257 677 1513
9258 7956 3170
9259 2306 5974
9260 142 1576
9261 3958 444
9262 5719 6807
9263 857 7267
9264 1487 7941
9265 6118 1349
9266 5476 4976
9267 2673 759
9268 5934 4472
9269 1162 6024
9270 6297 6989
9271 4360 5426
9272 509 5510
9273 4888 4309
9274 2742 4889
9275 5178 1779
9276 795 3004
9277 2939 4081
9278 3579 4671
9279 5547 151
9280 5671 6362
9281 7785 870
9282 6977 3668
9283 2856 5272
9284 5341 6133
9285 1438 5565
9286 4331 3434
9287 6734 6059
9288 3468 3991
9289 7251 1707
9290 1475 2761
9291 1842 1213
9292 7102 6595
9293 2705 104
9294 1055 7270
9295 6786 7304
9296 607 4672
9297 6871 3836
9298 3236 7595
9299 7647 5627
9300 7843 2947
9301 1344 7074
9302 5963 7886
9303 4334 3764
9304 7321 1382
9305 4485 7627
9306 4373 6832
9307 7660 7345
9308 4975 599
9309 4083 5488
9310 1234 4386
9311 2602 3186
9312 813 6480
9313 3596 3739
9314 1686 7583
9315 2024 4615
9316 1991 6609
9317 1741 4416
9318 7052 5717
9319 6980 3665
9320 2949 7346
9321 4835 3592
9322 2238 3839
9323 3026 3913
9324 21 3731
9325 6028 1840
9326 5105 4488
9327 3649 5337
9328 3178 5668
9329 2501 5493
9330 7882 1078
9331 793 7964
9332 4013 7483
9333 2104 3205
9334 5198 3691
9335 5132 173
9336 3453 967
9337 992 7845
9338 761 3482
9339 6945 1438
9340 4928 927
9341 1 4568
9342 2417 3307
9343 3957 3384
9344 6885 6939
9345 3874 4290
9346 1816 212
9347 3997 5963
9348 6499 647
9349 4595 5396
9350 4723 5086
9351 5987 5219
9352 2919 2592
9353 3189 5329
9354 7755 4432
9355 2904 2963
9356 2094 6112
9357 3856 7441
9358 3062 4328
9359 7931 5590
9360 7831 2668
9361 4816 4102
9362 2894 1142
9363 2316 1586
9364 1686 7638
9365 7815 3362
9366 5749 667
9367 7671 1450
9368 45 560
9369 4132 5499
9370 6752 144
9371 1776 1359
9372 5779 3510
9373 506 364
9374 1183 699
9375 7722 6651
9376 486 6889
9377 2203 7376
9378 6458 6008
9379 2052 3528
9380 3634 2378
9381 4031 2317
9382 4433 936
9383 4552 2302
9384 7487 1865
9385 1146 6212
9386 5832 2039
9387 3728 5545
9388 1567 5384
9389 4924 6700
9390 5588 3104
9391 4422 4119
9392 3017 6334
9393 6137 918
9394 727 6758
9395 4963 4574
9396 7913 3386
9397 1759 5474
9398 5548 2165
9399 671 4377
9400 5698 2349
9401 193 6292
9402 4529 6846
9403 3222 4873
9404 5234 4814
9405 534 5205
9406 1006 6514
9407 431 6499
9408 79 1230
9409 1982 3548
9410 2708 6956
9411 1433 7732
9412 4518 7249
9413 2572 4304
9414 6676 689
9415 6937 1213
9416 4906 7123
9417 105 4076
9418 5171 3069
9419 5679 7999
9420 2812 1031
9421 1037 315
9422 3847 286
9423 6513 7647
9424 848 3923
9425 3404 7265
9426 1248 6498
9427 4365 349
9428 5075 1489
9429 6346 6224
9430 1080 555
9431 4894 6640
9432 4992 2005
9433 1307 2376
9434 6716 3471
9435 3857 2995
9436 6847 7624
9437 5455 4263
9438 5521 2626
9439 1799 4834
9440 1437 3084
9441 2282 2642
9442 3286 7459
9443 6076 468
9444 1603 6173
9445 828 3256
9446 2873 1822
9447 725 4068
9448 5323 2518
9449 1215 4425
9450 291 2578
9451 7640 6620
9452 1509 4842
9453 3440 3350
9454 4165 3669
9455 3523 7497
9456 6230 6165
9457 4653 4080
9458 500 3092
9459 5733 1117
9460 5820 1356
9461 662 5596
9462 3152 3806
9463 3512 5064
9464 4459 1079
9465 6695 1790
9466 1966 1484
9467 6995 4652
9468 3891 7527
9469 3247 7007
9470 1237 2501
9471 5230 1963
9472 1999 3596
9473 168 3893
9474 12 902
9475 3002 5149
9476 3392 3553
9477 3612 243
9478 2066 1036
9479 6119 3899
9480 5733 733
9481 7179 6862
9482 3302 4025
9483 4561 5135
9484 6363 5869
9485 4679 6976
9486 2758 7870
9487 4286 1922
9488 514 3723
9489 4335 7613
9490 3257 6669
9491 3877 7170
9492 5473 4418
9493 3930 410
9494 743 5832
9495 4676 2921
9496 3931 503
9497 2666 170
9498 4087 5897
9499 1479 5338
9500 2129 7137
9501 3337 545
9502 7205 4903
9503 6897 798
9504 5069 6986
9505 6175 6253
9506 5131 6052
9507 2467 1730
9508 83 6304
9509 2306 3475
9510 3165 742
9511 4050 3927
9512 6071 6373
9513 4541 3542
9514 555 6030
9515 545 681
9516 4583 1855
9517 7754 1752
9518 612 7419
9519 7602 7190
9520 7557 4807
9521 3167 6623
9522 7442 301
9523 1325 6168
9524 263 5273
9525 2338 7519
9526 4070 6822
9527 6199 4754
9528 7989 5004
9529 657 3417
9530 6344 7382
9531 3718 4493
9532 177 7826
9533 5411 2324
9534 6640 7635
9535 7724 1763
9536 3688 7081
9537 2857 5120
9538 6875 6778
9539 7996 6268
9540 3000 675
9541 4070 4919
9542 5909 7116
9543 5559 7195
9544 1592 5649
9545 7796 4374
9546 3092 990
9547 626 3856
9548 5242 6654
9549 6309 3811
9550 663 6264
9551 7578 2616
9552 2750 3803
9553 3438 4868
9554 4565 1998
9555 3712 6133
9556 3215 5346
9557 7813 6620
9558 3983 3162
9559 3398 2216
9560 1460 3685
9561 3557 7408
9562 3489 1809
9563 699 3245
9564 7729 5052
9565 483 4377
9566 5515 4357
9567 2625 2031
9568 3700 5927
9569 3104 3044
9570 1132 4941
9571 2393 7576
9572 3840 4290
9573 6562 1436
9574 4380 3546
9575 7530 7748
9576 7962 4284
9577 7044 6433
9578 6615 251
9579 3954 632
9580 6635 900
9581 3974 5180
9582 6135 7123
9583 1448 4557
9584 1289 7551
9585 3448 1796
9586 4930 4409
9587 4078 5025
9588 4847 5953
9589 4457 2348
9590 1511 6613
9591 2744 5871
9592 5857 2661
9593 5171 3991
9594 125 3057
9595 131 7006
9596 2268 1986
9597 1262 3855
9598 5585 6581
9599 6170 2082
9600 693 3954
9601 5243 4852
9602 4174 4528
9603 6365 7245
9604 3359 7819
9605 5774 64
9606 7147 7207
9607 5181 1963
9608 1582 5963
9609 3941 7553
9610 6394 1492
9611 5820 5111
9612 5842 4508
9613 1365 21
9614 299 5507
9615 5238 4634
9616 4181 2874
9617 6774 2175
9618 7388 5489
9619 218 5913
9620 3748 6180
9621 922 3391
9622 2196 2121
9623 4706 5279
9624 1623 3758
9625 2010 4550
9626 2442 1397
9627 3090 5916
9628 5516 3283
9629 2422 2982
9630 5025 2328
9631 7194 3532
9632 7202 3501
9633 634 238
9634 6758 6238
9635 465 1811
9636 695 5367
9637 2514 311
9638 1247 3028
9639 5369 4102
9640 579 5716
9641 6092 3731
9642 234 7229
9643 5314 2474
9644 6633 3548
9645 1072 1876
9646 2102 1352
9647 1763 6794
9648 2209 7323
9649 3078 7182
9650 815 6895
9651 4786 355
9652 5490 2927
9653 6038 4266
9654 7116 1967
9655 7024 7825
9656 5481 6211
9657 1660 5306
9658 4225 146
9659 504 7409
9660 7716 3523
9661 7481 5774
9662 496 6458
9663 7121 4631
9664 7655 3420
9665 93 5673
9666 6729 4515
9667 2714 5478
9668 2652 1070
9669 5445 4323
9670 3884 5006
9671 3294 2315
9672 4831 778
9673 6219 995
9674 4337 4722
9675 4449 2261
9676 7988 6051
9677 953 1146
9678 2447 331
9679 7003 5855
9680 4306 2112
9681 3968 4856
9682 1022 3208
9683 6928 5261
9684 2765 95
9685 7350 7769
9686 2328 6062
9687 4686 6577
9688 3106 7021
9689 5567 1935
9690 7563 5127
9691 4269 1834
9692 1927 7677
9693 1396 2755
9694 5196 4688
9695 2458 5089
9696 6086 361
9697 2290 3567
9698 5713 2713
9699 1538 6023
9700 7584 1359
9701 6515 5174
9702 2864 2760
9703 6566 2537
9704 5316 4156
9705 2928 6853
9706 4737 5386
9707 2388 1700
9708 3501 2715
9709 4073 219
9710 4840 5996
9711 2341 3275
9712 2847 6314
9713 421 7432
9714 5744 4557
9715 6719 4567
9716 3939 6817
9717 6890 4542
9718 124 7976
9719 2388 1696
9720 448 1051
9721 5220 6908
9722 6215 7241
9723 2677 6600
9724 7712 4544
9725 6124 7091
9726 5772 5680
9727 1236 5370
9728 3787 4569
9729 2939 6066
9730 460 7123
9731 633 414
9732 3023 7892
9733 7678 6531
9734 1169 6243
9735 3898 4693
9736 263 4841
9737 5404 7477
9738 2391 3618
9739 3433 5531
9740 3066 7633
9741 5464 3961
9742 5326 5619
9743 642 720
9744 3651 3134
9745 6689 2231
9746 7602 4454
9747 2581 7284
9748 3645 483
9749 4990 5325
9750 2679 5263
9751 4534 5098
9752 2083 1951
9753 5750 310
9754 2515 3604
9755 6465 3299
9756 7244 625
9757 6774 7643
9758 6373 7030
9759 4811 7995
9760 1583 5992
9761 1056 129
9762 6284 2587
9763 7719 6742
9764 6930 1510
9765 1190 7049
9766 1900 4390
9767 6280 165
9768 5907 2721
9769 1836 786
9770 5607 1166
9771 7579 234
9772 2235 5001
9773 2122 2430
9774 6617 2875
9775 5813 6386
9776 7515 4629
9777 770 7763
9778 3052 4899
9779 2521 3125
9780 7319 1529
9781 2287 2203
9782 2595 4451
9783 864 3992
9784 1380 7155
9785 1878 5986
9786 1213 399
9787 7649 4213
9788 4307 4222
9789 5603 809
9790 495 5529
9791 3361 7885
9792 6479 203
9793 7551 4760
9794 3458 1657
9795 7238 3237
9796 4172 4681
9797 334 7135
9798 7530 5739
9799 3849 2514
9800 2361 3277
9801 5633 6909
9802 6151 3769
9803 4739 6408
9804 3827 1186
9805 7579 7470
9806 6729 5526
9807 2770 2185
9808 1228 3226
9809 6120 1168
9810 3465 294
9811 2162 7842
9812 5350 685
9813 7389 5225
9814 359 3335
9815 1197 101
9816 3676 3039
9817 7235 6661
9818 6200 1105
9819 6502 7260
9820 7199 2063
9821 7936 6679
9822 5898 4672
9823 7847 6302
9824 7553 7069
9825 209 5739
9826 2492 1769
9827 1567 1014
9828 7519 3693
9829 3564 3309
9830 7296 3884
9831 4709 4946
9832 774 6475
9833 2764 5054
9834 4282 3338
9835 3772 1214
9836 2985 6724
9837 5721 445
9838 2337 4737
9839 7031 6241
9840 1614 5910
9841 6161 7962
9842 5377 4226
9843 239 1740
9844 3266 6195
9845 3175 7090
9846 7374 6958
9847 5177 4617
9848 1606 2105
9849 3985 1668
9850 2393 2323
9851 2705 5057
9852 3190 7261
9853 6909 5236
9854 3022 4879
9855 5743 7183
9856 5555 10
9857 3553 4802
9858 793 6802
9859 1388 696
9860 6827 1470
9861 1424 1008
9862 319 3363
9863 1244 244
9864 5240 3087
9865 6264 3329
9866 3904 1694
9867 7430 1613
9868 6827 2318
9869 2572 2923
9870 3026 1581
9871 2619 6988
9872 3144 7941
9873 623 467
9874 6657 1334
9875 4834 3648
9876 2537 4875
9877 5330 3068
9878 7017 5898
9879 1350 2922
9880 6107 3038
9881 1048 347
9882 7380 4689
9883 2328 371
9884 2217 1727
9885 3286 5082
9886 3760 4815
9887 5890 5373
9888 5641 4075
9889 3178 4167
9890 1558 7822
9891 5451 7773
9892 7551 1127
9893 550 1525
9894 2993 2070
9895 5192 5087
9896 2521 5009
9897 4302 5239
9898 5681 5802
9899 3679 7882
9900 177 5881
9901 6349 6552
9902 402 2494
9903 2607 7896
9904 6195 6808
9905 618 658
9906 885 4087
9907 2687 1709
9908 240 40
9909 4049 4989
9910 4815 7481
9911 3357 1931
9912 7532 6673
9913 7366 4483
9914 1321 5544
9915 2311 371
9916 6793 1630
9917 3555 7672
9918 1249 1229
9919 7626 4517
9920 7638 5619
9921 2847 6181
9922 5401 1410
9923 5130 589
9924 2283 531
9925 3781 4924
9926 6975 139
9927 4937 412
9928 3758 1234
9929 2652 1401
9930 1924 5024
9931 1395 6794
9932 3456 6310
9933 1518 2828
9934 788 3207
9935 4026 5985
9936 1247 2418
9937 3025 532
9938 4709 2081
9939 4724 106
9940 3922 7821
9941 163 5145
9942 7475 1991
9943 7637 3120
9944 4067 6269
9945 2893 4526
9946 5399 4094
9947 2877 4109
9948 2940 686
9949 786 5891
9950 4826 4530
9951 4252 1555
9952 4326 2127
9953 3530 1282
9954 2509 3008
9955 924 2987
9956 1429 7902
9957 4251 2695
9958 5317 3546
9959 3945 5930
9960 3302 7155
9961 4190 6625
9962 660 4327
9963 6297 1053
9964 2215 5810
9965 5885 581
9966 1977 627
9967 5137 1099
9968 5183 49
9969 4850 6545
9970 2801 1964
9971 5412 4905
9972 4039 2223
9973 6658 6012
9974 7712 1916
9975 7472 5436
9976 662 322
9977 7446 5826
9978 449 7083
9979 5700 942
9980 5330 7379
9981 5503 5807
9982 2232 5473
9983 6517 557
9984 6147 5417
9985 7498 7963
9986 2012 4907
9987 5056 3160
9988 770 4267
9989 510 7233
9990 3721 5654
9991 2040 3484
9992 6254 3641
9993 5814 753
9994 2604 4214
9995 4281 1026
9996 5948 4695
9997 6544 1078
9998 1324 670
9999 761 7623
10000 1352 546
10001 3838 3458
10002 2587 1756
10003 6351 6557
10004 6588 5771
10005 860 2385
10006 5104 6387
10007 2302 1439
10008 1281 5308
10009 863 175
10010 4426 7219
10011 6881 6680
10012 4282 6643
10013 3196 6090
10014 7451 7187
10015 2818 2681
10016 6845 7542
10017 3063 919
10018 4926 7473
10019 5576 741
10020 4512 1298
10021 3839 3191
10022 5695 3019
10023 6280 3580
10024 3617 3017
10025 7273 6702
10026 813 4014
10027 7814 4671
10028 3676 5312
10029 5377 7205
10030 1295 7721
10031 6051 4947
10032 7071 3183
10033 3792 579
10034 4465 2476
10035 2912 7907
10036 7570 4882
10037 1644 5849
10038 262 6564
10039 741 5555
10040 3930 7150
10041 6068 3141
10042 676 3435
10043 7889 7833
10044 7269 3736
10045 2671 6490
10046 7297 5618
10047 7142 2704
10048 2003 5036
10049 7479 1338
10050 3750 3893
10051 211 1795
10052 3373 7153
10053 3667 3950
10054 7136 3266
10055 1776 5727
10056 3811 4599
10057 3248 6223
10058 3285 2279
10059 1916 4527
10060 3201 3250
10061 4822 3673
10062 3703 4056
10063 1184 2244
10064 5656 7487
10065 4716 3316
10066 696 3246
10067 5345 2187
10068 6421 2767
10069 3980 1835
10070 4634 3374
10071 3428 5095
10072 7066 6951
10073 2900 4981
10074 4426 4256
10075 7092 3711
10076 3637 4743
10077 2843 7424
10078 754 3918
10079 7285 7990
10080 2855 5955
10081 5344 3995
10082 69 639
10083 46 5220
10084 3635 2661
10085 1258 2819
10086 1573 7540
10087 6693 5684
10088 7554 5252
10089 7268 7182
10090 7528 4480
10091 3566 2401
10092 7819 415
10093 7350 519
10094 3653 7177
10095 7903 4399
10096 2766 3865
10097 489 4797
10098 5975 7732
10099 709 6621
10100 6575 1062
10101 1244 2058
10102 4909 246
10103 3015 7593
10104 65 394
10105 2035 7446
10106 854 3055
10107 6097 5792
10108 6618 6946
10109 2623 1853
10110 4085 1033
10111 3243 5527
10112 6706 6585
10113 7210 4462
10114 4773 4344
10115 3685 4730
10116 5850 4773
10117 6164 187
10118 3504 5217
10119 7961 956
10120 1128 4645
10121 4768 5579
10122 4094 4625
10123 4915 6954
10124 5032 4621
10125 3764 7527
10126 1934 4553
10127 1943 178
10128 4807 6256
10129 2596 1543
10130 1810 2676
10131 7186 7526
10132 7602 3639
10133 2728 5883
10134 1570 5513
10135 5331 6109
10136 5998 4824
10137 6730 2723
10138 4481 1991
10139 4349 2503
10140 7869 2499
10141 1924 3213
10142 6349 2188
10143 7842 180
10144 1990 6870
10145 52 4855
10146 3042 6737
10147 6774 6389
10148 4161 2036
10149 2984 2570
10150 356 848
10151 7547 776
10152 4746 2964
10153 3026 7172
10154 3997 2056
10155 3257 3889
10156 4850 3032
10157 4130 7161
10158 3365 2263
10159 5473 1805
10160 38 1826
10161 5520 184
10162 4394 3734
10163 1481 330
10164 7773 338
10165 4161 1388
10166 5858 5686
10167 2224 3323
10168 1088 6532
10169 7828 4846
10170 2999 456
10171 3685 7862
10172 4772 4632
10173 880 5103
10174 6050 5262
10175 1593 2869
10176 6330 5708
10177 338 2851
10178 5752 2088
10179 4852 6073
10180 3230 2310
10181 5976 7617
10182 691 7347
10183 2441 4761
10184 3652 696
10185 3998 6639
10186 2473 2116
10187 6643 846
10188 2195 6303
10189 1701 4517
10190 7453 6207
10191 1633 2005
10192 4664 2109
10193 328 1647
10194 6049 40
10195 163 7590
10196 5120 1516
10197 4737 24
10198 4263 2428
10199 5093 514
10200 5024 2982
10201 7077 65
10202 7931 7364
10203 6199 6683
10204 1900 7332
10205 7009 7234
10206 1022 5770
10207 4048 2273
10208 1628 2333
10209 7125 2086
10210 5173 3406
10211 7046 546
10212 5327 3366
10213 6397 1457
10214 1063 3767
10215 3477 2253
10216 4925 1034
10217 2402 3905
10218 9 1031
10219 7806 4027
10220 2291 6664
10221 3003 8000
10222 1184 6382
10223 6448 7801
10224 3360 7801
10225 366 2712
10226 4339 4067
10227 1800 103
10228 6082 1330
10229 1587 7173
10230 1541 5887
10231 6620 4424
10232 4671 2605
10233 6144 6265
10234 5073 7938
10235 2421 1785
10236 1050 4202
10237 3235 5135
10238 4231 7471
10239 1454 7982
10240 1287 740
10241 1985 5436
10242 5409 7265
10243 6097 3359
10244 7521 3919
10245 3344 4101
10246 7025 7754
10247 4797 7157
10248 272 7210
10249 2497 4409
10250 5113 6150
10251 621 4248
10252 5788 2682
10253 6705 5276
10254 7744 7649
10255 2932 6367
10256 4348 4375
10257 5976 682
10258 3211 2034
10259 7151 3769
10260 6326 7950
10261 4201 2713
10262 1337 7328
10263 4091 7459
10264 7166 5830
10265 3003 4808
10266 4357 7409
10267 1808 7810
10268 161 4797
10269 7232 2351
10270 1606 6577
10271 2075 6895
10272 2391 2319
10273 3707 2108
10274 1825 4349
10275 4254 1950
10276 6983 3577
10277 7811 633
10278 2624 2796
10279 7352 4629
10280 4819 925
10281 4297 6085
10282 641 4199
10283 1671 2084
10284 418 1852
10285 1542 5871
10286 4951 3126
10287 5109 5712
10288 7435 975
10289 6525 3797
10290 7188 830
10291 3173 3259
10292 4050 1643
10293 7507 3887
10294 5707 1285
10295 6987 3721
10296 5044 399
10297 5980 4474
10298 3415 1226
10299 4244 6486
10300 5904 5795
10301 27 2656
10302 6031 7375
10303 6967 6235
10304 5978 689
10305 7362 5931
10306 1441 403
10307 3658 5980
10308 981 4022
10309 6151 2183
10310 2170 1231
10311 625 3418
10312 7622 5039
10313 7502 3544
10314 1767 4495
10315 1566 2224
10316 1265 6959
10317 5506 3233
10318 2484 3090
10319 96 4879
10320 5992 3891
10321 1560 5192
10322 4947 780
10323 7143 6692
10324 3103 2966
10325 5292 1122
10326 5117 5579
10327 695 6649
10328 2991 6786
10329 4293 3111
10330 1393 4186
10331 5668 567
10332 4364 401
10333 6404 7796
10334 3011 898
10335 827 490
10336 5120 4180
10337 789 2412
10338 5532 6982
10339 1683 3499
10340 1365 479
10341 5751 3107
10342 1208 1381
10343 725 7687
10344 4903 6552
10345 2322 3008
10346 7475 4116
10347 3632 7808
10348 6469 6336
10349 2852 7065
10350 7642 1199
10351 7922 6074
10352 6919 2707
10353 7419 6976
10354 4474 4485
10355 2761 1850
10356 7776 3636
10357 4931 1646
10358 7086 2327
10359 4154 3448
10360 4683 3391
10361 7602 4295
10362 3008 7966
10363 393 3377
10364 4387 1548
10365 5034 1511
10366 6097 594
10367 18 5728
10368 4396 1916
10369 6249 7346
10370 1820 3396
10371 3035 2055
10372 1810 99
10373 5045 2978
10374 7940 6096
10375 5920 2112
10376 3561 6922
10377 2209 7749
10378 570 6516
10379 5419 1724
10380 7287 5269
10381 764 1288
10382 4333 1853
10383 6928 1357
10384 522 6949
10385 7172 7758
10386 1820 7502
10387 5797 5601
10388 6531 5298
10389 1945 6510
10390 3834 7807
10391 3833 424
10392 5098 2862
10393 680 4016
10394 1076 1919
10395 804 481
10396 5755 445
10397 5474 2951
10398 5080 2738
10399 6813 4647
10400 7974 7421
10401 2479 42
10402 2126 2642
10403 380 4985
10404 5984 610
10405 6323 2192
10406 1806 6697
10407 1046 1795
10408 1019 4052
10409 978 4361
10410 6009 6065
10411 4924 2206
10412 731 4810
10413 1950 1755
10414 1227 2059
10415 6517 7224
10416 1142 4882
10417 4657 1510
10418 7197 5118
10419 1228 5248
10420 2812 5569
10421 3103 3180
10422 5252 2586
10423 2040 4628
10424 6653 6976
10425 4147 5784
10426 4801 2704
10427 5986 4068
10428 6917 2860
10429 6245 3741
10430 3857 6893
10431 4261 3231
10432 4550 6878
10433 3093 2966
10434 3690 6071
10435 6245 1594
10436 1230 5648
10437 1611 4277
10438 4573 5820
10439 6907 3826
10440 5648 2325
10441 4879 2472
10442 302 5233
10443 2068 1250
10444 2593 4000
10445 3842 100
10446 2206 429
10447 3366 3374
10448 5111 4593
10449 3484 3871
10450 13 972
10451 2776 4419
10452 7342 672
10453 2585 3425
10454 2256 3900
10455 1999 7703
10456 2961 3605
10457 2033 1469
10458 6117 4782
10459 1559 7017
10460 3346 6780
10461 7069 2552
10462 2391 3217
10463 3283 7041
10464 7824 1100
10465 1824 5985
10466 869 4527
10467 3012 5005
10468 3996 1833
10469 4276 3473
10470 4633 3213
10471 560 1248
10472 2631 6210
10473 2292 3062
10474 5285 2622
10475 4053 3012
10476 3400 1614
10477 6988 7800
10478 7474 2120
10479 3423 5196
10480 4815 199
10481 7456 7581
10482 3705 1474
10483 5197 6505
10484 6138 2834
10485 1190 2940
10486 1059 2056
10487 6133 2412
10488 3458 7036
10489 2856 3995
10490 5172 1125
10491 3439 2255
10492 3474 2178
10493 82 2450
10494 3743 3445
10495 7499 1451
10496 2479 6980
10497 6132 6061
10498 4881 1086
10499 4863 6789
10500 1113 7839
10501 1467 7004
10502 6850 2432
10503 5385 3911
10504 4882 6847
10505 3816 7971
10506 4288 3869
10507 7397 5778
10508 6726 5883
10509 627 1656
10510 2366 2704
10511 6790 2432
10512 6104 5822
10513 7149 2076
10514 1782 1224
10515 6372 288
10516 1464 4145
10517 2643 2917
10518 4241 1954
10519 1228 3753
10520 3208 5744
10521 1383 2510
10522 1728 1112
10523 4527 1927
10524 6328 4863
10525 2288 2256
10526 6161 4882
10527 2206 879
10528 2937 1278
10529 7401 6335
10530 1406 3261
10531 3570 737
10532 1780 4414
10533 1013 4306
10534 255 3723
10535 6937 3979
10536 5595 2557
10537 2208 3330
10538 4319 5652
10539 2093 5595
10540 1973 1313
10541 5223 5121
10542 6662 541
10543 5269 6232
10544 3302 2740
10545 1404 4497
10546 3499 6146
10547 7868 3009
10548 2908 3133
10549 2197 4609
10550 4865 4336
10551 7705 5184
10552 5735 7919
10553 5614 111
10554 4787 4038
10555 6204 3751
10556 3738 3303
10557 310 1761
10558 3931 6025
10559 3490 4714
10560 6976 3672
10561 3496 4832
10562 2628 1644
10563 5175 489
10564 6279 7032
10565 4293 1775
10566 6965 2649
10567 1139 4483
10568 7448 4699
10569 7913 7867
10570 5783 2560
10571 4494 3291
10572 1704 1690
10573 915 5894
10574 2587 5694
10575 5230 5528
10576 4593 6370
10577 1103 6841
10578 4920 6340
10579 3859 7762
10580 4614 946
10581 5124 4965
10582 1306 7236
10583 6811 2120
10584 4831 4662
10585 6046 3910
10586 4370 2786
10587 1191 2657
10588 4087 4701
10589 3632 7307
10590 5402 2182
10591 3396 546
10592 1427 6284
10593 145 6903
10594 898 2895
10595 5340 2038
10596 518 3327
10597 3829 3351
10598 4945 5338
10599 2448 260
10600 7242 3646
10601 5074 4553
10602 6494 7771
10603 2084 7278
10604 2060 4890
10605 7306 3184
10606 1515 620
10607 7734 413
10608 61 5624
10609 1930 5007
10610 98 2922
10611 4453 1504
10612 3087 3009
10613 1814 4534
10614 3476 4121
10615 1265 3935
10616 1209 3809
10617 4501 6741
10618 3115 2298
10619 545 7317
10620 5961 5111
10621 6195 3832
10622 7373 2466
10623 756 7204
10624 1992 5882
10625 948 777
10626 5716 5341
10627 7169 4307
10628 6611 4050
10629 4688 6047
10630 7325 2660
10631 1893 6065
10632 5022 7593
10633 4657 5579
10634 1044 3375
10635 919 3227
10636 7293 6698
10637 1210 6183
10638 2011 4347
10639 1396 1390
10640 6254 2420
10641 1529 1897
10642 1906 7349
10643 7306 2819
10644 7496 1906
10645 2087 2243
10646 3203 1868
10647 6185 2611
10648 4869 3903
10649 2518 2395
10650 4367 1647
10651 7154 1856
10652 858 1940
10653 6019 1757
10654 3931 1973
10655 7626 6003
10656 4529 5759
10657 1019 5039
10658 3688 4811
10659 268 2300
10660 837 1835
10661 2378 1272
10662 2239 954
10663 3524 2573
10664 349 2359
10665 1141 2065
10666 3110 5446
10667 2785 2946
10668 4275 6298
10669 6340 7658
10670 4397 5892
10671 1544 7127
10672 7916 5479
10673 7699 7378
10674 5960 5282
10675 1053 6616
10676 4322 4754
10677 6263 6536
10678 4091 307
10679 580 4657
10680 6609 1659
10681 5247 5010
10682 3839 6781
10683 5383 7401
10684 3748 4974
10685 5366 3258
10686 1040 3724
10687 1829 7170
10688 49 7926
10689 106 501
10690 4867 941
10691 111 2104
10692 6628 4078
10693 7031 7795
10694 1313 7375
10695 2349 749
10696 3171 4790
10697 3995 2357
10698 1867 736
10699 1043 4425
10700 7278 743
10701 6330 1444
10702 4248 4310
10703 6849 3779
10704 396 48
10705 453 4699
10706 5355 4383
10707 3182 6988
10708 3150 453
10709 5060 725
10710 7406 3473
10711 7445 3292
10712 4259 4119
10713 7626 4187
10714 5149 6989
10715 3081 1665
10716 2787 7789
10717 3755 2443
10718 2491 4867
10719 5661 3021
10720 6572 2889
10721 3256 3146
10722 3206 7865
10723 4694 1566
10724 4868 2100
10725 1341 838
10726 6836 7667
10727 7276 4631
10728 7087 4339
10729 3506 7086
10730 1862 5152
10731 1860 4798
10732 3720 902
10733 5860 1450
10734 5682 143
10735 75 656
10736 4202 3726
10737 5418 3557
10738 7871 224
10739 7295 877
10740 669 3624
10741 1009 4306
10742 4023 6663
10743 5367 3691
10744 215 2596
10745 5370 6723
10746 4029 483
10747 781 3556
10748 2414 5621
10749 173 6782
10750 1219 1115
10751 3654 5646
10752 7113 5771
10753 5260 7292
10754 7411 5022
10755 1012 7302
10756 3861 6282
10757 1097 521
10758 1662 1717
10759 2730 4207
10760 49 5701
10761 7208 3998
10762 514 2102
10763 5344 226
10764 7751 6076
10765 5876 3764
10766 4408 6907
10767 1641 1878
10768 274 5506
10769 6912 2386
10770 6112 5220
10771 5847 548
10772 1060 289
10773 3764 6101
10774 7000 751
10775 2787 1365
10776 5638 3972
10777 7734 2426
10778 1733 5750
10779 1657 78
10780 1947 1914
10781 1776 7229
10782 2262 3261
10783 241 4508
10784 3907 3145
10785 1031 7444
10786 2254 1423
10787 6879 7229
10788 2419 2162
10789 5350 4482
10790 3242 3083
10791 3358 3175
10792 5684 2416
10793 7629 7827
10794 1493 1938
10795 1921 5612
10796 6613 6001
10797 3306 4577
10798 5804 2568
10799 7784 3997
10800 6038 6283
10801 2620 756
10802 367 3146
10803 358 2131
10804 5711 7745
10805 3050 3076
10806 6692 5271
10807 800 6610
10808 3883 7086
10809 6445 1663
10810 3806 6319
10811 4311 837
10812 6019 32
10813 7301 1602
10814 6100 3168
10815 410 4449
10816 129 7265
10817 4998 7159
10818 3349 7803
10819 3903 5055
10820 5709 7797
10821 5719 2482
10822 5456 2997
10823 4776 634
10824 4666 4989
10825 7435 3529
10826 3805 3990
10827 6694 3539
10828 4027 6655
10829 7028 4814
10830 2027 7775
10831 7125 2240
10832 7291 1214
10833 3599 5769
10834 4777 5323
10835 6141 6388
10836 4349 3533
10837 1831 2197
10838 6972 2214
10839 5069 5022
10840 2392 1366
10841 6426 2256
10842 4198 630
10843 1519 3950
10844 6330 6056
10845 2207 5745
10846 1128 1973
10847 1595 1826
10848 957 2345
10849 262 2653
10850 5787 779
10851 3180 5263
10852 5354 7951
10853 4899 5424
10854 4759 6853
10855 6836 7864
10856 5319 5517
10857 338 14
10858 5435 236
10859 2739 2806
10860 5526 1804
10861 6989 7081
10862 7010 255
10863 5955 6060
10864 4039 347
10865 2022 5804
10866 3794 2528
10867 1785 3367
10868 1853 1826
10869 6465 7881
10870 1948 3291
10871 2726 1060
10872 1314 2610
10873 5901 4989
10874 2197 3549
10875 7797 7165
10876 4829 6934
10877 1591 3229
10878 7007 4385
10879 331 5056
10880 4716 4867
10881 5844 7073
10882 671 1662
10883 4155 3397
10884 4883 2936
10885 1061 1547
10886 2193 21
10887 7930 6277
10888 5200 2220
10889 3428 2085
10890 4380 1045
10891 7595 6797
10892 3736 275
10893 6100 6472
10894 7859 2289
10895 415 2630
10896 3052 3786
10897 5417 7599
10898 1719 6341
10899 1780 4773
10900 6568 4281
10901 3328 6523
10902 3032 3515
10903 671 979
10904 3160 4670
10905 1765 1312
10906 6022 596
10907 5773 2191
10908 1967 787
10909 7015 6781
10910 1829 7109
10911 5972 2364
10912 1367 4832
10913 4264 482
10914 6872 5570
10915 7149 7795
10916 6133 5148
10917 3129 318
10918 5441 5788
10919 3672 4271
10920 3788 4500
10921 1414 2636
10922 3949 309
10923 1020 7091
10924 5519 4409
10925 4207 5223
10926 4862 6236
10927 1966 2558
10928 3333 2694
10929 766 1695
10930 1806 342
10931 4186 4557
10932 7353 935
10933 6152 2173
10934 6438 2170
10935 4236 3650
10936 3298 6310
10937 1076 1924
10938 4126 5122
10939 3465 2839
10940 6571 2791
10941 1724 2368
10942 7147 1968
10943 5059 5609
10944 3987 4472
10945 4300 7211
10946 4854 2262
10947 4318 7214
10948 448 2718
10949 4180 108
10950 6713 7134
10951 6610 73
10952 7211 2546
10953 4421 2557
10954 4167 6951
10955 2325 2632
10956 7270 4902
10957 7861 5024
10958 6118 3123
10959 3497 2795
10960 7864 1808
10961 7873 5570
10962 5864 3593
10963 4494 5310
10964 7210 220
10965 6868 4634
10966 353 7755
10967 2005 3950
10968 1096 2992
10969 5132 1872
10970 5567 1106
10971 1684 655
10972 7638 2734
10973 7279 7998
10974 7340 6735
10975 248 458
10976 4416 3193
10977 6390 5730
10978 5957 353
10979 3677 6823
10980 3631 5969
10981 2707 5213
10982 1478 1134
10983 6059 7424
10984 6038 2691
10985 5406 7896
10986 7983 7573
10987 2088 1932
10988 7093 6043
10989 6930 348
10990 3079 5416
10991 2358 2286
10992 4377 2145
10993 2990 3057
10994 5482 1061
10995 1024 6517
10996 1068 6229
10997 114 376
10998 7020 2637
10999 1107 84
11000 3366 5952
11001 6391 7915
11002 2475 360
11003 5503 4742
11004 4002 5837
11005 6054 3949
11006 7602 7329
11007 7656 7977
11008 2416 7045
11009 686 2339
11010 3394 7360
11011 6853 3870
11012 6740 5162
11013 29 6693
11014 5612 1462
11015 4124 7359
11016 6855 3122
11017 3931 6948
11018 1042 1790
11019 1900 2414
11020 1291 6576
11021 3911 6884
11022 951 4855
11023 154 3353
11024 2217 3127
11025 1226 7314
11026 176 5388
11027 159 7228
11028 5785 4887
11029 5651 3575
11030 5591 190
11031 3136 6443
11032 2727 7627
11033 6740 4726
11034 7443 1508
11035 4721 6457
11036 3909 7413
11037 2118 3355
11038 5774 1846
11039 4489 773
11040 1226 7085
11041 2921 4655
11042 244 5142
11043 235 7603
11044 6944 3650
11045 463 4298
11046 39 2339
11047 2268 1527
11048 5799 5545
11049 4255 6073
11050 3971 5495
11051 664 458
11052 5670 3180
11053 2546 307
11054 3558 6797
11055 1161 6846
11056 1364 7979
11057 2767 1945
11058 6884 7474
11059 2404 3641
11060 2462 4020
11061 231 6652
11062 3168 5561
11063 4009 1474
11064 1502 1598
11065 2063 2458
11066 2991 4789
11067 4022 1266
11068 6449 4594
11069 4156 453
11070 5602 6588
11071 6316 2048
11072 649 3522
11073 5276 4933
11074 1352 4911
11075 3857 4342
11076 7394 6303
11077 7074 5965
11078 1196 622
11079 2447 6936
11080 4033 1362
11081 7978 4602
11082 4805 1392
11083 112 5056
11084 519 7390
11085 1118 7460
11086 7022 6041
11087 2231 5321
11088 3378 7462
11089 1330 3673
11090 5849 699
11091 6088 6232
11092 1703 25
11093 5121 1174
11094 1835 5022
11095 1882 2681
11096 422 5182
11097 5088 7621
11098 4418 7580
11099 2545 7479
11100 2750 3251
11101 4151 7856
11102 6544 4187
11103 7265 735
11104 4684 7554
11105 6404 5511
11106 6985 1011
11107 7571 1037
11108 6452 414
11109 7943 4201
11110 2036 4972
11111 994 3195
11112 2822 5591
11113 6053 7033
11114 5180 576
11115 12 7971
11116 562 6847
11117 993 140
11118 4707 5128
11119 3788 2842
11120 410 90
11121 6920 2132
11122 5903 5691
11123 5837 7161
11124 1607 2043
11125 3970 6664
11126 4588 4561
11127 5963 2164
11128 7256 4095
11129 2405 7206
11130 5557 5382
11131 4732 7703
11132 5823 6031
11133 519 4557
11134 1604 7052
11135 303 1443
11136 160 1217
11137 7164 332
11138 1053 2958
11139 6993 5767
11140 4454 5810
11141 938 3317
11142 5883 4220
11143 3397 5017
11144 3858 1506
11145 714 4888
11146 1143 838
11147 231 2743
11148 447 3580
11149 5712 2276
11150 4263 7835
11151 131 6291
11152 5290 2475
11153 7369 665
11154 2255 4405
11155 5486 318
11156 1184 707
11157 4735 5528
11158 6241 7864
11159 4793 317
11160 1745 6711
11161 3908 4934
11162 1062 6694
11163 3741 597
11164 2595 1570
11165 5890 4987
11166 1670 1241
11167 4101 2968
11168 7250 758
11169 4821 6812
11170 7584 200
11171 7344 6803
11172 4571 6518
11173 1760 6643
11174 4728 3847
11175 2609 7552
11176 2134 4571
11177 7691 7475
11178 3571 4567
11179 7963 427
11180 3320 4341
11181 3468 4299
11182 6336 4567
11183 5048 6623
11184 2618 2805
11185 5004 5565
11186 5152 7281
11187 6465 4780
11188 7154 3814
11189 5035 2209
11190 4357 2520
11191 4250 1695
11192 3119 6169
11193 4178 6509
11194 7436 2262
11195 7566 1057
11196 5458 2234
11197 360 2456
11198 3472 1550
11199 1781 345
11200 5676 7769
11201 2211 1069
11202 3220 7523
11203 3981 7930
11204 331 7538
11205 2882 2186
11206 7391 848
11207 1933 2714
11208 2560 1741
11209 6319 3346
11210 5357 6370
11211 5171 1441
11212 3737 926
11213 419 4929
11214 4393 7940
11215 5685 7913
11216 6872 7581
11217 936 2217
11218 169 7323
11219 5467 7038
11220 6177 2185
11221 7786 2775
11222 4202 3070
11223 3550 5474
11224 7615 7024
11225 4732 3300
11226 2097 1372
11227 5882 7524
11228 1154 7162
11229 470 196
11230 2757 5252
11231 1579 700
11232 396 5811
11233 2432 3083
11234 6493 654
11235 828 769
11236 7569 6832
11237 2164 6214
11238 6338 7435
11239 7162 7587
11240 4438 243
11241 6624 2091
11242 1462 518
11243 725 7906
11244 7143 5546
11245 6294 2551
11246 1379 5248
11247 3628 5313
11248 3665 1652
11249 4792 3388
11250 1315 4680
11251 2886 6890
11252 2750 3705
11253 1127 6082
11254 5553 497
11255 4872 5984
11256 7731 6474
11257 2272 7686
11258 7300 3631
11259 6664 2177
11260 4156 3545
11261 1742 1435
11262 5343 1305
11263 3976 6534
11264 555 1511
11265 1716 503
11266 1746 4281
11267 595 7241
11268 7325 4858
11269 4746 7328
11270 2966 4802
11271 399 4075
11272 4367 2172
11273 2729 4624
11274 4206 5032
11275 5344 791
11276 6600 6376
11277 5095 639
11278 4542 591
11279 6289 3870
11280 4731 2490
11281 4219 627
11282 1865 3219
11283 125 1653
11284 1132 1903
11285 5420 2766
11286 5391 1288
11287 493 819
11288 5008 3871
11289 7789 2840
11290 5068 7797
11291 7720 2764
11292 3684 7185
11293 1656 4382
11294 5252 2320
11295 2722 2965
11296 2968 6267
11297 6999 6664
11298 5643 1010
11299 4502 6632
11300 5852 5003
11301 7000 1860
11302 3416 5196
11303 117 1836
11304 3141 2019
11305 2379 2863
11306 5397 5889
11307 3772 6691
11308 941 956
11309 5477 6671
11310 3520 7982
11311 3868 5622
11312 6104 41
11313 2006 6953
11314 5503 3582
11315 3544 1834
11316 900 569
11317 1012 5201
11318 5358 5173
11319 2340 4906
11320 1234 1583
11321 5589 41
11322 7916 6633
11323 5517 6356
11324 1184 6070
11325 1793 7245
11326 1935 2825
11327 4178 7800
11328 1950 73
11329 494 7199
11330 2161 2438
11331 1649 3047
11332 6156 7513
11333 6440 3173
11334 5671 3543
11335 2733 6969
11336 7299 7672
11337 4498 880
11338 6004 7064
11339 4615 7554
11340 4239 4619
11341 7974 7699
11342 6658 3951
11343 7099 6723
11344 7371 4539
11345 5435 5068
11346 4889 3146
11347 7221 6577
11348 5318 5500
11349 6769 6900
11350 2128 7419
11351 6516 1988
11352 7515 6973
11353 1708 7568
11354 994 2471
11355 2159 134
11356 7634 6323
11357 4 5187
11358 258 3698
11359 7916 1241
11360 1354 3632
11361 2271 1054
11362 303 574
11363 460 3935
11364 1851 1410
11365 5968 3168
11366 1329 732
11367 4823 2921
11368 7002 6180
11369 3332 2923
11370 3365 5361
11371 2826 3577
11372 5009 7613
11373 2248 6077
11374 348 4378
11375 6508 7113
11376 1956 7124
11377 1648 5212
11378 4815 2553
11379 7246 54
11380 7251 3786
11381 3880 5105
11382 1220 1504
11383 1647 2084
11384 2037 6717
11385 2682 3937
11386 4654 2946
11387 1926 2346
11388 7835 3840
11389 4519 3957
11390 7284 2478
11391 346 5327
11392 7472 965
11393 3181 4528
11394 2090 5447
11395 6409 1675
11396 4787 4468
11397 194 6252
11398 3183 6855
11399 5519 5601
11400 4009 4025
11401 2541 6368
11402 2591 7989
11403 6675 6539
11404 3963 352
11405 7250 6098
11406 6024 6537
11407 6236 5334
11408 4057 2308
11409 3515 2118
11410 3892 2872
11411 396 1434
11412 1429 4181
11413 3979 7936
11414 5743 326
11415 6554 3022
11416 6214 3716
11417 278 1878
11418 5054 4292
11419 4446 5231
11420 2558 2240
11421 6268 4445
11422 2864 7177
11423 362 2093
11424 5301 7990
11425 261 2854
11426 7550 7761
11427 2481 6025
11428 1574 7846
11429 7896 6670
11430 4976 3868
11431 4494 1451
11432 7130 7171
11433 6271 3649
11434 2090 4760
11435 7572 339
11436 7804 240
11437 25 7819
11438 7230 1118
11439 6892 237
11440 1536 4122
11441 7392 2382
11442 7772 4835
11443 7258 6401
11444 6151 2489
11445 6522 6388
11446 1390 7863
11447 4433 4557
11448 4886 4232
11449 7476 3592
11450 6565 7512
11451 6631 6751
11452 5850 361
11453 2867 7301
11454 4472 3029
11455 3118 4473
11456 209 5243
11457 6934 3100
11458 6815 5655
11459 4266 7987
11460 4035 5563
11461 25 6686
11462 1141 6664
11463 5420 2832
11464 662 7183
11465 6965 2434
11466 3014 5463
11467 5858 6635
11468 41 2212
11469 1625 7525
11470 2012 34
11471 2486 7344
11472 1586 6726
11473 5240 1965
11474 3332 1100
11475 3255 4374
11476 7993 4950
11477 958 7619
11478 2010 481
11479 7904 3959
11480 1101 2596
11481 1910 7144
11482 2229 6234
11483 3555 2662
11484 6515 3257
11485 1967 2190
11486 7313 6713
11487 1069 7855
11488 3306 5177
11489 6577 4863
11490 1560 3367
11491 4429 1117
11492 7669 6619
11493 6700 6713
11494 909 1172
11495 7298 7796
11496 7487 5440
11497 1359 5279
11498 1581 5040
11499 663 3628
11500 7365 1244
11501 565 5348
11502 5820 6053
11503 3209 2986
11504 1749 724
11505 1015 3516
11506 7454 1133
11507 1114 5970
11508 727 5033
11509 364 6945
11510 729 5040
11511 7907 6765
11512 5346 7779
11513 636 7334
11514 6801 2853
11515 7768 1040
11516 6009 7769
11517 3377 1810
11518 7581 718
11519 2394 5166
11520 4240 1523
11521 6999 7523
11522 833 7769
11523 6889 2761
11524 4797 3139
11525 959 5723
11526 6487 6391
11527 7741 4363
11528 716 4899
11529 2196 4592
11530 4679 808
11531 3729 1030
11532 5411 3362
11533 209 1575
11534 5392 4995
11535 2692 3431
11536 1804 1043
11537 2355 2784
11538 6699 2134
11539 3404 1634
11540 2181 297
11541 379 3492
11542 5205 3112
11543 1116 7278
11544 6895 6339
11545 6444 6051
11546 2675 1319
11547 6363 5580
11548 1769 894
11549 94 5500
11550 6671 2495
11551 7021 2645
11552 6229 6909
11553 809 7785
11554 6172 159
11555 4113 4419
11556 6040 1593
11557 3269 2739
11558 759 2691
11559 7790 7980
11560 5628 6871
11561 2392 5734
11562 77 5421
11563 1642 7310
11564 4642 6392
11565 2923 3254
11566 3943 7888
11567 3870 3481
11568 903 1819
11569 5 5961
11570 4756 7726
11571 3784 111
11572 5357 3836
11573 6862 6763
11574 6135 5533
11575 3788 477
11576 7346 4925
11577 4020 620
11578 5337 2861
11579 1586 1079
11580 2731 5267
11581 399 5065
11582 322 6353
11583 5292 496
11584 6514 2673
11585 3506 1507
11586 7987 1481
11587 1092 6099
11588 2908 3896
11589 7307 2736
11590 3555 348
11591 4318 4423
11592 1310 4447
11593 5266 6663
11594 7026 4391
11595 2611 2726
11596 1631 5768
11597 6137 3665
11598 6151 5803
11599 2069 7509
11600 7438 2299
11601 7600 1981
11602 2574 5646
11603 232 1334
11604 7196 4693
11605 3402 465
11606 3813 7883
11607 5046 3493
11608 5252 1035
11609 4650 796
11610 5696 423
11611 1316 391
11612 3526 6911
11613 2813 1723
11614 980 5611
11615 2943 2463
11616 2191 7515
11617 927 2236
11618 7148 55
11619 2488 140
11620 7361 6018
11621 7693 497
11622 7387 610
11623 4004 7324
11624 1700 5574
11625 6844 3044
11626 3442 4569
11627 7768 2314
11628 749 4500
11629 3718 5471
11630 2002 2244
11631 5033 607
11632 1486 4827
11633 1815 5006
11634 1325 5448
11635 7313 2063
11636 6328 286
11637 3513 30
11638 7545 2056
11639 302 2170
11640 6053 4575
11641 801 5129
11642 1475 5715
11643 3594 4213
11644 1731 1372
11645 583 1750
11646 6024 6718
11647 2753 3376
11648 6497 6753
11649 681 5621
11650 102 1039
11651 1376 5768
11652 491 4914
11653 3932 5141
11654 3838 3217
11655 1344 6855
11656 7308 3090
11657 7730 3229
11658 7909 1958
11659 7727 2650
11660 2364 2807
11661 6196 4333
11662 512 5998
11663 3156 3992
11664 3244 661
11665 3271 7908
11666 2858 7304
11667 892 3582
11668 7415 4877
11669 733 255
11670 5108 5907
11671 3561 3137
11672 6468 3777
11673 2865 1639
11674 3721 7885
11675 7483 539
11676 5960 4275
11677 1767 4991
11678 1931 4099
11679 4481 5295
11680 7308 6526
11681 1671 1346
11682 4563 1322
11683 4833 3671
11684 2980 5471
11685 1908 6604
11686 4286 6940
11687 7531 1579
11688 7732 7304
11689 5828 3116
11690 4559 4273
11691 3648 7156
11692 135 5224
11693 3628 2522
11694 7649 7981
11695 3887 5909
11696 1056 4890
11697 3637 482
11698 7722 3228
11699 6645 5633
11700 7735 920
11701 1715 137
11702 3604 1656
11703 5254 6999
11704 5166 1841
11705 2236 3890
11706 5728 1372
11707 6783 4058
11708 99 674
11709 2941 3681
11710 5612 6395
11711 479 7558
11712 3959 5414
11713 7779 6625
11714 6168 5471
11715 2193 7105
11716 7998 3771
11717 4952 6868
11718 2434 701
11719 5926 7729
11720 6692 938
11721 5247 379
11722 7027 7616
11723 4601 1474
11724 3897 3784
11725 825 2274
11726 7832 1252
11727 7409 4265
11728 7515 6974
11729 7786 5828
11730 7822 61
11731 501 183
11732 5640 229
11733 4313 4349
11734 1152 678
11735 405 2695
11736 5274 5458
11737 4906 6022
11738 4133 2211
11739 5074 6134
11740 4934 4088
11741 2281 6819
11742 3481 3125
11743 7302 6336
11744 1499 1404
11745 1058 1213
11746 5278 3487
11747 6798 4635
11748 7185 2823
11749 4157 1949
11750 614 2483
11751 2618 2990
11752 2706 2061
11753 1020 5813
11754 2221 1100
11755 4855 6749
11756 3578 4828
11757 1401 3668
11758 2269 1799
11759 1540 7094
11760 4486 3375
11761 3055 5497
11762 353 4890
11763 2068 2334
11764 6272 2219
11765 1052 432
11766 5459 7075
11767 5928 2746
11768 2293 4942
11769 1983 3661
11770 7885 5848
11771 594 6303
11772 3725 1185
11773 5388 9
11774 1660 5017
11775 5750 3831
11776 6665 3305
11777 1763 6026
11778 4901 1328
11779 4362 2134
11780 749 4131
11781 7794 6728
11782 5076 4310
11783 3819 5180
11784 6549 7529
11785 5165 4793
11786 4205 6839
11787 6526 972
11788 1497 276
11789 1647 3144
11790 1432 1099
11791 828 5438
11792 3434 4895
11793 6813 1174
11794 6482 4869
11795 7963 3562
11796 6868 6333
11797 312 4850
11798 7788 5389
11799 7732 68
11800 3147 5332
11801 4055 7219
11802 4081 645
11803 5697 570
11804 5379 4449
11805 3099 4668
11806 5138 1307
11807 7001 3632
11808 4883 3712
11809 6790 1019
11810 6960 2785
11811 7768 499
11812 257 1690
11813 5496 5458
11814 6868 6330
11815 4114 1268
11816 1192 606
11817 6169 5481
11818 4850 1802
11819 6120 1970
11820 6410 2053
11821 6991 950
11822 7305 2509
11823 7836 5386
11824 2794 5255
11825 1037 1408
11826 6395 769
11827 7705 2035
11828 7772 7633
11829 2938 7458
11830 2381 1278
11831 1111 5330
11832 4178 4748
11833 3356 7893
11834 6557 2208
11835 4909 658
11836 1445 277
11837 4867 2154
11838 5011 5366
11839 4576 3157
11840 6158 7319
11841 257 7152
11842 1653 717
11843 2732 3953
11844 6877 5267
11845 6896 6360
11846 418 7698
11847 320 4172
11848 6699 7757
11849 3295 1116
11850 394 7560
11851 7671 1887
11852 290 2999
11853 682 2975
11854 3609 3209
11855 2404 87
11856 6783 3436
11857 6463 3473
11858 2063 717
11859 2573 3580
11860 3227 1500
11861 4872 7407
11862 1589 6525
11863 3009 3460
11864 7340 141
11865 5059 3029
11866 7035 1951
11867 3714 7887
11868 3475 825
11869 5724 7422
11870 6939 6991
11871 4675 5947
11872 5566 4269
11873 7816 1662
11874 6642 5619
11875 1564 4310
11876 4741 6752
11877 6483 7317
11878 4127 7133
11879 5817 5826
11880 7647 2916
11881 5833 2183
11882 4819 1378
11883 4754 3455
11884 299 2789
11885 5189 5276
11886 5288 7902
11887 3408 3257
11888 7736 782
11889 3207 4737
11890 3328 3137
11891 7983 5580
11892 3849 1229
11893 7570 4742
11894 4440 5171
11895 185 4374
11896 6675 4570
11897 1864 1418
11898 1324 3396
11899 4392 5282
11900 3731 3044
11901 1638 422
11902 4557 1653
11903 5653 1031
11904 4580 6586
11905 6378 2937
11906 5541 1232
11907 5917 58
11908 4195 215
11909 1304 1476
11910 2584 5201
11911 1539 4035
11912 5954 4416
11913 4884 751
11914 4896 3035
11915 6476 3993
11916 1701 5981
11917 5418 3913
11918 6385 2577
11919 1024 3269
11920 3044 7289
11921 4763 3189
11922 7783 3575
11923 222 7753
11924 6998 2373
11925 3493 6256
11926 3468 6446
11927 367 7748
11928 6217 2236
11929 2341 3063
11930 5345 1260
11931 2187 5160
11932 2883 7588
11933 7029 7943
11934 4466 1820
11935 7147 5281
11936 6298 3958
11937 4644 3254
11938 3526 1541
11939 4281 526
11940 3328 3130
11941 4179 6455
11942 7646 72
11943 2800 5235
11944 39 1313
11945 7585 7094
11946 7682 7281
11947 2411 3000
11948 7369 3381
11949 6828 2258
11950 3547 3693
11951 7545 5181
11952 4283 1059
11953 3173 4720
11954 4435 2516
11955 1954 3425
11956 5547 1949
11957 3843 1665
11958 6713 4531
11959 5005 926
11960 730 4712
11961 1204 6519
11962 5994 2628
11963 3997 3194
11964 2021 453
11965 7507 243
11966 1873 5475
11967 5956 7387
11968 7682 309
11969 1606 2985
11970 1334 4579
11971 909 2457
11972 5689 1552
11973 4198 823
11974 2303 5702
11975 3316 6137
11976 6281 4440
11977 4485 2984
11978 2422 4672
11979 6951 994
11980 1225 1852
11981 1981 1994
11982 3611 4926
11983 2553 835
11984 7273 4167
11985 3427 553
11986 4140 7382
11987 6734 1500
11988 2560 3935
11989 7412 1692
11990 7453 1004
11991 4501 3056
11992 6507 7298
11993 3965 4240
11994 654 1651
11995 3059 6855
11996 7919 1945
11997 7026 7319
11998 6565 4517
11999 3731 6835
12000 3571 4098
12001 2521 583
12002 6227 1176
12003 2683 4818
12004 6847 7548
12005 3721 164
12006 6950 6230
12007 6317 7893
12008 7134 3907
12009 3151 6588
12010 1161 3076
12011 7345 4465
12012 2359 6771
12013 1400 7721
12014 1183 3538
12015 5452 6931
12016 1766 3581
12017 3221 6957
12018 1671 3625
12019 528 515
12020 2905 5424
12021 5483 1897
12022 5792 3805
12023 2536 3737
12024 258 5293
12025 1549 6617
12026 3018 1672
12027 332 3074
12028 5018 665
12029 598 4918
12030 3340 975
12031 4069 4120
12032 242 4035
12033 832 3842
12034 1869 6760
12035 757 1415
12036 1970 1272
12037 6152 5115
12038 4516 6342
12039 1427 1385
12040 6051 3121
12041 2016 6987
12042 3618 2915
12043 1349 4201
12044 1742 6945
12045 4957 417
12046 5891 1762
12047 4606 7321
12048 4963 3958
12049 773 5144
12050 5475 2880
12051 6461 1375
12052 7347 402
12053 1666 830
12054 43 108
12055 1047 3319
12056 2315 4270
12057 554 6898
12058 5579 7284
12059 3980 4427
12060 7178 1134
12061 2557 2972
12062 4749 4893
12063 5719 4008
12064 469 434
12065 5306 3710
12066 952 4628
12067 933 2922
12068 248 4794
12069 373 6072
12070 949 5868
12071 6391 4261
12072 4242 428
12073 4362 3194
12074 1427 7739
12075 6452 6083
12076 6270 3825
12077 6696 5053
12078 4010 4150
12079 7240 4409
12080 1793 4980
12081 4944 5999
12082 7507 7850
12083 2872 2293
12084 4523 5056
12085 2971 4130
12086 6202 6523
12087 254 5328
12088 683 6564
12089 2483 2614
12090 1231 4615
12091 4165 3053
12092 2105 6041
12093 1136 2217
12094 1433 2999
12095 1611 2626
12096 3009 489
12097 3750 6036
12098 1690 4484
12099 843 974
12100 6713 6092
12101 449 376
12102 7122 3167
12103 7545 7428
12104 7464 7581
12105 5981 182
12106 6488 5153
12107 4779 935
12108 5448 3807
12109 5665 3462
12110 5245 6171
12111 3754 343
12112 6258 5142
12113 4770 2308
12114 3468 2939
12115 2782 5322
12116 870 4262
12117 7312 2994
12118 4294 7751
12119 5376 2544
12120 6745 2392
12121 6581 7426
12122 4833 6742
12123 4888 4774
12124 78 7812
12125 5987 407
12126 2964 7054
12127 1645 2215
12128 599 7079
12129 1263 7262
12130 6023 3963
12131 3316 4191
12132 2671 2255
12133 6283 7954
12134 7503 7349
12135 1909 7421
12136 4391 2641
12137 4076 7757
12138 891 5808
12139 7377 3565
12140 7864 5715
12141 3422 2488
12142 4674 441
12143 5018 4963
12144 4217 4090
12145 1354 6944
12146 6683 4661
12147 4995 822
12148 781 5389
12149 6504 3582
12150 5891 3294
12151 4442 445
12152 4925 2121
12153 4588 5487
12154 1740 5935
12155 6188 2710
12156 846 5090
12157 6328 7681
12158 6692 1270
12159 4481 3590
12160 841 3057
12161 4248 7804
12162 5425 6697
12163 5259 5727
12164 3 1867
12165 571 1765
12166 4609 3272
12167 1627 6969
12168 991 3029
12169 2622 5128
12170 1476 1138
12171 3501 1752
12172 1564 2526
12173 799 2426
12174 2740 3167
12175 7166 91
12176 5200 7630
12177 5972 7079
12178 265 7584
12179 292 1740
12180 6950 1365
12181 5855 6083
12182 4677 2172
12183 2773 997
12184 6306 1198
12185 2845 2433
12186 3505 4774
12187 7796 4653
12188 6867 3370
12189 6839 2847
12190 3233 404
12191 4930 3633
12192 2812 3956
12193 6327 4919
12194 3612 2948
12195 3895 5818
12196 1812 6845
12197 7012 2852
12198 2396 7764
12199 6043 3794
12200 1864 240
12201 1072 5814
12202 1342 4810
12203 4336 6521
12204 5368 6476
12205 6174 2300
12206 2229 7874
12207 4399 6083
12208 7432 3646
12209 5375 1471
12210 3568 6868
12211 7302 6882
12212 6677 4499
12213 6095 2133
12214 5955 4982
12215 215 6347
12216 5473 4223
12217 5881 5107
12218 5904 3414
12219 7394 5309
12220 6333 4441
12221 3667 6681
12222 3449 7680
12223 6348 4712
12224 2984 669
12225 2270 457
12226 2242 534
12227 5369 3498
12228 2723 522
12229 197 1809
12230 1694 2648
12231 2736 2800
12232 1435 2112
12233 3381 7920
12234 4180 4173
12235 5142 3017
12236 4876 5923
12237 10 1920
12238 7837 6532
12239 54 6433
12240 757 1042
12241 6716 3565
12242 241 6866
12243 3889 4205
12244 7599 3434
12245 2837 552
12246 658 720
12247 5425 7689
12248 6467 2741
12249 7823 7367
12250 1594 6038
12251 3006 5117
12252 3703 5391
12253 2518 7342
12254 852 2768
12255 72 1659
12256 2213 583
12257 6404 801
12258 3110 2088
12259 4127 6868
12260 5153 2068
12261 2290 2577
12262 2764 6213
12263 850 1554
12264 2258 3066
12265 6475 447
12266 7813 1706
12267 3603 7759
12268 6354 2840
12269 3202 6180
12270 2203 7790
12271 6374 4892
12272 3222 4375
12273 319 2618
12274 928 5733
12275 1609 1048
12276 1048 7407
12277 5270 7755
12278 541 4681
12279 7709 1122
12280 7911 6952
12281 1007 2869
12282 5697 7337
12283 5203 2232
12284 7531 1552
12285 2838 4524
12286 6119 2616
12287 1110 4648
12288 1473 3432
12289 185 6829
12290 1231 142
12291 139 3245
12292 6890 5156
12293 4487 5604
12294 1485 7371
12295 2911 2413
12296 300 6868
12297 2792 2686
12298 543 3934
12299 1798 6656
12300 4029 5084
12301 5374 7320
12302 5587 3815
12303 4549 2669
12304 1855 4793
12305 3458 5511
12306 2983 2987
12307 6450 573
12308 3417 6439
12309 5321 6458
12310 5176 6584
12311 5523 3508
12312 4478 480
12313 1484 6200
12314 5331 4594
12315 7463 6799
12316 1372 6244
12317 839 1592
12318 3300 3905
12319 4942 6656
12320 6245 2127
12321 1005 900
12322 4181 6033
12323 6886 1889
12324 1329 5442
12325 7384 7711
12326 1826 6769
12327 7236 4838
12328 1108 580
12329 6227 10
12330 5193 1981
12331 7154 2862
12332 6808 2398
12333 2815 6094
12334 128 7216
12335 6632 3230
12336 7443 2934
12337 5986 2075
12338 1263 2662
12339 1391 4093
12340 6251 5422
12341 5000 6470
12342 7033 2506
12343 7378 1023
12344 236 2457
12345 5263 7473
12346 287 7944
12347 4632 2574
12348 2910 5175
12349 3485 7444
12350 6682 84
12351 1307 3701
12352 5472 5100
12353 3970 3848
12354 4159 640
12355 7268 7600
12356 3419 818
12357 4241 1684
12358 7466 6844
12359 3229 5613
12360 712 3029
12361 2317 956
12362 5657 7045
12363 1901 6743
12364 6663 1416
12365 2180 3210
12366 456 6468
12367 3186 1053
12368 3015 26
12369 3888 3060
12370 7688 3241
12371 3796 4664
12372 7946 6559
12373 3985 6868
12374 2897 6121
12375 2226 6651
12376 769 6640
12377 1966 5195
12378 1149 2746
12379 4050 4912
12380 6257 4644
12381 5304 2270
12382 6102 190
12383 3966 4936
12384 2882 2266
12385 3681 3344
12386 7819 7121
12387 5442 4417
12388 6524 6023
12389 4404 2524
12390 2641 7960
12391 2068 1709
12392 4727 6411
12393 1450 3429
12394 3006 4012
12395 5641 3692
12396 6815 6266
12397 4005 6684
12398 4998 6841
12399 1640 97
12400 7197 5978
12401 2749 2680
12402 722 6909
12403 3788 3098
12404 573 4559
12405 338 204
12406 3065 3027
12407 109 7638
12408 6022 3878
12409 6250 139
12410 4012 6057
12411 1265 5276
12412 1695 4178
12413 7349 6151
12414 4446 2570
12415 2173 7176
12416 5371 2943
12417 7150 4601
12418 2196 5430
12419 3714 653
12420 1042 5502
12421 3123 7895
12422 2008 2054
12423 7809 2960
12424 581 5791
12425 216 2592
12426 2028 4846
12427 3417 1464
12428 1842 829
12429 2785 2651
12430 6927 2953
12431 2333 2820
12432 1255 3033
12433 3111 4258
12434 4502 2436
12435 533 4035
12436 7273 2320
12437 756 5548
12438 1614 2555
12439 3660 6744
12440 2520 5562
12441 5132 6034
12442 5103 5108
12443 3595 4327
12444 6437 5223
12445 6353 4123
12446 5127 232
12447 2180 1490
12448 3576 3501
12449 4785 7478
12450 2518 488
12451 4970 2188
12452 4677 6889
12453 235 5827
12454 7229 2104
12455 2655 4040
12456 3829 1324
12457 5413 7765
12458 4089 2374
12459 7561 651
12460 2880 7127
12461 367 5704
12462 4987 1540
12463 6182 4378
12464 2519 4759
12465 4498 2806
12466 3193 359
12467 3783 3103
12468 2808 4935
12469 6385 3617
12470 6064 3785
12471 5808 1936
12472 2798 7189
12473 1611 4749
12474 5098 75
12475 185 5989
12476 3994 3315
12477 507 2276
12478 4290 6140
12479 1883 7863
12480 5678 4894
12481 2354 863
12482 5635 1127
12483 7241 1634
12484 2485 2888
12485 3086 7745
12486 6504 6601
12487 5754 2118
12488 109 6757
12489 5090 4550
12490 1341 375
12491 3093 6504
12492 5180 3607
12493 5643 3071
12494 6623 6925
12495 7545 7411
12496 5177 2628
12497 3386 444
12498 4286 6591
12499 1474 3037
12500 7031 6491
12501 5661 6434
12502 4300 7891
12503 2518 3018
12504 5333 5919
12505 4409 6383
12506 1257 3434
12507 5276 563
12508 2906 2447
12509 2890 3650
12510 4661 6703
12511 1892 2522
12512 6508 5060
12513 5380 707
12514 1827 5193
12515 2324 1386
12516 594 381
12517 5571 1641
12518 4034 764
12519 7109 2989
12520 5207 3896
12521 5170 4938
12522 1094 5202
12523 4255 4320
12524 4910 5731
12525 6485 1578
12526 2221 5980
12527 6900 4894
12528 6811 4033
12529 2164 278
12530 7932 3730
12531 2450 6267
12532 5228 7695
12533 5968 4180
12534 3513 4694
12535 6428 3123
12536 589 4144
12537 1643 3900
12538 3209 7847
12539 7678 3371
12540 2902 674
12541 3852 975
12542 3223 7673
12543 3278 6086
12544 4270 4814
12545 1256 3512
12546 4273 1751
12547 1460 1696
12548 4718 2426
12549 263 6408
12550 3080 7306
12551 4039 1482
12552 3373 5014
12553 1073 6378
12554 7176 3940
12555 3464 5712
12556 4904 2152
12557 3606 7257
12558 613 4433
12559 4652 487
12560 2213 6125
12561 4458 5674
12562 7174 2351
12563 7207 3865
12564 4611 1880
12565 3424 2915
12566 2394 1426
12567 1257 5035
12568 625 6793
12569 4124 2512
12570 3136 4526
12571 4736 4359
12572 4970 7077
12573 5809 4546
12574 2899 6556
12575 6103 7276
12576 7729 938
12577 2649 7687
12578 6251 2175
12579 5255 3014
12580 2201 4043
12581 5770 1529
12582 4983 4306
12583 272 2248
12584 2857 3757
12585 7893 2685
12586 119 7544
12587 6216 5824
12588 2799 7856
12589 7858 1458
12590 6553 2920
12591 752 2134
12592 4715 832
12593 5206 4310
12594 724 7986
12595 3695 2022
12596 2681 4963
12597 4306 7670
12598 3022 2066
12599 2293 2076
12600 4103 2879
12601 6002 2565
12602 815 2363
12603 1083 6871
12604 1536 120
12605 1226 3054
12606 3576 4150
12607 5968 5098
12608 7632 6680
12609 545 4011
12610 4352 1079
12611 1487 4192
12612 631 1147
12613 4599 2577
12614 6882 906
12615 5798 2796
12616 4214 3554
12617 5 3302
12618 4068 3101
12619 1537 5296
12620 7142 6739
12621 1211 6084
12622 819 5081
12623 217 3002
12624 7690 139
12625 530 3073
12626 5905 1325
12627 6213 6473
12628 1300 3607
12629 6627 3617
12630 5092 2901
12631 3923 7045
12632 921 2628
12633 6220 4797
12634 6386 1162
12635 5057 4272
12636 7881 5245
12637 7254 3070
12638 2959 6232
12639 6772 2916
12640 2417 163
12641 3133 5541
12642 416 3864
12643 3704 3014
12644 3772 1009
12645 7169 4179
12646 5735 707
12647 4599 5035
12648 4920 4665
12649 857 3309
12650 3060 7968
12651 1093 3962
12652 2869 899
12653 7445 600
12654 1768 520
12655 102 4318
12656 2204 5589
12657 2790 7294
12658 5412 5774
12659 4584 867
12660 3155 3663
12661 2803 7385
12662 1180 3495
12663 2936 6966
12664 1652 866
12665 1616 7224
12666 4667 4795
12667 65 5388
12668 4092 4392
12669 377 6292
12670 4068 4867
12671 4775 2289
12672 4131 2506
12673 1475 3656
12674 3505 6592
12675 5252 1794
12676 5007 1917
12677 6726 7062
12678 3911 513
12679 1766 1809
12680 7275 5185
12681 7449 7877
12682 4109 7050
12683 3734 2427
12684 1417 5532
12685 4311 443
12686 5852 4809
12687 7480 5086
12688 2561 2141
12689 3744 7362
12690 2550 1015
12691 96 7796
12692 2578 6897
12693 1817 856
12694 1678 6032
12695 2887 5824
12696 4426 4046
12697 7331 7651
12698 2196 3586
12699 6299 2767
12700 7286 3546
12701 2032 2983
12702 1958 6512
12703 124 3766
12704 5109 5431
12705 5016 7413
12706 96 4303
12707 7952 2481
12708 4004 3716
12709 6217 5129
12710 7289 4843
12711 2188 6554
12712 4012 1480
12713 137 4310
12714 2482 892
12715 3205 3455
12716 7617 3377
12717 1375 2098
12718 5205 864
12719 790 3956
12720 2978 3020
12721 4954 966
12722 3128 732
12723 4808 2501
12724 2633 5231
12725 3294 1254
12726 7510 4467
12727 1077 5500
12728 7945 6972
12729 3624 7650
12730 4899 1486
12731 3069 3942
12732 6971 1706
12733 808 5921
12734 4450 2451
12735 1092 6471
12736 3523 5397
12737 4636 622
12738 7459 1098
12739 2740 7000
12740 4106 4694
12741 6952 6211
12742 1385 7071
12743 224 7088
12744 5013 5832
12745 7188 759
12746 2384 1071
12747 3561 6806
12748 4192 1155
12749 2113 7973
12750 1169 2690
12751 3777 4931
12752 1780 6335
12753 3185 3886
12754 7829 536
12755 7316 3822
12756 4913 1774
12757 3953 3147
12758 3847 3893
12759 6038 5361
12760 2140 4372
12761 3067 3233
12762 711 2798
12763 1523 2068
12764 922 747
12765 536 1879
12766 4964 3356
12767 8000 3696
12768 2082 567
12769 4800 2674
12770 3909 5916
12771 1048 5217
12772 6325 6970
12773 1352 3006
12774 2067 6277
12775 7820 2293
12776 997 3886
12777 3043 6149
12778 3331 5493
12779 708 3435
12780 1406 1688
12781 2434 94
12782 1577 6568
12783 6778 115
12784 2742 7581
12785 7033 3146
12786 4129 3752
12787 4455 3042
12788 3285 468
12789 588 7828
12790 963 7234
12791 6595 4759
12792 3511 4036
12793 7602 1756
12794 7167 5787
12795 7661 5189
12796 4413 2613
12797 2984 77
12798 7351 1453
12799 5034 4262
12800 5072 6188
12801 2155 6023
12802 7097 4048
12803 3201 6332
12804 5573 2813
12805 2624 4045
12806 519 5538
12807 6882 4276
12808 4185 6888
12809 4117 2045
12810 6880 6093
12811 7808 5491
12812 7384 1383
12813 7412 6336
12814 4592 654
12815 2610 1214
12816 705 7942
12817 1953 7153
12818 6976 5580
12819 2940 7740
12820 7262 7433
12821 7367 6151
12822 1448 3762
12823 7582 7144
12824 6169 4104
12825 3751 4751
12826 1771 3179
12827 4195 4338
12828 5372 5568
12829 4488 431
12830 1229 1957
12831 7673 5407
12832 4166 6454
12833 6276 6141
12834 6700 1265
12835 1154 3204
12836 5604 7302
12837 2317 3173
12838 2771 7218
12839 1095 5476
12840 1229 6761
12841 5858 6414
12842 5506 1881
12843 4046 5230
12844 1659 3726
12845 4544 6767
12846 4258 4114
12847 145 7573
12848 4171 5568
12849 7396 1701
12850 712 7583
12851 5683 3743
12852 2386 6616
12853 5980 2840
12854 3469 4936
12855 6186 276
12856 7798 6455
12857 5385 3437
12858 3011 244
12859 2855 6394
12860 6308 3739
12861 6761 3011
12862 644 569
12863 1864 880
12864 5346 7529
12865 123 2762
12866 5312 4210
12867 2681 6456
12868 7090 2977
12869 616 6148
12870 6857 3721
12871 5461 3807
12872 5978 949
12873 7113 5066
12874 5533 3539
12875 2458 5355
12876 2089 1325
12877 3417 1331
12878 2004 1399
12879 1622 7536
12880 6236 4686
12881 3476 7863
12882 4090 3401
12883 6461 3418
12884 1605 1136
12885 4445 3785
12886 4071 6034
12887 3876 4278
12888 5914 4316
12889 3329 3380
12890 7545 7377
12891 4216 2444
12892 4360 6494
12893 5384 5294
12894 4160 3864
12895 56 5075
12896 5872 5969
12897 3466 956
12898 2319 596
12899 1521 4261
12900 5960 2399
12901 2487 5685
12902 684 4900
12903 5830 2340
12904 6013 6305
12905 6314 3107
12906 6925 432
12907 1833 7937
12908 6505 5558
12909 3889 6664
12910 7165 2236
12911 2002 4477
12912 6504 6378
12913 5328 130
12914 761 6791
12915 1323 2077
12916 7590 6912
12917 5673 659
12918 5888 2543
12919 4348 577
12920 1587 134
12921 3661 867
12922 1040 155
12923 6046 4351
12924 1240 6686
12925 4636 6114
12926 4576 4283
12927 5654 888
12928 961 5132
12929 2651 2440
12930 4252 3980
12931 6314 756
12932 3580 7215
12933 6866 1880
12934 4405 6959
12935 1724 4648
12936 4090 6079
12937 7157 5717
12938 6686 6185
12939 7821 6901
12940 5237 3294
12941 1073 3123
12942 2567 3128
12943 930 2438
12944 7757 6830
12945 7451 4960
12946 7374 724
12947 3951 1949
12948 4004 3967
12949 2225 3598
12950 2851 4714
12951 4648 2066
12952 2300 1945
12953 1264 3755
12954 3272 7772
12955 3365 5912
12956 7911 646
12957 6873 6349
12958 5573 2826
12959 5545 3204
12960 4265 1647
12961 1464 5256
12962 1671 2715
12963 3969 2279
12964 5863 3087
12965 5074 5627
12966 3379 1375
12967 5831 7984
12968 7756 4723
12969 2178 1328
12970 7473 2131
12971 4463 6056
12972 1426 1895
12973 6059 3592
12974 5315 844
12975 4911 376
12976 7458 7235
12977 3990 133
12978 719 5646
12979 5174 1315
12980 1235 3727
12981 6011 7524
12982 5331 3345
12983 7332 4598
12984 3373 4958
12985 6028 4471
12986 1322 2460
12987 1797 4096
12988 164 377
12989 7016 6097
12990 7507 6135
12991 3362 300
12992 3887 893
12993 4322 4877
12994 5788 6857
12995 2580 7970
12996 3395 4589
12997 5818 3660
12998 267 5268
12999 4395 5674
13000 7540 105
13001 5586 837
13002 918 7065
13003 6637 3188
13004 5679 6517
13005 2258 3913
13006 6591 239
13007 7866 4531
13008 849 2482
13009 3072 2401
13010 745 1201
13011 234 1714
13012 882 7787
13013 6157 2673
13014 5827 5557
13015 5592 1635
13016 4303 3303
13017 4455 2888
13018 7514 2254
13019 4847 2726
13020 1258 701
13021 4234 6270
13022 488 5733
13023 4120 7222
13024 1996 4632
13025 7668 3604
13026 3660 5988
13027 3253 5579
13028 4929 4129
13029 5701 493
13030 2895 455
13031 958 283
13032 727 5597
13033 3644 6648
13034 7311 4310
13035 3216 2434
13036 5307 4814
13037 793 5016
13038 4970 2384
13039 5940 339
13040 3623 2275
13041 1063 1422
13042 2096 2086
13043 5882 5041
13044 3261 7325
13045 7145 1171
13046 5090 1731
13047 3868 6479
13048 7160 4267
13049 210 1018
13050 4548 186
13051 2060 76
13052 3650 6872
13053 6082 3696
13054 3600 148
13055 4929 955
13056 6951 1860
13057 7864 7824
13058 5495 3815
13059 1056 768
13060 83 5453
13061 380 5824
13062 2658 2294
13063 3205 2191
13064 7665 3768
13065 1957 222
13066 7890 1035
13067 147 6758
13068 3853 7183
13069 4157 3064
13070 6546 1709
13071 3826 3837
13072 3698 1637
13073 6773 568
13074 2900 6759
13075 6764 3893
13076 7322 1706
13077 7552 7654
13078 2420 2527
13079 4362 1744
13080 717 3725
13081 3059 6860
13082 5378 6884
13083 4176 595
13084 6644 7595
13085 3827 957
13086 7690 7623
13087 2943 2857
13088 7046 4463
13089 3661 7310
13090 5686 7911
13091 3180 877
13092 6388 1261
13093 2474 4381
13094 6270 5540
13095 2791 4508
13096 6572 7519
13097 1313 4486
13098 3822 4993
13099 429 5270
13100 1094 5930
13101 2798 4119
13102 4306 6760
13103 4602 1943
13104 96 4086
13105 2450 3826
13106 3756 3260
13107 1997 368
13108 4363 5627
13109 877 4742
13110 4338 7652
13111 826 6295
13112 1572 5034
13113 6959 6571
13114 4324 5459
13115 4449 1550
13116 1722 6152
13117 896 238
13118 6256 5884
13119 1923 3414
13120 4742 7963
13121 6775 7255
13122 3349 6514
13123 1668 6436
13124 676 7959
13125 4474 2409
13126 2463 5858
13127 5602 6064
13128 5556 7297
13129 6087 6671
13130 3664 5353
13131 4493 5211
13132 7801 1588
13133 5510 3221
13134 6498 3472
13135 401 2586
13136 3075 1702
13137 5758 1749
13138 770 5883
13139 3474 5833
13140 556 6223
13141 478 5004
13142 4314 185
13143 4216 7071
13144 1409 3804
13145 2325 5238
13146 1511 2869
13147 3434 1420
13148 4544 2621
13149 6346 1130
13150 4833 7503
13151 3983 3796
13152 7084 2140
13153 6867 7330
13154 5780 869
13155 2804 5433
13156 2349 2163
13157 7445 7227
13158 3917 4968
13159 4331 5544
13160 1912 2643
13161 7508 3409
13162 384 7715
13163 199 7786
13164 7408 4772
13165 5760 4498
13166 6006 4857
13167 2197 3770
13168 2341 2727
13169 6510 6457
13170 7666 6725
13171 5574 1194
13172 5514 608
13173 590 6822
13174 1724 1294
13175 2985 5610
13176 3599 3624
13177 7486 3805
13178 6553 5139
13179 6925 5434
13180 814 2834
13181 2116 3457
13182 476 2078
13183 2173 3154
13184 2843 3137
13185 1106 3655
13186 1576 75
13187 1555 2575
13188 5738 2194
13189 1115 3873
13190 4723 7499
13191 7775 4513
13192 7007 882
13193 4115 5459
13194 3829 6018
13195 804 2733
13196 3373 5491
13197 5753 6257
13198 4465 6340
13199 805 5523
13200 5205 1487
13201 2848 6024
13202 7033 7478
13203 3748 262
13204 6727 4596
13205 5630 5808
13206 2291 3292
13207 2380 2907
13208 3726 5343
13209 4029 1854
13210 6945 190
13211 4340 406
13212 4857 879
13213 707 1919
13214 3230 1603
13215 869 719
13216 6882 7204
13217 7924 3573
13218 7151 5495
13219 2322 7839
13220 4890 4902
13221 4316 6128
13222 5416 1841
13223 7513 4923
13224 3930 2908
13225 4100 5693
13226 4350 281
13227 3628 5463
13228 2669 1968
13229 6664 5
13230 4175 6210
13231 6531 5794
13232 4238 5500
13233 740 1159
13234 7333 1649
13235 4807 7195
13236 2291 4833
13237 5453 2635
13238 6107 6883
13239 351 4052
13240 3926 1162
13241 26 2507
13242 2549 7276
13243 5615 5543
13244 3502 350
13245 3847 1027
13246 5888 1680
13247 481 1600
13248 6203 716
13249 2649 7407
13250 4422 5864
13251 4952 1771
13252 1190 3636
13253 2734 4245
13254 7794 5850
13255 3240 7863
13256 6460 775
13257 2046 1012
13258 6578 6959
13259 3890 5461
13260 7622 2882
13261 5545 401
13262 2993 6592
13263 6128 3736
13264 4290 977
13265 2264 5426
13266 2940 6578
13267 6211 2878
13268 6398 4777
13269 6004 6074
13270 3976 2154
13271 1111 6994
13272 7762 7085
13273 6521 1010
13274 2950 816
13275 2599 61
13276 1356 1580
13277 522 3299
13278 7062 6384
13279 3535 5714
13280 5580 1552
13281 45 2437
13282 7155 35
13283 1771 7233
13284 7759 2967
13285 2628 3863
13286 442 6700
13287 1656 4801
13288 2601 3794
13289 5674 6383
13290 3650 3577
13291 465 5119
13292 3438 1689
13293 1034 7482
13294 5448 530
13295 6747 3185
13296 3056 7246
13297 6854 7492
13298 6425 4966
13299 2893 3684
13300 1960 4933
13301 1339 3139
13302 7917 7092
13303 4798 4832
13304 477 768
13305 3056 1972
13306 2991 3694
13307 3770 1359
13308 564 4589
13309 7118 5177
13310 6979 4681
13311 2620 6054
13312 1347 1459
13313 6232 1557
13314 2473 222
13315 4558 1335
13316 3369 6237
13317 1902 5298
13318 5685 6146
13319 3912 5910
13320 7927 2143
13321 6335 4277
13322 5387 174
13323 72 184
13324 315 4915
13325 4920 2089
13326 4942 5485
13327 5868 6608
13328 3325 6376
13329 6491 2658
13330 467 1434
13331 4473 7983
13332 7404 6825
13333 7414 1829
13334 4877 4437
13335 5424 3096
13336 1226 2920
13337 4627 4656
13338 1356 1512
13339 1772 5189
13340 5294 3283
13341 1741 6735
13342 3388 3318
13343 6872 4828
13344 6939 1157
13345 2539 1099
13346 3296 5022
13347 2102 2048
13348 607 1974
13349 2451 4187
13350 5087 7526
13351 2706 5613
13352 4029 4078
13353 2595 7184
13354 3779 7863
13355 5931 2470
13356 760 6187
13357 6292 4853
13358 6645 2160
13359 2983 1444
13360 2570 5342
13361 6382 6363
13362 3323 4306
13363 7535 2615
13364 2997 3929
13365 1664 3493
13366 7332 1830
13367 3816 6282
13368 3051 5594
13369 79 3463
13370 1736 2207
13371 5030 1327
13372 258 31
13373 3566 692
13374 2667 701
13375 2029 6490
13376 7501 753
13377 3780 6606
13378 6427 3939
13379 3631 4928
13380 807 5400
13381 3017 4611
13382 4693 5342
13383 7169 7835
13384 6458 5508
13385 2557 3783
13386 4245 4279
13387 2868 1481
13388 6947 550
13389 498 3770
13390 6123 691
13391 6999 812
13392 4475 2225
13393 1081 4388
13394 3904 7219
13395 4568 7974
13396 1771 1534
13397 2276 4050
13398 2584 3237
13399 166 6229
13400 463 729
13401 7818 1364
13402 3275 3551
13403 4551 5627
13404 1342 4396
13405 2386 191
13406 1624 6509
13407 2935 3612
13408 252 1702
13409 2674 4254
13410 3965 471
13411 7790 1534
13412 3752 3808
13413 3456 3390
13414 2825 776
13415 769 1995
13416 4749 7497
13417 2523 3561
13418 4385 7748
13419 7267 544
13420 3814 3507
13421 6222 2865
13422 2082 5029
13423 4223 6924
13424 4629 7286
13425 2458 378
13426 7172 2362
13427 3688 3134
13428 1078 603
13429 6180 1155
13430 1982 3721
13431 2473 3341
13432 1399 4954
13433 952 2157
13434 3180 2578
13435 5500 5612
13436 3565 5668
13437 1584 2807
13438 3219 1897
13439 6096 4842
13440 2437 457
13441 5299 2004
13442 1311 37
13443 5479 7292
13444 2297 7218
13445 1565 4113
13446 6718 2096
13447 5221 2602
13448 7545 1605
13449 5257 3822
13450 3115 7590
13451 2350 1724
13452 170 6821
13453 7357 7927
13454 5086 3728
13455 7544 4100
13456 1524 1394
13457 4148 323
13458 7589 4446
13459 1505 7514
13460 6327 1146
13461 136 1678
13462 2312 5110
13463 5164 627
13464 5536 3854
13465 2951 7635
13466 7599 4373
13467 878 1571
13468 124 3352
13469 16 7668
13470 5446 3488
13471 1103 1488
13472 2670 7244
13473 4264 7013
13474 2035 206
13475 1329 52
13476 935 3052
13477 525 6958
13478 3441 869
13479 4875 4300
13480 7719 2285
13481 205 1059
13482 5951 7605
13483 1574 6294
13484 3598 4084
13485 2323 7393
13486 5124 7209
13487 3400 1985
13488 6855 2173
13489 4573 5637
13490 47 6764
13491 7016 1053
13492 2688 3477
13493 919 7603
13494 4622 7161
13495 5824 2569
13496 412 1298
13497 4338 710
13498 1470 2009
13499 3333 5381
13500 860 2311
13501 6225 7302
13502 1273 1788
13503 6898 3723
13504 3937 3860
13505 4972 4215
13506 4107 2059
13507 4267 7097
13508 2649 4268
13509 2459 6543
13510 2752 5687
13511 6474 2120
13512 6915 1409
13513 4854 1471
13514 1575 7285
13515 571 7792
13516 6926 5546
13517 1644 4465
13518 7389 7022
13519 1713 6372
13520 1003 7989
13521 6831 6141
13522 5000 5065
13523 7405 7144
13524 5614 3422
13525 5691 6635
13526 2206 5416
13527 3846 4885
13528 3566 7332
13529 3013 5077
13530 2004 4583
13531 124 4931
13532 2702 6356
13533 1623 1073
13534 1321 5789
13535 4023 2837
13536 2621 6234
13537 2265 6915
13538 4435 6987
13539 2237 5986
13540 1227 4520
13541 6472 70
13542 2619 2112
13543 7374 6514
13544 2669 4224
13545 4760 5974
13546 5650 7238
13547 3720 6761
13548 2140 3903
13549 4272 427
13550 649 3377
13551 4400 7441
13552 5584 2125
13553 1583 1551
13554 1148 1194
13555 4667 1245
13556 1210 6603
13557 4341 2578
13558 5208 1083
13559 1685 1273
13560 74 6060
13561 4343 3705
13562 3755 4563
13563 7800 6024
13564 6288 4438
13565 7130 2393
13566 1823 105
13567 7079 6714
13568 742 5230
13569 1380 1358
13570 6446 3847
13571 3976 6258
13572 6591 2370
13573 7891 1992
13574 2581 2547
13575 4349 442
13576 957 4808
13577 478 5428
13578 1542 2999
13579 3246 3009
13580 5077 527
13581 1044 2750
13582 4132 5740
13583 7680 4664
13584 5241 912
13585 3762 609
13586 6939 5136
13587 2922 1964
13588 970 2213
13589 5989 7934
13590 6342 7228
13591 4029 4290
13592 4732 1254
13593 5920 5497
13594 1813 7031
13595 3715 5663
13596 3751 7482
13597 262 4882
13598 4282 24
13599 7794 198
13600 7343 4416
13601 7207 3954
13602 6440 2202
13603 5969 1793
13604 6504 3711
13605 3932 2147
13606 7921 6030
13607 1076 2434
13608 7981 7762
13609 7719 7172
13610 1534 208
13611 3745 3160
13612 5509 5479
13613 6644 1234
13614 4974 5165
13615 1133 5564
13616 6267 5481
13617 5007 1155
13618 5447 4230
13619 4996 3805
13620 3506 877
13621 3579 6970
13622 3062 5871
13623 2297 5343
13624 4938 4018
13625 6604 4021
13626 6525 4286
13627 5559 69
13628 4168 408
13629 5740 1361
13630 2954 5905
13631 7350 2878
13632 7268 6583
13633 650 229
13634 5134 2832
13635 4898 3492
13636 1769 3176
13637 4393 911
13638 4897 7727
13639 5958 4060
13640 4275 1314
13641 535 3857
13642 2752 2474
13643 5058 2590
13644 3272 6874
13645 7487 7870
13646 7122 7649
13647 6123 2617
13648 921 1479
13649 7477 5396
13650 4212 3067
13651 7364 7133
13652 2992 5688
13653 4475 5293
13654 5264 7020
13655 3642 7934
13656 2715 6992
13657 5428 3107
13658 758 3530
13659 4793 2778
13660 1059 7657
13661 6043 6691
13662 6689 3046
13663 2018 746
13664 7094 1323
13665 85 4536
13666 1513 4661
13667 106 5666
13668 3789 6862
13669 827 7021
13670 4560 7816
13671 1132 648
13672 779 7379
13673 1908 4815
13674 5608 2365
13675 4787 6536
13676 202 4074
13677 7902 4427
13678 3430 747
13679 4149 5021
13680 5719 4007
13681 7719 2014
13682 5364 2214
13683 7464 1446
13684 5577 1319
13685 1767 489
13686 2172 4983
13687 6546 850
13688 2931 131
13689 5754 2086
13690 5612 2910
13691 248 1967
13692 4604 1395
13693 3482 7853
13694 7791 5791
13695 5738 5247
13696 4293 600
13697 2321 6197
13698 7719 4792
13699 7088 4013
13700 144 2244
13701 7143 4547
13702 2314 1077
13703 5777 4397
13704 239 210
13705 5877 6743
13706 4865 3887
13707 2806 3756
13708 7698 4558
13709 397 204
13710 5120 7295
13711 7679 2927
13712 4283 5140
13713 5957 4776
13714 5210 4110
13715 3090 5652
13716 3685 7946
13717 7395 6750
13718 6266 1200
13719 5091 1035
13720 6074 5763
13721 7737 562
13722 694 357
13723 1935 3739
13724 4132 6131
13725 4728 7164
13726 6820 7413
13727 4302 2533
13728 3771 3826
13729 5352 2894
13730 1501 7397
13731 2059 3077
13732 6098 968
13733 3591 1195
13734 5394 2604
13735 4923 7299
13736 7284 5015
13737 2564 4218
13738 3188 7195
13739 905 6583
13740 474 1659
13741 1023 4211
13742 1027 3580
13743 6030 173
13744 6601 5300
13745 5100 6148
13746 3264 4044
13747 5064 745
13748 5894 3581
13749 7369 4796
13750 7129 5606
13751 2215 1101
13752 5124 4080
13753 6759 518
13754 6827 1869
13755 1830 4277
13756 7811 1001
13757 595 625
13758 2808 5387
13759 2424 663
13760 4767 158
13761 1925 763
13762 5544 1105
13763 1798 928
13764 4058 5466
13765 7129 6461
13766 5731 3635
13767 7264 6440
13768 5473 1380
13769 6872 2255
13770 1673 6057
13771 6231 5307
13772 24 3433
13773 7245 2561
13774 6144 3767
13775 656 3993
13776 3230 4119
13777 5948 465
13778 7117 2095
13779 2843 7000
13780 4037 2982
13781 4927 4500
13782 5407 5603
13783 4934 5088
13784 1978 3979
13785 2234 1615
13786 5609 2742
13787 6817 5000
13788 436 1839
13789 419 1237
13790 1325 258
13791 3095 615
13792 2970 3253
13793 2292 5030
13794 6877 5099
13795 4017 3009
13796 4985 7705
13797 6757 661
13798 2364 6205
13799 5597 3525
13800 936 7762
13801 7254 5975
13802 514 6068
13803 5138 3166
13804 5584 6147
13805 3042 7394
13806 7880 192
13807 3581 5524
13808 951 5135
13809 7373 4200
13810 5548 6321
13811 3925 4193
13812 3550 5651
13813 846 3767
13814 7786 7860
13815 1180 6986
13816 5872 6799
13817 4905 6223
13818 687 3637
13819 7854 3925
13820 1456 1396
13821 943 6267
13822 7710 5385
13823 277 1134
13824 7236 813
13825 3431 3118
13826 5405 3782
13827 6841 3629
13828 7397 537
13829 5937 7302
13830 5644 3770
13831 237 6060
13832 5202 1044
13833 808 3352
13834 4929 1887
13835 7148 2345
13836 4562 806
13837 1303 1487
13838 958 5616
13839 2265 4718
13840 4248 2616
13841 5259 5257
13842 5000 4493
13843 7953 1459
13844 7176 5228
13845 4549 1143
13846 2265 4316
13847 503 3100
13848 7475 1192
13849 3119 2810
13850 256 4949
13851 7000 2670
13852 1687 7620
13853 7236 5409
13854 3323 5732
13855 6002 4809
13856 1322 86
13857 4347 3035
13858 4314 5651
13859 3355 2039
13860 6493 664
13861 7100 6723
13862 4622 4174
13863 3422 6477
13864 2789 3377
13865 6950 7732
13866 7388 1243
13867 654 0
13868 4710 7613
13869 7589 7224
13870 2893 2158
13871 2192 3603
13872 3712 3628
13873 7942 1042
13874 6687 4203
13875 404 4483
13876 5984 349
13877 7419 2193
13878 7416 6095
13879 7972 1131
13880 7880 599
13881 1023 823
13882 4878 183
13883 408 6523
13884 4188 2462
13885 5871 2700
13886 6483 4091
13887 3859 2312
13888 6024 3819
13889 7765 5672
13890 2211 3347
13891 3133 5292
13892 7229 4952
13893 2005 3023
13894 4428 7601
13895 2704 7560
13896 1091 1833
13897 2722 181
13898 746 4474
13899 7555 5025
13900 6854 1786
13901 7093 4374
13902 805 1882
13903 6081 5024
13904 2232 5692
13905 3825 6437
13906 1977 2267
13907 3236 3858
13908 5496 6696
13909 4470 2196
13910 1036 6998
13911 6429 4463
13912 3949 856
13913 2652 1151
13914 3082 17
13915 6885 5930
13916 7064 915
13917 4946 2070
13918 4309 4360
13919 2268 7123
13920 4454 4389
13921 2845 4093
13922 5230 3163
13923 5305 1031
13924 6411 6164
13925 7918 4559
13926 3160 3955
13927 5653 284
13928 5734 5186
13929 2979 6739
13930 6358 1564
13931 6861 1765
13932 5067 3617
13933 2508 3346
13934 7374 6685
13935 2964 7299
13936 5014 6001
13937 1446 1158
13938 5540 7923
13939 3618 4435
13940 1821 7214
13941 726 6086
13942 6909 1724
13943 3600 7403
13944 6570 5209
13945 575 1333
13946 4086 5266
13947 4079 3885
13948 7547 7201
13949 3483 3483
13950 3795 120
13951 4152 2588
13952 4049 5188
13953 1086 3056
13954 7134 4729
13955 6878 2345
13956 4171 5741
13957 6039 6849
13958 6200 4732
13959 1500 5516
13960 2292 4688
13961 2566 7987
13962 6894 1300
13963 1780 2826
13964 1742 7886
13965 7919 3939
13966 1666 7349
13967 4990 1456
13968 1562 249
13969 7472 5440
13970 4707 2056
13971 5678 5887
13972 5065 6299
13973 3862 2137
13974 7964 7700
13975 6650 4244
13976 4679 626
13977 5995 4651
13978 4699 3207
13979 5355 971
13980 2810 6330
13981 6943 1142
13982 138 1391
13983 3938 588
13984 7480 7941
13985 267 6905
13986 4512 4447
13987 1501 2813
13988 2217 6035
13989 3839 2664
13990 592 3359
13991 1897 7499
13992 7138 1426
13993 908 1697
13994 1195 760
13995 6852 641
13996 6195 5723
13997 6915 2033
13998 2820 489
13999 677 1558
14000 324 6032
14001 4575 7730
14002 1254 1573
14003 7850 2753
14004 2177 3872
14005 4237 3999
14006 3263 1359
14007 7769 565
14008 5231 2192
14009 399 6325
14010 5559 2262
14011 3011 6304
14012 5288 7806
14013 7731 6443
14014 1486 4233
14015 4023 285
14016 5639 2896
14017 844 4826
14018 1600 7820
14019 5495 3197
14020 613 4357
14021 1273 2011
14022 2386 6386
14023 1735 1755
14024 3086 7686
14025 888 4479
14026 4082 2900
14027 1924 5149
14028 1117 7819
14029 7133 7065
14030 57 2607
14031 7732 716
14032 2013 4398
14033 7446 2615
14034 7906 6826
14035 5971 788
14036 1083 5192
14037 3250 3920
14038 6225 6581
14039 1298 412
14040 6958 3725
14041 3624 2429
14042 6124 995
14043 1509 7860
14044 2877 720
14045 6247 947
14046 7422 2915
14047 3957 3368
14048 3899 5740
14049 6670 3113
14050 4917 2792
14051 3124 4729
14052 3692 3443
14053 2189 5176
14054 1920 7540
14055 272 6803
14056 3937 3398
14057 6874 4639
14058 7025 1584
14059 4465 3205
14060 7534 5116
14061 6952 544
14062 6669 7680
14063 1396 246
14064 714 7118
14065 4136 7233
14066 5124 2323
14067 4103 3015
14068 7263 6973
14069 6529 3141
14070 3587 5922
14071 5996 1606
14072 5285 6412
14073 1864 1193
14074 5790 6243
14075 2151 3490
14076 2883 6169
14077 102 7644
14078 2779 6115
14079 3428 7319
14080 422 285
14081 3162 7852
14082 6879 3651
14083 579 7219
14084 3472 7746
14085 3209 2049
14086 3466 235
14087 7979 2394
14088 5186 3719
14089 2776 5842
14090 2935 7246
14091 2612 5520
14092 371 1638
14093 7837 2178
14094 5161 259
14095 3266 898
14096 5796 3484
14097 3300 1553
14098 5675 981
14099 356 3582
14100 5853 592
14101 7603 1165
14102 6013 7126
14103 476 4285
14104 2270 1607
14105 2881 7732
14106 5295 6795
14107 5796 6845
14108 941 4716
14109 423 2685
14110 6981 626
14111 156 5809
14112 5113 2344
14113 5921 2036
14114 5058 4044
14115 2243 4877
14116 3550 1512
14117 5163 6594
14118 6519 5678
14119 3877 6255
14120 2204 5479
14121 2108 7211
14122 6700 2128
14123 186 3829
14124 2112 4548
14125 3013 891
14126 2802 5431
14127 6779 1880
14128 2382 2258
14129 92 7194
14130 4488 5048
14131 7333 5479
14132 5171 2422
14133 93 2714
14134 6614 6560
14135 2651 6827
14136 1405 398
14137 590 4598
14138 3385 5841
14139 3220 5276
14140 5193 3661
14141 6211 6313
14142 5031 4249
14143 2491 245
14144 2784 7884
14145 7697 3902
14146 1809 6135
14147 2375 3948
14148 1277 1248
14149 3458 948
14150 5311 3643
14151 2420 461
14152 7154 1928
14153 2216 6709
14154 3100 7385
14155 7844 4964
14156 7205 6553
14157 4764 258
14158 7815 1660
14159 2482 952
14160 7313 310
14161 4218 1696
14162 6897 5658
14163 5117 3471
14164 5934 6847
14165 4532 2938
14166 5428 7908
14167 2184 4252
14168 7653 3820
14169 3774 7615
14170 3110 5638
14171 6560 4292
14172 3698 2603
14173 194 208
14174 551 394
14175 5451 1138
14176 3507 1680
14177 2664 7312
14178 4274 6752
14179 7991 7517
14180 4587 1920
14181 3557 3296
14182 7394 6339
14183 5088 1590
14184 5151 1748
14185 1797 7144
14186 13 4927
14187 2392 1298
14188 5713 2558
14189 4340 4277
14190 6115 2287
14191 1749 1511
14192 2308 847
14193 1149 402
14194 2199 7357
14195 1521 6411
14196 7944 4932
14197 7894 3101
14198 2886 1346
14199 5414 1950
14200 5575 6947
14201 7891 5236
14202 4920 5856
14203 5030 2398
14204 685 7725
14205 5142 7053
14206 7928 3468
14207 4823 7551
14208 1532 6385
14209 1216 7221
14210 798 2028
14211 3659 3024
14212 3798 974
14213 3857 6772
14214 5750 5647
14215 3299 5412
14216 7878 7744
14217 613 336
14218 965 3962
14219 7888 7326
14220 7140 3673
14221 5712 5984
14222 7059 1319
14223 2839 2920
14224 4816 7578
14225 5865 990
14226 3067 2182
14227 2891 693
14228 2137 1460
14229 5869 5703
14230 2840 5856
14231 7554 1227
14232 7291 2175
14233 684 7432
14234 2406 5932
14235 3475 3053
14236 2347 2019
14237 2957 3281
14238 6701 3320
14239 314 5748
14240 166 4725
14241 4990 7221
14242 3769 4075
14243 4785 3657
14244 4293 3750
14245 3962 4113
14246 7060 1281
14247 207 7458
14248 5405 2114
14249 1460 2551
14250 4116 3453
14251 1575 1865
14252 3618 4599
14253 910 4860
14254 7299 6926
14255 4744 1452
14256 5494 3667
14257 6815 1416
14258 6748 4423
14259 5720 206
14260 2475 2495
14261 6666 2719
14262 4889 332
14263 6425 3350
14264 6877 4394
14265 1169 167
14266 2110 915
14267 4891 7808
14268 3522 6334
14269 3537 7651
14270 1983 5434
14271 2140 6702
14272 6992 6112
14273 2899 432
14274 4082 479
14275 1559 2701
14276 7721 3342
14277 2544 6762
14278 4702 7426
14279 863 310
14280 7568 6087
14281 1490 1178
14282 33 3055
14283 6629 7913
14284 1664 6756
14285 4007 44
14286 5417 7565
14287 3519 7658
14288 5752 7834
14289 463 2127
14290 4120 5725
14291 3501 4513
14292 1076 5085
14293 4423 831
14294 6176 3956
14295 3794 4386
14296 2182 1332
14297 6323 1054
14298 137 5798
14299 4437 6933
14300 3870 866
14301 4470 7471
14302 6473 5277
14303 6034 4404
14304 4439 2693
14305 6734 4916
14306 476 2496
14307 7803 4598
14308 1866 4793
14309 3757 3547
14310 2286 5524
14311 6506 7735
14312 2987 6586
14313 1965 4554
14314 4558 5598
14315 4365 4223
14316 2278 6621
14317 638 3254
14318 503 4652
14319 3240 1904
14320 2154 1666
14321 581 300
14322 4617 4174
14323 7633 5113
14324 6465 1277
14325 2017 7594
14326 4911 1159
14327 4074 2146
14328 1143 6153
14329 7494 7561
14330 2077 1755
14331 4145 7818
14332 356 3683
14333 4300 6486
14334 7830 955
14335 5255 977
14336 6187 4002
14337 3058 4944
14338 6441 7079
14339 4290 5346
14340 1730 7843
14341 1507 1065
14342 1107 5498
14343 2506 5864
14344 3298 181
14345 6952 7384
14346 4052 1511
14347 5583 946
14348 1735 6904
14349 3745 6020
14350 6979 2654
14351 645 1634
14352 481 384
14353 2284 5484
14354 1893 7060
14355 4739 4757
14356 7679 5467
14357 4636 6811
14358 3717 415
14359 560 5320
14360 626 7538
14361 4878 1983
14362 1604 6557
14363 5348 6056
14364 4713 4792
14365 7741 1141
14366 7120 3780
14367 7537 6938
14368 7134 3862
14369 3382 4627
14370 7343 495
14371 7084 4625
14372 6397 5863
14373 470 2221
14374 7815 1405
14375 3902 3770
14376 2880 2304
14377 225 6897
14378 2247 5795
14379 5068 2840
14380 1620 4594
14381 6838 2597
14382 4956 5887
14383 3506 5419
14384 5923 168
14385 2271 7719
14386 7775 2487
14387 5992 4301
14388 3361 5950
14389 3905 7860
14390 4657 2159
14391 1972 3823
14392 3978 767
14393 4868 6434
14394 2375 6574
14395 4686 1902
14396 3579 2217
14397 513 582
14398 4680 6744
14399 6957 3537
14400 164 7452
14401 3961 2018
14402 7444 4505
14403 7944 7521
14404 198 5990
14405 5920 1897
14406 1442 3674
14407 5442 7866
14408 3208 525
14409 3307 5501
14410 1307 1682
14411 6363 6314
14412 4708 1982
14413 6876 1858
14414 6932 2418
14415 1607 269
14416 1956 4385
14417 5644 6372
14418 470 6031
14419 603 6049
14420 2084 1296
14421 4072 1549
14422 2428 5779
14423 621 7472
14424 2566 3036
14425 1751 6106
14426 145 7852
14427 7692 2930
14428 6498 5783
14429 7494 4841
14430 1330 7108
14431 1445 1489
14432 5684 5223
14433 2257 5858
14434 2600 693
14435 856 6837
14436 4641 4873
14437 2172 2977
14438 6991 4535
14439 4428 5356
14440 6614 6618
14441 146 6181
14442 4304 5155
14443 1151 4514
14444 7004 2886
14445 1554 504
14446 630 2868
14447 4306 7396
14448 5668 2101
14449 1391 375
14450 865 3846
14451 5902 14
14452 145 3303
14453 7659 6401
14454 1912 4207
14455 1402 4290
14456 3346 7078
14457 1206 7292
14458 3526 2449
14459 7679 1001
14460 5410 6210
14461 3301 6255
14462 1203 4203
14463 4980 2678
14464 4642 5806
14465 2568 1089
14466 2558 1346
14467 4723 3904
14468 2183 3294
14469 156 7293
14470 3520 7137
14471 2908 586
14472 1779 6133
14473 6377 5503
14474 50 7462
14475 7007 6504
14476 2417 2257
14477 7919 4275
14478 253 2628
14479 2826 6132
14480 813 652
14481 5590 6922
14482 5493 3657
14483 525 937
14484 3546 5041
14485 6770 2585
14486 3561 6042
14487 7385 6358
14488 425 7422
14489 6622 190
14490 7742 2415
14491 7416 5626
14492 696 2845
14493 4968 1824
14494 6983 6652
14495 282 3281
14496 692 5219
14497 4057 6119
14498 4315 313
14499 2279 6250
14500 6310 4134
14501 4190 4749
14502 5591 2392
14503 5730 2628
14504 57 263
14505 5552 1391
14506 76 5210
14507 2529 7696
14508 525 6598
14509 3165 244
14510 4103 2921
14511 7290 2594
14512 4595 552
14513 5247 742
14514 5832 5715
14515 6829 2763
14516 6519 457
14517 6891 5183
14518 7651 4687
14519 2334 6677
14520 6046 6398
14521 7763 552
14522 5904 5641
14523 6666 5200
14524 852 3467
14525 6163 5275
14526 2912 1083
14527 3491 7465
14528 3876 1855
14529 343 4872
14530 3960 3968
14531 163 3561
14532 2331 1470
14533 842 6577
14534 1448 1511
14535 3665 1690
14536 3556 7820
14537 4596 6359
14538 1114 7152
14539 2940 4701
14540 5004 7498
14541 1503 7914
14542 3973 2784
14543 4623 4152
14544 3503 1969
14545 7491 1372
14546 6048 2558
14547 5503 3719
14548 4756 3630
14549 3676 2775
14550 4193 1578
14551 4884 1303
14552 3543 4886
14553 6058 5637
14554 6916 4178
14555 7267 5115
14556 3068 1841
14557 4704 5751
14558 3344 3810
14559 7932 2973
14560 3121 2117
14561 1229 1797
14562 3802 3712
14563 5949 3874
14564 1202 3514
14565 53 2343
14566 6074 6132
14567 3300 7130
14568 6865 5174
14569 288 1015
14570 3311 7186
14571 878 3545
14572 221 6096
14573 289 1897
14574 3472 7886
14575 4703 3593
14576 5602 2526
14577 2754 4595
14578 6907 3272
14579 3109 4998
14580 1428 6251
14581 3113 2666
14582 3481 5310
14583 592 2252
14584 7634 6743
14585 59 2795
14586 6023 6909
14587 1050 7474
14588 1112 1048
14589 2181 6818
14590 2452 283
14591 1926 7711
14592 3805 6228
14593 4242 7538
14594 3918 2693
14595 7720 245
14596 4473 1177
14597 5806 6669
14598 6673 1680
14599 4663 358
14600 7320 765
14601 1586 4621
14602 6190 4387
14603 1145 2050
14604 1573 3650
14605 4399 7347
14606 5432 2734
14607 7127 597
14608 7001 2120
14609 6442 166
14610 99 4680
14611 7848 5761
14612 5611 1583
14613 3251 3274
14614 7243 3325
14615 4296 2795
14616 6269 2560
14617 3469 2242
14618 2123 7747
14619 2141 23
14620 3816 2676
14621 159 3781
14622 7153 2509
14623 6162 4108
14624 7360 581
14625 5329 4274
14626 4075 7819
14627 3446 7955
14628 949 1661
14629 5633 4159
14630 6646 6735
14631 7668 2175
14632 4872 1944
14633 6896 1246
14634 6870 2091
14635 6659 7702
14636 1392 6883
14637 3188 2257
14638 5235 6657
14639 6563 953
14640 5874 1986
14641 7087 4424
14642 514 7621
14643 4674 1499
14644 4010 4066
14645 1016 7810
14646 2308 6229
14647 3 7163
14648 5338 992
14649 4863 2451
14650 7288 2949
14651 2873 2216
14652 4651 1892
14653 3611 6031
14654 3360 1329
14655 3768 4576
14656 3097 334
14657 6721 4535
14658 7540 3684
14659 4537 918
14660 1737 7851
14661 7559 6350
14662 5044 3216
14663 3389 7514
14664 3160 3323
14665 4415 4019
14666 3809 4339
14667 3778 7583
14668 3501 6306
14669 3344 7280
14670 7298 3107
14671 1148 7232
14672 6141 2577
14673 4315 3971
14674 4363 3433
14675 4232 4827
14676 3761 871
14677 6407 4585
14678 3875 1099
14679 1182 5102
14680 5041 3391
14681 5734 4882
14682 2449 1947
14683 1310 7689
14684 5607 4297
14685 444 808
14686 5220 4247
14687 2676 4094
14688 5123 3459
14689 6189 3382
14690 4256 522
14691 2938 570
14692 4761 3743
14693 2104 473
14694 108 1359
14695 4964 7493
14696 4352 7810
14697 5776 3426
14698 6461 3861
14699 4793 2182
14700 1980 970
14701 4236 766
14702 3536 3010
14703 5004 3213
14704 2592 5449
14705 3654 7117
14706 3655 2379
14707 6589 6877
14708 257 7632
14709 6512 5171
14710 2708 6787
14711 6766 2709
14712 3921 6444
14713 1038 6720
14714 7956 4377
14715 3158 7267
14716 4830 4191
14717 3737 4931
14718 4008 2176
14719 55 797
14720 650 3278
14721 5678 1364
14722 1129 7252
14723 2359 5099
14724 3696 6963
14725 6907 7010
14726 3877 6989
14727 3242 663
14728 5618 2582
14729 3815 7570
14730 5486 96
14731 1381 1371
14732 4834 1530
14733 5562 5824
14734 3041 2411
14735 2218 3136
14736 1114 2091
14737 6105 7372
14738 4794 1044
14739 718 1941
14740 4641 6153
14741 5090 4221
14742 5564 3262
14743 7947 6739
14744 6090 7186
14745 7075 5028
14746 3462 6831
14747 5217 7368
14748 6990 1559
14749 2591 592
14750 1700 4799
14751 2921 1711
14752 7837 1745
14753 2591 5641
14754 1055 5195
14755 3652 1633
14756 363 7736
14757 2224 2398
14758 3837 4851
14759 254 7006
14760 132 342
14761 7726 1338
14762 5321 7549
14763 5496 3750
14764 6450 6022
14765 5941 137
14766 3120 5884
14767 4528 7672
14768 3930 5911
14769 6535 7206
14770 517 4030
14771 7960 7435
14772 6731 7826
14773 1840 7113
14774 5311 7545
14775 1342 6727
14776 6466 2657
14777 761 2351
14778 2883 4851
14779 2542 148
14780 5756 493
14781 7040 5226
14782 6704 3364
14783 4919 5720
14784 3484 1730
14785 7218 2000
14786 2741 7296
14787 1777 2685
14788 4049 2611
14789 2126 3478
14790 1917 7797
14791 6642 7315
14792 144 1959
14793 2562 7939
14794 5128 5658
14795 4512 7891
14796 3405 1263
14797 4175 6865
14798 5028 528
14799 3871 5280
14800 1288 288
14801 63 1203
14802 7505 426
14803 5146 4290
14804 2868 2151
14805 4990 5693
14806 1614 2181
14807 6456 1201
14808 4641 2960
14809 1901 1062
14810 2998 3729
14811 1036 2389
14812 319 1810
14813 2527 3600
14814 6390 4956
14815 5616 6305
14816 2250 3142
14817 4666 5396
14818 3316 236
14819 94 3405
14820 7596 369
14821 4674 7135
14822 7789 882
14823 6697 4223
14824 4681 3749
14825 4873 3699
14826 7856 6624
14827 7115 2102
14828 7092 4987
14829 3448 330
14830 4009 2289
14831 5491 3109
14832 1186 5567
14833 2392 5755
14834 1872 2433
14835 2710 7380
14836 7453 466
14837 4924 7515
14838 5357 1277
14839 4642 1873
14840 6970 4774
14841 7969 6464
14842 1309 7
14843 3871 6849
14844 5366 7084
14845 7203 7594
14846 1657 7528
14847 5461 4214
14848 1559 2203
14849 3243 5248
14850 4778 4588
14851 6247 6978
14852 7620 3205
14853 503 7281
14854 3527 6286
14855 1776 1450
14856 2145 2196
14857 3595 5589
14858 6135 1203
14859 3696 658
14860 7801 729
14861 2826 3582
14862 533 995
14863 497 4147
14864 5291 3074
14865 4735 7054
14866 3475 258
14867 194 7131
14868 4725 2361
14869 5605 7803
14870 5308 6785
14871 6957 5592
14872 7939 1128
14873 7306 6045
14874 6938 1948
14875 4321 4996
14876 1894 1919
14877 7187 475
14878 2327 2885
14879 5505 2173
14880 797 3970
14881 5138 5395
14882 6418 6833
14883 6996 6282
14884 2513 3444
14885 3480 7382
14886 706 2568
14887 7350 4278
14888 2057 6338
14889 2024 6093
14890 912 333
14891 5124 4319
14892 2143 7167
14893 6166 6384
14894 7716 3978
14895 4646 5429
14896 6940 478
14897 7736 7770
14898 677 316
14899 7628 2191
14900 4045 185
14901 2174 6470
14902 4408 6084
14903 5878 1897
14904 3324 317
14905 3421 2476
14906 6575 3371
14907 6200 6375
14908 7528 880
14909 587 2850
14910 663 3337
14911 3567 5772
14912 6920 4400
14913 7657 2843
14914 2636 844
14915 3753 913
14916 6800 4800
14917 988 680
14918 860 4459
14919 2040 794
14920 691 7529
14921 4549 5189
14922 1965 962
14923 4552 3381
14924 1468 7137
14925 7485 5773
14926 2399 7806
14927 7718 5236
14928 1292 3589
14929 7717 3536
14930 4863 4090
14931 1585 6444
14932 6970 4742
14933 3651 2365
14934 2694 808
14935 5911 34
14936 3100 4195
14937 6938 2035
14938 888 6586
14939 5814 5477
14940 6000 7763
14941 5638 762
14942 4537 6634
14943 7710 7534
14944 2983 3565
14945 3842 7927
14946 4926 6397
14947 6225 7824
14948 2771 3183
14949 1356 1737
14950 7777 7214
14951 3499 4
14952 265 4110
14953 2110 1586
14954 6933 1537
14955 5760 5458
14956 4219 1273
14957 7948 7646
14958 2221 3886
14959 2384 3067
14960 1175 4706
14961 5751 7673
14962 4492 4039
14963 4216 1999
14964 1269 4201
14965 2363 1300
14966 2531 6885
14967 6390 2086
14968 7748 4840
14969 7783 338
14970 2520 3530
14971 7712 132
14972 1374 7960
14973 270 4237
14974 6739 145
14975 4816 2152
14976 6154 7088
14977 2995 7100
14978 395 7173
14979 4798 6207
14980 2527 3306
14981 3587 7568
14982 6196 2584
14983 4779 7251
14984 7539 2174
14985 2015 7924
14986 1589 3305
14987 4571 6865
14988 2599 5257
14989 901 4669
14990 5639 7447
14991 967 7385
14992 4367 5655
14993 4695 2969
14994 5288 7366
14995 190 6194
14996 2519 1089
14997 2242 5919
14998 6075 6760
14999 6936 6327
15000 3714 5023
15001 7908 1378
15002 4155 968
15003 2938 7819
15004 3763 792
15005 661 682
15006 7512 735
15007 5299 3606
15008 444 3504
15009 5801 3870
15010 1615 2609
15011 2120 4599
15012 3967 3131
15013 2290 5428
15014 243 2087
15015 7657 3865
15016 3402 2396
15017 3920 3764
15018 7792 2978
15019 2016 5813
15020 4700 3759
15021 7368 4264
15022 6341 3058
15023 6643 2050
15024 4808 30
15025 1219 7747
15026 2504 1018
15027 1550 7924
15028 943 2812
15029 4692 1205
15030 1807 4744
15031 3265 2370
15032 4666 4689
15033 7581 6739
15034 7501 932
15035 942 252
15036 1930 5389
15037 4104 4672
15038 5128 7564
15039 7451 4332
15040 5130 2043
15041 4153 6503
15042 2202 1704
15043 6660 52
15044 3652 5980
15045 5324 6296
15046 211 6491
15047 4344 5775
15048 3700 7127
15049 5179 7967
15050 6408 5426
15051 226 7255
15052 1070 3213
15053 4476 4133
15054 2604 2623
15055 6830 2690
15056 6242 2404
15057 5288 6578
15058 3910 765
15059 5354 5038
15060 7210 6300
15061 6487 592
15062 2940 4285
15063 6036 3719
15064 4624 5869
15065 1444 1077
15066 2087 2344
15067 254 6756
15068 3443 2507
15069 7710 2506
15070 2671 1051
15071 6294 4850
15072 6358 1745
15073 2998 6926
15074 2531 412
15075 5513 5589
15076 919 2587
15077 783 3669
15078 7416 6410
15079 6564 5478
15080 2049 3799
15081 4684 7843
15082 3192 1147
15083 2382 7391
15084 5274 5452
15085 5495 2135
15086 2604 4431
15087 7499 5661
15088 3220 3257
15089 7138 3361
15090 1744 51
15091 3760 4219
15092 3828 3331
15093 944 4116
15094 1071 5253
15095 1736 456
15096 4711 6785
15097 4798 2429
15098 1649 117
15099 2676 4319
15100 6246 3872
15101 154 2265
15102 4685 1949
15103 1453 6844
15104 6034 7744
15105 7334 6041
15106 1905 1794
15107 3591 2635
15108 5780 3399
15109 2468 3317
15110 5453 2567
15111 1478 6995
15112 3991 2717
15113 2507 783
15114 1802 2794
15115 0 5866
15116 85 2934
15117 7365 5064
15118 1731 248
15119 5981 31
15120 6857 7603
15121 2 6937
15122 800 46
15123 5850 53
15124 24 5069
15125 2836 7407
15126 7587 3815
15127 2956 918
15128 2818 2921
15129 836 1535
15130 161 4723
15131 1143 2999
15132 1331 4262
15133 5149 2039
15134 7129 3332
15135 7100 313
15136 7406 1325
15137 7826 3104
15138 7969 5560
15139 7511 4137
15140 4241 824
15141 351 918
15142 3524 5523
15143 3815 469
15144 1039 1752
15145 800 3237
15146 7155 7105
15147 2103 5942
15148 1537 2644
15149 6773 3972
15150 2825 6958
15151 5014 6729
15152 1434 4437
15153 5697 3006
15154 7256 6231
15155 6996 3904
15156 7940 980
15157 6322 5287
15158 6252 3433
15159 2044 7368
15160 5727 4885
15161 1726 5755
15162 5549 5144
15163 3560 5298
15164 1716 6276
15165 7836 6197
15166 3143 4445
15167 1686 1713
15168 5265 6672
15169 6887 3607
15170 3506 1645
15171 6325 6888
15172 494 5372
15173 420 4916
15174 2480 401
15175 2068 3465
15176 4437 4648
15177 1662 4248
15178 2679 7802
15179 5702 652
15180 6039 2323
15181 7276 4779
15182 7467 764
15183 5216 3788
15184 4158 4942
15185 2487 5835
15186 6774 5233
15187 2568 1932
15188 795 7793
15189 1098 3708
15190 6745 2035
15191 5865 4955
15192 3804 4831
15193 5364 1263
15194 6563 125
15195 1062 567
15196 6465 3589
15197 4016 6990
15198 4167 447
15199 7907 4330
15200 7693 3485
15201 7921 2067
15202 1391 707
15203 1661 4097
15204 1272 7396
15205 7758 4811
15206 6880 7415
15207 7150 2653
15208 3213 3177
15209 5163 7016
15210 4260 3365
15211 700 2857
15212 4718 1640
15213 7367 4953
15214 4577 1855
15215 1137 5843
15216 3944 6496
15217 3781 6280
15218 2943 1953
15219 2146 2011
15220 3509 1123
15221 2205 1232
15222 1416 900
15223 3392 2258
15224 7134 5444
15225 499 3380
15226 4083 6109
15227 7101 3430
15228 3416 7999
15229 4595 5064
15230 6930 363
15231 3377 7384
15232 7558 1537
15233 1209 2564
15234 5498 791
15235 4514 2550
15236 1649 2724
15237 818 5982
15238 7055 963
15239 1788 293
15240 1652 1991
15241 2577 1557
15242 1312 3573
15243 5567 6569
15244 2145 7396
15245 3520 2502
15246 6612 5826
15247 1225 6063
15248 7974 2726
15249 4731 6394
15250 1683 5785
15251 7822 7604
15252 7227 215
15253 4708 3674
15254 7111 5923
15255 7853 177
15256 4087 3899
15257 1850 2862
15258 4323 1267
15259 6371 4383
15260 82 1877
15261 6907 2863
15262 1657 5327
15263 4894 386
15264 5967 3141
15265 4803 3168
15266 6310 269
15267 6449 6107
15268 1740 2839
15269 3161 6980
15270 1056 1695
15271 4894 95
15272 990 6129
15273 6061 5908
15274 167 25
15275 7488 1891
15276 6672 1113
15277 139 5416
15278 2138 6421
15279 6267 3107
15280 2301 474
15281 3915 4405
15282 6990 1013
15283 1663 2763
15284 1155 7591
15285 6787 3578
15286 610 5882
15287 562 6403
15288 2782 1319
15289 5402 6752
15290 4584 3947
15291 7320 2973
15292 2127 1968
15293 1833 3402
15294 6325 5563
15295 4314 168
15296 5791 2741
15297 7248 3333
15298 3934 6443
15299 6406 416
15300 130 5861
15301 128 4809
15302 3971 676
15303 6253 7637
15304 3447 175
15305 3479 3124
15306 654 284
15307 5352 7344
15308 1018 5953
15309 3358 6092
15310 3908 5791
15311 3069 7067
15312 16 2062
15313 65 3678
15314 2098 6183
15315 2918 6554
15316 5306 6248
15317 5960 7858
15318 6171 6681
15319 195 2771
15320 6787 7541
15321 7022 7995
15322 5575 403
15323 6216 7769
15324 4684 2455
15325 1341 6186
15326 5425 1377
15327 7898 3931
15328 3092 4941
15329 6012 6659
15330 865 99
15331 3398 3782
15332 1819 7819
15333 505 4554
15334 7169 491
15335 4563 968
15336 3435 3629
15337 3187 5871
15338 4241 53
15339 6353 7827
15340 5858 6616
15341 267 2714
15342 2717 1324
15343 7856 7196
15344 1114 3127
15345 435 1923
15346 1127 3973
15347 3391 7790
15348 6264 1497
15349 933 5548
15350 5153 7082
15351 3792 4471
15352 5503 3472
15353 5275 7191
15354 6681 305
15355 7687 6228
15356 2869 7873
15357 6072 5807
15358 6598 3063
15359 1969 7214
15360 7502 6263
15361 1333 215
15362 1181 6446
15363 4997 3376
15364 6538 6800
15365 5183 6445
15366 3346 2631
15367 3034 1440
15368 1096 7308
15369 6899 1075
15370 1897 3105
15371 1820 4637
15372 5243 1413
15373 7742 6258
15374 2413 4549
15375 2110 5379
15376 4429 6499
15377 5268 7400
15378 265 4992
15379 7519 7823
15380 31 7269
15381 470 4326
15382 6044 2929
15383 629 1027
15384 5608 503
15385 5950 6692
15386 5945 988
15387 3751 25
15388 3518 2876
15389 5809 7416
15390 6954 6754
15391 242 6100
15392 6431 3900
15393 226 4202
15394 677 6429
15395 5409 7513
15396 927 5764
15397 1732 2068
15398 1335 1246
15399 2757 5135
15400 6654 3472
15401 4784 1567
15402 6085 2096
15403 7662 6611
15404 3572 6801
15405 7730 2855
15406 4604 6221
15407 3944 3562
15408 7736 6503
15409 4554 135
15410 6420 5425
15411 2215 1080
15412 3715 7003
15413 618 7762
15414 914 1979
15415 2682 3415
15416 1452 7886
15417 4239 825
15418 1259 845
15419 5947 4816
15420 7148 5693
15421 6301 3737
15422 7773 6641
15423 7432 3728
15424 4275 7588
15425 692 6686
15426 4903 3371
15427 1894 3591
15428 1814 7360
15429 1937 3276
15430 3919 6495
15431 6188 3489
15432 2169 7636
15433 4103 7794
15434 6723 6784
15435 6404 7918
15436 7319 3982
15437 1201 7009
15438 6987 3572
15439 1688 4244
15440 7760 5998
15441 6578 7185
15442 7956 3714
15443 4735 3076
15444 992 340
15445 5878 6561
15446 7061 179
15447 3695 7965
15448 7396 5015
15449 7523 3924
15450 7763 5733
15451 6750 6183
15452 5255 3651
15453 1745 4151
15454 1956 545
15455 6220 7431
15456 3390 7573
15457 7660 2697
15458 2614 2881
15459 1338 2836
15460 6941 4417
15461 1115 1026
15462 3513 5208
15463 88 6503
15464 7176 5027
15465 712 2292
15466 3990 5646
15467 4513 2077
15468 5370 1607
15469 1864 2961
15470 4555 6855
15471 7321 4098
15472 3755 1921
15473 2475 1151
15474 6721 2818
15475 3080 5691
15476 1852 5823
15477 2175 6928
15478 7659 970
15479 4198 5327
15480 6731 693
15481 7384 5762
15482 7724 3359
15483 1253 7402
15484 3338 3525
15485 1986 7191
15486 3921 873
15487 2965 3555
15488 4997 3674
15489 4828 6776
15490 1655 3932
15491 3006 5840
15492 5888 23
15493 5128 4522
15494 3163 7686
15495 5999 4780
15496 90 5734
15497 6592 124
15498 620 3166
15499 6632 7070
15500 870 927
15501 6399 5682
15502 376 3780
15503 2345 3763
15504 758 1958
15505 671 3075
15506 5693 1997
15507 1057 2432
15508 4856 4869
15509 1282 3189
15510 2256 2721
15511 2787 1054
15512 918 6869
15513 2403 2729
15514 397 5924
15515 6253 6723
15516 2189 2746
15517 3602 2629
15518 5293 292
15519 2966 2208
15520 4886 2232
15521 5188 1029
15522 2487 860
15523 837 5746
15524 667 3212
15525 179 6128
15526 5733 7470
15527 6094 499
15528 4445 7909
15529 6864 318
15530 6074 4053
15531 3204 328
15532 7529 2092
15533 1555 4820
15534 3091 7710
15535 1434 3844
15536 7693 5028
15537 446 1541
15538 7794 5887
15539 7639 7725
15540 4194 3324
15541 5537 3081
15542 4307 1423
15543 5955 7084
15544 1582 2739
15545 5934 7436
15546 4298 7662
15547 2703 7195
15548 4676 5992
15549 6543 6518
15550 62 1331
15551 1146 1258
15552 4545 3384
15553 7799 6916
15554 2926 5034
15555 6310 1638
15556 5969 922
15557 5678 779
15558 5212 3899
15559 4488 5199
15560 6044 7183
15561 3568 7566
15562 2052 1869
15563 5005 7383
15564 485 5365
15565 281 5457
15566 919 5961
15567 1202 3707
15568 3382 2494
15569 3089 273
15570 4170 7326
15571 2680 2411
15572 2560 5741
15573 3134 1877
15574 720 7706
15575 4383 7853
15576 6196 3737
15577 410 6842
15578 5374 7034
15579 4609 970
15580 2410 289
15581 7858 6277
15582 3790 5888
15583 2787 4849
15584 6222 6512
15585 6 4641
15586 174 3034
15587 7412 1160
15588 480 149
15589 3625 5481
15590 5176 7650
15591 7756 3402
15592 1650 245
15593 2085 7165
15594 1896 3822
15595 440 6623
15596 4039 7723
15597 2256 3218
15598 5790 2517
15599 4602 3586
15600 489 1598
15601 912 736
15602 1029 3432
15603 1817 7746
15604 2795 7068
15605 5473 5299
15606 4905 4478
15607 3182 3462
15608 7126 6818
15609 3462 7205
15610 233 7554
15611 4036 5073
15612 7249 2199
15613 1419 3778
15614 6631 2485
15615 3597 7979
15616 2059 5824
15617 7672 6467
15618 3847 7224
15619 4650 108
15620 2649 2036
15621 6271 672
15622 6348 3199
15623 499 5758
15624 2287 6195
15625 3895 1976
15626 3961 3687
15627 6172 782
15628 3190 7623
15629 409 5289
15630 41 4505
15631 4149 1386
15632 2387 5548
15633 1543 6755
15634 5162 2444
15635 3581 2182
15636 1660 7854
15637 350 3576
15638 3126 3925
15639 2783 4185
15640 1347 1508
15641 2004 4650
15642 5929 1270
15643 1159 3026
15644 4171 5460
15645 6735 7202
15646 1407 6577
15647 3763 6616
15648 2697 1236
15649 6336 7435
15650 27 696
15651 6464 6481
15652 6112 1584
15653 4805 4966
15654 5605 528
15655 291 5177
15656 4300 6573
15657 1089 5602
15658 3867 774
15659 7498 1625
15660 7090 2759
15661 1843 214
15662 4761 3475
15663 1529 7369
15664 1744 996
15665 4166 765
15666 2598 4569
15667 1821 892
15668 7702 3885
15669 627 2753
15670 5356 4650
15671 7726 6263
15672 138 4247
15673 3313 6890
15674 184 2791
15675 834 7892
15676 7457 2398
15677 295 7808
15678 5769 6255
15679 6561 5037
15680 1662 7423
15681 4053 6267
15682 2677 6108
15683 2501 7995
15684 65 5229
15685 1832 4609
15686 6933 326
15687 3489 1640
15688 5109 4085
15689 7702 159
15690 6023 4807
15691 2049 6861
15692 6068 5122
15693 2804 6534
15694 2368 6909
15695 5573 2361
15696 657 4387
15697 7957 6328
15698 41 7416
15699 1160 6835
15700 1055 2170
15701 5525 556
15702 2159 3337
15703 5784 104
15704 2836 1122
15705 201 2813
15706 6734 1024
15707 7316 3475
15708 7464 5589
15709 605 3471
15710 7852 6141
15711 1632 5244
15712 1441 349
15713 1641 7034
15714 711 3296
15715 7909 6848
15716 4431 5432
15717 558 4017
15718 1040 5071
15719 7425 1674
15720 3806 7621
15721 5279 5319
15722 461 6710
15723 3973 1383
15724 3843 3588
15725 7051 4831
15726 2795 2572
15727 4715 4133
15728 1793 5276
15729 2562 1458
15730 7582 581
15731 5707 1979
15732 3704 6687
15733 4247 5079
15734 4944 2347
15735 4591 5737
15736 430 2613
15737 4637 7442
15738 3488 2393
15739 6358 5931
15740 7931 4382
15741 3609 5056
15742 3228 7629
15743 3066 1702
15744 603 5434
15745 6820 2813
15746 1472 5573
15747 4135 7023
15748 787 7062
15749 7378 4487
15750 3868 4781
15751 4746 623
15752 6162 7029
15753 1778 4470
15754 7162 7363
15755 7961 4255
15756 6636 4714
15757 4535 6948
15758 3582 3357
15759 766 6845
15760 5369 5081
15761 1722 2043
15762 983 1797
15763 5747 7412
15764 2356 6927
15765 5490 2373
15766 5697 6399
15767 6088 1257
15768 7978 4473
15769 3277 796
15770 2155 5621
15771 1817 3594
15772 3554 5033
15773 779 914
15774 4313 4578
15775 5324 5748
15776 6586 1240
15777 5115 7048
15778 1907 3111
15779 2999 1167
15780 6778 5663
15781 6399 5570
15782 6172 3062
15783 2555 2481
15784 7789 531
15785 2132 1654
15786 5017 2722
15787 898 557
15788 987 6632
15789 7301 2081
15790 3867 4473
15791 7820 1475
15792 7505 6614
15793 3845 2444
15794 2399 3399
15795 3851 7660
15796 6621 1476
15797 7671 6390
15798 2277 4393
15799 4839 3395
15800 2537 3722
15801 4493 4219
15802 5917 2888
15803 943 6246
15804 6529 5917
15805 2779 1034
15806 2562 6754
15807 7815 465
15808 707 39
15809 7007 5837
15810 1692 3481
15811 1207 1836
15812 669 4538
15813 1303 2564
15814 4195 6807
15815 2891 852
15816 3001 5375
15817 6893 216
15818 6254 594
15819 3769 4213
15820 4861 3735
15821 6842 6818
15822 7811 2164
15823 5668 1789
15824 1940 3894
15825 4981 4746
15826 7816 2144
15827 3669 3654
15828 3711 2655
15829 5730 2854
15830 6624 5101
15831 3611 5416
15832 5255 5609
15833 3431 280
15834 4904 5616
15835 5167 3584
15836 6733 7223
15837 4355 2535
15838 5847 7430
15839 7374 3221
15840 138 3064
15841 6269 6247
15842 1798 3160
15843 6742 6069
15844 2751 687
15845 5920 3757
15846 5990 6285
15847 4774 4489
15848 6061 6998
15849 4452 1662
15850 6850 1314
15851 727 2057
15852 204 7029
15853 7180 4463
15854 4136 6208
15855 4533 6524
15856 7631 6656
15857 7371 3148
15858 6168 2522
15859 3203 752
15860 5714 3275
15861 5962 4362
15862 1369 5087
15863 871 6465
15864 4775 6696
15865 7879 252
15866 179 2550
15867 5620 1092
15868 2094 3524
15869 6583 3056
15870 1444 3883
15871 6605 697
15872 2632 1269
15873 7507 6610
15874 70 5861
15875 6605 3280
15876 2546 2860
15877 4728 7696
15878 6272 3005
15879 6952 1766
15880 3392 4362
15881 2056 5416
15882 4370 6802
15883 1905 5210
15884 6388 6734
15885 763 7914
15886 6250 2845
15887 4958 6524
15888 5401 2837
15889 1447 7908
15890 2187 1975
15891 1643 4883
15892 6984 589
15893 4674 3530
15894 7914 702
15895 2708 7666
15896 5333 4418
15897 4294 1990
15898 4571 7976
15899 7122 5268
15900 3695 5193
15901 5839 6012
15902 1633 3716
15903 4705 482
15904 7570 7562
15905 6359 252
15906 6828 4876
15907 6726 5042
15908 16 5076
15909 6878 721
15910 226 1984
15911 1210 6863
15912 1489 3440
15913 4138 518
15914 2192 5149
15915 5683 6869
15916 1350 5287
15917 5528 5928
15918 855 6729
15919 5027 2096
15920 1842 5059
15921 1075 6913
15922 2906 5021
15923 935 7607
15924 3373 2757
15925 6275 2890
15926 3636 1857
15927 1130 7660
15928 6901 5858
15929 720 2828
15930 4011 4037
15931 1294 3874
15932 6900 2524
15933 6326 6431
15934 3083 4900
15935 4019 6420
15936 5716 7719
15937 3464 6282
15938 7411 4826
15939 4573 3293
15940 2855 3041
15941 5905 1788
15942 75 2086
15943 6758 6385
15944 4417 1058
15945 807 5779
15946 2131 1048
15947 3952 1824
15948 4583 1756
15949 5621 5275
15950 6523 4791
15951 1360 6775
15952 6596 1751
15953 4102 4320
15954 2994 2436
15955 671 7488
15956 7364 755
15957 5859 2052
15958 4199 3800
15959 2617 724
15960 6471 876
15961 4940 2027
15962 337 6578
15963 4285 3869
15964 2583 742
15965 7396 2605
15966 5537 4298
15967 2295 7118
15968 1872 3899
15969 4050 3117
15970 6195 3029
15971 360 3285
15972 5020 3364
15973 4345 4022
15974 218 6853
15975 7027 4887
15976 6571 1592
15977 1041 3576
15978 3060 6775
15979 3584 2776
15980 1391 7939
15981 4904 7077
15982 4762 5280
15983 1393 4575
15984 4731 2058
15985 5056 3461
15986 6400 7977
15987 5005 3452
15988 4843 7323
15989 6689 1436
15990 2016 7237
15991 1747 6455
15992 3594 1680
15993 169 1443
15994 2137 5612
15995 5991 2262
15996 2408 3132
15997 7158 1445
15998 2041 4099
15999 988 1065
16000 2044 2063
16001 7392 7090
16002 7740 7831
16003 5711 4564
16004 1348 5445
16005 7938 3108
16006 3757 2821
16007 7026 5660
16008 7048 7814
16009 3251 2309
16010 7333 2083
16011 5755 849
16012 390 2074
16013 7788 4748
16014 6155 7209
16015 3653 246
16016 899 3486
16017 4756 2262
16018 6685 3691
16019 7483 4443
16020 6179 7200
16021 7698 7427
16022 342 2077
16023 6574 3017
16024 3479 6718
16025 7684 1869
16026 1035 2614
16027 2076 2463
16028 3602 6759
16029 4436 1834
16030 4586 5646
16031 5460 2918
16032 3473 6000
16033 6573 5006
16034 532 1539
16035 1072 1605
16036 7948 5805
16037 4174 4150
16038 2708 7478
16039 6437 4947
16040 7366 3929
16041 4300 3677
16042 2778 5512
16043 3550 1158
16044 4691 3531
16045 2544 559
16046 4130 7232
16047 7106 967
16048 4050 5252
16049 4819 7976
16050 3524 7644
16051 4644 2147
16052 5981 3162
16053 1977 3737
16054 4962 2309
16055 7884 7918
16056 706 3689
16057 4407 741
16058 6801 1682
16059 4329 845
16060 1582 1321
16061 7206 6308
16062 6830 7175
16063 7391 5819
16064 1635 1061
16065 1111 5744
16066 2435 7806
16067 7038 5876
16068 5938 6968
16069 2036 7473
16070 3100 5176
16071 218 331
16072 372 3229
16073 48 52
16074 1360 5754
16075 5019 7931
16076 7201 3483
16077 1144 1455
16078 4912 3691
16079 5306 6121
16080 6612 1642
16081 198 2886
16082 2271 4273
16083 5520 2895
16084 1529 6979
16085 1459 3979
16086 2020 1020
16087 6119 4885
16088 3104 1716
16089 7791 6486
16090 572 3460
16091 3051 3945
16092 2743 4983
16093 6681 2199
16094 1044 2878
16095 7038 4780
16096 208 655
16097 1185 114
16098 1240 662
16099 48 660
16100 4216 4416
16101 5583 5897
16102 6553 6977
16103 6292 3506
16104 2385 3937
16105 3371 7790
16106 3226 4696
16107 3738 4787
16108 5684 3241
16109 4029 6315
16110 4219 1289
16111 3472 7604
16112 5326 5685
16113 3811 2285
16114 6477 7881
16115 3514 797
16116 949 5195
16117 2511 6526
16118 7340 5153
16119 7031 4266
16120 3542 7000
16121 6809 2439
16122 3351 351
16123 6459 4804
16124 6470 5008
16125 5096 4229
16126 5119 1223
16127 4802 5956
16128 1147 715
16129 7157 2181
16130 3350 4730
16131 5554 7631
16132 5454 6721
16133 2165 4309
16134 1895 3245
16135 1613 1007
16136 548 1986
16137 4866 2354
16138 800 3503
16139 1655 4104
16140 5972 5640
16141 3237 4485
16142 188 7603
16143 3633 3906
16144 7714 3324
16145 7843 107
16146 7791 5538
16147 4591 4703
16148 6653 984
16149 1339 7733
16150 1725 1084
16151 6750 2837
16152 1078 3050
16153 1708 874
16154 7227 2114
16155 7361 6398
16156 5478 7809
16157 5216 2266
16158 5644 3538
16159 839 4551
16160 4807 4024
16161 3404 1040
16162 3448 826
16163 4887 4011
16164 6959 2392
16165 2468 1268
16166 3732 4232
16167 1726 1933
16168 2990 7825
16169 2517 2262
16170 1395 2586
16171 7865 6491
16172 4157 2552
16173 2022 68
16174 715 2380
16175 250 5616
16176 6977 5802
16177 7964 7132
16178 5116 4517
16179 475 6582
16180 5968 4766
16181 5521 4296
16182 5781 2343
16183 7959 457
16184 7370 2442
16185 6149 5202
16186 1842 1035
16187 560 1150
16188 4743 2211
16189 2688 49
16190 7066 4684
16191 2376 7085
16192 902 19
16193 2575 5875
16194 1046 7862
16195 1342 5493
16196 6925 293
16197 6134 1483
16198 348 5868
16199 5063 3914
16200 1327 4064
16201 4730 1582
16202 1057 6042
16203 5466 484
16204 1679 2980
16205 6415 5706
16206 2663 7050
16207 4603 4459
16208 176 7121
16209 7858 2083
16210 6118 2191
16211 798 931
16212 7056 2504
16213 2823 6254
16214 3041 4841
16215 5966 6279
16216 6326 7869
16217 7373 5421
16218 147 1517
16219 4036 2455
16220 347 1744
16221 7217 850
16222 6090 1163
16223 6004 6085
16224 3921 554
16225 7185 2924
16226 4269 7447
16227 5380 1991
16228 21 4438
16229 3672 2148
16230 6344 6935
16231 498 217
16232 1108 2916
16233 6030 1340
16234 6155 6408
16235 1701 3958
16236 7532 5389
16237 5211 6743
16238 2438 5404
16239 1161 876
16240 7064 1751
16241 7960 6146
16242 5143 4863
16243 5975 2231
16244 7630 1368
16245 2843 2083
16246 6190 7758
16247 5055 1745
16248 665 3214
16249 1590 7635
16250 2241 1245
16251 1524 3119
16252 6459 1275
16253 7904 1879
16254 3006 4453
16255 1262 3316
16256 5640 3339
16257 6871 6860
16258 6823 2738
16259 5028 6932
16260 2469 4879
16261 1175 4682
16262 89 7708
16263 664 7165
16264 1923 5207
16265 7716 5390
16266 1731 2681
16267 6844 2605
16268 1749 646
16269 4130 5103
16270 5864 7043
16271 3215 5400
16272 5796 800
16273 3841 7232
16274 4759 2603
16275 5785 4241
16276 4524 540
16277 5063 304
16278 39 5104
16279 2673 156
16280 4799 4472
16281 3669 762
16282 4417 3495
16283 561 2793
16284 825 2747
16285 1966 2261
16286 625 7812
16287 3086 1917
16288 6410 5768
16289 2079 1614
16290 3028 7858
16291 3025 5875
16292 2702 7613
16293 5358 4058
16294 6995 6247
16295 3644 5858
16296 1730 4787
16297 608 6188
16298 36 4345
16299 1262 6596
16300 5014 3397
16301 2767 4476
16302 3780 4142
16303 3037 5247
16304 1367 5483
16305 6808 339
16306 2657 7094
16307 1379 4711
16308 3209 5041
16309 3264 2168
16310 1923 2728
16311 1411 4947
16312 5932 4395
16313 4123 5280
16314 6083 2319
16315 6048 3280
16316 2852 6569
16317 6589 6310
16318 5768 6512
16319 5564 7269
16320 7971 3318
16321 2595 1645
16322 2055 3474
16323 7455 2738
16324 289 934
16325 7832 46
16326 2219 7974
16327 322 6534
16328 4810 4979
16329 2553 1568
16330 6414 1053
16331 314 5332
16332 3231 5621
16333 3529 1918
16334 4750 6615
16335 3134 4747
16336 5855 3320
16337 2946 7810
16338 1387 7506
16339 2122 4086
16340 7408 3346
16341 2665 791
16342 4725 7050
16343 365 3926
16344 7303 2
16345 1660 6164
16346 7375 6428
16347 917 4732
16348 1721 465
16349 4824 1273
16350 4352 5789
16351 6976 5780
16352 1446 5621
16353 7124 6576
16354 2620 7083
16355 2060 6962
16356 2550 349
16357 2513 7451
16358 6388 333
16359 5479 6990
16360 7924 5881
16361 1079 3424
16362 6926 6634
16363 7951 5339
16364 486 5958
16365 7198 2893
16366 7247 3085
16367 6530 432
16368 2411 845
16369 7241 2034
16370 7845 2169
16371 196 2207
16372 4245 2325
16373 6906 4141
16374 7695 6399
16375 4545 920
16376 5108 2854
16377 3230 5344
16378 4209 7073
16379 3844 1239
16380 55 5
16381 1096 7185
16382 4124 2351
16383 7643 7342
16384 2956 3572
16385 6909 6045
16386 4251 3871
16387 21 5481
16388 6218 483
16389 2843 5783
16390 7949 7670
16391 1062 4283
16392 7638 5416
16393 1848 7271
16394 4792 5268
16395 6569 4926
16396 1945 622
16397 2503 6980
16398 7773 1962
16399 3181 747
16400 6638 6742
16401 3810 1610
16402 179 7708
16403 6009 3120
16404 2500 6269
16405 5808 6435
16406 4734 2729
16407 4824 7440
16408 1539 6003
16409 7777 5441
16410 5925 7428
16411 6028 1100
16412 7823 5653
16413 2320 1356
16414 6472 885
16415 1619 6747
16416 1856 3634
16417 7205 191
16418 4878 7332
16419 716 1735
16420 4824 3936
16421 2025 1390
16422 1637 4878
16423 2705 3807
16424 5534 2082
16425 5595 2240
16426 2136 6050
16427 4163 3977
16428 3755 6330
16429 6916 3182
16430 3970 5262
16431 1309 2378
16432 5431 5025
16433 6801 1741
16434 2911 1412
16435 2438 6368
16436 2584 7741
16437 5793 5193
16438 3026 1775
16439 2053 3759
16440 4424 5205
16441 3748 1035
16442 3533 5167
16443 3698 6004
16444 1411 7263
16445 7063 7883
16446 295 6971
16447 2434 5076
16448 4929 995
16449 1597 4056
16450 5318 7734
16451 1975 7090
16452 4023 3266
16453 5655 5690
16454 7401 3734
16455 4363 6273
16456 3365 210
16457 5496 311
16458 6047 5782
16459 7218 5758
16460 5636 1307
16461 29 4302
16462 1997 4806
16463 5063 3473
16464 1842 4296
16465 4624 2271
16466 6989 1152
16467 2180 4080
16468 3439 3952
16469 6590 4431
16470 2415 7204
16471 1592 1829
16472 7082 3048
16473 5292 5941
16474 2679 2626
16475 4527 4375
16476 1833 458
16477 4393 4598
16478 6734 3066
16479 3668 1771
16480 1266 232
16481 389 4655
16482 1713 5421
16483 2763 3388
16484 6678 4491
16485 5592 4345
16486 1529 2510
16487 2567 2605
16488 4291 2130
16489 5498 6558
16490 6113 4713
16491 4500 4550
16492 7939 3936
16493 5505 7743
16494 6914 7128
16495 7413 7082
16496 6011 7413
16497 125 6687
16498 6118 5946
16499 4818 6190
16500 7821 3485
16501 5780 4439
16502 398 6918
16503 7995 1242
16504 3804 5349
16505 6254 4502
16506 5229 3982
16507 3602 2722
16508 3674 5428
16509 5853 126
16510 3939 6795
16511 7734 1185
16512 4163 2567
16513 574 6425
16514 6399 7711
16515 5597 6628
16516 4629 4776
16517 4473 2279
16518 2185 695
16519 6172 42
16520 2826 7805
16521 1494 263
16522 537 2196
16523 2269 2673
16524 3301 1309
16525 2548 5473
16526 5093 4664
16527 4339 1807
16528 5005 6014
16529 1303 6316
16530 905 4529
16531 3801 1569
16532 4998 6904
16533 885 4036
16534 3639 5598
16535 3870 1282
16536 4253 6745
16537 4032 193
16538 1420 3482
16539 7669 3525
16540 5675 1018
16541 628 4350
16542 2393 4109
16543 3911 3059
16544 4779 6382
16545 5339 7345
16546 5047 5041
16547 751 3963
16548 3110 4070
16549 389 846
16550 1668 2578
16551 2482 6343
16552 5421 848
16553 1269 3028
16554 3542 17
16555 2907 3172
16556 3514 5792
16557 5174 4724
16558 2722 3412
16559 7657 7066
16560 7121 3425
16561 995 227
16562 1573 7470
16563 7197 1937
16564 3168 4839
16565 7847 3081
16566 1156 6231
16567 1890 6138
16568 1575 7564
16569 7591 5025
16570 7712 1043
16571 3181 4815
16572 5940 2789
16573 1664 1419
16574 7759 3905
16575 5662 2644
16576 2233 5343
16577 6871 3747
16578 1445 3097
16579 2841 251
16580 5128 2181
16581 5430 6414
16582 7964 1596
16583 122 6007
16584 4195 4290
16585 6543 2705
16586 4107 1867
16587 5557 1224
16588 3139 5026
16589 7045 956
16590 3384 6930
16591 1365 158
16592 3036 3974
16593 6018 7697
16594 5585 1746
16595 4687 6676
16596 6142 1859
16597 3524 951
16598 3711 6606
16599 3739 3241
16600 627 5563
16601 2180 5562
16602 3811 5998
16603 5881 3162
16604 2485 2894
16605 2812 5146
16606 7023 3798
16607 1867 6008
16608 4238 4900
16609 5174 2948
16610 1096 5200
16611 5072 4202
16612 7199 4139
16613 1451 7805
16614 4667 834
16615 2664 1602
16616 6498 1832
16617 7272 7197
16618 3806 1961
16619 7273 7051
16620 1217 6447
16621 5075 4857
16622 2773 3888
16623 7190 4766
16624 2506 831
16625 6728 6487
16626 125 459
16627 3890 3648
16628 2899 6982
16629 2977 4709
16630 1231 5192
16631 7640 2054
16632 7544 3138
16633 582 5682
16634 3634 211
16635 6945 6888
16636 275 4434
16637 7556 4299
16638 7617 2640
16639 429 5026
16640 2129 573
16641 6941 3056
16642 7161 226
16643 2081 4581
16644 2077 5885
16645 304 5639
16646 5934 2448
16647 7889 4494
16648 1391 5240
16649 7064 6795
16650 7552 3836
16651 4324 3219
16652 7820 560
16653 6439 5813
16654 828 5630
16655 1834 2030
16656 7151 399
16657 4761 4955
16658 2589 5565
16659 3859 1308
16660 2618 6019
16661 1343 5283
16662 1749 3389
16663 6432 811
16664 4706 31
16665 4911 3019
16666 3313 4844
16667 7017 5071
16668 4195 386
16669 7909 1511
16670 3717 5695
16671 3678 4937
16672 1595 4124
16673 4223 2415
16674 4755 364
16675 4617 6880
16676 623 4920
16677 5501 4655
16678 2940 7171
16679 6388 1410
16680 83 3445
16681 6520 3032
16682 5178 6517
16683 5169 462
16684 6221 2311
16685 4634 6402
16686 4638 2939
16687 2207 3114
16688 5118 2471
16689 4693 7060
16690 7653 5917
16691 813 595
16692 253 5478
16693 6918 5477
16694 2307 7031
16695 3926 2272
16696 3016 4213
16697 5686 5091
16698 1354 317
16699 7434 3718
16700 3683 196
16701 3777 5657
16702 1004 7915
16703 7222 274
16704 7565 7197
16705 1032 110
16706 5945 5387
16707 6093 6031
16708 1101 7932
16709 5157 1010
16710 2507 2369
16711 593 6238
16712 3527 6492
16713 7635 5117
16714 6664 7430
16715 4395 5214
16716 2233 7443
16717 378 6591
16718 7459 6348
16719 809 5064
16720 4323 1506
16721 1360 1428
16722 1808 5843
16723 4867 3605
16724 2405 3247
16725 4705 2977
16726 6731 4205
16727 3717 6853
16728 7014 3491
16729 6169 6303
16730 4398 1536
16731 72 4751
16732 2710 4275
16733 2799 2742
16734 6361 1642
16735 5992 3152
16736 1167 1627
16737 4589 3269
16738 6648 5455
16739 7426 6362
16740 3954 5657
16741 6828 7914
16742 5561 1041
16743 6294 560
16744 3585 1895
16745 7039 6734
16746 4267 1107
16747 3947 6185
16748 5572 3127
16749 1203 7976
16750 6579 4528
16751 178 1735
16752 6586 4671
16753 3072 3824
16754 1045 4983
16755 3190 4322
16756 6020 7476
16757 6052 6955
16758 6665 3947
16759 1886 7409
16760 3476 4253
16761 1525 7896
16762 7603 7669
16763 5382 107
16764 5742 7050
16765 4474 5323
16766 3037 2660
16767 927 7435
16768 97 1483
16769 1026 2535
16770 5235 7642
16771 4850 3417
16772 7808 1558
16773 6223 6895
16774 471 7531
16775 5363 869
16776 5399 6099
16777 4319 2553
16778 822 6580
16779 2626 2777
16780 6931 109
16781 6507 3751
16782 1604 6943
16783 2979 3988
16784 7692 2532
16785 7469 3804
16786 3801 3810
16787 4977 4326
16788 1125 1848
16789 7030 530
16790 2696 3006
16791 7350 7123
16792 1798 3828
16793 2022 963
16794 7614 5906
16795 2480 546
16796 6184 4124
16797 4991 5551
16798 3837 7865
16799 6879 461
16800 1722 4718
16801 7477 6983
16802 3361 2853
16803 7688 3721
16804 1252 6765
16805 7245 495
16806 281 3773
16807 6630 6268
16808 407 1423
16809 2575 6429
16810 6242 3791
16811 2599 4390
16812 1338 7695
16813 7087 3857
16814 3514 5503
16815 3992 6910
16816 6019 4672
16817 7498 5666
16818 4250 541
16819 5236 1645
16820 1227 2179
16821 2369 5278
16822 2181 7290
16823 5974 4341
16824 3430 7464
16825 4812 3824
16826 5368 7504
16827 770 3912
16828 5201 7621
16829 4009 7077
16830 5752 1091
16831 211 1426
16832 2994 5036
16833 2199 7414
16834 3455 7829
16835 1195 4416
16836 923 1201
16837 5261 2692
16838 5029 6246
16839 7899 347
16840 3672 5930
16841 2541 144
16842 1933 2113
16843 7937 3078
16844 5673 5352
16845 2430 3613
16846 790 1575
16847 4513 7756
16848 1076 5613
16849 174 7713
16850 1806 5932
16851 6359 2591
16852 3799 7543
16853 3117 4805
16854 1280 7193
16855 4394 4121
16856 4433 4013
16857 4976 1788
16858 2692 2810
16859 513 5737
16860 7713 4733
16861 1624 910
16862 3786 3226
16863 513 608
16864 947 4169
16865 207 673
16866 1874 647
16867 522 4075
16868 5444 36
16869 492 3784
16870 6482 1887
16871 5728 3658
16872 2697 3791
16873 4048 1239
16874 1641 146
16875 6738 3599
16876 4128 167
16877 5257 6991
16878 907 5835
16879 7506 7877
16880 1287 3411
16881 4545 1267
16882 5217 3359
16883 79 5983
16884 216 4266
16885 4320 6138
16886 7935 5896
16887 4990 6547
16888 2027 693
16889 728 1911
16890 2591 7603
16891 1300 5114
16892 403 1204
16893 3142 7652
16894 7661 5979
16895 5788 7498
16896 2553 298
16897 7976 7556
16898 333 7446
16899 6506 888
16900 1604 1774
16901 7766 4559
16902 7704 3409
16903 3498 2281
16904 6205 1559
16905 1621 2853
16906 1460 4937
16907 6580 2467
16908 5557 6482
16909 6952 3292
16910 4374 1962
16911 3731 1292
16912 1840 5455
16913 7572 1460
16914 4972 7620
16915 7203 6048
16916 5931 7463
16917 443 4049
16918 5798 1440
16919 5342 1158
16920 4800 1327
16921 7146 652
16922 3912 977
16923 970 5840
16924 7749 241
16925 3262 7429
16926 201 6998
16927 7599 421
16928 1461 2695
16929 3905 5544
16930 4948 5311
16931 6536 2261
16932 2083 7830
16933 2937 1116
16934 5627 4576
16935 5197 5865
16936 1757 5038
16937 50 977
16938 2451 4991
16939 7471 3907
16940 7271 2362
16941 6127 3872
16942 387 763
16943 7176 4252
16944 4612 3635
16945 6877 5625
16946 5771 6853
16947 3404 4469
16948 3914 784
16949 2799 6761
16950 3388 1809
16951 3802 3670
16952 5522 1644
16953 4745 2501
16954 6377 7967
16955 4618 5487
16956 854 5352
16957 7890 2527
16958 730 2144
16959 3670 6876
16960 3212 7610
16961 7492 694
16962 6278 5138
16963 1710 5460
16964 5441 4108
16965 5096 3858
16966 6114 5221
16967 3204 377
16968 5861 4918
16969 1757 5800
16970 3315 4894
16971 4220 5730
16972 6979 7978
16973 6445 479
16974 1443 1134
16975 2039 3107
16976 5374 7545
16977 3200 935
16978 305 5223
16979 2467 5490
16980 5940 1214
16981 1710 1056
16982 7387 506
16983 1243 1785
16984 3030 5690
16985 3123 1889
16986 880 951
16987 5236 3755
16988 7054 3833
16989 5840 5277
16990 7968 150
16991 4696 1976
16992 5572 6103
16993 946 7112
16994 7809 4183
16995 4727 677
16996 6351 7078
16997 4816 7814
16998 6178 1878
16999 4230 5787
17000 5887 915
17001 3942 4952
17002 3718 778
17003 6339 6161
17004 7691 3408
17005 3343 5153
17006 6359 1682
17007 5564 5847
17008 713 2767
17009 3587 2133
17010 3136 694
17011 5048 2359
17012 1558 6351
17013 3159 2445
17014 1837 3520
17015 4520 749
17016 2970 2308
17017 3665 4763
17018 6472 7764
17019 642 7452
17020 3937 6771
17021 5219 6411
17022 7954 1531
17023 4403 6217
17024 3635 3916
17025 2249 2342
17026 1213 937
17027 6416 6986
17028 4044 4270
17029 7380 4556
17030 1644 1917
17031 72 3781
17032 407 6696
17033 1209 4154
17034 2046 7148
17035 65 4535
17036 5205 4849
17037 7705 6144
17038 7750 2941
17039 7298 2252
17040 7219 2240
17041 3715 4735
17042 1627 123
17043 5748 2211
17044 3472 4363
17045 791 7404
17046 7535 5514
17047 5114 1351
17048 207 6536
17049 1156 2196
17050 4336 6619
17051 2407 7232
17052 363 3334
17053 2997 7296
17054 6070 614
17055 5097 1688
17056 7846 7812
17057 1907 3088
17058 7015 6436
17059 7876 1781
17060 5615 3734
17061 7479 593
17062 6443 7088
17063 730 5713
17064 361 2414
17065 7143 2337
17066 6546 5600
17067 3130 273
17068 7211 2382
17069 7561 3043
17070 4081 4192
17071 6971 7513
17072 5323 6402
17073 7165 6822
17074 6595 7849
17075 1973 4921
17076 4086 829
17077 2129 1406
17078 7461 7502
17079 4932 6669
17080 7434 2289
17081 2558 5587
17082 3277 726
17083 2594 7843
17084 51 6868
17085 5648 630
17086 2649 1420
17087 5760 7285
17088 6531 3627
17089 3250 2261
17090 1350 5806
17091 1532 7190
17092 4733 739
17093 4964 1450
17094 7623 1554
17095 7847 1258
17096 3774 5663
17097 6555 2201
17098 6112 3425
17099 3771 1585
17100 5362 2346
17101 1579 6692
17102 5718 6934
17103 4018 7400
17104 4974 5541
17105 5661 4104
17106 1191 6495
17107 3870 5269
17108 1491 7036
17109 1382 3862
17110 2399 3987
17111 1053 7121
17112 2641 4994
17113 5847 10
17114 5076 1648
17115 38 6897
17116 2713 6690
17117 6012 4183
17118 2091 223
17119 6094 7771
17120 7992 6665
17121 5999 746
17122 6522 3195
17123 5368 7023
17124 1864 2959
17125 716 1226
17126 5476 4086
17127 922 5800
17128 5659 724
17129 2511 5838
17130 6947 5310
17131 6854 809
17132 2860 3240
17133 7395 1381
17134 96 7063
17135 974 1200
17136 1606 7529
17137 4954 710
17138 5358 2804
17139 3222 1059
17140 888 4748
17141 3817 7731
17142 4310 1501
17143 861 2711
17144 4386 479
17145 6531 3578
17146 5756 473
17147 4363 3846
17148 7339 4072
17149 1272 6439
17150 73 6295
17151 3779 590
17152 4102 5606
17153 1806 3485
17154 1324 3190
17155 4635 349
17156 1580 5808
17157 6489 162
17158 4971 5465
17159 168 5528
17160 7241 7992
17161 4532 1825
17162 2255 582
17163 7262 7228
17164 6511 5741
17165 7324 2300
17166 1106 4638
17167 1150 643
17168 343 2230
17169 908 4245
17170 1771 5711
17171 3242 2820
17172 2510 4858
17173 3554 5991
17174 1782 462
17175 632 3265
17176 5903 1019
17177 2473 4223
17178 5316 3205
17179 71 1211
17180 7617 4251
17181 7601 7871
17182 4300 5596
17183 5882 1782
17184 5360 679
17185 1217 7898
17186 7807 918
17187 2367 7408
17188 6877 7777
17189 6287 6896
17190 6184 2224
17191 6013 5327
17192 3512 2177
17193 1445 2199
17194 2926 4009
17195 3338 1934
17196 7415 7748
17197 4479 4748
17198 599 1315
17199 5118 5515
17200 7311 209
17201 2031 5799
17202 1785 7935
17203 260 2593
17204 4181 1937
17205 1384 1839
17206 575 7506
17207 6072 7757
17208 6134 2228
17209 5434 350
17210 806 5997
17211 4456 5459
17212 6479 2888
17213 3455 4884
17214 5173 7991
17215 2184 3417
17216 5129 1624
17217 3164 6107
17218 1734 4782
17219 2368 5873
17220 4142 4070
17221 5847 327
17222 5163 4943
17223 3881 6593
17224 2065 5186
17225 433 1267
17226 1779 5879
17227 3736 7898
17228 5334 6403
17229 5751 6582
17230 7792 2373
17231 6729 2172
17232 5732 3077
17233 4714 6147
17234 3486 1858
17235 6131 6335
17236 7037 6206
17237 5955 5424
17238 5743 1960
17239 3372 5743
17240 6096 2152
17241 6903 3257
17242 2382 3476
17243 6625 6224
17244 3648 1221
17245 1588 3263
17246 5317 6262
17247 7947 7379
17248 4917 5071
17249 2211 7322
17250 2644 6776
17251 5017 5961
17252 6565 2396
17253 3854 6675
17254 940 6115
17255 3318 5515
17256 940 467
17257 1467 503
17258 7777 3258
17259 7977 11
17260 1632 6650
17261 663 3487
17262 7423 7410
17263 6689 5896
17264 2277 4915
17265 6647 5730
17266 614 4092
17267 3721 2790
17268 2504 1007
17269 3777 3640
17270 7486 3846
17271 3077 4514
17272 5135 3175
17273 6611 5578
17274 990 1191
17275 4299 3396
17276 5001 26
17277 4427 6563
17278 869 1387
17279 3298 4485
17280 3267 3154
17281 1921 3797
17282 2172 2354
17283 4268 3301
17284 3017 3397
17285 703 1499
17286 978 7726
17287 3583 5354
17288 1707 1434
17289 7238 664
17290 7736 2464
17291 6229 1430
17292 6065 143
17293 1156 7114
17294 133 4458
17295 5975 2221
17296 676 72
17297 5976 1465
17298 4072 2110
17299 3482 2571
17300 1074 1795
17301 6866 6465
17302 6300 106
17303 4300 5294
17304 7699 6113
17305 6099 7825
17306 2577 4992
17307 7540 588
17308 3646 4687
17309 6802 6543
17310 658 2256
17311 6491 2617
17312 3162 3959
17313 4836 5631
17314 4771 640
17315 4427 7605
17316 3332 1648
17317 3171 3795
17318 6649 4745
17319 6371 97
17320 5935 3866
17321 285 2707
17322 2890 7381
17323 5151 966
17324 2321 4947
17325 4068 3314
17326 6851 1364
17327 999 1169
17328 3496 4317
17329 4926 5399
17330 2917 2456
17331 4656 7734
17332 541 6177
17333 768 1342
17334 7989 2082
17335 6774 6391
17336 748 3261
17337 3315 3159
17338 2240 797
17339 2776 7109
17340 5406 182
17341 7140 4568
17342 6975 4573
17343 2771 2042
17344 4411 3889
17345 5260 149
17346 820 701
17347 3020 5959
17348 1345 7904
17349 3328 7303
17350 4800 2590
17351 5867 3232
17352 4658 7685
17353 1756 4596
17354 7151 3089
17355 6035 148
17356 3644 353
17357 2859 2065
17358 4979 4325
17359 3792 2964
17360 2384 2784
17361 6736 7859
17362 7282 5211
17363 6807 7290
17364 188 1848
17365 3632 3805
17366 3414 5259
17367 6436 5974
17368 885 74
17369 5658 6810
17370 1866 5910
17371 577 5381
17372 6140 5372
17373 5911 6268
17374 3692 5814
17375 6427 5733
17376 7556 1793
17377 5462 1841
17378 7795 3808
17379 3319 2867
17380 6680 2479
17381 7347 5460
17382 5715 1664
17383 3127 741
17384 6193 4809
17385 897 4991
17386 3015 2388
17387 2395 6173
17388 2988 5505
17389 2988 734
17390 4120 5988
17391 5171 4290
17392 6574 2179
17393 4004 1811
17394 4727 5082
17395 5586 7053
17396 6738 2150
17397 6863 275
17398 2703 5196
17399 7629 4693
17400 5017 6718
17401 3203 2651
17402 1240 4188
17403 2688 4047
17404 1466 704
17405 6257 1167
17406 3806 7366
17407 5942 7780
17408 1449 2957
17409 2737 88
17410 3589 5247
17411 4365 4547
17412 2929 3791
17413 1528 6958
17414 3586 5656
17415 6106 243
17416 1757 548
17417 4426 3143
17418 7693 1586
17419 688 6883
17420 339 5366
17421 88 1683
17422 5675 5781
17423 1068 2772
17424 4204 5525
17425 7293 3089
17426 560 998
17427 7857 1049
17428 4403 178
17429 1358 2318
17430 2825 4433
17431 6862 5114
17432 3337 502
17433 5254 6433
17434 1992 5337
17435 3216 7351
17436 5326 5779
17437 832 5862
17438 4561 3927
17439 20 4308
17440 4812 4929
17441 6521 3413
17442 4074 7954
17443 2974 656
17444 3356 1771
17445 691 6869
17446 846 3264
17447 535 1280
17448 4072 3463
17449 784 5353
17450 780 1460
17451 6161 1153
17452 2304 3778
17453 667 1328
17454 4870 774
17455 6814 7045
17456 6356 3037
17457 2832 917
17458 5345 5815
17459 2149 6039
17460 6554 3354
17461 7369 1864
17462 3949 5290
17463 1238 7883
17464 7847 2905
17465 1052 1725
17466 1786 7157
17467 2875 6428
17468 6610 7288
17469 3093 4678
17470 6563 5809
17471 6543 5776
17472 7703 6865
17473 3104 6832
17474 1351 4765
17475 2045 6443
17476 2304 2153
17477 1185 6064
17478 4031 62
17479 2229 6958
17480 6892 6410
17481 49 6647
17482 2018 446
17483 1746 1809
17484 7802 4060
17485 2127 623
17486 4118 972
17487 3465 1194
17488 18 3436
17489 7431 887
17490 1441 6706
17491 3413 3928
17492 6066 1532
17493 1457 6500
17494 7271 2399
17495 6175 2509
17496 2803 6361
17497 2996 4205
17498 6920 7052
17499 7714 2689
17500 5710 5035
17501 6979 1285
17502 2535 7306
17503 190 6557
17504 5855 1846
17505 7584 6032
17506 1934 5882
17507 3685 855
17508 4550 5440
17509 5218 2972
17510 5774 7996
17511 3265 2913
17512 3313 2953
17513 5359 427
17514 3841 2041
17515 7468 3252
17516 5906 786
17517 6809 4747
17518 4438 3930
17519 761 6230
17520 1310 1748
17521 5524 1209
17522 922 2764
17523 1263 7958
17524 2523 7834
17525 5258 6098
17526 7232 3583
17527 5843 2375
17528 2312 1032
17529 5791 7464
17530 5678 4731
17531 2731 4844
17532 2741 3035
17533 3955 1564
17534 4675 2668
17535 1170 3033
17536 6725 897
17537 3606 7919
17538 1127 6658
17539 709 5763
17540 7591 1328
17541 5053 2609
17542 3445 2322
17543 5118 6142
17544 3660 1950
17545 1715 3585
17546 401 3345
17547 3219 4371
17548 955 374
17549 960 5368
17550 2400 20
17551 7828 3098
17552 7054 6737
17553 5311 1806
17554 591 5617
17555 150 516
17556 2434 4856
17557 4113 1644
17558 6043 5471
17559 7352 3525
17560 7604 7550
17561 3910 791
17562 2570 6670
17563 5338 5618
17564 7151 5328
17565 7042 696
17566 2438 3800
17567 6957 5791
17568 7307 5296
17569 1358 231
17570 2949 4785
17571 22 7928
17572 401 2775
17573 1090 7505
17574 7370 4133
17575 6405 2020
17576 175 571
17577 2921 7476
17578 3511 7143
17579 4914 7091
17580 6773 2139
17581 2152 3549
17582 3316 5599
17583 6092 6212
17584 4153 5040
17585 6770 7811
17586 2760 7615
17587 2508 4449
17588 6367 2507
17589 4425 1360
17590 2129 3590
17591 6339 3978
17592 1641 218
17593 1711 7486
17594 6743 999
17595 6382 7829
17596 4250 1959
17597 1529 1763
17598 581 2880
17599 967 4884
17600 4606 5047
17601 7201 4284
17602 4636 7018
17603 1329 2602
17604 1514 2914
17605 6703 2822
17606 3083 1146
17607 3000 7501
17608 7503 7652
17609 2294 2462
17610 2848 3722
17611 2927 6372
17612 1045 349
17613 308 516
17614 367 3839
17615 7071 7618
17616 7156 3756
17617 2355 1473
17618 932 4742
17619 2190 2723
17620 2735 3161
17621 1949 5372
17622 7601 447
17623 799 3622
17624 4267 1527
17625 2224 7409
17626 1097 7607
17627 4779 6355
17628 6424 4861
17629 3183 7268
17630 4165 4202
17631 3367 917
17632 5519 2208
17633 1318 6787
17634 3379 6143
17635 5876 989
17636 2452 112
17637 2485 2161
17638 3720 1378
17639 2458 5727
17640 4638 5190
17641 5565 4011
17642 6720 2622
17643 2607 6027
17644 6212 1256
17645 2995 4031
17646 2058 871
17647 3775 7489
17648 7189 1116
17649 4791 4334
17650 5518 5734
17651 7553 3263
17652 6480 2770
17653 5560 3342
17654 3150 6400
17655 10 2463
17656 587 206
17657 6277 6283
17658 4043 1367
17659 7700 2567
17660 2432 3923
17661 1985 2985
17662 7485 4672
17663 5284 943
17664 5233 1752
17665 5315 3920
17666 7575 7513
17667 1355 134
17668 4332 2279
17669 6238 5032
17670 2986 5201
17671 1962 7664
17672 6027 7859
17673 7580 5398
17674 4763 946
17675 731 5138
17676 2954 3359
17677 2579 6721
17678 7705 7335
17679 34 1377
17680 6947 2854
17681 3653 376
17682 7928 6844
17683 4004 2709
17684 2703 3807
17685 7961 3576
17686 3225 198
17687 2620 1866
17688 4257 4594
17689 4933 169
17690 271 4982
17691 280 4141
17692 5883 2282
17693 48 3011
17694 4565 4961
17695 1613 5923
17696 1939 3461
17697 3673 125
17698 1675 2958
17699 7735 1237
17700 517 7615
17701 3509 4807
17702 6386 4127
17703 4744 7663
17704 2052 5743
17705 3577 7130
17706 2416 2330
17707 5979 4753
17708 2727 6475
17709 5130 7012
17710 6114 1673
17711 5994 1495
17712 6855 6000
17713 3059 554
17714 513 2872
17715 7116 3574
17716 2020 4601
17717 7599 2163
17718 4307 6973
17719 2152 7274
17720 7330 506
17721 3374 5797
17722 1342 7744
17723 7542 6504
17724 1162 2841
17725 7035 362
17726 735 6251
17727 6956 1092
17728 3860 1756
17729 4154 7040
17730 126 1491
17731 6624 4258
17732 7335 7490
17733 4054 2148
17734 2815 6258
17735 764 7639
17736 2819 5692
17737 4206 4543
17738 3930 2189
17739 7865 4474
17740 5692 5175
17741 2626 5048
17742 2569 4891
17743 1489 6829
17744 2158 7607
17745 5281 740
17746 7359 4917
17747 772 6079
17748 2782 2058
17749 6121 1763
17750 5796 7420
17751 2425 2352
17752 4718 6964
17753 7408 4384
17754 3685 5435
17755 159 2679
17756 3224 5738
17757 1738 4235
17758 910 7587
17759 6469 4114
17760 2898 6905
17761 3151 3696
17762 6150 7334
17763 2271 1837
17764 7876 1286
17765 6446 40
17766 6810 5547
17767 3128 703
17768 4414 7170
17769 7479 966
17770 3502 251
17771 1676 274
17772 1794 796
17773 891 3769
17774 7547 1174
17775 7255 7663
17776 6186 2921
17777 4771 3900
17778 670 3852
17779 6276 3829
17780 6987 1309
17781 4655 2947
17782 3798 3260
17783 1814 235
17784 7762 4699
17785 5844 4658
17786 4624 542
17787 222 278
17788 1715 215
17789 1516 3772
17790 394 1441
17791 7251 4694
17792 6696 2400
17793 5986 4293
17794 2787 4801
17795 4600 512
17796 6485 2446
17797 3278 734
17798 3276 5324
17799 306 7988
17800 4351 2358
17801 4010 7175
17802 6899 446
17803 5940 7916
17804 5522 5055
17805 6507 4912
17806 7505 5852
17807 3518 1204
17808 6895 1131
17809 1653 2684
17810 501 2257
17811 5291 5594
17812 1575 1895
17813 4264 3708
17814 2174 6378
17815 6272 7638
17816 934 2069
17817 6297 4573
17818 1234 345
17819 3425 4064
17820 3194 6980
17821 1528 7230
17822 2593 7463
17823 788 5061
17824 5397 4159
17825 7695 4035
17826 1308 1580
17827 4818 269
17828 4641 5730
17829 5003 763
17830 7887 7239
17831 3381 4452
17832 6705 1711
17833 2126 7121
17834 1265 2999
17835 2323 7492
17836 3121 6732
17837 7062 4828
17838 762 1916
17839 6887 7425
17840 3001 5530
17841 5959 1149
17842 2630 6760
17843 4960 4311
17844 2577 6620
17845 1058 1523
17846 6353 6080
17847 6590 1406
17848 3980 7954
17849 760 4888
17850 7620 3703
17851 4641 3069
17852 6583 3304
17853 4117 751
17854 928 6406
17855 1999 3376
17856 5041 7269
17857 462 99
17858 3552 4409
17859 7242 1244
17860 1329 7017
17861 2739 1336
17862 2797 2106
17863 844 4186
17864 7063 1271
17865 1787 181
17866 5317 1348
17867 7358 4354
17868 7534 3886
17869 5054 5059
17870 3236 3854
17871 5513 130
17872 3764 6799
17873 5230 2484
17874 4013 588
17875 4991 1068
17876 6485 2097
17877 5351 3995
17878 2437 4569
17879 1826 4701
17880 6253 6555
17881 2880 1656
17882 4290 4497
17883 6792 6969
17884 2019 6804
17885 4825 4811
17886 4178 1932
17887 1324 6949
17888 2468 6598
17889 3145 3221
17890 5806 5123
17891 743 5646
17892 2772 6638
17893 4754 1683
17894 6893 474
17895 2261 2997
17896 7732 3063
17897 2332 1932
17898 657 5899
17899 4640 1457
17900 7375 3406
17901 5533 4041
17902 5761 5552
17903 6953 5098
17904 4507 5456
17905 3927 957
17906 937 7327
17907 2655 3941
17908 7510 7663
17909 7294 7585
17910 7307 2897
17911 2456 5078
17912 7617 2039
17913 7685 5280
17914 7001 1078
17915 5649 4582
17916 7791 5350
17917 7818 6270
17918 4562 5668
17919 7221 5184
17920 285 6425
17921 752 1280
17922 1345 7649
17923 4140 1630
17924 7156 1528
17925 6110 4444
17926 2421 3319
17927 2638 6114
17928 6369 687
17929 3935 1011
17930 5766 1771
17931 6139 2520
17932 5334 1141
17933 1675 7182
17934 2683 773
17935 2166 1383
17936 5727 6115
17937 288 3158
17938 6278 6651
17939 2377 7354
17940 2804 3106
17941 1474 1219
17942 7605 338
17943 2664 6224
17944 3193 1156
17945 984 67
17946 2156 3419
17947 1529 6613
17948 5364 5531
17949 6587 3811
17950 3021 1586
17951 7641 5994
17952 6822 854
17953 60 7240
17954 3421 3089
17955 7376 7627
17956 4232 2502
17957 1779 293
17958 2343 575
17959 7024 1373
17960 874 6346
17961 1870 3592
17962 2757 7120
17963 5884 3479
17964 4265 6606
17965 6250 4039
17966 3051 745
17967 1362 7658
17968 5031 1942
17969 633 2537
17970 3907 6134
17971 4122 6437
17972 129 646
17973 4744 3461
17974 4241 1939
17975 5792 3754
17976 2930 6709
17977 3817 1152
17978 2789 1963
17979 3830 7560
17980 4564 894
17981 6648 5079
17982 4709 957
17983 7757 6475
17984 1132 3740
17985 3103 7489
17986 7928 4506
17987 6911 4795
17988 2357 5781
17989 2686 4462
17990 3446 2911
17991 6475 2234
17992 7642 2847
17993 3149 2181
17994 7090 5064
17995 1741 7895
17996 4539 5952
17997 5215 7198
17998 4088 6881
17999 2547 873
18000 3899 5713
18001 2562 3316
18002 2163 3875
18003 712 6193
18004 6467 4758
18005 4563 4174
18006 4592 393
18007 7908 3209
18008 3028 1533
18009 2654 986
18010 2291 7301
18011 7540 4644
18012 500 7234
18013 119 5192
18014 6771 6819
18015 3728 3498
18016 2527 921
18017 5942 6749
18018 4120 6563
18019 2104 2926
18020 3903 3248
18021 4056 1148
18022 2955 1326
18023 3308 1681
18024 3994 3457
18025 5727 6066
18026 3318 3177
18027 366 4865
18028 211 2164
18029 2705 26
18030 5858 316
18031 5579 6007
18032 4339 7543
18033 5618 1780
18034 5719 6006
18035 3520 1589
18036 7081 1569
18037 2068 4
18038 6667 5969
18039 132 7415
18040 5591 2063
18041 1613 7131
18042 3942 2663
18043 6911 1241
18044 5997 3062
18045 4618 4358
18046 537 4381
18047 3522 2274
18048 7461 44
18049 3803 1858
18050 3487 3703
18051 6312 342
18052 146 3961
18053 2667 766
18054 739 2318
18055 4355 5584
18056 3092 1715
18057 2309 5588
18058 7139 2913
18059 5 2717
18060 7950 7596
18061 6419 4905
18062 2809 4370
18063 3797 385
18064 2083 5485
18065 537 3051
18066 3443 995
18067 4388 5912
18068 1675 1388
18069 7680 7286
18070 5259 1216
18071 1427 2362
18072 4026 7883
18073 1432 1561
18074 4519 4178
18075 1444 7028
18076 1074 4322
18077 2094 4614
18078 7954 3224
18079 2137 5029
18080 585 1682
18081 6710 6738
18082 7721 4357
18083 2263 43
18084 3997 2216
18085 2748 6703
18086 5776 5834
18087 4678 4625
18088 502 3690
18089 3546 1709
18090 2211 7902
18091 2520 928
18092 2915 5332
18093 1113 2492
18094 5043 6138
18095 2118 2565
18096 821 870
18097 2050 6448
18098 1714 7599
18099 4786 3265
18100 1838 720
18101 5001 2479
18102 2073 3261
18103 5491 2198
18104 1203 4874
18105 5613 7554
18106 4890 2259
18107 1822 5843
18108 421 4712
18109 3290 4238
18110 2560 6260
18111 2910 3777
18112 4518 3926
18113 3456 1497
18114 934 7428
18115 7263 1881
18116 534 565
18117 4305 7041
18118 3243 7187
18119 3077 7059
18120 2582 4717
18121 204 6414
18122 5354 6110
18123 3837 7244
18124 481 6258
18125 6002 5775
18126 1603 6499
18127 376 5236
18128 6700 252
18129 6354 2420
18130 268 4250
18131 1928 1866
18132 287 3585
18133 334 3560
18134 733 2059
18135 5710 7312
18136 4499 5104
18137 1687 6191
18138 6027 6586
18139 7661 4198
18140 6015 6745
18141 5801 7484
18142 4800 2734
18143 6853 5083
18144 7287 2316
18145 3761 5313
18146 3454 3031
18147 2950 2841
18148 5407 3330
18149 7439 7163
18150 5910 4487
18151 1879 1482
18152 525 6812
18153 6433 7646
18154 6373 5865
18155 2096 2617
18156 6279 3142
18157 4730 3175
18158 1582 5416
18159 2375 4584
18160 6618 7846
18161 2904 4380
18162 1029 7120
18163 3102 6960
18164 7095 413
18165 5763 6697
18166 2778 4215
18167 4158 5941
18168 5165 2466
18169 6238 4698
18170 7098 5347
18171 5549 2658
18172 4281 1961
18173 1802 2488
18174 2924 5387
18175 2032 3704
18176 3671 4553
18177 5399 80
18178 7925 2325
18179 3547 6809
18180 615 2923
18181 5162 210
18182 1835 5678
18183 3954 3767
18184 5915 5215
18185 1547 53
18186 4190 743
18187 2792 1438
18188 911 767
18189 6775 4413
18190 5199 5830
18191 933 4165
18192 4229 4290
18193 4058 7237
18194 1617 5530
18195 7915 6402
18196 4192 4333
18197 3059 2765
18198 4170 7511
18199 6682 2246
18200 2786 7637
18201 326 2180
18202 1907 1047
18203 2043 340
18204 2810 7580
18205 5719 143
18206 7896 7270
18207 7903 1052
18208 6292 7664
18209 2221 5754
18210 4363 4283
18211 1098 2451
18212 7565 4571
18213 2131 7929
18214 1679 6877
18215 3344 7495
18216 2707 3091
18217 3562 4957
18218 3089 3111
18219 151 6291
18220 6157 3368
18221 7454 262
18222 7094 5485
18223 301 3065
18224 6856 6395
18225 2288 2657
18226 3503 5608
18227 6017 4795
18228 4463 5429
18229 923 2680
18230 5157 1607
18231 7006 2886
18232 4870 6622
18233 1998 2550
18234 6135 5542
18235 5924 7751
18236 2922 3555
18237 1857 546
18238 7106 5038
18239 1200 2666
18240 7451 2491
18241 5609 1295
18242 5291 1335
18243 2658 205
18244 7321 1803
18245 716 442
18246 3733 6514
18247 3217 2835
18248 2672 6659
18249 6942 7833
18250 7692 2117
18251 3735 1769
18252 7564 3962
18253 4296 3511
18254 6800 3049
18255 5352 3082
18256 6764 4139
18257 7086 2458
18258 7324 95
18259 999 2569
18260 3357 3396
18261 3571 161
18262 4981 2278
18263 5379 5210
18264 6287 3843
18265 7390 1117
18266 7976 2476
18267 4504 3559
18268 7966 884
18269 1660 2316
18270 6036 1896
18271 2935 5999
18272 2402 3659
18273 676 576
18274 6832 1744
18275 4966 301
18276 2574 7653
18277 6983 159
18278 3219 2755
18279 2826 6955
18280 6936 2953
18281 2429 5435
18282 2767 4277
18283 3672 657
18284 1347 6900
18285 3654 2339
18286 5044 2299
18287 1558 4911
18288 2628 3848
18289 3650 7599
18290 2335 641
18291 865 5794
18292 2343 1125
18293 2062 4190
18294 4918 2293
18295 3264 1769
18296 4780 5862
18297 4634 1790
18298 2051 457
18299 1783 6792
18300 5563 2099
18301 7227 5403
18302 3242 6155
18303 793 5556
18304 3958 24
18305 7356 1681
18306 2911 6004
18307 6243 410
18308 7452 2313
18309 865 3310
18310 6308 7035
18311 4400 6732
18312 6251 5637
18313 7330 1487
18314 1335 3751
18315 7758 2584
18316 1299 2763
18317 7386 6330
18318 1774 4546
18319 1233 5125
18320 3366 887
18321 6729 2048
18322 7381 3127
18323 7485 7073
18324 705 5431
18325 7779 2039
18326 5457 5046
18327 1836 5950
18328 2541 619
18329 2923 2760
18330 7028 6918
18331 4969 3239
18332 149 4680
18333 232 3772
18334 2539 360
18335 4050 1554
18336 3466 5012
18337 7077 6283
18338 5635 6489
18339 7989 5625
18340 2919 981
18341 433 2239
18342 3067 2681
18343 3026 2109
18344 6880 3607
18345 3046 1893
18346 6579 1100
18347 1136 1921
18348 5432 6337
18349 3518 2498
18350 3583 3908
18351 1592 6238
18352 703 7462
18353 1066 510
18354 1198 3632
18355 7044 3718
18356 6730 5271
18357 3061 5855
18358 6127 4871
18359 289 4543
18360 3209 2607
18361 2716 6189
18362 453 135
18363 7677 7494
18364 3958 1243
18365 7425 4274
18366 3360 6404
18367 6228 1347
18368 181 2330
18369 1769 4822
18370 819 4862
18371 6349 3409
18372 3949 5456
18373 7201 6825
18374 3620 3011
18375 575 5447
18376 6995 3814
18377 6977 7814
18378 5922 4302
18379 1367 1119
18380 5390 4692
18381 226 5901
18382 7431 870
18383 4836 1472
18384 7894 3956
18385 7085 1436
18386 7120 3164
18387 330 6192
18388 4774 4487
18389 6158 1237
18390 7307 4463
18391 2592 644
18392 950 2122
18393 6169 5301
18394 7659 3952
18395 4337 3017
18396 2467 6455
18397 3036 5359
18398 5188 12
18399 3578 2886
18400 7856 4653
18401 3809 2326
18402 7015 4578
18403 5589 3097
18404 3177 2352
18405 655 7859
18406 5698 4380
18407 1795 2564
18408 236 5429
18409 4939 2006
18410 1819 5602
18411 2454 4592
18412 3629 5144
18413 961 7981
18414 4309 1324
18415 1546 4189
18416 7888 1960
18417 1968 2820
18418 1284 553
18419 2780 554
18420 2520 1872
18421 1863 1664
18422 132 3865
18423 2175 7481
18424 6637 5546
18425 3164 6155
18426 1620 7845
18427 4005 5519
18428 4554 6365
18429 2208 216
18430 601 4474
18431 7895 6048
18432 6002 5652
18433 2733 3351
18434 721 6854
18435 100 4007
18436 3881 2778
18437 5516 4200
18438 2493 654
18439 3370 4546
18440 4186 4017
18441 6865 1625
18442 4488 7565
18443 6682 2150
18444 6455 7048
18445 1215 559
18446 7390 1797
18447 7172 5301
18448 2919 766
18449 6530 5165
18450 6003 3358
18451 3281 182
18452 2184 3692
18453 6800 4577
18454 6513 4247
18455 4112 6222
18456 2156 4077
18457 272 6480
18458 4152 5568
18459 7502 6624
18460 5398 3057
18461 2570 3009
18462 5648 329
18463 1440 1236
18464 5778 456
18465 6931 5547
18466 6805 5691
18467 1501 4448
18468 1777 3064
18469 5731 4552
18470 4684 7766
18471 5903 1150
18472 7299 1875
18473 2140 7332
18474 1819 3189
18475 2174 1158
18476 1315 7227
18477 300 1842
18478 4834 455
18479 6168 5429
18480 2080 1964
18481 2632 5814
18482 4989 5683
18483 3280 303
18484 1333 1212
18485 1587 2067
18486 2904 485
18487 4728 1191
18488 1919 7091
18489 6475 743
18490 2602 3623
18491 3286 6264
18492 7843 3640
18493 3598 5499
18494 3606 2827
18495 2128 6288
18496 3633 4481
18497 3240 4358
18498 5293 7604
18499 1927 6268
18500 1882 185
18501 1209 6528
18502 6283 7696
18503 3392 4129
18504 372 5686
18505 4284 4065
18506 2000 93
18507 4616 1296
18508 3752 7070
18509 1795 7356
18510 4679 6447
18511 5587 1288
18512 759 2249
18513 2465 6410
18514 3804 2481
18515 5241 4293
18516 5106 4793
18517 4721 4183
18518 2634 2972
18519 1630 7722
18520 2591 5240
18521 4493 5123
18522 3135 2772
18523 7876 5790
18524 2877 6218
18525 4014 7342
18526 3512 5821
18527 4708 2522
18528 3656 4378
18529 6147 5956
18530 6202 448
18531 7936 1599
18532 3893 6220
18533 4317 6722
18534 2168 902
18535 1035 3979
18536 5169 1353
18537 2012 5178
18538 6199 6381
18539 2445 4467
18540 5176 4166
18541 1156 6542
18542 4787 4165
18543 2421 1825
18544 5303 7684
18545 2339 2616
18546 6362 7701
18547 7787 7381
18548 1607 6913
18549 6392 5758
18550 1519 3479
18551 137 7181
18552 5404 7784
18553 3312 2676
18554 6244 6886
18555 3421 3128
18556 3202 5313
18557 1709 1626
18558 4350 2334
18559 6059 409
18560 3730 7589
18561 260 5664
18562 6119 1608
18563 6755 3853
18564 183 6600
18565 2983 1939
18566 2535 837
18567 2559 4603
18568 473 7844
18569 1186 533
18570 2739 4061
18571 6304 7268
18572 2744 879
18573 2060 3653
18574 2707 167
18575 6159 1399
18576 587 1371
18577 5017 301
18578 7409 6176
18579 5012 563
18580 5156 7648
18581 5993 4394
18582 5881 5801
18583 4637 2587
18584 4316 407
18585 6058 5345
18586 6822 1923
18587 4841 7069
18588 4244 4634
18589 830 3340
18590 2745 1826
18591 3854 4220
18592 7841 733
18593 2224 2773
18594 1505 5214
18595 171 7129
18596 6518 431
18597 6542 2722
18598 7507 3161
18599 5038 4806
18600 2198 5495
18601 5441 2684
18602 6163 2132
18603 6989 7136
18604 2190 514
18605 6651 1111
18606 35 4928
18607 5097 2323
18608 72 5645
18609 6106 1616
18610 7306 4445
18611 1773 1194
18612 2477 7548
18613 1222 3086
18614 226 3714
18615 2588 899
18616 7075 1518
18617 7472 870
18618 1200 2150
18619 6844 2446
18620 2300 3792
18621 551 4897
18622 5283 2611
18623 2248 4438
18624 1484 1133
18625 4948 3027
18626 4857 7799
18627 1728 2893
18628 4466 4537
18629 2728 2282
18630 7867 6511
18631 7466 6397
18632 1439 3970
18633 1554 5573
18634 2865 2919
18635 2533 1387
18636 1103 6576
18637 4809 6419
18638 4530 5861
18639 1266 6915
18640 1147 4456
18641 5100 3116
18642 3704 4759
18643 7155 7814
18644 5685 5251
18645 1805 4625
18646 3101 1023
18647 369 6933
18648 4990 5335
18649 2804 5984
18650 4126 4997
18651 4464 4860
18652 2465 4321
18653 607 7678
18654 7198 2995
18655 793 7054
18656 2085 6647
18657 3482 6859
18658 4151 1386
18659 3612 5806
18660 3363 2763
18661 3541 6381
18662 7742 4717
18663 640 6982
18664 7834 2656
18665 1724 7807
18666 1357 7518
18667 7502 7585
18668 7545 705
18669 4529 7898
18670 4682 5857
18671 5924 2453
18672 2246 843
18673 116 2539
18674 4634 1089
18675 2828 131
18676 2614 3322
18677 2546 3565
18678 7800 6740
18679 413 7139
18680 4321 3629
18681 3275 314
18682 5541 5815
18683 2706 6253
18684 3649 2752
18685 4767 6072
18686 1333 5116
18687 5912 7688
18688 450 2560
18689 1121 4786
18690 685 6162
18691 5319 6277
18692 7147 2524
18693 3599 1674
18694 7425 3205
18695 4961 6689
18696 4394 2375
18697 4547 1751
18698 5396 4634
18699 3992 125
18700 2156 1580
18701 103 4187
18702 2134 1535
18703 611 5024
18704 7677 2657
18705 6253 5723
18706 3821 7768
18707 3882 7094
18708 7775 414
18709 3235 3065
18710 1061 7943
18711 4570 403
18712 5909 5598
18713 1815 1009
18714 1469 1265
18715 507 1145
18716 3058 7405
18717 2047 4670
18718 5846 2930
18719 4496 3190
18720 5629 5135
18721 5744 5723
18722 5578 5432
18723 693 7320
18724 892 6502
18725 7739 3006
18726 1193 4760
18727 1177 7810
18728 766 2133
18729 7739 5116
18730 2424 559
18731 5777 6716
18732 6388 5856
18733 84 1038
18734 2848 7174
18735 5316 7741
18736 2672 6653
18737 5453 7961
18738 6389 2527
18739 7943 396
18740 1213 2359
18741 4618 1328
18742 2723 2803
18743 1636 2486
18744 5644 5345
18745 4537 6643
18746 275 3797
18747 2617 1704
18748 4647 6700
18749 3558 3106
18750 6311 7289
18751 5850 553
18752 2610 6493
18753 943 482
18754 4227 2496
18755 5306 1900
18756 1150 7225
18757 6665 1555
18758 4130 1501
18759 4 3390
18760 6837 7857
18761 7330 1674
18762 4723 5355
18763 2369 4057
18764 2641 7421
18765 3331 3423
18766 278 2563
18767 2278 307
18768 4730 4703
18769 3766 7494
18770 6952 4775
18771 717 2557
18772 7276 2656
18773 977 5347
18774 6353 5219
18775 2955 5155
18776 4571 5155
18777 7495 1919
18778 639 2719
18779 5511 3503
18780 1835 2517
18781 857 6186
18782 1715 7320
18783 967 5106
18784 5843 3297
18785 6048 1095
18786 3988 2139
18787 6986 4173
18788 2107 6629
18789 7268 7507
18790 252 7164
18791 7640 3840
18792 222 3922
18793 5434 3497
18794 7283 7983
18795 715 755
18796 3838 3333
18797 7034 4019
18798 1471 6387
18799 1286 3380
18800 181 3398
18801 5567 2066
18802 1098 5351
18803 5745 3424
18804 7003 982
18805 5266 1419
18806 5057 3827
18807 7437 7610
18808 5654 3443
18809 1693 2033
18810 4757 7443
18811 6970 3877
18812 2354 2357
18813 2241 3085
18814 2794 7170
18815 7165 5511
18816 3210 455
18817 995 5112
18818 6592 1738
18819 7110 6664
18820 2984 363
18821 6261 7399
18822 6007 1164
18823 4809 5619
18824 7805 6851
18825 4737 6554
18826 7696 4550
18827 6173 1334
18828 6199 6808
18829 7512 5140
18830 2802 5811
18831 5350 2215
18832 7972 1161
18833 5775 1555
18834 1891 6645
18835 2138 3897
18836 2559 918
18837 4594 7270
18838 5093 676
18839 5854 5048
18840 6705 2411
18841 4565 6483
18842 7775 3954
18843 1964 3267
18844 5821 6061
18845 4814 4457
18846 6550 281
18847 1054 1274
18848 1226 5383
18849 4697 7759
18850 600 6381
18851 4631 1774
18852 1094 2438
18853 6536 4146
18854 5145 3906
18855 2218 7769
18856 1463 4448
18857 3803 5973
18858 260 4776
18859 2469 4957
18860 4011 126
18861 6164 4069
18862 4161 4110
18863 4348 7565
18864 2614 4938
18865 4814 6065
18866 4908 235
18867 6081 3018
18868 3747 6438
18869 404 7645
18870 5460 2008
18871 4637 3988
18872 5292 761
18873 3451 3974
18874 1892 673
18875 4164 3587
18876 5513 5924
18877 7205 4294
18878 4064 3125
18879 7716 220
18880 4070 5115
18881 2242 4147
18882 5023 7972
18883 7899 960
18884 7234 1419
18885 1640 2690
18886 328 1743
18887 2734 4849
18888 2630 6578
18889 2645 1606
18890 5850 7956
18891 2785 4488
18892 5272 5044
18893 1669 5799
18894 6635 1560
18895 3136 6619
18896 1404 7484
18897 1670 1364
18898 6029 5762
18899 6900 5968
18900 7435 6762
18901 7078 7626
18902 658 7802
18903 821 5946
18904 2619 45
18905 4648 6828
18906 878 3455
18907 1166 4027
18908 3311 7763
18909 271 2712
18910 477 5699
18911 1869 587
18912 2323 7870
18913 7811 7448
18914 6077 3987
18915 544 3542
18916 1947 7596
18917 1011 1067
18918 7698 5291
18919 6556 3753
18920 2892 1431
18921 1271 3018
18922 2210 7588
18923 6187 866
18924 4813 7401
18925 2398 901
18926 489 1133
18927 4358 7211
18928 5768 2166
18929 2678 4604
18930 3702 5212
18931 5823 6870
18932 7650 244
18933 6932 3599
18934 3654 5490
18935 1192 2359
18936 3153 2493
18937 2563 7573
18938 6351 4000
18939 4281 6976
18940 3687 2683
18941 2790 3163
18942 1343 3819
18943 2918 5626
18944 1511 6273
18945 2529 2106
18946 7429 7066
18947 1118 3610
18948 4933 4076
18949 4062 4448
18950 631 6174
18951 4906 765
18952 718 605
18953 3987 2096
18954 3776 6217
18955 567 6425
18956 1909 2892
18957 868 368
18958 5724 5591
18959 1095 7191
18960 2788 3241
18961 6686 866
18962 1180 4528
18963 155 3287
18964 6488 5369
18965 5896 2648
18966 4809 7858
18967 6345 2913
18968 7753 3185
18969 6073 6236
18970 5076 1563
18971 2005 4739
18972 2522 242
18973 5477 6393
18974 155 4054
18975 902 2327
18976 6209 3242
18977 1149 5807
18978 2366 4385
18979 6785 6359
18980 2967 7309
18981 7442 6097
18982 6881 2927
18983 4402 7262
18984 2929 7082
18985 919 7456
18986 4927 2526
18987 7723 3739
18988 5083 1194
18989 3305 4826
18990 2510 3509
18991 3543 7650
18992 3524 3466
18993 3650 2808
18994 5162 5840
18995 4665 931
18996 4116 1233
18997 5586 2085
18998 2521 3726
18999 5901 4945
19000 3898 6612
19001 7423 6363
19002 955 4658
19003 5005 7994
19004 7933 4009
19005 3718 1543
19006 2465 1770
19007 6608 4409
19008 7744 2002
19009 853 7035
19010 5796 2433
19011 3409 864
19012 139 3901
19013 4821 619
19014 3285 1077
19015 3189 2540
19016 1204 4939
19017 4152 5763
19018 7356 4372
19019 2042 3058
19020 1256 5744
19021 5724 1254
19022 167 448
19023 417 5182
19024 7697 3570
19025 4456 4557
19026 2959 3999
19027 2670 5518
19028 661 6995
19029 7703 6363
19030 7983 6225
19031 213 2777
19032 4309 965
19033 6296 527
19034 1108 626
19035 3391 2948
19036 355 3909
19037 3243 3001
19038 6214 7793
19039 3549 7971
19040 766 5380
19041 5525 686
19042 1585 2971
19043 5836 7194
19044 826 6942
19045 7815 2332
19046 6224 1784
19047 6909 1744
19048 1855 2532
19049 7243 6401
19050 4387 7308
19051 4773 841
19052 1505 3165
19053 1405 3637
19054 4625 1084
19055 6506 4914
19056 6140 343
19057 1105 816
19058 4731 7435
19059 2428 220
19060 3650 697
19061 1284 543
19062 6467 4437
19063 3181 7891
19064 2138 2097
19065 3725 7346
19066 1199 3486
19067 2962 2637
19068 2146 2854
19069 1459 4853
19070 5016 5886
19071 713 4701
19072 2342 5329
19073 3756 721
19074 4024 239
19075 6760 5720
19076 1639 7523
19077 6772 71
19078 4305 6222
19079 6951 2125
19080 5201 1428
19081 6800 6472
19082 7140 3896
19083 5514 3549
19084 5576 552
19085 3783 1991
19086 1127 7881
19087 3315 3166
19088 713 6534
19089 2404 2804
19090 4785 2884
19091 4633 5255
19092 5552 5865
19093 5332 7664
19094 4480 7465
19095 7762 3828
19096 3994 4944
19097 7111 2285
19098 7159 5476
19099 5127 7841
19100 1271 5428
19101 6946 5871
19102 3641 4062
19103 1923 5493
19104 4060 1861
19105 4191 6618
19106 5660 7584
19107 797 3563
19108 6917 6646
19109 3284 3676
19110 2866 4866
19111 4871 4450
19112 7245 6423
19113 2903 6852
19114 3819 671
19115 1141 6286
19116 1457 3160
19117 6007 20
19118 6158 7734
19119 2300 4398
19120 666 161
19121 6944 5226
19122 7853 1157
19123 7468 3540
19124 0 6342
19125 3188 1781
19126 7892 2844
19127 2695 2025
19128 4686 6907
19129 3749 4678
19130 5015 216
19131 7688 2889
19132 384 6358
19133 3632 5769
19134 7408 683
19135 2507 7152
19136 1561 5164
19137 2705 5224
19138 3369 2665
19139 6631 7579
19140 2523 420
19141 3026 6912
19142 4586 7522
19143 2515 2624
19144 3952 5481
19145 7230 2804
19146 1099 289
19147 7212 7339
19148 3045 5638
19149 4214 5163
19150 2810 6795
19151 63 121
19152 93 3454
19153 1293 3114
19154 3924 3894
19155 6476 4630
19156 3698 4998
19157 876 5471
19158 5832 6095
19159 7239 3714
19160 2173 2390
19161 4959 6064
19162 5513 6006
19163 4181 6941
19164 4290 6509
19165 4873 1918
19166 2468 6274
19167 6182 5388
19168 4382 2300
19169 3385 3774
19170 922 2628
19171 5766 2461
19172 6197 46
19173 7139 550
19174 1609 1498
19175 7792 1864
19176 833 7115
19177 6776 3370
19178 3310 724
19179 5232 254
19180 417 5976
19181 7316 3270
19182 2189 7271
19183 1858 2920
19184 3674 6752
19185 2485 4206
19186 5138 1449
19187 4546 442
19188 580 7944
19189 6631 729
19190 5771 1319
19191 5526 1004
19192 7199 6448
19193 7701 6170
19194 4417 2200
19195 6908 3900
19196 5034 1890
19197 1318 1425
19198 6687 1644
19199 5863 3509
19200 2816 5279
19201 6643 4271
19202 4107 4115
19203 6297 1594
19204 4200 2133
19205 3809 6507
19206 7877 4180
19207 1105 4609
19208 3492 397
19209 6774 5521
19210 5819 2581
19211 6326 6188
19212 5367 5224
19213 1719 4969
19214 3470 4131
19215 5486 5203
19216 5797 4165
19217 1110 7096
19218 5517 2169
19219 2586 2333
19220 4297 5849
19221 390 1120
19222 5219 5213
19223 4720 5389
19224 7125 6491
19225 7987 5454
19226 6144 6589
19227 3612 7184
19228 7435 7310
19229 981 757
19230 2600 7429
19231 6426 7450
19232 2193 646
19233 5486 1563
19234 7596 7142
19235 3305 5485
19236 7990 3485
19237 7861 4829
19238 1993 7669
19239 2759 3555
19240 658 4083
19241 5896 5263
19242 1952 4026
19243 3324 6436
19244 4849 4391
19245 1983 2059
19246 7322 5439
19247 3645 7393
19248 434 674
19249 1572 7904
19250 4218 4746
19251 6659 7637
19252 5880 6629
19253 2508 1934
19254 2855 719
19255 4603 7593
19256 1435 1601
19257 3111 1898
19258 5340 5128
19259 7467 7821
19260 682 5152
19261 726 4831
19262 5953 6985
19263 7823 3954
19264 5357 3094
19265 3611 4699
19266 2562 1198
19267 2056 7400
19268 1544 4549
19269 6159 7426
19270 3615 3203
19271 3749 7202
19272 3737 6554
19273 3662 6522
19274 5327 643
19275 2138 5488
19276 6801 6697
19277 3985 2391
19278 283 7893
19279 1332 1684
19280 4592 7606
19281 2665 209
19282 5073 3860
19283 1354 4311
19284 7798 1179
19285 1867 1879
19286 437 5997
19287 1178 2056
19288 4165 1367
19289 2409 1777
19290 1882 7593
19291 2982 5136
19292 1418 3540
19293 4787 1623
19294 889 1972
19295 7955 336
19296 579 5030
19297 260 6514
19298 7400 1958
19299 4171 5227
19300 673 7298
19301 7079 6813
19302 6096 3360
19303 1075 5322
19304 6586 1808
19305 5025 1368
19306 3420 5003
19307 4948 6484
19308 4198 7666
19309 7864 4454
19310 2968 3916
19311 4396 307
19312 2651 3909
19313 5785 4679
19314 7556 2785
19315 5641 4093
19316 3124 1859
19317 1533 5967
19318 3461 3807
19319 3452 1860
19320 3572 6101
19321 7396 3557
19322 6207 351
19323 5045 7073
19324 5230 7218
19325 1175 2858
19326 5495 7064
19327 570 1561
19328 5686 659
19329 3112 1553
19330 2299 939
19331 705 1585
19332 2736 2547
19333 4985 3621
19334 515 5099
19335 7786 545
19336 2251 3708
19337 1863 87
19338 5381 6351
19339 3712 5168
19340 2131 6804
19341 515 326
19342 2151 5524
19343 5242 2775
19344 5282 4233
19345 2002 1899
19346 2506 748
19347 5034 5834
19348 7504 3468
19349 7042 2183
19350 6531 6686
19351 6607 2973
19352 7127 7031
19353 5063 3659
19354 6376 920
19355 5530 4629
19356 3714 1083
19357 4138 4114
19358 4878 5990
19359 2694 6171
19360 6103 5471
19361 6884 338
19362 534 6769
19363 7665 2718
19364 3771 7426
19365 918 447
19366 3859 3646
19367 3686 4871
19368 6269 4234
19369 7693 3496
19370 4095 4425
19371 6246 1662
19372 2160 2730
19373 4641 2561
19374 3379 6735
19375 3948 7189
19376 3558 140
19377 5747 3462
19378 6463 5321
19379 4646 3090
19380 2820 7731
19381 6429 728
19382 2328 807
19383 7954 3517
19384 5892 2138
19385 212 1581
19386 3109 3293
19387 5426 6397
19388 7757 4857
19389 7208 5266
19390 6894 7958
19391 1704 4038
19392 5938 3942
19393 5285 5178
19394 3242 7221
19395 7052 5982
19396 3896 3584
19397 563 6404
19398 6814 737
19399 4589 6717
19400 3492 3359
19401 6850 4137
19402 2536 2493
19403 7535 6961
19404 3707 2287
19405 5554 4952
19406 3980 5012
19407 717 4126
19408 6645 5256
19409 1763 954
19410 2244 858
19411 4496 5424
19412 870 2361
19413 5099 4761
19414 3277 7170
19415 4007 1563
19416 4427 460
19417 5213 3567
19418 7089 6161
19419 6038 3005
19420 3113 2213
19421 357 1064
19422 4880 7590
19423 6652 1995
19424 5486 7244
19425 1811 2662
19426 5111 1119
19427 7348 7493
19428 2622 4531
19429 152 152
19430 3515 7209
19431 6752 2487
19432 379 7367
19433 1802 6330
19434 1619 5156
19435 3242 4855
19436 3258 2103
19437 2309 2368
19438 3585 7611
19439 7001 3325
19440 7055 4891
19441 4241 4261
19442 5974 5
19443 4353 5976
19444 6994 2549
19445 5651 5627
19446 1734 7005
19447 7199 6875
19448 3204 1802
19449 6344 6047
19450 4054 5363
19451 2987 4064
19452 5796 1027
19453 5377 1503
19454 5556 3872
19455 6789 8000
19456 5983 1722
19457 1680 2103
19458 4389 4260
19459 4773 2621
19460 1926 6813
19461 6782 200
19462 4362 5661
19463 6187 2926
19464 5530 1498
19465 840 2040
19466 6730 5190
19467 2151 6215
19468 7913 7641
19469 695 806
19470 3594 2402
19471 4883 4575
19472 4736 1947
19473 6424 7856
19474 3485 4457
19475 7079 5660
19476 2921 3708
19477 1865 6802
19478 2499 108
19479 2530 5632
19480 5259 6517
19481 6864 7609
19482 2980 2739
19483 2631 1056
19484 1819 1360
19485 1047 3522
19486 719 5331
19487 1299 1320
19488 1036 2447
19489 1306 279
19490 3271 7670
19491 5488 3219
19492 1802 1539
19493 6711 1226
19494 7576 3745
19495 6237 106
19496 7785 2560
19497 6229 5844
19498 2555 3529
19499 7284 2367
19500 7346 2109
19501 4667 7419
19502 1511 5452
19503 450 5891
19504 5938 3216
19505 842 5810
19506 3591 2422
19507 4846 201
19508 4097 625
19509 6381 7880
19510 3111 306
19511 2218 5751
19512 2767 5675
19513 1570 2267
19514 4844 7877
19515 4908 3400
19516 3839 4522
19517 1081 3916
19518 3062 645
19519 3248 3298
19520 3006 5338
19521 3311 5354
19522 381 272
19523 4740 5642
19524 4242 7954
19525 4858 2721
19526 4633 6883
19527 3762 6950
19528 6546 6058
19529 3583 5479
19530 5850 5614
19531 551 3201
19532 5725 3478
19533 3126 4711
19534 3648 192
19535 460 7975
19536 2615 2394
19537 1105 3509
19538 303 4137
19539 6701 47
19540 3536 7511
19541 177 2102
19542 3938 3141
19543 5044 4030
19544 2321 4157
19545 4363 1232
19546 5144 7806
19547 2086 2047
19548 5377 2011
19549 183 7692
19550 6345 3885
19551 2297 1000
19552 2888 1525
19553 4401 63
19554 6672 3350
19555 4959 3717
19556 5204 1400
19557 6477 5474
19558 7426 7233
19559 218 4242
19560 7117 1029
19561 6205 1503
19562 5361 6793
19563 3487 4661
19564 4505 1073
19565 6741 5925
19566 6309 5295
19567 772 174
19568 772 6660
19569 2831 3253
19570 4614 7482
19571 7393 6740
19572 1247 1460
19573 1465 4723
19574 5945 7929
19575 1532 7283
19576 1425 5530
19577 2778 584
19578 258 2299
19579 2783 4167
19580 7174 3079
19581 6391 4844
19582 5508 5543
19583 4736 1652
19584 4439 6842
19585 2360 3946
19586 1929 215
19587 3009 6646
19588 5504 1460
19589 4966 40
19590 6038 5678
19591 775 5589
19592 2420 892
19593 135 7037
19594 1924 6381
19595 3117 469
19596 5617 2332
19597 7648 3840
19598 1335 5491
19599 5870 676
19600 92 7272
19601 2323 4059
19602 3289 1613
19603 2706 1207
19604 547 3332
19605 5866 848
19606 6813 2883
19607 6916 6475
19608 1084 3091
19609 4183 1039
19610 7177 341
19611 2862 3434
19612 6810 223
19613 2343 1855
19614 1181 5306
19615 2992 3362
19616 455 595
19617 968 7124
19618 7653 3176
19619 7990 4598
19620 2175 6185
19621 4232 5486
19622 2862 7684
19623 5678 1542
19624 2286 3795
19625 3002 1376
19626 2639 1453
19627 2623 1544
19628 5105 4002
19629 4254 6489
19630 6928 7311
19631 4703 7462
19632 2089 1343
19633 4738 2212
19634 505 4183
19635 7917 6260
19636 499 5090
19637 5671 4295
19638 1748 4812
19639 5984 2060
19640 6940 4500
19641 4138 4828
19642 5750 4861
19643 989 374
19644 7406 6402
19645 936 524
19646 4151 7661
19647 4982 2109
19648 2904 2174
19649 1262 1219
19650 6093 3000
19651 5724 6652
19652 5187 68
19653 7859 1932
19654 881 7684
19655 6429 1890
19656 5305 3295
19657 3262 7765
19658 321 6149
19659 3965 1680
19660 3180 3072
19661 790 4369
19662 7107 1015
19663 2643 7165
19664 5313 1898
19665 4710 2590
19666 5589 5643
19667 7387 7593
19668 5879 5532
19669 3039 6542
19670 2666 4071
19671 7982 3955
19672 2586 995
19673 4894 7796
19674 3256 6734
19675 597 2456
19676 3196 7182
19677 4227 6869
19678 856 7016
19679 4863 1007
19680 1624 4033
19681 7038 4810
19682 2581 933
19683 3163 4429
19684 1050 597
19685 2629 4411
19686 5828 258
19687 5702 630
19688 1166 1696
19689 380 5807
19690 2860 1514
19691 1696 3035
19692 6868 4730
19693 1740 4021
19694 6774 4832
19695 5900 5762
19696 6365 457
19697 5963 6109
19698 1889 6003
19699 418 7761
19700 1347 4274
19701 7712 4698
19702 7679 4696
19703 3273 4424
19704 6628 3901
19705 2704 7181
19706 713 739
19707 1421 4820
19708 3872 1305
19709 1554 4630
19710 4662 3472
19711 274 229
19712 1347 7181
19713 4434 3545
19714 2817 6602
19715 1738 6712
19716 879 5244
19717 33 7267
19718 6327 1941
19719 2082 5298
19720 6192 5969
19721 5873 3664
19722 2701 2189
19723 3897 97
19724 2138 2188
19725 3485 2826
19726 5585 930
19727 2462 3011
19728 2444 4314
19729 2063 521
19730 4086 6070
19731 7121 4354
19732 2042 7535
19733 6443 6002
19734 4240 206
19735 3073 540
19736 1217 7719
19737 6192 7859
19738 5303 4879
19739 2992 7123
19740 570 6142
19741 560 3074
19742 7060 6537
19743 2152 2353
19744 124 243
19745 7200 4795
19746 2206 1321
19747 4746 3579
19748 3960 5926
19749 4681 2872
19750 3696 6416
19751 595 426
19752 2865 4212
19753 3497 2800
19754 119 7012
19755 4190 3548
19756 1509 6175
19757 5012 2086
19758 1341 6669
19759 6040 6936
19760 7469 2732
19761 6135 6210
19762 3659 3191
19763 104 1833
19764 5693 1121
19765 3554 7170
19766 7122 1309
19767 7575 6604
19768 3165 4942
19769 1790 5746
19770 2589 2277
19771 4009 871
19772 1880 5105
19773 5659 5029
19774 5224 4775
19775 516 4172
19776 3301 2473
19777 2151 4151
19778 1777 7052
19779 1362 3812
19780 3386 6496
19781 7762 3479
19782 7813 4019
19783 5659 6147
19784 3839 4049
19785 4701 5290
19786 687 1612
19787 1811 2454
19788 1066 4477
19789 5160 4912
19790 194 1418
19791 7188 4965
19792 4039 39
19793 1341 3968
19794 6000 6292
19795 1209 6890
19796 2711 632
19797 5015 3714
19798 3521 2068
19799 7936 7106
19800 1448 6333
19801 589 7687
19802 2145 6981
19803 4344 2771
19804 2439 2757
19805 6030 6752
19806 3995 6673
19807 7974 5124
19808 3537 1482
19809 1823 648
19810 6834 5727
19811 3191 1739
19812 1045 5319
19813 3124 7206
19814 3868 4090
19815 4189 2512
19816 659 826
19817 2248 2366
19818 7611 3186
19819 6834 6040
19820 3839 5152
19821 4815 5551
19822 7597 3046
19823 4035 2271
19824 2061 579
19825 5865 4740
19826 6249 7886
19827 2350 2095
19828 3532 7051
19829 4530 7906
19830 4207 6945
19831 5865 539
19832 3414 5822
19833 1181 2926
19834 7792 7348
19835 1793 5464
19836 548 1956
19837 4045 6477
19838 4477 3288
19839 5278 1262
19840 4991 4286
19841 7835 7305
19842 2846 4030
19843 2979 1818
19844 6067 403
19845 2214 7978
19846 1046 4999
19847 4440 7560
19848 4575 7882
19849 5360 1459
19850 1613 889
19851 7899 7190
19852 836 6328
19853 7952 2256
19854 2980 1938
19855 2501 4990
19856 1989 5227
19857 6966 1206
19858 538 1187
19859 7016 7941
19860 4998 5148
19861 155 1885
19862 1636 4915
19863 3397 5316
19864 5933 5841
19865 90 3406
19866 2993 4637
19867 2984 5001
19868 491 3319
19869 283 4924
19870 1846 2559
19871 4390 3873
19872 2527 3413
19873 3628 4769
19874 2345 3164
19875 6802 3364
19876 7599 4098
19877 3745 19
19878 6840 7683
19879 4343 3421
19880 25 39
19881 1834 5904
19882 1432 2092
19883 2496 233
19884 2688 5414
19885 3542 5422
19886 7534 4274
19887 229 4973
19888 2458 31
19889 7773 1339
19890 4310 406
19891 6112 5493
19892 714 5835
19893 1746 5897
19894 4047 3333
19895 1255 4020
19896 6291 2017
19897 3216 693
19898 2340 1384
19899 3523 1474
19900 7379 6156
19901 6272 4950
19902 1045 4738
19903 3001 2151
19904 702 5688
19905 404 7480
19906 5192 916
19907 215 883
19908 2868 5511
19909 149 2514
19910 4075 3739
19911 3890 5698
19912 7864 1764
19913 1668 4498
19914 2460 5049
19915 5947 7904
19916 2805 1410
19917 7593 6484
19918 3941 3716
19919 3598 7637
19920 3709 2561
19921 744 2781
19922 2428 5008
19923 1377 2673
19924 3914 6164
19925 570 7473
19926 1234 6681
19927 7130 6671
19928 2278 2744
19929 7422 2989
19930 3472 5731
19931 6455 4061
19932 6347 5216
19933 742 3536
19934 5047 6156
19935 7662 4184
19936 1672 2444
19937 4273 605
19938 5292 4379
19939 3187 766
19940 5416 4856
19941 6574 6382
19942 7715 2612
19943 4914 4993
19944 3109 5410
19945 279 1673
19946 2407 6394
19947 2135 7856
19948 1732 2399
19949 6217 3393
19950 5765 7632
19951 5614 1095
19952 6815 2984
19953 5997 1561
19954 1676 386
19955 2361 7546
19956 3516 5065
19957 3313 7360
19958 4413 5567
19959 3731 6577
19960 2030 6581
19961 2786 3913
19962 7487 5917
19963 6754 1624
19964 4450 601
19965 2142 6959
19966 1221 3804
19967 1243 2319
19968 5029 6135
19969 5334 847
19970 5767 4183
19971 6449 4288
19972 7150 768
19973 1932 7094
19974 2537 2783
19975 1581 6072
19976 5027 728
19977 2212 2816
19978 3377 2987
19979 3396 6330
19980 1177 3739
19981 7220 2787
19982 2836 107
19983 7151 349
19984 1995 6564
19985 2496 6902
19986 1041 5862
19987 7516 6412
19988 5719 1363
19989 5573 688
19990 3075 922
19991 3043 4283
19992 974 1451
19993 6257 4155
19994 3506 5022
19995 4179 970
19996 4329 4038
19997 3618 7055
19998 5634 7091
19999 7939 7360
20000 7557 5156
