700
40000
1 10960 7985
2 7676 718
3 11581 8563
4 6022 341
5 1364 435
6 3524 10913
7 3025 7425
8 9999 1840
9 11933 6872
10 2440 6729
11 1346 2914
12 2279 4786
13 1874 8034
14 4008 8713
15 3566 10255
16 8937 2107
17 10246 4710
18 7835 1920
19 3150 7046
20 11657 5408
21 9920 6470
22 7777 7282
23 11617 9764
24 4738 8155
25 5045 7743
26 9720 5753
27 11435 10015
28 11682 1229
29 8324 6068
30 6139 10234
31 9879 11945
32 4503 5945
33 8608 1931
34 760 828
35 2753 8558
36 2578 3994
37 8891 2817
38 8924 5348
39 10077 8447
40 676 8036
41 1580 2629
42 18 6577
43 4496 9580
44 854 4823
45 10052 5527
46 1262 5282
47 5412 4102
48 5607 569
49 5157 820
50 5600 10805
51 5112 6506
52 11865 4108
53 1320 4837
54 6053 4875
55 954 6041
56 11783 10445
57 9818 7447
58 8235 8389
59 5518 8129
60 5446 11305
61 9628 296
62 6691 6961
63 6215 2378
64 11699 3892
65 3849 8274
66 3148 9656
67 343 11622
68 9365 2669
69 9700 7203
70 4161 5118
71 8914 6736
72 6475 11743
73 8007 8384
74 1508 2618
75 9261 11076
76 12000 4226
77 1005 8530
78 8457 869
79 7717 197
80 9219 9918
81 728 4363
82 1951 5329
83 9757 4146
84 2482 6808
85 8964 9686
86 10541 11440
87 8168 2837
88 4758 1155
89 8452 1513
90 2742 6853
91 8919 3274
92 4445 10027
93 5733 6152
94 1399 3685
95 8207 8723
96 9038 4003
97 2016 4685
98 8107 5476
99 7616 3232
100 1555 8133
101 6491 10982
102 9045 2683
103 7445 1789
104 3159 9304
105 4521 8455
106 6885 823
107 6507 3776
108 5950 9906
109 10830 8486
110 4262 9194
111 393 7628
112 966 2509
113 3056 6247
114 8621 8205
115 2644 3845
116 11902 4531
117 10007 2641
118 5571 6306
119 1207 9350
120 371 8724
121 4257 11070
122 8201 570
123 3317 5872
124 3656 7825
125 10695 4938
126 7894 10915
127 6395 6054
128 5082 10258
129 5453 11104
130 11567 9398
131 2268 9536
132 8612 3328
133 4521 9458
134 7389 10036
135 10970 2717
136 4154 6353
137 4520 10817
138 8393 9803
139 3101 4559
140 1683 3887
141 968 11205
142 5357 5317
143 3830 243
144 11731 1850
145 7328 5474
146 2417 4101
147 506 7033
148 11514 7811
149 7702 8640
150 3126 3403
151 4551 11385
152 10279 11408
153 240 6229
154 2590 32
155 5858 9919
156 7114 4386
157 11381 5495
158 126 1819
159 11570 11005
160 10685 4
161 10681 1768
162 10936 2927
163 8806 7762
164 2682 7186
165 6864 10052
166 3672 3411
167 7412 2234
168 8414 5388
169 483 10394
170 6301 10352
171 3611 973
172 10217 5442
173 5411 10818
174 11692 8988
175 430 11179
176 8973 10968
177 3918 3935
178 10133 1709
179 9240 2638
180 6248 356
181 11144 7328
182 9285 10503
183 9627 9877
184 9774 7207
185 5788 5197
186 2818 319
187 9770 7345
188 2697 8383
189 4539 3298
190 10610 10667
191 3614 8054
192 8748 5886
193 5085 3074
194 10325 1809
195 8759 6502
196 45 2116
197 1463 6663
198 11741 1572
199 4119 2591
200 8876 4731
201 2744 8362
202 9026 6436
203 7090 5862
204 3822 4007
205 8886 11268
206 5117 1024
207 3513 5027
208 11183 10898
209 10194 8010
210 1037 8226
211 6927 1797
212 1584 4800
213 10385 11360
214 1519 385
215 5077 4366
216 8318 4895
217 8986 4408
218 11911 7129
219 261 5434
220 2326 5157
221 8165 2421
222 623 10712
223 9649 1199
224 2220 5415
225 4972 3841
226 1976 4220
227 8785 7731
228 5904 11653
229 3614 9450
230 3197 5068
231 8435 7864
232 9465 8266
233 2691 3038
234 11964 10523
235 8150 9316
236 3872 3356
237 3442 7440
238 5410 2071
239 11147 8773
240 1913 8973
241 1300 6317
242 4775 3576
243 3099 708
244 4032 11266
245 161 8674
246 11325 4062
247 4267 7954
248 4308 11205
249 11844 301
250 5170 10826
251 2008 3274
252 2003 4922
253 3465 4853
254 4143 10059
255 3742 6355
256 1626 7851
257 8151 10554
258 2567 10329
259 2119 1081
260 2449 78
261 5307 11181
262 1648 7604
263 5661 4785
264 7804 526
265 3699 5712
266 3806 1098
267 5795 7469
268 7897 9572
269 11129 2115
270 9097 11289
271 883 8909
272 10978 9088
273 9450 5163
274 10505 5385
275 6170 5197
276 10398 7132
277 10846 7421
278 1219 10410
279 9814 7701
280 7836 7705
281 4622 11465
282 7508 8718
283 4887 8489
284 5145 8848
285 4604 8007
286 2365 458
287 8179 1242
288 148 1617
289 4318 6241
290 6888 3909
291 381 6301
292 281 4251
293 4714 6759
294 7049 631
295 484 9734
296 7789 2039
297 3870 139
298 9465 6529
299 6102 6356
300 7048 6052
301 11238 3597
302 11990 7344
303 3805 10172
304 5748 6468
305 4627 9179
306 7773 6755
307 1395 3176
308 2633 1820
309 9338 4644
310 6983 8824
311 5309 9609
312 7860 3526
313 8184 519
314 8456 7309
315 2967 964
316 9644 10464
317 9792 9084
318 2978 467
319 405 426
320 9209 10925
321 11237 2852
322 625 11981
323 2982 4847
324 11121 6872
325 10456 6044
326 4652 10440
327 5918 5086
328 7192 2414
329 744 3881
330 6693 11366
331 10873 951
332 3428 4216
333 7562 1848
334 11815 5526
335 6100 2849
336 2107 9885
337 5907 10254
338 10690 2487
339 7427 10672
340 9351 6726
341 9413 5401
342 3786 6697
343 6563 2039
344 9722 4655
345 3817 8942
346 3932 5114
347 7622 2333
348 11725 3755
349 9543 9011
350 9510 9804
351 3516 288
352 11209 4462
353 9596 1855
354 6245 5261
355 4798 3392
356 2080 3435
357 10910 9191
358 2213 876
359 5703 483
360 10101 8776
361 8938 3148
362 2516 613
363 9740 700
364 10302 9079
365 9698 8629
366 3695 2787
367 10902 3125
368 3390 7258
369 11242 8367
370 10542 5700
371 6303 1856
372 10539 9116
373 11810 11618
374 8454 6793
375 2574 6090
376 5919 8375
377 2962 5015
378 9013 9458
379 6694 3092
380 11966 1782
381 6858 1359
382 9497 4969
383 4985 3017
384 10363 8700
385 4626 10584
386 9055 4851
387 1860 11375
388 10187 10960
389 2314 11711
390 3876 6645
391 2443 7401
392 11987 4264
393 4252 3256
394 10913 5627
395 4438 2371
396 7961 7221
397 4987 11489
398 7540 5718
399 10402 5747
400 4714 11910
401 7033 676
402 8423 6007
403 3305 5082
404 8442 8
405 3473 311
406 9176 7883
407 7293 11783
408 713 2161
409 11837 34
410 3060 3225
411 10444 5870
412 7409 3156
413 10540 8877
414 9348 11256
415 7170 3215
416 2645 10629
417 8318 302
418 7365 6494
419 3416 1029
420 39 5650
421 9878 2203
422 3546 11691
423 11108 11386
424 6553 1134
425 5186 3202
426 5046 7224
427 10679 799
428 6704 6379
429 9674 1473
430 11072 10721
431 4448 2268
432 4932 7753
433 7541 2410
434 11475 4102
435 4976 3036
436 2431 10434
437 9884 7832
438 1378 101
439 3045 617
440 5044 293
441 1298 445
442 4570 3365
443 2918 2935
444 7442 2376
445 5905 5610
446 7972 1065
447 1303 9716
448 1608 9114
449 6371 10783
450 5486 4718
451 9476 11056
452 149 1885
453 8462 200
454 2307 5952
455 9386 9159
456 8490 2778
457 7923 10809
458 8085 9143
459 11733 6525
460 11044 1653
461 5084 11480
462 9808 5931
463 7562 4921
464 10268 1477
465 665 9266
466 2325 7297
467 1240 3485
468 8857 10336
469 1626 3703
470 11871 4553
471 835 7169
472 4078 1256
473 9151 7603
474 11307 8495
475 9983 9532
476 5162 3947
477 2935 5919
478 3960 8170
479 6886 4674
480 7545 9656
481 7108 6676
482 3782 10740
483 7438 6203
484 3337 4722
485 7203 66
486 11123 4637
487 1370 11753
488 8189 4286
489 4836 5036
490 3818 2770
491 334 2782
492 4541 6825
493 6419 6375
494 8787 1042
495 268 11426
496 11354 9083
497 7591 2594
498 1026 8121
499 2232 9267
500 11253 2028
501 7601 10227
502 9177 4846
503 7832 2856
504 11211 4424
505 4764 9809
506 1318 582
507 5031 4659
508 176 4440
509 9785 2785
510 2776 4417
511 5468 1320
512 10070 10026
513 2265 8387
514 847 5478
515 146 5089
516 8290 2745
517 9959 5531
518 7588 1886
519 11745 97
520 7054 7561
521 3781 1697
522 11648 5020
523 4419 929
524 11198 8380
525 6693 10037
526 8593 5288
527 8505 6366
528 309 755
529 1064 7550
530 5902 5355
531 4080 1502
532 3804 7275
533 4992 1568
534 5039 3984
535 8140 11266
536 10684 7876
537 11903 1660
538 11678 3298
539 6902 6413
540 5320 96
541 11906 6512
542 7406 6163
543 6170 879
544 189 5949
545 957 599
546 7527 11842
547 3302 2886
548 4960 6758
549 1301 3663
550 1938 8211
551 8941 2047
552 1636 8810
553 6269 9875
554 4659 2185
555 3266 4561
556 4850 5901
557 10947 4187
558 7252 11300
559 2954 5516
560 1682 5186
561 206 10437
562 6771 7996
563 9193 10201
564 11334 9574
565 9791 10745
566 10092 11540
567 296 6264
568 8397 5935
569 394 10403
570 1629 431
571 3660 11980
572 2048 10141
573 10152 3509
574 5363 10982
575 3085 9431
576 4448 10101
577 9367 9789
578 6861 10183
579 4376 9765
580 11597 6884
581 10182 6715
582 7327 7749
583 3857 7674
584 10060 1442
585 1746 6996
586 6410 5442
587 9322 939
588 7367 3024
589 995 1234
590 5703 5761
591 3232 6605
592 4631 2812
593 10424 8478
594 6786 7830
595 10794 7509
596 3983 9074
597 8060 9405
598 8812 4168
599 3571 9681
600 10125 9484
601 10714 5787
602 3001 11932
603 10884 7920
604 9994 2137
605 5124 4829
606 7536 16
607 7482 544
608 6096 718
609 3100 521
610 7523 5990
611 3199 6729
612 3896 11232
613 1597 1507
614 6925 550
615 7353 5526
616 11900 309
617 9398 1584
618 11848 5413
619 5205 1067
620 10989 824
621 435 7099
622 7377 7847
623 8467 8524
624 10117 3928
625 2788 8841
626 5176 11075
627 2559 8744
628 1095 8213
629 6664 4171
630 3323 2523
631 5444 226
632 4957 11919
633 11861 6728
634 3688 11526
635 869 8164
636 9435 10503
637 8075 6437
638 1856 734
639 9944 1865
640 5787 8326
641 4483 4581
642 8386 5216
643 224 11665
644 10855 8368
645 7506 5802
646 1803 9817
647 7000 6331
648 7961 7503
649 2467 5423
650 7547 6454
651 6584 8752
652 11317 8944
653 4510 11500
654 2555 1528
655 170 7938
656 10463 9834
657 6647 7731
658 2594 6311
659 6678 4587
660 2447 4095
661 3618 11805
662 6618 7426
663 6996 9138
664 7585 7418
665 3104 11311
666 1192 2666
667 2735 9569
668 8028 11647
669 1950 6412
670 1260 3168
671 3667 9210
672 3705 3932
673 3921 4835
674 3444 5441
675 1998 8346
676 6445 3639
677 10077 1222
678 904 6371
679 6139 4903
680 8834 3547
681 3499 3681
682 8122 9012
683 9730 11798
684 6694 10265
685 4566 9077
686 7063 3896
687 7406 218
688 8405 8401
689 1223 7196
690 11561 6776
691 5051 11097
692 1453 115
693 8392 10354
694 3244 5720
695 8764 2871
696 5720 2404
697 5715 1449
698 11757 11164
699 2489 4678
700 1443 6145
701 8058 3029
702 9206 7651
703 4268 5075
704 4152 8100
705 10467 10450
706 6536 2390
707 5050 3625
708 5802 4397
709 2473 5793
710 10886 11147
711 8839 10636
712 7383 439
713 6640 1310
714 1116 3135
715 2237 10174
716 6207 7167
717 657 377
718 8049 5777
719 7319 9649
720 4445 9713
721 6841 3791
722 7746 2492
723 6101 11755
724 10365 9932
725 10247 7464
726 3346 3631
727 5205 3025
728 8708 10569
729 327 339
730 940 9150
731 11339 8196
732 11996 4332
733 7176 8857
734 10181 8276
735 1784 11173
736 9251 6896
737 62 2491
738 353 574
739 11578 9805
740 9122 1531
741 3812 9651
742 9013 8527
743 9913 5368
744 4594 11898
745 3359 9808
746 7048 6531
747 764 9057
748 1609 2117
749 2053 10866
750 9628 5805
751 9955 7094
752 10362 3318
753 11672 6178
754 4895 2943
755 9321 11515
756 936 6202
757 6450 11825
758 6256 6902
759 7178 2494
760 4824 1202
761 5133 11340
762 8733 11925
763 6223 1066
764 6206 4882
765 2763 606
766 8727 9953
767 2713 9562
768 2020 3811
769 5290 11935
770 9315 6251
771 10464 3628
772 5924 2131
773 7101 6721
774 6613 1167
775 4240 4990
776 4427 4126
777 1797 2226
778 8974 9170
779 6126 10305
780 5519 6684
781 4929 3457
782 6664 9529
783 11221 3857
784 11866 2293
785 2641 3022
786 887 4331
787 10144 10569
788 3659 8951
789 2378 403
790 7276 10349
791 11968 80
792 2166 9992
793 5991 8364
794 5182 1132
795 5141 3575
796 9480 3887
797 6891 5552
798 8644 10419
799 9141 6056
800 5938 11928
801 227 11742
802 4368 7898
803 8809 9755
804 8816 7762
805 11222 4515
806 1329 10814
807 2537 10798
808 2336 6282
809 7695 8501
810 7254 8631
811 8527 780
812 11620 9799
813 11692 7556
814 2302 6398
815 8716 11257
816 11608 10291
817 6648 11513
818 8727 8327
819 6735 9845
820 1447 6183
821 2408 3841
822 1430 8873
823 11927 2601
824 6716 10804
825 7721 11804
826 8680 2186
827 1047 9494
828 9715 1269
829 11640 5028
830 6454 2555
831 6473 7633
832 1298 3692
833 1306 1271
834 1148 2014
835 2170 6264
836 9887 4028
837 10195 8946
838 9167 4044
839 7728 2246
840 3440 1767
841 3370 9452
842 11709 4103
843 3024 5233
844 9847 3610
845 1146 8095
846 5533 715
847 1698 2717
848 7815 5667
849 3659 6406
850 10499 186
851 731 411
852 8704 9952
853 10135 2120
854 11983 7874
855 5794 8394
856 11424 10439
857 3904 10953
858 8857 8577
859 10870 5549
860 6668 7768
861 7817 2298
862 2452 11435
863 6253 3238
864 2855 9463
865 4107 7145
866 317 4479
867 3729 6812
868 2774 1330
869 5268 10278
870 1149 10848
871 6198 4814
872 11247 5989
873 10136 9882
874 6375 956
875 10679 5690
876 9308 4446
877 2207 985
878 2266 10267
879 8835 5305
880 5889 558
881 2883 5858
882 9913 8126
883 10032 8181
884 7800 5942
885 2911 2880
886 5343 5978
887 3803 7620
888 7594 6309
889 9019 11470
890 23 2124
891 5813 10191
892 5875 892
893 9403 1014
894 7007 136
895 6906 2883
896 5171 11476
897 10876 7755
898 2298 8129
899 5601 1837
900 6653 8220
901 8782 8778
902 4073 329
903 1889 3359
904 1739 4334
905 5565 647
906 4248 10512
907 5707 6631
908 2191 4819
909 10794 11379
910 936 1688
911 9692 10131
912 11554 3431
913 9808 5739
914 425 5935
915 3744 1618
916 9291 10070
917 2636 5768
918 8597 148
919 2241 9760
920 10565 1464
921 2201 4527
922 3935 4078
923 10291 11310
924 5743 8183
925 3036 2532
926 351 7173
927 6041 3574
928 3849 2964
929 660 3156
930 645 6961
931 6923 619
932 7889 1635
933 4648 1203
934 640 4525
935 3601 11222
936 10013 8908
937 9573 2668
938 6250 11632
939 7817 2425
940 10132 9210
941 8671 11927
942 1003 5133
943 8702 8635
944 6395 7136
945 3155 11086
946 8496 11897
947 8719 287
948 6798 1304
949 5189 7831
950 6077 7849
951 128 9873
952 11798 11735
953 10725 7384
954 8563 6260
955 8589 11357
956 3521 5692
957 32 11722
958 7900 8632
959 7725 6971
960 7384 6
961 7912 5389
962 4283 8032
963 2511 1510
964 7761 8049
965 10416 1992
966 5424 8176
967 1764 6753
968 4380 10788
969 3762 9469
970 11770 3449
971 317 125
972 4352 7977
973 4977 3834
974 2278 11633
975 8815 568
976 5055 2212
977 3716 9329
978 11027 10340
979 2639 8864
980 2250 8830
981 10006 9638
982 10174 1442
983 8823 280
984 11015 7434
985 7913 2477
986 8824 9897
987 11841 565
988 579 8967
989 11525 10096
990 3736 693
991 2349 8242
992 323 1465
993 10068 1226
994 9803 11762
995 5931 11837
996 2227 6520
997 8306 10215
998 6857 866
999 7454 6602
1000 10176 9248
1001 9056 1114
1002 8982 6550
1003 5939 10526
1004 4814 7562
1005 5762 11033
1006 11438 1374
1007 3869 11750
1008 7695 11774
1009 522 8475
1010 2886 3416
1011 9860 2054
1012 8094 1209
1013 6907 2105
1014 9598 10350
1015 4744 7746
1016 11876 3613
1017 4798 6520
1018 1198 1823
1019 5753 7517
1020 700 9870
1021 5640 8402
1022 8009 11361
1023 1472 8367
1024 2986 11589
1025 3145 7934
1026 1450 5621
1027 5643 6526
1028 256 6764
1029 695 5329
1030 8100 11307
1031 9560 6873
1032 8660 7056
1033 7137 7938
1034 198 5978
1035 11964 9239
1036 8400 5380
1037 5636 5486
1038 7385 7676
1039 11180 5509
1040 5119 8883
1041 11180 9203
1042 95 6878
1043 2853 5758
1044 1338 3493
1045 4835 11196
1046 683 7763
1047 6645 10000
1048 8574 5146
1049 5681 11447
1050 8050 11713
1051 7581 10497
1052 7760 1545
1053 6639 2062
1054 5510 6357
1055 4995 134
1056 9485 872
1057 522 11002
1058 5844 606
1059 3601 1232
1060 2195 4804
1061 11895 8438
1062 5642 5444
1063 703 2507
1064 3136 8625
1065 2434 5967
1066 3049 1718
1067 7283 4347
1068 4166 5695
1069 291 395
1070 5480 7989
1071 8632 6265
1072 10348 1999
1073 8703 1822
1074 4489 11298
1075 11984 4852
1076 8185 7612
1077 3809 9249
1078 10577 511
1079 11989 11377
1080 4105 11128
1081 1581 3880
1082 3214 10181
1083 8443 7088
1084 5152 2411
1085 7971 2808
1086 9004 5524
1087 9550 3661
1088 9545 3047
1089 5994 2592
1090 7542 428
1091 4162 11081
1092 1102 3416
1093 2982 5592
1094 4893 9680
1095 11528 7140
1096 10685 1793
1097 5917 6386
1098 8566 8579
1099 7231 6710
1100 6151 2086
1101 3822 4770
1102 8431 149
1103 978 6481
1104 8674 8946
1105 10043 10126
1106 5761 8412
1107 221 9340
1108 990 10699
1109 6603 11328
1110 11273 7137
1111 9050 4156
1112 10832 10831
1113 3417 7347
1114 3694 4315
1115 6439 4754
1116 1276 8683
1117 11974 10120
1118 9486 3807
1119 9019 4573
1120 2803 240
1121 1359 10099
1122 5569 3597
1123 2270 4493
1124 6256 11027
1125 2264 5210
1126 8475 5401
1127 2092 2326
1128 5726 11441
1129 5835 5666
1130 11150 11995
1131 10323 1614
1132 8592 4689
1133 2207 2008
1134 10224 5800
1135 4612 10503
1136 1984 2095
1137 935 5317
1138 1923 5066
1139 5860 2524
1140 9514 4423
1141 884 7664
1142 11485 1959
1143 2068 4402
1144 9787 5695
1145 10031 6623
1146 9979 761
1147 6176 2899
1148 9378 10981
1149 8251 733
1150 8282 3847
1151 1679 6022
1152 10468 859
1153 9820 4585
1154 5581 2774
1155 842 1233
1156 2897 5544
1157 11335 1948
1158 4869 4971
1159 9284 10398
1160 8339 8205
1161 3991 9686
1162 1029 9470
1163 5844 6103
1164 5591 7377
1165 8922 6772
1166 7709 4113
1167 8283 6098
1168 11255 2791
1169 6112 11488
1170 11267 11189
1171 8787 10298
1172 6050 1766
1173 297 941
1174 143 9332
1175 8955 5245
1176 6081 6124
1177 4612 5594
1178 3965 208
1179 2231 2474
1180 10053 456
1181 2161 8457
1182 10468 839
1183 4141 6051
1184 9786 843
1185 8359 7101
1186 10482 8187
1187 10164 3615
1188 93 1151
1189 1364 4482
1190 8984 7662
1191 7043 158
1192 6647 284
1193 2227 7891
1194 3695 8805
1195 4090 6010
1196 6726 10940
1197 6427 7393
1198 271 3990
1199 1362 4844
1200 945 5754
1201 4689 4113
1202 81 4149
1203 11264 3051
1204 10121 672
1205 5582 2579
1206 3812 5178
1207 99 10085
1208 10530 537
1209 7145 7603
1210 6205 5576
1211 4025 1618
1212 1174 1005
1213 7448 11791
1214 9281 553
1215 2691 3730
1216 1873 899
1217 919 11596
1218 8607 7223
1219 3870 2511
1220 9212 5300
1221 5271 9964
1222 6925 5565
1223 8284 2203
1224 11629 9811
1225 489 4933
1226 5229 5103
1227 4863 9575
1228 2036 8193
1229 1853 1911
1230 8660 9757
1231 2188 6839
1232 8428 6730
1233 9117 1537
1234 4636 6274
1235 4594 4941
1236 6004 11453
1237 2681 4952
1238 10296 1815
1239 5727 11794
1240 3338 11552
1241 3724 8332
1242 4541 11419
1243 6097 11484
1244 2839 9690
1245 8244 3454
1246 6955 11595
1247 9130 5329
1248 1719 6537
1249 3774 3575
1250 6233 3110
1251 7224 4288
1252 733 9321
1253 3506 4
1254 5352 7491
1255 6237 10556
1256 4863 1587
1257 2034 5629
1258 6269 2447
1259 6070 6789
1260 2656 4873
1261 9718 3502
1262 1354 4544
1263 8573 8488
1264 4057 979
1265 6551 6698
1266 10215 4615
1267 2806 8991
1268 9448 7723
1269 10315 6869
1270 276 734
1271 9261 6956
1272 1559 10103
1273 10977 7796
1274 9708 11942
1275 2594 1838
1276 207 2016
1277 9458 9191
1278 8296 11718
1279 11620 11554
1280 7481 11884
1281 5261 6965
1282 6596 6620
1283 9560 4185
1284 9253 7695
1285 10666 2001
1286 9061 10906
1287 2404 1824
1288 10901 2831
1289 9738 1465
1290 11739 6429
1291 5218 2897
1292 4256 8681
1293 569 3045
1294 7835 10866
1295 6519 5899
1296 6404 9487
1297 479 9562
1298 1021 11658
1299 5419 7565
1300 3739 10937
1301 198 6286
1302 3945 2151
1303 10807 3748
1304 9617 4948
1305 7879 4971
1306 11288 10295
1307 1515 4919
1308 6610 11015
1309 7359 7861
1310 4721 1101
1311 1794 6654
1312 5631 1687
1313 10836 8333
1314 10279 7533
1315 4065 1907
1316 2243 10812
1317 11653 5063
1318 855 11155
1319 1409 7666
1320 6011 5389
1321 5509 11811
1322 6819 2499
1323 5250 3457
1324 3988 2520
1325 8158 11767
1326 3910 8836
1327 10312 5859
1328 11877 6697
1329 2890 2335
1330 3975 1832
1331 11151 6054
1332 2984 6989
1333 4260 11691
1334 1611 726
1335 11935 6094
1336 7051 8108
1337 11683 10379
1338 2776 4510
1339 3010 9193
1340 572 4594
1341 6982 2096
1342 8452 7872
1343 2115 5915
1344 9333 8909
1345 11784 6855
1346 2232 5639
1347 2519 2998
1348 7725 9111
1349 9542 5876
1350 4538 2860
1351 4338 8066
1352 3261 3816
1353 11495 3518
1354 11410 30
1355 2536 11676
1356 3346 4576
1357 7348 9136
1358 687 5321
1359 7919 2241
1360 6758 5054
1361 8752 9583
1362 3341 1584
1363 3594 5678
1364 4852 8500
1365 443 10417
1366 8024 4582
1367 9021 2509
1368 11482 11346
1369 11088 10504
1370 7477 1547
1371 10756 154
1372 2281 607
1373 4239 10522
1374 875 2291
1375 6065 9268
1376 4667 7460
1377 1832 48
1378 6743 2979
1379 8305 4218
1380 11171 427
1381 10408 6403
1382 3181 1553
1383 6605 8059
1384 1819 680
1385 9841 3727
1386 1200 5120
1387 8691 2763
1388 1336 5851
1389 5604 4951
1390 6533 7890
1391 8455 11209
1392 11406 6939
1393 8764 8233
1394 5418 1880
1395 4287 4339
1396 7962 1369
1397 3372 10391
1398 3727 600
1399 2530 996
1400 11171 4397
1401 10939 8664
1402 10581 1828
1403 427 6633
1404 5721 10422
1405 4678 8949
1406 4779 6450
1407 11655 8941
1408 8771 5152
1409 11521 8980
1410 4540 4065
1411 3497 11528
1412 1239 9454
1413 1420 8313
1414 5832 7482
1415 166 7397
1416 332 1265
1417 10016 8109
1418 5791 1126
1419 7708 7363
1420 6598 6551
1421 8373 10723
1422 11790 7189
1423 3320 11082
1424 6865 10868
1425 5066 8524
1426 1240 710
1427 10952 3708
1428 8709 7461
1429 204 3374
1430 4977 2043
1431 2526 710
1432 6742 742
1433 5490 3264
1434 10637 8442
1435 11062 2407
1436 11601 4608
1437 3424 1279
1438 9055 3072
1439 11695 9985
1440 11639 6156
1441 258 606
1442 8555 7692
1443 11789 80
1444 6045 1192
1445 11168 7589
1446 5044 9554
1447 5275 4723
1448 9788 914
1449 9406 199
1450 8566 4799
1451 6930 4298
1452 2233 9006
1453 6086 7813
1454 5540 1831
1455 1074 429
1456 4727 305
1457 5396 5512
1458 8965 7399
1459 8378 7581
1460 4143 11681
1461 2187 3880
1462 4509 10014
1463 4936 5635
1464 11323 798
1465 11639 814
1466 1641 2117
1467 3650 8290
1468 4771 2287
1469 5383 9464
1470 2291 11416
1471 6064 5557
1472 1923 2593
1473 906 8599
1474 3789 2481
1475 7871 7040
1476 8430 8073
1477 4703 10253
1478 2378 11715
1479 2582 6085
1480 11435 2420
1481 9540 10489
1482 9511 4062
1483 10264 8662
1484 10101 3781
1485 8355 9018
1486 3873 11340
1487 9099 9613
1488 1758 10944
1489 9871 1897
1490 5242 10915
1491 9782 11306
1492 3697 10715
1493 6981 8565
1494 7542 2094
1495 5 2712
1496 7458 3855
1497 10263 11085
1498 4696 5612
1499 11844 3263
1500 621 10196
1501 6602 6331
1502 11234 9322
1503 5435 5441
1504 8605 3683
1505 9234 1199
1506 7640 5020
1507 7269 933
1508 8587 7909
1509 4698 10888
1510 8953 607
1511 3892 1143
1512 10984 7300
1513 9082 2211
1514 7013 11490
1515 1676 4738
1516 10717 9965
1517 9302 11512
1518 3105 10867
1519 11813 9922
1520 7687 5494
1521 6180 7049
1522 3788 4468
1523 2638 8208
1524 11560 120
1525 1683 1706
1526 2978 9319
1527 5327 11763
1528 6134 2408
1529 9884 4961
1530 4773 10767
1531 11656 3140
1532 3053 4085
1533 3583 3229
1534 9428 9736
1535 10894 4063
1536 8734 6045
1537 9225 11184
1538 10233 1695
1539 2683 3671
1540 4433 11771
1541 3102 9029
1542 8428 7012
1543 6253 578
1544 1594 9767
1545 3039 10804
1546 6962 7051
1547 756 2033
1548 9090 4661
1549 9477 4154
1550 1908 11711
1551 4084 2200
1552 3601 4453
1553 10135 8784
1554 6476 9700
1555 11687 7628
1556 9719 2052
1557 1477 7914
1558 3681 3010
1559 3707 9115
1560 4243 1501
1561 11864 5734
1562 6977 9560
1563 6308 5245
1564 8712 8951
1565 6944 10927
1566 2876 11113
1567 7132 7988
1568 399 5941
1569 4782 15
1570 3803 7337
1571 2015 2454
1572 7749 9911
1573 8855 7128
1574 9790 1152
1575 7321 254
1576 2898 6774
1577 249 5202
1578 10451 430
1579 1147 3795
1580 7612 5013
1581 908 9535
1582 7958 4175
1583 2279 10463
1584 10446 7420
1585 2186 5720
1586 10929 11380
1587 1573 1518
1588 2239 2236
1589 2285 4184
1590 8892 2202
1591 11318 6657
1592 2470 3323
1593 4206 1821
1594 11784 442
1595 2356 2281
1596 11646 4870
1597 4767 4610
1598 7877 6073
1599 7192 2373
1600 3508 7569
1601 555 7490
1602 6772 4569
1603 11296 6376
1604 5347 5653
1605 4656 3221
1606 9123 1155
1607 3079 7399
1608 5269 11851
1609 9401 1631
1610 10310 5384
1611 770 1913
1612 2320 3591
1613 6408 660
1614 3839 927
1615 6226 11484
1616 646 6761
1617 2258 8857
1618 2364 4821
1619 5560 9562
1620 11107 8100
1621 4274 10136
1622 1443 9651
1623 660 4673
1624 3274 6937
1625 11957 3014
1626 7813 10292
1627 165 10762
1628 3052 7035
1629 8900 422
1630 7240 4379
1631 2649 8294
1632 73 3862
1633 5502 5425
1634 10555 8206
1635 8034 2733
1636 5707 4942
1637 1898 372
1638 8505 10181
1639 226 7536
1640 5005 6661
1641 8846 7728
1642 4388 5090
1643 7380 9237
1644 4623 6180
1645 6576 3669
1646 10280 108
1647 11083 11195
1648 8913 3935
1649 2591 9247
1650 4423 6956
1651 10739 2606
1652 3704 10181
1653 10753 3075
1654 7641 4129
1655 11855 3892
1656 165 140
1657 6458 1745
1658 7277 10431
1659 2460 5600
1660 2604 3909
1661 9651 7925
1662 7695 2483
1663 11681 5135
1664 3744 10073
1665 9181 11447
1666 1004 8750
1667 884 805
1668 3793 4742
1669 1346 11272
1670 3274 6644
1671 11115 10847
1672 5463 541
1673 5195 452
1674 5812 1631
1675 9382 8234
1676 482 6743
1677 11494 4242
1678 9499 3755
1679 5412 1812
1680 719 1152
1681 6975 2356
1682 1116 4995
1683 6413 7626
1684 9775 7800
1685 10697 10163
1686 5939 4329
1687 1150 2395
1688 4286 5126
1689 2930 3195
1690 3773 6745
1691 2693 1388
1692 9972 7202
1693 8598 2723
1694 3367 2735
1695 2670 8537
1696 11864 4030
1697 8430 9902
1698 8648 467
1699 11073 1180
1700 5545 8072
1701 6352 3347
1702 10258 1390
1703 11958 3651
1704 11901 7645
1705 9493 4318
1706 8751 2511
1707 4313 12000
1708 651 3046
1709 8450 730
1710 1370 8133
1711 11255 10649
1712 8666 9783
1713 1579 11102
1714 5317 1419
1715 7992 5242
1716 5588 4302
1717 8097 5640
1718 9915 7731
1719 401 6434
1720 9143 8432
1721 6968 5646
1722 11254 5745
1723 1056 2432
1724 11022 4611
1725 8355 3590
1726 3962 8211
1727 1291 10333
1728 8518 2016
1729 6653 6034
1730 11299 2476
1731 4701 2674
1732 828 2345
1733 5185 6548
1734 51 2328
1735 7159 2674
1736 5762 8057
1737 6079 1705
1738 3123 4104
1739 629 9290
1740 1519 7926
1741 4318 8742
1742 5474 9137
1743 10314 638
1744 9558 1471
1745 7521 9231
1746 2252 5417
1747 3214 10773
1748 6895 5612
1749 7085 4960
1750 10630 1412
1751 1288 7335
1752 9232 7256
1753 3712 1199
1754 6840 5350
1755 11680 8813
1756 11007 7090
1757 8433 6441
1758 3164 5339
1759 5070 9678
1760 9298 4226
1761 7068 2245
1762 9186 5127
1763 3105 6647
1764 5326 6408
1765 2021 5276
1766 4660 10120
1767 8993 10566
1768 11619 3114
1769 2572 915
1770 806 5770
1771 5768 11837
1772 1620 7325
1773 1868 9427
1774 3554 6401
1775 2892 6006
1776 6305 8758
1777 1858 9289
1778 9460 6283
1779 7335 1368
1780 7981 1090
1781 7749 8269
1782 11096 5274
1783 3294 5932
1784 2739 392
1785 8980 327
1786 526 9543
1787 8358 1375
1788 4959 6515
1789 11125 2947
1790 26 1803
1791 1394 10579
1792 5859 6621
1793 2649 1177
1794 2188 24
1795 5848 10982
1796 6715 7162
1797 8795 7499
1798 5323 11761
1799 1645 10653
1800 6186 3706
1801 124 9914
1802 5612 2625
1803 5259 2860
1804 8649 34
1805 128 1852
1806 1845 3590
1807 6167 5358
1808 550 8376
1809 5375 9392
1810 9449 7099
1811 11298 1807
1812 10906 8122
1813 11626 7159
1814 5685 9390
1815 8716 11300
1816 4020 6185
1817 1909 6715
1818 6401 1639
1819 5721 5363
1820 8126 4506
1821 3623 6394
1822 666 7855
1823 8931 4899
1824 5947 2196
1825 5095 4986
1826 5435 3587
1827 1024 4969
1828 11928 2150
1829 9420 8018
1830 893 1887
1831 7949 8428
1832 262 2927
1833 9899 5592
1834 10164 9638
1835 3972 8001
1836 523 3929
1837 1576 3095
1838 7621 6422
1839 8917 2756
1840 246 3588
1841 3611 5811
1842 9161 3862
1843 3388 7680
1844 5055 816
1845 1874 9869
1846 9228 4224
1847 3443 1125
1848 7663 10331
1849 2030 8698
1850 2464 3033
1851 5381 6445
1852 4502 8117
1853 6842 11471
1854 1554 7745
1855 8496 8726
1856 11468 1862
1857 6535 4031
1858 3506 5051
1859 10356 4749
1860 1628 735
1861 5741 5887
1862 7005 895
1863 11473 4724
1864 793 1372
1865 1379 9649
1866 4141 9094
1867 4542 2208
1868 49 7405
1869 10220 11519
1870 2477 8514
1871 9170 8529
1872 3583 7120
1873 2128 5854
1874 7093 3146
1875 7441 11519
1876 11867 4589
1877 8837 7050
1878 4771 7143
1879 2534 2967
1880 1681 6933
1881 3067 2784
1882 7777 10233
1883 2897 115
1884 5399 3234
1885 8404 11488
1886 8037 10190
1887 7560 5032
1888 10999 5527
1889 11688 8433
1890 11336 7544
1891 4083 4536
1892 4689 8693
1893 6921 8604
1894 8450 251
1895 6147 11192
1896 44 4355
1897 9911 5374
1898 8292 2111
1899 10306 3233
1900 8866 1514
1901 10337 2011
1902 3339 6329
1903 7652 7830
1904 11408 10525
1905 8303 8950
1906 11364 6522
1907 8396 9487
1908 584 7953
1909 2908 5273
1910 3904 10749
1911 11493 279
1912 2073 2521
1913 7441 11375
1914 9553 5827
1915 7965 332
1916 9669 6387
1917 4537 11107
1918 6567 2352
1919 1886 8556
1920 5020 8382
1921 5751 3859
1922 6624 1157
1923 1189 4230
1924 10692 1768
1925 10205 9731
1926 11983 4798
1927 4590 7220
1928 8192 3387
1929 9571 11904
1930 6500 10237
1931 6097 421
1932 6095 4618
1933 4262 1307
1934 7890 970
1935 2969 9922
1936 10523 11384
1937 2798 1907
1938 2749 3699
1939 7990 4965
1940 7069 9046
1941 6198 3549
1942 2416 9599
1943 8422 316
1944 1967 8243
1945 4555 174
1946 1946 9719
1947 6346 10167
1948 5686 5579
1949 225 2894
1950 5697 3281
1951 7188 634
1952 11855 3030
1953 6854 1888
1954 11074 7865
1955 5420 11803
1956 636 6743
1957 4512 5292
1958 166 10878
1959 4861 6637
1960 7072 10404
1961 2410 10989
1962 10930 2842
1963 7116 9771
1964 6483 5118
1965 1478 8397
1966 134 3911
1967 7593 5649
1968 2459 6111
1969 2785 8850
1970 6767 8127
1971 4653 9365
1972 9437 11332
1973 7912 7733
1974 8168 3620
1975 2576 5089
1976 8012 11048
1977 1009 1460
1978 37 2833
1979 7333 1581
1980 10946 2707
1981 5830 194
1982 10863 224
1983 3572 1300
1984 10593 3601
1985 9518 2974
1986 7206 4384
1987 10403 4934
1988 11118 5269
1989 2004 3699
1990 10151 8976
1991 1116 5897
1992 11195 11662
1993 6692 27
1994 620 4584
1995 37 1690
1996 11648 3666
1997 10474 5684
1998 5033 5981
1999 10954 9703
2000 5173 540
2001 10541 11572
2002 8189 1499
2003 4850 11351
2004 5304 1501
2005 6031 1278
2006 8655 10275
2007 4331 10981
2008 7084 2351
2009 9061 4850
2010 4415 8408
2011 9066 10900
2012 4114 8660
2013 11819 4590
2014 1743 10085
2015 3455 2178
2016 5789 10056
2017 11400 3729
2018 2807 1518
2019 788 11302
2020 167 6535
2021 11312 6103
2022 6024 8893
2023 2660 2436
2024 7220 1720
2025 11998 7776
2026 9029 8246
2027 9875 8795
2028 349 4869
2029 1099 8986
2030 4457 2982
2031 521 7075
2032 4050 11337
2033 1796 4891
2034 3249 10690
2035 11894 3639
2036 5405 6302
2037 8377 5247
2038 4806 11641
2039 605 11970
2040 2908 11615
2041 4130 11333
2042 5909 5781
2043 1231 7041
2044 7087 1471
2045 2427 81
2046 10672 9955
2047 681 2637
2048 652 11105
2049 5151 632
2050 182 3125
2051 5103 7580
2052 4010 1380
2053 10191 9618
2054 126 11181
2055 11229 4806
2056 11054 7136
2057 8485 4861
2058 9817 6253
2059 11997 9504
2060 2486 4011
2061 788 8914
2062 9804 1123
2063 11081 9996
2064 1624 2562
2065 9302 10545
2066 10183 7235
2067 9028 3396
2068 685 3508
2069 3011 1345
2070 7888 312
2071 11564 10646
2072 8175 4015
2073 11520 5027
2074 6074 5251
2075 2490 7036
2076 89 1257
2077 11217 10975
2078 4779 5283
2079 7828 10488
2080 5730 1689
2081 5164 4042
2082 1374 11367
2083 1466 1277
2084 1481 7718
2085 6560 10611
2086 10844 10780
2087 2466 4195
2088 6137 376
2089 5492 6119
2090 1261 8695
2091 1693 7434
2092 4242 6442
2093 2808 11039
2094 10679 6253
2095 11506 6358
2096 2354 10570
2097 7175 3495
2098 1552 5696
2099 8244 8696
2100 5820 9951
2101 8484 6913
2102 7919 2498
2103 10439 4596
2104 11738 8230
2105 2643 8779
2106 502 658
2107 1145 11100
2108 7696 10003
2109 1773 6733
2110 3641 9213
2111 5187 1511
2112 9949 6494
2113 10427 7619
2114 9171 11202
2115 11289 11575
2116 7497 8621
2117 8952 752
2118 5682 5506
2119 4344 10834
2120 4214 4132
2121 3838 252
2122 9294 9751
2123 9358 8155
2124 11617 5668
2125 7976 2428
2126 7647 5828
2127 2309 1829
2128 3383 1429
2129 5691 1819
2130 9210 670
2131 368 4051
2132 8899 10184
2133 4796 6748
2134 195 8199
2135 11249 8748
2136 11043 7819
2137 11690 2133
2138 8492 9274
2139 2887 11573
2140 1415 679
2141 5754 5349
2142 2434 206
2143 6326 4427
2144 11147 1459
2145 5547 410
2146 1641 10864
2147 9205 7551
2148 811 4322
2149 7608 869
2150 10998 5955
2151 11683 7218
2152 1826 7589
2153 9887 7532
2154 361 2494
2155 1520 4719
2156 7877 5675
2157 10083 11381
2158 6566 1091
2159 7664 10080
2160 3969 2277
2161 6800 10228
2162 7778 11584
2163 1454 270
2164 6637 2017
2165 6330 4908
2166 11426 9976
2167 9175 15
2168 2792 8084
2169 595 1003
2170 6418 6353
2171 3793 11964
2172 7545 1682
2173 7633 5849
2174 8043 391
2175 9666 1812
2176 1951 9219
2177 7590 10691
2178 6058 4697
2179 8204 6672
2180 3196 6613
2181 5848 2462
2182 8800 10154
2183 1889 4667
2184 10308 8521
2185 2739 5665
2186 809 5591
2187 9271 374
2188 5660 9541
2189 11889 6024
2190 8517 6130
2191 7312 1805
2192 1265 1064
2193 5482 603
2194 11784 9435
2195 10373 650
2196 6489 11337
2197 1387 2880
2198 6250 11057
2199 5694 9663
2200 11242 7062
2201 2748 8907
2202 9817 6038
2203 4160 9808
2204 10470 10729
2205 2501 1356
2206 3378 4045
2207 1975 10732
2208 1079 7390
2209 264 918
2210 9962 4409
2211 6374 9100
2212 1679 10685
2213 8676 4121
2214 9749 1372
2215 3447 8076
2216 9185 7423
2217 7496 7327
2218 6175 11891
2219 3376 8471
2220 4851 1891
2221 5411 4225
2222 10635 2459
2223 9572 3959
2224 9392 10460
2225 6997 10124
2226 614 4312
2227 10096 6875
2228 4457 1496
2229 3275 5935
2230 7252 1623
2231 6590 10178
2232 9150 7034
2233 453 63
2234 3825 5214
2235 6593 11374
2236 4009 5241
2237 4252 651
2238 11380 6081
2239 7944 5597
2240 4110 3923
2241 5611 7788
2242 5095 7700
2243 2637 9647
2244 3979 6348
2245 5663 7477
2246 6957 2325
2247 5181 5185
2248 5334 6982
2249 9159 5308
2250 10770 11091
2251 9655 1749
2252 1632 10427
2253 9438 1563
2254 5866 10219
2255 10804 4244
2256 5307 4193
2257 11761 9676
2258 9163 1327
2259 10711 10545
2260 5499 8345
2261 8053 4433
2262 4108 2152
2263 1061 10303
2264 1883 3548
2265 5207 8622
2266 9033 7368
2267 4926 9824
2268 1567 7565
2269 1246 7580
2270 2094 11803
2271 6340 2731
2272 4342 8623
2273 11337 11772
2274 1986 5599
2275 8148 7087
2276 9066 7674
2277 9764 10785
2278 2269 4263
2279 11251 651
2280 6798 3769
2281 7981 5330
2282 5806 4451
2283 463 7248
2284 10335 9771
2285 11819 8921
2286 10201 7784
2287 5540 8220
2288 2468 10457
2289 10244 9211
2290 9186 5460
2291 7994 2259
2292 5924 3145
2293 8075 9040
2294 3151 3866
2295 10908 10628
2296 5308 8281
2297 6421 9426
2298 1416 4444
2299 1754 5081
2300 4798 9277
2301 5426 8198
2302 3178 6106
2303 8099 1001
2304 5366 8791
2305 9311 5115
2306 1717 2508
2307 3501 514
2308 10772 10986
2309 7716 4028
2310 11070 3199
2311 7962 11878
2312 7055 7614
2313 3987 11984
2314 3045 5346
2315 10577 4193
2316 4706 5090
2317 6390 2374
2318 8767 7602
2319 5202 589
2320 5789 93
2321 173 10286
2322 11078 508
2323 1734 5878
2324 8113 10245
2325 10010 10213
2326 4822 9410
2327 4412 9797
2328 11711 31
2329 5475 412
2330 2578 8452
2331 3640 10513
2332 8165 10814
2333 4721 1825
2334 491 1425
2335 6998 3625
2336 9262 3690
2337 7062 6144
2338 10318 5335
2339 4734 111
2340 691 7219
2341 9803 2
2342 9014 5453
2343 9818 8464
2344 3546 8111
2345 6215 5423
2346 6323 61
2347 1296 9780
2348 10252 381
2349 7613 8064
2350 9994 3594
2351 3052 8850
2352 7641 4758
2353 9065 1594
2354 6277 7198
2355 506 6142
2356 450 6615
2357 2463 4550
2358 3046 3691
2359 5368 3240
2360 8065 9720
2361 10509 3153
2362 10517 7776
2363 9956 9602
2364 4987 5916
2365 7503 2430
2366 1721 5808
2367 2983 2138
2368 7208 5984
2369 9862 5718
2370 11785 11560
2371 3320 9880
2372 8133 5706
2373 9180 1728
2374 7008 1072
2375 2904 8864
2376 253 6575
2377 6113 3411
2378 8609 9550
2379 11444 11227
2380 9161 7924
2381 887 611
2382 11495 1706
2383 1038 3716
2384 5529 10500
2385 808 2108
2386 9404 9609
2387 10838 4386
2388 9889 4105
2389 5814 923
2390 7566 11745
2391 11536 9694
2392 7460 11084
2393 769 9652
2394 10641 5872
2395 7632 8408
2396 10866 1392
2397 2677 6882
2398 11557 8425
2399 9772 5603
2400 3608 7962
2401 4815 7045
2402 2010 6532
2403 11311 4
2404 5403 3803
2405 9977 5920
2406 6726 4949
2407 4097 312
2408 4412 1105
2409 5648 2381
2410 5311 2700
2411 7638 9408
2412 1971 9171
2413 10263 6076
2414 8975 1778
2415 895 9321
2416 5644 7500
2417 360 7125
2418 3182 9688
2419 5035 8045
2420 11067 10291
2421 1216 9434
2422 11472 6655
2423 6899 3792
2424 3407 375
2425 2479 7213
2426 1282 1298
2427 5180 3643
2428 5197 2053
2429 865 839
2430 1737 10333
2431 10357 7450
2432 7033 7934
2433 10782 3850
2434 2821 5199
2435 5620 1646
2436 11369 979
2437 1878 8020
2438 1483 10203
2439 5047 707
2440 11171 10127
2441 3337 8474
2442 1134 582
2443 10988 8292
2444 963 3129
2445 11776 7897
2446 537 7182
2447 1044 6008
2448 8157 4773
2449 707 4439
2450 2300 8175
2451 6461 3711
2452 7631 89
2453 11524 3532
2454 6755 10904
2455 9094 7585
2456 3617 5851
2457 8645 3413
2458 5048 10583
2459 1657 4968
2460 6981 11265
2461 5374 9479
2462 616 9480
2463 9708 10822
2464 7627 3066
2465 4822 7809
2466 2566 6999
2467 9039 1419
2468 6620 3721
2469 8598 4343
2470 579 8483
2471 3557 11967
2472 11872 5699
2473 7971 4138
2474 3839 11765
2475 10711 6451
2476 7035 3194
2477 1792 10199
2478 7678 9345
2479 6787 8812
2480 6373 6715
2481 9805 4150
2482 1907 2477
2483 9200 4880
2484 9002 2515
2485 10508 3439
2486 7117 1270
2487 6603 10309
2488 10593 8473
2489 230 10909
2490 2310 9917
2491 2355 4735
2492 1482 11006
2493 9829 4836
2494 839 3643
2495 6415 6601
2496 9880 1054
2497 2337 9467
2498 6656 1559
2499 6385 6878
2500 10045 3536
2501 9277 6349
2502 7466 8808
2503 6827 5747
2504 7916 2208
2505 5873 4037
2506 11721 11796
2507 8622 5127
2508 315 3593
2509 3110 514
2510 2337 8451
2511 3034 530
2512 8636 1494
2513 10291 9621
2514 10162 10438
2515 1977 9293
2516 4552 2764
2517 8021 11542
2518 7584 1070
2519 8215 3607
2520 11692 5604
2521 1495 10148
2522 3410 7596
2523 708 9652
2524 1465 159
2525 6671 10070
2526 4994 10396
2527 3146 11908
2528 3086 4824
2529 5206 2585
2530 715 9032
2531 4349 5778
2532 715 9660
2533 9461 9316
2534 2216 317
2535 10418 9128
2536 1092 5639
2537 4615 2378
2538 3478 4817
2539 971 580
2540 11855 4250
2541 649 9998
2542 1244 11979
2543 4790 9647
2544 2832 11848
2545 5735 10170
2546 3761 6397
2547 9676 2124
2548 6200 509
2549 7796 5791
2550 8500 5967
2551 2129 10418
2552 7639 5659
2553 801 9351
2554 7766 5035
2555 10814 1029
2556 8884 5147
2557 7219 1526
2558 695 3653
2559 7545 1540
2560 8561 8453
2561 1273 1451
2562 2870 8316
2563 8338 5618
2564 11541 556
2565 9434 11993
2566 8540 5311
2567 11016 3511
2568 7657 3335
2569 5769 10574
2570 1069 3436
2571 4221 3039
2572 2 2470
2573 1043 5690
2574 8163 2091
2575 6526 2391
2576 4910 10446
2577 3520 2178
2578 8691 8752
2579 2128 4354
2580 5860 9555
2581 2239 8473
2582 1533 6451
2583 2390 5531
2584 11154 2306
2585 7315 6884
2586 6793 4319
2587 7398 7381
2588 2177 7738
2589 820 5982
2590 8823 9647
2591 9034 3929
2592 4833 9966
2593 10211 8533
2594 2201 3728
2595 5807 164
2596 3249 10079
2597 5817 517
2598 5406 482
2599 4496 5010
2600 4542 10289
2601 8807 5239
2602 4638 1216
2603 9107 1409
2604 10469 6576
2605 7667 881
2606 10714 2964
2607 7195 838
2608 4704 11138
2609 10216 9752
2610 9038 11693
2611 7286 8996
2612 9226 10803
2613 4081 3197
2614 10044 8997
2615 4190 7417
2616 9865 1219
2617 2803 11463
2618 7089 412
2619 10611 6937
2620 7595 5729
2621 376 3990
2622 588 6426
2623 1952 2982
2624 9883 4639
2625 1239 7652
2626 7124 3107
2627 4659 2410
2628 287 7157
2629 10591 1176
2630 4176 2906
2631 3985 4859
2632 1338 420
2633 4573 6759
2634 2240 4940
2635 446 7449
2636 7170 8814
2637 3302 7480
2638 456 269
2639 8005 7086
2640 1743 513
2641 2435 9466
2642 7752 726
2643 1055 1984
2644 488 3084
2645 1260 8635
2646 4864 8497
2647 3915 4082
2648 11794 10911
2649 2590 7957
2650 11203 2836
2651 11863 6075
2652 1800 7409
2653 1285 10686
2654 11042 807
2655 1275 7416
2656 4042 5039
2657 4377 11998
2658 11837 4586
2659 4375 7112
2660 10520 7740
2661 4422 7999
2662 7177 11368
2663 10410 9384
2664 2777 4243
2665 3160 7599
2666 9657 2702
2667 196 7052
2668 7801 6361
2669 4879 10081
2670 572 1533
2671 1696 7209
2672 6241 11182
2673 4001 6437
2674 11709 1504
2675 11284 6306
2676 4037 4049
2677 5480 8288
2678 4026 9400
2679 8803 8010
2680 8751 8117
2681 11901 1788
2682 11858 9636
2683 3313 2890
2684 932 344
2685 5520 8313
2686 5795 10703
2687 10429 11968
2688 3556 8682
2689 3944 9141
2690 11379 10979
2691 10641 1624
2692 1394 11862
2693 10400 5045
2694 8802 6776
2695 7904 3140
2696 11005 9355
2697 5339 6593
2698 10678 8303
2699 3061 2937
2700 4742 3034
2701 5163 1377
2702 7574 3408
2703 9041 2546
2704 3077 3593
2705 10583 5722
2706 1018 9366
2707 8333 6528
2708 11256 11132
2709 4137 10461
2710 8892 1598
2711 1451 2695
2712 9166 8705
2713 3327 5730
2714 10754 10646
2715 9279 2466
2716 357 7862
2717 10145 10467
2718 2716 8192
2719 4587 2740
2720 1646 8580
2721 2441 11484
2722 7258 7557
2723 828 10086
2724 2969 9809
2725 8964 9009
2726 3301 10320
2727 9841 8718
2728 335 11461
2729 3857 6623
2730 9802 10136
2731 2196 4563
2732 9589 4477
2733 5419 6164
2734 6113 1090
2735 6046 1365
2736 11621 4951
2737 1224 10946
2738 7264 7905
2739 8854 9931
2740 8327 6089
2741 270 3154
2742 1469 5635
2743 2727 5340
2744 1535 5884
2745 9661 1584
2746 992 8151
2747 9325 4971
2748 11258 4437
2749 9573 5081
2750 6001 5648
2751 6190 497
2752 7204 443
2753 5688 7359
2754 11737 5593
2755 9319 9434
2756 3220 8403
2757 5259 5254
2758 10038 8478
2759 4942 1474
2760 1275 862
2761 8040 5134
2762 3767 7473
2763 2514 3974
2764 6958 1235
2765 8864 4875
2766 5623 8930
2767 10288 4540
2768 248 4534
2769 3280 10859
2770 1655 9427
2771 273 10276
2772 7106 963
2773 2786 2616
2774 2671 3894
2775 10138 6860
2776 7774 7623
2777 11569 9465
2778 10401 1226
2779 11663 10638
2780 10456 9663
2781 2878 4800
2782 6817 9634
2783 10100 11940
2784 4087 3659
2785 8760 5120
2786 8756 2377
2787 7621 583
2788 471 11203
2789 1721 9623
2790 117 11043
2791 11020 8248
2792 3424 10647
2793 3827 6832
2794 1565 7510
2795 2419 9897
2796 2860 8157
2797 8398 9884
2798 4710 8762
2799 5829 8158
2800 8642 244
2801 5053 8883
2802 2179 7773
2803 794 2710
2804 4695 6262
2805 7661 3065
2806 987 4124
2807 6984 2564
2808 8817 180
2809 10629 4692
2810 11050 7433
2811 11320 504
2812 7548 1012
2813 8997 9963
2814 2428 2048
2815 5150 4752
2816 8596 4584
2817 6942 1187
2818 4231 5300
2819 2004 8878
2820 2543 6546
2821 976 9328
2822 526 1784
2823 4314 11313
2824 2745 9669
2825 11303 10926
2826 4362 659
2827 5799 2590
2828 457 5873
2829 8982 11509
2830 950 11027
2831 5377 10315
2832 10405 8651
2833 9183 3042
2834 1026 10619
2835 11924 9574
2836 11106 789
2837 10216 9125
2838 1698 9519
2839 9719 6819
2840 6827 6147
2841 4073 2194
2842 9859 2606
2843 9966 2533
2844 11942 8969
2845 1884 44
2846 6228 4083
2847 6900 3563
2848 3710 3207
2849 8289 242
2850 9873 5668
2851 6190 7380
2852 1720 7784
2853 6941 10427
2854 8869 249
2855 2621 7148
2856 11510 3434
2857 9647 1376
2858 8031 6190
2859 821 3210
2860 10137 3885
2861 11546 8728
2862 8329 572
2863 3134 11990
2864 9439 4674
2865 2721 10168
2866 9395 7734
2867 3522 10878
2868 902 6462
2869 10661 3670
2870 10396 6701
2871 11793 11063
2872 4285 5275
2873 1365 6857
2874 6852 9926
2875 10608 5124
2876 2366 5948
2877 6365 37
2878 6650 5878
2879 8185 8321
2880 9641 8844
2881 8549 11419
2882 9142 557
2883 5528 8396
2884 9428 5095
2885 200 8656
2886 8360 85
2887 40 3199
2888 9816 2030
2889 7391 7583
2890 11716 6368
2891 6640 8219
2892 3829 7192
2893 6158 11180
2894 1063 7252
2895 6753 4833
2896 517 12000
2897 4515 4167
2898 3017 2477
2899 9498 4539
2900 4069 3922
2901 4648 7358
2902 10452 11468
2903 1101 9520
2904 9717 5757
2905 1261 2015
2906 6394 11721
2907 6001 8889
2908 1851 762
2909 11071 10008
2910 6128 3648
2911 6514 7258
2912 6836 516
2913 10837 3851
2914 463 11506
2915 10086 120
2916 7223 3365
2917 10486 3155
2918 2629 4899
2919 6182 6001
2920 722 8690
2921 10916 6758
2922 10535 4426
2923 6100 5455
2924 447 10054
2925 6908 4658
2926 5181 7636
2927 11054 10412
2928 2075 6734
2929 4025 2568
2930 7958 4767
2931 11252 10863
2932 5205 5370
2933 5446 10126
2934 9798 970
2935 1757 7302
2936 2598 11244
2937 6588 2972
2938 3706 7758
2939 9184 414
2940 8013 3823
2941 10884 8087
2942 1951 621
2943 11488 4975
2944 217 10716
2945 10240 5137
2946 1405 7851
2947 6100 4267
2948 3014 6539
2949 11877 1514
2950 2820 3921
2951 4407 3200
2952 5811 24
2953 6534 695
2954 7000 5558
2955 4948 10254
2956 7984 2631
2957 3171 8538
2958 7323 3565
2959 10569 7715
2960 1398 8413
2961 7224 9702
2962 8851 7518
2963 9206 8684
2964 9667 9540
2965 11077 9466
2966 3051 1620
2967 10462 2445
2968 269 9353
2969 1996 912
2970 5947 6666
2971 7303 11738
2972 6068 5487
2973 7395 603
2974 6779 2564
2975 9610 849
2976 6946 8655
2977 5754 4676
2978 10727 3913
2979 1982 4491
2980 2426 4863
2981 5047 10776
2982 4874 4372
2983 7066 2136
2984 1468 890
2985 10345 11496
2986 6022 4501
2987 8579 7006
2988 4985 2985
2989 5956 10141
2990 8890 758
2991 8985 8452
2992 4534 8896
2993 5142 7124
2994 7288 8
2995 234 3872
2996 9868 10319
2997 7426 4094
2998 375 6957
2999 5977 9076
3000 11046 918
3001 2595 6246
3002 7282 8390
3003 8808 1983
3004 10013 5103
3005 3097 7316
3006 3736 3748
3007 2481 10474
3008 8923 10614
3009 1439 9771
3010 326 1041
3011 11675 5711
3012 2492 1452
3013 11350 11993
3014 7322 761
3015 5064 6736
3016 6339 990
3017 9190 1598
3018 10237 11207
3019 1536 11151
3020 9870 7859
3021 9930 3381
3022 1941 5076
3023 7673 4331
3024 3364 2659
3025 11317 9001
3026 9977 1703
3027 5680 8369
3028 2542 130
3029 10954 10033
3030 7459 9285
3031 2433 4397
3032 3996 4701
3033 6964 11301
3034 10364 6633
3035 2317 2613
3036 3359 8909
3037 8430 8609
3038 2655 11854
3039 2089 3913
3040 2305 2081
3041 610 4011
3042 1365 3895
3043 1492 783
3044 6882 8431
3045 252 10668
3046 9530 9
3047 893 10926
3048 1423 10032
3049 9489 2513
3050 2958 5903
3051 10153 3172
3052 4622 4529
3053 10138 6285
3054 10588 11979
3055 9689 1972
3056 10227 7557
3057 10963 6515
3058 5204 6595
3059 9636 6407
3060 5887 10220
3061 11521 9723
3062 1494 187
3063 10393 9754
3064 3658 7464
3065 1559 6127
3066 8582 7436
3067 8975 8553
3068 2553 10149
3069 6289 805
3070 5695 2950
3071 3349 8963
3072 1033 8287
3073 4579 9739
3074 10969 10288
3075 2210 4392
3076 8910 3370
3077 2753 606
3078 3038 5359
3079 5562 8479
3080 6440 2488
3081 1155 4594
3082 10293 3932
3083 8271 8962
3084 9931 144
3085 7293 4298
3086 4478 3646
3087 10921 8741
3088 6071 7167
3089 11498 10529
3090 2404 9323
3091 1289 9897
3092 10802 10068
3093 11012 1708
3094 2883 5171
3095 1260 2244
3096 9006 6564
3097 2790 5719
3098 2445 741
3099 11288 9592
3100 7687 11961
3101 9488 1054
3102 1062 5908
3103 6146 6738
3104 9922 8672
3105 3859 4239
3106 10152 1213
3107 4163 4517
3108 11284 11645
3109 4109 3047
3110 6624 6884
3111 8174 6659
3112 115 10222
3113 139 6049
3114 4431 11967
3115 7281 9352
3116 53 5781
3117 8798 3702
3118 1378 9311
3119 7549 3694
3120 5487 10876
3121 4725 4958
3122 5875 782
3123 8152 9406
3124 2169 11549
3125 11226 1129
3126 8597 8040
3127 6960 6865
3128 7770 9201
3129 9276 7416
3130 4343 7888
3131 11984 3999
3132 9314 10241
3133 8352 1133
3134 10885 1970
3135 4658 6248
3136 11160 8043
3137 995 4522
3138 4378 5222
3139 5093 3748
3140 1213 1637
3141 5253 11570
3142 6612 3906
3143 11895 9571
3144 7262 1774
3145 9271 9722
3146 4272 11970
3147 4850 3526
3148 9042 2134
3149 11858 2925
3150 10863 11916
3151 7776 7646
3152 7639 11038
3153 9797 10445
3154 8860 11789
3155 4121 11903
3156 6163 5778
3157 9487 6397
3158 10106 3181
3159 11944 6357
3160 11633 6940
3161 5039 10134
3162 3350 482
3163 8538 7362
3164 578 11984
3165 1439 6465
3166 10870 7585
3167 10624 4086
3168 9130 11327
3169 4985 8144
3170 11198 3810
3171 7598 6456
3172 8123 5369
3173 3553 3308
3174 9079 8443
3175 7789 2789
3176 9260 7640
3177 3097 11528
3178 10758 4481
3179 1016 8412
3180 3683 11064
3181 1966 9066
3182 3952 3302
3183 667 625
3184 859 7011
3185 3832 2932
3186 7028 1465
3187 7375 7266
3188 2790 5497
3189 7918 2258
3190 2073 7494
3191 8292 1923
3192 8741 7647
3193 611 4219
3194 1463 3649
3195 80 11046
3196 9283 10389
3197 8365 9485
3198 10264 7631
3199 1776 11666
3200 9115 6186
3201 5570 6632
3202 11701 7474
3203 7811 9427
3204 2554 10198
3205 8080 4864
3206 8243 9958
3207 10340 7291
3208 11559 5823
3209 9993 25
3210 1662 753
3211 3288 11268
3212 3391 1995
3213 5791 2281
3214 5636 8104
3215 4478 5981
3216 4543 4462
3217 3889 10031
3218 1241 4548
3219 3323 3434
3220 1173 11295
3221 4172 755
3222 4063 9500
3223 570 11719
3224 5653 2377
3225 9475 6070
3226 4560 3723
3227 10370 10518
3228 5459 5734
3229 7806 11632
3230 5890 7033
3231 5685 11333
3232 4183 8722
3233 4982 8585
3234 8025 9891
3235 1526 8661
3236 9657 11356
3237 5073 9867
3238 5701 9049
3239 3385 99
3240 8787 3166
3241 11653 9527
3242 8796 11601
3243 10254 6348
3244 726 1188
3245 3084 2564
3246 8350 7508
3247 7006 5335
3248 2088 1058
3249 5626 789
3250 8073 6933
3251 10762 11360
3252 11253 2495
3253 4233 4157
3254 5593 5576
3255 6934 3055
3256 9079 7806
3257 8532 71
3258 7301 7683
3259 8630 9528
3260 9111 11841
3261 6297 6384
3262 9422 2423
3263 5151 6195
3264 11419 3090
3265 5248 243
3266 2361 2774
3267 8674 10362
3268 4836 9136
3269 11403 4417
3270 8122 11436
3271 9373 11561
3272 4337 11649
3273 10575 10054
3274 11041 6148
3275 8687 6668
3276 4547 8547
3277 11811 6134
3278 9693 5643
3279 8086 5450
3280 4265 5690
3281 1539 2208
3282 8601 10334
3283 1220 684
3284 11544 2135
3285 3379 11466
3286 7297 11861
3287 9443 10750
3288 7593 8624
3289 990 4509
3290 6190 10419
3291 1119 2116
3292 856 5351
3293 619 1737
3294 9140 6403
3295 2469 8415
3296 4753 11506
3297 8772 10520
3298 3459 8808
3299 2425 9964
3300 7601 2637
3301 1073 8692
3302 1291 6451
3303 1423 5179
3304 493 1676
3305 4956 1393
3306 931 6331
3307 7408 1408
3308 7183 7235
3309 2626 8165
3310 11334 860
3311 4471 5476
3312 5013 2341
3313 11450 8985
3314 10592 5275
3315 3158 2135
3316 3664 4408
3317 11280 7142
3318 8392 10734
3319 986 10408
3320 5139 10735
3321 10328 10090
3322 3840 3568
3323 1022 9199
3324 3568 6508
3325 2039 4796
3326 1284 9253
3327 837 8401
3328 10926 5915
3329 484 5075
3330 6940 3787
3331 8673 1426
3332 478 11302
3333 1229 7
3334 11162 9732
3335 6176 10763
3336 2603 9742
3337 5114 6306
3338 5078 5967
3339 3311 10703
3340 137 9688
3341 3798 7108
3342 5156 668
3343 4205 4637
3344 7952 11943
3345 9123 1163
3346 2308 11213
3347 7797 898
3348 10848 11306
3349 3600 3395
3350 11101 11373
3351 7184 2540
3352 8350 3472
3353 3570 2732
3354 4954 5010
3355 10292 5638
3356 10516 6300
3357 2153 1396
3358 6665 4389
3359 11051 2818
3360 11615 9818
3361 1263 1197
3362 724 2980
3363 4606 9221
3364 3558 2122
3365 10862 4765
3366 6358 3241
3367 5781 4946
3368 5165 6217
3369 6189 11424
3370 10492 2677
3371 9717 5800
3372 4609 5088
3373 5007 11255
3374 9728 8419
3375 3072 2987
3376 6232 10985
3377 3436 1943
3378 4524 6060
3379 4847 5277
3380 3954 10044
3381 9499 618
3382 3365 4852
3383 1826 4370
3384 1381 9765
3385 9806 4385
3386 6706 7279
3387 1433 3288
3388 9323 4778
3389 7041 1152
3390 10628 8181
3391 3415 4070
3392 8813 8283
3393 5089 8931
3394 8532 10569
3395 10692 4852
3396 10224 8720
3397 6905 5692
3398 11823 10575
3399 7359 8710
3400 534 3373
3401 4192 7913
3402 9164 11925
3403 143 8229
3404 2139 9629
3405 1749 2478
3406 10228 11735
3407 6208 10430
3408 7018 8877
3409 6717 1107
3410 1318 10134
3411 4592 8740
3412 7696 5696
3413 3449 7886
3414 5343 5420
3415 11833 1509
3416 7641 215
3417 2459 254
3418 8887 1368
3419 2170 2013
3420 7254 8838
3421 9553 7597
3422 7275 11254
3423 4228 11318
3424 8449 5405
3425 3773 4463
3426 171 7293
3427 7774 6982
3428 7894 11114
3429 4795 6941
3430 8475 10303
3431 11501 5761
3432 643 3475
3433 3421 5219
3434 6944 5729
3435 928 4546
3436 5218 9336
3437 390 6292
3438 3408 8198
3439 1401 4426
3440 3290 7641
3441 1708 4258
3442 1322 9600
3443 10122 5356
3444 6504 1853
3445 6292 6579
3446 4105 994
3447 509 5764
3448 1495 5089
3449 4123 1859
3450 11864 10660
3451 9577 3678
3452 4065 10332
3453 11776 11245
3454 3102 7122
3455 2063 8200
3456 11063 2969
3457 10353 11434
3458 3805 5603
3459 7940 11077
3460 3497 9568
3461 1200 6558
3462 4172 3402
3463 2892 11052
3464 8161 202
3465 616 5961
3466 2847 5406
3467 2195 3959
3468 11892 6576
3469 4291 5867
3470 11443 10474
3471 7865 6355
3472 11052 7014
3473 352 8325
3474 3247 1690
3475 11648 306
3476 4792 7610
3477 9192 11666
3478 10431 9911
3479 4770 11080
3480 10800 2462
3481 4399 7498
3482 6849 7856
3483 1993 8657
3484 8600 2951
3485 2005 2991
3486 9786 523
3487 5324 3148
3488 433 3795
3489 10130 8930
3490 914 8426
3491 11770 5364
3492 2404 1744
3493 11126 2820
3494 9017 5996
3495 9216 2829
3496 11950 11334
3497 7210 2749
3498 10196 6665
3499 5379 453
3500 7490 3262
3501 834 6452
3502 444 7575
3503 6341 5878
3504 4395 5312
3505 8296 418
3506 6700 7398
3507 9380 5511
3508 1619 11985
3509 5681 5875
3510 5846 3736
3511 517 6895
3512 8314 3442
3513 8303 5364
3514 8624 11900
3515 11438 4955
3516 11547 8814
3517 7491 10068
3518 5084 4245
3519 3341 7527
3520 3183 4490
3521 7915 10724
3522 6038 11256
3523 6098 3798
3524 8530 8182
3525 2886 956
3526 7913 8509
3527 2826 2705
3528 6618 3980
3529 11187 1039
3530 333 2696
3531 11457 10882
3532 67 3121
3533 7768 3040
3534 6658 1685
3535 3214 1208
3536 699 10903
3537 3369 10110
3538 2084 2839
3539 4803 7176
3540 6663 1253
3541 7963 6563
3542 838 2357
3543 1577 3183
3544 11553 5081
3545 7760 9629
3546 9285 2564
3547 338 11344
3548 5612 3073
3549 4539 10353
3550 1356 138
3551 3858 1682
3552 6073 11779
3553 27 5122
3554 5612 7700
3555 1200 10699
3556 2331 7466
3557 10946 5708
3558 10503 9668
3559 552 8187
3560 5778 7491
3561 10158 11408
3562 3924 11787
3563 3113 945
3564 11902 10137
3565 4073 1945
3566 11624 10952
3567 5345 1373
3568 3920 2034
3569 7119 4987
3570 7069 2447
3571 5012 9816
3572 10029 11630
3573 2104 9336
3574 8245 3633
3575 11863 21
3576 10494 1623
3577 7502 4397
3578 10281 4560
3579 1778 6425
3580 11154 11450
3581 5723 7002
3582 8829 852
3583 4410 5407
3584 2910 11521
3585 7655 5239
3586 2469 7289
3587 5188 2760
3588 6147 2230
3589 2405 9479
3590 5856 5106
3591 8971 8020
3592 9199 1872
3593 8313 10426
3594 1301 2564
3595 7438 169
3596 8652 5197
3597 6301 2962
3598 3944 7010
3599 3651 8442
3600 2673 4744
3601 2380 804
3602 8910 7099
3603 2889 11629
3604 9322 1322
3605 6185 10428
3606 11953 7604
3607 4414 8382
3608 6841 1299
3609 1719 4752
3610 1812 10598
3611 357 1108
3612 11011 9098
3613 11886 10438
3614 8634 133
3615 6632 8754
3616 7279 4215
3617 11226 2157
3618 2654 1257
3619 2019 11563
3620 8362 8030
3621 5228 9869
3622 4456 3496
3623 2020 7296
3624 7946 3915
3625 8901 9152
3626 11918 6536
3627 6230 6434
3628 3926 1639
3629 1686 3780
3630 1333 4470
3631 2937 5723
3632 2215 7774
3633 447 11450
3634 6142 1689
3635 10231 10673
3636 9532 54
3637 10604 5251
3638 9137 3066
3639 1698 7036
3640 7482 5472
3641 4205 8271
3642 6594 6001
3643 11447 8716
3644 8469 3042
3645 1289 10734
3646 8814 8572
3647 9766 11591
3648 6778 2401
3649 6444 1750
3650 7553 47
3651 5162 694
3652 6102 3756
3653 4404 2944
3654 4193 5139
3655 809 2137
3656 5473 1070
3657 4558 6901
3658 3279 9725
3659 9855 6033
3660 8816 8812
3661 10547 5270
3662 7073 7346
3663 4010 9653
3664 564 5636
3665 2300 9739
3666 10700 9953
3667 5251 5606
3668 3495 6593
3669 10155 4403
3670 7132 3102
3671 982 2675
3672 10915 5698
3673 7471 10627
3674 11375 7074
3675 10864 4774
3676 2768 4014
3677 2735 4661
3678 3303 3812
3679 6564 9420
3680 9425 2458
3681 4863 7962
3682 11672 8246
3683 4346 8272
3684 3870 2743
3685 633 5653
3686 3409 5399
3687 2313 10358
3688 8340 3272
3689 7547 7202
3690 1219 8674
3691 7592 11297
3692 4960 9141
3693 8599 10619
3694 7528 257
3695 4833 4557
3696 10233 11510
3697 9951 11485
3698 8331 10973
3699 7055 5868
3700 5046 5021
3701 10193 10694
3702 10947 7289
3703 4303 10045
3704 557 296
3705 9197 5099
3706 7895 183
3707 597 2118
3708 7469 6963
3709 1353 7839
3710 1871 3625
3711 11856 2470
3712 3487 5785
3713 4633 11404
3714 2678 245
3715 8473 5519
3716 386 387
3717 6677 5010
3718 11971 2205
3719 1162 11779
3720 804 11582
3721 11761 7784
3722 10756 11010
3723 5986 7805
3724 11425 1234
3725 9011 4960
3726 9070 3143
3727 5569 10316
3728 6466 6882
3729 7157 4428
3730 11800 3264
3731 3167 1547
3732 9934 3880
3733 2650 2886
3734 10265 10061
3735 4588 3094
3736 6684 9846
3737 10047 11684
3738 6567 4177
3739 1421 9459
3740 1745 6099
3741 3870 9119
3742 472 9433
3743 4458 7244
3744 3109 3020
3745 383 10987
3746 2024 4994
3747 8707 7773
3748 5619 2082
3749 184 5538
3750 5258 1480
3751 1952 7092
3752 8203 3779
3753 6288 11369
3754 9100 7365
3755 985 5522
3756 7911 8972
3757 927 8755
3758 7413 4783
3759 4675 2194
3760 5671 5306
3761 2449 11627
3762 3013 4766
3763 7664 6316
3764 1530 5761
3765 592 8195
3766 2940 357
3767 9561 2721
3768 8446 8116
3769 4802 2027
3770 9171 7663
3771 1009 10524
3772 214 7196
3773 2593 11069
3774 8888 733
3775 8028 4586
3776 553 5025
3777 1197 11347
3778 5582 4267
3779 10529 10800
3780 8509 276
3781 646 8332
3782 7504 8585
3783 3513 8423
3784 11909 9083
3785 1154 2970
3786 6970 7809
3787 8236 1662
3788 2532 8102
3789 3077 11667
3790 982 1613
3791 2201 7587
3792 9461 23
3793 154 8731
3794 10590 10727
3795 2149 7973
3796 4875 1777
3797 11626 9446
3798 3295 3450
3799 8818 10155
3800 8078 3360
3801 2220 4337
3802 5580 6511
3803 10456 9717
3804 6556 6400
3805 6033 11187
3806 460 10298
3807 9283 8916
3808 8407 10956
3809 4542 5043
3810 856 4594
3811 1850 10078
3812 668 405
3813 6393 557
3814 6402 5483
3815 3906 1211
3816 4077 8748
3817 7075 6485
3818 6448 2027
3819 6240 10747
3820 4119 6915
3821 8396 11127
3822 4355 1715
3823 11377 10478
3824 6732 8623
3825 9383 9216
3826 6348 8677
3827 8102 1967
3828 4797 3583
3829 11708 8348
3830 3500 2992
3831 2598 7186
3832 7839 4132
3833 11080 9016
3834 2760 304
3835 8390 6072
3836 1340 3649
3837 9004 4953
3838 2505 3822
3839 265 3168
3840 2214 10029
3841 9137 8770
3842 2099 1910
3843 1157 4393
3844 1005 6415
3845 2892 8681
3846 9515 8231
3847 7693 4481
3848 2481 7048
3849 7998 4758
3850 2017 4842
3851 1013 11898
3852 5652 714
3853 11403 7858
3854 8650 11343
3855 9445 5539
3856 1737 9058
3857 5915 8079
3858 5128 6081
3859 5992 11693
3860 3522 4725
3861 9481 4263
3862 3248 6905
3863 3968 9260
3864 4303 9383
3865 5536 405
3866 4017 6066
3867 1644 10046
3868 7072 6775
3869 6177 2357
3870 5326 8099
3871 11803 7732
3872 5790 9424
3873 1452 6748
3874 10342 1764
3875 185 5321
3876 2782 6491
3877 8390 10832
3878 10396 11356
3879 7637 8140
3880 11442 8417
3881 10585 10726
3882 7166 2483
3883 5601 783
3884 11004 6815
3885 9939 9673
3886 6890 6392
3887 8678 5230
3888 6689 11137
3889 2862 4500
3890 3773 9877
3891 3862 3209
3892 2731 8671
3893 4401 4186
3894 2187 6678
3895 5003 3977
3896 1378 4207
3897 2735 10278
3898 4484 7584
3899 6511 11572
3900 608 10330
3901 5484 1403
3902 6401 11210
3903 6932 1260
3904 9529 2031
3905 5862 3094
3906 4449 1493
3907 4751 1446
3908 7642 6428
3909 5791 4274
3910 9245 7681
3911 11781 11058
3912 3538 10130
3913 1986 11608
3914 495 6434
3915 10689 9652
3916 10464 10047
3917 8087 6924
3918 4521 2963
3919 513 3975
3920 1065 9838
3921 6261 1492
3922 5270 11434
3923 10757 1741
3924 1692 5174
3925 3954 7668
3926 7374 82
3927 2160 6718
3928 5067 3111
3929 8598 442
3930 7471 10597
3931 8762 6537
3932 308 2356
3933 915 9717
3934 3971 8150
3935 7956 7767
3936 11616 6175
3937 2339 9054
3938 10168 10323
3939 4860 2173
3940 4861 1427
3941 10542 6676
3942 209 9729
3943 4188 11620
3944 11725 7331
3945 6514 8510
3946 37 9883
3947 4189 1408
3948 8191 3026
3949 7391 4890
3950 261 2633
3951 3931 6084
3952 7590 9683
3953 2374 4151
3954 3381 4432
3955 8267 1584
3956 4510 6995
3957 4024 8925
3958 7111 1499
3959 3950 8046
3960 11241 11129
3961 11247 4536
3962 8417 8810
3963 6415 11344
3964 2417 10126
3965 7626 10090
3966 2913 2134
3967 9290 565
3968 5080 9814
3969 28 10383
3970 4772 7649
3971 2696 9188
3972 1493 9327
3973 10329 3109
3974 11294 11522
3975 4180 6313
3976 8199 1790
3977 7495 10542
3978 6127 4584
3979 656 6201
3980 3375 9993
3981 4554 4488
3982 1840 3778
3983 7352 2067
3984 6689 138
3985 8382 9169
3986 11078 217
3987 1257 4574
3988 5278 8959
3989 10190 7777
3990 5803 10128
3991 7156 5112
3992 3037 9374
3993 3223 6171
3994 5544 3484
3995 317 11151
3996 3048 9945
3997 6465 2839
3998 8759 4080
3999 2208 2689
4000 1160 3557
4001 5469 7082
4002 1354 11395
4003 3307 5530
4004 4026 11044
4005 170 11265
4006 3731 7381
4007 1748 8733
4008 4693 3726
4009 1254 11193
4010 7294 3036
4011 4289 1867
4012 3170 683
4013 6232 3979
4014 7079 715
4015 989 11691
4016 2750 1066
4017 1775 4775
4018 8782 5466
4019 4899 1089
4020 1677 4510
4021 4888 5224
4022 1144 6780
4023 5857 4020
4024 9623 4182
4025 1253 6982
4026 4068 3903
4027 5330 836
4028 1399 4165
4029 8046 7018
4030 2527 8672
4031 8660 11535
4032 7741 8895
4033 6082 3239
4034 4316 2023
4035 6588 10710
4036 5123 6444
4037 6039 9582
4038 3801 5643
4039 6794 228
4040 8659 2345
4041 10965 1426
4042 8194 11764
4043 4162 340
4044 1395 8229
4045 11391 1639
4046 10677 1111
4047 8538 9678
4048 4581 8820
4049 11792 7110
4050 7096 1470
4051 6946 9333
4052 2113 7313
4053 7532 4342
4054 4382 11530
4055 7879 3389
4056 981 2717
4057 1703 3568
4058 11372 11317
4059 4001 620
4060 1804 7558
4061 8983 8055
4062 11471 4402
4063 9775 10506
4064 11258 2894
4065 2195 7402
4066 391 2907
4067 541 8031
4068 11547 7903
4069 11819 10607
4070 5905 1974
4071 9020 10871
4072 6039 11567
4073 9428 2993
4074 4817 9421
4075 7839 11517
4076 10816 4995
4077 1586 10507
4078 3776 3806
4079 710 8953
4080 2893 359
4081 2053 1475
4082 11238 3798
4083 9843 11998
4084 1298 2167
4085 8573 3135
4086 7014 7851
4087 4151 416
4088 3899 3453
4089 11283 4663
4090 10992 472
4091 8461 1474
4092 5724 1553
4093 3696 2117
4094 5782 10831
4095 121 727
4096 4904 5403
4097 3528 3167
4098 6708 9934
4099 6070 5856
4100 2895 5829
4101 3479 9728
4102 4831 6493
4103 6535 2986
4104 2207 4466
4105 9312 335
4106 1003 4032
4107 9020 5342
4108 10620 11391
4109 8781 5631
4110 6051 3285
4111 8973 4112
4112 10863 7222
4113 7041 8545
4114 10604 10767
4115 6537 4800
4116 5806 1417
4117 11850 1713
4118 6473 5107
4119 5027 10855
4120 10906 4476
4121 11444 1292
4122 2140 3578
4123 9171 818
4124 5906 7126
4125 9118 6214
4126 307 1208
4127 4062 10063
4128 11456 11717
4129 1355 9179
4130 11262 5604
4131 387 1664
4132 11704 242
4133 6584 2711
4134 7879 7002
4135 4315 8753
4136 7431 2205
4137 5289 6916
4138 9484 3722
4139 4535 10638
4140 3755 4656
4141 9864 246
4142 4732 8307
4143 3273 8794
4144 11216 6017
4145 5031 10654
4146 2261 6195
4147 9433 6751
4148 3702 8659
4149 4857 9413
4150 1178 10553
4151 965 4105
4152 7568 7482
4153 10214 2219
4154 6255 9384
4155 5557 9948
4156 10154 4570
4157 9140 2397
4158 828 5331
4159 1015 11036
4160 3544 7121
4161 347 9023
4162 5171 623
4163 3254 6316
4164 275 10155
4165 8060 1589
4166 7146 11959
4167 11598 165
4168 3759 1172
4169 3316 2331
4170 224 1809
4171 3671 4294
4172 11417 6178
4173 9917 5314
4174 8886 2224
4175 8144 8677
4176 11447 11892
4177 7439 6285
4178 11880 4643
4179 1536 4393
4180 7643 4434
4181 1909 2310
4182 2250 7407
4183 9510 4909
4184 11174 4385
4185 10902 11280
4186 6965 3149
4187 11829 1527
4188 4712 1251
4189 4469 11627
4190 5480 931
4191 7282 3127
4192 8346 929
4193 7155 1181
4194 9109 10258
4195 9165 6298
4196 6552 3938
4197 1682 7080
4198 10689 5219
4199 2376 9557
4200 6763 9320
4201 3271 8143
4202 9699 623
4203 4573 4051
4204 10518 2174
4205 6437 8275
4206 2578 6113
4207 1960 125
4208 9230 11688
4209 11696 7239
4210 1598 7005
4211 2620 8495
4212 11153 3508
4213 9600 7459
4214 9047 8334
4215 6903 11200
4216 11266 11284
4217 9178 4212
4218 11082 11935
4219 10556 1950
4220 9557 959
4221 11047 289
4222 8015 121
4223 2273 4538
4224 8621 3295
4225 2261 2484
4226 522 8502
4227 7370 9514
4228 2023 11730
4229 10314 9973
4230 8787 5555
4231 6033 10499
4232 11748 2887
4233 11236 4926
4234 11530 9400
4235 4861 5770
4236 6576 131
4237 7714 4882
4238 2149 10740
4239 9782 1010
4240 2197 354
4241 751 9601
4242 149 5706
4243 1071 6870
4244 9814 11835
4245 833 8166
4246 11075 10879
4247 5619 3316
4248 6311 1836
4249 8956 11041
4250 8186 7875
4251 11847 5590
4252 7162 8080
4253 3246 6915
4254 1725 2533
4255 1479 7351
4256 6554 8456
4257 9941 13
4258 7275 9982
4259 6010 2616
4260 3769 55
4261 4028 5151
4262 3982 3889
4263 8293 10449
4264 9557 6099
4265 3853 1564
4266 4056 6047
4267 9552 11815
4268 10689 1665
4269 10783 1736
4270 3322 7512
4271 11101 6317
4272 6777 7509
4273 3116 1119
4274 10317 2917
4275 3652 9489
4276 10599 8614
4277 8466 3776
4278 477 249
4279 3817 4054
4280 1410 7845
4281 5015 5137
4282 2965 247
4283 5523 2817
4284 8237 444
4285 10091 5368
4286 703 3742
4287 11526 35
4288 11767 10802
4289 6733 1608
4290 10860 7118
4291 11805 36
4292 1643 7138
4293 11740 3066
4294 361 11273
4295 7252 629
4296 260 8912
4297 4045 9183
4298 2855 5441
4299 6659 1201
4300 8601 9834
4301 7079 5354
4302 5028 8117
4303 9407 7948
4304 3278 3043
4305 2759 4664
4306 1905 1400
4307 9789 10375
4308 5108 10975
4309 8645 4336
4310 5028 1891
4311 1399 7174
4312 6009 4121
4313 11627 25
4314 3528 9642
4315 3374 382
4316 7104 6164
4317 7701 7051
4318 4177 7804
4319 4960 3850
4320 5755 10087
4321 7175 5304
4322 9830 10157
4323 1647 3500
4324 3878 4365
4325 7966 6684
4326 7011 2260
4327 4524 10973
4328 10262 9445
4329 11473 4271
4330 1719 10038
4331 1922 2264
4332 6074 2180
4333 9533 275
4334 2159 2338
4335 10353 11997
4336 11769 9485
4337 4804 1261
4338 9694 8017
4339 10824 7395
4340 2549 9708
4341 11049 10865
4342 5049 7684
4343 2886 1835
4344 5005 9044
4345 5369 1527
4346 6207 9553
4347 1933 6956
4348 3148 5046
4349 949 5144
4350 11310 7823
4351 11285 3031
4352 11869 3380
4353 6197 11945
4354 9576 135
4355 2071 10836
4356 1384 7921
4357 11620 3575
4358 4612 11373
4359 4300 1999
4360 3387 6418
4361 6012 11654
4362 9602 5198
4363 8762 5806
4364 458 2179
4365 3101 4555
4366 235 5482
4367 5788 2977
4368 11074 4639
4369 5851 7070
4370 1259 10906
4371 10773 4215
4372 8683 9147
4373 4262 1986
4374 6469 3184
4375 8835 9406
4376 3704 10565
4377 1398 10516
4378 2008 10028
4379 2626 7356
4380 6255 3368
4381 11619 4791
4382 6373 5882
4383 2617 11700
4384 8320 9591
4385 3004 3087
4386 4487 11419
4387 11089 9048
4388 724 10769
4389 10953 8511
4390 7726 6619
4391 615 6030
4392 823 8248
4393 10167 4655
4394 7423 9126
4395 10500 10183
4396 11528 354
4397 4274 329
4398 5520 6840
4399 838 6423
4400 7108 7446
4401 6694 2234
4402 7476 1935
4403 9952 7115
4404 10604 4468
4405 7128 1376
4406 5271 10336
4407 8869 11872
4408 7012 8562
4409 7740 11308
4410 11356 9102
4411 4314 3983
4412 7377 740
4413 5311 5210
4414 1926 5539
4415 2995 1178
4416 2708 10649
4417 3609 9363
4418 7552 6418
4419 1040 627
4420 11057 11487
4421 5861 5430
4422 8343 6117
4423 8812 5744
4424 11728 9653
4425 727 10143
4426 5480 10991
4427 3178 8978
4428 5685 6047
4429 1854 5425
4430 7658 9469
4431 414 6644
4432 2209 3712
4433 6248 3
4434 10714 4481
4435 8325 7662
4436 828 8705
4437 8073 8688
4438 4412 2124
4439 10435 3278
4440 7635 6702
4441 7597 11496
4442 862 4175
4443 2558 10845
4444 7767 3471
4445 2666 2855
4446 393 2574
4447 100 7690
4448 1820 6994
4449 648 6938
4450 885 8000
4451 2708 9972
4452 11387 5811
4453 8260 8771
4454 8251 2482
4455 5178 11727
4456 4401 11480
4457 4151 4312
4458 11298 2771
4459 9512 877
4460 11121 9036
4461 7912 9728
4462 5419 4915
4463 4651 2358
4464 7631 2972
4465 10150 6571
4466 3726 3581
4467 10230 3703
4468 4949 10702
4469 9939 3084
4470 6912 6080
4471 1871 8043
4472 11242 11556
4473 6658 4739
4474 9531 7820
4475 11410 4698
4476 2315 10725
4477 1291 9283
4478 8432 10078
4479 4988 7925
4480 10834 586
4481 10301 7182
4482 1327 10188
4483 5918 10741
4484 9106 6654
4485 1523 8761
4486 7422 9632
4487 11761 9820
4488 1088 645
4489 10729 8233
4490 4273 10366
4491 4378 4500
4492 4616 3212
4493 859 2405
4494 10987 8604
4495 7090 3469
4496 5784 2970
4497 9449 5427
4498 10228 9458
4499 6483 7227
4500 11117 10985
4501 9723 7327
4502 10326 11738
4503 8383 1360
4504 3235 5090
4505 6840 1634
4506 9323 7585
4507 3215 4835
4508 10788 6206
4509 1984 8647
4510 7223 5908
4511 4456 8842
4512 229 1951
4513 5903 10340
4514 7513 6483
4515 1004 10591
4516 3222 3270
4517 896 8532
4518 11374 11959
4519 9258 6078
4520 9213 4841
4521 9777 7225
4522 9589 6040
4523 9240 4136
4524 2996 4997
4525 6078 10750
4526 1561 6361
4527 1454 7520
4528 9570 9488
4529 7883 10511
4530 11470 635
4531 9295 8747
4532 10761 9902
4533 8171 7798
4534 1868 6790
4535 8556 1455
4536 6408 9161
4537 3084 8312
4538 9484 3835
4539 504 10218
4540 7774 3908
4541 10678 6384
4542 2885 1540
4543 11434 1843
4544 6823 7018
4545 9863 6475
4546 8113 10656
4547 7596 8372
4548 10107 8636
4549 376 10681
4550 3470 8831
4551 7638 7174
4552 2643 1056
4553 4751 6812
4554 11070 8141
4555 1737 8519
4556 794 9805
4557 5202 10195
4558 4631 4914
4559 7148 3959
4560 2436 7983
4561 10735 7872
4562 2345 1532
4563 6984 11899
4564 8988 5524
4565 1022 7692
4566 2441 10325
4567 11307 7694
4568 4389 8238
4569 6835 3908
4570 5515 9837
4571 7375 4603
4572 10548 8172
4573 5600 6013
4574 5841 2901
4575 10432 5965
4576 10501 6799
4577 11774 5479
4578 10178 10853
4579 8555 9354
4580 4343 8772
4581 6691 2369
4582 5350 6354
4583 3842 3286
4584 5901 1321
4585 2787 11544
4586 1370 11041
4587 6050 7169
4588 1624 5400
4589 11670 3380
4590 1625 5342
4591 5822 8640
4592 9040 1142
4593 11146 4540
4594 4393 2087
4595 10407 9775
4596 4575 8649
4597 5350 5943
4598 7289 6071
4599 6164 11656
4600 1060 569
4601 3691 7766
4602 5190 5931
4603 10953 6862
4604 2070 10916
4605 6301 10191
4606 10280 8797
4607 7762 1003
4608 10522 3689
4609 3216 3362
4610 5649 4641
4611 11233 9722
4612 9651 3344
4613 8980 8005
4614 10247 2786
4615 9823 3331
4616 3600 3177
4617 5934 8764
4618 10041 6868
4619 1747 1022
4620 10561 2224
4621 696 2656
4622 10606 8538
4623 11921 6628
4624 5441 9367
4625 11241 4092
4626 731 8789
4627 993 1511
4628 9338 6094
4629 7978 9028
4630 3974 8747
4631 5113 11595
4632 2013 4657
4633 953 629
4634 11100 5112
4635 9365 8419
4636 6259 3273
4637 9985 799
4638 10465 7443
4639 1008 801
4640 10966 4406
4641 1460 7295
4642 2864 8654
4643 8668 6234
4644 1760 1232
4645 5556 10023
4646 2199 5685
4647 405 8458
4648 367 10794
4649 6954 10914
4650 1791 2902
4651 5162 3817
4652 2949 5762
4653 3548 11466
4654 1112 6314
4655 1316 1789
4656 4485 8846
4657 4851 8932
4658 9270 6709
4659 9957 11668
4660 3083 9596
4661 8125 1427
4662 8934 3711
4663 5822 8552
4664 8083 11517
4665 5415 9581
4666 3528 10958
4667 6111 7008
4668 8476 4477
4669 2732 7836
4670 525 1790
4671 1673 8471
4672 10544 11656
4673 5764 11984
4674 2670 7128
4675 5597 8059
4676 775 6074
4677 8765 9722
4678 855 1311
4679 10492 11766
4680 2540 5935
4681 6337 11359
4682 9825 7089
4683 4393 3684
4684 905 5971
4685 1698 9122
4686 11820 8334
4687 1050 2748
4688 4926 1233
4689 5247 10688
4690 256 5286
4691 5956 5175
4692 8313 9913
4693 6558 2591
4694 1145 6242
4695 11781 10017
4696 4379 240
4697 122 6148
4698 10124 6947
4699 11504 5384
4700 8142 7684
4701 460 103
4702 3980 3917
4703 10325 9854
4704 10448 11970
4705 9393 8354
4706 4878 5626
4707 7819 684
4708 5586 7281
4709 2265 981
4710 9626 4324
4711 6807 1680
4712 4147 1451
4713 1917 5447
4714 2665 3520
4715 3829 1666
4716 3154 8230
4717 4352 10263
4718 1668 8331
4719 156 7765
4720 9922 1781
4721 5250 2266
4722 2883 6821
4723 2758 11961
4724 2660 4244
4725 6012 8833
4726 5263 2076
4727 3281 10870
4728 448 8463
4729 8224 5868
4730 9502 949
4731 320 4461
4732 8772 8236
4733 3104 10991
4734 11485 11978
4735 3451 9316
4736 7851 6917
4737 4939 1760
4738 5175 1936
4739 307 5200
4740 8890 8442
4741 9470 9278
4742 11677 9834
4743 11209 11681
4744 6123 2852
4745 1542 5813
4746 10481 538
4747 1749 3866
4748 9755 5731
4749 5917 4952
4750 9918 2355
4751 821 5095
4752 8229 2535
4753 6962 4914
4754 2507 4288
4755 3416 39
4756 2824 5635
4757 11464 8726
4758 796 11092
4759 4006 302
4760 8304 9675
4761 8327 10467
4762 4032 3466
4763 6289 10102
4764 5315 81
4765 3337 6392
4766 2521 9890
4767 7647 11822
4768 6461 2658
4769 10437 10333
4770 1562 3549
4771 6179 644
4772 9044 7216
4773 4238 2478
4774 1592 8280
4775 3539 9431
4776 6063 1099
4777 7650 896
4778 2471 5145
4779 2886 10125
4780 11331 11473
4781 5788 9876
4782 2512 10765
4783 2510 7755
4784 5907 593
4785 5828 11535
4786 8320 1187
4787 10531 10228
4788 4178 10626
4789 2983 1817
4790 4639 4887
4791 294 107
4792 4622 10870
4793 4669 2287
4794 2 7288
4795 4520 754
4796 8006 5535
4797 7789 11993
4798 8918 7938
4799 2931 1802
4800 11326 6024
4801 5825 3455
4802 7065 2354
4803 9692 7268
4804 7205 6113
4805 4822 9964
4806 3930 1279
4807 8927 1926
4808 2024 4972
4809 8368 5420
4810 11254 8771
4811 10090 1326
4812 9904 11046
4813 2547 4782
4814 4289 6104
4815 1290 7423
4816 8993 854
4817 5011 6457
4818 6915 7711
4819 4471 8316
4820 147 5324
4821 9200 6323
4822 6573 8162
4823 6451 4431
4824 4653 2269
4825 9606 3540
4826 4806 11493
4827 10328 746
4828 8958 1382
4829 1032 2272
4830 11363 8649
4831 2824 3268
4832 10821 11103
4833 7768 7419
4834 516 9945
4835 7591 6451
4836 1513 3119
4837 8244 1181
4838 10384 1087
4839 4475 6418
4840 6750 1646
4841 7097 4588
4842 5816 8035
4843 10782 4006
4844 8009 5751
4845 9478 11281
4846 12 3080
4847 539 1178
4848 8436 10568
4849 1158 11148
4850 7528 9007
4851 7457 2251
4852 2506 4023
4853 3362 10206
4854 827 4931
4855 11738 4119
4856 8023 11867
4857 1574 2832
4858 8530 272
4859 4995 1862
4860 10138 4633
4861 10108 8851
4862 294 10728
4863 8419 2567
4864 11639 7867
4865 6901 1323
4866 1026 11134
4867 206 8198
4868 10308 6895
4869 9405 372
4870 9519 11062
4871 7342 8549
4872 9495 6890
4873 5143 6490
4874 3116 6935
4875 5692 11462
4876 8306 1085
4877 2191 5483
4878 8584 4057
4879 5668 11572
4880 5674 5856
4881 9641 497
4882 1160 10790
4883 3686 5961
4884 7156 2084
4885 11241 1578
4886 3968 5525
4887 10093 92
4888 10694 9719
4889 11464 7059
4890 4751 8746
4891 11397 4031
4892 11579 4619
4893 5127 6951
4894 4334 8412
4895 6094 6358
4896 2076 289
4897 8532 5785
4898 9449 4382
4899 892 6874
4900 3692 1235
4901 1675 2194
4902 7524 4889
4903 8825 10289
4904 431 6299
4905 5239 5497
4906 6746 321
4907 6417 10318
4908 3470 39
4909 1916 2202
4910 2526 7423
4911 238 2352
4912 5451 3405
4913 3715 2031
4914 8054 7608
4915 11524 9169
4916 3466 6744
4917 1593 6646
4918 2869 1591
4919 10290 5703
4920 1114 2237
4921 7184 6357
4922 2804 6809
4923 2041 11718
4924 3138 10481
4925 6328 3046
4926 1423 4984
4927 2831 5078
4928 8193 2870
4929 6117 11536
4930 5704 5293
4931 2230 1742
4932 466 1991
4933 222 9515
4934 1647 3076
4935 9734 1990
4936 9870 1002
4937 10855 2907
4938 6168 8434
4939 3369 1707
4940 9538 10264
4941 2225 2395
4942 7561 9983
4943 4780 3822
4944 10239 9482
4945 6866 8215
4946 1394 6987
4947 2309 3629
4948 10159 11132
4949 5251 3800
4950 4273 3048
4951 8221 4456
4952 6755 5088
4953 7722 6103
4954 8621 2090
4955 1123 1795
4956 3970 2855
4957 2219 6701
4958 11378 3512
4959 7989 7176
4960 8000 218
4961 11576 8213
4962 9889 7247
4963 1820 5548
4964 11211 5535
4965 139 9306
4966 596 7655
4967 4832 10046
4968 4351 6212
4969 3776 7716
4970 4327 4393
4971 2420 1164
4972 5642 2863
4973 1027 8099
4974 5201 6058
4975 11383 1157
4976 3688 1835
4977 2364 10267
4978 9676 4680
4979 4019 6199
4980 4134 11085
4981 8819 5013
4982 3408 5530
4983 11186 5695
4984 5830 5803
4985 1610 6458
4986 1938 10311
4987 7763 4328
4988 7949 9733
4989 8356 296
4990 4310 1427
4991 4240 4471
4992 1644 5078
4993 8461 6433
4994 10842 4623
4995 5801 7987
4996 5212 5387
4997 10618 4928
4998 1112 10545
4999 10723 3067
5000 5619 2913
5001 5392 10375
5002 1462 6497
5003 134 7862
5004 3370 1717
5005 9040 1539
5006 10903 8319
5007 2728 8008
5008 11574 7843
5009 8984 4844
5010 2246 8127
5011 10942 9132
5012 6951 9517
5013 8435 7112
5014 2149 1235
5015 4760 7354
5016 998 6117
5017 9592 10537
5018 931 465
5019 1802 10208
5020 2241 5099
5021 250 246
5022 7495 7361
5023 6380 1418
5024 9751 5809
5025 11174 7251
5026 4319 10648
5027 7412 8979
5028 3243 6515
5029 11176 646
5030 7481 11023
5031 9288 10578
5032 9260 3807
5033 8382 5073
5034 9093 8311
5035 11824 10391
5036 230 6958
5037 528 8553
5038 8608 11496
5039 9365 3768
5040 5835 9309
5041 5131 7386
5042 10572 10537
5043 5662 5253
5044 9412 7745
5045 9845 5964
5046 1771 3418
5047 8496 3566
5048 11623 10695
5049 8190 4896
5050 6684 8844
5051 7248 6103
5052 8186 9343
5053 8006 7633
5054 429 5748
5055 10853 3938
5056 6399 150
5057 9223 9655
5058 9697 40
5059 6971 4858
5060 10797 4920
5061 8486 1951
5062 1357 10760
5063 6304 2153
5064 11976 1368
5065 5180 3079
5066 11387 3561
5067 6139 3868
5068 1416 10385
5069 9624 7572
5070 10750 2503
5071 10713 1461
5072 6620 1884
5073 4461 91
5074 3025 1486
5075 10366 78
5076 1640 2917
5077 2189 2470
5078 956 11628
5079 7863 3970
5080 5104 3520
5081 3991 3996
5082 7027 776
5083 3171 8818
5084 1016 4398
5085 974 11102
5086 4650 8703
5087 7674 6766
5088 8777 6498
5089 556 882
5090 4067 11339
5091 6518 11693
5092 4161 8430
5093 1844 11174
5094 2531 6177
5095 1656 1910
5096 10917 11952
5097 387 5834
5098 973 2027
5099 9953 11050
5100 8221 6640
5101 2780 188
5102 10190 11070
5103 29 10920
5104 7917 1496
5105 1709 7379
5106 1203 2357
5107 11543 6870
5108 1886 10528
5109 10159 3123
5110 9885 764
5111 9629 6258
5112 9395 4564
5113 8223 10975
5114 2559 8365
5115 1497 11905
5116 4435 250
5117 8672 959
5118 8886 1390
5119 168 2223
5120 7855 9537
5121 5855 3162
5122 3808 7206
5123 6886 11595
5124 8633 7125
5125 4191 9341
5126 7110 10180
5127 3106 3870
5128 11755 4020
5129 11084 6515
5130 3636 2478
5131 8198 116
5132 6582 7420
5133 2850 10357
5134 4284 2723
5135 4927 9766
5136 307 8127
5137 4541 2518
5138 8434 5907
5139 5225 4245
5140 8031 45
5141 1869 7173
5142 4664 9523
5143 3692 10053
5144 5704 3055
5145 1992 5219
5146 5834 3822
5147 7729 6812
5148 7213 9292
5149 10869 8910
5150 11537 8034
5151 2683 11574
5152 315 6797
5153 7711 11558
5154 11832 2203
5155 2321 3936
5156 2376 4774
5157 5612 10068
5158 4255 10573
5159 1584 9166
5160 8914 11637
5161 11082 1144
5162 2447 4498
5163 1367 3887
5164 11839 5249
5165 2823 4684
5166 8140 3891
5167 6224 7408
5168 44 1729
5169 6405 6950
5170 9380 6430
5171 3039 10515
5172 9649 7647
5173 2102 9351
5174 1932 10441
5175 1313 11100
5176 11639 1141
5177 6266 8035
5178 10593 7307
5179 4461 8168
5180 9961 4339
5181 5535 8357
5182 1971 4561
5183 7457 364
5184 6258 6105
5185 5941 8807
5186 1516 6692
5187 6258 8878
5188 1171 10660
5189 6064 1584
5190 4830 7195
5191 4546 7627
5192 7454 4712
5193 1168 1780
5194 4284 2241
5195 11060 4096
5196 4379 6915
5197 6384 2269
5198 920 5686
5199 6600 6370
5200 3684 9084
5201 10233 10128
5202 4041 410
5203 2280 7753
5204 9060 11355
5205 11905 9986
5206 6106 2877
5207 11142 4185
5208 873 9892
5209 757 6944
5210 8143 5962
5211 2405 762
5212 9445 6387
5213 5681 1613
5214 2445 3207
5215 10328 9026
5216 7743 2616
5217 3139 5603
5218 8209 10563
5219 11087 7384
5220 3373 6474
5221 6039 5308
5222 2891 2594
5223 3369 6120
5224 10392 10057
5225 7309 5416
5226 3881 4977
5227 7691 1651
5228 5372 4012
5229 1899 4833
5230 5746 6236
5231 8707 1633
5232 5864 1672
5233 3262 6199
5234 162 263
5235 10839 1948
5236 5694 5880
5237 1096 3029
5238 9023 1351
5239 5473 6235
5240 904 7426
5241 7355 1382
5242 5595 5146
5243 10503 6763
5244 7173 2684
5245 8650 5830
5246 9708 4396
5247 7021 1451
5248 5112 355
5249 525 8171
5250 10950 2670
5251 2284 5482
5252 10699 11916
5253 7621 5770
5254 11667 10624
5255 6708 1070
5256 6649 11268
5257 9799 10699
5258 9271 10424
5259 10570 9168
5260 6733 11702
5261 228 10413
5262 1549 3241
5263 8526 3035
5264 11082 7105
5265 11118 10921
5266 6463 1678
5267 7100 7647
5268 8269 5889
5269 10801 9078
5270 189 6522
5271 9278 8797
5272 11949 5943
5273 6800 9329
5274 8948 5213
5275 5249 10677
5276 5676 3317
5277 3961 3244
5278 1748 11305
5279 10729 1671
5280 3215 7107
5281 4972 6613
5282 2560 7687
5283 7133 2521
5284 2284 963
5285 7531 2867
5286 7066 11560
5287 10982 7604
5288 10344 1747
5289 10133 3246
5290 5593 9003
5291 9491 4719
5292 7723 5478
5293 8477 7557
5294 9615 8622
5295 11021 5458
5296 1414 9194
5297 1279 2308
5298 4400 5902
5299 9292 3666
5300 4350 4025
5301 11971 9720
5302 8688 2177
5303 10490 2999
5304 2204 11226
5305 10490 7799
5306 5023 4766
5307 4372 11328
5308 3278 6469
5309 6176 8065
5310 2554 3709
5311 2255 7057
5312 3544 9942
5313 9011 47
5314 2259 4569
5315 2706 3794
5316 1372 963
5317 10463 10919
5318 4395 9704
5319 10695 11638
5320 6438 236
5321 6416 3200
5322 7465 6017
5323 4435 5997
5324 7102 7166
5325 3207 4013
5326 5987 1834
5327 3851 4151
5328 11808 3738
5329 5473 5282
5330 4653 6144
5331 7174 3596
5332 5467 2667
5333 453 8868
5334 487 974
5335 528 6780
5336 6622 1378
5337 8612 1725
5338 6732 2823
5339 5718 10723
5340 2460 7868
5341 5591 4503
5342 4656 11475
5343 10505 10448
5344 7781 1115
5345 4208 10029
5346 5295 4987
5347 566 3472
5348 5470 5352
5349 6943 6908
5350 8581 1174
5351 2731 888
5352 1233 10409
5353 5400 3618
5354 4561 10462
5355 2293 10496
5356 1531 3149
5357 4117 7516
5358 7769 3537
5359 1389 3337
5360 7444 5118
5361 3218 5260
5362 4410 7509
5363 10297 1793
5364 11351 7428
5365 674 4682
5366 6614 1418
5367 5034 6511
5368 9400 1187
5369 1375 8175
5370 5784 6858
5371 1964 7148
5372 11036 5485
5373 3720 8107
5374 11675 10301
5375 5824 8086
5376 10316 9523
5377 773 11451
5378 8461 2396
5379 2273 10541
5380 10771 7668
5381 11831 4314
5382 6289 9452
5383 7198 7012
5384 9284 11666
5385 9998 5244
5386 7047 1599
5387 1162 2121
5388 1336 3459
5389 5167 8552
5390 117 4635
5391 10253 8630
5392 9825 648
5393 1314 2606
5394 9115 4733
5395 6118 7002
5396 1552 11420
5397 11197 6001
5398 741 3985
5399 7786 325
5400 8614 3693
5401 475 9686
5402 8725 9670
5403 3617 4428
5404 8318 246
5405 5314 11483
5406 7275 7809
5407 7728 10605
5408 7139 164
5409 9159 2720
5410 2146 3113
5411 7996 7485
5412 1811 291
5413 6904 8250
5414 10029 3575
5415 3830 442
5416 11944 5335
5417 9026 10429
5418 10641 9338
5419 10322 2229
5420 579 1358
5421 5452 3540
5422 8047 8720
5423 1843 6118
5424 3770 1308
5425 5280 5519
5426 5916 3980
5427 7917 8451
5428 10187 5701
5429 11904 3271
5430 11670 6646
5431 5179 7162
5432 3174 9674
5433 927 10831
5434 7477 5423
5435 11435 11026
5436 3822 9975
5437 11357 8897
5438 11973 4646
5439 5138 10638
5440 9586 9574
5441 1321 9570
5442 5552 5246
5443 8627 8304
5444 903 11471
5445 8901 7355
5446 9859 5306
5447 8498 3703
5448 7543 11862
5449 765 6357
5450 5798 2301
5451 11935 3919
5452 3322 9092
5453 9770 10794
5454 10140 4822
5455 9672 6341
5456 3244 2019
5457 2979 1644
5458 11679 10857
5459 5761 1270
5460 11606 10671
5461 11003 4458
5462 8388 9919
5463 8283 1314
5464 9610 4071
5465 10003 10582
5466 7131 7013
5467 9963 146
5468 602 9197
5469 2021 7843
5470 8073 5007
5471 8815 857
5472 5277 5691
5473 4256 1939
5474 6183 180
5475 4635 860
5476 11900 10113
5477 7035 9485
5478 3163 7914
5479 4633 4479
5480 5331 7186
5481 2228 5100
5482 3713 5631
5483 7524 1275
5484 9210 6465
5485 9634 5943
5486 9859 10506
5487 4467 7698
5488 5233 3183
5489 2877 5585
5490 5564 1307
5491 6643 2873
5492 11721 6878
5493 4618 3714
5494 3038 9131
5495 8791 233
5496 7887 11675
5497 3722 11435
5498 8660 5214
5499 3467 10765
5500 11163 8391
5501 11686 10544
5502 5432 4951
5503 9181 4783
5504 10653 6620
5505 11609 2374
5506 891 8382
5507 4910 9304
5508 8063 4823
5509 345 2945
5510 9793 1966
5511 7877 4517
5512 1090 610
5513 2257 4904
5514 6921 11619
5515 4475 6689
5516 1398 7909
5517 2096 11849
5518 10604 4536
5519 6785 2794
5520 2273 3224
5521 1355 8842
5522 9632 4612
5523 5572 7702
5524 10350 2497
5525 3480 3154
5526 7254 10550
5527 2595 5580
5528 1582 7629
5529 667 10316
5530 10832 6770
5531 11792 8201
5532 8814 2601
5533 3537 8147
5534 4612 8243
5535 5492 11291
5536 11989 3594
5537 10784 5497
5538 543 5095
5539 10231 8249
5540 9218 4860
5541 1923 9556
5542 3974 6852
5543 552 3166
5544 10419 3720
5545 8963 11424
5546 2851 6396
5547 9712 11275
5548 9591 1286
5549 9933 9453
5550 9964 3427
5551 5955 5254
5552 3704 10682
5553 9485 9022
5554 4252 4920
5555 4645 10660
5556 1587 10716
5557 337 9091
5558 2980 3093
5559 8065 8823
5560 9968 3664
5561 1390 2453
5562 8211 750
5563 7979 7648
5564 158 6305
5565 5855 11845
5566 530 155
5567 9651 6729
5568 1110 5917
5569 11207 10288
5570 5160 7450
5571 7904 10186
5572 8114 2766
5573 4046 219
5574 11562 1264
5575 8796 2049
5576 7267 5094
5577 11891 7865
5578 3875 10602
5579 4476 3813
5580 7068 2732
5581 2825 5741
5582 5791 11804
5583 9039 3930
5584 6967 11032
5585 4775 7701
5586 2354 10341
5587 10446 4497
5588 10318 11955
5589 7309 8348
5590 559 10480
5591 11498 7039
5592 1894 1559
5593 9423 6809
5594 1407 5494
5595 9097 3676
5596 4799 547
5597 1676 8463
5598 7865 6743
5599 8574 1079
5600 9214 9685
5601 4552 7984
5602 205 7211
5603 3971 8479
5604 10337 5147
5605 8639 8759
5606 10971 1522
5607 4121 10273
5608 8148 10677
5609 11926 1072
5610 8130 2443
5611 3918 6256
5612 5473 9523
5613 2948 5151
5614 2707 9788
5615 1985 2788
5616 10496 9112
5617 10868 4628
5618 11558 6373
5619 5288 8123
5620 1870 4304
5621 3271 7283
5622 1664 7629
5623 4191 10795
5624 3423 6552
5625 6183 11835
5626 6178 11431
5627 6776 5265
5628 10227 2177
5629 10410 7521
5630 9242 2371
5631 10986 9495
5632 8376 11010
5633 10264 9548
5634 3850 7047
5635 8273 5599
5636 3696 11390
5637 2726 3817
5638 8592 6096
5639 11971 2258
5640 11510 988
5641 345 3865
5642 4649 3018
5643 9322 158
5644 2104 10841
5645 8540 6240
5646 9472 11537
5647 8846 3184
5648 1227 1773
5649 1159 1110
5650 8008 627
5651 2269 2878
5652 6103 2890
5653 10043 7819
5654 11368 3188
5655 710 10016
5656 3663 6670
5657 2124 8334
5658 1439 6186
5659 3244 8405
5660 4445 9653
5661 2388 1080
5662 4681 6253
5663 1828 10591
5664 2483 6645
5665 11509 6782
5666 10783 4550
5667 4098 1728
5668 9529 2058
5669 11947 3234
5670 393 8816
5671 11676 8930
5672 3682 4465
5673 9951 10388
5674 9994 6408
5675 217 8736
5676 10006 3146
5677 8637 776
5678 9260 539
5679 2814 3217
5680 9754 6729
5681 9950 10959
5682 4539 7194
5683 3184 7524
5684 6112 8922
5685 6098 1029
5686 2590 7113
5687 8254 2725
5688 2965 9158
5689 93 11990
5690 10464 492
5691 8032 1017
5692 10822 1174
5693 2533 395
5694 5208 976
5695 5794 2767
5696 5412 349
5697 2915 3614
5698 10034 10458
5699 1677 3948
5700 8718 1969
5701 1233 92
5702 6314 7960
5703 10277 8485
5704 5356 8324
5705 8328 6633
5706 7064 310
5707 1618 10172
5708 1413 3786
5709 8075 9409
5710 3738 8792
5711 2388 1541
5712 8740 9180
5713 5886 966
5714 4631 7009
5715 3726 5536
5716 9495 7371
5717 3053 3820
5718 5923 5376
5719 1907 8295
5720 11425 4681
5721 7488 3829
5722 9858 11023
5723 10583 5278
5724 11917 10021
5725 3009 3621
5726 3153 9719
5727 261 4365
5728 8443 8546
5729 4643 4856
5730 1099 912
5731 5619 11609
5732 2912 9799
5733 10182 9049
5734 6273 8716
5735 1052 10678
5736 3320 7761
5737 1029 4457
5738 8604 5896
5739 7934 8237
5740 4649 6704
5741 110 9660
5742 7810 7751
5743 6551 382
5744 11420 4696
5745 8800 1552
5746 9288 6770
5747 6991 10116
5748 7715 4690
5749 2230 8573
5750 1551 11308
5751 4903 4290
5752 5919 6704
5753 9307 7888
5754 11165 1331
5755 1213 9491
5756 7386 6646
5757 2763 10742
5758 5427 2411
5759 1372 8773
5760 2646 2763
5761 3201 9239
5762 616 6319
5763 11299 3944
5764 4846 4992
5765 9719 3340
5766 6959 10701
5767 3213 6599
5768 7505 8926
5769 9882 8305
5770 3432 5068
5771 2238 9183
5772 1341 3691
5773 2538 2238
5774 8102 7315
5775 7800 6749
5776 1222 11020
5777 133 8694
5778 3519 8886
5779 63 779
5780 7607 202
5781 10671 5815
5782 1930 798
5783 1411 8293
5784 7281 3858
5785 609 1195
5786 8196 4492
5787 7141 4506
5788 4070 10709
5789 2017 2568
5790 648 2743
5791 2805 5731
5792 7026 8345
5793 2099 8462
5794 5311 7392
5795 7769 267
5796 10389 11438
5797 6679 4298
5798 9067 2340
5799 977 10386
5800 4711 6626
5801 3952 9213
5802 7570 1573
5803 3486 1719
5804 8795 11300
5805 5898 1818
5806 3998 7442
5807 11265 11666
5808 10540 11340
5809 7880 2055
5810 8966 8608
5811 8132 8537
5812 11647 7400
5813 7129 4466
5814 9332 2348
5815 5715 3342
5816 1372 4668
5817 2978 7491
5818 9161 1511
5819 8838 755
5820 10225 7481
5821 1833 9369
5822 8440 8001
5823 7288 2541
5824 11619 9023
5825 10409 1529
5826 4593 3451
5827 10162 11004
5828 6149 3603
5829 4067 3256
5830 3619 1249
5831 9237 8002
5832 7997 4350
5833 11258 1735
5834 6334 4660
5835 1875 3877
5836 6274 405
5837 519 8940
5838 3984 11575
5839 5004 5808
5840 11916 3945
5841 9571 10254
5842 5190 8808
5843 990 9228
5844 5365 4353
5845 10737 8991
5846 8870 2393
5847 9313 11836
5848 2039 7714
5849 3849 6494
5850 11929 7167
5851 7258 10122
5852 6436 11945
5853 810 5840
5854 5972 5867
5855 6290 2537
5856 1929 7914
5857 900 2041
5858 2444 319
5859 1248 10419
5860 10354 4182
5861 11199 8690
5862 9948 5541
5863 5718 4241
5864 539 2348
5865 113 1794
5866 7366 9217
5867 6139 10716
5868 9666 9071
5869 9557 3045
5870 11830 4164
5871 1996 8352
5872 8870 5466
5873 706 2985
5874 11366 5369
5875 10199 773
5876 5492 4420
5877 1712 7011
5878 4432 618
5879 9230 1186
5880 11349 5184
5881 4612 3552
5882 9814 6986
5883 4192 648
5884 3521 299
5885 3683 4939
5886 5901 2224
5887 567 7160
5888 458 498
5889 8443 6781
5890 8814 5679
5891 7303 7312
5892 437 5568
5893 7118 4261
5894 926 10848
5895 225 11376
5896 6594 8778
5897 11955 11543
5898 4937 3581
5899 6278 7391
5900 11910 11015
5901 1082 962
5902 5656 393
5903 5980 4549
5904 348 75
5905 3126 2673
5906 2791 4565
5907 3636 7806
5908 613 5115
5909 1888 2862
5910 642 3117
5911 10007 1406
5912 1101 10284
5913 7017 11374
5914 3636 4155
5915 5880 9293
5916 4543 9497
5917 4538 5687
5918 9815 10224
5919 5163 1273
5920 5386 3653
5921 7649 5951
5922 9360 6677
5923 3444 8129
5924 3976 2623
5925 11998 2642
5926 3976 1270
5927 5073 8954
5928 1740 6256
5929 5302 8451
5930 9405 4027
5931 5445 4163
5932 1459 3265
5933 5343 4069
5934 5405 345
5935 4033 1378
5936 6602 6367
5937 6024 5991
5938 8046 725
5939 2354 2184
5940 4846 1668
5941 11866 10332
5942 4152 5191
5943 1936 6070
5944 7727 4454
5945 8842 296
5946 6497 8173
5947 5081 742
5948 3745 11681
5949 3272 4785
5950 4585 3054
5951 7248 4215
5952 5135 6601
5953 9420 2288
5954 1258 11457
5955 942 6804
5956 11273 9566
5957 2291 301
5958 9412 1412
5959 8440 11293
5960 3085 8037
5961 11725 9828
5962 10022 5729
5963 3037 1950
5964 1393 10436
5965 8250 6084
5966 2128 200
5967 11961 1047
5968 2526 165
5969 9157 9150
5970 8177 9539
5971 2396 3650
5972 8100 6447
5973 2202 2609
5974 2184 5610
5975 552 50
5976 4849 4264
5977 9978 11482
5978 8765 6593
5979 2887 7869
5980 11064 1738
5981 5576 11538
5982 7063 5237
5983 8398 3204
5984 10789 467
5985 2545 6666
5986 7123 535
5987 11932 3761
5988 5300 1643
5989 2473 10549
5990 7082 5305
5991 4800 4873
5992 7183 757
5993 3161 10309
5994 2759 9566
5995 5944 10312
5996 11916 7698
5997 11684 763
5998 6843 6787
5999 11524 2482
6000 5091 186
6001 9655 8369
6002 4099 9872
6003 1571 2222
6004 9669 3012
6005 9935 8932
6006 1078 7770
6007 8950 3690
6008 9674 5938
6009 8946 2867
6010 1524 4580
6011 6999 1717
6012 6664 135
6013 686 5875
6014 9916 5234
6015 3807 3156
6016 1017 9373
6017 702 2347
6018 11131 508
6019 1539 7520
6020 11670 788
6021 8408 6284
6022 3657 11345
6023 11472 888
6024 4094 11872
6025 3327 9840
6026 1533 7403
6027 3447 3961
6028 4053 11794
6029 4866 3567
6030 1880 8668
6031 6563 4144
6032 11338 7569
6033 8803 3134
6034 3245 4983
6035 10889 2287
6036 9584 3063
6037 4095 8390
6038 2681 302
6039 6721 8320
6040 7383 5531
6041 9104 6180
6042 8395 748
6043 569 6455
6044 11563 3380
6045 738 6081
6046 2483 10919
6047 1794 1189
6048 10231 11825
6049 1673 160
6050 854 5811
6051 8146 4498
6052 2561 8067
6053 5667 5270
6054 3124 9265
6055 648 3794
6056 8316 11221
6057 5661 5623
6058 4308 7902
6059 7581 547
6060 1352 694
6061 6563 3613
6062 9353 8493
6063 3962 10434
6064 1458 11910
6065 7188 1909
6066 4705 9918
6067 3576 4320
6068 10820 10140
6069 3680 8932
6070 1337 7479
6071 8183 5773
6072 9092 1420
6073 2696 9672
6074 4908 1279
6075 1006 1053
6076 2486 4038
6077 1346 9498
6078 817 10501
6079 302 10924
6080 6663 5472
6081 2387 10748
6082 7494 7351
6083 7680 11188
6084 2783 1773
6085 7314 8667
6086 8706 10429
6087 10563 7195
6088 7422 9983
6089 9307 10481
6090 9872 3607
6091 10214 9900
6092 8864 9573
6093 11674 8943
6094 3044 331
6095 8650 6048
6096 4725 10247
6097 6495 9814
6098 2500 1609
6099 4149 7119
6100 3620 8074
6101 5729 8416
6102 6924 5294
6103 5729 8716
6104 3534 5444
6105 3162 2771
6106 4429 8071
6107 6683 1033
6108 4742 11344
6109 3151 9708
6110 2848 3833
6111 721 7574
6112 207 6913
6113 3821 5076
6114 830 11083
6115 8166 2218
6116 4063 5832
6117 2112 7970
6118 7286 10923
6119 7426 10705
6120 4929 144
6121 3110 2726
6122 4152 11710
6123 8897 5952
6124 1771 9182
6125 4809 6297
6126 5510 3549
6127 4983 1479
6128 9355 10578
6129 10874 6881
6130 4474 2004
6131 10907 69
6132 6173 8566
6133 10107 7305
6134 8071 5901
6135 10312 1264
6136 1340 10373
6137 3199 9215
6138 11584 10099
6139 3908 11999
6140 9598 11901
6141 6744 1511
6142 1850 7227
6143 2816 873
6144 7421 6458
6145 10388 1062
6146 10019 7876
6147 5106 8536
6148 11365 9034
6149 11537 10654
6150 8139 10805
6151 6689 8399
6152 10535 5699
6153 3222 7116
6154 10427 7127
6155 9578 3339
6156 1086 820
6157 3582 4622
6158 4027 8535
6159 11864 8192
6160 11631 1297
6161 4589 3374
6162 11676 9281
6163 11261 1542
6164 1615 2137
6165 9769 6038
6166 9646 8826
6167 6 6302
6168 9704 8476
6169 8236 1570
6170 5395 11557
6171 7329 7308
6172 7892 4945
6173 1336 5067
6174 5910 6446
6175 2224 8611
6176 2916 11521
6177 11906 1038
6178 4457 3867
6179 9745 8527
6180 7157 10144
6181 5176 6324
6182 2329 8656
6183 1263 529
6184 4630 8814
6185 11761 881
6186 185 7915
6187 11124 7362
6188 7020 6945
6189 5400 3281
6190 9305 7809
6191 6644 6302
6192 4892 3715
6193 11542 2559
6194 123 3486
6195 7590 8277
6196 651 11180
6197 11960 10550
6198 46 1170
6199 11933 660
6200 9413 1417
6201 8565 6649
6202 4406 9994
6203 5714 5729
6204 11611 229
6205 11101 9788
6206 9047 2823
6207 2848 1772
6208 11933 1091
6209 3098 260
6210 10910 423
6211 963 6019
6212 3453 5429
6213 1478 998
6214 2431 6200
6215 2246 10668
6216 8103 1248
6217 1418 235
6218 887 3909
6219 6571 6288
6220 9902 11305
6221 397 6954
6222 7333 6875
6223 1412 11096
6224 1099 10971
6225 1107 2357
6226 3390 3107
6227 4846 2678
6228 8883 1752
6229 3576 5407
6230 6436 3154
6231 11898 11234
6232 3153 5897
6233 4123 1198
6234 9484 8070
6235 9747 11837
6236 11532 5349
6237 10471 1990
6238 2792 10536
6239 10063 10633
6240 2013 7441
6241 5572 2104
6242 8915 10920
6243 9910 11791
6244 912 5524
6245 6487 3544
6246 2145 9590
6247 2604 3361
6248 4296 10637
6249 7951 7713
6250 2871 6338
6251 4982 2773
6252 6795 11427
6253 8880 1899
6254 5102 4408
6255 11783 1709
6256 11331 872
6257 5792 827
6258 9044 8739
6259 274 10851
6260 924 11405
6261 8478 9730
6262 7063 5569
6263 23 10686
6264 996 11787
6265 11486 9003
6266 5098 5635
6267 8465 1898
6268 8110 7879
6269 10697 3784
6270 4289 7244
6271 7800 7140
6272 11018 8947
6273 542 11872
6274 7183 11303
6275 7241 5840
6276 1486 5245
6277 9019 10007
6278 3228 8155
6279 10274 7314
6280 1531 3147
6281 4689 2118
6282 6356 11725
6283 2717 10155
6284 1146 11402
6285 10470 6297
6286 9879 3110
6287 2389 670
6288 1369 4048
6289 10967 3536
6290 6097 158
6291 10336 7688
6292 1277 541
6293 9076 10634
6294 3584 1427
6295 11613 7894
6296 10372 1060
6297 2464 2600
6298 4435 9816
6299 9425 1081
6300 8381 1669
6301 2460 672
6302 8176 11361
6303 5258 6492
6304 3068 4537
6305 3485 597
6306 5094 1915
6307 10983 9578
6308 7801 10272
6309 2714 8442
6310 10349 10383
6311 97 2367
6312 11440 7752
6313 1180 9875
6314 3858 3249
6315 7871 10937
6316 8455 7469
6317 1441 326
6318 2790 10297
6319 580 6310
6320 4381 5462
6321 5500 6024
6322 8981 9039
6323 5218 7813
6324 5242 3970
6325 5014 383
6326 5287 10607
6327 10786 9810
6328 9049 10327
6329 9004 6192
6330 9390 11914
6331 4109 434
6332 5247 6421
6333 3890 8117
6334 2703 11948
6335 10796 8341
6336 8421 11434
6337 1384 11171
6338 10926 1863
6339 872 5813
6340 961 10045
6341 1314 11923
6342 919 9150
6343 10994 7482
6344 516 2318
6345 10283 8298
6346 7533 10661
6347 557 10886
6348 7881 11949
6349 10406 1088
6350 10008 5989
6351 1511 1028
6352 9213 6589
6353 195 11975
6354 6511 11896
6355 3619 5244
6356 9645 2324
6357 942 1111
6358 6628 3447
6359 6951 5142
6360 8587 7607
6361 10255 2720
6362 3876 11643
6363 9518 11250
6364 5848 1687
6365 2091 5788
6366 7809 5897
6367 1643 8989
6368 10777 8880
6369 2082 2916
6370 1424 10382
6371 4016 7577
6372 123 3175
6373 10829 9121
6374 3347 11173
6375 8910 7211
6376 6474 3558
6377 957 2859
6378 5303 5652
6379 1062 7224
6380 469 2794
6381 6715 2101
6382 3303 11894
6383 3984 4275
6384 5767 19
6385 10995 6377
6386 2761 927
6387 5795 768
6388 1783 2610
6389 8150 3369
6390 8536 7775
6391 6361 4504
6392 5098 9215
6393 9047 572
6394 8208 3853
6395 1825 1829
6396 5366 11936
6397 10415 2047
6398 6042 10994
6399 5543 7420
6400 4 8432
6401 8626 1961
6402 4077 922
6403 9695 1717
6404 2468 7645
6405 8804 6269
6406 9183 11370
6407 5077 2191
6408 9748 3226
6409 7027 9344
6410 2804 10044
6411 6869 3638
6412 9676 857
6413 4999 9945
6414 4600 2025
6415 2003 4432
6416 3990 1540
6417 3484 9949
6418 3926 7331
6419 6342 9574
6420 7193 9535
6421 4879 6861
6422 4029 360
6423 7656 2658
6424 10759 3285
6425 6351 941
6426 11700 5443
6427 4870 5711
6428 1395 946
6429 6234 10109
6430 685 10134
6431 9476 3287
6432 7235 2704
6433 3829 3244
6434 3896 4819
6435 6978 1994
6436 3752 5160
6437 9918 3137
6438 1229 3916
6439 3512 439
6440 8928 7912
6441 9223 11293
6442 6176 10064
6443 5654 9568
6444 11335 11744
6445 10189 3571
6446 9824 9047
6447 10088 3892
6448 3288 1815
6449 11185 260
6450 10141 5143
6451 8185 6095
6452 6471 9914
6453 4498 10386
6454 4784 7806
6455 1242 8874
6456 4555 1838
6457 4975 7972
6458 10389 5715
6459 9995 8170
6460 2523 11549
6461 11147 8362
6462 8010 10538
6463 6311 10901
6464 427 7216
6465 11331 980
6466 2843 7994
6467 4393 1063
6468 3736 5295
6469 10497 11544
6470 2936 3092
6471 2392 7922
6472 7179 5754
6473 3062 9048
6474 3051 4359
6475 10508 9930
6476 11216 7371
6477 287 10433
6478 11868 1727
6479 669 10741
6480 1829 3251
6481 5841 3083
6482 1219 1593
6483 9112 1897
6484 10955 7931
6485 11605 9735
6486 2324 10223
6487 11146 8599
6488 2923 3345
6489 8400 11136
6490 2638 11136
6491 4752 767
6492 1176 11780
6493 8144 9082
6494 5663 1965
6495 11889 8636
6496 931 5040
6497 8822 2174
6498 8799 1156
6499 11117 10553
6500 9261 939
6501 2123 8309
6502 9260 7642
6503 500 6401
6504 6123 10556
6505 5226 1133
6506 1328 4761
6507 9562 10279
6508 11244 7548
6509 2519 9396
6510 374 5608
6511 8654 148
6512 448 2
6513 10529 10595
6514 7150 9810
6515 3640 10939
6516 10541 5747
6517 4117 10454
6518 3135 1555
6519 3702 2738
6520 6285 6224
6521 6883 11304
6522 7274 11114
6523 4892 425
6524 125 2688
6525 3203 9329
6526 4895 1060
6527 8125 5164
6528 2275 7100
6529 3243 2689
6530 10855 10592
6531 11912 1173
6532 7280 13
6533 11110 4071
6534 10792 5822
6535 1052 8159
6536 1988 3900
6537 3417 10921
6538 726 6971
6539 8120 8211
6540 5589 11121
6541 11251 2615
6542 7039 10886
6543 3795 1818
6544 11894 10081
6545 10272 3586
6546 1966 2105
6547 9670 8339
6548 9710 3878
6549 202 4654
6550 8184 4879
6551 8585 11734
6552 2951 2511
6553 11630 11329
6554 5243 6216
6555 10462 6163
6556 4348 11521
6557 8170 11220
6558 9454 1198
6559 2195 8187
6560 3293 6248
6561 4705 3212
6562 2444 8219
6563 8932 6564
6564 6264 919
6565 3837 9361
6566 2129 4831
6567 9620 2355
6568 2279 6843
6569 11992 1336
6570 4281 11677
6571 11658 2273
6572 7544 9985
6573 8212 7232
6574 10772 4611
6575 6677 10421
6576 7891 3097
6577 6848 4223
6578 5369 11705
6579 846 3366
6580 7625 1117
6581 5713 5113
6582 6139 399
6583 4586 5743
6584 6545 5056
6585 3167 4377
6586 11676 11335
6587 5723 1852
6588 7765 3525
6589 920 11237
6590 581 9440
6591 4594 9298
6592 9969 4684
6593 4363 2376
6594 8209 10650
6595 9893 1611
6596 5915 5781
6597 6958 8948
6598 7596 1730
6599 939 10504
6600 1209 6840
6601 8512 3638
6602 1970 8642
6603 11156 1136
6604 10684 10565
6605 4889 5741
6606 8608 2076
6607 518 7693
6608 11539 11508
6609 6983 9565
6610 7243 9430
6611 10979 4080
6612 6866 4193
6613 6562 459
6614 7851 3095
6615 8816 5671
6616 9097 10481
6617 1819 910
6618 2392 7771
6619 9756 2963
6620 2101 2734
6621 11622 8661
6622 3861 5935
6623 9130 11115
6624 1165 1689
6625 5514 11174
6626 11172 5325
6627 2106 11468
6628 11406 316
6629 10321 1283
6630 1532 5239
6631 7431 2239
6632 11882 8675
6633 7304 11196
6634 9055 3747
6635 1899 602
6636 3732 7713
6637 2412 11717
6638 1535 5571
6639 7751 9221
6640 10637 8263
6641 101 8583
6642 7899 3339
6643 6729 5186
6644 8289 1821
6645 170 7157
6646 6813 5504
6647 9347 11261
6648 11771 4734
6649 5718 4209
6650 8690 511
6651 4202 2914
6652 8 9648
6653 3156 1992
6654 1073 2067
6655 9985 156
6656 2457 971
6657 8130 9307
6658 210 10181
6659 1898 2928
6660 639 11328
6661 3234 4143
6662 5119 2088
6663 611 6100
6664 7164 9967
6665 5169 10264
6666 4232 673
6667 11975 2117
6668 8016 1096
6669 166 8299
6670 6458 2634
6671 5956 11300
6672 6584 10678
6673 11526 7716
6674 10148 7437
6675 390 9383
6676 1009 9233
6677 10763 11084
6678 11041 5243
6679 2155 6948
6680 7035 3680
6681 5236 3248
6682 1986 2347
6683 7343 3604
6684 10350 4713
6685 59 2801
6686 11023 1132
6687 3977 10086
6688 5043 4299
6689 4204 7331
6690 11910 1785
6691 3080 11751
6692 8418 6183
6693 10919 3178
6694 6032 1643
6695 4897 6209
6696 7035 8885
6697 741 9714
6698 7167 7756
6699 2084 11513
6700 1786 1901
6701 5945 8954
6702 5697 11144
6703 6354 7372
6704 4053 11628
6705 9221 1804
6706 7874 9035
6707 2454 9720
6708 5492 11644
6709 1399 8729
6710 852 4707
6711 1477 7716
6712 10190 10036
6713 10026 11956
6714 5780 7568
6715 1221 11102
6716 9253 9348
6717 8692 8689
6718 10243 2942
6719 9709 4492
6720 1107 10645
6721 7849 9096
6722 8114 6335
6723 2179 342
6724 10719 11148
6725 2349 7771
6726 2796 11590
6727 3670 2760
6728 7142 268
6729 7684 5357
6730 10931 9699
6731 8581 11306
6732 11106 7154
6733 5304 8727
6734 10275 10583
6735 19 4318
6736 6592 679
6737 5873 8644
6738 11387 8768
6739 3593 6006
6740 4544 4876
6741 6678 8200
6742 4623 11826
6743 10711 5016
6744 3292 7590
6745 2625 10405
6746 5252 1595
6747 4151 5850
6748 4509 918
6749 468 4937
6750 2699 9480
6751 1281 2296
6752 806 2053
6753 141 9810
6754 2540 6018
6755 9964 603
6756 4889 11889
6757 787 771
6758 2128 8756
6759 5071 10897
6760 11644 1845
6761 6206 1110
6762 8818 10778
6763 1732 1709
6764 7451 7883
6765 5139 9759
6766 4217 6611
6767 94 7510
6768 6157 10369
6769 1859 10958
6770 4145 4768
6771 8623 3192
6772 1114 8597
6773 3174 8434
6774 10074 6442
6775 11123 4774
6776 7034 8522
6777 9806 33
6778 9236 5
6779 6047 8389
6780 10491 3548
6781 9911 3985
6782 574 5415
6783 1796 34
6784 7617 4423
6785 5404 10034
6786 6381 2498
6787 6864 3443
6788 11010 5072
6789 7813 7463
6790 7793 9073
6791 4235 10419
6792 11984 11891
6793 4978 7995
6794 596 9396
6795 7114 9962
6796 1861 2281
6797 5037 11245
6798 10218 1347
6799 3586 193
6800 4214 10136
6801 7157 10650
6802 4159 1395
6803 5547 10176
6804 10874 4576
6805 1474 4429
6806 9818 2433
6807 2563 6905
6808 5029 8427
6809 7552 4974
6810 5953 1650
6811 10620 6757
6812 6987 8759
6813 6390 7956
6814 10857 1565
6815 2487 2830
6816 7573 5027
6817 8076 7899
6818 1800 1309
6819 11193 8799
6820 6307 2618
6821 683 5716
6822 7598 7561
6823 5272 7067
6824 3686 2032
6825 6602 2030
6826 3834 7953
6827 10125 8669
6828 6465 9029
6829 4085 8093
6830 10112 3887
6831 297 8682
6832 11601 2258
6833 857 10536
6834 216 4279
6835 2027 626
6836 924 700
6837 9933 2396
6838 2372 4960
6839 8108 7291
6840 5918 1676
6841 1254 8935
6842 11214 5616
6843 2226 4848
6844 9530 4216
6845 6207 2413
6846 6196 10087
6847 3161 951
6848 8211 10974
6849 2314 1179
6850 6717 11759
6851 5672 8999
6852 9855 87
6853 8752 11303
6854 7050 3770
6855 5211 2638
6856 11559 9990
6857 5111 10205
6858 3064 2107
6859 2290 314
6860 9498 3369
6861 9608 2122
6862 7263 1224
6863 3137 4703
6864 9915 11759
6865 2779 2462
6866 691 3616
6867 1550 3693
6868 8193 3059
6869 8545 8637
6870 10448 3059
6871 4875 8514
6872 2898 8591
6873 937 4734
6874 6819 9518
6875 5696 6263
6876 2138 2366
6877 10724 118
6878 10069 8854
6879 5463 662
6880 5359 3603
6881 7294 7263
6882 1833 3004
6883 4136 4746
6884 6074 4358
6885 9454 7510
6886 5135 11501
6887 3799 7723
6888 2736 1664
6889 7502 8966
6890 10419 554
6891 813 6051
6892 2179 7961
6893 4994 696
6894 8459 9223
6895 10357 4399
6896 5628 8962
6897 10585 6007
6898 2207 4200
6899 3814 4142
6900 8331 10722
6901 7373 1221
6902 4254 9972
6903 5839 10708
6904 9953 1764
6905 10614 3260
6906 10048 10199
6907 8384 8222
6908 7814 9759
6909 11436 7729
6910 7387 8334
6911 7969 7497
6912 7154 3112
6913 2007 2344
6914 9599 2294
6915 11185 5421
6916 1062 7894
6917 11332 9979
6918 3562 8933
6919 9951 248
6920 9536 2374
6921 8212 11755
6922 7821 2037
6923 9022 11652
6924 4880 8460
6925 7425 3801
6926 3372 9281
6927 8314 7780
6928 10061 6732
6929 7725 9658
6930 2652 8893
6931 4319 1784
6932 2909 8559
6933 9999 10453
6934 1234 6097
6935 8156 10965
6936 10779 4342
6937 1421 2788
6938 6451 1263
6939 951 1961
6940 5942 1269
6941 9422 11539
6942 9063 6325
6943 10070 9699
6944 10107 4670
6945 6666 6067
6946 11065 6927
6947 11781 11291
6948 6685 9916
6949 1257 3661
6950 5321 7263
6951 2085 4727
6952 8054 11643
6953 7102 10761
6954 1783 11388
6955 10321 2113
6956 3212 676
6957 5420 8764
6958 11415 5467
6959 1066 3531
6960 6027 11791
6961 5237 171
6962 1366 2646
6963 1598 10194
6964 11865 6418
6965 5822 9016
6966 2698 1573
6967 194 6730
6968 11070 4788
6969 455 2959
6970 7738 6460
6971 9211 7952
6972 4723 5140
6973 11788 8935
6974 1217 7739
6975 9146 5223
6976 159 2110
6977 1096 6398
6978 11681 9398
6979 2996 8822
6980 11351 1286
6981 10686 7647
6982 8965 11985
6983 4503 10127
6984 11721 5095
6985 7932 6522
6986 4244 5645
6987 9140 11404
6988 5203 977
6989 6486 1266
6990 4694 3164
6991 6984 9783
6992 6473 1726
6993 2827 1945
6994 9505 2442
6995 2861 2764
6996 6393 780
6997 1113 2159
6998 8428 3879
6999 1977 10509
7000 11678 10679
7001 10812 5785
7002 215 10305
7003 11413 5544
7004 4237 7409
7005 8793 131
7006 3208 9359
7007 9312 7066
7008 3513 10095
7009 9500 2590
7010 5984 10766
7011 9911 11262
7012 3592 9423
7013 5724 11699
7014 9259 9978
7015 7688 7963
7016 41 7187
7017 976 1520
7018 9233 11707
7019 8773 1034
7020 3778 4954
7021 8952 8555
7022 2100 8285
7023 8284 9822
7024 4295 5837
7025 5382 1096
7026 2720 455
7027 5156 569
7028 9748 3293
7029 4391 2068
7030 3475 7150
7031 9819 5721
7032 2453 8272
7033 5638 6763
7034 986 10255
7035 10523 5494
7036 1067 10338
7037 1460 4057
7038 3604 1848
7039 10361 7618
7040 11262 9309
7041 6077 5202
7042 5784 6422
7043 7420 4084
7044 1056 8138
7045 8971 5445
7046 5454 8489
7047 10382 6701
7048 8061 8662
7049 11421 6014
7050 2877 11960
7051 10682 3446
7052 2106 449
7053 7947 4318
7054 7157 8829
7055 9200 636
7056 5106 258
7057 523 6964
7058 11739 1525
7059 1914 2306
7060 3928 3865
7061 3867 3405
7062 6327 5384
7063 1906 3623
7064 7994 8538
7065 8629 10014
7066 2234 8915
7067 8569 831
7068 6710 3578
7069 6098 5017
7070 3167 6745
7071 10270 2622
7072 1549 6493
7073 3597 4092
7074 3471 9239
7075 3381 470
7076 4244 1556
7077 4147 3396
7078 7740 9036
7079 2948 5202
7080 3863 5348
7081 11463 4398
7082 2085 4032
7083 11501 3267
7084 7791 2058
7085 7888 1549
7086 3500 10304
7087 3495 5438
7088 7867 1120
7089 3152 5173
7090 39 3193
7091 625 8950
7092 6212 1621
7093 6633 1904
7094 1616 9451
7095 7155 10969
7096 9944 1738
7097 6176 578
7098 10986 5128
7099 9890 11369
7100 11344 4382
7101 1915 2194
7102 1746 5432
7103 1696 2440
7104 7156 7805
7105 11682 10179
7106 4414 9793
7107 6842 4460
7108 5157 2272
7109 5288 4170
7110 1455 10497
7111 4362 6905
7112 2912 1199
7113 1789 8338
7114 11979 5856
7115 9990 9276
7116 5410 1832
7117 9774 2694
7118 11882 4579
7119 7695 1878
7120 1909 6048
7121 4835 5826
7122 4947 10359
7123 4401 5093
7124 1248 2445
7125 11113 341
7126 4811 6390
7127 9119 4167
7128 2460 4302
7129 8589 10449
7130 8240 1108
7131 7032 11746
7132 8994 2766
7133 6439 913
7134 11541 2368
7135 5221 9823
7136 5749 6590
7137 10313 1824
7138 2325 9127
7139 3797 11103
7140 10218 876
7141 7844 3943
7142 3513 11296
7143 460 1482
7144 2994 3950
7145 726 6679
7146 1082 4950
7147 969 1971
7148 4253 193
7149 6879 7012
7150 6967 9007
7151 7978 347
7152 10168 1848
7153 11486 3234
7154 9397 10476
7155 3351 3404
7156 605 2053
7157 10607 2928
7158 5550 3533
7159 9556 6864
7160 5204 3059
7161 5914 5658
7162 5367 6027
7163 2216 6725
7164 8539 9707
7165 4515 9681
7166 10553 5178
7167 4147 5234
7168 1880 2341
7169 7425 5421
7170 11903 9592
7171 100 3207
7172 5589 2057
7173 9722 8376
7174 7034 7033
7175 4841 4586
7176 1286 2425
7177 6507 9380
7178 11266 10844
7179 5168 11252
7180 1930 3233
7181 7284 11686
7182 9499 3026
7183 1779 10869
7184 5853 10143
7185 3581 1434
7186 8425 4974
7187 5975 5481
7188 3949 3420
7189 916 7351
7190 3896 5500
7191 5124 10630
7192 2192 480
7193 3356 7766
7194 5568 9831
7195 7037 3586
7196 7990 736
7197 2050 4723
7198 7028 8672
7199 2992 9968
7200 257 1681
7201 780 3904
7202 8477 4449
7203 6270 894
7204 6218 5083
7205 2060 11668
7206 3049 1811
7207 2530 2826
7208 4176 1454
7209 3496 4759
7210 4717 10778
7211 10096 8916
7212 8370 1755
7213 10671 1521
7214 8942 8469
7215 607 7226
7216 8558 11636
7217 7162 5578
7218 5816 11599
7219 1689 5456
7220 6437 7608
7221 5068 1730
7222 1449 3893
7223 2924 11891
7224 7886 4709
7225 10247 1991
7226 2666 8091
7227 3428 1237
7228 593 6874
7229 2497 8402
7230 2421 6746
7231 11215 7100
7232 4620 11364
7233 1527 10600
7234 6894 3235
7235 9325 3060
7236 8920 3532
7237 434 2194
7238 4028 9019
7239 5759 5022
7240 11655 10056
7241 11655 9559
7242 4727 8204
7243 10705 3819
7244 2619 4895
7245 7356 9447
7246 1882 5691
7247 3848 4686
7248 3884 11798
7249 4655 2727
7250 9164 851
7251 11551 1079
7252 11868 2913
7253 1232 4768
7254 7487 2743
7255 210 3852
7256 2341 6031
7257 3485 5565
7258 5654 4045
7259 6415 11315
7260 11992 10007
7261 6802 4423
7262 7181 2174
7263 10213 11270
7264 11104 11536
7265 4688 8999
7266 3148 4538
7267 4890 3392
7268 4303 2694
7269 9608 10768
7270 1360 6813
7271 6769 1619
7272 9967 8774
7273 6901 7304
7274 4524 4566
7275 7135 4474
7276 6140 3366
7277 175 3227
7278 6814 9431
7279 9487 2666
7280 651 7673
7281 3317 3004
7282 4446 5997
7283 61 3646
7284 4191 5547
7285 2019 3722
7286 10875 8174
7287 5027 10962
7288 2307 1459
7289 4434 2369
7290 6876 11921
7291 2611 9612
7292 11670 6056
7293 10452 6754
7294 3721 8499
7295 7937 8756
7296 10585 1729
7297 3040 11907
7298 7761 9340
7299 4220 7050
7300 6025 5062
7301 4946 102
7302 9483 3938
7303 7863 518
7304 1464 1002
7305 9769 3830
7306 6066 10342
7307 8241 8440
7308 7531 8098
7309 11112 5383
7310 9870 8531
7311 366 6480
7312 7363 10798
7313 11651 11661
7314 10524 11071
7315 3276 10992
7316 7205 10841
7317 8680 9355
7318 11747 10544
7319 10368 1523
7320 396 10105
7321 3148 5978
7322 2256 9691
7323 7232 1281
7324 3979 10231
7325 2608 8616
7326 367 7679
7327 11239 9696
7328 1370 7065
7329 11631 8571
7330 4561 9278
7331 3961 8272
7332 10321 5844
7333 2603 4415
7334 1315 4137
7335 2975 2729
7336 6718 10895
7337 7968 3422
7338 9835 1263
7339 8430 10961
7340 8419 5056
7341 3171 8893
7342 11802 10880
7343 11192 2525
7344 240 11119
7345 6256 11941
7346 9408 1438
7347 5442 2532
7348 5489 9613
7349 6030 4577
7350 3697 6407
7351 4109 3356
7352 11133 8281
7353 10668 8025
7354 10940 472
7355 9463 2520
7356 3172 10717
7357 4674 2239
7358 9852 3401
7359 8068 4239
7360 4331 10235
7361 6436 6154
7362 4341 9031
7363 9132 7267
7364 9005 3368
7365 11497 9410
7366 11221 4979
7367 8842 1041
7368 10864 11557
7369 3724 6457
7370 7794 11019
7371 8418 903
7372 7876 9145
7373 4066 3106
7374 3224 1839
7375 3138 1924
7376 8690 950
7377 4182 2745
7378 10488 1860
7379 4515 7295
7380 8676 863
7381 1910 2796
7382 10819 11312
7383 10657 8974
7384 577 10717
7385 1726 1266
7386 11794 6358
7387 4874 1275
7388 11818 823
7389 5065 3215
7390 4057 2944
7391 1581 8283
7392 8873 4776
7393 3265 4896
7394 8107 5803
7395 2761 10050
7396 4730 5869
7397 2127 449
7398 4001 5967
7399 6 959
7400 9298 3523
7401 9562 9374
7402 582 10094
7403 5985 11896
7404 5659 3622
7405 10494 4194
7406 2529 6450
7407 6143 104
7408 7411 6561
7409 5322 1888
7410 11652 4539
7411 3146 2558
7412 6840 9301
7413 11065 3376
7414 4758 5337
7415 5177 269
7416 623 3398
7417 2281 3945
7418 972 6935
7419 762 8777
7420 1891 4317
7421 2625 11346
7422 7318 7607
7423 285 7287
7424 11331 1817
7425 3827 3056
7426 10789 1407
7427 9716 6511
7428 3211 1221
7429 2525 1182
7430 2248 1068
7431 10975 7515
7432 6528 11498
7433 5231 9624
7434 4857 4852
7435 10832 7289
7436 1350 9138
7437 7291 11738
7438 9863 4293
7439 2172 11935
7440 3872 721
7441 1370 2439
7442 10953 6116
7443 9183 868
7444 4820 11522
7445 6688 9191
7446 6998 2521
7447 10059 5584
7448 4290 4300
7449 5623 11967
7450 207 1881
7451 4345 5906
7452 5631 8401
7453 5473 2453
7454 6294 7963
7455 1140 6311
7456 9460 699
7457 7120 5644
7458 5665 9617
7459 9628 911
7460 5551 11798
7461 8685 11979
7462 7157 6904
7463 10 6524
7464 5836 4516
7465 11588 11162
7466 4940 6085
7467 8354 2946
7468 3222 10582
7469 1618 8687
7470 3384 4693
7471 11114 491
7472 1764 7944
7473 7857 8757
7474 763 2789
7475 4267 5711
7476 2257 7296
7477 3441 1488
7478 5157 3437
7479 3271 1031
7480 10322 2669
7481 6821 7869
7482 8391 11125
7483 9021 1862
7484 2747 3746
7485 11371 9745
7486 4672 3304
7487 5928 3828
7488 6983 9184
7489 8546 1846
7490 3718 5835
7491 1917 8506
7492 10601 4559
7493 2755 11884
7494 11979 6232
7495 5943 8293
7496 6496 6605
7497 7977 7314
7498 8812 11712
7499 64 4997
7500 5504 2785
7501 11427 2908
7502 225 10044
7503 9646 891
7504 5143 6608
7505 2210 3446
7506 5336 1825
7507 1183 9972
7508 4377 5214
7509 1883 1023
7510 6541 6075
7511 11637 8600
7512 3930 4254
7513 8962 2908
7514 5937 5875
7515 1273 942
7516 4450 6487
7517 9171 11305
7518 6330 304
7519 4751 5611
7520 9020 2555
7521 2736 2990
7522 6842 1520
7523 9195 11326
7524 6530 6780
7525 1670 6180
7526 9628 1460
7527 11825 8185
7528 960 5338
7529 756 8506
7530 5491 166
7531 1046 3998
7532 1473 5482
7533 76 6578
7534 10058 3107
7535 10043 4622
7536 8171 2875
7537 11829 7197
7538 4669 2989
7539 8290 9654
7540 9478 6504
7541 5385 3111
7542 2380 7718
7543 2929 6348
7544 11754 1302
7545 6825 7229
7546 1422 3281
7547 5428 9648
7548 9358 1356
7549 10289 7669
7550 1810 9899
7551 752 7961
7552 982 5806
7553 11048 7453
7554 10795 11060
7555 530 2773
7556 11073 332
7557 10320 7048
7558 2633 2818
7559 2681 11382
7560 2760 5384
7561 5192 3608
7562 2042 5746
7563 666 1832
7564 1749 2556
7565 4307 10913
7566 340 5270
7567 292 1649
7568 9642 7154
7569 10348 10879
7570 775 10765
7571 11894 11559
7572 7951 8594
7573 349 3765
7574 7629 5133
7575 242 8309
7576 4675 2776
7577 1301 4912
7578 6288 1312
7579 8117 5032
7580 3754 617
7581 1775 923
7582 5805 10371
7583 6055 10512
7584 8483 5356
7585 89 7963
7586 7839 1297
7587 1646 10572
7588 10884 6991
7589 7364 2782
7590 9772 3965
7591 4538 5083
7592 6545 1276
7593 8612 278
7594 8401 7255
7595 11632 408
7596 9384 8892
7597 859 10156
7598 11842 3631
7599 4556 746
7600 11683 1991
7601 778 7776
7602 8905 9900
7603 6646 8301
7604 3489 4545
7605 2032 1832
7606 7015 8854
7607 10553 3420
7608 8330 7846
7609 9722 2716
7610 11920 599
7611 10495 3667
7612 7637 10563
7613 9706 6644
7614 9416 5193
7615 4905 11921
7616 6739 8264
7617 24 9319
7618 422 9169
7619 11765 1487
7620 10846 2389
7621 8661 9113
7622 3980 9902
7623 10423 6596
7624 1158 9812
7625 6665 8966
7626 7974 11305
7627 6582 2124
7628 5642 10290
7629 11934 11271
7630 9960 619
7631 6433 4535
7632 8090 3211
7633 7559 8124
7634 3738 7158
7635 9267 1774
7636 2820 1513
7637 11067 11742
7638 889 742
7639 8498 1113
7640 7461 7728
7641 1662 7336
7642 10945 8909
7643 6563 6663
7644 10682 3906
7645 2933 1099
7646 8944 8542
7647 4345 840
7648 11150 4157
7649 10789 2431
7650 9764 4619
7651 11101 1674
7652 8221 4100
7653 4473 10725
7654 7118 7174
7655 3920 4373
7656 6057 7690
7657 11839 11192
7658 1714 3992
7659 6545 2605
7660 2181 5839
7661 6892 6599
7662 2577 4565
7663 4768 735
7664 8225 9864
7665 7442 11491
7666 864 6735
7667 5198 3330
7668 8982 7701
7669 1421 4677
7670 10130 10519
7671 8021 6542
7672 10843 4388
7673 5318 10051
7674 4406 10613
7675 8407 2426
7676 5242 7756
7677 9594 5961
7678 1395 9926
7679 2504 4878
7680 469 11280
7681 8244 1340
7682 10059 10157
7683 6736 3384
7684 2998 8519
7685 9658 3374
7686 2008 7493
7687 9206 1942
7688 2205 9957
7689 4684 3543
7690 3508 9353
7691 7191 11218
7692 9099 11979
7693 10515 9835
7694 8203 9687
7695 5353 9275
7696 9642 933
7697 10867 7626
7698 7400 9428
7699 5021 11444
7700 2463 3323
7701 993 7987
7702 3050 3838
7703 13 1672
7704 1729 4117
7705 3338 5077
7706 597 1339
7707 2080 11881
7708 7873 7303
7709 4017 1024
7710 1593 7402
7711 4683 6487
7712 6742 9313
7713 9719 11626
7714 3455 7035
7715 2757 3988
7716 11791 4980
7717 9761 9133
7718 8372 7541
7719 2160 11051
7720 2304 3233
7721 11892 11933
7722 1404 957
7723 7271 9903
7724 8071 1260
7725 2492 1808
7726 5945 11326
7727 2907 1965
7728 11265 8244
7729 213 10166
7730 4421 8960
7731 6239 5391
7732 8275 8094
7733 7182 7494
7734 8542 6620
7735 3821 4077
7736 8039 11932
7737 11897 258
7738 5884 1998
7739 4044 10757
7740 6148 3652
7741 6867 2406
7742 11017 11450
7743 7539 4356
7744 6150 10065
7745 6726 4846
7746 9382 1262
7747 7457 476
7748 9492 954
7749 8976 1418
7750 4871 3797
7751 2506 6368
7752 2331 4188
7753 8587 6081
7754 1603 11133
7755 5762 2756
7756 11049 5180
7757 10712 5891
7758 3860 2219
7759 2447 8751
7760 10974 3737
7761 5900 8522
7762 5121 8962
7763 3638 2577
7764 3706 5219
7765 2896 2828
7766 8636 166
7767 9501 11143
7768 6772 7487
7769 9764 6071
7770 2308 6979
7771 11207 2890
7772 2748 11052
7773 11988 6419
7774 3065 1191
7775 6265 2985
7776 7282 10650
7777 9451 3373
7778 579 1907
7779 929 2799
7780 11418 8526
7781 10225 9079
7782 2618 11375
7783 2799 7694
7784 4118 9766
7785 5913 524
7786 8249 10359
7787 7861 2075
7788 7996 4276
7789 10051 4721
7790 9560 7033
7791 11991 7389
7792 10722 11843
7793 5430 10608
7794 2426 9623
7795 9673 8537
7796 6227 11444
7797 4829 9092
7798 6866 4722
7799 7855 11130
7800 1449 1465
7801 2881 1793
7802 5497 415
7803 7245 9076
7804 632 8678
7805 11136 7868
7806 11751 6585
7807 416 8687
7808 9063 1841
7809 8046 2399
7810 3320 5768
7811 11202 5560
7812 7966 9020
7813 7996 11388
7814 11505 2686
7815 10876 6397
7816 2897 4851
7817 2709 11715
7818 11758 7180
7819 11822 10343
7820 10147 2142
7821 3591 5219
7822 5346 1038
7823 5558 2776
7824 11774 1635
7825 5263 148
7826 1828 11902
7827 1311 11671
7828 971 2061
7829 7453 6920
7830 3739 6787
7831 7625 4015
7832 2058 10198
7833 10441 10955
7834 2072 3353
7835 4398 1505
7836 5802 7183
7837 11824 11396
7838 5162 4345
7839 11781 8562
7840 9101 3923
7841 8346 6670
7842 3540 1821
7843 503 5362
7844 1452 4683
7845 10748 7072
7846 2864 7877
7847 6608 3614
7848 10470 3904
7849 714 9435
7850 8943 6147
7851 1051 4279
7852 10293 9419
7853 10175 1969
7854 1727 10700
7855 1424 11264
7856 7073 6418
7857 1778 175
7858 10872 7904
7859 578 3123
7860 92 93
7861 488 4308
7862 8385 1717
7863 11345 3438
7864 6464 354
7865 9403 1645
7866 11224 1703
7867 894 2048
7868 8212 3204
7869 634 6730
7870 5723 4463
7871 8809 6322
7872 2748 9890
7873 10396 1986
7874 978 6239
7875 2770 9502
7876 2770 5728
7877 11741 7086
7878 8925 5353
7879 2152 3272
7880 2 10383
7881 3877 2462
7882 7792 10823
7883 11915 6844
7884 8409 4406
7885 5900 8477
7886 6631 799
7887 8157 2535
7888 5010 5352
7889 1398 6045
7890 544 9372
7891 11794 360
7892 925 1880
7893 10655 10346
7894 7404 2478
7895 1658 11106
7896 8259 3811
7897 5825 11682
7898 168 7985
7899 11059 4619
7900 5499 8420
7901 9226 9852
7902 10292 5191
7903 11392 7522
7904 2835 8870
7905 4770 10326
7906 11125 2500
7907 2667 1252
7908 11350 7648
7909 9829 1956
7910 2710 10243
7911 9866 1947
7912 7931 1945
7913 3837 4032
7914 6118 8429
7915 2298 10404
7916 6950 2168
7917 2399 9545
7918 131 183
7919 1358 7360
7920 5276 6296
7921 8248 10978
7922 322 4616
7923 3198 4601
7924 1482 9260
7925 7135 2896
7926 10371 2447
7927 3165 3553
7928 3624 6726
7929 11489 9866
7930 7314 411
7931 3306 3967
7932 11854 9974
7933 6364 9982
7934 11041 8317
7935 7681 2133
7936 3627 139
7937 7948 6571
7938 2057 5137
7939 9980 7507
7940 11360 8267
7941 10813 6193
7942 3954 2701
7943 10284 6437
7944 7522 6516
7945 4079 5840
7946 1628 10687
7947 2505 9889
7948 5549 9687
7949 2732 4318
7950 3679 3079
7951 2249 8710
7952 1751 5524
7953 5797 4430
7954 11418 10476
7955 5260 9683
7956 229 9528
7957 7044 12
7958 4356 2922
7959 5337 6473
7960 10904 629
7961 183 5519
7962 1704 5513
7963 2211 4462
7964 8290 7986
7965 9893 2615
7966 3194 7181
7967 10557 6375
7968 8865 7957
7969 2638 8634
7970 10635 11420
7971 7185 2623
7972 11268 3795
7973 6846 2197
7974 2331 7862
7975 3615 4401
7976 8275 11498
7977 5978 3935
7978 10465 3265
7979 11128 6729
7980 5537 4578
7981 730 4448
7982 10103 8235
7983 6325 9489
7984 6537 3888
7985 3527 7564
7986 3544 7334
7987 4875 9885
7988 4400 11919
7989 1128 7499
7990 1598 7060
7991 9909 952
7992 1051 5602
7993 6033 6044
7994 2855 127
7995 2102 153
7996 5722 10982
7997 10280 6882
7998 636 3251
7999 2118 5277
8000 8915 9250
8001 8465 10241
8002 8193 1066
8003 631 1355
8004 10309 3661
8005 662 3674
8006 7098 1202
8007 5389 1229
8008 2216 7144
8009 4227 2880
8010 4875 6986
8011 2779 6652
8012 8313 7606
8013 1395 772
8014 6191 5753
8015 5909 2534
8016 1567 3938
8017 8167 2967
8018 312 4089
8019 801 9048
8020 4422 623
8021 9036 8117
8022 9357 11897
8023 6814 3301
8024 6697 11912
8025 10392 193
8026 11986 987
8027 2683 10207
8028 7080 8993
8029 11961 1779
8030 6780 9668
8031 294 2751
8032 9648 4147
8033 8643 1139
8034 6950 2775
8035 348 11601
8036 7151 10614
8037 7780 1346
8038 3738 6022
8039 8606 1236
8040 5368 11406
8041 1385 5240
8042 5698 3636
8043 11958 8841
8044 7341 9804
8045 4687 5147
8046 3130 5286
8047 4727 9585
8048 8313 630
8049 6317 9596
8050 7735 6270
8051 7903 6568
8052 7726 4521
8053 11351 1778
8054 8284 4599
8055 3497 7918
8056 7507 221
8057 376 10025
8058 10502 11408
8059 1285 11633
8060 3129 9999
8061 7700 9020
8062 7200 757
8063 8765 41
8064 1662 4395
8065 3520 4653
8066 36 2656
8067 6858 3656
8068 2252 1342
8069 7304 11109
8070 2953 1571
8071 8242 6855
8072 7095 1478
8073 8460 4013
8074 10272 965
8075 6711 10005
8076 11649 9165
8077 8001 1986
8078 1297 6161
8079 8168 2498
8080 2748 3117
8081 2154 8823
8082 5319 2222
8083 329 2888
8084 6376 9811
8085 4175 7695
8086 2698 8984
8087 5552 9647
8088 3515 9304
8089 6810 5586
8090 8273 7240
8091 2857 10419
8092 1669 2030
8093 11 9925
8094 10638 5059
8095 1899 6806
8096 1365 2945
8097 6058 7690
8098 11493 7556
8099 4528 11527
8100 6582 11289
8101 10473 1610
8102 9090 9958
8103 151 6773
8104 8492 611
8105 4398 8252
8106 7762 3996
8107 2383 9947
8108 3430 5625
8109 9165 7204
8110 63 3093
8111 6638 3640
8112 9774 7683
8113 7944 9832
8114 9478 5326
8115 9756 3999
8116 1348 4366
8117 2864 4114
8118 6906 10999
8119 11100 8351
8120 8197 5032
8121 10751 4222
8122 898 9434
8123 11253 6386
8124 4791 6580
8125 6328 10934
8126 5849 7567
8127 533 7324
8128 2329 5482
8129 5517 3650
8130 7781 6084
8131 1221 8374
8132 4839 10911
8133 2564 2980
8134 3035 11257
8135 1414 11493
8136 6228 4228
8137 5202 8933
8138 10327 9079
8139 9052 8160
8140 5690 8252
8141 3208 8407
8142 10018 7554
8143 6796 8050
8144 3228 4980
8145 1081 10712
8146 11198 1316
8147 669 342
8148 7960 3803
8149 3091 11187
8150 1780 3840
8151 2004 1433
8152 11086 3531
8153 2153 9736
8154 8998 6408
8155 7062 11542
8156 7725 9553
8157 8519 6869
8158 8126 6951
8159 10921 6401
8160 9937 9074
8161 7135 6353
8162 9443 10393
8163 900 2874
8164 9657 8121
8165 968 10626
8166 9578 10893
8167 1481 7804
8168 4461 9390
8169 3100 3739
8170 755 11252
8171 5728 11135
8172 9460 2922
8173 5266 5973
8174 6883 955
8175 1018 1955
8176 7277 3846
8177 999 7733
8178 7155 11408
8179 2714 3399
8180 9794 10291
8181 802 5902
8182 4352 2248
8183 7929 11598
8184 29 8499
8185 7649 2602
8186 21 11577
8187 3927 1209
8188 694 8759
8189 10582 3243
8190 7011 8346
8191 3871 7289
8192 5726 5108
8193 10102 5075
8194 700 10623
8195 6263 6254
8196 1944 7883
8197 3893 8059
8198 1576 8223
8199 5306 2386
8200 1183 1227
8201 9 3468
8202 6832 1517
8203 9771 4537
8204 2324 10086
8205 6592 5844
8206 3718 11349
8207 7465 11866
8208 6344 7641
8209 5123 2762
8210 6678 9815
8211 5994 11586
8212 4294 1009
8213 9714 4377
8214 987 566
8215 11916 6124
8216 4879 2869
8217 11260 7337
8218 7657 8964
8219 10504 1117
8220 42 1736
8221 4159 2272
8222 6025 10530
8223 274 2508
8224 5889 10030
8225 11033 8087
8226 371 7670
8227 5675 11227
8228 4714 8075
8229 4910 10232
8230 10008 5509
8231 7057 1772
8232 5265 2185
8233 7962 10666
8234 362 8792
8235 6662 2766
8236 5294 10361
8237 418 6063
8238 5153 10547
8239 7567 1587
8240 7326 8399
8241 2404 1216
8242 11698 5809
8243 10038 1889
8244 8333 10675
8245 3268 9996
8246 10183 8779
8247 2019 11033
8248 7679 603
8249 9518 10249
8250 10250 2257
8251 7625 3033
8252 11966 5968
8253 7263 2816
8254 7470 3354
8255 8926 21
8256 11261 2607
8257 4590 9994
8258 920 493
8259 1142 7624
8260 5727 9425
8261 3722 9554
8262 835 10321
8263 474 7727
8264 2718 6061
8265 7539 6215
8266 5879 2555
8267 6625 5712
8268 5355 4585
8269 11361 4688
8270 5266 3317
8271 1760 257
8272 332 9049
8273 11327 4113
8274 9788 4201
8275 7684 8343
8276 9909 11282
8277 9900 10882
8278 11888 11785
8279 11250 2168
8280 11832 11322
8281 6739 5967
8282 10987 1828
8283 2282 11039
8284 8455 6786
8285 2 8636
8286 10127 6490
8287 1751 8127
8288 4529 3507
8289 7872 610
8290 737 367
8291 10255 4052
8292 307 11857
8293 9264 1496
8294 11792 5953
8295 9567 8912
8296 2682 557
8297 3297 7401
8298 6291 2910
8299 7891 9799
8300 9421 1631
8301 4523 3146
8302 4498 8161
8303 8841 7681
8304 7519 8285
8305 6148 6698
8306 10699 2688
8307 5002 10204
8308 3846 1755
8309 9625 11992
8310 4727 9863
8311 7820 11241
8312 313 794
8313 69 11637
8314 2629 4368
8315 7716 1467
8316 3996 8344
8317 7507 6194
8318 8522 1859
8319 6322 842
8320 10135 5143
8321 11731 11524
8322 9234 659
8323 9694 1125
8324 10979 11750
8325 571 6357
8326 4452 7545
8327 10750 8225
8328 6230 140
8329 2683 11500
8330 3028 9666
8331 9476 10185
8332 2989 458
8333 313 5682
8334 7929 6020
8335 9104 4662
8336 1167 9173
8337 1608 5641
8338 6355 5811
8339 855 52
8340 7371 10666
8341 1191 7090
8342 8934 10450
8343 1210 1607
8344 10907 3327
8345 48 7272
8346 9384 11597
8347 6427 4531
8348 11293 8031
8349 753 10394
8350 4212 2090
8351 11413 6697
8352 8672 11749
8353 10947 3109
8354 11983 7344
8355 4014 6416
8356 1096 2801
8357 9389 5959
8358 1013 8900
8359 1075 4834
8360 7470 1924
8361 6705 10051
8362 2290 7140
8363 10079 5064
8364 955 8122
8365 7647 4914
8366 3994 8210
8367 5216 2494
8368 9627 9677
8369 5940 10915
8370 9991 4316
8371 1640 179
8372 11683 5339
8373 311 7672
8374 855 4845
8375 6557 591
8376 5464 10944
8377 3803 9083
8378 4037 9952
8379 7114 8323
8380 9709 1676
8381 8864 7701
8382 10781 11439
8383 8136 5696
8384 8671 7792
8385 7396 7145
8386 1438 3084
8387 4754 1166
8388 8119 4115
8389 8716 11731
8390 9316 8404
8391 6112 9199
8392 3370 2264
8393 1568 6611
8394 2788 6137
8395 9088 3032
8396 9387 11691
8397 7675 9766
8398 2851 3050
8399 4723 11719
8400 3961 8337
8401 8046 4401
8402 5821 8769
8403 4188 5992
8404 5048 5705
8405 6228 8157
8406 5093 9215
8407 3413 6850
8408 7554 4785
8409 8428 2671
8410 2479 7069
8411 11915 2683
8412 9415 3728
8413 1423 440
8414 5888 119
8415 1666 10590
8416 5032 1450
8417 10954 5861
8418 4111 10416
8419 5060 2626
8420 10137 6298
8421 1315 1991
8422 9837 9209
8423 590 2983
8424 3940 4521
8425 9707 8707
8426 10193 9548
8427 839 2241
8428 8779 10367
8429 9701 11777
8430 8382 4626
8431 7391 10024
8432 10302 2226
8433 9561 964
8434 5909 10833
8435 2138 1791
8436 6104 4169
8437 5329 10439
8438 6351 4490
8439 6844 10566
8440 7155 11550
8441 5078 8189
8442 10659 3879
8443 669 3487
8444 1031 1107
8445 6872 5087
8446 7732 8428
8447 10396 8143
8448 4301 5401
8449 7674 4304
8450 6548 11617
8451 10566 2147
8452 9816 8209
8453 6390 2778
8454 10180 4247
8455 11848 11619
8456 5928 4372
8457 1451 3926
8458 6117 2345
8459 9003 11297
8460 9492 2176
8461 11766 7792
8462 3062 5166
8463 315 132
8464 7727 3822
8465 4368 1306
8466 11428 309
8467 8084 9060
8468 2286 472
8469 10082 4663
8470 5932 7814
8471 1464 9867
8472 6662 417
8473 8146 4332
8474 3515 2371
8475 10085 408
8476 1368 10366
8477 9174 5919
8478 8254 4685
8479 4518 10775
8480 3712 7271
8481 975 6952
8482 3843 1207
8483 1277 258
8484 3291 4782
8485 5222 7423
8486 10145 4111
8487 5162 8478
8488 3020 5269
8489 4896 7293
8490 1047 8734
8491 2059 900
8492 10265 4152
8493 10659 6827
8494 5589 5390
8495 5020 11614
8496 4252 7938
8497 5443 11319
8498 784 9791
8499 5384 6857
8500 10667 4121
8501 7813 5189
8502 1593 6683
8503 7052 6574
8504 1753 1872
8505 10405 10404
8506 8056 1281
8507 5622 2189
8508 5241 1146
8509 5107 425
8510 7248 4124
8511 10532 6286
8512 7473 2353
8513 11673 5405
8514 3935 1057
8515 9457 2453
8516 5731 7157
8517 746 6763
8518 825 11166
8519 6874 362
8520 8301 10298
8521 6579 1969
8522 9630 7209
8523 8121 4502
8524 5753 2282
8525 6426 5061
8526 2162 11228
8527 4145 2668
8528 7965 10847
8529 5820 134
8530 424 7827
8531 2167 2038
8532 8523 883
8533 3131 8050
8534 2579 5111
8535 5378 5574
8536 539 7608
8537 8954 3629
8538 4442 2474
8539 6913 2663
8540 11039 554
8541 7889 10916
8542 5598 9339
8543 383 9098
8544 5411 4588
8545 497 5563
8546 3176 9134
8547 6308 3215
8548 7392 943
8549 6705 10083
8550 10121 11881
8551 7502 2869
8552 8342 3187
8553 6410 9957
8554 9745 4627
8555 803 9645
8556 1358 4370
8557 7405 7310
8558 85 4388
8559 1087 6619
8560 6365 3358
8561 9638 5340
8562 10827 4066
8563 5487 8103
8564 5671 5032
8565 413 6395
8566 8441 4636
8567 11849 5730
8568 4086 10248
8569 3740 3016
8570 1067 4550
8571 5902 7326
8572 8384 2134
8573 2424 3815
8574 9229 2040
8575 11280 1621
8576 3424 8819
8577 3840 3960
8578 6737 5831
8579 11578 475
8580 6947 6794
8581 7347 11118
8582 10765 126
8583 3793 6024
8584 4368 10747
8585 3560 2771
8586 372 4427
8587 11303 5327
8588 9996 8542
8589 4501 7132
8590 5826 3459
8591 3327 632
8592 9465 4208
8593 2382 2961
8594 11665 4702
8595 2063 11049
8596 2204 3568
8597 1691 6090
8598 3740 524
8599 11174 9298
8600 581 2732
8601 2314 51
8602 9606 11440
8603 9536 6942
8604 1279 7828
8605 2376 7055
8606 4910 10987
8607 6786 11881
8608 1527 3927
8609 6787 3599
8610 1518 1937
8611 2064 9688
8612 7672 4551
8613 75 1298
8614 4338 8861
8615 2869 3580
8616 6053 6873
8617 1856 9695
8618 7884 443
8619 2292 5745
8620 3570 1729
8621 11653 4307
8622 6697 10967
8623 10005 2691
8624 4365 3301
8625 1706 4689
8626 7208 9160
8627 7296 11371
8628 10520 5841
8629 843 9591
8630 3681 11593
8631 4212 6653
8632 9183 7933
8633 5584 10433
8634 3641 8774
8635 4132 8970
8636 2321 11595
8637 1495 8340
8638 8864 1420
8639 2490 1745
8640 6180 8411
8641 5129 11573
8642 10920 1120
8643 10017 1385
8644 4156 5446
8645 10229 9119
8646 2738 7800
8647 4868 10246
8648 10486 9883
8649 6193 1746
8650 7489 3766
8651 4662 10551
8652 7741 9017
8653 1325 3768
8654 6502 6359
8655 40 4225
8656 11954 6257
8657 82 8716
8658 671 1170
8659 3627 11387
8660 10385 9970
8661 7389 11750
8662 8572 2941
8663 4519 2269
8664 5029 7611
8665 11017 10513
8666 9006 10599
8667 9016 9375
8668 643 9113
8669 11931 689
8670 658 576
8671 1981 11488
8672 1469 2507
8673 4234 9
8674 7535 2837
8675 1597 9392
8676 6550 7113
8677 776 2028
8678 5659 2468
8679 9514 4039
8680 3339 6469
8681 1096 7222
8682 5084 7416
8683 501 9197
8684 9458 2866
8685 2033 4401
8686 6736 3397
8687 6847 10322
8688 3753 5549
8689 10747 11860
8690 9052 554
8691 7009 5959
8692 5967 9237
8693 9808 4973
8694 10952 936
8695 11965 3211
8696 1993 10376
8697 1284 2438
8698 7082 1209
8699 469 6562
8700 5082 1877
8701 9549 8420
8702 7268 2897
8703 7199 1700
8704 10026 4696
8705 9630 10088
8706 5834 3688
8707 3699 5108
8708 9899 3827
8709 3283 5846
8710 1366 6681
8711 10101 3847
8712 6426 6807
8713 3063 7720
8714 5167 3536
8715 2166 10102
8716 8017 6047
8717 6546 2380
8718 5452 446
8719 1745 7771
8720 11991 1761
8721 4597 6615
8722 4230 3256
8723 1437 2083
8724 7266 11055
8725 1389 9295
8726 7515 2816
8727 11559 3848
8728 6752 4805
8729 9140 6524
8730 7428 7558
8731 5454 10572
8732 1849 8985
8733 8465 10990
8734 3139 2259
8735 2278 6266
8736 1538 9343
8737 647 10103
8738 53 7857
8739 4247 8394
8740 7165 3897
8741 11615 1345
8742 10692 2227
8743 8770 10000
8744 5543 8581
8745 9568 1535
8746 4504 4060
8747 2182 9902
8748 1611 7422
8749 10003 3938
8750 7111 7128
8751 10909 7681
8752 8613 2407
8753 10267 4916
8754 6075 4290
8755 6349 3461
8756 3684 5286
8757 4851 10977
8758 11888 7059
8759 5718 6238
8760 10621 11896
8761 8432 10168
8762 3783 6573
8763 8412 4993
8764 10965 11238
8765 7505 10241
8766 3741 6008
8767 8284 7936
8768 2973 8236
8769 3432 5845
8770 4340 328
8771 11727 9800
8772 699 11278
8773 1293 6145
8774 9503 6218
8775 5975 4089
8776 4838 9311
8777 1753 8104
8778 1260 695
8779 2148 5283
8780 9267 8521
8781 10060 9076
8782 6773 9162
8783 11619 3166
8784 4929 7412
8785 1123 11551
8786 2660 5558
8787 5405 1958
8788 8957 3738
8789 11176 1971
8790 3684 3458
8791 9758 1057
8792 2338 5928
8793 335 5998
8794 10747 2816
8795 3935 681
8796 1303 8486
8797 4188 2941
8798 10935 9295
8799 5354 3887
8800 6127 5917
8801 1371 5658
8802 11510 9262
8803 655 8318
8804 10023 1942
8805 11524 10391
8806 8286 8349
8807 6850 1563
8808 9381 3242
8809 7985 427
8810 9672 11769
8811 1737 91
8812 4485 359
8813 6051 4973
8814 4667 5037
8815 6841 4868
8816 2639 6561
8817 9472 3950
8818 6202 699
8819 5390 6982
8820 7604 10861
8821 10963 5152
8822 10395 11442
8823 1971 9669
8824 2964 1245
8825 11182 33
8826 4368 10334
8827 2411 11035
8828 10280 11430
8829 8921 5270
8830 8205 5758
8831 2074 8249
8832 3597 100
8833 1966 5103
8834 5156 6974
8835 5412 7840
8836 659 2830
8837 3681 7267
8838 6259 4925
8839 1138 10902
8840 10683 8918
8841 11996 3164
8842 8993 10918
8843 1520 10961
8844 9904 7380
8845 11938 5733
8846 4436 9215
8847 5881 4487
8848 4315 8878
8849 5292 2069
8850 11838 9291
8851 2891 3149
8852 6658 11206
8853 1683 3614
8854 8620 8593
8855 369 3229
8856 10148 149
8857 6648 11746
8858 4262 8001
8859 6346 8797
8860 7858 6098
8861 7942 4779
8862 7584 1532
8863 5623 11265
8864 6693 1644
8865 3224 3422
8866 7498 11701
8867 1016 11362
8868 8279 4374
8869 11880 7318
8870 6011 6955
8871 4529 4532
8872 735 4382
8873 2999 2650
8874 3094 6097
8875 7800 9741
8876 4733 8225
8877 1921 10818
8878 4971 3530
8879 10580 8394
8880 11340 1918
8881 52 3611
8882 5137 6435
8883 7754 3032
8884 10156 8968
8885 10072 11539
8886 3285 3707
8887 3397 9751
8888 3496 6655
8889 5337 5480
8890 10167 10513
8891 6417 3102
8892 3697 2076
8893 10453 9665
8894 699 11534
8895 2706 8807
8896 5016 2815
8897 5813 2764
8898 6550 7593
8899 11189 9031
8900 5519 4717
8901 5922 7334
8902 2114 906
8903 5230 7153
8904 862 6752
8905 2774 1663
8906 9146 2209
8907 5239 7268
8908 312 6583
8909 2276 6891
8910 7917 1349
8911 11300 11476
8912 9977 2030
8913 8874 9918
8914 10796 7110
8915 6499 4830
8916 11739 2228
8917 3121 1882
8918 6003 6460
8919 1060 9999
8920 6111 7471
8921 834 1056
8922 7968 9312
8923 6651 1612
8924 2064 965
8925 2998 3013
8926 11663 9902
8927 1690 555
8928 8651 3586
8929 1492 6112
8930 9657 6509
8931 10187 11146
8932 3274 7719
8933 3834 2535
8934 4667 3983
8935 698 4918
8936 10031 9099
8937 3572 9341
8938 8853 793
8939 897 10354
8940 11498 4871
8941 1233 691
8942 7119 6063
8943 116 8059
8944 11966 417
8945 5160 8873
8946 5855 986
8947 9572 10175
8948 11149 9502
8949 1398 7350
8950 6506 1858
8951 5016 899
8952 4733 4512
8953 6088 7566
8954 4448 9419
8955 6134 1966
8956 6731 7470
8957 8546 611
8958 6608 7737
8959 10277 11250
8960 7188 2118
8961 8785 3781
8962 1902 2175
8963 6728 756
8964 31 9669
8965 906 4881
8966 4387 5105
8967 10013 1738
8968 1779 4814
8969 9672 9444
8970 7507 8877
8971 2275 2996
8972 10802 2030
8973 10144 1934
8974 4928 8846
8975 1809 4889
8976 6135 5720
8977 2049 1806
8978 7416 1090
8979 1222 4770
8980 3136 1930
8981 2976 5157
8982 3620 9663
8983 4801 11729
8984 10227 10421
8985 5605 4010
8986 1665 4958
8987 5536 2512
8988 8673 11289
8989 7857 6958
8990 1161 2307
8991 9533 4425
8992 8839 6398
8993 263 9909
8994 6040 164
8995 6549 9817
8996 8430 6381
8997 7406 11691
8998 11346 10157
8999 887 10924
9000 2065 10636
9001 3959 11373
9002 10612 6802
9003 8465 5739
9004 9978 9144
9005 8282 6290
9006 8351 747
9007 8703 11741
9008 8127 9275
9009 9095 2730
9010 4776 598
9011 2682 7779
9012 2576 1173
9013 4987 7286
9014 2379 7987
9015 4642 7690
9016 2185 2184
9017 4580 6792
9018 317 7213
9019 10956 10915
9020 1160 8733
9021 113 11399
9022 10594 4084
9023 9465 7473
9024 880 8347
9025 4341 329
9026 9399 11560
9027 3826 4763
9028 9863 3589
9029 2540 3042
9030 11630 11054
9031 2289 1267
9032 11220 11498
9033 825 8697
9034 3046 6927
9035 5030 1649
9036 3085 8519
9037 10012 9627
9038 6010 8054
9039 7411 11672
9040 9404 3908
9041 9889 5002
9042 8587 597
9043 6874 2869
9044 4547 5306
9045 2086 4740
9046 1522 2004
9047 5596 6836
9048 10333 7879
9049 4617 2576
9050 828 625
9051 3019 2016
9052 939 4017
9053 11065 6916
9054 3124 3286
9055 2729 8807
9056 7319 7167
9057 6815 9067
9058 8369 5955
9059 5574 1202
9060 3065 5890
9061 3142 2134
9062 5761 881
9063 7429 8855
9064 10061 69
9065 6083 5480
9066 2684 1216
9067 9323 7897
9068 9722 2929
9069 2226 10613
9070 5483 1207
9071 5999 10314
9072 5773 7614
9073 7560 10264
9074 6475 9879
9075 3342 8289
9076 7409 6484
9077 5975 6755
9078 9897 8887
9079 8472 6447
9080 2466 10220
9081 8999 7503
9082 1752 8499
9083 1160 5653
9084 4382 2764
9085 4952 2654
9086 7407 6802
9087 9026 10345
9088 239 4576
9089 4653 2111
9090 8389 11249
9091 2939 10865
9092 560 10894
9093 11080 7037
9094 6789 10080
9095 7316 3057
9096 5507 9921
9097 1843 9958
9098 7152 5138
9099 4998 5473
9100 2525 2097
9101 11076 3379
9102 9130 4896
9103 7629 10681
9104 4894 2901
9105 2016 4587
9106 5140 9917
9107 7220 673
9108 1905 5758
9109 3254 11603
9110 9775 10660
9111 7007 3246
9112 2040 10271
9113 10941 10679
9114 8158 11025
9115 8383 33
9116 6374 9304
9117 3853 10571
9118 9949 1649
9119 2397 10968
9120 3450 6305
9121 497 3931
9122 4301 7465
9123 2571 10436
9124 11234 8245
9125 193 8943
9126 7631 5906
9127 10094 1151
9128 152 6522
9129 2967 3379
9130 1253 9719
9131 11335 390
9132 5264 8878
9133 5506 9254
9134 8814 5243
9135 475 3667
9136 5517 344
9137 9702 1800
9138 6831 398
9139 8988 4114
9140 7744 5085
9141 6029 10303
9142 7623 7869
9143 5227 9191
9144 8387 11539
9145 2339 198
9146 7670 10876
9147 6960 4718
9148 10366 4634
9149 678 189
9150 11738 9283
9151 6033 1573
9152 9980 2989
9153 10369 4471
9154 6499 11277
9155 11142 4649
9156 6756 8003
9157 1707 3298
9158 7379 1189
9159 1434 10176
9160 3034 10492
9161 238 5791
9162 4530 9989
9163 11915 4939
9164 2588 3681
9165 7235 1514
9166 11403 8878
9167 6222 10722
9168 7917 3154
9169 7833 1437
9170 11989 8712
9171 3482 3678
9172 11841 11249
9173 1849 7342
9174 10073 10348
9175 4232 3981
9176 4711 8092
9177 3651 1779
9178 10070 6121
9179 5604 7189
9180 6041 9792
9181 10377 8168
9182 331 57
9183 7294 6605
9184 10761 9624
9185 1973 9607
9186 8410 8515
9187 361 5812
9188 4090 4949
9189 7238 11246
9190 2029 4932
9191 11346 4158
9192 2929 11575
9193 1851 3286
9194 5952 2021
9195 5982 5030
9196 10796 5132
9197 6587 2248
9198 3076 522
9199 6800 8979
9200 402 8645
9201 5725 10075
9202 9935 9166
9203 1891 2955
9204 7222 10942
9205 10741 8159
9206 7284 1194
9207 4275 5118
9208 125 6949
9209 5048 3755
9210 6417 2510
9211 1277 10396
9212 10906 6776
9213 8098 6874
9214 9474 2713
9215 4905 1330
9216 6367 4877
9217 1624 6241
9218 10204 11670
9219 3409 8036
9220 11968 11965
9221 913 6244
9222 11761 1631
9223 11798 10673
9224 4374 4035
9225 752 236
9226 11133 11014
9227 4197 8918
9228 4591 8871
9229 6654 7752
9230 1421 456
9231 2905 6204
9232 8057 2850
9233 1966 5147
9234 9133 2930
9235 7721 11085
9236 3242 7519
9237 9997 8631
9238 9550 9333
9239 3419 6737
9240 11679 2961
9241 2181 1381
9242 11785 7835
9243 8702 10437
9244 3476 7590
9245 2698 4954
9246 2706 1395
9247 1201 8564
9248 6859 5092
9249 8544 8026
9250 1476 2793
9251 255 3985
9252 1545 8312
9253 10746 6519
9254 74 11493
9255 4314 7332
9256 11526 1463
9257 9389 8097
9258 2288 2824
9259 8371 951
9260 9572 6268
9261 8492 4702
9262 1712 7099
9263 4113 944
9264 8771 10558
9265 9636 3111
9266 6732 9356
9267 3972 1543
9268 6287 8982
9269 7944 2542
9270 3250 468
9271 3952 8437
9272 9429 7266
9273 1022 5322
9274 1729 300
9275 11175 6536
9276 11905 7879
9277 6795 3407
9278 6476 7323
9279 2848 710
9280 10364 11781
9281 3820 6861
9282 1804 4747
9283 8227 9778
9284 5129 2234
9285 6157 4401
9286 4426 9127
9287 2571 2798
9288 7844 2768
9289 9442 11227
9290 308 6803
9291 6423 8962
9292 10687 9129
9293 7496 7593
9294 6113 11405
9295 889 11501
9296 11493 866
9297 11627 7416
9298 7431 9342
9299 9143 6864
9300 7528 7287
9301 236 11016
9302 11613 2654
9303 3762 1252
9304 6370 975
9305 8596 10353
9306 2433 4300
9307 11087 2349
9308 3914 11680
9309 11479 1001
9310 10192 2624
9311 6879 5100
9312 10444 11477
9313 6633 6739
9314 7176 2798
9315 7949 8108
9316 5993 4966
9317 1093 8402
9318 11747 5402
9319 3107 7806
9320 2166 2055
9321 9221 7337
9322 5589 10858
9323 595 10112
9324 4584 1057
9325 8264 7877
9326 4788 1594
9327 4499 7492
9328 11918 6672
9329 9 1005
9330 10376 1123
9331 7514 3299
9332 3433 11966
9333 3018 302
9334 3370 10022
9335 8788 1503
9336 3654 8316
9337 7092 10769
9338 2633 6073
9339 6031 9356
9340 1024 5288
9341 5913 3142
9342 7855 7467
9343 1236 6132
9344 11683 12000
9345 8767 980
9346 4928 8758
9347 1490 5263
9348 873 42
9349 6947 9567
9350 11191 8147
9351 9600 11057
9352 7207 1567
9353 6839 7244
9354 1199 1353
9355 994 10937
9356 7141 6429
9357 1447 6156
9358 2282 6891
9359 9546 7063
9360 8064 6178
9361 1832 7640
9362 834 9664
9363 4686 2535
9364 5398 5333
9365 3706 7238
9366 3151 321
9367 3346 1110
9368 8361 4483
9369 7295 6942
9370 4882 7624
9371 1530 1604
9372 941 2504
9373 10892 8939
9374 2543 8495
9375 11293 8402
9376 10464 5745
9377 6495 2033
9378 11610 9458
9379 265 7210
9380 2334 11573
9381 2940 3943
9382 7698 9795
9383 6775 5512
9384 1230 5534
9385 9712 6400
9386 3881 234
9387 11186 11202
9388 9155 11998
9389 8575 1661
9390 5565 129
9391 3047 10465
9392 1001 973
9393 1635 8327
9394 3029 393
9395 10261 2698
9396 7652 5588
9397 7179 3909
9398 1087 1285
9399 10133 1389
9400 7367 115
9401 8340 9469
9402 9889 2161
9403 7484 11245
9404 520 234
9405 37 11963
9406 7687 862
9407 4821 339
9408 5956 8711
9409 442 7659
9410 2416 5778
9411 631 5219
9412 5868 843
9413 6871 6360
9414 10196 156
9415 4341 8093
9416 8811 5051
9417 1306 3961
9418 6669 1295
9419 4921 1676
9420 9279 7282
9421 11088 1650
9422 7858 1561
9423 10959 7981
9424 5143 793
9425 9814 8493
9426 10607 8740
9427 10139 10835
9428 7355 9881
9429 1704 6275
9430 694 508
9431 3407 4244
9432 1440 4149
9433 5343 7217
9434 8073 5622
9435 9108 6394
9436 5515 1100
9437 8684 7177
9438 11545 9925
9439 8611 8704
9440 8064 1685
9441 8010 10605
9442 9447 386
9443 4911 8321
9444 5707 5296
9445 9325 3865
9446 9243 3418
9447 11412 3363
9448 9538 1827
9449 2009 2248
9450 3342 10442
9451 6436 7170
9452 3965 7401
9453 6762 8289
9454 883 8719
9455 8894 4675
9456 10891 9865
9457 10734 1827
9458 6012 10210
9459 6226 1692
9460 8547 9865
9461 8953 8116
9462 7857 8635
9463 723 9773
9464 24 8079
9465 1261 1907
9466 8202 1837
9467 4515 3754
9468 3562 6080
9469 8316 8228
9470 11815 8400
9471 565 9788
9472 1771 84
9473 2192 3866
9474 2241 234
9475 9566 3635
9476 3787 907
9477 7482 10745
9478 1439 7547
9479 7954 1393
9480 9730 4733
9481 1387 680
9482 4434 4740
9483 6669 780
9484 7374 6304
9485 1707 8208
9486 9297 5287
9487 11109 389
9488 6777 8051
9489 1727 5110
9490 4524 4314
9491 3130 5236
9492 7624 10826
9493 8621 2723
9494 9589 5677
9495 11860 629
9496 6236 3983
9497 6915 591
9498 11634 4195
9499 5808 4829
9500 816 10141
9501 5978 3998
9502 10577 4151
9503 11877 3681
9504 1298 5790
9505 9198 1103
9506 11289 7603
9507 2187 2533
9508 1713 3220
9509 5595 6204
9510 10762 1525
9511 758 1373
9512 10481 7198
9513 1908 8610
9514 44 177
9515 1634 3239
9516 8410 11758
9517 8727 10067
9518 10500 5061
9519 1747 9366
9520 2518 4061
9521 8925 11703
9522 7969 3345
9523 7583 24
9524 3231 5523
9525 4289 4261
9526 4530 8764
9527 6209 8408
9528 3114 3801
9529 321 8150
9530 11612 4887
9531 3144 11044
9532 7303 11074
9533 10214 11103
9534 5664 367
9535 1633 1890
9536 10685 11584
9537 10171 4827
9538 1059 4482
9539 10248 4960
9540 9462 9848
9541 7648 9844
9542 11791 2462
9543 3861 8977
9544 5586 10428
9545 4424 10098
9546 7289 8367
9547 11559 8427
9548 3249 2251
9549 11422 2857
9550 10271 9783
9551 9519 9009
9552 1198 8835
9553 5293 10726
9554 4539 11817
9555 6178 10620
9556 2557 9207
9557 9544 7353
9558 4452 8834
9559 2098 11557
9560 8607 2707
9561 8203 995
9562 5748 10515
9563 5347 10898
9564 6341 4384
9565 2774 9029
9566 1950 10976
9567 6837 11277
9568 260 8723
9569 9787 10216
9570 7679 9107
9571 1885 11631
9572 5295 6475
9573 8022 3513
9574 5101 10623
9575 2936 9241
9576 11614 9861
9577 6234 8812
9578 471 3860
9579 654 1640
9580 5631 9270
9581 9544 4131
9582 4771 11512
9583 10885 4660
9584 8823 7239
9585 296 3886
9586 9674 11294
9587 9437 10778
9588 7985 4636
9589 11929 4835
9590 9222 6142
9591 6304 2573
9592 1272 1605
9593 5267 152
9594 6877 8906
9595 4732 10941
9596 3907 8554
9597 1506 9880
9598 9922 4417
9599 3878 6291
9600 8526 5143
9601 1290 3801
9602 8094 10148
9603 7560 4562
9604 2717 1687
9605 3003 10463
9606 3982 10240
9607 2249 3285
9608 4732 3558
9609 9791 5959
9610 1726 11460
9611 4274 9598
9612 10735 3098
9613 9990 571
9614 11350 6809
9615 8243 11443
9616 4501 9317
9617 3818 4199
9618 1178 2079
9619 9211 9249
9620 7495 7699
9621 4320 4783
9622 5680 8719
9623 10970 6556
9624 7525 11184
9625 6806 7616
9626 2294 4598
9627 7584 3036
9628 7228 3270
9629 7425 2427
9630 8468 891
9631 3405 1733
9632 1616 4363
9633 9140 9420
9634 2680 7361
9635 600 4827
9636 5448 5531
9637 3368 2512
9638 8834 11505
9639 8592 2412
9640 4326 11847
9641 8389 3848
9642 3389 2918
9643 9208 1641
9644 7465 4564
9645 10254 10201
9646 10118 522
9647 9765 5465
9648 10873 1206
9649 9292 8266
9650 4154 10544
9651 4692 8459
9652 787 11707
9653 893 1731
9654 6404 6973
9655 3634 2374
9656 8688 1790
9657 1445 5437
9658 6568 10530
9659 970 2418
9660 9695 9811
9661 472 2490
9662 11347 5383
9663 6102 1671
9664 9069 818
9665 872 10616
9666 9149 8150
9667 6609 512
9668 11132 677
9669 1081 8266
9670 1184 11862
9671 1368 10718
9672 8150 9763
9673 1549 10900
9674 10250 10010
9675 4789 7658
9676 1970 1081
9677 10243 7912
9678 6834 8957
9679 4498 4478
9680 5208 7336
9681 4013 5139
9682 8269 2767
9683 2527 8394
9684 10941 8189
9685 9027 1492
9686 3263 9731
9687 2212 10765
9688 288 9972
9689 2703 8527
9690 197 8929
9691 1765 7076
9692 7699 121
9693 11579 7008
9694 7470 6831
9695 843 2990
9696 9160 1546
9697 4606 2820
9698 6134 11571
9699 7228 9096
9700 6905 8018
9701 441 9089
9702 3374 3449
9703 5440 6592
9704 6514 9811
9705 5854 984
9706 3006 6654
9707 4706 11694
9708 10816 1740
9709 10486 3216
9710 9755 646
9711 9779 516
9712 2171 6819
9713 9019 8831
9714 2330 470
9715 10843 9963
9716 6852 8567
9717 3931 6825
9718 2102 3355
9719 1864 10598
9720 2231 464
9721 11107 2391
9722 8291 5633
9723 5157 5353
9724 372 300
9725 11352 7780
9726 4598 9615
9727 722 2208
9728 1630 3039
9729 3823 8320
9730 2981 6535
9731 7611 2790
9732 2348 10994
9733 7100 2715
9734 4595 4204
9735 450 7236
9736 10584 95
9737 2128 582
9738 7105 9998
9739 3650 5052
9740 10161 3986
9741 10195 635
9742 11411 9220
9743 1431 2220
9744 9372 10174
9745 11303 7364
9746 5986 5600
9747 5650 5573
9748 4320 5155
9749 9047 7306
9750 7463 5935
9751 6328 1003
9752 5351 8165
9753 2592 7923
9754 198 7321
9755 8526 9558
9756 7824 491
9757 11214 8150
9758 2068 3041
9759 1886 3315
9760 6109 7838
9761 11654 7554
9762 192 3358
9763 10222 6533
9764 11447 3074
9765 794 3539
9766 6122 6282
9767 6125 8777
9768 2058 8464
9769 2686 195
9770 11157 1063
9771 6015 8702
9772 10597 10666
9773 1486 11868
9774 9249 8580
9775 6730 5825
9776 2107 8378
9777 9249 6206
9778 7438 2625
9779 9557 9287
9780 7239 10811
9781 10686 7454
9782 1053 3281
9783 1859 2993
9784 57 10390
9785 10241 2186
9786 3538 11792
9787 6264 10450
9788 11433 2512
9789 11567 6393
9790 7048 9047
9791 6600 10937
9792 7824 10542
9793 289 7827
9794 11828 8388
9795 6333 2760
9796 5519 731
9797 5621 9275
9798 11686 8712
9799 685 8897
9800 6915 9524
9801 4393 6570
9802 10900 3935
9803 11729 3553
9804 1449 1675
9805 9497 5467
9806 5695 5517
9807 84 1532
9808 4768 9489
9809 562 1196
9810 4040 4264
9811 9209 11471
9812 4513 7891
9813 8610 5323
9814 7042 10575
9815 4081 4046
9816 10403 8072
9817 3630 4262
9818 4287 5713
9819 11311 9011
9820 786 4068
9821 767 5597
9822 1339 2271
9823 5030 11189
9824 10390 5389
9825 9436 3282
9826 6985 5464
9827 9885 5152
9828 2874 9660
9829 10760 8237
9830 3166 8902
9831 9917 6005
9832 5512 1556
9833 188 3428
9834 11805 11786
9835 11363 153
9836 6033 8480
9837 8315 3274
9838 1268 7646
9839 8590 8958
9840 3018 8539
9841 6675 2054
9842 1083 1559
9843 6630 8448
9844 7494 5623
9845 2964 6296
9846 3022 9166
9847 1620 3052
9848 10752 9944
9849 1913 4106
9850 7072 635
9851 4857 6959
9852 316 6291
9853 4372 120
9854 10925 11260
9855 5161 1419
9856 106 7058
9857 7364 11452
9858 9383 4803
9859 1472 6105
9860 8356 3516
9861 4562 592
9862 246 10320
9863 10680 8246
9864 8564 10372
9865 4292 8941
9866 5477 5742
9867 5617 1160
9868 5201 8303
9869 9741 49
9870 10824 11058
9871 10581 11929
9872 11378 1376
9873 5136 1159
9874 2219 8649
9875 10800 10676
9876 5104 8548
9877 5743 8681
9878 4273 5510
9879 7110 9906
9880 5503 5987
9881 1991 5267
9882 3912 757
9883 1734 10639
9884 2263 6479
9885 5651 11178
9886 1023 2804
9887 9019 8960
9888 602 4792
9889 7041 4588
9890 5857 3698
9891 2323 2148
9892 2589 5169
9893 10175 10853
9894 5778 8896
9895 5868 8646
9896 2201 5182
9897 1480 9690
9898 9945 11342
9899 8858 8691
9900 10037 7405
9901 2920 6762
9902 10723 4213
9903 7265 4011
9904 2619 11779
9905 7946 3614
9906 3395 4172
9907 5102 10206
9908 2276 6890
9909 5855 4174
9910 8150 9213
9911 2112 11864
9912 1955 866
9913 141 11539
9914 6716 4768
9915 7333 7369
9916 11380 8086
9917 3755 6974
9918 1586 6945
9919 7953 5948
9920 5949 6454
9921 8039 853
9922 9523 3288
9923 10403 3130
9924 7917 4399
9925 9666 8512
9926 10790 3260
9927 6807 5842
9928 4532 7352
9929 9034 2776
9930 4490 6177
9931 1598 11066
9932 9013 8290
9933 8158 11050
9934 7583 696
9935 182 2119
9936 2118 5793
9937 2216 10870
9938 3808 2092
9939 2511 3453
9940 318 8454
9941 6242 1183
9942 617 3712
9943 9618 3648
9944 11180 7320
9945 2277 11938
9946 8684 6329
9947 11171 1658
9948 5235 8968
9949 10332 1779
9950 3360 661
9951 1503 8163
9952 10848 7829
9953 5824 9308
9954 11996 6698
9955 3234 4991
9956 2653 9156
9957 10990 4482
9958 632 2193
9959 10380 9577
9960 4010 6137
9961 11600 1814
9962 5659 3906
9963 5537 20
9964 6424 2612
9965 9891 4746
9966 4378 191
9967 3240 11040
9968 322 9909
9969 7494 1086
9970 6547 10867
9971 2667 9274
9972 11070 11388
9973 9196 7029
9974 7125 1008
9975 3321 3963
9976 2849 9945
9977 4395 8223
9978 5747 2123
9979 6531 6977
9980 7188 2167
9981 11299 7742
9982 7520 10086
9983 5829 902
9984 210 379
9985 9629 4973
9986 10948 6754
9987 7400 9020
9988 316 4157
9989 6152 3257
9990 11203 11149
9991 4604 5171
9992 1323 11443
9993 9686 5031
9994 430 10214
9995 6810 2642
9996 5041 7480
9997 9252 7437
9998 1097 7381
9999 4053 1364
10000 1110 4522
10001 6071 11652
10002 4155 3824
10003 5479 345
10004 7116 7873
10005 5669 8928
10006 1573 4441
10007 6896 615
10008 6796 6764
10009 1695 5781
10010 297 6383
10011 6234 9963
10012 7860 3673
10013 11685 11560
10014 3574 11579
10015 10359 4641
10016 2282 684
10017 440 6368
10018 404 11629
10019 2840 2990
10020 2597 9069
10021 5696 1375
10022 368 1101
10023 3556 9326
10024 6249 1980
10025 9111 9816
10026 4777 4641
10027 2969 10453
10028 2698 6583
10029 6345 1549
10030 3325 3821
10031 9170 1969
10032 6998 7724
10033 5888 6353
10034 1195 1706
10035 11156 5224
10036 11200 6574
10037 177 1106
10038 268 4454
10039 1485 5966
10040 4361 2106
10041 10267 3519
10042 2391 10658
10043 4250 10499
10044 3637 4951
10045 10610 1044
10046 7729 2354
10047 4574 3944
10048 3040 6667
10049 10804 7377
10050 11126 2460
10051 5101 11164
10052 630 757
10053 760 9392
10054 4441 6426
10055 6656 5164
10056 1143 256
10057 887 1140
10058 854 8121
10059 2466 10712
10060 8649 6623
10061 51 6192
10062 558 9249
10063 772 11990
10064 5698 11303
10065 1266 5521
10066 11927 3346
10067 11404 6443
10068 9511 1528
10069 2505 9743
10070 3077 2898
10071 357 10402
10072 1473 5254
10073 4337 3523
10074 5974 1755
10075 6021 9617
10076 174 7766
10077 9252 4429
10078 2183 1059
10079 194 9869
10080 2253 629
10081 9406 11692
10082 6349 4960
10083 8697 6618
10084 7868 9839
10085 10857 7581
10086 10861 5403
10087 9599 10416
10088 10387 11113
10089 6654 11514
10090 10415 2032
10091 2498 7833
10092 3343 10045
10093 5978 9829
10094 11612 10130
10095 7730 4956
10096 5507 11329
10097 2359 9277
10098 5606 3230
10099 9784 6265
10100 3958 7197
10101 10475 6624
10102 7480 2987
10103 3798 4896
10104 5428 6746
10105 5167 8843
10106 7835 8387
10107 825 7768
10108 10008 8913
10109 2848 5910
10110 426 10058
10111 7791 1840
10112 8206 203
10113 7798 8405
10114 2377 9007
10115 3480 9578
10116 3451 4990
10117 102 1038
10118 8065 5963
10119 11977 9360
10120 11799 11099
10121 8613 1872
10122 3689 9212
10123 49 5176
10124 7278 3945
10125 1046 4350
10126 9054 3599
10127 11206 9055
10128 4601 11531
10129 2755 373
10130 10949 4190
10131 7524 3328
10132 5453 6893
10133 3783 11356
10134 6523 2720
10135 223 61
10136 9211 851
10137 5845 8144
10138 5480 10743
10139 1275 7916
10140 10349 290
10141 5109 6891
10142 6230 7795
10143 11752 3507
10144 1106 10490
10145 3414 3828
10146 11059 10834
10147 3904 6444
10148 11074 3038
10149 10859 8673
10150 9428 11118
10151 9601 11712
10152 4939 4092
10153 11805 480
10154 1880 6334
10155 4579 3321
10156 4243 11848
10157 4839 6190
10158 5193 5985
10159 3206 82
10160 9622 10279
10161 10860 8055
10162 9116 2058
10163 10831 492
10164 3729 6804
10165 7873 3375
10166 4056 441
10167 2785 11190
10168 5022 9653
10169 6316 8748
10170 566 1988
10171 2959 5453
10172 7040 2697
10173 4048 8780
10174 8662 6367
10175 6441 6818
10176 1082 4369
10177 3805 4037
10178 6129 6171
10179 4610 8975
10180 3596 2660
10181 6432 10918
10182 9755 3841
10183 3114 697
10184 10735 299
10185 7328 5110
10186 4117 4187
10187 7072 4928
10188 6340 11331
10189 1713 5011
10190 11777 1347
10191 9732 9939
10192 7057 8896
10193 4972 7397
10194 8764 1377
10195 7426 6423
10196 4986 6945
10197 9118 6621
10198 10411 1042
10199 3630 7253
10200 11315 10215
10201 3197 11950
10202 6997 1708
10203 8175 6154
10204 6117 3394
10205 5825 9157
10206 4652 9799
10207 9167 4357
10208 8811 2904
10209 4565 10257
10210 3364 4135
10211 10661 4780
10212 1347 2818
10213 1444 11398
10214 11724 2032
10215 3608 8092
10216 7411 4400
10217 3233 748
10218 7949 387
10219 7655 1179
10220 2217 9853
10221 10843 9168
10222 8575 1202
10223 9867 4335
10224 1526 4903
10225 9722 6878
10226 1493 9326
10227 7233 716
10228 1119 9133
10229 1852 10923
10230 6828 1469
10231 5093 728
10232 3467 1510
10233 6944 4087
10234 8458 5766
10235 8321 4219
10236 5147 5501
10237 4872 1872
10238 3978 4973
10239 1325 7650
10240 9087 7860
10241 8786 1147
10242 5144 8623
10243 3451 7902
10244 447 5168
10245 3703 5322
10246 5039 4945
10247 5306 590
10248 2459 2197
10249 8060 10782
10250 6194 6357
10251 7025 6908
10252 1605 10911
10253 4919 10066
10254 10278 662
10255 6412 3834
10256 11557 2185
10257 11437 8461
10258 6828 11502
10259 1966 3355
10260 1363 5954
10261 3255 4323
10262 6931 6199
10263 820 1003
10264 9936 9707
10265 9922 4482
10266 2957 1258
10267 1586 10905
10268 11651 10375
10269 10596 9719
10270 8924 10220
10271 7137 2660
10272 5123 8950
10273 5224 4621
10274 10982 7779
10275 1178 6244
10276 8284 919
10277 8484 1808
10278 2598 4100
10279 1446 5346
10280 7857 10786
10281 4383 5922
10282 5720 11750
10283 6221 7616
10284 8927 7285
10285 633 11585
10286 9725 11219
10287 10845 9324
10288 826 4951
10289 7670 6573
10290 6368 642
10291 5471 10020
10292 3293 250
10293 7561 4698
10294 2445 8147
10295 9415 10344
10296 870 6421
10297 6194 1524
10298 4244 5499
10299 11794 3743
10300 7473 3490
10301 8411 8405
10302 5465 8998
10303 11755 3025
10304 2835 7329
10305 2572 8474
10306 6400 10037
10307 11489 6351
10308 2177 9788
10309 5377 3321
10310 769 3924
10311 4015 5514
10312 3812 8660
10313 8555 2339
10314 668 960
10315 1821 2229
10316 1257 6919
10317 7518 8223
10318 929 6408
10319 7728 903
10320 4933 10742
10321 11987 4740
10322 2546 1110
10323 9003 3114
10324 2593 3849
10325 7139 1789
10326 9833 4830
10327 1011 10334
10328 2829 5181
10329 11754 9533
10330 5196 7941
10331 10636 7099
10332 3324 941
10333 8583 6860
10334 4151 4056
10335 4038 7256
10336 1721 8086
10337 6742 7193
10338 5432 3286
10339 7176 6799
10340 4759 4069
10341 10279 6971
10342 10855 6831
10343 3670 3391
10344 4288 4380
10345 2154 8229
10346 9818 2153
10347 7575 7493
10348 9415 6726
10349 7878 2114
10350 600 862
10351 4697 2395
10352 4637 2207
10353 7757 1193
10354 2542 714
10355 6026 1557
10356 3472 660
10357 7633 1545
10358 2108 3201
10359 10932 10960
10360 10879 5663
10361 1665 4070
10362 3706 2450
10363 10368 8213
10364 10968 8154
10365 10514 1771
10366 1280 4396
10367 6281 10714
10368 3873 7566
10369 5764 985
10370 1123 8985
10371 6333 725
10372 11284 11526
10373 9950 5019
10374 645 11554
10375 617 10395
10376 9665 5354
10377 3002 9316
10378 1918 7064
10379 9701 11760
10380 7749 6796
10381 11617 8902
10382 9168 5928
10383 7548 4511
10384 9035 11626
10385 8093 2923
10386 11512 6837
10387 5607 4246
10388 2252 11897
10389 5962 8299
10390 4772 5909
10391 9809 3803
10392 8602 4439
10393 1223 8373
10394 5957 1118
10395 11480 8206
10396 7280 9553
10397 2296 11716
10398 9942 5363
10399 3541 9118
10400 3931 880
10401 9717 2980
10402 4163 1321
10403 6491 4913
10404 11124 816
10405 3535 1341
10406 5205 5415
10407 6688 8709
10408 5388 5560
10409 4074 10279
10410 6233 9522
10411 5385 10735
10412 9297 8976
10413 8009 9932
10414 11176 2731
10415 6882 9697
10416 11701 2380
10417 4528 425
10418 2084 10468
10419 3582 7019
10420 9314 5997
10421 3666 9064
10422 7396 4285
10423 5426 2448
10424 300 1711
10425 77 9026
10426 10423 7856
10427 2986 11653
10428 6104 2496
10429 7326 6399
10430 10602 9136
10431 9857 8901
10432 5535 3313
10433 8898 6711
10434 2281 678
10435 5201 1287
10436 2722 4020
10437 11080 5370
10438 6911 558
10439 2298 7930
10440 889 8691
10441 3981 6356
10442 1939 376
10443 9692 5964
10444 5223 129
10445 899 4625
10446 8080 3471
10447 5651 7156
10448 10065 544
10449 10861 2351
10450 9308 8771
10451 1973 10856
10452 9232 11989
10453 929 7518
10454 7417 5521
10455 11013 683
10456 8883 3011
10457 8320 11009
10458 2742 3778
10459 5402 4478
10460 7911 11669
10461 10219 660
10462 11927 1204
10463 5082 10674
10464 3236 303
10465 7331 3574
10466 7344 8831
10467 5945 10698
10468 6572 2250
10469 2235 4949
10470 10978 8649
10471 5020 417
10472 216 10644
10473 2277 11292
10474 7811 842
10475 10597 5015
10476 1897 4512
10477 5200 10279
10478 11669 10524
10479 7687 11986
10480 10813 5507
10481 2062 695
10482 6514 2237
10483 7299 3002
10484 254 7001
10485 2288 4610
10486 10838 347
10487 9485 5762
10488 5629 9423
10489 4310 1699
10490 9667 1783
10491 8608 3212
10492 5452 1561
10493 4186 6233
10494 4858 2086
10495 10838 4940
10496 5800 2009
10497 8975 6914
10498 10026 5179
10499 11320 11551
10500 9500 5000
10501 10669 2292
10502 1409 11584
10503 712 4660
10504 7836 10305
10505 10853 2337
10506 4165 8180
10507 10375 9261
10508 4137 1728
10509 9011 5921
10510 11921 3945
10511 4226 10607
10512 3754 11972
10513 1806 731
10514 7793 10732
10515 8797 8059
10516 3826 9496
10517 2802 816
10518 3492 8389
10519 374 8097
10520 7384 780
10521 485 9556
10522 3106 7216
10523 467 1323
10524 322 4455
10525 4326 3621
10526 6405 334
10527 1984 3725
10528 4325 8586
10529 1814 10266
10530 7082 363
10531 9808 5401
10532 7307 10644
10533 4115 9752
10534 6986 1303
10535 4607 10771
10536 7150 6002
10537 5779 1617
10538 7761 9905
10539 8049 4592
10540 8704 2758
10541 1873 10388
10542 9955 8536
10543 385 2719
10544 5370 11432
10545 3172 3056
10546 2207 9140
10547 3998 8195
10548 4417 7342
10549 11508 11382
10550 5849 10639
10551 876 408
10552 5863 6216
10553 2105 32
10554 10190 1213
10555 8360 6080
10556 1449 5531
10557 63 3070
10558 2572 7723
10559 4639 2399
10560 2755 735
10561 9127 8604
10562 1454 3883
10563 8340 2598
10564 8388 10805
10565 11998 10333
10566 4406 5548
10567 6905 7359
10568 959 11119
10569 9323 10228
10570 11462 2004
10571 2345 6050
10572 4500 7502
10573 376 7819
10574 10079 1457
10575 6859 1858
10576 10094 5809
10577 8383 10301
10578 3247 4695
10579 7367 7998
10580 7821 9985
10581 3358 9523
10582 3366 2449
10583 6383 421
10584 3321 8838
10585 2913 9099
10586 49 7525
10587 586 10508
10588 10692 5665
10589 5137 8616
10590 2529 8934
10591 5118 7747
10592 11431 1298
10593 2473 516
10594 9679 6343
10595 11229 8665
10596 10475 6440
10597 7424 2958
10598 1659 2593
10599 6611 8737
10600 3139 2714
10601 7697 1376
10602 9368 1709
10603 2215 7239
10604 11835 2754
10605 8863 75
10606 1593 9892
10607 5923 2544
10608 3049 6083
10609 8473 8576
10610 2710 1329
10611 5145 8391
10612 5411 5287
10613 3722 9003
10614 9078 707
10615 4957 10669
10616 5407 11840
10617 9923 461
10618 4697 2981
10619 1519 1832
10620 2737 8911
10621 4912 5792
10622 2267 2675
10623 11062 4277
10624 8251 9603
10625 9505 2430
10626 3574 191
10627 1465 6213
10628 2613 4067
10629 6669 4680
10630 6335 1988
10631 996 11588
10632 11968 3642
10633 1607 1961
10634 4318 5382
10635 8997 9301
10636 2339 11720
10637 5709 1494
10638 10760 353
10639 1984 1052
10640 2733 8710
10641 7571 9478
10642 4518 15
10643 5214 3292
10644 9535 10370
10645 1770 4604
10646 2036 7163
10647 8643 169
10648 11472 3487
10649 3729 11176
10650 365 4819
10651 3208 7532
10652 4999 4129
10653 3284 4993
10654 9840 7944
10655 10911 6030
10656 4600 6000
10657 1399 2396
10658 652 7395
10659 5853 6524
10660 1279 5991
10661 6149 6539
10662 6311 8107
10663 7849 5323
10664 2774 10122
10665 3577 2428
10666 8939 532
10667 8585 2914
10668 8520 10170
10669 8317 3058
10670 5026 2552
10671 2574 2162
10672 7874 913
10673 8721 5447
10674 3003 5042
10675 10609 11463
10676 658 615
10677 8144 8923
10678 5691 11868
10679 11682 9174
10680 8761 8552
10681 2005 4319
10682 156 7108
10683 11718 8461
10684 2711 8578
10685 11137 11227
10686 7114 4085
10687 5245 11794
10688 4387 3611
10689 3735 6044
10690 10580 8851
10691 5454 7158
10692 10955 7089
10693 2229 8053
10694 10335 1878
10695 6965 4735
10696 10844 9514
10697 1967 9577
10698 3960 11198
10699 4382 506
10700 5982 1672
10701 9576 9041
10702 9678 7434
10703 7151 2258
10704 11106 3772
10705 10557 1027
10706 2254 2799
10707 3990 2348
10708 674 604
10709 8896 1244
10710 1496 10329
10711 8140 4743
10712 7646 6007
10713 11566 5934
10714 4658 295
10715 5292 5973
10716 10065 10294
10717 818 3273
10718 2498 3194
10719 4730 4218
10720 2704 10258
10721 497 6500
10722 3932 1102
10723 500 610
10724 11820 3994
10725 7993 11683
10726 249 275
10727 4343 4119
10728 2210 7351
10729 1708 8831
10730 2223 3690
10731 3228 1142
10732 7068 5515
10733 11063 2067
10734 2913 3833
10735 3979 77
10736 9713 106
10737 6716 2681
10738 9429 617
10739 1094 1786
10740 9431 304
10741 11582 11843
10742 10762 572
10743 2205 8950
10744 3414 5781
10745 3701 7752
10746 11483 5828
10747 6790 6568
10748 11410 2908
10749 8954 7565
10750 11311 8686
10751 2348 1867
10752 11584 8807
10753 9444 6423
10754 10281 3904
10755 460 11143
10756 6641 5026
10757 1303 4174
10758 8934 7433
10759 11543 3781
10760 2735 1151
10761 6674 4351
10762 11741 2497
10763 9613 5015
10764 3036 7789
10765 9051 8436
10766 10054 3553
10767 5971 665
10768 9230 1994
10769 6074 10526
10770 6818 11470
10771 7895 10840
10772 2201 7428
10773 6401 9612
10774 6637 10525
10775 2608 9641
10776 11775 10548
10777 224 6880
10778 10136 6424
10779 6293 1307
10780 11389 2084
10781 6986 2322
10782 1198 10021
10783 4928 5995
10784 5577 10060
10785 5481 528
10786 2760 2062
10787 5626 6233
10788 9980 6920
10789 2646 10032
10790 5751 1388
10791 203 4626
10792 10307 8078
10793 7980 8521
10794 4046 2345
10795 5649 5588
10796 6610 1842
10797 2645 9112
10798 10247 1990
10799 10866 9108
10800 3305 8130
10801 11687 11237
10802 9585 3701
10803 7342 2265
10804 1885 2636
10805 4916 11906
10806 5876 10375
10807 9200 1793
10808 6380 7976
10809 5426 8798
10810 4660 9341
10811 3857 10323
10812 5819 7130
10813 7472 502
10814 4700 3042
10815 10696 2828
10816 6823 5445
10817 3385 4748
10818 1230 11035
10819 795 9914
10820 4605 10388
10821 11433 2094
10822 7263 10572
10823 5606 9444
10824 5815 7180
10825 5693 6519
10826 7082 9995
10827 11857 1273
10828 11792 9587
10829 2887 1991
10830 1375 2279
10831 9971 2933
10832 5945 10333
10833 11118 1228
10834 7677 6004
10835 3580 1643
10836 5599 134
10837 1491 10493
10838 6927 5243
10839 417 4427
10840 1310 505
10841 1361 2016
10842 6489 46
10843 10476 9379
10844 11149 11444
10845 801 167
10846 9943 4196
10847 3419 5534
10848 1733 6694
10849 7999 7666
10850 6754 3551
10851 11488 3288
10852 181 11030
10853 11550 10346
10854 2586 5683
10855 4643 7619
10856 3414 7002
10857 976 11732
10858 9238 3798
10859 5705 10650
10860 6869 4658
10861 2294 4445
10862 3174 11084
10863 7541 4852
10864 7068 6625
10865 1618 11543
10866 11359 4131
10867 6593 10716
10868 3114 2151
10869 4932 6402
10870 2713 10755
10871 1962 6488
10872 11470 10131
10873 8415 7160
10874 6508 1639
10875 5738 7974
10876 2390 5467
10877 4993 3875
10878 9301 8335
10879 4732 2065
10880 3649 2509
10881 10628 451
10882 8499 3938
10883 1140 4601
10884 7185 2013
10885 1199 5957
10886 2897 10176
10887 4701 9391
10888 2306 7987
10889 5738 3839
10890 6008 6543
10891 9251 6163
10892 11542 5568
10893 10147 1015
10894 7241 9072
10895 11264 11972
10896 11011 5933
10897 665 9105
10898 7893 11656
10899 8033 6229
10900 4231 3355
10901 736 8929
10902 5509 1462
10903 4688 5830
10904 11674 3616
10905 10468 2934
10906 10745 5004
10907 9515 9581
10908 1428 414
10909 5629 5272
10910 10567 5262
10911 5616 1835
10912 4367 5067
10913 7890 7834
10914 7581 9204
10915 1328 2615
10916 5390 4507
10917 4323 11104
10918 9095 11355
10919 10616 1765
10920 11264 839
10921 1433 2266
10922 3932 3560
10923 982 11896
10924 9229 4967
10925 9942 803
10926 6891 88
10927 7242 3021
10928 5849 7045
10929 11976 2557
10930 9289 2056
10931 7852 10392
10932 9415 4384
10933 11726 62
10934 7697 9104
10935 9827 11909
10936 3940 1918
10937 3553 8475
10938 2976 3129
10939 3168 11916
10940 11263 3169
10941 6746 11950
10942 2710 3730
10943 3468 8907
10944 1121 7844
10945 865 10063
10946 10119 7003
10947 6856 9023
10948 2856 11512
10949 9909 10402
10950 11832 10333
10951 6096 4389
10952 1118 4749
10953 8685 6855
10954 3772 10109
10955 3298 3742
10956 7674 8775
10957 6052 10284
10958 6231 1929
10959 6171 2958
10960 4578 1976
10961 7286 3178
10962 7200 683
10963 4968 3683
10964 9046 1087
10965 1977 4762
10966 6412 11318
10967 11946 2786
10968 5704 2736
10969 1064 4909
10970 2533 5214
10971 4135 3449
10972 2791 4873
10973 8951 253
10974 2060 7166
10975 2453 2450
10976 10261 751
10977 6824 9115
10978 1087 8259
10979 720 8991
10980 4757 2666
10981 1917 490
10982 4580 7792
10983 10526 11243
10984 6766 10146
10985 11552 1585
10986 7011 6662
10987 617 11333
10988 3146 62
10989 4981 11809
10990 5905 2700
10991 5795 3835
10992 3617 1168
10993 2316 7077
10994 11734 10869
10995 3882 4177
10996 1643 6849
10997 2545 5107
10998 8729 9290
10999 316 1159
11000 11123 492
11001 7771 11220
11002 4814 9479
11003 1431 10197
11004 11378 4931
11005 11159 5291
11006 3896 5950
11007 731 3286
11008 1964 6057
11009 1025 2209
11010 4983 8587
11011 2587 6960
11012 9392 2946
11013 4108 6028
11014 928 8660
11015 4458 2979
11016 8708 11325
11017 11642 6950
11018 3205 2836
11019 5280 6922
11020 10428 2735
11021 7368 3052
11022 8627 6443
11023 3103 6320
11024 443 2008
11025 8708 7108
11026 10257 2736
11027 5583 8181
11028 219 7274
11029 751 5091
11030 3103 11158
11031 10258 1404
11032 6583 855
11033 1074 10906
11034 5669 11785
11035 7814 11103
11036 7408 7230
11037 3458 2777
11038 3660 6646
11039 735 3654
11040 6720 156
11041 11644 2619
11042 10507 3112
11043 408 6193
11044 8882 5090
11045 10233 1605
11046 899 5903
11047 8728 7664
11048 11514 8964
11049 9547 11724
11050 4862 7596
11051 2015 5098
11052 4745 8356
11053 5925 1677
11054 2311 4651
11055 2450 3181
11056 1010 11135
11057 3619 9418
11058 11145 11667
11059 7893 11850
11060 3554 851
11061 3879 8445
11062 10807 2137
11063 8144 3989
11064 8006 3021
11065 3929 7819
11066 1732 3375
11067 2832 4655
11068 1404 5977
11069 8390 8192
11070 11992 2650
11071 2258 2929
11072 6604 3590
11073 10674 11103
11074 44 8066
11075 862 9328
11076 8733 4213
11077 10473 4610
11078 6995 11257
11079 10236 10376
11080 5146 8317
11081 9649 6869
11082 3811 7157
11083 11867 5952
11084 11627 1613
11085 5868 7726
11086 4656 1664
11087 6186 5416
11088 10858 4443
11089 5155 1519
11090 1097 207
11091 6599 10968
11092 5524 10555
11093 10064 1574
11094 9133 8667
11095 9548 11257
11096 4456 6902
11097 6041 1556
11098 4012 610
11099 4368 4564
11100 5236 6598
11101 5002 3743
11102 2089 10854
11103 4297 3583
11104 402 1232
11105 8746 9865
11106 2621 5293
11107 10717 6288
11108 11853 10565
11109 10421 11195
11110 3592 6089
11111 5933 11697
11112 11592 7927
11113 2300 1261
11114 10386 5559
11115 3324 7839
11116 7889 8491
11117 9890 8026
11118 7123 7117
11119 415 10881
11120 6220 2026
11121 2366 7348
11122 5630 6925
11123 7863 1753
11124 935 1733
11125 9514 9139
11126 3288 8221
11127 8847 6083
11128 6371 9206
11129 7154 6842
11130 5340 798
11131 4264 8244
11132 9319 957
11133 4055 2873
11134 10803 924
11135 8270 9908
11136 5339 5669
11137 3386 10634
11138 10703 7874
11139 3084 6841
11140 363 9197
11141 6794 5284
11142 3670 2740
11143 6570 10498
11144 8901 9101
11145 3383 6367
11146 7300 2682
11147 10609 2681
11148 8645 1368
11149 8371 8926
11150 8323 11471
11151 11630 9123
11152 11811 9472
11153 5861 6368
11154 9825 10346
11155 11809 1634
11156 10659 272
11157 1104 11564
11158 6436 823
11159 848 10982
11160 9496 6402
11161 10558 5295
11162 1458 3464
11163 7514 2818
11164 2726 11785
11165 9036 2121
11166 4336 11725
11167 5816 4441
11168 1255 9004
11169 10670 10204
11170 1404 8458
11171 2106 8052
11172 6229 6054
11173 1832 718
11174 5495 11394
11175 10602 5271
11176 11746 4409
11177 3382 7838
11178 6029 11454
11179 6229 4414
11180 3108 5513
11181 7746 2072
11182 11709 1844
11183 9855 7484
11184 8623 11380
11185 4467 2761
11186 6798 1373
11187 1781 11354
11188 3866 5652
11189 11286 9033
11190 829 2830
11191 3160 9443
11192 11373 9828
11193 11474 4512
11194 2647 476
11195 9983 3529
11196 7604 9225
11197 11417 1730
11198 5675 1602
11199 861 8194
11200 4995 5158
11201 87 7329
11202 8498 2210
11203 2425 7318
11204 4996 6550
11205 4543 9947
11206 4362 11674
11207 4920 3
11208 4061 3455
11209 2062 4666
11210 9356 10189
11211 10774 8500
11212 11856 8129
11213 8170 5493
11214 7275 7788
11215 2239 7893
11216 10352 7202
11217 10255 7335
11218 9695 8567
11219 3653 5220
11220 364 6595
11221 4630 852
11222 759 9425
11223 8811 516
11224 1657 9878
11225 8783 3520
11226 3306 4584
11227 4982 6450
11228 7513 6222
11229 2527 5450
11230 9122 101
11231 760 10175
11232 10476 8071
11233 5073 7665
11234 5393 11047
11235 3712 1270
11236 31 3122
11237 9735 10762
11238 9115 2116
11239 8109 2592
11240 11180 2432
11241 7481 5740
11242 1747 9824
11243 8667 4805
11244 7373 181
11245 8776 11525
11246 10870 6219
11247 3533 7201
11248 5617 5562
11249 2293 7633
11250 1954 11607
11251 778 3504
11252 9397 6458
11253 510 3283
11254 5218 4494
11255 972 10177
11256 8440 5104
11257 7882 9824
11258 5093 4176
11259 4896 1673
11260 11825 10365
11261 8955 6558
11262 9540 3546
11263 994 1972
11264 9472 11624
11265 5703 4188
11266 9926 11433
11267 9007 9035
11268 2735 5385
11269 4020 10395
11270 11941 4043
11271 1419 395
11272 8441 6071
11273 10688 1071
11274 7335 8672
11275 1936 2857
11276 1027 1161
11277 7128 6412
11278 1892 4730
11279 7974 11634
11280 1509 11321
11281 11719 1521
11282 1722 8835
11283 8565 7640
11284 7892 5028
11285 10404 1427
11286 5385 7561
11287 7883 118
11288 5675 5278
11289 6419 7457
11290 7673 5696
11291 9127 7626
11292 5265 3950
11293 9139 9595
11294 7618 9427
11295 3184 1912
11296 2296 7219
11297 10511 4106
11298 8531 6717
11299 11967 8869
11300 7657 10235
11301 2271 11586
11302 1770 63
11303 1791 8099
11304 960 9836
11305 5424 7973
11306 9351 10424
11307 10958 4989
11308 1843 4533
11309 2754 9079
11310 4806 9256
11311 8461 8868
11312 6814 11631
11313 7440 9671
11314 8893 2798
11315 8032 6926
11316 2338 5835
11317 8837 4674
11318 1734 9514
11319 4749 4802
11320 8162 253
11321 1166 5590
11322 8055 6267
11323 7032 277
11324 6011 6440
11325 8946 10435
11326 11992 2811
11327 5149 1675
11328 10530 8577
11329 1829 11076
11330 705 4046
11331 7564 3391
11332 7841 6204
11333 271 11469
11334 6009 3188
11335 6613 2470
11336 5806 6756
11337 6469 6949
11338 2332 7231
11339 625 1342
11340 11051 10493
11341 854 6258
11342 2169 1964
11343 6207 7287
11344 6802 3422
11345 3353 9996
11346 3795 3455
11347 5181 9591
11348 3476 570
11349 2088 11901
11350 5495 10424
11351 1081 2575
11352 10102 11040
11353 7491 4491
11354 5213 8933
11355 347 6998
11356 4707 7106
11357 1399 8969
11358 4042 2982
11359 11947 7693
11360 4450 7861
11361 471 10317
11362 6071 332
11363 2785 4376
11364 4553 4903
11365 7965 1321
11366 1795 7254
11367 9686 2569
11368 11700 5980
11369 10322 756
11370 2787 3150
11371 4944 7075
11372 3605 11092
11373 8233 7180
11374 5372 540
11375 903 8611
11376 7892 10892
11377 9816 2561
11378 2238 5802
11379 3033 4218
11380 1169 181
11381 9093 9919
11382 6552 2854
11383 6934 8590
11384 2439 11956
11385 6908 9578
11386 8799 10786
11387 713 11426
11388 1959 2494
11389 5119 7252
11390 8079 4125
11391 677 3753
11392 319 3544
11393 8447 6952
11394 7899 10917
11395 2961 4807
11396 8719 9108
11397 3008 10485
11398 10524 841
11399 7684 9614
11400 10475 1006
11401 311 10203
11402 10354 11918
11403 10006 1106
11404 544 323
11405 10102 9929
11406 9078 4663
11407 944 2395
11408 9285 6641
11409 6566 6965
11410 4340 4864
11411 5970 4248
11412 9209 10895
11413 6584 7989
11414 9528 9810
11415 11715 485
11416 11671 7639
11417 7154 2867
11418 4604 5965
11419 5324 10114
11420 8579 8937
11421 2327 8723
11422 10269 6738
11423 8431 3027
11424 5872 3053
11425 2413 546
11426 11785 2726
11427 8658 4231
11428 3477 4779
11429 99 7257
11430 11486 512
11431 7349 2989
11432 11752 2935
11433 6036 9125
11434 7349 11510
11435 2764 4039
11436 4113 4296
11437 2594 2275
11438 3873 3798
11439 2869 10127
11440 4371 6911
11441 8995 8235
11442 8435 6019
11443 11997 2906
11444 9039 9416
11445 2826 6753
11446 8711 4778
11447 1883 6818
11448 5443 338
11449 11368 3352
11450 10911 7367
11451 8631 6656
11452 4903 2267
11453 5791 6998
11454 1543 7090
11455 2692 3544
11456 6378 2266
11457 7652 2700
11458 4721 8552
11459 311 8566
11460 8019 9007
11461 9402 64
11462 6853 2237
11463 10612 4979
11464 2292 1749
11465 4777 7756
11466 2539 8430
11467 9433 11827
11468 177 7536
11469 10915 6669
11470 4974 3507
11471 7883 33
11472 4711 9005
11473 7024 3273
11474 7824 10330
11475 5311 6646
11476 3333 10449
11477 10684 7359
11478 10572 4792
11479 2647 6559
11480 9189 9893
11481 2739 1669
11482 21 1627
11483 3105 8002
11484 1183 5159
11485 10577 2648
11486 7931 11859
11487 3565 9113
11488 6774 6740
11489 1511 5699
11490 10870 6058
11491 6144 313
11492 10282 11093
11493 2143 11721
11494 1396 9551
11495 10896 8640
11496 7726 10667
11497 3079 2691
11498 8900 8893
11499 6187 253
11500 7303 2660
11501 10084 3110
11502 10854 4132
11503 5349 9328
11504 5132 9630
11505 9621 6137
11506 8049 6549
11507 6114 7783
11508 390 9362
11509 7513 6851
11510 11716 4984
11511 6451 2947
11512 1856 7144
11513 6778 7826
11514 6012 6367
11515 2072 5828
11516 10676 10800
11517 154 9074
11518 3144 2212
11519 6994 7609
11520 6821 9167
11521 3826 4254
11522 43 10379
11523 7596 4177
11524 1790 3900
11525 9013 7872
11526 10228 4628
11527 8858 5301
11528 9780 10842
11529 9397 10420
11530 9327 5700
11531 1534 2827
11532 10907 2812
11533 1227 8615
11534 7450 2390
11535 6629 8400
11536 1927 9197
11537 5322 5903
11538 5562 8823
11539 3448 4384
11540 1891 3088
11541 9135 8055
11542 4745 2442
11543 4246 2981
11544 10397 4053
11545 5428 2211
11546 10958 949
11547 381 7922
11548 4571 9115
11549 1579 6022
11550 6290 4801
11551 9827 4236
11552 3191 11727
11553 832 8302
11554 2215 7302
11555 7240 6413
11556 5898 8781
11557 11831 10522
11558 4964 4972
11559 10416 5504
11560 5229 369
11561 6651 5760
11562 8334 5981
11563 5628 3412
11564 5478 2857
11565 972 4753
11566 5511 7293
11567 8361 2091
11568 4167 9157
11569 7580 9265
11570 1941 9385
11571 6646 202
11572 158 9592
11573 9476 8115
11574 2987 7609
11575 11201 1539
11576 4249 6005
11577 6762 5850
11578 10401 2224
11579 2096 10212
11580 10945 11278
11581 3167 4440
11582 4430 6448
11583 1536 1745
11584 9451 7767
11585 5272 8139
11586 3337 3449
11587 9667 9849
11588 10363 11034
11589 6395 4679
11590 11615 3497
11591 6334 5254
11592 10253 1495
11593 8111 1621
11594 3953 6182
11595 2925 9381
11596 5817 4738
11597 2980 6197
11598 7444 4438
11599 9037 9170
11600 3208 11795
11601 8242 11011
11602 10598 9312
11603 6509 7545
11604 1684 110
11605 1741 3180
11606 4560 8953
11607 10334 11748
11608 1221 2024
11609 10610 2175
11610 9859 6144
11611 2318 5210
11612 4715 355
11613 7622 3991
11614 10656 6383
11615 7176 6120
11616 7506 2036
11617 11236 4748
11618 11066 10906
11619 4853 7878
11620 2326 8767
11621 11132 3791
11622 4821 4419
11623 7962 2426
11624 635 133
11625 11374 99
11626 2351 1011
11627 1747 2701
11628 3843 2073
11629 1539 2010
11630 567 2536
11631 5999 9110
11632 7985 3038
11633 9139 6221
11634 260 6727
11635 2990 8589
11636 1354 1964
11637 6507 4917
11638 9250 3962
11639 5820 10286
11640 8126 10558
11641 6115 11527
11642 7109 5129
11643 8541 1993
11644 2507 5575
11645 9889 3260
11646 3407 5098
11647 1382 6446
11648 11446 9451
11649 7159 6128
11650 4674 11198
11651 5787 10999
11652 7096 7825
11653 5122 9204
11654 6203 10930
11655 10345 4531
11656 456 2019
11657 3547 5160
11658 4319 3430
11659 10321 7942
11660 5634 5331
11661 8120 8147
11662 5878 3176
11663 11867 10741
11664 3238 6749
11665 9602 7324
11666 11255 3807
11667 4462 4152
11668 2186 834
11669 10309 8114
11670 3501 10036
11671 2947 3784
11672 1018 11819
11673 10647 7277
11674 4238 932
11675 10631 7940
11676 2557 5101
11677 2397 47
11678 6995 2859
11679 718 10903
11680 4911 9193
11681 8795 7741
11682 9283 1745
11683 9875 9382
11684 11914 6366
11685 5209 7556
11686 5358 4296
11687 4863 7367
11688 9276 3119
11689 10683 11462
11690 5847 11317
11691 2726 1437
11692 11828 7448
11693 8342 3013
11694 604 2217
11695 11809 8062
11696 1223 10823
11697 2985 6966
11698 4746 5269
11699 6427 3967
11700 6454 8808
11701 6424 10521
11702 11231 6852
11703 1090 5366
11704 4004 3490
11705 2215 7862
11706 9393 694
11707 6942 5839
11708 6432 11152
11709 10985 4855
11710 9490 8203
11711 9646 6205
11712 10098 5994
11713 3782 10994
11714 4846 4157
11715 11250 11111
11716 1233 61
11717 4972 8989
11718 2687 4549
11719 2301 10122
11720 11851 9921
11721 11171 9002
11722 3114 9549
11723 10223 2435
11724 668 9217
11725 3786 10441
11726 5093 7810
11727 2389 1385
11728 1602 10208
11729 1018 5543
11730 785 286
11731 8024 4149
11732 1509 4680
11733 8260 3111
11734 11928 6911
11735 8779 9905
11736 2029 1721
11737 10861 10959
11738 2590 11560
11739 2014 7038
11740 1181 5755
11741 10477 1938
11742 11722 3183
11743 593 8737
11744 1300 3115
11745 6111 9368
11746 163 11506
11747 2389 445
11748 2563 4356
11749 11185 6273
11750 6890 4998
11751 193 3240
11752 2700 9893
11753 20 3181
11754 2701 1607
11755 7536 7110
11756 10066 2504
11757 1596 609
11758 9388 8166
11759 6341 2270
11760 11781 925
11761 2773 10567
11762 7156 544
11763 2115 7698
11764 1416 3652
11765 5345 2471
11766 4605 8924
11767 7388 9215
11768 9763 3867
11769 5710 11208
11770 6607 7448
11771 8949 10958
11772 10449 3561
11773 2512 1086
11774 6400 10377
11775 3719 5733
11776 7170 136
11777 11219 5493
11778 10510 9650
11779 3226 7479
11780 742 2045
11781 2842 7046
11782 4753 11757
11783 11390 5812
11784 11686 7297
11785 11073 1610
11786 8164 5395
11787 267 3462
11788 1221 6583
11789 3841 7123
11790 1385 339
11791 6165 6364
11792 2975 1670
11793 11634 4059
11794 3628 1796
11795 11759 5557
11796 11089 9745
11797 543 3598
11798 5126 8181
11799 7667 5006
11800 437 8661
11801 3864 7166
11802 9864 9517
11803 10600 103
11804 10854 8660
11805 10327 6377
11806 9028 1924
11807 8841 3642
11808 9184 314
11809 11 2767
11810 579 9680
11811 2555 7325
11812 3553 9608
11813 10956 1375
11814 2792 8
11815 8601 4176
11816 5586 7871
11817 3265 10075
11818 5376 593
11819 2071 1573
11820 9137 2629
11821 253 4346
11822 10440 6073
11823 806 8926
11824 8971 11639
11825 200 1098
11826 1990 3907
11827 7738 3038
11828 406 7509
11829 5648 611
11830 7847 4332
11831 2409 796
11832 3044 8698
11833 5627 167
11834 3373 4321
11835 4649 8215
11836 7711 1979
11837 9799 8199
11838 2437 11958
11839 425 7010
11840 10098 3834
11841 6832 7039
11842 7052 1401
11843 7510 11804
11844 7954 9779
11845 7123 3389
11846 11820 11205
11847 3010 962
11848 6442 4307
11849 1082 7559
11850 2924 6347
11851 6529 1193
11852 10359 3655
11853 11548 6472
11854 773 3709
11855 9503 2113
11856 10542 6468
11857 301 2268
11858 8424 3900
11859 3670 10639
11860 11298 6754
11861 9070 730
11862 6126 3136
11863 8836 8357
11864 623 2410
11865 1613 2530
11866 4854 5482
11867 4212 8774
11868 93 8818
11869 5238 5955
11870 3230 8507
11871 9435 8744
11872 5368 7675
11873 7810 3009
11874 3273 4662
11875 6528 6977
11876 4232 8258
11877 8638 4027
11878 3725 3953
11879 3205 5491
11880 9400 11217
11881 10964 6883
11882 1569 7230
11883 2041 11730
11884 6291 6310
11885 7471 11696
11886 5963 914
11887 9467 1993
11888 11218 10700
11889 11941 5597
11890 11252 5066
11891 7499 7485
11892 5785 8804
11893 10663 7396
11894 11212 3017
11895 3924 9100
11896 5913 2742
11897 7683 6288
11898 4281 8029
11899 11642 11930
11900 2739 6938
11901 3383 1850
11902 11239 5606
11903 1530 4369
11904 822 1667
11905 1888 10122
11906 4737 2065
11907 6612 9760
11908 8089 172
11909 5844 6435
11910 11177 3495
11911 6816 3193
11912 11285 719
11913 1594 8436
11914 10011 5151
11915 1232 3465
11916 7481 2288
11917 4163 10592
11918 7671 9341
11919 7210 9997
11920 7485 4452
11921 10520 10312
11922 334 8232
11923 58 6724
11924 10350 7107
11925 68 2097
11926 6176 1006
11927 2569 4354
11928 9331 8932
11929 3 4235
11930 11184 2416
11931 8347 6131
11932 7294 10116
11933 6493 2118
11934 1914 11880
11935 1944 1860
11936 1287 1086
11937 4690 8685
11938 3666 7231
11939 2970 2023
11940 8316 8114
11941 1227 4679
11942 5061 10178
11943 9191 10524
11944 4189 7606
11945 5340 5731
11946 5243 5766
11947 9694 9605
11948 11605 10732
11949 1969 1304
11950 11829 4976
11951 2080 7330
11952 7976 7723
11953 8080 7801
11954 9789 2852
11955 5973 5809
11956 4968 5106
11957 7381 5494
11958 10441 10296
11959 9328 3574
11960 7469 424
11961 483 11109
11962 6985 6613
11963 10221 4197
11964 11180 7836
11965 1722 4393
11966 3958 7028
11967 8160 3139
11968 43 11925
11969 5743 5219
11970 353 7178
11971 9323 4140
11972 3426 4024
11973 2397 3407
11974 10546 5032
11975 7785 1344
11976 8936 7888
11977 3336 11699
11978 8613 81
11979 5365 3739
11980 6666 2372
11981 5462 3079
11982 4565 8256
11983 2787 220
11984 3286 2107
11985 3376 11258
11986 2862 6168
11987 9182 209
11988 8974 11185
11989 1599 2832
11990 7877 10631
11991 3767 512
11992 9433 1590
11993 3452 9878
11994 8283 62
11995 8913 5304
11996 2384 7620
11997 5060 9663
11998 11213 4454
11999 3920 1839
12000 5465 4559
12001 3837 7650
12002 9164 5173
12003 10612 2549
12004 6593 2782
12005 8777 9362
12006 15 11038
12007 7796 8229
12008 6959 3206
12009 9947 6034
12010 3951 2288
12011 1454 8726
12012 7285 7184
12013 474 11253
12014 7896 1679
12015 9577 499
12016 346 6709
12017 505 2194
12018 4695 3045
12019 5410 9886
12020 3123 5979
12021 9167 9474
12022 2464 9918
12023 1971 8707
12024 11023 719
12025 4673 2775
12026 8089 477
12027 11769 338
12028 10347 1685
12029 1140 7128
12030 1183 9867
12031 10607 11901
12032 3572 7342
12033 8009 98
12034 3070 8118
12035 600 7123
12036 10381 1160
12037 11355 10102
12038 1121 11953
12039 1413 11266
12040 5621 8486
12041 6903 9914
12042 5786 9891
12043 9818 6616
12044 6614 11883
12045 3973 587
12046 3448 9729
12047 8710 9442
12048 768 4103
12049 10732 8044
12050 11176 1725
12051 8514 7316
12052 853 10089
12053 6434 3118
12054 2965 11234
12055 2404 5751
12056 9919 8289
12057 3791 5481
12058 10476 7038
12059 8147 175
12060 428 749
12061 3183 127
12062 11811 11046
12063 8455 6117
12064 8613 2009
12065 9672 5511
12066 6584 4415
12067 8298 6347
12068 10894 4192
12069 11269 6169
12070 7926 5060
12071 3976 1161
12072 7536 6826
12073 6106 8479
12074 6517 7664
12075 10574 3022
12076 2333 7755
12077 7193 6778
12078 5163 4303
12079 6047 2623
12080 9552 4165
12081 1036 422
12082 9040 9502
12083 11857 5512
12084 11579 3606
12085 775 7154
12086 3247 3019
12087 11183 7444
12088 9830 11057
12089 5476 3963
12090 9833 9898
12091 9897 11252
12092 11108 4089
12093 1963 3617
12094 10230 2607
12095 2884 10619
12096 11824 6264
12097 9028 9573
12098 9338 9292
12099 3473 6388
12100 4620 3764
12101 7485 11163
12102 1851 8117
12103 4037 9223
12104 10147 7816
12105 241 4469
12106 10113 10488
12107 810 4719
12108 5911 10862
12109 2900 422
12110 6688 11844
12111 9963 8680
12112 11489 6581
12113 6797 1321
12114 2141 5985
12115 1752 8989
12116 7270 10870
12117 526 6919
12118 1902 7979
12119 3268 7592
12120 3318 8563
12121 8255 2897
12122 10931 6597
12123 212 9119
12124 8047 11832
12125 11129 5184
12126 1038 8019
12127 8501 6913
12128 10969 5026
12129 7730 2254
12130 86 7690
12131 6533 9431
12132 8071 8245
12133 2029 10943
12134 224 1760
12135 2016 3833
12136 6586 9473
12137 3348 11918
12138 9397 11838
12139 5741 5066
12140 8072 8429
12141 957 6339
12142 811 11563
12143 1584 1006
12144 3295 5671
12145 6099 6967
12146 1135 748
12147 5217 896
12148 11916 2984
12149 8694 9566
12150 5442 1015
12151 10161 10196
12152 7306 336
12153 2708 11966
12154 989 11237
12155 8254 11663
12156 4779 9975
12157 7009 8125
12158 6180 5943
12159 11887 9936
12160 11005 1701
12161 8514 3205
12162 6942 5871
12163 6815 1704
12164 1024 839
12165 6905 7338
12166 8439 3419
12167 3109 6691
12168 7103 10946
12169 4110 9744
12170 5113 1049
12171 9715 7125
12172 9888 2460
12173 5443 5552
12174 3195 4553
12175 907 7651
12176 4662 5565
12177 1281 3213
12178 877 11391
12179 4278 4314
12180 1336 7148
12181 1420 7302
12182 1758 1217
12183 11133 4895
12184 9265 665
12185 4488 10129
12186 4201 8742
12187 9819 9269
12188 6513 3264
12189 8979 57
12190 6553 3106
12191 11439 3710
12192 3317 8443
12193 7879 6019
12194 7479 3108
12195 11878 4711
12196 7753 2769
12197 4606 673
12198 2087 6256
12199 4296 3348
12200 5791 4058
12201 140 305
12202 10395 3294
12203 11037 975
12204 10913 7377
12205 4881 341
12206 5590 6272
12207 8609 11903
12208 5788 6784
12209 2659 3332
12210 1723 6468
12211 10413 7530
12212 10112 7641
12213 6267 78
12214 4863 11568
12215 5176 11728
12216 2330 3280
12217 4418 11444
12218 3163 8848
12219 7840 4573
12220 11460 5872
12221 1628 878
12222 5278 7962
12223 1351 11330
12224 8424 3349
12225 6352 3994
12226 4359 11129
12227 5329 2748
12228 7249 9201
12229 11176 8047
12230 7728 4294
12231 1851 3292
12232 7854 5875
12233 4331 11097
12234 9735 4139
12235 7654 1294
12236 5537 3091
12237 7851 10061
12238 7445 112
12239 5944 6292
12240 3022 3664
12241 5775 5960
12242 8541 3368
12243 3018 2590
12244 2442 4729
12245 11051 5636
12246 7734 8635
12247 4491 8580
12248 2186 8203
12249 2722 3510
12250 8983 7623
12251 3304 626
12252 11604 5942
12253 11922 5917
12254 10026 10407
12255 10582 9110
12256 10503 11152
12257 1116 1246
12258 3455 801
12259 7704 5046
12260 7014 3442
12261 705 117
12262 7527 11585
12263 587 6728
12264 10900 7763
12265 10814 4975
12266 9063 11389
12267 7737 9655
12268 7552 8400
12269 10045 3489
12270 9856 11780
12271 187 2036
12272 11185 2522
12273 7646 3129
12274 10788 2790
12275 7265 3072
12276 11209 9616
12277 9704 7182
12278 3380 5184
12279 2617 8524
12280 4110 11606
12281 5411 4805
12282 6429 3007
12283 10113 2510
12284 3599 3329
12285 4185 7347
12286 6538 8447
12287 1058 4123
12288 7691 8065
12289 4039 10677
12290 9553 4549
12291 9571 917
12292 167 5428
12293 5237 6625
12294 4001 7544
12295 11637 1996
12296 1355 10849
12297 7959 6679
12298 1486 8333
12299 10563 8674
12300 6867 10788
12301 3385 2546
12302 9394 9989
12303 6293 11466
12304 1353 8331
12305 4266 1361
12306 2282 8855
12307 11440 1636
12308 1680 8716
12309 2583 4882
12310 9013 8515
12311 11152 10451
12312 11890 4576
12313 11245 8571
12314 7645 9753
12315 10461 4759
12316 6598 2444
12317 4711 7512
12318 10991 2918
12319 8412 11826
12320 4343 9756
12321 2397 860
12322 574 3765
12323 5136 7817
12324 8336 3944
12325 8489 3131
12326 70 8472
12327 10223 11677
12328 7799 6340
12329 4547 1686
12330 8715 6339
12331 8956 9228
12332 5389 7128
12333 5876 9617
12334 2447 5204
12335 9565 6938
12336 3542 11439
12337 8268 11723
12338 1762 727
12339 9884 2720
12340 8794 7937
12341 6844 10212
12342 11471 2361
12343 5513 6928
12344 4103 7702
12345 1116 2328
12346 4226 6782
12347 3105 10646
12348 2554 1878
12349 3699 3909
12350 2083 5903
12351 1188 4001
12352 7841 444
12353 1557 4399
12354 5645 6509
12355 1151 4333
12356 11698 4578
12357 396 2817
12358 7256 2232
12359 9138 224
12360 5632 6240
12361 5032 3380
12362 3333 2978
12363 1744 9030
12364 11120 3061
12365 9410 128
12366 8193 3317
12367 2558 7284
12368 11119 5786
12369 9180 6451
12370 5041 6403
12371 99 3105
12372 457 6153
12373 2886 9306
12374 5590 305
12375 339 1938
12376 113 8449
12377 5904 1767
12378 2345 3329
12379 11236 7847
12380 8137 11931
12381 627 10219
12382 6394 6877
12383 3853 6441
12384 1975 8243
12385 8632 10422
12386 9659 8688
12387 4353 7406
12388 5943 3254
12389 8999 1203
12390 9476 8096
12391 4065 10843
12392 6141 11878
12393 739 7337
12394 6394 1989
12395 1940 7852
12396 2775 3872
12397 2260 611
12398 10081 10617
12399 10583 1585
12400 5685 993
12401 5246 1902
12402 9158 6406
12403 6180 5562
12404 8685 8522
12405 195 9428
12406 7137 4850
12407 831 9351
12408 4107 177
12409 8026 7422
12410 9832 1286
12411 9717 5965
12412 8227 2502
12413 11126 773
12414 717 10811
12415 790 4706
12416 4511 4126
12417 11058 10884
12418 5935 5655
12419 5134 2382
12420 5968 560
12421 2694 10201
12422 3773 109
12423 8138 4817
12424 10944 5359
12425 3469 687
12426 4547 2650
12427 4264 10942
12428 8241 688
12429 7799 2963
12430 5946 9637
12431 10282 378
12432 8133 625
12433 4673 1780
12434 10026 9563
12435 10643 9572
12436 2423 5170
12437 1035 3506
12438 2064 9099
12439 718 1126
12440 7886 5031
12441 7583 7016
12442 9063 374
12443 5848 7184
12444 11299 8843
12445 1469 1741
12446 9879 9229
12447 4031 3389
12448 8831 1697
12449 9520 1329
12450 8221 9361
12451 7124 6655
12452 3833 11225
12453 9851 8196
12454 2701 2189
12455 4396 6341
12456 6701 7295
12457 9538 4027
12458 10895 6217
12459 2586 11432
12460 2077 9780
12461 5306 10855
12462 150 6399
12463 6475 1872
12464 4806 4417
12465 10418 11577
12466 215 4808
12467 5347 11518
12468 1616 10425
12469 9800 5131
12470 11447 6406
12471 6371 6451
12472 4148 895
12473 9186 2983
12474 950 3117
12475 8418 7493
12476 939 10831
12477 3714 315
12478 3124 10418
12479 10816 5110
12480 1485 7742
12481 10741 8495
12482 5563 256
12483 1305 7654
12484 1561 10271
12485 6138 3790
12486 85 811
12487 1630 2827
12488 1350 9225
12489 1732 11872
12490 10193 8181
12491 529 2509
12492 5962 1772
12493 1280 679
12494 5958 5013
12495 11799 8628
12496 11814 2373
12497 3721 626
12498 5257 2073
12499 10453 4643
12500 6121 2309
12501 4778 791
12502 7323 8503
12503 5524 3233
12504 2661 8019
12505 9461 5270
12506 1634 5054
12507 9939 7209
12508 1065 11870
12509 8010 5280
12510 2576 1492
12511 8643 951
12512 11061 9743
12513 4636 9469
12514 742 981
12515 1831 11650
12516 9222 7053
12517 775 2664
12518 10869 9631
12519 4873 7724
12520 4053 9772
12521 1757 6085
12522 2817 4817
12523 5656 3090
12524 7028 4172
12525 2001 9519
12526 11017 8472
12527 11832 5262
12528 478 3307
12529 1230 9403
12530 3423 2749
12531 4415 8925
12532 1792 3709
12533 6224 1175
12534 1053 5484
12535 5126 3602
12536 5287 11391
12537 10304 5841
12538 223 11051
12539 4043 11675
12540 3678 8901
12541 2074 3784
12542 7385 5603
12543 2509 4345
12544 2193 10996
12545 8140 10007
12546 4623 5869
12547 2899 6446
12548 10284 3395
12549 1785 111
12550 11010 8924
12551 1802 11437
12552 9157 5629
12553 3295 6807
12554 930 5909
12555 5257 3594
12556 4408 10058
12557 2283 7481
12558 9463 3215
12559 10746 2550
12560 10226 10294
12561 3890 3306
12562 9000 9630
12563 3428 3450
12564 8444 9035
12565 10572 11212
12566 852 11466
12567 10814 2645
12568 8238 2255
12569 6942 3323
12570 1611 1954
12571 11432 5100
12572 1929 290
12573 6629 11219
12574 3422 10164
12575 11803 4745
12576 909 9629
12577 11806 11601
12578 438 11089
12579 1446 4405
12580 2219 1804
12581 10999 11680
12582 11313 11861
12583 3155 1875
12584 8645 1308
12585 518 2550
12586 7224 3256
12587 10730 8420
12588 4541 9092
12589 9936 7814
12590 2752 183
12591 1791 5684
12592 3179 1506
12593 80 2492
12594 10996 11704
12595 6842 11884
12596 5995 6710
12597 6342 11263
12598 7505 10680
12599 10438 7710
12600 7985 8867
12601 6966 3185
12602 9047 10922
12603 5815 12
12604 10573 5228
12605 9297 4008
12606 3021 6294
12607 4159 8186
12608 9689 2789
12609 3475 93
12610 1761 1098
12611 5613 7903
12612 6682 956
12613 10726 5342
12614 1599 8
12615 11600 1598
12616 898 8937
12617 3578 9342
12618 9233 3092
12619 1450 2425
12620 2303 1568
12621 5651 4531
12622 4866 6172
12623 6188 4360
12624 6075 11599
12625 1376 11738
12626 1865 6649
12627 1507 6914
12628 9516 2541
12629 973 3255
12630 8329 3495
12631 4715 9439
12632 5319 6320
12633 5594 8111
12634 365 11358
12635 11678 334
12636 8013 316
12637 1551 5672
12638 1226 10475
12639 3510 2278
12640 5382 1999
12641 10611 7159
12642 9730 4218
12643 337 78
12644 7907 5178
12645 3884 6672
12646 6156 4125
12647 9661 11925
12648 6309 9694
12649 4542 3003
12650 10528 4911
12651 9804 7424
12652 4421 2212
12653 539 6357
12654 6909 8462
12655 7702 5198
12656 8908 6652
12657 804 8689
12658 9987 9166
12659 10106 6843
12660 4511 9771
12661 8864 1422
12662 10499 5920
12663 5779 9178
12664 1225 9361
12665 11320 7030
12666 9036 5527
12667 177 10685
12668 9373 8239
12669 2003 10095
12670 7636 7622
12671 2922 10659
12672 555 9858
12673 9989 9479
12674 5686 1145
12675 8119 6193
12676 9836 4850
12677 5500 2790
12678 9094 10250
12679 7191 4151
12680 3404 7431
12681 750 11982
12682 8420 1851
12683 7647 6372
12684 8812 10422
12685 4286 8530
12686 2399 11484
12687 9763 7090
12688 8941 6660
12689 11249 347
12690 9741 1391
12691 2592 2484
12692 5347 8260
12693 27 8706
12694 996 1387
12695 3516 3510
12696 11565 6545
12697 3116 8491
12698 7121 7342
12699 675 4552
12700 11279 2884
12701 10273 11242
12702 7373 8856
12703 1553 10306
12704 7055 2878
12705 2900 3976
12706 10241 2363
12707 6835 6370
12708 4741 130
12709 127 1800
12710 5239 7950
12711 5547 11326
12712 8780 7224
12713 778 8222
12714 3405 7810
12715 3502 9302
12716 5314 5618
12717 8695 2235
12718 8062 5759
12719 8340 11348
12720 8376 2363
12721 5216 10296
12722 2400 8400
12723 625 5018
12724 6613 6547
12725 3320 9460
12726 10763 2079
12727 4935 10908
12728 2792 1755
12729 657 112
12730 9515 6227
12731 3148 10854
12732 9834 260
12733 10283 622
12734 6515 1452
12735 10977 6089
12736 8500 10166
12737 4826 4893
12738 4301 3168
12739 6312 960
12740 6648 3287
12741 7730 1727
12742 10716 8487
12743 7369 7487
12744 9228 6569
12745 4574 6365
12746 2336 10996
12747 5433 2345
12748 8907 9849
12749 4728 624
12750 7632 6238
12751 2033 11351
12752 11842 6068
12753 4127 5939
12754 1876 6430
12755 8465 9493
12756 8478 4660
12757 200 4162
12758 3930 2757
12759 11180 9750
12760 11495 11964
12761 3940 4785
12762 10307 6010
12763 4026 10050
12764 11341 4912
12765 11548 4390
12766 1485 11968
12767 5229 8808
12768 7754 9864
12769 1644 7212
12770 9525 4340
12771 10815 11080
12772 3464 8433
12773 11288 8398
12774 4041 7810
12775 10540 11166
12776 9493 1116
12777 301 5247
12778 5827 9811
12779 860 5534
12780 1857 11077
12781 1292 10172
12782 1147 11943
12783 5993 11414
12784 9394 2412
12785 2841 10549
12786 6977 7219
12787 7607 8859
12788 3093 3108
12789 6031 4685
12790 4165 10235
12791 6566 6917
12792 2797 9518
12793 6044 797
12794 1899 7786
12795 10012 1455
12796 4478 9970
12797 5896 9289
12798 4651 4693
12799 5776 10995
12800 660 3566
12801 2609 10108
12802 6147 2590
12803 8198 11638
12804 575 8044
12805 6674 1446
12806 5175 4438
12807 2388 8000
12808 8332 1198
12809 5362 3076
12810 5727 4825
12811 6002 9834
12812 940 2706
12813 4630 2615
12814 2776 10325
12815 3291 6810
12816 9799 8749
12817 6985 7063
12818 196 4176
12819 9443 1243
12820 3747 8011
12821 10502 8004
12822 6479 5817
12823 1762 3424
12824 2491 1772
12825 3210 3157
12826 732 1936
12827 8224 1764
12828 8050 4986
12829 11609 10124
12830 5207 3715
12831 6920 628
12832 10990 5338
12833 8954 8717
12834 3898 7383
12835 907 2982
12836 11521 11093
12837 1089 11039
12838 4168 8498
12839 11492 969
12840 3704 219
12841 11033 11307
12842 1769 3460
12843 10793 518
12844 6405 9280
12845 11040 9450
12846 5191 2949
12847 8063 5314
12848 5197 2333
12849 1889 2273
12850 3514 9903
12851 5849 5594
12852 8316 2518
12853 11217 11751
12854 8225 1094
12855 2691 602
12856 6954 5869
12857 2493 11935
12858 10870 2912
12859 7057 4925
12860 2093 9167
12861 62 8815
12862 10187 1866
12863 8672 11846
12864 5765 2417
12865 9422 10827
12866 5488 5369
12867 1558 3599
12868 10286 7674
12869 4463 3643
12870 10241 944
12871 9728 2707
12872 10777 9203
12873 9568 2660
12874 4344 5442
12875 7799 3794
12876 10222 1776
12877 7940 2063
12878 5125 3234
12879 2672 5842
12880 10693 1547
12881 1321 3778
12882 4382 7765
12883 9262 6226
12884 9013 1166
12885 53 8771
12886 1956 3091
12887 5045 11219
12888 1194 4140
12889 2866 11673
12890 9199 10112
12891 7458 1241
12892 1775 1101
12893 8823 2583
12894 10327 673
12895 9110 6476
12896 3510 10172
12897 112 6512
12898 2834 10017
12899 1932 4405
12900 10013 10245
12901 4817 9062
12902 2040 10816
12903 2969 4063
12904 5481 9694
12905 7461 7816
12906 2447 279
12907 11098 5950
12908 4395 10858
12909 5897 5004
12910 1128 2652
12911 772 5899
12912 10979 8134
12913 7706 7911
12914 10159 792
12915 10927 3560
12916 5589 3250
12917 5721 9417
12918 5404 11103
12919 10068 4827
12920 9882 5436
12921 4202 8074
12922 2257 9119
12923 11807 11809
12924 3559 2913
12925 11894 6878
12926 6370 10607
12927 9349 1524
12928 9026 3954
12929 9240 4826
12930 11244 7649
12931 2312 2530
12932 9637 593
12933 4986 1161
12934 3178 983
12935 4933 4535
12936 290 7960
12937 6520 8950
12938 5326 10505
12939 2477 6234
12940 3263 4340
12941 1488 10010
12942 465 6560
12943 7453 8396
12944 4658 11725
12945 4597 4194
12946 4073 11140
12947 3518 4152
12948 3586 3027
12949 3173 6626
12950 7078 6261
12951 105 510
12952 1262 8673
12953 6694 2265
12954 194 3991
12955 384 2326
12956 7935 2195
12957 2841 3350
12958 7926 8631
12959 4911 10194
12960 7515 9851
12961 6503 7202
12962 2889 6433
12963 10184 11149
12964 4539 9685
12965 1466 10022
12966 3546 1893
12967 10469 7848
12968 5110 5427
12969 2125 2606
12970 11000 2981
12971 4547 5669
12972 9031 3828
12973 5907 4791
12974 6358 2138
12975 6611 11909
12976 5266 11961
12977 5672 6714
12978 6486 5136
12979 7065 145
12980 11786 1760
12981 5871 10817
12982 2728 11486
12983 10332 6760
12984 4707 504
12985 11149 1602
12986 11442 11966
12987 9938 11912
12988 5212 9380
12989 9202 10852
12990 5800 2087
12991 4288 6785
12992 722 11925
12993 7373 241
12994 10851 8180
12995 3956 9389
12996 9293 7801
12997 10871 2904
12998 3382 4341
12999 2619 2083
13000 4969 7514
13001 7310 11946
13002 4997 895
13003 9582 5128
13004 1062 4211
13005 7259 4818
13006 4152 5009
13007 2790 4669
13008 8830 10597
13009 8995 11396
13010 9350 4941
13011 5514 9093
13012 9436 9052
13013 3849 4530
13014 11486 7096
13015 1845 7862
13016 10872 4812
13017 7707 10312
13018 11418 1009
13019 5371 4096
13020 2748 10209
13021 1626 2015
13022 398 10061
13023 9685 5095
13024 8995 7285
13025 3087 5996
13026 1522 9429
13027 9904 457
13028 216 7008
13029 11471 606
13030 8027 10863
13031 7545 10902
13032 10999 3225
13033 10923 305
13034 9809 10183
13035 2611 3097
13036 7260 10267
13037 11213 8945
13038 2273 7958
13039 3426 7054
13040 11051 2981
13041 45 3274
13042 9570 4526
13043 3871 11320
13044 5990 4495
13045 7596 3113
13046 2920 10094
13047 7859 8714
13048 3339 7071
13049 10300 4372
13050 4032 6067
13051 1148 8923
13052 10080 10670
13053 4679 6417
13054 4571 4303
13055 9770 9698
13056 8380 11642
13057 7004 2999
13058 11370 2098
13059 8299 6985
13060 2039 7449
13061 612 8504
13062 2595 2981
13063 7635 3833
13064 2028 7050
13065 7151 4024
13066 1562 5416
13067 1705 4616
13068 4782 10705
13069 8144 5254
13070 10725 5505
13071 792 11354
13072 10869 7355
13073 11624 6342
13074 9934 3921
13075 9647 7588
13076 5312 6412
13077 4602 9936
13078 8792 7325
13079 884 9871
13080 1533 9634
13081 6781 6055
13082 10907 8642
13083 11379 8051
13084 5344 3672
13085 4637 3836
13086 3242 9812
13087 8052 7082
13088 7813 9477
13089 4680 3413
13090 4034 6199
13091 771 11293
13092 8809 9116
13093 131 3545
13094 8430 8528
13095 8133 252
13096 9773 1589
13097 7825 1058
13098 4485 8302
13099 311 5657
13100 9907 10475
13101 1995 10141
13102 8461 7551
13103 10059 1560
13104 5182 4603
13105 5060 5280
13106 10271 11037
13107 7607 11066
13108 2046 2764
13109 4620 3085
13110 4295 4346
13111 5278 833
13112 4979 11790
13113 3409 1463
13114 6352 9798
13115 2042 7201
13116 5897 1468
13117 5092 6831
13118 5006 11332
13119 7469 11676
13120 198 10657
13121 3047 2935
13122 9831 5689
13123 9279 4932
13124 11450 10585
13125 2724 10550
13126 646 2846
13127 9886 5263
13128 6989 5119
13129 7214 4189
13130 3962 6861
13131 5852 7572
13132 5356 2300
13133 11993 5627
13134 6254 7895
13135 2252 10195
13136 4203 3426
13137 10246 3835
13138 6618 2416
13139 319 9306
13140 1861 7430
13141 768 2630
13142 4908 10140
13143 6465 2570
13144 4705 8125
13145 4284 2430
13146 11600 10619
13147 7515 5647
13148 468 4135
13149 4044 4351
13150 3189 10610
13151 8493 7704
13152 5075 9768
13153 5535 5401
13154 3922 274
13155 2670 2536
13156 8959 3374
13157 6750 7928
13158 8205 9979
13159 3016 3105
13160 4949 10398
13161 5953 2345
13162 9770 7019
13163 3671 1864
13164 8329 9293
13165 5132 3719
13166 1975 6727
13167 7529 2892
13168 3560 1269
13169 7130 10194
13170 135 5438
13171 3280 8030
13172 2867 4281
13173 11599 8202
13174 4621 3849
13175 10570 3791
13176 10587 2057
13177 5784 282
13178 162 9053
13179 6989 7164
13180 5083 317
13181 10632 7139
13182 11091 7966
13183 10344 6942
13184 2847 7069
13185 9764 8719
13186 8316 357
13187 7332 11415
13188 3571 10910
13189 10729 10457
13190 5140 3251
13191 7604 2554
13192 4849 5400
13193 377 3117
13194 7673 1769
13195 9282 5599
13196 1420 7104
13197 1755 2744
13198 11330 7790
13199 8699 758
13200 4566 3992
13201 8923 9605
13202 4606 9051
13203 873 1842
13204 6334 10506
13205 7354 1662
13206 9542 2956
13207 2053 4944
13208 10914 4621
13209 2012 8042
13210 180 3024
13211 1892 5065
13212 3603 7064
13213 5940 3995
13214 10597 5637
13215 4380 7037
13216 11902 3471
13217 9723 8546
13218 8482 6916
13219 2991 2534
13220 1223 5640
13221 4473 2378
13222 4844 7362
13223 8792 949
13224 9403 8982
13225 5812 4607
13226 806 6854
13227 392 9656
13228 3436 11360
13229 10753 4759
13230 10467 5868
13231 816 761
13232 6662 10056
13233 8322 3277
13234 8810 734
13235 4232 6159
13236 6072 4238
13237 11999 683
13238 10241 2531
13239 6939 4469
13240 5596 3192
13241 1509 844
13242 4997 4128
13243 866 3310
13244 7105 6743
13245 10817 10241
13246 9723 5483
13247 11080 8144
13248 4887 7980
13249 215 4266
13250 3736 3413
13251 5384 7872
13252 10023 8901
13253 4082 2308
13254 9435 6163
13255 1241 11743
13256 7281 6914
13257 3126 4532
13258 6083 8572
13259 6433 10297
13260 9604 6857
13261 7031 7409
13262 10557 4521
13263 10197 6137
13264 2563 3946
13265 2260 10613
13266 373 9645
13267 10868 9635
13268 11391 8543
13269 3306 9363
13270 2517 10997
13271 6218 3262
13272 5795 2811
13273 5137 4277
13274 3872 4646
13275 11223 9509
13276 9152 7939
13277 11657 8513
13278 10776 4189
13279 10554 2158
13280 7302 11925
13281 7206 63
13282 10939 11828
13283 2372 2422
13284 11822 8251
13285 3249 5373
13286 332 4502
13287 9443 11514
13288 10582 5446
13289 10623 6997
13290 3292 11236
13291 11566 5461
13292 382 3681
13293 9597 8063
13294 6728 4890
13295 6086 5214
13296 3353 3030
13297 4291 7201
13298 744 8717
13299 3561 11562
13300 2355 2557
13301 5999 84
13302 2161 10358
13303 6910 11799
13304 10452 48
13305 3668 9372
13306 8941 6328
13307 511 10557
13308 5288 11790
13309 3948 6198
13310 8434 1748
13311 8851 3834
13312 7636 11709
13313 3403 8440
13314 9190 8527
13315 8597 7056
13316 11192 3878
13317 2006 2383
13318 5239 7074
13319 5430 2437
13320 4970 9561
13321 11283 14
13322 8759 3056
13323 7930 1560
13324 3728 283
13325 339 11129
13326 522 2023
13327 4267 11061
13328 9455 11894
13329 9601 10681
13330 9559 7713
13331 8167 11495
13332 4394 1583
13333 10040 2467
13334 3315 10628
13335 11832 2048
13336 11508 5514
13337 4263 5037
13338 2301 9192
13339 6793 5576
13340 9096 3466
13341 2077 2024
13342 9758 6019
13343 1635 5894
13344 1363 2367
13345 1297 1235
13346 10080 10073
13347 2532 8053
13348 1597 5635
13349 5292 7469
13350 6664 11140
13351 950 5039
13352 4125 9730
13353 10389 11915
13354 8892 10669
13355 7224 2265
13356 11365 11743
13357 2587 76
13358 10044 6898
13359 11360 7614
13360 9987 8371
13361 8449 8001
13362 6230 9177
13363 2590 8100
13364 4979 8596
13365 4505 6807
13366 267 3348
13367 621 5844
13368 2720 5977
13369 5963 906
13370 62 6228
13371 2243 9431
13372 446 3146
13373 7510 7206
13374 5426 5117
13375 8330 5111
13376 4400 3120
13377 5278 10681
13378 7703 8572
13379 7280 9035
13380 5401 11510
13381 2143 8605
13382 2666 5200
13383 1222 4588
13384 10473 7886
13385 11905 2509
13386 9415 3559
13387 1248 9143
13388 753 1333
13389 8027 228
13390 4856 10010
13391 9407 6415
13392 7519 223
13393 905 9720
13394 8582 568
13395 6686 6322
13396 8347 2933
13397 11400 8882
13398 6159 1977
13399 5611 1999
13400 11635 1717
13401 804 7818
13402 1460 10885
13403 11445 251
13404 5485 6719
13405 1370 388
13406 11953 5419
13407 4670 7005
13408 3891 8820
13409 10895 7916
13410 10403 5514
13411 8836 2162
13412 1091 5135
13413 3415 10115
13414 6940 9476
13415 3030 2721
13416 6086 8247
13417 2760 2482
13418 1808 899
13419 631 3853
13420 5723 11915
13421 6711 5756
13422 7173 2987
13423 3841 6668
13424 11229 7123
13425 6698 7256
13426 7723 4779
13427 11033 10612
13428 9396 5191
13429 5026 10230
13430 9371 6734
13431 7604 4510
13432 750 9022
13433 3697 10220
13434 10331 9996
13435 7905 10396
13436 7153 9033
13437 3144 1660
13438 11539 10311
13439 2280 1120
13440 2874 5375
13441 2501 3228
13442 9690 1106
13443 8832 1502
13444 4705 5544
13445 2826 2205
13446 8752 8957
13447 1266 8193
13448 11665 1667
13449 4784 11825
13450 11762 6429
13451 5595 9287
13452 59 2814
13453 10593 11159
13454 308 7887
13455 1724 5839
13456 7614 11946
13457 711 1256
13458 2156 7226
13459 5854 11632
13460 5840 10156
13461 3934 4817
13462 8598 2273
13463 1596 11558
13464 10489 1565
13465 6383 2998
13466 575 8448
13467 4267 400
13468 9645 11942
13469 6611 11173
13470 11442 6100
13471 480 5275
13472 11201 6544
13473 11864 6188
13474 729 3586
13475 4228 3800
13476 5781 858
13477 2426 1005
13478 6818 9628
13479 11356 2984
13480 5795 7806
13481 2011 4743
13482 8886 9519
13483 11217 6389
13484 6614 6536
13485 3220 3951
13486 10394 10695
13487 2130 2669
13488 1382 7603
13489 4790 1664
13490 9070 8828
13491 10617 8351
13492 1787 11235
13493 8949 9596
13494 4557 4669
13495 7745 2589
13496 5984 6223
13497 4984 4644
13498 2881 3459
13499 9466 5471
13500 2130 9623
13501 5242 11987
13502 6637 8764
13503 7692 3001
13504 3605 9223
13505 5627 8091
13506 891 10976
13507 4621 2029
13508 4920 2837
13509 1205 11009
13510 8171 11618
13511 10756 11241
13512 11288 8122
13513 11274 11924
13514 11511 9205
13515 9349 7953
13516 6471 10897
13517 2179 10808
13518 8110 17
13519 643 3254
13520 6938 4459
13521 8815 7863
13522 11407 2822
13523 3549 10864
13524 7454 7726
13525 4642 2294
13526 6318 1271
13527 6155 1195
13528 8910 4509
13529 10218 3365
13530 5932 2936
13531 3340 4503
13532 6138 1227
13533 10260 6732
13534 962 2452
13535 4234 50
13536 8771 1743
13537 164 8958
13538 2939 4770
13539 3537 3115
13540 4940 8854
13541 2246 11988
13542 8980 751
13543 5130 2764
13544 4062 1016
13545 768 2965
13546 2783 11812
13547 6712 9026
13548 5591 5954
13549 9263 10372
13550 3558 11469
13551 9843 9326
13552 1348 2136
13553 10411 6700
13554 8792 1127
13555 11617 2939
13556 6827 11742
13557 8656 1866
13558 10301 2514
13559 3675 715
13560 3245 9367
13561 4331 3095
13562 9007 9502
13563 1018 11012
13564 5871 4854
13565 11041 392
13566 6085 5344
13567 9087 6262
13568 9590 5943
13569 8501 775
13570 6599 2428
13571 10513 4914
13572 3636 7156
13573 10606 9973
13574 3870 8187
13575 717 2731
13576 9120 1783
13577 5283 1557
13578 8539 11860
13579 9343 11728
13580 1340 1358
13581 1450 5434
13582 5027 2580
13583 10093 5339
13584 2515 3676
13585 1332 361
13586 4273 5933
13587 2577 7259
13588 169 2838
13589 11529 4830
13590 2079 10488
13591 5398 2971
13592 11518 3200
13593 9465 7388
13594 6099 4043
13595 9125 7981
13596 7156 6953
13597 7092 1538
13598 3187 6309
13599 2549 6210
13600 6353 5458
13601 6477 7469
13602 9364 4419
13603 3573 8025
13604 11441 7832
13605 4437 1109
13606 503 8523
13607 11244 4122
13608 11082 9581
13609 2974 9887
13610 1076 2551
13611 560 10193
13612 7248 202
13613 1856 257
13614 1673 2775
13615 4763 7887
13616 6740 11788
13617 5885 2887
13618 338 345
13619 6102 10825
13620 4657 6287
13621 10278 4328
13622 2286 6503
13623 6954 8857
13624 4459 11068
13625 9733 8779
13626 8779 862
13627 3455 10772
13628 11460 312
13629 8398 1674
13630 4239 7867
13631 2445 1069
13632 5859 3043
13633 10024 2433
13634 7089 10864
13635 2397 6493
13636 11461 8049
13637 7385 6804
13638 9678 5835
13639 5930 9482
13640 2495 5406
13641 696 5926
13642 2758 6458
13643 11345 6769
13644 1485 1920
13645 5717 2129
13646 10418 10561
13647 6844 4636
13648 10607 7157
13649 4309 7318
13650 888 973
13651 4490 4285
13652 10588 8964
13653 4596 7311
13654 9361 2775
13655 458 9384
13656 6396 910
13657 4054 905
13658 5438 6700
13659 9642 8784
13660 9469 3918
13661 3215 10353
13662 541 5052
13663 4362 6139
13664 6528 4765
13665 6953 4327
13666 2942 4894
13667 11288 66
13668 10606 4949
13669 128 11711
13670 7306 10732
13671 10382 650
13672 7368 4572
13673 11541 2365
13674 7793 7589
13675 4680 3046
13676 4804 5689
13677 198 6925
13678 8266 10221
13679 7211 2
13680 4649 8698
13681 5981 6928
13682 5501 9761
13683 7664 2873
13684 4137 4770
13685 10887 9258
13686 7765 640
13687 251 2103
13688 3769 6246
13689 4438 7795
13690 2543 6109
13691 6290 4148
13692 9392 9548
13693 11405 4333
13694 3209 25
13695 4984 2290
13696 250 11364
13697 3523 1394
13698 7453 2149
13699 6 7410
13700 7384 8856
13701 5780 8171
13702 2 4905
13703 2161 3331
13704 5415 6124
13705 7777 4754
13706 10848 11181
13707 6814 11715
13708 10016 10088
13709 2669 9717
13710 11362 9792
13711 7403 5421
13712 2924 5320
13713 2445 627
13714 3879 10577
13715 9150 10023
13716 2427 3972
13717 6939 1454
13718 4756 11059
13719 10535 6797
13720 6538 9471
13721 11081 4463
13722 9976 3129
13723 3055 8776
13724 871 8806
13725 2564 5900
13726 5605 7506
13727 5114 650
13728 8728 9454
13729 11924 1827
13730 9342 9081
13731 573 11941
13732 2527 3573
13733 9518 2671
13734 4082 4166
13735 10054 6642
13736 5939 4418
13737 3961 9314
13738 11336 471
13739 10617 3562
13740 7369 9309
13741 2273 7798
13742 4036 6688
13743 8255 3118
13744 7664 4402
13745 1591 7340
13746 7972 8391
13747 4768 6595
13748 5305 5629
13749 2797 11752
13750 8055 3437
13751 8229 3784
13752 10650 9595
13753 5063 10967
13754 10086 7633
13755 8114 4672
13756 3193 2179
13757 6264 11278
13758 2990 10488
13759 8620 1238
13760 11386 495
13761 7455 9455
13762 1600 2600
13763 4381 11530
13764 8384 673
13765 1578 4775
13766 9477 6583
13767 4739 2352
13768 5060 55
13769 1073 7111
13770 9686 4076
13771 11862 8121
13772 7549 7637
13773 10726 11285
13774 863 9628
13775 7056 2199
13776 5643 4243
13777 7027 6384
13778 2634 8237
13779 6841 1129
13780 1739 2280
13781 528 4312
13782 9229 1253
13783 4859 6791
13784 1809 1882
13785 8209 2467
13786 417 859
13787 5245 11974
13788 4980 9344
13789 11117 2991
13790 5397 5238
13791 3944 10249
13792 9504 2757
13793 5127 9486
13794 5944 5709
13795 3226 2875
13796 732 349
13797 2881 9449
13798 672 1332
13799 7035 2764
13800 5937 5436
13801 7393 4029
13802 7777 6567
13803 2316 9513
13804 8691 5117
13805 5796 888
13806 6973 6924
13807 1778 2636
13808 3162 10058
13809 8336 6754
13810 2886 6224
13811 6828 2716
13812 8980 8985
13813 1169 4000
13814 2410 1105
13815 9660 11579
13816 3717 771
13817 5033 4213
13818 3405 8644
13819 6860 10290
13820 7347 11428
13821 1476 7954
13822 1889 7243
13823 6255 9143
13824 1729 1238
13825 7326 2903
13826 2048 4298
13827 11713 11960
13828 2975 10014
13829 11074 8348
13830 8938 4272
13831 8253 10563
13832 1088 3528
13833 6190 1216
13834 5998 2385
13835 3009 2247
13836 710 5448
13837 6739 8460
13838 1962 10112
13839 9301 5595
13840 6119 1476
13841 1426 3964
13842 18 9110
13843 1636 6021
13844 9878 10418
13845 3661 2894
13846 2483 3959
13847 9880 2626
13848 11972 3750
13849 6287 2019
13850 8201 6917
13851 1794 6414
13852 6686 1987
13853 9962 4363
13854 6648 9104
13855 11569 9219
13856 3766 6917
13857 8033 1559
13858 7722 10651
13859 983 8284
13860 1942 634
13861 975 9365
13862 11850 391
13863 2667 3341
13864 5344 2737
13865 10012 10915
13866 2756 9567
13867 7830 3179
13868 1528 4076
13869 11356 10852
13870 7676 7503
13871 10793 5174
13872 1759 222
13873 5172 9193
13874 8843 5501
13875 7679 8425
13876 9997 5069
13877 6737 10035
13878 2576 6960
13879 1278 1863
13880 5710 5295
13881 8544 1721
13882 5433 7369
13883 8454 9528
13884 6955 8120
13885 765 7370
13886 1058 4901
13887 11654 3114
13888 11639 7815
13889 5442 234
13890 9951 11079
13891 11370 1722
13892 3424 5162
13893 9618 7230
13894 2367 11075
13895 2960 549
13896 8278 8455
13897 4576 2318
13898 8575 3987
13899 2949 1411
13900 566 1294
13901 9645 4760
13902 5849 5458
13903 8091 10169
13904 712 10763
13905 356 3043
13906 3566 2686
13907 9537 73
13908 4553 4817
13909 6992 3480
13910 5984 11864
13911 2691 6967
13912 208 1885
13913 787 10589
13914 9587 9118
13915 3243 1186
13916 11503 1299
13917 3124 2437
13918 7043 11282
13919 5157 7619
13920 4289 9574
13921 6760 1269
13922 3822 7538
13923 366 4868
13924 9404 121
13925 9341 10097
13926 2657 10100
13927 3048 11748
13928 4186 5436
13929 4754 9117
13930 7875 10592
13931 1798 5709
13932 6830 10332
13933 22 1388
13934 9395 7782
13935 4074 2327
13936 2784 4334
13937 7632 292
13938 10028 7371
13939 377 5850
13940 5691 8773
13941 328 4954
13942 9794 9491
13943 2953 1517
13944 5091 11226
13945 3147 9440
13946 11238 9682
13947 1162 9863
13948 9764 1735
13949 9333 693
13950 1773 5909
13951 6528 7538
13952 9331 3360
13953 876 8983
13954 8281 8053
13955 11984 9658
13956 1183 1116
13957 2048 4260
13958 6346 5028
13959 8201 7114
13960 5714 1097
13961 3176 948
13962 7686 3326
13963 1258 11125
13964 2866 3914
13965 11161 9395
13966 18 5511
13967 7173 5963
13968 8433 1122
13969 5898 7186
13970 2435 4314
13971 5248 8903
13972 4265 2873
13973 8078 7107
13974 1218 3407
13975 1313 6255
13976 10390 9844
13977 334 5461
13978 410 7669
13979 3197 7832
13980 7473 5275
13981 8620 3992
13982 3106 1109
13983 5756 4122
13984 9242 2886
13985 3260 2366
13986 705 1247
13987 10018 4445
13988 11322 8831
13989 8783 10648
13990 4702 10940
13991 3818 9406
13992 5548 6913
13993 1253 11789
13994 7226 4517
13995 5498 9996
13996 7302 10436
13997 4937 6138
13998 2056 3142
13999 3871 1367
14000 6554 4639
14001 7638 2331
14002 4818 3148
14003 8528 1266
14004 2401 3358
14005 5064 213
14006 8439 628
14007 11268 7745
14008 6565 11873
14009 9337 3678
14010 6898 11247
14011 9483 3495
14012 3832 4902
14013 3941 3162
14014 10103 2167
14015 2034 6244
14016 7268 4228
14017 7563 27
14018 5167 408
14019 4781 7818
14020 7890 2527
14021 9126 8763
14022 8272 2739
14023 4325 5947
14024 9126 5742
14025 11427 8863
14026 2454 4464
14027 9030 9636
14028 1452 7788
14029 829 7371
14030 787 2434
14031 3875 10166
14032 1812 11327
14033 8196 3729
14034 9611 962
14035 5014 374
14036 1406 8244
14037 3627 7887
14038 7009 5747
14039 9381 5883
14040 6818 849
14041 564 10252
14042 11350 10481
14043 3438 10996
14044 6694 7207
14045 11977 514
14046 10818 8955
14047 362 7109
14048 4057 10662
14049 10726 7800
14050 1145 1498
14051 6601 1251
14052 6406 8638
14053 9704 2659
14054 6534 785
14055 9693 2784
14056 1609 7892
14057 10973 1182
14058 5096 7493
14059 7561 10076
14060 9556 11232
14061 5361 7318
14062 11944 3186
14063 1993 3359
14064 7180 7024
14065 7297 4169
14066 1595 5671
14067 8103 359
14068 1057 9244
14069 11748 9133
14070 4509 4746
14071 4264 5588
14072 9935 5655
14073 1500 7360
14074 7303 7882
14075 6844 11460
14076 9637 2775
14077 11663 9330
14078 582 9820
14079 2932 9654
14080 3219 3358
14081 2812 11063
14082 4260 1247
14083 901 613
14084 6185 6687
14085 3064 8237
14086 771 6726
14087 4609 1294
14088 886 4829
14089 860 8339
14090 8570 1396
14091 8132 7676
14092 9113 8146
14093 2010 8518
14094 1497 9839
14095 2689 8658
14096 3111 255
14097 6514 1669
14098 1223 10501
14099 2235 7074
14100 4041 5418
14101 4657 11003
14102 11580 6129
14103 7894 235
14104 2342 7107
14105 10417 9
14106 10567 714
14107 7797 2599
14108 4640 491
14109 8648 4920
14110 1982 2501
14111 10157 3929
14112 5656 942
14113 2630 3319
14114 1296 2925
14115 7723 4770
14116 12000 6140
14117 6296 8234
14118 3114 6315
14119 8583 2090
14120 10780 3743
14121 5438 6129
14122 5198 1763
14123 11622 11942
14124 6590 7341
14125 3807 1646
14126 2946 1276
14127 956 9004
14128 11798 3306
14129 6200 656
14130 5885 609
14131 1136 2283
14132 11160 826
14133 6868 11275
14134 10666 9326
14135 590 10722
14136 4976 3778
14137 11750 648
14138 6474 6525
14139 4548 7751
14140 617 1083
14141 8239 6956
14142 3129 7097
14143 1350 9888
14144 2016 3972
14145 1223 6996
14146 770 6662
14147 4532 3403
14148 1233 10922
14149 521 9065
14150 9849 8526
14151 4010 5519
14152 6826 807
14153 2447 8332
14154 8229 10591
14155 11363 4042
14156 6789 1457
14157 9843 3736
14158 5233 6585
14159 6887 5968
14160 11697 5464
14161 10372 7565
14162 8931 3043
14163 8864 8190
14164 9120 3315
14165 9443 7484
14166 71 9333
14167 6599 7482
14168 7631 6669
14169 9978 3575
14170 11983 2555
14171 10828 10714
14172 3601 11315
14173 10806 7155
14174 9696 10352
14175 157 6646
14176 5864 78
14177 8395 4090
14178 9628 11706
14179 5599 5999
14180 5678 3987
14181 689 10601
14182 210 1419
14183 674 4709
14184 7828 3491
14185 8988 8646
14186 7893 5846
14187 6627 4875
14188 134 2526
14189 7556 8305
14190 11778 2742
14191 767 5590
14192 5327 10269
14193 11040 8929
14194 7233 933
14195 7304 3171
14196 11200 10280
14197 9039 10775
14198 4294 5335
14199 1785 110
14200 4599 870
14201 1875 411
14202 4705 6209
14203 7908 602
14204 1352 777
14205 10029 8668
14206 3862 10124
14207 9682 6065
14208 1889 7479
14209 529 9852
14210 3031 3093
14211 2784 9925
14212 4016 5446
14213 9571 9205
14214 1105 3933
14215 8488 6112
14216 1636 7229
14217 6762 5944
14218 3685 3646
14219 10084 8256
14220 7361 481
14221 8827 1079
14222 5253 10047
14223 754 226
14224 5594 3377
14225 6883 7943
14226 2522 7763
14227 9320 4475
14228 9981 3481
14229 10405 9287
14230 1709 2033
14231 4198 4899
14232 9717 3102
14233 4003 3652
14234 6204 4640
14235 6440 9843
14236 382 352
14237 5304 4619
14238 6525 8727
14239 6269 663
14240 6025 11728
14241 10013 6531
14242 7456 6633
14243 2847 7553
14244 7021 11817
14245 3219 7156
14246 2622 5369
14247 7762 4592
14248 10049 11248
14249 2847 10602
14250 5801 486
14251 6270 3341
14252 7975 9748
14253 175 1516
14254 9704 5256
14255 7990 4216
14256 4915 11622
14257 265 3860
14258 9309 804
14259 10686 6960
14260 6081 10575
14261 2966 3561
14262 11291 11042
14263 4905 3580
14264 6157 7586
14265 621 11792
14266 9564 87
14267 11064 4749
14268 8855 5990
14269 11714 4293
14270 2379 6585
14271 2355 6743
14272 3066 440
14273 4924 1131
14274 7975 2768
14275 3967 2033
14276 10244 10087
14277 8084 413
14278 558 4371
14279 7274 8959
14280 4218 7953
14281 8634 9670
14282 10393 2252
14283 5770 6097
14284 4939 3669
14285 4229 7416
14286 6168 6367
14287 6736 2217
14288 10528 1561
14289 8214 5630
14290 716 46
14291 7091 6900
14292 7320 1233
14293 11518 11139
14294 5255 6123
14295 9734 2033
14296 213 10239
14297 2853 9139
14298 8338 10403
14299 3237 5575
14300 11566 9433
14301 1854 506
14302 4650 3603
14303 11151 9333
14304 9788 6000
14305 2337 1763
14306 8158 1611
14307 11001 8308
14308 9066 9847
14309 1075 1621
14310 31 4667
14311 5460 7068
14312 1445 11140
14313 8343 9730
14314 11901 6696
14315 6384 5395
14316 91 6570
14317 6314 4033
14318 708 4882
14319 1326 9077
14320 4410 7268
14321 8717 6995
14322 4385 3067
14323 1543 7262
14324 1818 1240
14325 2786 1812
14326 10492 5466
14327 2924 9262
14328 11026 5422
14329 9146 7360
14330 2148 3403
14331 2011 7957
14332 4886 10661
14333 6486 10194
14334 1855 9847
14335 4989 9591
14336 6223 9624
14337 1953 4638
14338 10254 4743
14339 5179 6410
14340 5486 10272
14341 9339 5277
14342 10560 4023
14343 10342 6630
14344 3867 7427
14345 6935 6540
14346 4988 4722
14347 11450 177
14348 6990 9522
14349 5441 11994
14350 7901 5527
14351 5675 6659
14352 9236 1384
14353 10646 1120
14354 4856 2206
14355 10860 10196
14356 8631 6401
14357 3465 2447
14358 1629 11911
14359 5455 5787
14360 5261 8131
14361 4151 2724
14362 5371 731
14363 4382 6117
14364 7837 2025
14365 11811 1313
14366 10989 7647
14367 2652 1601
14368 8137 6208
14369 10990 3854
14370 4621 2260
14371 380 6844
14372 953 6385
14373 9659 4565
14374 5723 444
14375 6847 5511
14376 9194 10283
14377 11533 1758
14378 9218 10033
14379 113 10873
14380 6674 6701
14381 9893 6042
14382 2897 4111
14383 6007 3153
14384 3010 3465
14385 5923 8197
14386 4586 3576
14387 4124 5641
14388 7124 2600
14389 4772 5462
14390 7509 852
14391 5448 11918
14392 11057 11762
14393 362 10708
14394 11702 8975
14395 4434 875
14396 7608 9135
14397 7468 3087
14398 10014 8120
14399 8567 3081
14400 8568 10896
14401 8419 1700
14402 4473 3385
14403 2149 7730
14404 11979 6671
14405 4663 2437
14406 8413 9189
14407 4023 6592
14408 11468 2135
14409 11698 7579
14410 7247 7567
14411 11047 7457
14412 10705 1285
14413 3346 8701
14414 8466 9644
14415 3118 74
14416 779 8559
14417 4828 6716
14418 3490 7712
14419 3518 5716
14420 8229 5695
14421 2935 7587
14422 4778 2898
14423 7732 9424
14424 180 949
14425 5665 1715
14426 340 7380
14427 5917 3889
14428 7050 10097
14429 374 11549
14430 9932 5120
14431 5587 11285
14432 2138 4103
14433 8416 4562
14434 8476 2942
14435 5378 58
14436 1035 11369
14437 7682 5159
14438 8331 2486
14439 8756 6481
14440 5786 1228
14441 3909 11230
14442 3341 9982
14443 4120 6481
14444 4386 7535
14445 10593 1160
14446 11434 9422
14447 1062 4055
14448 6789 3002
14449 7603 1456
14450 6703 8353
14451 5351 3700
14452 11955 5142
14453 10610 10817
14454 4411 554
14455 2125 7520
14456 2470 2249
14457 1764 7688
14458 7285 3993
14459 8771 11839
14460 42 11111
14461 11433 8698
14462 1088 10349
14463 11734 8648
14464 3294 7201
14465 2460 8767
14466 7254 7865
14467 3158 8093
14468 8873 6235
14469 8465 3286
14470 3133 8823
14471 3886 8998
14472 7585 1423
14473 7462 8265
14474 7026 5151
14475 3521 7492
14476 661 4940
14477 10816 5100
14478 7743 2172
14479 5982 6525
14480 4124 7127
14481 3521 3237
14482 7502 11364
14483 5595 8843
14484 2442 4689
14485 5076 8187
14486 9411 2326
14487 10833 9750
14488 10675 827
14489 9334 5804
14490 6192 6086
14491 4184 10594
14492 10492 9884
14493 10431 3946
14494 6673 8718
14495 6428 7691
14496 9920 5828
14497 1905 5170
14498 895 142
14499 5121 5057
14500 9213 10734
14501 5944 11884
14502 10170 3921
14503 2030 3309
14504 9209 6104
14505 6960 6190
14506 1671 1730
14507 7282 7758
14508 5962 5821
14509 4514 1783
14510 1012 11568
14511 40 7492
14512 7854 9825
14513 11384 4819
14514 3757 11128
14515 4931 3833
14516 1175 9091
14517 1737 1253
14518 10911 3531
14519 532 11105
14520 3438 11908
14521 1268 1476
14522 8651 4779
14523 2894 7153
14524 2506 1123
14525 5721 11245
14526 8971 8756
14527 593 4701
14528 4604 142
14529 1723 8059
14530 9116 4450
14531 6171 9545
14532 766 7833
14533 4608 2492
14534 4037 456
14535 695 652
14536 1086 10668
14537 5617 6261
14538 11364 7294
14539 6182 3541
14540 8226 895
14541 6707 8995
14542 10523 1700
14543 11712 1760
14544 6334 6225
14545 7833 4341
14546 9226 911
14547 549 1461
14548 6806 766
14549 6813 9881
14550 9476 1368
14551 10893 6275
14552 2895 5978
14553 10261 9437
14554 4324 7321
14555 2818 10502
14556 7543 11471
14557 8092 450
14558 9846 6355
14559 5633 675
14560 4542 7589
14561 6626 6778
14562 3775 1603
14563 3421 845
14564 5699 608
14565 1383 11939
14566 10442 7024
14567 10448 4010
14568 9864 4319
14569 1885 939
14570 5383 8081
14571 9694 3532
14572 3371 4012
14573 7679 4041
14574 10927 11809
14575 5861 1875
14576 3498 10100
14577 2426 9360
14578 5126 8944
14579 8709 280
14580 3262 4453
14581 4782 8652
14582 8199 10513
14583 11289 11962
14584 719 6590
14585 1659 10782
14586 10568 4872
14587 2035 3635
14588 4922 5565
14589 11801 3709
14590 11781 5082
14591 2990 7184
14592 2242 463
14593 11312 4821
14594 2486 500
14595 2286 4350
14596 8735 620
14597 11278 11019
14598 11440 2178
14599 5678 11960
14600 2222 6161
14601 7917 4907
14602 2248 1005
14603 847 11174
14604 5649 10350
14605 7211 101
14606 11602 6109
14607 8439 4364
14608 10524 8210
14609 10839 7700
14610 3812 6011
14611 6433 9693
14612 8654 2596
14613 11111 9668
14614 11256 1226
14615 2916 9851
14616 3079 9082
14617 11655 11715
14618 4601 2060
14619 8623 1775
14620 6830 1685
14621 7896 3749
14622 2183 4428
14623 2737 11210
14624 7549 5281
14625 2235 6984
14626 3478 5092
14627 919 3776
14628 6408 8362
14629 9672 7955
14630 11756 9044
14631 8878 9013
14632 3498 1880
14633 4507 10594
14634 6564 9960
14635 4982 10469
14636 10228 128
14637 10771 3167
14638 7292 6934
14639 1657 262
14640 6835 9101
14641 9844 5646
14642 3140 4350
14643 5086 10999
14644 11958 11466
14645 8111 10673
14646 10621 10640
14647 3998 4092
14648 1228 11367
14649 1780 7082
14650 2892 1177
14651 8709 1883
14652 3707 8603
14653 1283 4163
14654 4159 3651
14655 5424 3589
14656 4522 4016
14657 4949 7491
14658 9276 6609
14659 1606 1011
14660 43 1456
14661 8661 10277
14662 10636 3800
14663 6690 135
14664 11341 10750
14665 7923 7734
14666 5988 7135
14667 1990 3539
14668 5792 8746
14669 4385 7153
14670 9247 9719
14671 8804 10069
14672 7870 1340
14673 4835 5938
14674 6789 10740
14675 311 7217
14676 1390 6973
14677 8314 1224
14678 10423 9639
14679 2139 8422
14680 2174 10385
14681 11832 2150
14682 1152 340
14683 1893 7462
14684 2514 8691
14685 6270 10957
14686 3862 815
14687 7890 4550
14688 4228 3802
14689 1407 2052
14690 9753 5604
14691 6618 520
14692 5091 1798
14693 4077 1432
14694 3386 5322
14695 5546 10646
14696 9622 4093
14697 6454 2675
14698 6604 2240
14699 11925 4850
14700 3140 396
14701 321 57
14702 1094 20
14703 11647 9314
14704 10970 2401
14705 513 6091
14706 8902 9171
14707 3658 8021
14708 4926 8396
14709 3159 2444
14710 3764 4205
14711 5084 5167
14712 3094 10305
14713 3305 2171
14714 2387 1631
14715 11233 7619
14716 1447 10473
14717 11133 8298
14718 6829 756
14719 3302 1793
14720 8253 973
14721 8956 10648
14722 11014 10481
14723 4714 8182
14724 6265 6433
14725 10910 1247
14726 10524 29
14727 704 10696
14728 7015 10002
14729 11576 2698
14730 5157 3614
14731 922 1970
14732 11413 11734
14733 3338 8874
14734 1523 3904
14735 8003 9266
14736 6181 6965
14737 1549 7410
14738 1444 267
14739 2628 378
14740 2928 5817
14741 4880 9464
14742 1795 8278
14743 2298 7594
14744 2913 8246
14745 7936 3103
14746 8878 5100
14747 7805 2167
14748 103 4124
14749 6456 538
14750 4910 5972
14751 11947 389
14752 6514 1661
14753 8984 1192
14754 2435 2223
14755 7974 3333
14756 8788 1691
14757 6376 8442
14758 11952 10418
14759 6892 10782
14760 8845 6123
14761 7151 8218
14762 6376 4748
14763 6740 1352
14764 6645 8192
14765 929 4196
14766 1045 9025
14767 11117 11533
14768 9875 6747
14769 5944 2089
14770 6493 1851
14771 8836 1611
14772 1930 6237
14773 700 6032
14774 11751 3658
14775 5461 3514
14776 10986 7427
14777 2509 5068
14778 10375 11735
14779 10071 5693
14780 4945 1608
14781 8341 9397
14782 10386 5091
14783 5533 633
14784 9667 11826
14785 792 7597
14786 4820 690
14787 4774 11831
14788 9411 3819
14789 5589 5447
14790 9350 3817
14791 8884 1651
14792 11779 10632
14793 2682 11208
14794 4207 6660
14795 11703 7163
14796 8850 3611
14797 1752 11972
14798 4185 10669
14799 2424 1836
14800 1322 11063
14801 5806 3705
14802 7698 7448
14803 7334 683
14804 3998 3381
14805 1771 9521
14806 9475 9755
14807 3513 10791
14808 4775 6473
14809 8491 6217
14810 11067 2286
14811 7876 1442
14812 670 8184
14813 9547 3991
14814 4695 8087
14815 2859 1918
14816 3791 1543
14817 2990 9936
14818 8345 8907
14819 762 3896
14820 4600 434
14821 7770 1071
14822 835 1012
14823 3662 8068
14824 742 5960
14825 5432 10341
14826 7053 5113
14827 5028 3171
14828 3101 764
14829 3163 8740
14830 6644 10993
14831 5006 7154
14832 5269 3951
14833 4267 7135
14834 858 7015
14835 8462 6187
14836 6536 10305
14837 11424 5380
14838 5410 4307
14839 2947 1016
14840 9678 2905
14841 9849 4123
14842 3517 5237
14843 8308 10195
14844 11919 8469
14845 6477 9350
14846 6678 10925
14847 3842 500
14848 5428 2960
14849 3741 10518
14850 6116 4781
14851 11521 6427
14852 10854 307
14853 1133 5766
14854 9200 1241
14855 6372 6171
14856 5642 5476
14857 2166 11482
14858 2495 1111
14859 6873 2484
14860 8801 5090
14861 10501 6123
14862 1833 8488
14863 7564 6022
14864 7766 9724
14865 9750 10114
14866 7961 10953
14867 4189 7405
14868 4049 5886
14869 11596 7201
14870 819 8125
14871 6931 6524
14872 152 7405
14873 6269 1312
14874 7881 9606
14875 7535 1587
14876 4829 136
14877 6640 6964
14878 6779 5906
14879 11188 4213
14880 7702 8650
14881 6265 8282
14882 384 2453
14883 5392 8182
14884 4901 3105
14885 3249 5511
14886 2862 11127
14887 5310 5783
14888 87 5506
14889 7124 3057
14890 5775 6844
14891 8721 50
14892 5744 538
14893 9407 5096
14894 2582 8954
14895 11949 8230
14896 10570 4387
14897 8151 6006
14898 4931 7812
14899 9278 84
14900 27 717
14901 9854 844
14902 5759 4083
14903 7277 1047
14904 7208 7088
14905 6217 5440
14906 9690 10062
14907 110 6842
14908 327 10032
14909 8163 1687
14910 6057 11164
14911 6014 4912
14912 415 746
14913 6606 4414
14914 7461 5941
14915 9729 6007
14916 9879 4253
14917 11234 4175
14918 2976 226
14919 8395 8029
14920 7902 9102
14921 2326 6117
14922 8823 7174
14923 6363 10956
14924 8316 7574
14925 1209 11591
14926 7051 4428
14927 11177 3809
14928 11106 2339
14929 3155 6561
14930 8047 8198
14931 3685 7760
14932 9088 98
14933 951 9664
14934 1779 11386
14935 5690 10119
14936 9133 3620
14937 4856 11413
14938 7781 9436
14939 4182 11016
14940 7014 5678
14941 8083 5541
14942 10455 10154
14943 5970 1275
14944 3061 6540
14945 9717 8115
14946 1039 6541
14947 11232 11589
14948 699 9168
14949 7516 10838
14950 6316 8583
14951 1320 7722
14952 3274 1923
14953 2025 4447
14954 8693 10891
14955 10896 6270
14956 2550 5969
14957 3674 6719
14958 6731 3005
14959 10543 1609
14960 2174 4279
14961 2954 8522
14962 5871 3551
14963 7392 11759
14964 5473 915
14965 3099 2445
14966 7025 2856
14967 10992 9658
14968 8455 8590
14969 2714 6199
14970 2999 4778
14971 10615 2197
14972 6561 3652
14973 11011 1827
14974 9483 9156
14975 6584 776
14976 11267 3400
14977 7539 10889
14978 2828 5453
14979 5963 1622
14980 10282 10498
14981 8314 9561
14982 7269 1677
14983 9096 11403
14984 2698 236
14985 9269 1228
14986 11195 11248
14987 2315 8552
14988 5206 6033
14989 11903 4755
14990 7506 3286
14991 7989 6015
14992 9573 1340
14993 8731 8094
14994 10711 2650
14995 4045 6248
14996 3596 11944
14997 11112 10961
14998 6090 6702
14999 7372 10176
15000 1500 9601
15001 1367 9504
15002 8453 4503
15003 9704 2756
15004 5500 7575
15005 4948 8539
15006 8503 5333
15007 8246 8533
15008 1983 5478
15009 1738 6468
15010 2900 8583
15011 8239 4047
15012 5703 7224
15013 1398 6076
15014 3078 3185
15015 7110 6317
15016 9199 8160
15017 11475 8411
15018 1014 6148
15019 6517 9286
15020 2935 9056
15021 8176 3937
15022 473 3136
15023 10114 3670
15024 9751 11549
15025 8346 7365
15026 3582 4769
15027 7825 5665
15028 3679 11403
15029 7830 6234
15030 6190 11697
15031 6627 2944
15032 11389 7619
15033 6159 834
15034 3656 4214
15035 11035 4337
15036 7808 1167
15037 7953 7498
15038 2034 4655
15039 8069 10761
15040 7343 1770
15041 10012 10731
15042 11917 8733
15043 8099 3280
15044 10503 482
15045 10631 1792
15046 547 7958
15047 3455 8128
15048 11226 11850
15049 10405 3259
15050 11304 9095
15051 11113 5631
15052 10902 4199
15053 4823 8661
15054 5381 742
15055 1480 4333
15056 3413 4499
15057 7282 5899
15058 11856 3586
15059 9313 6850
15060 10841 3900
15061 10301 6214
15062 9790 8233
15063 10540 5036
15064 1131 10038
15065 9963 9285
15066 7329 10274
15067 2488 11795
15068 4907 9528
15069 656 1660
15070 544 7997
15071 10257 4517
15072 2041 3290
15073 10986 6498
15074 8361 820
15075 10715 10397
15076 824 1791
15077 5574 10094
15078 10192 3053
15079 4762 6354
15080 2219 6608
15081 205 10055
15082 9177 9854
15083 521 3916
15084 11274 688
15085 7629 1647
15086 2205 957
15087 2917 4337
15088 5853 9639
15089 10070 2696
15090 7315 4765
15091 3204 8367
15092 1661 1003
15093 8317 7103
15094 11773 2054
15095 11968 5658
15096 11866 2807
15097 9839 5755
15098 443 5606
15099 4887 5953
15100 2896 7617
15101 7443 9412
15102 9337 2956
15103 8188 5348
15104 7645 2639
15105 7099 1683
15106 4654 2203
15107 4607 10805
15108 2530 5580
15109 1955 8754
15110 10351 9276
15111 9592 8857
15112 3726 4917
15113 9512 5555
15114 11946 170
15115 6245 6214
15116 8235 10185
15117 728 4382
15118 9222 9222
15119 1356 10101
15120 10641 8277
15121 3230 5430
15122 7789 7630
15123 114 2
15124 4163 10196
15125 6678 10666
15126 4373 11865
15127 5227 8457
15128 6374 10557
15129 2200 3704
15130 5481 6470
15131 6428 9901
15132 8471 6040
15133 3077 6030
15134 7363 231
15135 7615 6189
15136 11530 9842
15137 8614 6247
15138 6769 7435
15139 6866 3308
15140 7076 6098
15141 5762 2750
15142 983 113
15143 6354 9731
15144 7447 7637
15145 11924 5050
15146 3666 9950
15147 7776 10753
15148 4389 4038
15149 8235 4643
15150 9568 7739
15151 10069 10717
15152 972 2007
15153 4746 2580
15154 10433 8632
15155 11354 8511
15156 5689 7604
15157 6545 2371
15158 2214 2351
15159 2955 7908
15160 3020 5171
15161 11923 676
15162 5058 3661
15163 9698 3780
15164 4324 7507
15165 6444 9307
15166 9257 1933
15167 5835 9512
15168 10315 11007
15169 3333 10859
15170 8260 122
15171 9088 6349
15172 8030 11321
15173 7721 7285
15174 253 3832
15175 2183 11437
15176 5776 10464
15177 1002 2809
15178 9086 8411
15179 2594 8586
15180 8932 1526
15181 5032 3986
15182 7118 8712
15183 4863 8325
15184 991 4288
15185 3220 10331
15186 6545 4216
15187 4680 4066
15188 5138 7215
15189 2662 11015
15190 8039 5048
15191 313 3685
15192 10595 5502
15193 6013 7519
15194 9028 1046
15195 3459 4032
15196 7564 7562
15197 11592 10601
15198 9892 5727
15199 11215 3871
15200 11231 11653
15201 2774 5333
15202 2430 345
15203 9415 8323
15204 9158 2801
15205 2641 9698
15206 8286 9893
15207 6945 8852
15208 7797 1519
15209 3109 5957
15210 5197 11953
15211 4476 8689
15212 10591 3439
15213 6858 273
15214 5176 85
15215 4171 1621
15216 3704 9820
15217 7517 4690
15218 5868 10767
15219 1425 9022
15220 9927 7364
15221 11960 2858
15222 102 1286
15223 7723 9745
15224 2743 4169
15225 11034 10289
15226 9557 784
15227 700 2538
15228 3998 7418
15229 962 11276
15230 8158 2608
15231 7108 10451
15232 8815 9336
15233 1348 10002
15234 5443 5969
15235 5985 5644
15236 413 10319
15237 5649 2675
15238 1078 4414
15239 5396 5637
15240 6141 10351
15241 7255 3541
15242 1898 1507
15243 5734 6179
15244 5591 3490
15245 9788 10378
15246 11216 5314
15247 2226 11120
15248 1235 11535
15249 8446 4078
15250 8356 7808
15251 8491 6787
15252 8554 7407
15253 4113 10247
15254 4263 126
15255 8086 7394
15256 7083 8421
15257 7552 1785
15258 9599 2200
15259 5887 8567
15260 4403 5061
15261 2090 6172
15262 5477 4129
15263 2659 2673
15264 11637 5199
15265 3433 6913
15266 8065 4072
15267 644 5467
15268 2982 10125
15269 1671 198
15270 10172 5354
15271 7228 7566
15272 10574 788
15273 434 7946
15274 3839 9868
15275 6300 7939
15276 8938 5490
15277 7103 5194
15278 8877 11870
15279 5025 9398
15280 1736 4402
15281 7565 11182
15282 11295 6312
15283 8993 3224
15284 8558 6223
15285 4845 1616
15286 9006 6796
15287 2221 2562
15288 2752 7483
15289 11863 7036
15290 5130 9026
15291 5225 441
15292 4713 949
15293 6231 11935
15294 9420 1758
15295 4840 2647
15296 9368 9967
15297 5421 9841
15298 3942 1807
15299 10479 6190
15300 4319 3128
15301 5204 4829
15302 7408 15
15303 3458 4702
15304 2240 7862
15305 2784 8394
15306 6882 8867
15307 855 1122
15308 8841 6279
15309 10324 8926
15310 2719 9529
15311 8327 10772
15312 5725 9296
15313 8721 11575
15314 11129 1785
15315 4603 2862
15316 10352 8986
15317 5703 3995
15318 4846 6236
15319 5450 347
15320 4703 5767
15321 7732 3732
15322 4848 5766
15323 6699 2219
15324 8843 5636
15325 10268 4494
15326 9816 10165
15327 11345 7736
15328 45 5232
15329 3879 6900
15330 4817 2719
15331 1494 499
15332 113 4463
15333 6082 11827
15334 5606 5930
15335 6467 747
15336 11290 6207
15337 8210 3059
15338 507 7439
15339 5400 4336
15340 4562 8146
15341 9454 1455
15342 11299 5163
15343 1 7996
15344 592 11994
15345 573 10972
15346 4444 8686
15347 11957 1526
15348 528 2404
15349 2938 11028
15350 3150 2934
15351 10099 8242
15352 11220 2564
15353 2363 189
15354 7549 6623
15355 860 2981
15356 11654 11543
15357 177 8882
15358 5257 8334
15359 1564 4007
15360 5707 2105
15361 6851 4764
15362 1716 10003
15363 3593 591
15364 7838 6671
15365 6319 7260
15366 7614 9410
15367 5119 6
15368 5716 10353
15369 6775 8352
15370 11185 9502
15371 5954 7167
15372 7632 6199
15373 4491 10760
15374 8147 8134
15375 4515 8619
15376 7042 10353
15377 8831 4926
15378 8234 10033
15379 5961 8150
15380 343 11996
15381 10992 1634
15382 3262 5498
15383 1052 4328
15384 11910 7884
15385 1884 4803
15386 5253 9228
15387 6513 4304
15388 6314 3007
15389 11511 10285
15390 3875 276
15391 10095 505
15392 299 6689
15393 8735 8140
15394 8629 6727
15395 9987 804
15396 8748 8654
15397 2968 9314
15398 9083 10420
15399 7166 4979
15400 7302 5759
15401 8931 2102
15402 5958 2781
15403 262 1155
15404 8066 1438
15405 1657 8413
15406 5389 7641
15407 8182 1278
15408 10188 8482
15409 3597 5294
15410 5939 10958
15411 7568 1237
15412 7970 9069
15413 4789 3979
15414 1945 4246
15415 8831 5065
15416 3593 6793
15417 8754 9502
15418 11439 3165
15419 6652 5
15420 11995 987
15421 9603 9172
15422 5766 6508
15423 8730 3227
15424 10210 7105
15425 5154 6044
15426 3901 4496
15427 3495 8936
15428 2403 2079
15429 9301 4999
15430 5165 4746
15431 1855 6058
15432 6101 325
15433 9259 1115
15434 3942 3913
15435 2503 10443
15436 6655 3257
15437 6359 2558
15438 7245 1277
15439 8881 1639
15440 3902 5826
15441 4402 8484
15442 1948 1386
15443 2219 10791
15444 5243 2934
15445 1334 7754
15446 9289 9679
15447 8123 11407
15448 7607 9742
15449 7982 8282
15450 5696 9126
15451 3898 10013
15452 8980 4036
15453 11407 9190
15454 6226 6898
15455 6648 9262
15456 9975 8445
15457 1828 11588
15458 5305 11025
15459 7372 4204
15460 593 2079
15461 7475 1927
15462 5563 9589
15463 4477 11984
15464 4582 10790
15465 1272 9960
15466 6397 9259
15467 9479 550
15468 118 1277
15469 3698 7554
15470 3071 4545
15471 4304 10118
15472 1788 2016
15473 11107 3835
15474 3585 2675
15475 5953 5160
15476 7726 6421
15477 2209 9304
15478 8785 10850
15479 9180 6469
15480 1584 11161
15481 5156 1098
15482 8921 11065
15483 6229 11150
15484 5780 3247
15485 8703 9503
15486 10908 377
15487 8896 11971
15488 4871 8249
15489 5955 8431
15490 8646 8428
15491 10082 5329
15492 1655 2103
15493 10249 9781
15494 9685 7642
15495 11091 3354
15496 978 9427
15497 7365 10313
15498 3463 5627
15499 776 4387
15500 8011 257
15501 3062 9043
15502 9952 2262
15503 4530 10314
15504 6412 2928
15505 4345 10433
15506 6295 10668
15507 1624 5776
15508 3060 9060
15509 7595 8579
15510 7432 8959
15511 215 1500
15512 9288 6051
15513 11394 3058
15514 6677 11091
15515 8896 1857
15516 9525 4944
15517 5065 8808
15518 11646 2687
15519 11570 5692
15520 2545 5579
15521 7986 9633
15522 4732 4993
15523 10611 8983
15524 2064 6690
15525 6951 7624
15526 1553 1582
15527 1489 555
15528 2884 6018
15529 975 9684
15530 7675 836
15531 9521 248
15532 6655 1997
15533 4923 4159
15534 11185 3856
15535 4589 3469
15536 9257 5374
15537 8209 4200
15538 2416 7571
15539 11587 1409
15540 4439 1860
15541 2987 1258
15542 6006 6026
15543 323 1665
15544 9099 11883
15545 7463 11897
15546 1242 9911
15547 5486 4176
15548 8112 8594
15549 325 5744
15550 5054 3650
15551 6157 627
15552 2743 1762
15553 4052 11060
15554 1959 9934
15555 4262 706
15556 7726 7395
15557 10230 3236
15558 2647 1102
15559 3399 8697
15560 3800 9312
15561 8981 6725
15562 8799 7502
15563 3496 1235
15564 7754 5174
15565 6536 9954
15566 10510 920
15567 5970 4480
15568 7453 3011
15569 7557 1105
15570 3039 10210
15571 7269 11732
15572 10833 3428
15573 11974 5236
15574 11553 11583
15575 4777 367
15576 11512 3847
15577 8154 8417
15578 2409 5361
15579 7156 4835
15580 4828 2837
15581 75 8401
15582 3329 6527
15583 9152 9097
15584 10385 4359
15585 7507 2980
15586 4586 6944
15587 8612 2025
15588 1715 1554
15589 3948 11531
15590 4629 5026
15591 6734 2418
15592 3196 7849
15593 2485 1724
15594 11763 9926
15595 1495 4221
15596 9903 10105
15597 10398 686
15598 9152 11602
15599 1935 9948
15600 8362 2805
15601 2813 6
15602 793 10884
15603 3023 11926
15604 5572 4226
15605 908 7976
15606 3205 11358
15607 4142 6071
15608 3821 2356
15609 9072 9669
15610 5515 8066
15611 5937 3271
15612 11769 3963
15613 11441 909
15614 8261 6225
15615 11859 4368
15616 6016 5038
15617 9118 3644
15618 945 1823
15619 7829 5185
15620 5880 2316
15621 6853 8155
15622 8564 6841
15623 4260 8349
15624 7796 4108
15625 3578 11795
15626 8196 7536
15627 11411 2743
15628 2074 10013
15629 2145 11539
15630 7440 5300
15631 8904 1982
15632 1460 6107
15633 2636 6597
15634 1573 9492
15635 1427 4532
15636 4907 4697
15637 2161 2533
15638 4614 7638
15639 9968 5884
15640 9760 9805
15641 2104 3348
15642 8102 10208
15643 11846 9919
15644 11212 1689
15645 2773 1612
15646 11959 5987
15647 5251 7181
15648 2351 11916
15649 4529 3602
15650 7433 369
15651 690 1805
15652 6213 6583
15653 7102 3881
15654 9656 4065
15655 8113 11127
15656 9555 6010
15657 8295 11370
15658 31 8751
15659 10439 9747
15660 8460 4778
15661 9581 6708
15662 7902 6443
15663 3493 7258
15664 10796 11541
15665 4415 3051
15666 6535 8421
15667 7146 6448
15668 6353 11062
15669 5306 5838
15670 875 4475
15671 11102 1947
15672 555 7153
15673 10937 8764
15674 1898 1843
15675 10365 2362
15676 3301 10244
15677 9073 9339
15678 5498 7585
15679 5453 5632
15680 9925 382
15681 8038 8511
15682 7250 2912
15683 5778 5204
15684 10409 11441
15685 8010 11638
15686 3266 2781
15687 5789 2900
15688 3391 11398
15689 11083 10733
15690 1341 10234
15691 10738 4861
15692 7108 7629
15693 9192 1725
15694 4812 7481
15695 8343 10967
15696 2401 4870
15697 3727 1180
15698 6347 1124
15699 995 10718
15700 5395 2741
15701 11797 9780
15702 7318 8956
15703 3322 10205
15704 6487 10987
15705 3530 11441
15706 503 1412
15707 3449 1651
15708 2965 8084
15709 3079 2045
15710 2306 5540
15711 1241 6154
15712 8710 11493
15713 9865 9977
15714 2723 8300
15715 9633 5947
15716 4432 3591
15717 11504 6320
15718 1988 7461
15719 9690 11454
15720 7450 10494
15721 1430 1879
15722 3732 1518
15723 7937 11348
15724 2594 725
15725 3605 11379
15726 5637 9942
15727 2001 9189
15728 10714 4771
15729 1828 9399
15730 1201 11598
15731 7335 10109
15732 9864 1832
15733 164 2699
15734 9663 10366
15735 5470 10757
15736 11788 10419
15737 9781 7026
15738 10705 5138
15739 3024 1472
15740 5624 9424
15741 3480 3828
15742 10898 10513
15743 627 11886
15744 7136 10408
15745 2456 8172
15746 2613 3660
15747 5189 3852
15748 11859 3559
15749 3749 8281
15750 3441 3725
15751 5882 1058
15752 2895 1892
15753 5871 9591
15754 11673 713
15755 7003 10725
15756 2470 7570
15757 6592 4393
15758 6808 3835
15759 1377 1643
15760 8730 9997
15761 8149 1056
15762 7835 1358
15763 3883 7294
15764 3939 5976
15765 2335 7550
15766 10452 11352
15767 5735 9941
15768 9460 3333
15769 11654 2821
15770 3942 9833
15771 7229 3348
15772 341 10270
15773 9350 2102
15774 10397 9735
15775 598 603
15776 4186 193
15777 3767 9317
15778 3559 9671
15779 2714 10104
15780 10050 4443
15781 4376 3606
15782 4328 4795
15783 11714 5371
15784 1527 7088
15785 9708 8986
15786 8820 2573
15787 10942 6289
15788 2896 5942
15789 1294 9942
15790 4948 352
15791 1480 7670
15792 7585 11
15793 1546 3292
15794 5813 4145
15795 3630 5601
15796 6220 736
15797 7188 6293
15798 9376 2546
15799 9368 2973
15800 3479 3845
15801 3589 1100
15802 3673 1010
15803 3008 5336
15804 6919 5688
15805 2087 11546
15806 3997 4537
15807 9167 6812
15808 608 5300
15809 8244 4179
15810 9288 3742
15811 9697 4278
15812 3965 9647
15813 11135 11185
15814 6070 10284
15815 5238 8271
15816 2239 10607
15817 4173 5756
15818 5194 2153
15819 7658 2101
15820 10872 3195
15821 3947 8935
15822 10497 9783
15823 11698 3301
15824 9280 8170
15825 4981 5544
15826 2842 6225
15827 1688 4451
15828 2404 6496
15829 8234 3500
15830 5667 4640
15831 10889 220
15832 2585 10415
15833 10328 7205
15834 7219 804
15835 5606 9373
15836 5544 1204
15837 2823 10876
15838 11593 6347
15839 11731 9698
15840 10517 5690
15841 2522 10777
15842 3596 11364
15843 8504 2847
15844 11098 10049
15845 6958 3095
15846 567 4841
15847 4619 965
15848 8374 8273
15849 9454 4599
15850 6882 6414
15851 10319 4697
15852 7569 2894
15853 11030 9793
15854 6193 11649
15855 5206 2077
15856 7102 4311
15857 1183 11739
15858 5074 7005
15859 1543 5533
15860 10390 6974
15861 11361 10738
15862 391 9084
15863 6322 1519
15864 11440 11294
15865 11370 975
15866 2115 9676
15867 10290 8419
15868 412 3299
15869 1386 7690
15870 7462 3708
15871 9161 629
15872 9519 5599
15873 11591 8669
15874 497 9736
15875 7737 49
15876 7643 7848
15877 2255 3246
15878 9642 8705
15879 9986 11182
15880 9145 8683
15881 11206 3169
15882 11070 1531
15883 2593 10286
15884 5025 2475
15885 9194 7437
15886 7178 8641
15887 2399 2738
15888 8674 11985
15889 8955 10586
15890 5441 4706
15891 4731 6138
15892 1885 9193
15893 9509 10329
15894 6062 6106
15895 5052 11252
15896 5017 124
15897 8145 1338
15898 2304 11305
15899 2195 8578
15900 9917 1961
15901 4785 4898
15902 5187 11705
15903 7910 5922
15904 9820 446
15905 9364 4293
15906 8302 5378
15907 9634 4086
15908 6653 5061
15909 10049 687
15910 4009 8843
15911 11579 11297
15912 5205 8807
15913 11354 5706
15914 2946 1560
15915 675 10176
15916 9505 2394
15917 4481 5487
15918 244 4190
15919 8343 1613
15920 604 7678
15921 1503 10905
15922 1277 5203
15923 10100 1848
15924 3882 7392
15925 4626 5349
15926 8278 172
15927 3439 8403
15928 3130 11659
15929 11287 838
15930 3566 6963
15931 1842 10364
15932 9837 119
15933 3398 9740
15934 7790 10231
15935 5346 4966
15936 6637 6346
15937 3375 4875
15938 4197 3485
15939 9276 1197
15940 2092 5057
15941 8134 3933
15942 7738 2140
15943 1904 1569
15944 6933 8963
15945 10311 9223
15946 4098 8891
15947 7377 7645
15948 11197 3717
15949 10308 6356
15950 6468 7586
15951 6967 10879
15952 8789 5032
15953 7505 9803
15954 267 11094
15955 4178 2349
15956 11976 3339
15957 9322 10085
15958 3860 2312
15959 2280 2775
15960 2321 3046
15961 2315 4277
15962 9329 6644
15963 7006 2946
15964 713 5586
15965 3925 9312
15966 8519 6982
15967 7539 1267
15968 7513 9028
15969 5493 6113
15970 8966 11831
15971 3731 8581
15972 9392 9755
15973 11004 10921
15974 2295 10195
15975 1407 11923
15976 9938 6106
15977 11056 479
15978 2765 2607
15979 4888 6549
15980 7095 3671
15981 8926 10303
15982 8880 9895
15983 3283 8212
15984 7666 10393
15985 3947 6775
15986 1471 6590
15987 4329 6480
15988 9355 9486
15989 7760 7765
15990 2927 8640
15991 6747 8582
15992 8762 10987
15993 11887 4017
15994 964 1874
15995 5715 7070
15996 7889 10579
15997 300 6413
15998 3572 4954
15999 185 5916
16000 512 7885
16001 7225 5386
16002 2888 7887
16003 2096 6280
16004 11450 2874
16005 3379 5592
16006 6925 4287
16007 8047 2415
16008 8456 10798
16009 8658 560
16010 534 1005
16011 3126 9280
16012 9652 1174
16013 5244 11628
16014 10954 4327
16015 3722 7947
16016 6584 3170
16017 804 3499
16018 10077 5714
16019 7342 959
16020 3312 97
16021 10439 1924
16022 733 6546
16023 11550 11162
16024 10097 7717
16025 11665 11669
16026 11797 6861
16027 11211 9172
16028 9120 9128
16029 1235 9326
16030 2087 3395
16031 2810 10401
16032 10731 4463
16033 2228 3257
16034 9724 4682
16035 3144 10327
16036 5203 10944
16037 958 2752
16038 4677 9598
16039 8347 6569
16040 3768 3327
16041 2118 9471
16042 454 7780
16043 3082 3700
16044 1534 10079
16045 9672 11833
16046 1342 11978
16047 9980 7841
16048 6183 1
16049 4002 4381
16050 1549 11445
16051 7641 8823
16052 9171 7519
16053 9748 6733
16054 7825 11040
16055 8915 10635
16056 10518 9353
16057 10547 2515
16058 3680 3003
16059 9117 8469
16060 5977 2335
16061 3772 9885
16062 6526 2470
16063 7082 504
16064 10820 142
16065 1944 7998
16066 4140 2958
16067 1592 11389
16068 7127 3934
16069 3346 2865
16070 11542 4782
16071 3670 6696
16072 3510 3912
16073 6495 5829
16074 3978 9857
16075 9092 526
16076 5660 10232
16077 6775 1846
16078 2632 7070
16079 10781 4783
16080 2997 5709
16081 11784 11911
16082 3603 9124
16083 6186 4747
16084 8253 2540
16085 10197 10014
16086 11530 1360
16087 1514 1695
16088 10182 8022
16089 9018 4569
16090 5136 6989
16091 9009 6610
16092 6914 293
16093 9696 8333
16094 2212 9633
16095 10496 7954
16096 6751 7045
16097 7345 3319
16098 11326 1093
16099 339 315
16100 934 3638
16101 9801 8385
16102 8194 6999
16103 4373 6395
16104 5079 6677
16105 2048 8346
16106 11087 7530
16107 208 7357
16108 11537 9539
16109 7030 4945
16110 3384 6774
16111 8566 2744
16112 5503 1067
16113 3598 11559
16114 514 11241
16115 8051 5459
16116 1119 6712
16117 3817 8253
16118 7480 3515
16119 1316 7896
16120 225 7269
16121 3740 8650
16122 1934 4831
16123 4933 7824
16124 2315 8480
16125 6148 1000
16126 2668 353
16127 5271 2442
16128 3258 8829
16129 5698 9882
16130 8734 1404
16131 10246 5824
16132 4546 6207
16133 8382 1498
16134 2088 6393
16135 7 899
16136 7040 627
16137 1462 11010
16138 34 8378
16139 4780 5440
16140 11207 4443
16141 4840 10215
16142 3306 157
16143 11195 8370
16144 9314 9185
16145 8231 491
16146 681 4704
16147 11755 4802
16148 225 8696
16149 2032 10316
16150 7112 4703
16151 8101 4507
16152 7297 3362
16153 1722 3295
16154 4815 3454
16155 6557 9511
16156 4164 454
16157 2125 7513
16158 7701 3156
16159 8908 11339
16160 5357 4666
16161 5549 5253
16162 5238 620
16163 7835 3347
16164 3413 3217
16165 4215 1943
16166 5077 8786
16167 11177 1517
16168 4289 2989
16169 4339 7800
16170 1888 5613
16171 3505 10713
16172 2727 3731
16173 11880 4868
16174 1740 1999
16175 8820 7909
16176 7066 9161
16177 5167 4121
16178 7017 9344
16179 7982 11395
16180 2841 8133
16181 2036 1443
16182 9887 7123
16183 11761 8450
16184 5519 7326
16185 10810 469
16186 11352 9168
16187 9720 8520
16188 9083 8398
16189 8640 3772
16190 8704 11660
16191 1157 7037
16192 5860 3185
16193 11857 11587
16194 4844 1761
16195 9278 6623
16196 10199 7999
16197 2853 308
16198 6352 3257
16199 1105 10418
16200 2390 5414
16201 7209 5058
16202 10923 6405
16203 1880 2256
16204 10886 3007
16205 7107 2514
16206 9692 5967
16207 11449 5274
16208 5845 8422
16209 10126 908
16210 5361 10164
16211 11702 10748
16212 6712 4198
16213 11835 10500
16214 5778 7986
16215 6644 8221
16216 10309 1972
16217 3887 3598
16218 4604 11617
16219 6743 5157
16220 8120 10572
16221 4977 10815
16222 11848 6884
16223 7744 5166
16224 11891 9077
16225 5934 10360
16226 11412 8493
16227 152 5364
16228 5352 11445
16229 6482 5747
16230 231 5030
16231 4385 1290
16232 10447 11086
16233 1301 5205
16234 41 6422
16235 3193 7970
16236 732 8608
16237 11213 5644
16238 9549 7504
16239 1774 607
16240 5152 10971
16241 4629 8074
16242 10574 2429
16243 4119 1846
16244 7114 8189
16245 8741 2265
16246 6531 8842
16247 11298 679
16248 11388 4188
16249 1813 3689
16250 2997 6038
16251 7676 6680
16252 8971 10450
16253 10883 10105
16254 6629 11672
16255 10007 6937
16256 4070 3607
16257 3659 2123
16258 9112 11357
16259 7149 496
16260 1291 11383
16261 2789 9550
16262 10143 1007
16263 826 4088
16264 4459 2305
16265 10969 9570
16266 4800 1152
16267 71 6906
16268 7384 169
16269 9018 11638
16270 6734 6701
16271 3662 9827
16272 2801 8128
16273 3292 11145
16274 10114 11976
16275 1781 8568
16276 3117 5827
16277 7009 8826
16278 10030 8162
16279 9144 82
16280 1389 4936
16281 10151 2126
16282 11679 1625
16283 11742 3390
16284 10643 1842
16285 1914 5827
16286 11691 5265
16287 2431 11769
16288 16 5490
16289 6670 8408
16290 2572 39
16291 5099 11508
16292 6025 656
16293 355 4574
16294 6125 10331
16295 2469 5410
16296 5174 7046
16297 4714 8378
16298 6563 7808
16299 9897 1653
16300 9380 492
16301 9558 3568
16302 4713 2078
16303 7011 4734
16304 2358 8842
16305 688 2930
16306 11618 8041
16307 871 11444
16308 10793 9741
16309 629 1345
16310 2292 5151
16311 4352 368
16312 3947 5074
16313 5481 2995
16314 9119 10572
16315 11021 10536
16316 3750 9593
16317 6594 2495
16318 10453 10102
16319 633 11942
16320 11936 9158
16321 11138 6140
16322 671 11751
16323 8766 11039
16324 2356 7503
16325 2722 9428
16326 5884 598
16327 11212 7647
16328 10144 4266
16329 5280 9578
16330 8531 4844
16331 11773 4670
16332 11278 480
16333 3156 451
16334 8213 2512
16335 2721 10618
16336 4104 10237
16337 9485 9954
16338 3943 6767
16339 4617 10526
16340 6696 5376
16341 2989 3481
16342 10374 11915
16343 11633 8788
16344 6406 7816
16345 6276 1475
16346 4322 10821
16347 5714 11289
16348 11451 214
16349 1027 6562
16350 5262 9664
16351 8097 277
16352 311 7416
16353 1805 2389
16354 6509 6430
16355 1314 937
16356 2307 4791
16357 9125 2332
16358 8330 1624
16359 10037 2031
16360 2515 1642
16361 9101 9844
16362 9948 5167
16363 4285 9156
16364 6147 3006
16365 10858 1482
16366 11536 5390
16367 9999 5349
16368 1819 10414
16369 1522 9394
16370 3499 7521
16371 6855 9560
16372 11739 8986
16373 8809 4602
16374 5605 11795
16375 7848 7019
16376 8708 4633
16377 10038 5437
16378 1751 2041
16379 8652 10627
16380 3586 4441
16381 10440 2717
16382 3563 11729
16383 8014 9741
16384 6238 9033
16385 7970 1628
16386 2440 11912
16387 11321 9133
16388 8574 503
16389 5352 8317
16390 2105 39
16391 421 9560
16392 5018 781
16393 5176 236
16394 9049 10692
16395 280 8989
16396 4160 10752
16397 2395 1624
16398 11278 11712
16399 3829 3421
16400 4714 8238
16401 5130 9027
16402 2672 438
16403 3336 2757
16404 937 9396
16405 9305 9311
16406 4552 5551
16407 6124 253
16408 254 1344
16409 9808 2958
16410 6494 208
16411 199 10322
16412 4923 11930
16413 11548 9076
16414 9038 10924
16415 7526 8285
16416 6161 10038
16417 7287 9814
16418 82 3532
16419 7722 10332
16420 4358 11102
16421 1372 11557
16422 3095 128
16423 10034 11521
16424 669 2143
16425 7454 6594
16426 5628 7743
16427 10946 5253
16428 3696 9339
16429 6977 3851
16430 11102 10977
16431 4235 4186
16432 10961 5078
16433 6129 8962
16434 642 10251
16435 5678 2739
16436 5192 4046
16437 11301 8889
16438 1603 2716
16439 9380 8610
16440 11091 6689
16441 7865 244
16442 2437 9503
16443 6709 2011
16444 8596 4425
16445 11726 7539
16446 3555 6892
16447 10714 5238
16448 6666 2949
16449 409 5898
16450 7127 772
16451 4140 9309
16452 11806 11705
16453 7304 2999
16454 3226 1791
16455 7509 10115
16456 6793 9453
16457 9091 7537
16458 10571 4068
16459 11876 8026
16460 11174 4944
16461 7589 6131
16462 3121 2286
16463 3335 1628
16464 7233 5545
16465 93 6391
16466 9813 736
16467 4063 1010
16468 10220 5008
16469 9458 3186
16470 8375 9931
16471 5752 10496
16472 7457 6193
16473 9813 8060
16474 4926 7646
16475 7448 4169
16476 6489 2548
16477 6656 9969
16478 4973 9297
16479 14 4302
16480 9202 8540
16481 10248 5569
16482 4167 8099
16483 3844 3127
16484 3246 826
16485 4206 7874
16486 5987 925
16487 5342 6544
16488 714 9920
16489 2562 1902
16490 6260 762
16491 1057 7574
16492 165 5342
16493 6334 3816
16494 6147 9299
16495 109 5464
16496 5626 5802
16497 7885 1638
16498 5993 5778
16499 2002 4713
16500 7434 5050
16501 899 5473
16502 5277 9888
16503 3984 824
16504 2465 2593
16505 8059 9597
16506 6561 4048
16507 9334 728
16508 5175 4743
16509 8693 9557
16510 4717 11732
16511 7045 3875
16512 11657 7741
16513 6620 2675
16514 9835 4487
16515 11074 10400
16516 11448 1740
16517 4665 4486
16518 7775 9246
16519 5638 367
16520 2233 9360
16521 9734 7493
16522 1155 5840
16523 7833 11478
16524 11721 8364
16525 9620 2882
16526 2403 568
16527 5929 473
16528 1431 11203
16529 7886 6115
16530 8352 1434
16531 5470 11768
16532 93 87
16533 8779 8273
16534 7085 7231
16535 10905 6958
16536 5356 4334
16537 1296 645
16538 11316 6605
16539 5730 9619
16540 8488 2082
16541 10209 5249
16542 5506 7247
16543 692 11039
16544 8051 11145
16545 788 1686
16546 10253 10224
16547 2147 395
16548 1988 2396
16549 9824 5989
16550 636 11490
16551 6048 3487
16552 10283 4233
16553 3361 6824
16554 3063 9555
16555 1194 9768
16556 9315 6109
16557 825 449
16558 1667 1448
16559 2941 7071
16560 8488 5648
16561 7108 11673
16562 5744 3111
16563 8837 2147
16564 437 5498
16565 11630 11028
16566 10954 4380
16567 9540 7047
16568 10280 2428
16569 10155 8204
16570 6788 9464
16571 2870 9581
16572 5750 4937
16573 5325 7715
16574 2015 5687
16575 5896 7551
16576 4155 727
16577 4272 9492
16578 9281 4936
16579 8424 6529
16580 9277 1303
16581 8378 1003
16582 6223 8192
16583 6074 86
16584 11100 5107
16585 2117 9607
16586 2259 10988
16587 4396 8388
16588 5585 11150
16589 11015 8867
16590 11117 7085
16591 9898 2135
16592 8399 8136
16593 2259 11832
16594 2691 9025
16595 7661 5288
16596 11926 9465
16597 8639 7363
16598 2539 3599
16599 7204 10705
16600 1010 7325
16601 11802 11284
16602 2232 4656
16603 4485 2369
16604 8480 11902
16605 8273 5437
16606 10299 8601
16607 6803 9106
16608 4559 9587
16609 1405 5966
16610 219 4120
16611 2271 4817
16612 6150 5671
16613 9277 855
16614 7021 5169
16615 2953 1180
16616 9755 2401
16617 9641 4474
16618 4534 5132
16619 1109 8295
16620 9270 1888
16621 1412 1523
16622 1844 3858
16623 514 939
16624 10790 1267
16625 5616 9014
16626 10699 10360
16627 10775 11764
16628 7170 10120
16629 7837 8756
16630 10212 4434
16631 11171 7526
16632 8110 3116
16633 9174 10530
16634 8534 9610
16635 8952 156
16636 9374 1818
16637 1373 7061
16638 10470 6076
16639 10794 3792
16640 8537 3181
16641 1263 7111
16642 10989 8821
16643 1874 3650
16644 10390 8520
16645 4386 623
16646 893 11559
16647 2194 3685
16648 11641 4927
16649 5066 4682
16650 8895 4231
16651 5640 8746
16652 3787 1556
16653 4483 2817
16654 10385 1537
16655 2461 2759
16656 3263 8714
16657 5037 512
16658 2374 255
16659 10068 11966
16660 7150 3254
16661 7939 11701
16662 9684 9578
16663 11701 4184
16664 3270 875
16665 2605 2731
16666 11888 10406
16667 5658 3605
16668 10200 5503
16669 4681 2815
16670 8276 10088
16671 8 7830
16672 4217 1585
16673 11516 4822
16674 3926 9952
16675 10519 4444
16676 3934 2209
16677 9429 892
16678 6734 3525
16679 5896 9234
16680 1471 3982
16681 3796 6215
16682 7603 3981
16683 5256 17
16684 388 11108
16685 5600 3292
16686 3651 4082
16687 2386 9065
16688 7127 3858
16689 3680 4230
16690 7782 7579
16691 2166 470
16692 11101 11360
16693 4503 9271
16694 2269 3089
16695 476 5334
16696 9678 4031
16697 1833 1652
16698 4037 7716
16699 1162 10492
16700 11240 6430
16701 6386 2007
16702 9753 10028
16703 5321 1172
16704 8868 5894
16705 4087 5740
16706 2634 7044
16707 6769 10331
16708 2174 5339
16709 5930 3297
16710 8047 3711
16711 4597 6850
16712 8445 3451
16713 8906 6389
16714 10341 5721
16715 7426 8197
16716 11183 5849
16717 5332 8045
16718 246 5984
16719 7164 3079
16720 7073 7076
16721 7984 8885
16722 9736 5238
16723 7265 5433
16724 1916 2222
16725 848 11464
16726 10855 7763
16727 136 11321
16728 4662 5956
16729 7219 3375
16730 3306 3319
16731 616 4624
16732 2340 3745
16733 11685 10556
16734 3488 11437
16735 10091 1242
16736 2406 59
16737 4231 6398
16738 6320 7626
16739 6207 1202
16740 17 11865
16741 95 5091
16742 4470 6210
16743 6227 3386
16744 124 11674
16745 10864 701
16746 115 11206
16747 9289 11246
16748 4596 2561
16749 8395 3427
16750 4933 7515
16751 702 7046
16752 2450 170
16753 3953 849
16754 4854 11956
16755 8033 11312
16756 7403 7000
16757 11219 10156
16758 11701 7985
16759 5421 655
16760 4406 7216
16761 10301 7260
16762 7098 5492
16763 7446 7456
16764 8493 4126
16765 4843 7868
16766 7663 8849
16767 1709 3015
16768 4238 5703
16769 8240 11679
16770 8059 7693
16771 4691 3761
16772 10247 7688
16773 8157 3602
16774 8056 3385
16775 5336 8807
16776 3326 1185
16777 11647 2585
16778 4329 4495
16779 267 893
16780 5739 8461
16781 8913 5473
16782 10430 6175
16783 4559 1563
16784 4517 3572
16785 5620 6336
16786 5427 2208
16787 2190 7261
16788 10273 4583
16789 149 8565
16790 2056 189
16791 5601 4054
16792 6543 10719
16793 375 2002
16794 6908 5282
16795 2201 7152
16796 3873 8510
16797 8168 9064
16798 7748 10530
16799 9906 7757
16800 10798 9350
16801 3343 9510
16802 10454 8252
16803 6108 9720
16804 1650 1605
16805 3575 11767
16806 9826 6460
16807 7083 1042
16808 4279 8119
16809 6730 9946
16810 9406 3067
16811 5982 7879
16812 11452 5745
16813 11060 11680
16814 10386 11157
16815 4695 11660
16816 530 11218
16817 4786 4296
16818 1078 9151
16819 4340 8634
16820 8773 852
16821 7389 5558
16822 7891 11161
16823 9815 11813
16824 4886 1460
16825 8932 10444
16826 8528 9787
16827 5917 9621
16828 7345 1241
16829 10339 1196
16830 8335 363
16831 7961 10757
16832 1553 2997
16833 8015 10004
16834 8381 8829
16835 1221 6644
16836 10702 8268
16837 6073 2218
16838 2415 10965
16839 11902 218
16840 303 5721
16841 10895 1659
16842 8921 1747
16843 10288 502
16844 6872 666
16845 2182 7442
16846 6224 4218
16847 7856 11589
16848 11196 7547
16849 1891 10410
16850 11609 8702
16851 6523 8046
16852 9317 8443
16853 5996 8017
16854 6490 1697
16855 2220 2056
16856 10046 7801
16857 7284 11378
16858 9321 6850
16859 4740 5417
16860 4316 11493
16861 209 9681
16862 9871 11406
16863 11784 10276
16864 5759 5213
16865 4581 3382
16866 4579 11945
16867 8983 11843
16868 5795 7308
16869 7971 2895
16870 5863 2868
16871 11622 1034
16872 8130 4386
16873 7230 11853
16874 4841 10838
16875 11143 8529
16876 6477 5079
16877 4944 3689
16878 1909 9332
16879 8238 813
16880 3798 1952
16881 3875 2836
16882 1401 7002
16883 5401 9694
16884 702 1431
16885 1023 1198
16886 1301 1667
16887 2494 6394
16888 1541 10189
16889 8183 8813
16890 1592 1009
16891 7376 6569
16892 1689 213
16893 8177 10300
16894 7547 3943
16895 1349 3018
16896 4554 6062
16897 9996 11304
16898 3330 963
16899 8218 5655
16900 11417 11453
16901 2928 1126
16902 7650 4933
16903 4467 8067
16904 2231 1196
16905 1199 6533
16906 2516 3872
16907 2049 952
16908 3724 9484
16909 11813 1541
16910 4198 3235
16911 2784 7636
16912 1417 8490
16913 8165 2012
16914 4152 4463
16915 4597 8728
16916 9926 1572
16917 4035 11581
16918 7715 5150
16919 11550 8995
16920 11382 2416
16921 5066 9587
16922 7611 4281
16923 7118 3307
16924 7970 8084
16925 2011 4955
16926 6379 6634
16927 1326 8119
16928 5903 1266
16929 8156 3218
16930 8828 11452
16931 2203 10775
16932 6991 4261
16933 8039 11424
16934 7917 8766
16935 4458 5093
16936 4449 4703
16937 4600 434
16938 4181 2077
16939 2128 944
16940 4495 8483
16941 6631 9491
16942 3635 4167
16943 943 11135
16944 7190 7135
16945 7193 11452
16946 6208 5852
16947 8580 5036
16948 6312 5216
16949 8528 11499
16950 765 11053
16951 8839 1896
16952 2193 229
16953 9823 8180
16954 10348 8126
16955 1309 734
16956 7464 9349
16957 9414 10195
16958 424 879
16959 6133 1065
16960 8192 3430
16961 7476 3238
16962 6970 2773
16963 11306 10566
16964 9980 8420
16965 1505 8309
16966 182 6614
16967 7722 9239
16968 9043 10716
16969 1716 1538
16970 7891 2385
16971 3667 9936
16972 5218 4984
16973 9455 4000
16974 11716 4266
16975 10557 8873
16976 7826 3826
16977 3226 5821
16978 4776 7133
16979 8326 11939
16980 11915 1519
16981 6605 1121
16982 1855 8748
16983 8928 2983
16984 4286 615
16985 2306 1417
16986 5430 2460
16987 6655 4498
16988 413 763
16989 1253 5290
16990 11357 211
16991 212 1037
16992 525 10694
16993 8070 895
16994 8743 3487
16995 172 8239
16996 6921 11680
16997 4485 10069
16998 3823 6531
16999 1196 7823
17000 2562 6963
17001 8700 10842
17002 9984 9179
17003 11102 3625
17004 11898 3023
17005 11430 10728
17006 10674 8398
17007 4106 2966
17008 1224 10671
17009 11933 971
17010 7575 8973
17011 3793 9
17012 3886 7805
17013 1600 7712
17014 8692 5444
17015 5562 2558
17016 4174 882
17017 9165 4757
17018 6366 8497
17019 540 7703
17020 5112 8068
17021 9235 4379
17022 340 6649
17023 8864 6015
17024 10471 6902
17025 33 7611
17026 5438 10202
17027 6415 7186
17028 9959 2549
17029 2346 2236
17030 54 9765
17031 1041 4482
17032 6112 9842
17033 5572 2786
17034 9803 9051
17035 8018 6925
17036 9184 5028
17037 89 9647
17038 4464 8310
17039 5845 10158
17040 4617 10984
17041 5028 3707
17042 10293 6126
17043 394 10584
17044 4635 8806
17045 2891 3980
17046 6386 4870
17047 9790 9143
17048 6535 5662
17049 9637 2758
17050 6928 2691
17051 7589 7207
17052 10050 7924
17053 8522 3295
17054 4268 5106
17055 6723 1720
17056 7663 645
17057 10102 1154
17058 10348 8290
17059 337 10602
17060 2049 10567
17061 5857 1460
17062 9830 9394
17063 11839 5240
17064 10524 5983
17065 2172 6561
17066 5271 10378
17067 1331 10240
17068 7636 4332
17069 10567 5352
17070 1283 8998
17071 3561 9065
17072 2627 4260
17073 6211 10054
17074 8496 11091
17075 2360 9115
17076 8712 9730
17077 1806 8927
17078 11408 104
17079 4272 7278
17080 8737 8761
17081 348 350
17082 308 2636
17083 1325 3887
17084 9776 3156
17085 5935 5501
17086 9717 3589
17087 7183 6395
17088 8557 10076
17089 1390 4396
17090 3957 4766
17091 6944 11095
17092 6367 10908
17093 6561 9726
17094 1070 5763
17095 11082 10960
17096 4978 8201
17097 1157 4420
17098 6278 9505
17099 11004 11712
17100 3346 5880
17101 11038 6295
17102 7136 3618
17103 3717 1129
17104 4882 10255
17105 1226 8643
17106 11011 7630
17107 8214 111
17108 2818 1559
17109 9923 679
17110 6429 7391
17111 5537 8021
17112 7074 3210
17113 181 257
17114 6378 8776
17115 1673 6546
17116 11834 11049
17117 663 1896
17118 503 11901
17119 4234 5420
17120 2605 3953
17121 4523 2192
17122 10534 4177
17123 4298 4838
17124 11544 10241
17125 11121 3593
17126 5094 3894
17127 5299 2718
17128 8268 7264
17129 11471 11878
17130 7588 844
17131 8162 11102
17132 2204 11076
17133 2967 9891
17134 6275 6068
17135 4684 7948
17136 10673 6792
17137 5736 9857
17138 5877 9554
17139 8083 8422
17140 7742 4837
17141 8137 10103
17142 2681 3216
17143 5427 444
17144 6151 7357
17145 11677 9973
17146 11216 9309
17147 6669 6472
17148 4511 10659
17149 3079 8870
17150 10586 1053
17151 5698 3987
17152 9306 2013
17153 1380 8209
17154 6216 5091
17155 1012 2201
17156 10865 2589
17157 10121 9814
17158 806 4918
17159 6218 590
17160 9630 1707
17161 4687 10179
17162 8834 1963
17163 412 9389
17164 1780 5173
17165 3757 2125
17166 1186 4945
17167 10388 6592
17168 32 5848
17169 9599 11057
17170 9353 3674
17171 10294 315
17172 7010 7319
17173 3273 5447
17174 8619 5947
17175 9380 11040
17176 6987 3848
17177 967 806
17178 6606 5566
17179 1569 7054
17180 9753 1376
17181 5491 3549
17182 4836 7071
17183 35 686
17184 1695 5949
17185 1213 8941
17186 4838 8389
17187 9408 9714
17188 10136 10537
17189 2518 2022
17190 5642 6207
17191 2445 11247
17192 3876 2568
17193 5628 5364
17194 10836 5318
17195 8950 8432
17196 224 10366
17197 9674 6792
17198 785 4525
17199 6523 1414
17200 6202 10119
17201 1605 6681
17202 7804 4253
17203 9721 11023
17204 8182 9955
17205 3756 6550
17206 9844 4816
17207 3767 2471
17208 10461 5929
17209 1247 3060
17210 1880 7068
17211 4284 5510
17212 9358 2940
17213 1074 9260
17214 7001 11506
17215 5397 6967
17216 1901 1857
17217 10839 3982
17218 7492 11320
17219 9724 5984
17220 8797 11050
17221 3476 7132
17222 3806 11549
17223 9152 3640
17224 6105 9278
17225 3340 3018
17226 1676 2593
17227 11076 9034
17228 311 10857
17229 8934 854
17230 8571 9679
17231 2726 3342
17232 5741 5878
17233 8505 9656
17234 8224 5443
17235 5530 6336
17236 6116 5197
17237 4954 7793
17238 5053 10370
17239 7086 4496
17240 10034 2855
17241 8456 9681
17242 1726 11104
17243 1411 1154
17244 2224 4106
17245 11825 11883
17246 8631 3087
17247 4109 9338
17248 3015 3695
17249 8242 2812
17250 1925 1137
17251 9152 2875
17252 7315 11250
17253 6023 10968
17254 2634 7835
17255 6752 8397
17256 3496 1151
17257 719 8649
17258 11115 6073
17259 3250 142
17260 6497 3250
17261 3201 11895
17262 11885 10386
17263 2448 6029
17264 5316 8193
17265 3905 1189
17266 11730 6480
17267 7603 11085
17268 9437 2044
17269 5370 11900
17270 7668 1857
17271 5110 10013
17272 110 10331
17273 2651 570
17274 4683 7308
17275 184 998
17276 3082 1271
17277 88 85
17278 1255 1577
17279 1781 5343
17280 6610 8826
17281 4126 7454
17282 4574 4570
17283 7393 5827
17284 10522 5039
17285 6418 11077
17286 11628 9752
17287 3652 3837
17288 6235 8244
17289 477 9131
17290 2065 105
17291 10018 4898
17292 3344 9616
17293 6448 2504
17294 6900 5158
17295 10746 7008
17296 11380 10171
17297 4500 4435
17298 7458 7296
17299 11601 1757
17300 9148 5321
17301 10299 2870
17302 10854 4739
17303 4293 2680
17304 859 4360
17305 10494 5914
17306 5412 11691
17307 9418 1465
17308 5691 1304
17309 331 2377
17310 7204 5890
17311 5952 7769
17312 6109 10888
17313 8603 7704
17314 9957 2973
17315 1771 9592
17316 11593 5886
17317 154 3818
17318 810 421
17319 3470 3647
17320 4282 8643
17321 10103 8577
17322 1172 5752
17323 2526 6455
17324 5946 2788
17325 10724 1792
17326 124 6166
17327 2710 8996
17328 7455 4688
17329 9785 6223
17330 6652 11725
17331 9473 4268
17332 11991 8347
17333 663 6664
17334 9334 5412
17335 5489 477
17336 5676 7369
17337 8911 10712
17338 10721 11785
17339 3557 2590
17340 1165 459
17341 6984 3754
17342 9894 9897
17343 10797 5509
17344 614 7475
17345 6016 4295
17346 3387 3277
17347 7707 5448
17348 2482 11529
17349 5543 6582
17350 10816 968
17351 6222 3333
17352 7798 1469
17353 5140 1643
17354 8120 6462
17355 9667 6074
17356 3612 4620
17357 11891 8528
17358 10548 8287
17359 491 5887
17360 1139 7466
17361 9153 7142
17362 4722 691
17363 2052 4128
17364 11828 7975
17365 3659 8636
17366 6986 3525
17367 8211 6002
17368 10115 11415
17369 7669 7741
17370 11897 11275
17371 1348 1963
17372 2222 2679
17373 5617 5617
17374 11287 7
17375 7981 3416
17376 4838 10381
17377 8654 6911
17378 4250 2283
17379 11061 1301
17380 6071 687
17381 8098 4975
17382 4026 6245
17383 466 563
17384 9982 2563
17385 11086 2146
17386 3650 10407
17387 6418 6280
17388 482 6129
17389 659 9803
17390 7109 6208
17391 2398 10026
17392 6441 7975
17393 2467 1839
17394 11491 8291
17395 1330 1746
17396 10961 3883
17397 8330 1258
17398 2066 10724
17399 10479 7094
17400 6118 794
17401 1203 5667
17402 7104 3161
17403 6117 2264
17404 4088 11939
17405 839 4607
17406 10840 6342
17407 6041 11093
17408 1411 2121
17409 9993 11334
17410 7700 7107
17411 1600 10326
17412 4289 36
17413 1130 7682
17414 10144 6858
17415 11557 5034
17416 4591 1162
17417 1582 3761
17418 4494 10163
17419 4632 8872
17420 2526 6867
17421 5230 6998
17422 67 1817
17423 10131 7624
17424 10317 1636
17425 11378 6255
17426 9060 4595
17427 1067 3887
17428 3259 7447
17429 1020 11806
17430 7211 10231
17431 11172 1862
17432 7805 576
17433 3897 556
17434 1462 56
17435 8194 4459
17436 8833 2519
17437 7581 4135
17438 8354 346
17439 7810 7956
17440 2124 6184
17441 879 7661
17442 7207 11137
17443 5340 7705
17444 5964 9127
17445 3038 9070
17446 8969 1265
17447 5324 1429
17448 9668 11928
17449 5536 9899
17450 9505 3354
17451 3337 10798
17452 9078 159
17453 9076 8115
17454 9264 232
17455 1631 11505
17456 2868 11415
17457 10518 11226
17458 4886 6212
17459 6329 6483
17460 2421 8222
17461 780 3580
17462 410 3216
17463 8054 6228
17464 2957 11450
17465 4073 5409
17466 8713 2765
17467 10252 618
17468 7244 1273
17469 7750 3063
17470 3841 1703
17471 3314 5475
17472 11155 4143
17473 11256 2266
17474 4526 2744
17475 3064 2368
17476 6934 4054
17477 3446 3114
17478 7345 9764
17479 957 5325
17480 10925 3179
17481 870 11139
17482 11946 1510
17483 1552 1434
17484 7843 638
17485 9203 10604
17486 4961 2087
17487 8299 298
17488 3167 8363
17489 8055 3530
17490 5836 1548
17491 4009 6050
17492 10504 5529
17493 1105 6883
17494 11063 11470
17495 2724 2602
17496 5179 440
17497 1555 147
17498 9249 1367
17499 5987 8735
17500 11901 9965
17501 2163 11457
17502 11987 23
17503 4819 7649
17504 5421 6606
17505 1237 9366
17506 5480 8852
17507 10198 2922
17508 11396 2041
17509 4669 7121
17510 7583 10842
17511 5295 6645
17512 8960 11736
17513 9996 11536
17514 8293 11997
17515 5989 2017
17516 1378 5216
17517 7572 10338
17518 7494 708
17519 6785 8458
17520 8813 2565
17521 2573 11286
17522 8063 2879
17523 7609 11803
17524 11953 11471
17525 8879 5445
17526 8529 7120
17527 347 5841
17528 5481 10462
17529 9683 2619
17530 11321 2869
17531 840 3035
17532 2303 7259
17533 9023 7361
17534 9861 11468
17535 8709 10697
17536 2427 6213
17537 10913 1419
17538 1652 8752
17539 5607 9636
17540 1965 5560
17541 6266 4543
17542 9657 10010
17543 11882 1859
17544 4098 2425
17545 6801 6357
17546 3600 5862
17547 11671 5719
17548 9892 9319
17549 1321 7647
17550 11694 6994
17551 2590 7140
17552 2129 3111
17553 11652 8381
17554 7911 9320
17555 2069 4335
17556 1649 5175
17557 5265 1478
17558 6330 5884
17559 1192 11185
17560 5511 7572
17561 2165 7217
17562 3454 9807
17563 9980 2768
17564 4884 8672
17565 6337 3739
17566 5939 11156
17567 3751 1289
17568 11196 2990
17569 4275 7028
17570 1745 5252
17571 9200 3438
17572 1768 4533
17573 2967 9083
17574 418 8440
17575 3575 6231
17576 11502 11043
17577 3188 5583
17578 3578 61
17579 8422 6997
17580 9437 6284
17581 10670 533
17582 4686 7963
17583 7223 938
17584 9520 10767
17585 7428 1820
17586 7218 3740
17587 42 2464
17588 4273 2885
17589 1145 4363
17590 5480 7050
17591 6668 2186
17592 1044 7502
17593 6998 3185
17594 1365 9754
17595 7609 9708
17596 2803 6394
17597 2950 9332
17598 5652 6459
17599 5877 8494
17600 5336 11604
17601 3973 11549
17602 9000 634
17603 8919 8869
17604 6578 8947
17605 4890 1790
17606 2708 5484
17607 1406 10741
17608 9599 4426
17609 2450 2250
17610 6931 14
17611 1392 10701
17612 6485 6577
17613 9675 9071
17614 7558 10396
17615 9100 8607
17616 9951 11240
17617 1869 1159
17618 2232 10560
17619 5885 10820
17620 759 4130
17621 11182 378
17622 10535 722
17623 11188 8045
17624 8593 6652
17625 11476 10581
17626 8227 11179
17627 7122 6870
17628 10772 1272
17629 8486 3031
17630 84 3582
17631 10180 10103
17632 121 380
17633 9201 2059
17634 3165 10806
17635 4428 3039
17636 4515 423
17637 1891 976
17638 11518 11785
17639 8346 3258
17640 10853 3220
17641 6349 7119
17642 4865 7702
17643 795 11164
17644 9500 11766
17645 2153 3868
17646 1475 10646
17647 10673 10783
17648 6466 3040
17649 2200 3287
17650 10422 6642
17651 11540 6287
17652 7465 5317
17653 7922 4446
17654 11558 6232
17655 4552 275
17656 9045 5955
17657 1954 4840
17658 7614 7601
17659 2334 5935
17660 11319 5995
17661 7414 2970
17662 3214 5489
17663 8293 8442
17664 7115 11920
17665 11662 1856
17666 8139 8397
17667 10757 4467
17668 11208 602
17669 11311 9965
17670 2230 8807
17671 7169 4425
17672 3841 8697
17673 6771 10394
17674 5471 1484
17675 2430 8401
17676 11243 4936
17677 4945 8676
17678 2332 3854
17679 10270 9768
17680 11364 10003
17681 2565 3979
17682 3722 1537
17683 4403 2947
17684 2714 3014
17685 7611 6640
17686 4692 4029
17687 3887 3507
17688 3836 3947
17689 6503 3110
17690 6696 10539
17691 9340 6598
17692 4220 4165
17693 2360 10983
17694 11468 7151
17695 11973 10212
17696 1599 11196
17697 6671 2623
17698 10378 1888
17699 2590 7928
17700 1001 323
17701 7059 3944
17702 2022 2714
17703 1002 10948
17704 8014 11665
17705 8820 10848
17706 10910 3402
17707 2725 829
17708 7431 6678
17709 11123 4774
17710 2429 4730
17711 1852 7363
17712 4614 10987
17713 5807 4187
17714 11489 485
17715 5004 7342
17716 6539 5218
17717 4795 7142
17718 7702 218
17719 3612 8527
17720 10468 1454
17721 8567 4809
17722 9350 3264
17723 550 6398
17724 9902 449
17725 10824 7727
17726 10327 8994
17727 7356 5279
17728 6473 4586
17729 10400 1639
17730 2169 8988
17731 3121 1753
17732 6471 130
17733 5444 10579
17734 3188 10895
17735 8095 1415
17736 4325 7821
17737 6172 130
17738 3246 4337
17739 7941 6744
17740 3260 8688
17741 5311 4635
17742 996 11385
17743 546 2482
17744 3259 5295
17745 8486 765
17746 1191 7023
17747 11881 114
17748 1132 6744
17749 10107 5609
17750 2844 764
17751 7803 118
17752 6847 2523
17753 6078 401
17754 8639 911
17755 6026 6900
17756 10606 9290
17757 10225 10597
17758 5299 10472
17759 3663 4034
17760 4388 11110
17761 9645 3786
17762 9096 4843
17763 7620 9809
17764 3379 4914
17765 3361 432
17766 10329 1925
17767 8256 11561
17768 5697 11150
17769 46 7258
17770 4512 11749
17771 1582 8351
17772 8438 6585
17773 10087 8241
17774 9926 4300
17775 2753 7287
17776 11849 5987
17777 4422 6114
17778 8511 207
17779 3689 2337
17780 5854 2652
17781 7041 6607
17782 8762 8378
17783 785 6784
17784 11279 10483
17785 6927 7439
17786 7407 8896
17787 5774 4251
17788 9068 7308
17789 4663 2735
17790 7608 627
17791 1983 9296
17792 5332 5015
17793 6241 2732
17794 11855 3904
17795 2921 6347
17796 5606 2592
17797 7058 5578
17798 1148 9805
17799 9715 5530
17800 314 1739
17801 3768 4864
17802 7412 2177
17803 3224 5951
17804 1481 8068
17805 2248 9662
17806 10932 3717
17807 5910 2491
17808 2568 7300
17809 6608 6347
17810 7388 7523
17811 4268 10272
17812 9500 8629
17813 3753 2260
17814 6481 8433
17815 9444 7587
17816 5352 1902
17817 5333 91
17818 1501 10852
17819 335 5420
17820 6193 3324
17821 9914 11723
17822 4996 8816
17823 6076 6995
17824 6260 5088
17825 3721 5443
17826 6270 946
17827 4194 5414
17828 11316 4903
17829 9889 3456
17830 8270 9762
17831 5681 9550
17832 7728 2076
17833 6890 7997
17834 1275 10338
17835 5256 5608
17836 1754 10540
17837 2290 9359
17838 4259 7487
17839 794 9518
17840 435 3122
17841 4115 8254
17842 8541 4595
17843 3928 2788
17844 4699 5456
17845 1203 5941
17846 6548 5223
17847 1498 9660
17848 1825 1014
17849 11673 7882
17850 11598 8610
17851 745 3609
17852 4943 9637
17853 10634 9654
17854 6610 11864
17855 3138 7742
17856 5429 8199
17857 8324 9436
17858 4741 716
17859 9130 8568
17860 9275 7512
17861 946 1813
17862 3787 2263
17863 11984 9473
17864 10240 9656
17865 4510 6447
17866 9550 8614
17867 88 7888
17868 2425 11417
17869 4996 5871
17870 9109 3684
17871 561 5285
17872 9666 5888
17873 9585 762
17874 186 3432
17875 6845 3046
17876 3025 985
17877 8704 9733
17878 4911 3339
17879 2579 8076
17880 9172 980
17881 5674 5777
17882 2160 6393
17883 6782 1396
17884 4596 8887
17885 9747 5904
17886 6586 2063
17887 110 4472
17888 82 7043
17889 7819 5093
17890 1992 7331
17891 7187 7727
17892 10060 8874
17893 4850 331
17894 4244 5261
17895 6215 7915
17896 4522 9391
17897 6457 5635
17898 8448 10903
17899 5080 4458
17900 2748 5911
17901 11009 9014
17902 10034 2623
17903 10190 5344
17904 1267 2175
17905 9176 139
17906 14 5816
17907 7454 10922
17908 8464 10295
17909 4208 2343
17910 4759 8924
17911 8438 300
17912 8790 10544
17913 4449 10051
17914 8886 11217
17915 6045 3726
17916 1382 756
17917 4087 10463
17918 2744 9513
17919 10427 1558
17920 2745 8047
17921 9219 2614
17922 1391 2047
17923 9749 11327
17924 9897 7868
17925 4269 1098
17926 6776 1536
17927 7708 2766
17928 4913 8609
17929 11860 117
17930 9080 10304
17931 11322 6150
17932 8556 8232
17933 6853 8645
17934 10750 9860
17935 2463 1278
17936 7014 11541
17937 10758 2030
17938 9307 4412
17939 1376 8292
17940 3425 3493
17941 4828 5438
17942 11093 2606
17943 479 5643
17944 11223 9557
17945 4164 7665
17946 4051 11166
17947 7103 9179
17948 9213 1999
17949 9569 2749
17950 5610 1156
17951 290 36
17952 4021 10544
17953 10869 6835
17954 5839 10315
17955 4781 2018
17956 11296 5700
17957 7994 7982
17958 5930 11688
17959 5665 11467
17960 9760 10169
17961 7625 2124
17962 5897 668
17963 7628 1955
17964 7663 3080
17965 7897 2017
17966 9537 10182
17967 4093 3156
17968 23 3503
17969 11428 693
17970 3759 5516
17971 7394 10341
17972 5831 9889
17973 2995 11732
17974 2087 4012
17975 8141 2756
17976 3027 6132
17977 992 1963
17978 3858 5073
17979 185 3925
17980 2757 1152
17981 832 1959
17982 8746 7163
17983 11080 7628
17984 247 5400
17985 3119 2050
17986 374 11950
17987 6809 4390
17988 2220 3188
17989 11668 116
17990 3043 4183
17991 4443 6489
17992 1540 9785
17993 3002 9575
17994 1657 4738
17995 7374 4265
17996 2827 8693
17997 7242 9336
17998 4852 5393
17999 10118 1246
18000 131 3479
18001 9896 11471
18002 7545 1191
18003 9588 1212
18004 7480 1846
18005 4234 11568
18006 4886 11489
18007 9035 7944
18008 7677 10525
18009 4718 10750
18010 8319 5060
18011 227 973
18012 10099 2053
18013 3502 3210
18014 10252 7420
18015 2459 5
18016 9454 11765
18017 6637 10850
18018 7565 11584
18019 5529 7260
18020 5193 6465
18021 5622 6800
18022 9208 3776
18023 3813 7629
18024 1531 1505
18025 4405 1587
18026 2656 3586
18027 1970 2734
18028 6706 6497
18029 10215 6794
18030 9638 3186
18031 9199 7682
18032 161 1402
18033 6389 7643
18034 8515 11185
18035 5517 6895
18036 8628 7054
18037 6027 4918
18038 11673 6798
18039 10599 5887
18040 6587 2868
18041 6878 2752
18042 11005 7038
18043 6754 5733
18044 7036 8792
18045 1045 3567
18046 6122 10916
18047 4926 2763
18048 9924 3842
18049 2057 7391
18050 10072 8420
18051 11466 1801
18052 5060 10582
18053 3414 11462
18054 8907 11889
18055 2996 2524
18056 4971 10820
18057 6949 5496
18058 1192 4513
18059 1306 1840
18060 11515 1565
18061 7864 11726
18062 2438 2591
18063 6254 2917
18064 3841 3574
18065 9220 1323
18066 5645 1147
18067 6732 5591
18068 5116 5786
18069 5703 11062
18070 7010 314
18071 4916 4046
18072 5844 197
18073 8077 4052
18074 4604 92
18075 3964 7462
18076 129 11671
18077 10190 1338
18078 10329 7346
18079 5756 3273
18080 3493 10586
18081 1453 10300
18082 8967 4956
18083 3821 5707
18084 3541 6307
18085 10822 7026
18086 11200 5183
18087 9867 2883
18088 3745 8989
18089 5185 9247
18090 1780 8906
18091 2136 6158
18092 1853 5176
18093 7793 6868
18094 3952 2175
18095 11894 36
18096 11003 6713
18097 1047 2199
18098 969 5174
18099 11494 3361
18100 10548 2575
18101 467 1265
18102 7218 11832
18103 911 4657
18104 2198 1313
18105 1372 10509
18106 7696 609
18107 6729 3608
18108 9386 7590
18109 417 6048
18110 7227 11875
18111 10680 994
18112 9469 1068
18113 5678 5582
18114 7571 10110
18115 4287 1831
18116 11119 909
18117 1129 3432
18118 5093 11859
18119 6333 5723
18120 1650 10420
18121 10939 9784
18122 11473 4816
18123 11970 883
18124 3763 8707
18125 6111 6878
18126 1448 9866
18127 3479 11576
18128 6221 2437
18129 757 4600
18130 8813 6491
18131 11743 1038
18132 3419 37
18133 10606 7296
18134 1527 1
18135 10705 8799
18136 2593 10838
18137 2176 10715
18138 10473 2804
18139 3022 8572
18140 9883 1026
18141 6805 6268
18142 8327 1513
18143 11061 6875
18144 11518 2290
18145 3798 11532
18146 11690 8424
18147 182 10167
18148 1186 1551
18149 6143 3131
18150 4312 4948
18151 5890 27
18152 2564 5894
18153 3413 9006
18154 5043 8617
18155 4097 9581
18156 6445 5005
18157 3075 6608
18158 7092 5278
18159 7761 2270
18160 8372 4853
18161 4724 5639
18162 4745 11671
18163 3370 8501
18164 6765 4963
18165 1200 3278
18166 7123 9908
18167 10033 1635
18168 819 11275
18169 8139 11304
18170 4589 3199
18171 4065 655
18172 1787 5517
18173 6094 5107
18174 1783 6608
18175 3769 3800
18176 1646 9006
18177 9821 3961
18178 10010 8522
18179 5924 8123
18180 1109 2179
18181 3323 11226
18182 420 301
18183 8788 7608
18184 9079 4421
18185 9228 3072
18186 1127 8153
18187 498 3085
18188 5674 8544
18189 11519 8698
18190 791 8338
18191 185 2754
18192 5235 3977
18193 4263 4762
18194 4018 9150
18195 5681 10021
18196 2424 10170
18197 5886 3371
18198 11013 486
18199 44 4243
18200 7259 8841
18201 8156 8771
18202 1795 7276
18203 491 2062
18204 7443 9247
18205 10936 7560
18206 2318 9312
18207 2230 2219
18208 7648 5029
18209 10151 6922
18210 9973 5723
18211 6212 237
18212 9760 2313
18213 9685 6463
18214 6091 3226
18215 10307 5881
18216 6913 6414
18217 9170 5253
18218 6873 6237
18219 8223 3922
18220 6111 10856
18221 7001 10297
18222 279 10838
18223 7138 3237
18224 2059 4525
18225 4255 4343
18226 11423 7565
18227 5497 2801
18228 8247 10895
18229 9408 974
18230 1205 9380
18231 458 10182
18232 294 5384
18233 11564 963
18234 4535 2650
18235 3832 7059
18236 573 6579
18237 5008 11901
18238 1952 8895
18239 5442 6086
18240 2244 6681
18241 8090 3640
18242 4258 7034
18243 10133 2136
18244 1762 7548
18245 1258 6033
18246 8620 9452
18247 9478 9803
18248 3234 1648
18249 4036 4756
18250 289 4700
18251 1236 8168
18252 10364 9376
18253 7531 2966
18254 11170 1168
18255 2483 596
18256 6983 2057
18257 10213 3700
18258 11330 3904
18259 10699 837
18260 7998 5753
18261 5162 4532
18262 8053 1489
18263 6966 6862
18264 6278 3929
18265 1433 6589
18266 2642 10326
18267 11323 4703
18268 11580 2185
18269 8992 3418
18270 3934 1660
18271 9666 9537
18272 5906 7306
18273 146 7535
18274 2344 8236
18275 5358 708
18276 9718 7993
18277 6702 1827
18278 9211 6930
18279 2223 7135
18280 4268 436
18281 11874 1218
18282 9757 11908
18283 3184 11935
18284 5918 10584
18285 8726 6436
18286 6246 9161
18287 9 11557
18288 229 8317
18289 1842 7893
18290 10479 9864
18291 7493 6274
18292 6446 5328
18293 9670 4567
18294 11776 4436
18295 8820 5253
18296 8816 6789
18297 6501 8773
18298 4514 11152
18299 3053 5535
18300 6985 8844
18301 5984 3964
18302 4269 11967
18303 7634 8334
18304 6932 11961
18305 2194 5601
18306 3544 8118
18307 2307 8069
18308 7713 2218
18309 10461 6913
18310 10401 1809
18311 9207 4907
18312 8260 5640
18313 4906 11991
18314 3307 6054
18315 3833 8957
18316 10647 3529
18317 10930 2836
18318 11659 8760
18319 9322 507
18320 1971 1647
18321 1541 4519
18322 1266 4720
18323 5600 8761
18324 4943 9274
18325 7555 2870
18326 682 587
18327 10550 4834
18328 8952 9270
18329 6659 9917
18330 594 4853
18331 10365 2527
18332 8145 6262
18333 8920 10057
18334 2265 11973
18335 6714 10869
18336 10550 5526
18337 3818 10955
18338 2181 3345
18339 749 1327
18340 11583 10084
18341 1466 3370
18342 10131 2907
18343 7974 5932
18344 6046 11421
18345 11161 10473
18346 11451 3660
18347 11697 8523
18348 3929 10700
18349 10055 1427
18350 3292 6827
18351 8050 6182
18352 4006 5685
18353 2961 717
18354 10233 488
18355 10749 7383
18356 8691 8326
18357 1621 10991
18358 1300 4534
18359 7316 6065
18360 9983 3953
18361 11267 2331
18362 10990 6744
18363 10263 3398
18364 10398 8551
18365 11151 7848
18366 11344 1420
18367 1472 8682
18368 7948 2106
18369 5431 2798
18370 2036 3418
18371 6056 7943
18372 7704 7057
18373 7893 4940
18374 3015 4910
18375 11410 7881
18376 10396 6465
18377 5524 8985
18378 8328 3789
18379 10715 2177
18380 9321 212
18381 9962 4678
18382 8728 5892
18383 5477 10246
18384 11093 5585
18385 913 6537
18386 8535 5035
18387 10200 2750
18388 6007 5305
18389 2470 4632
18390 2728 9600
18391 10596 7734
18392 7539 534
18393 6545 10278
18394 9456 862
18395 2691 2726
18396 5476 8379
18397 9021 7963
18398 11398 9305
18399 10556 3684
18400 1993 2833
18401 314 11357
18402 2621 11363
18403 6506 5906
18404 9835 8596
18405 6341 6871
18406 11172 9542
18407 9828 9401
18408 10404 4897
18409 11061 11066
18410 10330 1908
18411 1871 3727
18412 5262 10801
18413 9772 3215
18414 11613 8772
18415 10406 8927
18416 4850 8559
18417 3049 1987
18418 11989 645
18419 7560 112
18420 2757 9753
18421 7493 11500
18422 296 100
18423 3293 6570
18424 11744 9035
18425 11002 4512
18426 2314 6221
18427 11096 576
18428 6367 10320
18429 5293 2622
18430 6045 2259
18431 2215 8052
18432 4141 2297
18433 2442 7256
18434 1295 1909
18435 9428 4742
18436 10388 8153
18437 11848 4969
18438 8338 7339
18439 2778 8774
18440 11699 325
18441 6580 7271
18442 11452 3654
18443 9241 2128
18444 9431 699
18445 1826 1868
18446 11186 4481
18447 3937 6141
18448 3610 2630
18449 6143 9862
18450 11692 7530
18451 11200 2453
18452 5073 743
18453 5864 1229
18454 6417 147
18455 6302 2827
18456 2503 8850
18457 10754 3945
18458 4988 5451
18459 5565 460
18460 11098 243
18461 3551 6599
18462 4199 11264
18463 5591 10958
18464 6541 7770
18465 299 11237
18466 1872 2029
18467 10132 4334
18468 11566 3111
18469 7530 5137
18470 9761 595
18471 3821 3302
18472 7631 10596
18473 3211 17
18474 10064 3501
18475 7731 2532
18476 2004 7316
18477 10775 3881
18478 10963 5820
18479 9135 10700
18480 9027 7525
18481 11930 7300
18482 5390 4498
18483 5351 2739
18484 6640 2344
18485 525 11802
18486 924 5442
18487 11133 7752
18488 6084 3852
18489 1422 9936
18490 7382 5024
18491 11471 2879
18492 11554 11769
18493 8508 4216
18494 4990 3234
18495 5610 7605
18496 7011 4901
18497 7029 7616
18498 6274 2174
18499 4435 10596
18500 4006 2730
18501 10206 10515
18502 7103 3279
18503 4942 4644
18504 10959 6588
18505 8703 4812
18506 526 4813
18507 3466 2489
18508 11146 8453
18509 590 9427
18510 10188 9910
18511 994 9888
18512 8242 8912
18513 7857 5907
18514 2125 5061
18515 724 3539
18516 4490 3346
18517 6843 4792
18518 7855 1207
18519 1322 2891
18520 6270 1438
18521 5118 1753
18522 1978 4682
18523 1957 3661
18524 637 10173
18525 3096 5780
18526 1335 3578
18527 7137 6316
18528 5325 11352
18529 4925 6093
18530 1504 7746
18531 6682 5578
18532 1102 11943
18533 6729 1048
18534 6507 3949
18535 9641 10829
18536 4837 465
18537 11966 5810
18538 5011 10720
18539 5533 2148
18540 5751 11841
18541 7523 3287
18542 1279 3155
18543 11914 8511
18544 8185 10026
18545 5764 11822
18546 2374 1905
18547 4152 4424
18548 5998 10217
18549 11889 8795
18550 11110 1780
18551 8769 542
18552 11058 6923
18553 1024 10569
18554 8526 585
18555 4073 9030
18556 1371 6741
18557 4661 6306
18558 1273 5572
18559 8544 8384
18560 7068 1137
18561 2157 8859
18562 1189 8470
18563 8835 7944
18564 2021 6618
18565 594 2394
18566 9689 5926
18567 6747 2290
18568 11690 716
18569 6795 2152
18570 7380 104
18571 3348 4776
18572 5432 983
18573 8491 11791
18574 11132 9454
18575 1099 7157
18576 3429 1687
18577 11213 4804
18578 11926 1286
18579 9050 2499
18580 10309 11677
18581 6443 10906
18582 1358 766
18583 2045 8618
18584 851 11139
18585 2602 7871
18586 10988 3787
18587 9166 3062
18588 457 2832
18589 5708 7530
18590 5560 8542
18591 11403 1593
18592 10028 6134
18593 395 1197
18594 1283 6484
18595 11301 10626
18596 11297 4032
18597 4145 4819
18598 9440 1574
18599 9572 5233
18600 8416 6764
18601 7286 6226
18602 3425 1961
18603 1872 1276
18604 11675 11355
18605 2516 8340
18606 7038 3594
18607 2542 1715
18608 5162 1606
18609 6427 5584
18610 2468 1686
18611 438 9556
18612 2030 6085
18613 996 3536
18614 581 9669
18615 8822 1353
18616 10010 3032
18617 4134 9227
18618 5817 1229
18619 4287 5020
18620 910 4445
18621 3728 3747
18622 870 10705
18623 9981 8252
18624 31 11348
18625 3625 8524
18626 1877 6548
18627 3698 10651
18628 10771 2301
18629 10022 1860
18630 1446 1323
18631 106 1180
18632 69 10050
18633 8197 10017
18634 5624 1024
18635 5807 7736
18636 3004 5538
18637 6569 8464
18638 10628 1043
18639 7803 1955
18640 458 8229
18641 6740 6203
18642 11784 3904
18643 7681 10139
18644 9221 11378
18645 7526 5377
18646 8819 1018
18647 2221 9533
18648 6922 300
18649 368 5543
18650 11280 1727
18651 9186 3381
18652 1453 10192
18653 2821 9996
18654 392 6071
18655 1476 7148
18656 1165 11566
18657 7221 700
18658 7813 10772
18659 2358 10423
18660 9048 2182
18661 5616 5960
18662 6085 6037
18663 3914 7660
18664 7837 2278
18665 3096 5367
18666 6473 11936
18667 7793 7319
18668 3047 11119
18669 10867 8357
18670 10826 11038
18671 2835 300
18672 3215 10117
18673 9920 5677
18674 7731 6388
18675 5900 6233
18676 1396 3331
18677 8350 5231
18678 6395 4171
18679 3960 5483
18680 6748 1043
18681 2858 10298
18682 7464 2598
18683 8616 7412
18684 3457 3769
18685 9541 2908
18686 2043 3739
18687 5239 11811
18688 1880 1439
18689 3079 2324
18690 7510 3659
18691 7706 230
18692 2074 3964
18693 10293 6051
18694 4374 9925
18695 11164 9256
18696 677 7797
18697 575 6029
18698 3262 7911
18699 5826 8434
18700 11278 8485
18701 1236 7152
18702 9611 11019
18703 5647 3831
18704 2168 2680
18705 7816 5924
18706 2541 10601
18707 4314 9985
18708 7323 9349
18709 3072 2148
18710 5212 1084
18711 1541 2819
18712 8847 1974
18713 3575 9754
18714 1695 10094
18715 6072 6825
18716 7559 473
18717 11402 10717
18718 4677 9924
18719 4354 2515
18720 5885 1527
18721 4822 3260
18722 2831 912
18723 7339 9504
18724 1138 10909
18725 1717 1570
18726 2985 2410
18727 1720 11051
18728 5655 7592
18729 4786 11175
18730 10614 568
18731 9364 10605
18732 7029 7963
18733 5176 10210
18734 11459 11404
18735 11490 8752
18736 9341 1898
18737 10342 8969
18738 8376 4955
18739 9510 4718
18740 1111 1572
18741 5373 210
18742 7244 7033
18743 847 10181
18744 10316 6082
18745 1361 6053
18746 3894 9795
18747 1682 537
18748 10718 10765
18749 11655 7557
18750 11185 6089
18751 5205 5172
18752 3906 4094
18753 3800 5879
18754 5997 8818
18755 11140 8852
18756 1768 8046
18757 7218 2687
18758 6771 10157
18759 9613 7525
18760 5595 5209
18761 1130 5079
18762 4496 2728
18763 6719 8712
18764 8273 1202
18765 7190 10493
18766 10742 10319
18767 10368 8254
18768 10701 1777
18769 8062 6528
18770 3319 2975
18771 10856 213
18772 1233 1021
18773 5493 3296
18774 2530 11869
18775 2139 5163
18776 10270 5593
18777 93 4313
18778 4019 7875
18779 2335 4497
18780 10758 8956
18781 6712 2105
18782 2196 10645
18783 10488 6594
18784 2305 8665
18785 6399 5204
18786 4641 8275
18787 8702 4015
18788 6273 10649
18789 10097 7623
18790 4102 3863
18791 6198 3205
18792 1642 11706
18793 11278 1910
18794 2995 8473
18795 5865 9092
18796 4337 772
18797 11427 5277
18798 4250 11874
18799 7153 4766
18800 7737 5197
18801 3719 6060
18802 8125 8870
18803 1733 4860
18804 3874 4431
18805 8627 9397
18806 11830 11522
18807 10334 812
18808 1848 5176
18809 9853 5510
18810 7799 11859
18811 7728 11366
18812 7366 8502
18813 9212 11174
18814 9744 4509
18815 8047 506
18816 11518 7544
18817 6886 5725
18818 2762 4472
18819 8298 2533
18820 4101 9000
18821 8226 5872
18822 7156 6714
18823 8378 11291
18824 6273 10058
18825 4236 11140
18826 7371 8499
18827 3129 5911
18828 9946 11450
18829 9120 8390
18830 7210 5085
18831 5416 2714
18832 6817 6416
18833 6743 3137
18834 7248 4924
18835 8935 10560
18836 5659 3824
18837 472 11074
18838 9434 8021
18839 2392 3737
18840 4006 8018
18841 11713 6650
18842 5220 6530
18843 4812 5099
18844 2345 7551
18845 6828 6039
18846 9203 7117
18847 5220 6316
18848 10632 2876
18849 7936 79
18850 218 7730
18851 5782 5116
18852 2148 8296
18853 6690 9489
18854 5055 10164
18855 7053 9573
18856 11174 3537
18857 547 863
18858 2958 10320
18859 1110 4253
18860 3024 9894
18861 2599 1156
18862 7646 2805
18863 9163 409
18864 11479 4090
18865 8663 11080
18866 5445 4182
18867 1434 1899
18868 10267 4713
18869 2020 1925
18870 179 361
18871 7762 11835
18872 5932 4618
18873 11407 9494
18874 1239 2930
18875 3079 315
18876 11524 1017
18877 6042 7607
18878 4004 5309
18879 9611 6403
18880 11263 2929
18881 10586 661
18882 4377 11474
18883 10888 5073
18884 3348 9618
18885 9986 6271
18886 72 10911
18887 7751 7471
18888 5757 7612
18889 9588 11663
18890 1417 11719
18891 2598 3842
18892 10487 2017
18893 8381 6887
18894 4145 223
18895 3009 1611
18896 2908 6554
18897 5624 463
18898 8095 508
18899 4323 11004
18900 9463 11395
18901 7907 10723
18902 6710 10599
18903 7972 10687
18904 9881 8403
18905 4660 8388
18906 3303 11517
18907 10877 1778
18908 1568 7353
18909 5491 3578
18910 3458 589
18911 6297 243
18912 7000 10199
18913 3701 10557
18914 7093 11759
18915 11767 1158
18916 924 1949
18917 5567 6533
18918 3157 2478
18919 3925 2089
18920 5646 8801
18921 3833 6799
18922 7969 7399
18923 2446 8317
18924 7981 11237
18925 488 7459
18926 8447 2527
18927 4292 7593
18928 2545 10845
18929 8351 4002
18930 9037 458
18931 7193 1284
18932 2426 4767
18933 3855 132
18934 5137 1717
18935 11568 4011
18936 9761 11449
18937 9687 8890
18938 2331 5822
18939 3559 2025
18940 6082 1119
18941 5994 9703
18942 3557 4080
18943 1023 2539
18944 11766 7263
18945 5965 5545
18946 2455 3455
18947 3439 10086
18948 6142 11385
18949 2850 1747
18950 7301 4998
18951 5396 4783
18952 8240 3718
18953 5894 3687
18954 2944 2138
18955 1782 9897
18956 1135 2248
18957 418 3682
18958 301 5306
18959 2740 5486
18960 8390 5262
18961 6135 7198
18962 5940 663
18963 629 3146
18964 2197 7637
18965 10769 3867
18966 9667 4359
18967 5869 11548
18968 6422 8012
18969 9341 4707
18970 987 3871
18971 2703 368
18972 5141 7800
18973 8487 7313
18974 882 1265
18975 6490 3251
18976 8574 933
18977 9435 6498
18978 6585 9875
18979 2 4375
18980 673 10053
18981 1936 294
18982 10048 1416
18983 2203 5996
18984 8894 8185
18985 2296 6178
18986 9549 6351
18987 10897 6798
18988 6812 9023
18989 194 8546
18990 10937 9117
18991 11923 3010
18992 9166 10645
18993 10355 3982
18994 9643 3298
18995 6275 2114
18996 2403 343
18997 2781 8596
18998 5964 11182
18999 3193 1670
19000 6401 3566
19001 3979 7799
19002 5358 11603
19003 11753 8349
19004 5136 5875
19005 10478 9245
19006 862 9148
19007 6060 724
19008 2964 7235
19009 5061 2190
19010 7826 8897
19011 7201 8230
19012 1598 11954
19013 5753 6858
19014 2681 8237
19015 7626 2358
19016 11586 1286
19017 9840 11816
19018 11376 8184
19019 4570 9754
19020 1446 11703
19021 7286 9527
19022 7225 1848
19023 10063 10844
19024 5583 11842
19025 6504 4104
19026 7826 8672
19027 11479 6366
19028 3719 4533
19029 5203 8611
19030 1589 4739
19031 7846 8189
19032 11228 11830
19033 1339 2274
19034 11599 8720
19035 2664 11740
19036 5390 6562
19037 11660 7018
19038 10588 11224
19039 1138 2916
19040 4506 4377
19041 6188 295
19042 4426 8888
19043 2296 5249
19044 2482 10021
19045 712 11634
19046 2595 8280
19047 1243 1687
19048 11619 7572
19049 5099 8735
19050 4229 6064
19051 136 6910
19052 11626 2489
19053 1809 6081
19054 3698 3878
19055 532 9299
19056 2571 11959
19057 8298 9776
19058 4385 1736
19059 1899 9315
19060 7849 4768
19061 3100 5304
19062 7086 8557
19063 9196 6858
19064 10617 2519
19065 4600 8358
19066 5040 6259
19067 473 1595
19068 5805 174
19069 1000 9168
19070 7908 5459
19071 3398 10331
19072 978 5167
19073 2575 6215
19074 5916 2329
19075 5811 4340
19076 7358 8451
19077 66 9521
19078 4400 5860
19079 11962 3363
19080 10213 2814
19081 11593 4968
19082 7112 1972
19083 2971 2778
19084 6013 4682
19085 2335 6603
19086 7360 418
19087 3568 9759
19088 5876 3044
19089 11234 6232
19090 9918 2166
19091 4787 9838
19092 9227 1008
19093 1828 10258
19094 2688 5437
19095 8801 2470
19096 6014 209
19097 10046 11218
19098 9208 5579
19099 8587 7185
19100 3406 2920
19101 8806 8314
19102 9253 5041
19103 3682 5872
19104 8119 6294
19105 1878 8134
19106 759 263
19107 11850 2361
19108 8485 11285
19109 6351 9527
19110 1704 7491
19111 365 8397
19112 5588 2900
19113 1295 6536
19114 5638 8480
19115 11005 9268
19116 6084 7370
19117 9511 3957
19118 6365 25
19119 11349 8477
19120 9362 4420
19121 1088 7789
19122 8055 9472
19123 11049 11498
19124 9148 5725
19125 3467 4767
19126 3859 2845
19127 1192 4807
19128 1743 1664
19129 2458 1726
19130 11686 7063
19131 10705 5680
19132 9688 2206
19133 11377 5194
19134 2371 11767
19135 3801 3257
19136 5593 9965
19137 10863 8475
19138 6362 6314
19139 10903 10067
19140 2996 8503
19141 8925 5189
19142 6645 11121
19143 7147 4106
19144 3245 11608
19145 9060 3956
19146 6238 11988
19147 9738 11363
19148 5694 6189
19149 10459 7689
19150 10683 11891
19151 4289 4766
19152 5841 1508
19153 11794 2961
19154 4967 7342
19155 2561 1810
19156 11554 1441
19157 7521 7389
19158 10356 5155
19159 10623 5601
19160 526 1936
19161 58 848
19162 6318 5202
19163 4922 11341
19164 1862 5622
19165 6528 642
19166 6012 5138
19167 633 9134
19168 8078 8261
19169 2516 5387
19170 752 1279
19171 2720 11615
19172 5778 9007
19173 2582 4651
19174 5703 4642
19175 3468 11021
19176 10974 3073
19177 10080 2953
19178 779 8895
19179 4764 7370
19180 9777 4195
19181 7059 1171
19182 704 10130
19183 229 8691
19184 8475 11858
19185 2438 1432
19186 7224 9298
19187 8872 9726
19188 10121 11783
19189 2153 8629
19190 7338 7287
19191 8853 8530
19192 1287 2732
19193 6602 7185
19194 11419 204
19195 7935 1656
19196 1962 5336
19197 1151 9741
19198 6673 11614
19199 9444 5285
19200 8831 7153
19201 3264 8500
19202 1403 11953
19203 4115 6827
19204 7713 11404
19205 2226 2826
19206 9750 7726
19207 2015 1545
19208 4909 4206
19209 8104 11775
19210 4141 6645
19211 11112 11610
19212 5355 2634
19213 6821 11060
19214 2407 4866
19215 519 2898
19216 10552 10066
19217 10876 3175
19218 6572 4200
19219 5886 11931
19220 5403 3131
19221 6151 3615
19222 10922 11969
19223 4836 10938
19224 317 3128
19225 10770 9923
19226 8591 8188
19227 8774 1454
19228 2174 4650
19229 2345 11949
19230 2765 11185
19231 8031 3394
19232 2138 9931
19233 10150 1070
19234 10010 4501
19235 1829 5499
19236 1145 8525
19237 9312 11352
19238 3448 11991
19239 3519 190
19240 7585 8905
19241 1582 6680
19242 9301 1827
19243 2005 8453
19244 10589 6289
19245 255 11993
19246 8513 5562
19247 2740 121
19248 7451 4167
19249 11899 6475
19250 2992 9325
19251 2889 5243
19252 10188 609
19253 1064 5978
19254 3919 6075
19255 9530 741
19256 10459 2502
19257 9630 6524
19258 9336 6386
19259 7853 9180
19260 1387 8678
19261 454 414
19262 1149 2099
19263 5425 9497
19264 1840 9712
19265 4650 10103
19266 1610 664
19267 3243 5118
19268 2088 1018
19269 348 3272
19270 11100 6640
19271 3232 11125
19272 4370 6040
19273 10094 780
19274 1903 5350
19275 2742 1749
19276 2122 9525
19277 6556 8764
19278 6207 6452
19279 7918 11109
19280 10361 5956
19281 6333 5831
19282 11671 8058
19283 8468 6474
19284 7021 1826
19285 2450 7238
19286 3612 5243
19287 8366 5376
19288 8904 6962
19289 2743 4664
19290 4756 9761
19291 3526 903
19292 9832 508
19293 7046 3834
19294 7138 3763
19295 2805 10676
19296 4628 11589
19297 3066 3841
19298 7573 3371
19299 913 4093
19300 8756 7845
19301 6186 7224
19302 1732 556
19303 7803 10075
19304 10165 9884
19305 8309 7550
19306 7516 8672
19307 3444 8965
19308 1392 7403
19309 811 3230
19310 9508 3032
19311 2782 4660
19312 5192 3980
19313 8299 10994
19314 11680 10922
19315 8071 2014
19316 6174 11907
19317 7419 4553
19318 7424 3384
19319 6541 3091
19320 9385 8125
19321 7981 3568
19322 2120 7590
19323 4608 2029
19324 10580 10456
19325 10561 499
19326 3121 11327
19327 10930 4363
19328 5897 11519
19329 6987 8322
19330 4354 2063
19331 6541 11741
19332 1448 8149
19333 765 3964
19334 9781 9386
19335 7376 906
19336 9629 9742
19337 2161 392
19338 7377 5411
19339 10862 10972
19340 4069 6050
19341 1336 589
19342 9217 2441
19343 7945 7948
19344 10453 550
19345 9219 7229
19346 9068 7522
19347 8639 7729
19348 535 3529
19349 6052 4314
19350 7838 11981
19351 3774 5817
19352 3006 6906
19353 4355 5105
19354 10001 6147
19355 8177 280
19356 7956 3863
19357 10144 9960
19358 1129 1284
19359 8188 5738
19360 7201 5391
19361 2746 10677
19362 1433 3125
19363 10150 3438
19364 10637 7461
19365 2754 9216
19366 471 5762
19367 11850 5740
19368 9404 10414
19369 10977 7392
19370 8831 1549
19371 6920 3952
19372 8095 8997
19373 951 105
19374 10316 4656
19375 1145 1006
19376 5043 9486
19377 5805 11972
19378 2547 2040
19379 8216 9024
19380 4440 7667
19381 6739 227
19382 2535 4586
19383 677 1710
19384 2288 8681
19385 6507 911
19386 2577 5065
19387 10343 11619
19388 11114 8882
19389 2161 3675
19390 835 3754
19391 6945 4682
19392 6399 11565
19393 3382 6120
19394 4205 10548
19395 1801 184
19396 306 4048
19397 2397 8661
19398 10965 1313
19399 6473 8053
19400 10416 10169
19401 11975 1147
19402 7743 3117
19403 165 6974
19404 7082 8212
19405 3120 6753
19406 2178 8732
19407 9598 6858
19408 10965 9418
19409 9186 8492
19410 8063 1063
19411 5601 169
19412 6953 8604
19413 1209 6387
19414 1567 11613
19415 6754 10477
19416 1713 10629
19417 8645 7973
19418 6380 8787
19419 6511 103
19420 2795 1943
19421 6717 8319
19422 622 8486
19423 5343 10670
19424 5152 10540
19425 10016 4347
19426 7342 7171
19427 11429 4285
19428 724 6336
19429 125 10234
19430 3568 498
19431 5063 1047
19432 9323 5321
19433 7789 2744
19434 2848 1121
19435 6567 7082
19436 3150 6278
19437 7515 1528
19438 989 10794
19439 8554 9217
19440 4637 1625
19441 1049 6355
19442 4448 1565
19443 11969 6957
19444 1233 3039
19445 4003 11108
19446 10258 6874
19447 6876 1075
19448 8104 3670
19449 7257 8032
19450 2895 5413
19451 10976 8919
19452 4113 6338
19453 10357 3045
19454 317 934
19455 11074 4832
19456 4493 9280
19457 9939 3092
19458 7304 972
19459 6279 7818
19460 2189 1400
19461 11560 142
19462 4786 3551
19463 8660 7499
19464 273 4019
19465 5429 10405
19466 1261 55
19467 10455 11580
19468 4196 4495
19469 3429 7536
19470 316 4765
19471 2324 3620
19472 8081 3558
19473 8065 5791
19474 2593 8295
19475 4864 4207
19476 10812 11728
19477 2007 10605
19478 3378 11195
19479 6056 11511
19480 8944 6783
19481 195 4424
19482 3623 9793
19483 9695 9463
19484 5500 429
19485 3443 10688
19486 6725 11036
19487 8764 3497
19488 4960 7781
19489 10652 7484
19490 6855 8456
19491 5431 3949
19492 636 10968
19493 4334 5393
19494 1412 3461
19495 1184 2621
19496 9653 6077
19497 11791 4586
19498 6867 9763
19499 4141 8993
19500 6165 10264
19501 9587 3445
19502 5279 1799
19503 3842 6060
19504 3115 8472
19505 3758 3453
19506 11109 819
19507 6627 2362
19508 10632 192
19509 3037 9799
19510 1210 11842
19511 1250 6201
19512 7033 10313
19513 5363 1996
19514 3907 4331
19515 9948 6317
19516 717 3879
19517 10117 5150
19518 121 6405
19519 428 810
19520 7897 8327
19521 9295 2278
19522 9915 6410
19523 11613 6854
19524 7762 7320
19525 9952 2023
19526 43 4184
19527 1106 5375
19528 10718 3723
19529 9853 6130
19530 9407 7259
19531 2249 6883
19532 2058 3245
19533 9152 11764
19534 984 11977
19535 8112 6920
19536 7828 9410
19537 30 4864
19538 349 10740
19539 6447 8232
19540 2862 10431
19541 1813 5021
19542 1640 5961
19543 7120 6006
19544 2274 11702
19545 461 2294
19546 7059 220
19547 1177 4057
19548 909 5809
19549 6194 6602
19550 9215 54
19551 792 3461
19552 10088 5107
19553 11994 2060
19554 2056 9648
19555 9479 3929
19556 10295 5580
19557 903 9790
19558 886 50
19559 5186 10805
19560 1797 1589
19561 1937 4284
19562 10258 8802
19563 9293 5538
19564 5315 10460
19565 10316 8957
19566 10590 7565
19567 1559 3234
19568 4640 6036
19569 7781 9407
19570 1538 11776
19571 3155 5409
19572 6422 11282
19573 11135 10021
19574 6256 6791
19575 7797 6686
19576 11173 3170
19577 4305 4651
19578 10845 137
19579 11877 47
19580 4529 3752
19581 9761 338
19582 2218 4798
19583 7639 9114
19584 10100 3698
19585 2096 5078
19586 2171 5714
19587 5336 7985
19588 6568 5140
19589 994 4164
19590 9953 1016
19591 9732 3077
19592 3081 2331
19593 9596 2707
19594 2849 10657
19595 3171 3986
19596 714 7998
19597 3597 5771
19598 373 11078
19599 6208 7291
19600 1256 3772
19601 8815 4281
19602 10702 10981
19603 11480 10319
19604 5624 4600
19605 10679 4664
19606 192 6814
19607 10878 5258
19608 685 2148
19609 10910 10618
19610 3063 7853
19611 3259 3684
19612 1454 7598
19613 5616 8150
19614 1769 8673
19615 7697 186
19616 3864 11735
19617 1980 1141
19618 4286 3789
19619 7351 8572
19620 10855 4131
19621 1060 2444
19622 8475 8822
19623 9716 5339
19624 5345 6883
19625 10599 8341
19626 10857 10993
19627 3505 4493
19628 6823 11213
19629 1109 8512
19630 9887 5387
19631 6803 6399
19632 1390 1737
19633 11312 291
19634 1844 8834
19635 1377 10111
19636 10430 8844
19637 7907 1588
19638 4190 6135
19639 1200 5415
19640 4608 1259
19641 837 2595
19642 5306 11956
19643 7109 6735
19644 735 8125
19645 1444 1659
19646 10884 4943
19647 10705 5302
19648 7160 7417
19649 10028 10383
19650 8472 11324
19651 6859 4437
19652 6610 10066
19653 6766 7977
19654 3818 1344
19655 5122 7124
19656 11757 7867
19657 1113 11834
19658 10512 3256
19659 5732 9869
19660 7499 1785
19661 7442 1587
19662 2236 10999
19663 3438 4787
19664 4844 117
19665 11442 8408
19666 6965 6135
19667 11449 3787
19668 11280 8029
19669 8713 5701
19670 8067 5041
19671 6064 510
19672 2883 7387
19673 4386 5465
19674 10640 7309
19675 2466 9445
19676 4689 8544
19677 4832 10844
19678 9723 2363
19679 10011 8688
19680 2523 8222
19681 1060 6883
19682 5526 181
19683 192 4550
19684 8233 9165
19685 9985 10608
19686 4636 10995
19687 10008 6375
19688 7126 5932
19689 4726 10741
19690 637 10109
19691 6650 172
19692 11417 10510
19693 2153 2204
19694 11089 5827
19695 1888 10747
19696 4493 8960
19697 5313 7620
19698 2203 2416
19699 2872 2178
19700 11819 6443
19701 6547 2793
19702 9979 7227
19703 2592 9815
19704 5584 9962
19705 8179 3811
19706 24 2779
19707 5310 7952
19708 4671 7612
19709 5429 11672
19710 10783 1351
19711 1714 7276
19712 4053 8366
19713 5899 11522
19714 9351 4939
19715 6316 11424
19716 755 4847
19717 4533 10525
19718 2811 2102
19719 1058 588
19720 1662 2754
19721 10515 9992
19722 7816 10628
19723 6613 11823
19724 10386 6207
19725 5823 5649
19726 6478 9714
19727 3113 787
19728 7511 854
19729 9215 2553
19730 7780 10573
19731 11511 5006
19732 212 10754
19733 8032 1646
19734 4957 2969
19735 6859 2567
19736 4825 11767
19737 10175 6709
19738 11908 2606
19739 11462 1791
19740 9961 7743
19741 1517 4045
19742 11734 1075
19743 1039 26
19744 48 11759
19745 5621 2710
19746 11067 754
19747 11246 1599
19748 3089 2216
19749 1535 7640
19750 6836 2461
19751 11350 6272
19752 2669 5925
19753 270 1903
19754 10630 408
19755 1168 10082
19756 8543 1321
19757 2468 4047
19758 4596 2980
19759 11337 5195
19760 8589 4559
19761 2412 8933
19762 9332 1472
19763 2068 1066
19764 6521 1989
19765 8497 3339
19766 9581 4540
19767 4126 772
19768 8379 5376
19769 9470 1013
19770 9042 6602
19771 1192 7628
19772 3866 2884
19773 6900 6
19774 8274 1333
19775 6655 3973
19776 7124 3691
19777 760 3544
19778 7485 341
19779 9494 495
19780 4214 10638
19781 3797 1127
19782 8117 4741
19783 2059 10271
19784 6630 11195
19785 530 1428
19786 2568 7419
19787 7735 9399
19788 613 4726
19789 2979 8270
19790 9012 10977
19791 3404 5506
19792 2324 4280
19793 6232 10850
19794 2957 8166
19795 7194 11699
19796 10382 9058
19797 6369 4812
19798 8724 2089
19799 1882 260
19800 7541 11570
19801 1016 4270
19802 10411 5014
19803 10423 9644
19804 11457 5302
19805 10337 10498
19806 2596 8264
19807 4171 7635
19808 9782 1657
19809 3072 8155
19810 1683 11197
19811 2027 2234
19812 10110 10989
19813 11571 6174
19814 10004 10455
19815 8443 10749
19816 7197 7046
19817 4040 11334
19818 8849 2502
19819 7213 7302
19820 9466 6937
19821 5840 8917
19822 2414 1393
19823 5792 911
19824 167 11729
19825 611 4077
19826 3584 7520
19827 1476 4867
19828 10082 1653
19829 11950 4103
19830 3650 1107
19831 1429 4250
19832 2079 3693
19833 2717 3384
19834 11775 2688
19835 8985 5108
19836 10595 2591
19837 11307 2899
19838 7348 3494
19839 7678 7063
19840 137 8973
19841 7453 6884
19842 9146 9473
19843 80 3037
19844 9812 9123
19845 561 3773
19846 6433 11486
19847 4733 10276
19848 1107 10006
19849 10278 9617
19850 2133 560
19851 6634 11767
19852 8439 7767
19853 1702 4722
19854 7090 5234
19855 6639 2279
19856 3515 11302
19857 10603 3446
19858 3138 10272
19859 7727 6530
19860 2119 7228
19861 1877 10979
19862 9631 3139
19863 7507 1916
19864 1869 10042
19865 1595 3872
19866 3614 11321
19867 8222 6149
19868 2091 358
19869 6094 10051
19870 5657 7547
19871 2713 9271
19872 3951 1607
19873 2953 6583
19874 7363 10405
19875 1490 337
19876 4201 10722
19877 11078 9999
19878 4743 3439
19879 3080 4232
19880 1815 3217
19881 695 2547
19882 7974 9864
19883 10610 11300
19884 5640 11702
19885 9434 5057
19886 11661 4515
19887 6204 10105
19888 11869 9070
19889 9894 2671
19890 4191 4150
19891 3413 8486
19892 1876 10995
19893 9008 2165
19894 3351 4098
19895 9348 4773
19896 8713 11346
19897 5059 4356
19898 149 8959
19899 5106 6954
19900 2570 11606
19901 7150 2752
19902 5427 826
19903 3868 973
19904 11934 9033
19905 3301 8354
19906 1319 813
19907 776 2345
19908 2241 1175
19909 11414 5375
19910 2241 7180
19911 1928 10362
19912 7066 4310
19913 3840 2024
19914 9800 3272
19915 8103 7332
19916 7715 6582
19917 5675 3169
19918 11973 8903
19919 11804 8618
19920 11393 7
19921 3888 5519
19922 2758 7057
19923 600 5998
19924 10775 1608
19925 6005 3952
19926 990 11894
19927 6790 10547
19928 2240 6722
19929 10724 7306
19930 8152 8540
19931 9229 4399
19932 4816 2482
19933 4558 10941
19934 10119 5720
19935 3141 6338
19936 3660 10212
19937 45 7952
19938 5010 7312
19939 2109 7889
19940 7171 5202
19941 7037 1376
19942 5985 125
19943 3327 6832
19944 9800 6765
19945 8478 2942
19946 2033 6655
19947 4999 1694
19948 4155 7524
19949 510 6870
19950 6998 1487
19951 4391 3976
19952 4740 1514
19953 11403 7745
19954 6503 1945
19955 9888 2637
19956 10539 10685
19957 2211 2086
19958 8977 9193
19959 4616 1076
19960 3726 10092
19961 8562 2042
19962 10257 9076
19963 10791 9435
19964 9733 7728
19965 7000 9291
19966 9462 1854
19967 11603 8612
19968 2721 7601
19969 736 6613
19970 6362 2910
19971 6733 8463
19972 874 3394
19973 1433 2874
19974 8434 4893
19975 10403 4889
19976 7226 9210
19977 709 544
19978 556 1014
19979 7896 2903
19980 3083 4265
19981 2152 4506
19982 11418 2871
19983 4512 4949
19984 383 4239
19985 8135 1037
19986 2177 4309
19987 8845 11884
19988 635 7022
19989 225 11614
19990 9788 8733
19991 3100 8495
19992 8799 10537
19993 2560 7530
19994 4883 8159
19995 2147 2103
19996 10712 1850
19997 2913 6301
19998 4253 1008
19999 420 9601
20000 1246 2825
20001 542 10240
20002 5892 293
20003 6983 1494
20004 11695 11815
20005 4515 2300
20006 11219 3750
20007 6433 1501
20008 7205 7391
20009 726 4699
20010 865 7772
20011 7054 3439
20012 1490 1226
20013 9400 7872
20014 3449 1288
20015 5763 91
20016 10309 1090
20017 2603 11273
20018 4205 7883
20019 2325 1603
20020 4664 7827
20021 3618 5736
20022 963 9637
20023 979 7267
20024 11147 1696
20025 8255 8159
20026 9248 71
20027 5046 1521
20028 3863 9142
20029 8316 11348
20030 6091 3375
20031 6007 2732
20032 6300 4480
20033 3936 1548
20034 5270 8951
20035 10391 8724
20036 138 11884
20037 8203 2854
20038 9832 677
20039 3173 3254
20040 2416 10584
20041 5643 6072
20042 5044 2276
20043 2635 923
20044 11855 11484
20045 11433 11158
20046 2023 2372
20047 191 8665
20048 4519 8282
20049 9093 8944
20050 10652 7777
20051 1942 3746
20052 1857 2686
20053 6134 9924
20054 8741 5094
20055 1230 4032
20056 6856 6726
20057 6247 5057
20058 1609 6993
20059 10482 3197
20060 7087 6266
20061 6631 6704
20062 3539 10236
20063 258 4429
20064 11523 11360
20065 8790 704
20066 2348 333
20067 6317 2651
20068 9812 4857
20069 870 168
20070 712 7425
20071 2537 1603
20072 11637 2200
20073 2204 9785
20074 10804 10692
20075 8513 1144
20076 4458 6247
20077 3976 9184
20078 3518 216
20079 6804 421
20080 3439 6987
20081 8222 2114
20082 7519 11503
20083 5037 522
20084 10906 5067
20085 9083 3799
20086 9913 9484
20087 3526 660
20088 9640 10485
20089 308 8439
20090 1873 3098
20091 4287 1648
20092 3126 1736
20093 4743 3986
20094 8640 10542
20095 6379 3626
20096 9844 2470
20097 7000 2527
20098 4503 3131
20099 3155 4612
20100 11676 2335
20101 11968 436
20102 6739 11216
20103 114 10855
20104 9255 7070
20105 437 5479
20106 4605 11264
20107 6127 8492
20108 10093 6846
20109 4052 10928
20110 11461 8607
20111 10248 2486
20112 6563 4633
20113 10734 418
20114 10278 1994
20115 2858 10917
20116 10202 3290
20117 11300 2248
20118 11556 6743
20119 7285 10393
20120 11188 8614
20121 507 9107
20122 7763 2682
20123 2252 1493
20124 2913 10401
20125 2342 5669
20126 7844 10229
20127 11586 8465
20128 2587 749
20129 1455 2115
20130 3377 8456
20131 7431 290
20132 7360 7625
20133 6806 6599
20134 2149 8213
20135 4565 4612
20136 10472 9735
20137 9326 458
20138 6629 2065
20139 5854 4361
20140 7790 9219
20141 6324 9870
20142 8605 7902
20143 10523 4992
20144 7544 10832
20145 5143 1478
20146 9262 6183
20147 473 8566
20148 8701 10576
20149 1063 10205
20150 7933 5103
20151 4123 6509
20152 7088 1930
20153 3470 6680
20154 5606 2682
20155 11026 8674
20156 2023 459
20157 6892 3798
20158 7599 190
20159 2639 9127
20160 11512 11761
20161 5754 1646
20162 5775 868
20163 6902 4500
20164 8752 1173
20165 8319 11991
20166 8907 286
20167 10132 7502
20168 11311 10087
20169 10638 2989
20170 3947 10703
20171 8816 2395
20172 11487 3304
20173 10055 3711
20174 5749 11117
20175 9906 4337
20176 2668 5342
20177 8785 6204
20178 7075 1176
20179 3641 2239
20180 5537 9225
20181 9945 5254
20182 10870 11111
20183 6779 10295
20184 84 9489
20185 599 8509
20186 4242 10753
20187 2103 2137
20188 2464 1342
20189 7052 1090
20190 8838 5223
20191 9925 11370
20192 10251 4259
20193 1760 6993
20194 2596 4288
20195 3497 7653
20196 10894 10833
20197 11020 3804
20198 11584 1657
20199 8360 3932
20200 673 1044
20201 3409 3553
20202 9240 41
20203 1081 2187
20204 4491 7538
20205 10644 11502
20206 9474 380
20207 2935 2967
20208 5119 10109
20209 8671 9091
20210 1476 7936
20211 3119 6729
20212 8539 2219
20213 10535 11498
20214 7002 1487
20215 4870 9838
20216 6994 10442
20217 9123 6911
20218 10253 3833
20219 1507 2916
20220 1515 5871
20221 9992 3504
20222 9917 3563
20223 6558 1479
20224 4029 4730
20225 11109 5882
20226 11529 1540
20227 9354 1659
20228 9340 7662
20229 4654 78
20230 10320 7839
20231 2813 5420
20232 2268 5457
20233 7836 7509
20234 6939 5707
20235 640 9865
20236 667 265
20237 9379 1457
20238 3876 4202
20239 3841 425
20240 3517 1507
20241 5144 215
20242 8766 11472
20243 5151 3488
20244 11803 2706
20245 6305 9656
20246 8376 7834
20247 8737 7477
20248 104 9018
20249 1141 1720
20250 10423 2057
20251 4224 10336
20252 7327 2707
20253 8276 3557
20254 7599 9199
20255 3678 9877
20256 4251 7448
20257 4844 6014
20258 4749 7776
20259 755 7951
20260 4006 8032
20261 1344 5544
20262 5018 9278
20263 3718 2472
20264 8307 7908
20265 2068 287
20266 8918 11169
20267 1763 10928
20268 10267 10842
20269 6558 10551
20270 9101 4592
20271 8788 10250
20272 332 1283
20273 3864 3324
20274 7535 1914
20275 1310 5262
20276 1257 6168
20277 10012 6956
20278 9035 5912
20279 1352 5046
20280 1808 7109
20281 6069 10795
20282 6330 3374
20283 7180 2921
20284 11270 731
20285 4436 925
20286 5706 7493
20287 3919 7526
20288 5316 3284
20289 4063 7038
20290 4678 7523
20291 2367 1766
20292 11884 9396
20293 6792 9816
20294 9697 3846
20295 6215 6008
20296 3118 9294
20297 2830 10433
20298 4139 7696
20299 6014 9941
20300 5502 10806
20301 1717 9355
20302 4574 940
20303 10151 4670
20304 6475 9500
20305 5951 7234
20306 8947 8028
20307 1733 11900
20308 5929 3503
20309 2542 698
20310 4776 11041
20311 644 4969
20312 6506 11959
20313 1636 3567
20314 297 6352
20315 5665 2123
20316 2163 5627
20317 11240 8734
20318 318 9878
20319 1887 5821
20320 4453 5219
20321 6980 10426
20322 3456 692
20323 6405 10340
20324 5310 5952
20325 8480 9225
20326 8424 6887
20327 6315 6947
20328 2272 7247
20329 6959 11654
20330 2357 823
20331 1664 6668
20332 3364 8506
20333 10089 940
20334 661 2503
20335 2507 5715
20336 1524 8982
20337 5526 9195
20338 8503 2406
20339 11697 11299
20340 8402 10072
20341 11566 4275
20342 11012 7277
20343 8949 10802
20344 2859 5836
20345 5764 9123
20346 10965 8616
20347 4544 4312
20348 11969 2403
20349 9889 4137
20350 11248 11047
20351 8557 2801
20352 10831 9071
20353 7313 628
20354 7080 4246
20355 11044 10462
20356 3644 6257
20357 4574 2284
20358 9868 8417
20359 382 6674
20360 4947 1114
20361 10539 3945
20362 1452 2854
20363 4976 1994
20364 9274 9235
20365 3049 4114
20366 715 11457
20367 801 4742
20368 334 7412
20369 9438 7087
20370 4276 2428
20371 2370 9799
20372 5558 133
20373 5586 9811
20374 994 6607
20375 7839 7763
20376 10042 6507
20377 11089 5027
20378 9971 3332
20379 4717 11422
20380 3178 11065
20381 588 7868
20382 1738 9306
20383 11448 4897
20384 9322 8888
20385 1516 4755
20386 1026 7488
20387 9588 2514
20388 1923 7403
20389 10431 11564
20390 11491 3836
20391 5722 2900
20392 10600 2390
20393 3718 11895
20394 6029 8623
20395 9667 7036
20396 9960 2165
20397 6291 10505
20398 4952 11328
20399 1069 4885
20400 6843 2887
20401 5130 6717
20402 7307 6156
20403 8845 8779
20404 6402 9742
20405 182 11419
20406 8947 8606
20407 1852 52
20408 8757 8765
20409 6698 1285
20410 7979 1704
20411 5759 6934
20412 10281 11030
20413 3274 889
20414 7620 2159
20415 6064 10913
20416 1252 9565
20417 4823 7556
20418 1591 7102
20419 2710 10979
20420 1657 4695
20421 353 8709
20422 9728 9952
20423 1524 9964
20424 3501 10759
20425 9866 4285
20426 6088 847
20427 9727 1817
20428 4561 7690
20429 8258 6383
20430 3450 6051
20431 4169 2079
20432 8206 1111
20433 4627 5780
20434 3850 10885
20435 2146 1355
20436 3218 5616
20437 325 1397
20438 11271 10982
20439 3252 4864
20440 11793 4673
20441 2242 8684
20442 505 9066
20443 10362 6965
20444 2955 11016
20445 6006 1478
20446 8674 8208
20447 10369 7455
20448 9286 10799
20449 601 10078
20450 5410 5433
20451 11845 10283
20452 8822 8531
20453 7403 6632
20454 6823 1128
20455 494 5118
20456 4194 10809
20457 1187 5247
20458 1521 9351
20459 1265 10374
20460 7445 11897
20461 1507 5390
20462 7170 4169
20463 4345 9750
20464 8122 566
20465 498 7237
20466 4305 10290
20467 9194 10043
20468 3838 3722
20469 1064 7215
20470 3929 377
20471 11041 10682
20472 11251 5546
20473 5473 1444
20474 10294 7026
20475 4238 3999
20476 2377 5667
20477 923 863
20478 3597 5055
20479 3099 4315
20480 2958 9017
20481 7123 7298
20482 2375 8575
20483 5178 6793
20484 3509 8697
20485 5358 1320
20486 6387 10748
20487 1771 1642
20488 8172 11815
20489 7639 5380
20490 4297 2874
20491 4857 6047
20492 381 11068
20493 2475 3254
20494 8083 5772
20495 5412 7819
20496 7032 9717
20497 562 10098
20498 7209 3671
20499 4912 5707
20500 8716 1291
20501 10873 7849
20502 3655 8343
20503 7058 11310
20504 5706 1579
20505 7432 1678
20506 6232 4173
20507 5986 11402
20508 6799 6789
20509 6342 8309
20510 1579 7582
20511 693 1180
20512 7722 6389
20513 300 10986
20514 11221 4573
20515 8608 5915
20516 1003 2807
20517 10887 5019
20518 4242 10874
20519 2690 3949
20520 165 11832
20521 7755 8032
20522 5846 11333
20523 768 2127
20524 6819 3536
20525 11317 844
20526 5355 4361
20527 2517 1577
20528 10447 6743
20529 9127 11170
20530 3874 1439
20531 11952 7196
20532 10263 6448
20533 4423 5997
20534 9036 10514
20535 385 8852
20536 9255 6716
20537 7579 8128
20538 6685 755
20539 5893 3907
20540 10180 2718
20541 5535 967
20542 5601 4262
20543 6859 5707
20544 834 11653
20545 2339 9636
20546 5879 2036
20547 3840 9147
20548 1914 11539
20549 4554 8637
20550 1913 2940
20551 3490 4316
20552 183 5351
20553 10168 6167
20554 3566 6840
20555 6712 7069
20556 4031 6402
20557 1322 4802
20558 6374 5697
20559 7228 3204
20560 5904 6044
20561 8667 315
20562 10835 4279
20563 1602 4851
20564 9168 6319
20565 5447 8475
20566 9877 4602
20567 8534 725
20568 4400 9353
20569 10384 924
20570 129 1092
20571 3409 1845
20572 9325 11036
20573 2602 9771
20574 11731 6702
20575 8042 8094
20576 10849 6365
20577 9119 2892
20578 6756 6435
20579 4053 2193
20580 2630 11042
20581 7606 3794
20582 6060 2430
20583 4610 7363
20584 2378 7230
20585 9865 2638
20586 915 3713
20587 5166 2770
20588 5944 10291
20589 10752 8654
20590 10900 5653
20591 9352 4771
20592 5111 6327
20593 10282 10805
20594 10239 4244
20595 11201 3785
20596 5546 4302
20597 10018 8833
20598 5275 6969
20599 1155 9379
20600 6381 323
20601 3920 7120
20602 5174 2223
20603 11190 11720
20604 7415 2181
20605 276 5747
20606 11459 3734
20607 1945 6638
20608 11632 7900
20609 7822 7277
20610 5766 1969
20611 8102 4269
20612 4735 1498
20613 6005 4660
20614 11368 10956
20615 8618 2579
20616 11871 9194
20617 2339 7864
20618 6374 5059
20619 2040 1631
20620 5327 7635
20621 1254 6124
20622 1029 9276
20623 4708 900
20624 4561 7357
20625 11720 8861
20626 3945 10667
20627 1989 1731
20628 231 765
20629 9061 1920
20630 398 5167
20631 4592 5695
20632 1171 9927
20633 11923 2064
20634 7412 1903
20635 6807 3574
20636 7733 9824
20637 9774 975
20638 8075 4369
20639 8652 5227
20640 10803 1469
20641 10979 9295
20642 3661 6806
20643 3208 5490
20644 9462 9589
20645 10191 9055
20646 5281 172
20647 2749 8869
20648 4374 7254
20649 3038 5327
20650 9721 7873
20651 1409 11713
20652 1354 5008
20653 10979 11511
20654 1466 2831
20655 7266 7781
20656 5224 9446
20657 4853 10164
20658 5151 6052
20659 4186 9752
20660 9798 1777
20661 8008 11548
20662 10406 8185
20663 5491 1252
20664 4340 6649
20665 6686 1481
20666 5162 2971
20667 3885 1468
20668 3664 10885
20669 9768 7562
20670 4665 8304
20671 5489 3185
20672 5879 7986
20673 10258 9735
20674 4682 6493
20675 913 6304
20676 9382 1714
20677 8135 1473
20678 11370 9534
20679 4546 6705
20680 11710 2294
20681 8933 774
20682 6473 10575
20683 1222 6399
20684 4885 6938
20685 11808 9255
20686 10145 3079
20687 4357 3821
20688 1866 2570
20689 1246 8545
20690 2104 3347
20691 4885 299
20692 8705 3193
20693 4298 3560
20694 11191 3471
20695 8467 4327
20696 1012 9575
20697 1801 1825
20698 6725 2675
20699 6237 10712
20700 8279 1649
20701 7349 11658
20702 9871 8351
20703 2649 4416
20704 6815 2378
20705 3320 9014
20706 10154 8952
20707 6555 2533
20708 4711 1015
20709 393 8881
20710 5885 1739
20711 9338 6131
20712 9484 11955
20713 9243 3230
20714 8178 2219
20715 2884 10121
20716 11357 3372
20717 8216 2107
20718 931 10126
20719 6169 3399
20720 5183 7964
20721 3735 6809
20722 7688 4599
20723 2793 5378
20724 2514 8966
20725 10538 459
20726 38 11922
20727 3530 10920
20728 11512 9186
20729 1819 4493
20730 2017 9492
20731 5135 8791
20732 133 603
20733 5118 6126
20734 638 9378
20735 3059 7984
20736 8609 1513
20737 74 7965
20738 634 11434
20739 7715 3441
20740 2486 9665
20741 6678 10565
20742 4027 10799
20743 1580 11396
20744 435 6645
20745 3956 3930
20746 4879 4526
20747 4421 10402
20748 4559 9000
20749 11494 1065
20750 10592 4836
20751 5737 8989
20752 5530 6246
20753 8078 9195
20754 7847 11445
20755 5522 245
20756 772 7015
20757 4428 3759
20758 10997 4173
20759 5715 7979
20760 8435 11720
20761 11583 3609
20762 771 789
20763 8132 2306
20764 10331 10485
20765 5799 5954
20766 1226 787
20767 5729 11098
20768 11629 3247
20769 210 2416
20770 2263 5518
20771 10937 1280
20772 11742 1944
20773 5509 10960
20774 8133 727
20775 1246 5839
20776 9155 867
20777 7976 11805
20778 7986 7728
20779 5831 11835
20780 10747 3076
20781 6651 302
20782 166 10354
20783 5485 10711
20784 6601 9774
20785 454 6954
20786 6422 4361
20787 5406 8055
20788 644 8444
20789 3425 2367
20790 6106 2034
20791 6208 8086
20792 4223 2728
20793 8203 11694
20794 1342 9217
20795 1287 5351
20796 8424 629
20797 6412 7522
20798 1980 1173
20799 1820 11053
20800 2640 3363
20801 5887 7433
20802 3278 5143
20803 8144 1215
20804 8669 6191
20805 4551 7752
20806 4129 1025
20807 6240 8404
20808 5836 8887
20809 4341 5
20810 7102 9327
20811 10007 10858
20812 1152 596
20813 8007 208
20814 11109 955
20815 4970 6146
20816 298 2188
20817 9047 8976
20818 3783 8811
20819 6088 3772
20820 9980 7420
20821 1365 4803
20822 910 11551
20823 437 649
20824 4981 6185
20825 106 11748
20826 3744 3403
20827 8004 396
20828 4283 8119
20829 5216 4145
20830 10794 2142
20831 1895 3355
20832 10836 5698
20833 8963 11292
20834 2624 4195
20835 10343 7226
20836 11938 7956
20837 4266 7234
20838 5118 9902
20839 5204 5076
20840 7647 4822
20841 3905 11611
20842 1384 7297
20843 9018 1800
20844 10724 8601
20845 2948 11783
20846 11072 6088
20847 9025 260
20848 1706 8889
20849 6118 11240
20850 10302 2547
20851 10962 7777
20852 9193 11495
20853 6560 1773
20854 10331 10056
20855 4801 11189
20856 1440 5345
20857 3130 10885
20858 3340 4738
20859 333 554
20860 5378 11463
20861 5658 2645
20862 611 2848
20863 5507 9320
20864 903 5349
20865 8052 3640
20866 6255 7023
20867 2931 2318
20868 7766 6044
20869 5658 4590
20870 2325 2398
20871 9222 370
20872 11762 4177
20873 3117 10996
20874 1825 690
20875 9634 10945
20876 2398 8112
20877 8085 9115
20878 3807 988
20879 10785 5332
20880 853 9018
20881 11530 8597
20882 8640 425
20883 1288 5379
20884 9337 179
20885 172 8348
20886 10576 636
20887 403 11147
20888 9223 881
20889 7548 4997
20890 3733 9968
20891 1616 3625
20892 7474 8894
20893 4134 3027
20894 4320 1817
20895 8091 5986
20896 2220 6135
20897 3467 9842
20898 5565 5898
20899 11970 8745
20900 1751 3268
20901 293 1954
20902 10412 6820
20903 11260 6640
20904 8172 7193
20905 6777 9212
20906 230 3735
20907 8203 8568
20908 6391 11499
20909 250 3429
20910 11967 3697
20911 10676 7143
20912 7203 4864
20913 8235 1801
20914 1899 102
20915 347 1259
20916 6476 11872
20917 8673 6404
20918 5569 5011
20919 3138 2071
20920 4705 7611
20921 8418 5414
20922 5307 9082
20923 5253 3410
20924 7317 4701
20925 10348 6529
20926 2960 6228
20927 2917 2941
20928 2401 7543
20929 8519 8454
20930 4955 10883
20931 853 5742
20932 1173 4890
20933 10719 8203
20934 4741 5888
20935 10108 6240
20936 1832 8112
20937 6641 9688
20938 27 477
20939 11837 2978
20940 1697 8764
20941 2400 1282
20942 8512 3871
20943 1031 10945
20944 5333 4772
20945 10322 8379
20946 10855 3710
20947 192 3568
20948 2686 1406
20949 9977 7275
20950 5736 393
20951 4049 5614
20952 6159 9931
20953 9743 10963
20954 1725 9145
20955 4086 10881
20956 8187 2433
20957 9609 6717
20958 1376 6229
20959 8352 3827
20960 2183 6438
20961 998 1440
20962 10263 1250
20963 5658 6606
20964 9055 8977
20965 1243 9289
20966 6163 8552
20967 5039 2691
20968 10388 2342
20969 7609 6131
20970 11310 4290
20971 10857 3160
20972 11958 11201
20973 9630 3021
20974 6930 10453
20975 2329 4792
20976 4810 2133
20977 7830 6922
20978 7728 7702
20979 10809 4304
20980 6165 4658
20981 7688 5680
20982 8377 2047
20983 7845 4746
20984 2412 703
20985 2506 160
20986 9517 5757
20987 1485 2812
20988 1084 215
20989 1434 4319
20990 2104 11590
20991 11477 3821
20992 967 7675
20993 4683 10750
20994 10053 1274
20995 7434 1799
20996 10730 8464
20997 130 9578
20998 1535 5358
20999 4688 3320
21000 9141 7836
21001 3281 11337
21002 8092 9625
21003 5936 6261
21004 10968 3941
21005 6601 10312
21006 10644 11823
21007 3965 6870
21008 10038 6737
21009 3349 7956
21010 8364 7001
21011 3910 9342
21012 3976 3658
21013 11519 117
21014 1178 7617
21015 11503 1178
21016 2973 356
21017 1432 11581
21018 2320 7091
21019 2255 7624
21020 8893 11648
21021 932 1635
21022 11606 10912
21023 7009 10961
21024 8410 1151
21025 1766 4035
21026 9584 8431
21027 4711 9937
21028 10291 4939
21029 7859 10231
21030 610 4431
21031 5906 11191
21032 2715 2952
21033 893 2780
21034 3043 10819
21035 1558 10698
21036 868 9701
21037 10225 11895
21038 4525 7925
21039 7456 5827
21040 10231 9176
21041 6908 9234
21042 6127 9600
21043 7542 7676
21044 7507 9455
21045 2348 2334
21046 4067 9181
21047 3132 8576
21048 7008 6083
21049 3054 5343
21050 2658 5278
21051 1719 10186
21052 3352 7071
21053 4209 10879
21054 5328 5097
21055 471 5097
21056 8028 259
21057 3607 5449
21058 11552 1802
21059 9922 7772
21060 5136 382
21061 11812 3641
21062 1070 4738
21063 9471 1625
21064 4798 7793
21065 3396 1405
21066 7048 4887
21067 11963 4017
21068 354 1138
21069 6372 10969
21070 9429 9920
21071 5993 4110
21072 9275 10944
21073 4303 2776
21074 5730 6082
21075 34 11864
21076 2179 6828
21077 9673 6635
21078 4742 8492
21079 7233 964
21080 8507 10300
21081 6548 11916
21082 5248 2053
21083 7317 717
21084 758 2622
21085 10458 8493
21086 8280 18
21087 8408 4581
21088 7931 3279
21089 7227 7626
21090 3625 3382
21091 9233 4850
21092 7698 5468
21093 8388 843
21094 394 10182
21095 1228 1525
21096 7535 1813
21097 11108 1550
21098 6709 4169
21099 3043 9260
21100 8457 11928
21101 6411 848
21102 2845 11239
21103 6288 11136
21104 1674 8912
21105 3837 11303
21106 8068 4293
21107 280 8523
21108 1293 10724
21109 7361 3502
21110 6588 2878
21111 3448 5196
21112 7977 1927
21113 4865 11284
21114 4087 4297
21115 5827 10324
21116 9788 4512
21117 6004 2725
21118 10140 2482
21119 2982 105
21120 10197 342
21121 10058 3824
21122 1673 4404
21123 2152 9388
21124 642 1010
21125 4281 9736
21126 8795 3986
21127 1161 11650
21128 9876 4179
21129 7513 4695
21130 2086 11679
21131 5675 11444
21132 2797 5862
21133 2512 10765
21134 42 3839
21135 4517 4798
21136 472 1003
21137 10136 7810
21138 3254 9773
21139 1783 5744
21140 6787 1887
21141 6820 6834
21142 1996 11120
21143 9763 4255
21144 10929 1254
21145 4203 11779
21146 3140 10436
21147 10966 6433
21148 899 1396
21149 7417 6179
21150 2626 10059
21151 917 820
21152 11852 7092
21153 9657 11636
21154 4405 9494
21155 3949 309
21156 7432 7921
21157 7069 8453
21158 6638 2019
21159 641 4866
21160 5016 9890
21161 8257 10391
21162 7946 11628
21163 11328 2079
21164 8858 8472
21165 2851 5114
21166 7207 11678
21167 475 10252
21168 11624 4090
21169 10791 324
21170 1931 5543
21171 10788 6617
21172 11990 3209
21173 3428 8557
21174 2830 3577
21175 6443 9402
21176 2393 4095
21177 4044 8266
21178 7394 4170
21179 8161 6519
21180 1023 1279
21181 8364 6428
21182 7943 10322
21183 8368 4933
21184 11623 8823
21185 1512 640
21186 9468 3843
21187 4737 11451
21188 10211 204
21189 10291 11052
21190 3684 10736
21191 3531 3661
21192 11808 11999
21193 7405 4901
21194 10573 4851
21195 6134 6842
21196 8154 7984
21197 701 11269
21198 10657 1287
21199 9163 723
21200 9798 9653
21201 7845 11255
21202 8474 2058
21203 8329 9094
21204 9667 5450
21205 10070 8805
21206 10072 7865
21207 5611 4445
21208 10331 6362
21209 3466 10499
21210 11751 4654
21211 2280 4748
21212 1790 11381
21213 8238 5049
21214 7525 3224
21215 6821 8473
21216 6897 5172
21217 2385 585
21218 8045 1109
21219 8850 5982
21220 2462 5250
21221 10520 7469
21222 1428 11476
21223 11490 7517
21224 3008 11404
21225 11370 4607
21226 4937 11337
21227 1226 2837
21228 7543 5992
21229 11790 7558
21230 4684 9359
21231 163 2447
21232 6219 9681
21233 4373 1576
21234 4506 808
21235 4470 11589
21236 5918 6829
21237 6212 2483
21238 6632 8380
21239 1494 4315
21240 1854 8407
21241 1497 7
21242 1860 1854
21243 1813 7869
21244 7667 4471
21245 2467 3390
21246 160 10132
21247 8870 3582
21248 11056 409
21249 11542 3842
21250 4342 6321
21251 7974 1509
21252 6471 7226
21253 2822 6310
21254 2795 9233
21255 303 1161
21256 9107 6287
21257 9955 2998
21258 8544 9228
21259 10715 11840
21260 8206 7250
21261 5573 10930
21262 1812 7567
21263 8487 1138
21264 7936 6050
21265 6416 10667
21266 1367 9262
21267 6074 9307
21268 9513 11829
21269 1341 2471
21270 9706 4221
21271 10706 3449
21272 10512 5578
21273 11027 7136
21274 4937 10400
21275 3911 617
21276 7705 1467
21277 10465 10890
21278 4010 5863
21279 5436 9539
21280 8265 3567
21281 11319 576
21282 27 9810
21283 8470 2944
21284 9648 2816
21285 7380 3290
21286 4008 10442
21287 2587 8536
21288 10795 7598
21289 10294 4502
21290 5376 916
21291 9691 6886
21292 6949 6844
21293 88 10955
21294 2525 316
21295 7093 5452
21296 435 469
21297 4970 2316
21298 4526 779
21299 4754 3844
21300 8474 50
21301 1714 3787
21302 11614 11774
21303 8681 9819
21304 5609 2540
21305 2144 6124
21306 1182 6263
21307 3406 11996
21308 10892 7938
21309 6348 8727
21310 2035 8839
21311 5576 8442
21312 937 1228
21313 5727 10590
21314 10069 8109
21315 6283 4611
21316 1643 3200
21317 9674 2813
21318 2327 496
21319 6307 10314
21320 5655 11470
21321 5921 10871
21322 2291 10764
21323 4151 3180
21324 11918 2378
21325 3595 5751
21326 4541 9972
21327 2534 4804
21328 2287 5047
21329 10469 1106
21330 8154 9546
21331 4970 10199
21332 899 7586
21333 1742 11603
21334 9352 55
21335 8058 982
21336 7503 8046
21337 5976 9845
21338 1415 9390
21339 3979 5582
21340 1468 3977
21341 162 3958
21342 2120 11194
21343 1482 10382
21344 3547 7243
21345 684 8203
21346 1022 5591
21347 2224 11827
21348 1084 6723
21349 7767 51
21350 11374 10345
21351 2499 3688
21352 11685 5676
21353 6968 5662
21354 1818 2608
21355 8935 2679
21356 11436 8256
21357 889 650
21358 8526 8949
21359 7017 4646
21360 10868 11483
21361 7552 1510
21362 8868 144
21363 957 7307
21364 1826 4097
21365 3830 3233
21366 10112 5177
21367 5233 2526
21368 8957 2516
21369 11334 9202
21370 1821 11933
21371 11420 4451
21372 7566 5498
21373 3493 3741
21374 3424 6375
21375 7714 4802
21376 1192 2363
21377 167 4509
21378 11319 1702
21379 4457 5311
21380 135 10397
21381 8219 11926
21382 2849 1326
21383 6809 11992
21384 5374 7821
21385 9817 1565
21386 5432 6970
21387 1176 3168
21388 8123 3399
21389 7815 5385
21390 6272 7316
21391 326 1668
21392 10926 2008
21393 11762 6416
21394 9478 1469
21395 1411 455
21396 9645 11883
21397 2301 1227
21398 3859 2919
21399 3794 1509
21400 8779 4787
21401 6474 3571
21402 8556 10389
21403 7363 2041
21404 460 1276
21405 3104 2555
21406 2350 1449
21407 7432 3284
21408 5062 1155
21409 7434 1022
21410 2204 4886
21411 3379 4285
21412 623 4889
21413 10641 4114
21414 5364 9103
21415 8143 11740
21416 6798 2672
21417 8968 3570
21418 11403 3955
21419 6327 7962
21420 8527 1841
21421 7925 11257
21422 11811 3619
21423 4919 6036
21424 970 10901
21425 8654 11882
21426 390 7449
21427 3695 3012
21428 7679 8051
21429 9212 5983
21430 7904 7974
21431 6959 11051
21432 1424 3621
21433 1241 1418
21434 4117 8775
21435 7080 11614
21436 5708 5149
21437 11278 5652
21438 9723 9406
21439 2777 8763
21440 610 1640
21441 11684 4237
21442 1599 881
21443 2597 4982
21444 5679 11055
21445 6364 7584
21446 11628 10456
21447 11329 1833
21448 4685 3279
21449 2237 1069
21450 9302 6823
21451 6284 6265
21452 2525 8942
21453 4510 7439
21454 5974 11830
21455 3557 471
21456 5520 8349
21457 5030 9533
21458 6173 11477
21459 8573 1056
21460 5556 9897
21461 11862 2808
21462 600 5108
21463 10380 8251
21464 1419 11935
21465 7835 4957
21466 2318 10560
21467 893 10720
21468 8503 9743
21469 8279 9630
21470 11089 2743
21471 9663 9778
21472 5028 6930
21473 8694 4921
21474 11159 6502
21475 8804 3956
21476 8912 2177
21477 4515 11857
21478 1639 1126
21479 8143 4148
21480 11580 3026
21481 5480 11097
21482 1330 4421
21483 10324 1743
21484 87 4329
21485 11575 1377
21486 2621 10608
21487 9642 2103
21488 7330 7021
21489 8511 6538
21490 9882 1926
21491 4366 11473
21492 3083 5535
21493 3661 7231
21494 3237 5826
21495 10383 10577
21496 7166 5707
21497 11283 4726
21498 10568 3406
21499 8677 8157
21500 9175 1861
21501 7864 2149
21502 9520 9466
21503 5674 9378
21504 8272 3427
21505 8079 11355
21506 4686 2799
21507 11610 8048
21508 8649 10097
21509 9934 4696
21510 4731 2949
21511 9227 8122
21512 3403 7237
21513 10393 5753
21514 1780 4047
21515 10123 40
21516 8746 10691
21517 9947 8402
21518 5179 5088
21519 3476 8940
21520 514 660
21521 2470 7847
21522 5412 8389
21523 6684 8101
21524 11612 5811
21525 664 4422
21526 8494 5026
21527 2085 7483
21528 7488 3460
21529 157 10054
21530 3704 7595
21531 320 11776
21532 1459 1344
21533 6810 3270
21534 4229 10647
21535 321 2472
21536 11097 460
21537 4357 9563
21538 9801 947
21539 3844 2229
21540 41 9798
21541 8207 8263
21542 6593 10808
21543 8128 9964
21544 1270 2945
21545 11045 9828
21546 3136 2543
21547 4913 6447
21548 11357 3686
21549 9525 1153
21550 3491 5128
21551 8539 1676
21552 5689 11839
21553 3380 11444
21554 7832 802
21555 8110 10235
21556 4846 3652
21557 11629 9045
21558 1521 1924
21559 4931 1158
21560 5448 8804
21561 7218 9205
21562 9011 359
21563 3635 11272
21564 3833 11351
21565 4 6868
21566 10194 4685
21567 6980 6600
21568 3015 2613
21569 9878 8373
21570 5961 1950
21571 198 9701
21572 4688 553
21573 9449 3524
21574 8703 8801
21575 10640 3385
21576 1367 11618
21577 4218 9001
21578 7163 11753
21579 2064 11572
21580 7226 3169
21581 4330 7723
21582 6373 4459
21583 4084 916
21584 7758 10606
21585 10911 575
21586 7734 10148
21587 9518 1755
21588 5126 1360
21589 9716 7277
21590 11375 5812
21591 9469 8806
21592 5334 5320
21593 9586 6783
21594 10508 9687
21595 11635 1669
21596 10056 10247
21597 1453 4238
21598 9424 8946
21599 706 6878
21600 3722 3704
21601 1708 2848
21602 4380 6818
21603 5836 7938
21604 9502 5710
21605 9373 5266
21606 8608 2031
21607 10194 2577
21608 3544 8363
21609 11955 2386
21610 1139 8154
21611 9332 3843
21612 11106 10189
21613 10553 5962
21614 1683 6084
21615 6560 1381
21616 11886 2056
21617 4563 2566
21618 325 5058
21619 5634 5014
21620 4248 4302
21621 7116 2091
21622 8838 6443
21623 8765 5607
21624 7732 2643
21625 2094 2604
21626 1911 536
21627 10072 4334
21628 8128 1864
21629 8356 8497
21630 2580 9310
21631 6357 2316
21632 4121 10910
21633 7281 7039
21634 798 11152
21635 6222 11736
21636 10612 4143
21637 8306 5802
21638 10148 11660
21639 2283 9465
21640 9590 9012
21641 1976 9602
21642 4714 11882
21643 7458 7144
21644 11197 8814
21645 9084 2239
21646 6915 11453
21647 118 10076
21648 6805 10683
21649 11651 10891
21650 3370 614
21651 1477 3048
21652 3333 969
21653 6424 8209
21654 2257 8396
21655 4674 6988
21656 7345 8341
21657 5648 5402
21658 2460 1851
21659 3469 3532
21660 4340 815
21661 3258 154
21662 5708 936
21663 2090 9354
21664 3610 5490
21665 8821 8152
21666 8589 4968
21667 3683 2528
21668 2904 4516
21669 2155 4944
21670 5605 8585
21671 11873 6600
21672 10128 8042
21673 3299 8108
21674 8108 1040
21675 8456 9938
21676 10847 10264
21677 4253 8940
21678 10872 3370
21679 8838 7100
21680 747 9522
21681 8614 9475
21682 1963 10538
21683 7173 6024
21684 736 2627
21685 2525 10111
21686 5113 11195
21687 4011 7808
21688 2855 10201
21689 2122 5950
21690 5337 3857
21691 2993 8457
21692 2043 2171
21693 884 9374
21694 694 3146
21695 11517 3471
21696 4359 5219
21697 841 139
21698 3960 10502
21699 11672 1796
21700 7369 8210
21701 7078 3280
21702 2119 11774
21703 2981 8315
21704 2820 4124
21705 10652 2658
21706 11480 7866
21707 879 9292
21708 1748 5163
21709 1273 6143
21710 7674 166
21711 3577 6479
21712 4853 3278
21713 10832 3440
21714 2373 7215
21715 1782 11828
21716 3838 3352
21717 8377 10493
21718 9767 9798
21719 3358 7085
21720 10779 11812
21721 6670 4298
21722 4153 11781
21723 9374 9878
21724 1023 3846
21725 5630 5441
21726 11466 9753
21727 11365 6823
21728 8749 2388
21729 7294 10750
21730 2359 10411
21731 11661 597
21732 5203 5889
21733 4130 578
21734 10572 60
21735 9833 2
21736 1457 6597
21737 4929 347
21738 4419 887
21739 5896 4396
21740 2644 5152
21741 9304 4933
21742 1752 4911
21743 290 2137
21744 7373 1363
21745 1449 11080
21746 9112 6946
21747 5441 9156
21748 9812 9479
21749 9902 210
21750 9968 2687
21751 6690 4575
21752 3979 3636
21753 5761 211
21754 444 4169
21755 8783 10095
21756 5943 3223
21757 5002 1050
21758 5994 8560
21759 690 2529
21760 1329 11542
21761 6810 1424
21762 9224 7128
21763 6339 7391
21764 7 2730
21765 11674 159
21766 5137 4634
21767 359 11590
21768 10169 5201
21769 7230 2732
21770 10643 10825
21771 1469 11174
21772 2132 10501
21773 3016 38
21774 6089 707
21775 5118 7474
21776 3026 11842
21777 857 3967
21778 9525 11949
21779 7164 2438
21780 8364 7878
21781 4275 9577
21782 10812 11240
21783 9324 11980
21784 11690 11551
21785 795 11181
21786 2431 838
21787 10224 8974
21788 9905 9735
21789 7651 10872
21790 11630 6718
21791 5132 6144
21792 39 3666
21793 6305 6186
21794 9734 2503
21795 7976 1361
21796 5630 7312
21797 2759 9247
21798 562 5750
21799 7505 10544
21800 4622 3647
21801 2417 9263
21802 8792 533
21803 8267 3629
21804 10565 717
21805 5190 281
21806 386 1042
21807 5939 11771
21808 7271 6441
21809 3776 11802
21810 5714 9591
21811 3359 9744
21812 2141 7857
21813 757 7128
21814 1211 95
21815 11621 4499
21816 3062 7498
21817 8830 2429
21818 2447 11334
21819 10171 1521
21820 11024 3805
21821 11809 1680
21822 11209 4491
21823 8396 10512
21824 10837 7734
21825 9981 3685
21826 5214 9187
21827 7340 6685
21828 4653 8317
21829 2093 2698
21830 1280 9520
21831 1771 374
21832 8294 7536
21833 2212 6379
21834 1033 4562
21835 613 5729
21836 5948 11346
21837 9770 9302
21838 1995 8781
21839 8622 7812
21840 1929 3497
21841 8467 4498
21842 2022 4649
21843 7078 3999
21844 10478 5835
21845 808 4828
21846 3092 5975
21847 4846 9041
21848 9451 6157
21849 8998 1140
21850 6495 10389
21851 3594 6748
21852 2977 7813
21853 11972 8193
21854 2815 5692
21855 10461 3303
21856 4025 9577
21857 9240 7660
21858 8772 6875
21859 8455 8487
21860 4799 6704
21861 7659 8778
21862 4349 2898
21863 3027 838
21864 90 4239
21865 198 2789
21866 459 2106
21867 11612 4965
21868 4174 6399
21869 4919 56
21870 3585 6362
21871 3727 7050
21872 11389 9468
21873 497 2247
21874 10693 7460
21875 1478 711
21876 11098 8624
21877 6892 7892
21878 5070 2379
21879 11809 9290
21880 4092 3839
21881 2173 10686
21882 10600 7162
21883 9551 5777
21884 9218 7566
21885 8133 1006
21886 1968 10538
21887 80 3165
21888 5000 10836
21889 8042 9483
21890 8488 7734
21891 9691 7720
21892 7560 3474
21893 6976 939
21894 3943 6932
21895 8776 6890
21896 4920 9140
21897 5427 4456
21898 3611 9742
21899 10617 3550
21900 5176 9796
21901 7908 9543
21902 6858 8902
21903 592 9873
21904 7825 3799
21905 10172 5147
21906 5517 2264
21907 5958 6417
21908 8022 4700
21909 3112 6362
21910 3683 2731
21911 1551 7558
21912 8063 1891
21913 8993 3113
21914 5018 10492
21915 4762 4632
21916 6280 4586
21917 9428 1715
21918 11971 4597
21919 171 5131
21920 5185 3693
21921 2336 1306
21922 709 4751
21923 1345 7038
21924 6639 1769
21925 10635 8546
21926 5507 5168
21927 6044 1288
21928 9052 3318
21929 5920 6170
21930 2095 4257
21931 9602 11063
21932 10008 2592
21933 11943 6289
21934 5253 6239
21935 4267 6195
21936 4484 7952
21937 10558 2070
21938 3801 8352
21939 8894 4634
21940 10060 11710
21941 7082 5151
21942 5541 2722
21943 3094 1090
21944 10309 7661
21945 1111 10718
21946 4693 8504
21947 259 6958
21948 11780 2037
21949 6925 3144
21950 3275 4709
21951 7554 337
21952 2455 5268
21953 10068 7477
21954 4837 5490
21955 4820 9790
21956 7588 2428
21957 7744 2069
21958 11799 6233
21959 2585 4947
21960 240 1617
21961 4349 2568
21962 777 8456
21963 4289 7444
21964 8742 9973
21965 4283 3695
21966 5465 4459
21967 3740 5518
21968 9741 9760
21969 3478 6227
21970 7291 4210
21971 8651 2343
21972 10460 6445
21973 7910 5897
21974 11605 9631
21975 4432 6634
21976 9336 856
21977 1890 8631
21978 1595 10476
21979 4158 4278
21980 1902 8399
21981 7582 10618
21982 9221 4353
21983 6443 110
21984 3148 11270
21985 4779 5326
21986 11142 11017
21987 1278 2175
21988 8667 4008
21989 1237 6188
21990 1285 10521
21991 10887 1284
21992 5625 6505
21993 9085 5668
21994 1868 11462
21995 10208 7272
21996 22 1807
21997 1464 5437
21998 10511 6790
21999 5236 10750
22000 1514 7117
22001 8552 11464
22002 9378 1800
22003 905 10445
22004 5045 648
22005 5092 3396
22006 10562 5718
22007 9168 562
22008 9830 7594
22009 911 7444
22010 10128 8450
22011 10140 6353
22012 9135 6931
22013 10337 3316
22014 1856 7536
22015 6737 5201
22016 6829 930
22017 4027 2846
22018 546 9694
22019 4770 10137
22020 2233 6172
22021 8612 11833
22022 6610 4320
22023 2189 2696
22024 9832 9897
22025 8204 7157
22026 1049 7612
22027 9717 6044
22028 1292 1345
22029 2062 6202
22030 2947 8159
22031 6621 6077
22032 11417 6735
22033 5572 11686
22034 7068 11335
22035 11311 651
22036 1088 1515
22037 5017 10518
22038 1698 1959
22039 10431 2308
22040 1059 5671
22041 11581 1122
22042 8379 147
22043 934 5013
22044 7621 11732
22045 8448 5335
22046 11004 1526
22047 10972 4555
22048 1480 4313
22049 9970 3548
22050 1613 2385
22051 9381 1682
22052 4353 11915
22053 9535 506
22054 10609 4659
22055 9097 11984
22056 99 2314
22057 11330 5514
22058 5030 8989
22059 7811 6116
22060 3170 438
22061 2522 4255
22062 11460 2820
22063 4576 1077
22064 4080 10606
22065 4878 6245
22066 9477 2150
22067 6385 4572
22068 9416 11669
22069 4725 5614
22070 7431 8140
22071 2132 8246
22072 3479 8975
22073 6410 4802
22074 1529 10160
22075 4192 7646
22076 7213 8321
22077 11576 10741
22078 2308 7702
22079 2281 9758
22080 5710 8639
22081 9694 4947
22082 4628 9265
22083 7328 11831
22084 10527 4880
22085 10287 353
22086 4427 91
22087 9445 1578
22088 7037 6514
22089 6869 4228
22090 10546 5938
22091 11852 3958
22092 5843 489
22093 3925 9331
22094 4236 8159
22095 3751 3866
22096 8422 8625
22097 7622 10163
22098 1801 7207
22099 3716 6882
22100 6570 1465
22101 7163 11456
22102 7788 8521
22103 7271 8416
22104 7985 6429
22105 2790 6305
22106 10014 6853
22107 686 2675
22108 11419 5430
22109 5439 3908
22110 379 2507
22111 10450 6350
22112 8496 4574
22113 2860 604
22114 416 8015
22115 3567 10849
22116 7339 6240
22117 301 11212
22118 3018 2684
22119 11699 3900
22120 8184 3909
22121 8661 3024
22122 8472 4765
22123 8366 6373
22124 11939 6582
22125 984 1197
22126 3047 10601
22127 6212 7824
22128 9098 5971
22129 7641 5386
22130 4364 5630
22131 1843 8564
22132 11094 2043
22133 1589 4837
22134 3731 3418
22135 9123 5810
22136 4100 290
22137 11920 11977
22138 10348 2843
22139 2648 3748
22140 11893 989
22141 7015 2643
22142 2456 3486
22143 7778 4705
22144 6681 7918
22145 5242 3346
22146 9962 6936
22147 8824 222
22148 9891 482
22149 10725 4491
22150 9532 1981
22151 6285 6674
22152 8484 2920
22153 3307 8859
22154 5925 24
22155 2382 1424
22156 6695 5135
22157 4768 10682
22158 285 5914
22159 2819 1752
22160 1974 10679
22161 7902 9255
22162 11055 4329
22163 5636 8434
22164 6111 4308
22165 3292 9187
22166 10960 10479
22167 4247 1806
22168 11158 3809
22169 6164 5050
22170 2956 1111
22171 3804 4412
22172 2999 11168
22173 579 5394
22174 4444 1756
22175 7251 2264
22176 5856 11628
22177 1746 10875
22178 823 4298
22179 3168 5824
22180 5100 939
22181 11649 7561
22182 547 812
22183 8048 5536
22184 5877 7451
22185 685 5210
22186 5405 6671
22187 2352 8946
22188 7887 1234
22189 7460 6510
22190 247 950
22191 2472 4376
22192 4431 7069
22193 11882 2682
22194 1568 11227
22195 8584 252
22196 8328 5312
22197 6171 5201
22198 10780 5994
22199 4427 947
22200 9675 10851
22201 1743 7552
22202 4391 3883
22203 1594 4755
22204 7136 6056
22205 4839 3609
22206 5760 8368
22207 7883 1118
22208 3099 7273
22209 10189 27
22210 10816 28
22211 9565 9153
22212 2385 10494
22213 11254 641
22214 7559 2251
22215 4251 6518
22216 6745 8674
22217 1735 5323
22218 6582 8582
22219 5471 7945
22220 728 2257
22221 6659 6608
22222 7814 2555
22223 11748 983
22224 10306 990
22225 7582 5274
22226 7195 8764
22227 10305 4134
22228 420 11081
22229 829 10879
22230 5782 4225
22231 8004 10634
22232 3253 967
22233 7803 6025
22234 1469 7856
22235 10213 3272
22236 11667 5719
22237 1474 3633
22238 3566 2736
22239 5658 4458
22240 11241 9998
22241 3888 7591
22242 7949 2340
22243 930 3686
22244 5507 5071
22245 921 3070
22246 3164 11011
22247 5145 5983
22248 10403 2275
22249 11224 5658
22250 2749 6381
22251 5150 11207
22252 2770 3931
22253 4959 5839
22254 6821 3975
22255 10732 11896
22256 473 1899
22257 6571 2752
22258 11491 4018
22259 8881 8591
22260 11690 421
22261 9944 8701
22262 3558 10272
22263 9214 5987
22264 6836 7241
22265 11206 10045
22266 4768 8224
22267 11705 4871
22268 8899 6934
22269 3787 2421
22270 4942 8500
22271 3891 1494
22272 5602 6181
22273 8942 3488
22274 8721 11786
22275 1194 9056
22276 11142 8637
22277 2159 2346
22278 6174 4986
22279 124 6974
22280 7478 7630
22281 235 8121
22282 4328 11247
22283 3089 10489
22284 4290 5260
22285 7951 334
22286 3497 7392
22287 6379 5114
22288 722 7647
22289 10878 8462
22290 1331 2233
22291 6150 7676
22292 5428 2919
22293 10192 7316
22294 4593 11470
22295 1401 2309
22296 1304 434
22297 5271 10292
22298 11573 11274
22299 10559 2271
22300 2293 1439
22301 468 7469
22302 11942 9113
22303 8170 7319
22304 9309 5371
22305 10484 11816
22306 10255 6478
22307 1619 9410
22308 1390 9748
22309 8044 3409
22310 10615 662
22311 9945 9393
22312 11604 8180
22313 11876 11468
22314 1499 10312
22315 6627 11094
22316 2425 9463
22317 10928 10618
22318 10018 6358
22319 9942 4179
22320 7614 9541
22321 7641 3264
22322 5262 11026
22323 6874 10156
22324 7596 7236
22325 3315 8756
22326 10587 1262
22327 8406 10145
22328 6396 8824
22329 1232 5475
22330 10839 5086
22331 3433 2270
22332 7305 904
22333 2955 5871
22334 2705 4846
22335 8368 45
22336 2803 7072
22337 10275 2761
22338 2403 7287
22339 11328 11822
22340 7327 400
22341 9494 1877
22342 3282 940
22343 4097 8076
22344 10225 3224
22345 1882 2200
22346 2594 2821
22347 11226 11400
22348 7584 2414
22349 2159 3683
22350 11221 7610
22351 1931 1470
22352 2418 214
22353 6836 6689
22354 4663 4839
22355 11871 6499
22356 9586 11426
22357 5244 5455
22358 7347 8830
22359 1019 7692
22360 8031 10358
22361 7219 11329
22362 1847 11381
22363 9975 10166
22364 2816 11655
22365 2555 5585
22366 2583 10348
22367 2834 9088
22368 10646 10537
22369 4432 7271
22370 2133 5813
22371 8196 7931
22372 1294 3199
22373 7441 5518
22374 3163 122
22375 11193 1510
22376 3054 8945
22377 2537 8422
22378 11044 390
22379 3237 8860
22380 7634 3725
22381 7300 3586
22382 7532 9695
22383 3996 3464
22384 4675 4062
22385 6583 5486
22386 11010 11395
22387 10352 344
22388 8916 9062
22389 1032 7559
22390 6501 727
22391 397 5388
22392 10304 4620
22393 11490 2907
22394 558 144
22395 7792 3835
22396 6332 657
22397 5062 10587
22398 9496 8221
22399 2459 1261
22400 11270 9697
22401 10340 10600
22402 6350 11759
22403 1576 5300
22404 7513 2592
22405 3787 3457
22406 1914 1891
22407 8323 474
22408 3482 10770
22409 10657 240
22410 4685 2308
22411 10580 1655
22412 4813 1814
22413 10769 3877
22414 10579 4559
22415 10700 6286
22416 7052 1917
22417 9976 3193
22418 11504 9064
22419 1981 600
22420 9310 274
22421 2982 10238
22422 4095 10846
22423 10707 5719
22424 1928 3075
22425 10628 9113
22426 3959 5795
22427 6627 6876
22428 10954 5537
22429 10030 2141
22430 5943 8153
22431 6368 9022
22432 5508 8655
22433 8142 9713
22434 1885 6339
22435 7806 4892
22436 3763 7172
22437 1547 9439
22438 8402 11159
22439 3255 6688
22440 3045 4885
22441 8962 11163
22442 1723 7885
22443 4463 2882
22444 11579 3434
22445 3130 10696
22446 382 4974
22447 4421 7072
22448 5885 1972
22449 3504 5735
22450 3133 11649
22451 1420 6142
22452 376 648
22453 9726 1348
22454 92 346
22455 5919 6957
22456 963 676
22457 3488 8709
22458 4094 8529
22459 4739 277
22460 10440 4796
22461 2889 2256
22462 8771 8083
22463 1736 9294
22464 5005 9176
22465 11336 4800
22466 4419 4865
22467 3476 1815
22468 294 3767
22469 3227 6126
22470 426 8764
22471 10816 8637
22472 767 9551
22473 3223 4549
22474 5720 5247
22475 4009 3936
22476 1808 8896
22477 7471 5418
22478 3620 10111
22479 4228 10600
22480 5650 2309
22481 4870 966
22482 8633 7463
22483 6749 3349
22484 4182 2363
22485 9584 5458
22486 6215 9227
22487 6541 181
22488 10607 10288
22489 9557 7160
22490 8748 5655
22491 1114 5695
22492 7689 2805
22493 7943 7534
22494 11608 8074
22495 3287 1756
22496 8279 34
22497 7795 7983
22498 102 7709
22499 9886 1348
22500 10088 745
22501 5146 9902
22502 3976 9036
22503 4035 7849
22504 1975 3829
22505 3827 6683
22506 6722 514
22507 11020 6788
22508 4984 686
22509 2318 558
22510 1062 924
22511 2508 4000
22512 4474 1957
22513 10624 10627
22514 2294 8209
22515 5702 7456
22516 9376 9187
22517 9433 6943
22518 453 1741
22519 9887 8569
22520 3738 4696
22521 11441 9258
22522 10967 8664
22523 3371 10735
22524 4518 5688
22525 1113 30
22526 936 6379
22527 4020 3639
22528 5654 2712
22529 6436 2712
22530 3476 1555
22531 3972 3990
22532 5882 5524
22533 8265 3126
22534 7996 83
22535 9258 6135
22536 11034 6101
22537 2770 11059
22538 4810 11977
22539 8381 10446
22540 8148 9280
22541 11653 7746
22542 2641 4555
22543 4508 429
22544 1150 8539
22545 1516 6781
22546 5938 11237
22547 10385 1006
22548 1834 2000
22549 1283 10106
22550 10308 3884
22551 9766 11274
22552 8650 9611
22553 4545 5522
22554 2131 5450
22555 10298 11418
22556 6498 6719
22557 2237 1238
22558 1694 3272
22559 9064 8304
22560 8528 3295
22561 5800 1974
22562 3670 8530
22563 5361 9352
22564 825 3212
22565 2047 11120
22566 8483 11465
22567 10970 2631
22568 253 9146
22569 8129 4905
22570 8150 3165
22571 848 2933
22572 2831 10232
22573 1322 964
22574 4858 11035
22575 7260 5410
22576 259 3742
22577 5925 6939
22578 11776 1721
22579 7546 9759
22580 3814 10213
22581 8353 2359
22582 8430 2384
22583 8038 11086
22584 5207 11954
22585 2045 9101
22586 597 11701
22587 600 7602
22588 7484 8508
22589 9290 2753
22590 8924 3339
22591 1061 9987
22592 894 11429
22593 10407 899
22594 4965 1917
22595 10715 9797
22596 9810 10907
22597 364 6045
22598 5342 3696
22599 9930 529
22600 9002 4291
22601 11379 9311
22602 7115 8458
22603 10353 9692
22604 7827 10006
22605 11051 4804
22606 9149 2816
22607 7999 7132
22608 6106 284
22609 11381 11436
22610 10025 10058
22611 5784 5409
22612 8493 2762
22613 3704 6873
22614 1350 4732
22615 10736 137
22616 1027 1151
22617 9618 7940
22618 5729 1482
22619 4603 8852
22620 8028 416
22621 5057 8632
22622 4216 6023
22623 6372 6841
22624 3217 5071
22625 8203 6195
22626 3750 8266
22627 9791 3759
22628 2065 7553
22629 8273 10028
22630 1767 3790
22631 8539 7607
22632 7496 2247
22633 3924 2228
22634 3966 478
22635 7008 4320
22636 9385 2942
22637 11810 10090
22638 11028 6286
22639 10445 2638
22640 7365 2898
22641 3433 8403
22642 3755 2463
22643 5809 3404
22644 4234 8102
22645 647 8901
22646 347 10151
22647 1595 3188
22648 986 2856
22649 6480 692
22650 726 5081
22651 6219 5735
22652 8839 4373
22653 8014 4834
22654 2738 5629
22655 5331 2679
22656 6272 2403
22657 7196 7783
22658 11591 6429
22659 8649 6987
22660 10870 4278
22661 4684 10344
22662 8252 28
22663 3499 10203
22664 2619 594
22665 3405 2460
22666 2456 869
22667 4155 2334
22668 9307 7131
22669 1941 5768
22670 7714 8608
22671 8089 5935
22672 211 4026
22673 3287 8222
22674 10677 6892
22675 3657 2188
22676 104 5147
22677 2554 1901
22678 3870 5203
22679 2652 9206
22680 4608 4516
22681 11547 5098
22682 8496 3439
22683 4029 6172
22684 4236 7529
22685 2902 10064
22686 3746 4218
22687 10005 2894
22688 343 8880
22689 1753 10563
22690 7830 7443
22691 7269 9085
22692 2629 2096
22693 6162 4970
22694 2184 6666
22695 11775 2327
22696 10361 2956
22697 6860 3247
22698 799 11270
22699 6182 631
22700 3582 11818
22701 11181 5504
22702 8116 7918
22703 8154 2384
22704 116 4452
22705 10393 3490
22706 11336 9702
22707 632 9879
22708 5964 10625
22709 5550 477
22710 9015 5593
22711 3187 5716
22712 3649 6814
22713 7341 4734
22714 1905 2080
22715 2930 4330
22716 5087 6181
22717 7092 10531
22718 9293 4200
22719 11303 11163
22720 1036 10808
22721 5151 7389
22722 6686 346
22723 4896 6926
22724 4861 6295
22725 7581 7658
22726 9918 4089
22727 10882 4369
22728 3539 8604
22729 9112 2926
22730 7021 200
22731 4120 7629
22732 5042 2183
22733 7860 9599
22734 3112 10955
22735 5871 1798
22736 3750 2594
22737 6945 6852
22738 10394 2415
22739 3912 11331
22740 5694 2221
22741 3508 11858
22742 9774 219
22743 7766 2514
22744 11524 9834
22745 199 11757
22746 5431 1614
22747 10363 11522
22748 2503 4865
22749 4524 5739
22750 9880 3815
22751 11210 6626
22752 1283 3680
22753 4134 6149
22754 7509 2478
22755 4424 8628
22756 5798 1124
22757 4777 484
22758 6833 4427
22759 9122 1566
22760 2578 538
22761 6717 8416
22762 6556 3335
22763 9386 2044
22764 3948 1360
22765 964 7813
22766 3901 5732
22767 4070 8165
22768 7421 2538
22769 8125 4536
22770 6973 4777
22771 2753 8007
22772 271 2837
22773 8428 2270
22774 11189 4714
22775 1114 3449
22776 10645 5971
22777 9069 6322
22778 6521 10370
22779 7543 10862
22780 9717 6165
22781 4127 8786
22782 1807 11772
22783 6886 3545
22784 1899 11123
22785 6940 2872
22786 6986 4234
22787 674 292
22788 7237 3907
22789 10165 1876
22790 6169 3303
22791 336 7126
22792 7630 11756
22793 1337 1380
22794 5386 7374
22795 3663 8691
22796 2747 4443
22797 9485 8788
22798 4797 10744
22799 3954 11076
22800 9545 1199
22801 10633 10828
22802 10663 7550
22803 5975 4170
22804 8392 6914
22805 5415 9536
22806 2534 1178
22807 3865 3738
22808 10898 2776
22809 10307 909
22810 3235 793
22811 56 10563
22812 5502 9098
22813 3852 10780
22814 9665 3875
22815 1074 7990
22816 3255 6215
22817 11677 3474
22818 9980 4822
22819 3287 11835
22820 11060 7896
22821 6429 8707
22822 6684 6947
22823 5632 4013
22824 11308 2344
22825 9638 11737
22826 1750 4909
22827 8980 11113
22828 7308 3668
22829 1653 1227
22830 10251 917
22831 10683 2067
22832 4820 9438
22833 3468 4668
22834 1234 5415
22835 5420 987
22836 9322 8187
22837 10749 4951
22838 11079 9316
22839 1810 2544
22840 9771 4964
22841 11894 2905
22842 2023 9072
22843 6718 3703
22844 4972 5964
22845 8967 6677
22846 4027 6097
22847 4236 8756
22848 5031 1780
22849 6992 11319
22850 6230 6205
22851 10514 10024
22852 5197 2498
22853 6478 1317
22854 11480 6121
22855 996 1105
22856 8169 11857
22857 11127 2344
22858 3955 9564
22859 3370 10844
22860 9281 1707
22861 5044 2629
22862 10703 9763
22863 9536 11583
22864 22 11883
22865 2218 1751
22866 4852 1650
22867 6862 11113
22868 3381 7265
22869 10695 11083
22870 10670 3920
22871 11649 7982
22872 1898 11606
22873 2587 8008
22874 5355 995
22875 7124 9386
22876 10391 284
22877 11990 2634
22878 1373 11544
22879 35 4220
22880 10637 1449
22881 11992 1160
22882 3219 1313
22883 3904 3137
22884 1317 5927
22885 8533 415
22886 662 8490
22887 4230 9322
22888 1430 4435
22889 472 10821
22890 811 6610
22891 6409 6868
22892 8108 204
22893 706 9817
22894 9185 1309
22895 8434 11777
22896 783 1956
22897 1777 10054
22898 8597 5616
22899 744 1182
22900 3360 8395
22901 8510 3415
22902 10375 10084
22903 2776 8734
22904 10085 10273
22905 5437 6474
22906 1979 9631
22907 7520 9333
22908 10064 2250
22909 5634 8238
22910 4225 3916
22911 9578 7935
22912 3741 6353
22913 3135 1751
22914 7817 8231
22915 2818 1799
22916 5579 1709
22917 653 11193
22918 3884 7687
22919 3856 3017
22920 2927 5817
22921 8774 438
22922 11902 1918
22923 10528 6131
22924 107 4750
22925 2518 1716
22926 4491 775
22927 4272 11117
22928 3127 11453
22929 6091 7925
22930 2693 5517
22931 6732 1947
22932 9476 1547
22933 2127 6311
22934 5331 11460
22935 3265 9493
22936 5858 3510
22937 2166 10393
22938 6985 3879
22939 482 9132
22940 11975 9620
22941 6283 9817
22942 4591 2941
22943 1339 6888
22944 403 11669
22945 8177 4013
22946 7053 4947
22947 9148 7350
22948 671 11836
22949 11174 11582
22950 10175 1760
22951 7816 8444
22952 780 1899
22953 5229 9324
22954 11650 386
22955 246 3970
22956 1941 11888
22957 3910 2370
22958 9161 9632
22959 4247 9639
22960 1026 11988
22961 510 3623
22962 8774 6678
22963 6716 7378
22964 1964 10988
22965 11142 9493
22966 6750 2490
22967 6641 1106
22968 2633 10173
22969 8179 8337
22970 9807 7540
22971 1971 11818
22972 1195 9916
22973 7367 8432
22974 2541 6979
22975 6543 961
22976 835 434
22977 100 10855
22978 8955 3970
22979 11421 7030
22980 10002 8752
22981 9415 11451
22982 85 11508
22983 1976 1850
22984 9125 2153
22985 6194 4302
22986 4443 5581
22987 3176 9614
22988 5817 5518
22989 9145 9864
22990 11277 3218
22991 499 8555
22992 11047 2322
22993 9203 9292
22994 2611 9573
22995 6644 3570
22996 3961 4528
22997 10030 8430
22998 3732 6039
22999 1121 11306
23000 10635 7421
23001 9899 5432
23002 10435 5239
23003 5591 669
23004 1646 7481
23005 3783 7840
23006 11550 732
23007 5288 6126
23008 1669 7738
23009 1755 8811
23010 2279 1889
23011 9693 4482
23012 4573 8383
23013 11180 356
23014 9785 11256
23015 1958 4218
23016 10151 4130
23017 4827 2669
23018 8977 1074
23019 5162 7141
23020 4625 5875
23021 1449 8549
23022 10863 8215
23023 3018 11945
23024 9189 9642
23025 9122 11732
23026 2376 8144
23027 8235 6785
23028 3852 6195
23029 8074 11054
23030 10210 77
23031 2907 3985
23032 3530 899
23033 6065 957
23034 2452 5904
23035 177 4017
23036 1075 9485
23037 10477 2472
23038 5288 1767
23039 3510 3643
23040 8862 10413
23041 272 8301
23042 5089 7244
23043 142 9915
23044 2846 5184
23045 6224 6233
23046 6180 1605
23047 10176 2835
23048 798 6981
23049 9288 2364
23050 10534 2156
23051 3621 6874
23052 2978 3000
23053 9260 7917
23054 2756 10956
23055 3645 749
23056 9682 11709
23057 336 11567
23058 8594 2630
23059 6563 4744
23060 6198 6808
23061 4909 7839
23062 2983 1366
23063 10471 8132
23064 1029 8207
23065 2556 10770
23066 3463 10394
23067 9435 9586
23068 1663 10361
23069 11285 5387
23070 4965 2548
23071 8867 7251
23072 3024 3647
23073 11892 1637
23074 6571 1938
23075 6253 1906
23076 189 2946
23077 1544 6773
23078 11868 2692
23079 9109 4250
23080 1427 7184
23081 4945 11086
23082 10759 7757
23083 3213 10605
23084 8771 2808
23085 3963 8089
23086 2577 78
23087 11770 9520
23088 4063 6780
23089 6577 7591
23090 6737 8217
23091 4560 2373
23092 6405 10347
23093 5000 5695
23094 6668 11545
23095 7317 2046
23096 416 8261
23097 3756 1913
23098 6248 4078
23099 2007 2546
23100 8125 10251
23101 11085 9581
23102 592 10538
23103 9707 10075
23104 339 6608
23105 5993 8393
23106 10330 5476
23107 6733 8679
23108 6346 5673
23109 8931 1142
23110 10831 998
23111 8577 1043
23112 9693 10780
23113 2077 11435
23114 905 6666
23115 3178 9886
23116 7123 11159
23117 8229 656
23118 11515 11599
23119 2918 9524
23120 1333 11184
23121 2810 718
23122 10203 9884
23123 3971 11188
23124 4814 7421
23125 4148 6106
23126 4224 11590
23127 174 8710
23128 3511 10501
23129 9077 5377
23130 9231 1033
23131 11417 974
23132 8282 8643
23133 4300 479
23134 5229 3403
23135 4032 4540
23136 1013 5864
23137 2339 6802
23138 6650 11285
23139 9474 8267
23140 6852 11825
23141 264 4344
23142 7544 3138
23143 801 1518
23144 1886 447
23145 2846 2288
23146 2417 7379
23147 7075 10638
23148 2381 8278
23149 3722 273
23150 493 9190
23151 5908 5358
23152 11050 10892
23153 11980 6104
23154 6601 33
23155 2190 4658
23156 2837 2288
23157 1807 5606
23158 164 5874
23159 6237 906
23160 6164 4869
23161 7389 1585
23162 186 3582
23163 9183 10354
23164 5882 7324
23165 9917 11681
23166 10552 8007
23167 3540 6944
23168 7158 8071
23169 11330 11298
23170 6398 4278
23171 3858 11375
23172 3140 10662
23173 3623 6299
23174 1079 3222
23175 1476 2418
23176 3430 3440
23177 10365 1568
23178 9349 8264
23179 4207 11178
23180 10113 10255
23181 4345 8909
23182 1438 11270
23183 9744 3725
23184 11399 8124
23185 1403 2314
23186 773 1714
23187 1692 11955
23188 1344 4122
23189 2577 7417
23190 4126 11360
23191 9533 5635
23192 4052 10902
23193 10144 9901
23194 8819 1181
23195 3838 4606
23196 8962 9921
23197 10981 7592
23198 7767 5592
23199 4784 11254
23200 10672 5017
23201 11170 6899
23202 3031 7640
23203 28 11412
23204 9040 7429
23205 9232 2848
23206 2477 10625
23207 4988 8029
23208 8899 3431
23209 5844 34
23210 9345 11405
23211 7999 9841
23212 9098 4530
23213 429 5053
23214 4180 6146
23215 11945 3390
23216 7307 9995
23217 65 7089
23218 5211 8321
23219 5164 1049
23220 170 3311
23221 11559 2413
23222 7680 6767
23223 9971 4135
23224 3571 10680
23225 2302 2412
23226 6260 3767
23227 4679 3130
23228 11691 1725
23229 10237 8199
23230 1463 1025
23231 4678 284
23232 981 9159
23233 1845 4496
23234 5549 5232
23235 2944 7132
23236 11236 9810
23237 4086 3961
23238 8603 2149
23239 7860 698
23240 8820 5262
23241 11911 5660
23242 479 1471
23243 9178 10327
23244 8169 1358
23245 1255 7572
23246 9361 8856
23247 9798 7675
23248 5639 8600
23249 6187 6532
23250 11615 6120
23251 5675 11795
23252 11268 2620
23253 1107 8077
23254 7714 2511
23255 1059 7458
23256 6569 8053
23257 3214 4974
23258 5912 8090
23259 5562 2440
23260 11824 11056
23261 1965 4260
23262 5675 6941
23263 4320 10170
23264 881 8807
23265 10548 4680
23266 2410 10923
23267 2504 1294
23268 532 2505
23269 2191 8239
23270 3214 1388
23271 5917 1867
23272 9191 9495
23273 6821 5341
23274 6264 257
23275 1640 2959
23276 8242 1855
23277 4469 9965
23278 11783 2832
23279 9390 958
23280 704 10835
23281 7423 6496
23282 5288 11707
23283 4041 8964
23284 8963 10056
23285 1643 746
23286 10827 9274
23287 10065 3945
23288 10232 8538
23289 10809 528
23290 11171 6594
23291 6322 11064
23292 7180 2578
23293 45 1312
23294 6614 7437
23295 8773 4438
23296 8673 3737
23297 4548 9642
23298 7712 166
23299 11797 5372
23300 4141 8254
23301 3368 4804
23302 9731 11869
23303 3258 2366
23304 10969 2732
23305 9407 4478
23306 3953 6699
23307 2456 7536
23308 11375 10321
23309 1081 2964
23310 4710 3550
23311 7628 8642
23312 4571 7051
23313 1833 9676
23314 656 2053
23315 1707 6603
23316 6845 5933
23317 11056 4824
23318 9519 10148
23319 4034 1105
23320 10427 4246
23321 3716 6772
23322 10486 292
23323 4218 3489
23324 59 2485
23325 1140 8300
23326 2043 4798
23327 8043 8211
23328 6013 7503
23329 3233 5043
23330 2897 6196
23331 6531 9574
23332 7850 5855
23333 9390 10769
23334 10438 263
23335 10553 8027
23336 3179 6076
23337 659 8533
23338 1938 5737
23339 6043 3737
23340 9833 1119
23341 10376 10295
23342 665 5422
23343 10036 3339
23344 1794 9538
23345 7767 6110
23346 6359 2300
23347 10618 3465
23348 3464 6262
23349 8703 3159
23350 2872 6961
23351 9681 8260
23352 11210 5314
23353 678 2247
23354 9193 9467
23355 7307 2692
23356 5496 2133
23357 762 7797
23358 1606 10620
23359 9411 6585
23360 9824 11533
23361 7314 9593
23362 7939 6860
23363 1317 5039
23364 4340 11723
23365 3143 11639
23366 2346 9697
23367 3332 787
23368 537 10498
23369 3910 8310
23370 6479 9872
23371 9413 4122
23372 9957 1527
23373 11903 10177
23374 841 963
23375 9158 2478
23376 1494 2233
23377 1038 725
23378 3451 7272
23379 4416 8693
23380 2161 1821
23381 11737 10409
23382 6281 11385
23383 10888 4053
23384 347 8896
23385 4342 6278
23386 9069 7721
23387 1795 4449
23388 9468 2902
23389 2062 8260
23390 10473 10542
23391 118 4287
23392 10501 2674
23393 2457 149
23394 6229 1691
23395 4023 11439
23396 5631 8330
23397 4084 5000
23398 2107 1533
23399 2673 3249
23400 11184 1780
23401 11813 3741
23402 1409 10285
23403 5168 11570
23404 10769 3802
23405 3055 6696
23406 7006 6574
23407 10369 295
23408 11497 977
23409 5428 1939
23410 6677 2590
23411 345 2404
23412 10881 11887
23413 11584 8119
23414 4004 3110
23415 10649 4697
23416 9212 3319
23417 8033 11792
23418 6955 1020
23419 10439 11955
23420 4191 11286
23421 4884 9821
23422 6022 7204
23423 7950 10730
23424 4127 6794
23425 5553 7445
23426 959 10796
23427 973 11007
23428 2150 9600
23429 186 8622
23430 5363 5556
23431 11795 4551
23432 11417 10933
23433 4900 516
23434 414 6930
23435 5617 4037
23436 10888 6258
23437 7063 2037
23438 1683 1878
23439 11028 9819
23440 11837 8828
23441 10074 2239
23442 9012 3290
23443 9793 5164
23444 2363 4349
23445 2475 10176
23446 7095 3006
23447 10466 11917
23448 10129 10246
23449 6347 9448
23450 437 5322
23451 8956 9755
23452 9280 1165
23453 11250 10650
23454 5047 4832
23455 3933 5845
23456 2181 10671
23457 6636 4958
23458 1108 727
23459 2006 538
23460 3533 10034
23461 812 1791
23462 11435 3179
23463 9564 2665
23464 3074 3292
23465 6603 7331
23466 3420 11344
23467 11493 657
23468 2465 1143
23469 5826 9859
23470 9876 6994
23471 10576 7523
23472 7565 1863
23473 9792 8591
23474 9396 9820
23475 204 2365
23476 7190 9185
23477 4648 69
23478 6732 2348
23479 3634 9798
23480 349 10291
23481 4524 9075
23482 7692 9509
23483 5385 7818
23484 7592 9742
23485 6605 7992
23486 11314 4656
23487 1578 7982
23488 3493 6983
23489 11561 7004
23490 5696 2554
23491 1196 7060
23492 9966 318
23493 11180 628
23494 4350 5055
23495 2975 1501
23496 4078 9576
23497 541 1627
23498 6996 4690
23499 5115 10213
23500 9228 11733
23501 7452 10587
23502 6985 4035
23503 4240 8407
23504 11641 4794
23505 8472 121
23506 2562 5711
23507 9747 11668
23508 9676 5852
23509 6846 10255
23510 3824 5486
23511 3811 8726
23512 4759 8965
23513 4093 3801
23514 7690 4308
23515 2102 522
23516 7895 5774
23517 11349 3103
23518 11431 5213
23519 2527 7657
23520 894 8761
23521 5400 10975
23522 9489 9013
23523 9469 5677
23524 4271 2849
23525 6274 8047
23526 2804 3765
23527 11848 2949
23528 3763 5328
23529 8579 3728
23530 7871 199
23531 1533 4278
23532 6502 3282
23533 2493 9174
23534 7450 2040
23535 9701 6825
23536 1648 9152
23537 8051 7777
23538 8230 1723
23539 5975 11216
23540 6477 8626
23541 6289 10830
23542 503 6201
23543 3644 7535
23544 5314 1767
23545 10375 8731
23546 1654 30
23547 4959 3263
23548 1869 4306
23549 9510 6156
23550 5651 9862
23551 4123 1791
23552 3468 11719
23553 10942 8086
23554 8733 11208
23555 7232 6713
23556 11385 805
23557 10701 5051
23558 10642 9678
23559 3525 10043
23560 11404 1398
23561 6524 7749
23562 9480 9180
23563 8344 9378
23564 8688 11575
23565 7155 5838
23566 4946 11601
23567 7043 7842
23568 487 11141
23569 10654 11880
23570 5489 1334
23571 5753 8793
23572 9178 2099
23573 4479 7411
23574 907 10242
23575 9041 6636
23576 9755 3972
23577 3304 11678
23578 5924 59
23579 346 8513
23580 2283 9391
23581 2506 8157
23582 7901 1553
23583 4133 9086
23584 5792 6984
23585 9714 3953
23586 7140 9879
23587 296 6894
23588 5798 4393
23589 9672 5898
23590 9182 2120
23591 6868 4174
23592 11928 3037
23593 148 10432
23594 10508 911
23595 8081 741
23596 3055 10978
23597 11090 5447
23598 3407 10176
23599 7984 6853
23600 4122 4890
23601 8846 5544
23602 9050 7070
23603 5927 2038
23604 5098 7741
23605 10990 5192
23606 474 10353
23607 759 5095
23608 6549 7096
23609 10793 6653
23610 3105 8866
23611 7882 8061
23612 357 414
23613 5620 3162
23614 8442 11509
23615 4647 9158
23616 10381 9768
23617 2133 11179
23618 109 6180
23619 1249 197
23620 1234 6622
23621 872 3080
23622 11594 34
23623 6494 1736
23624 4599 9430
23625 8591 7590
23626 1216 5664
23627 11228 10001
23628 11650 1986
23629 2661 607
23630 5823 554
23631 2187 5358
23632 6279 1776
23633 11180 6018
23634 1407 1037
23635 4269 8375
23636 1877 617
23637 1983 8984
23638 2840 5037
23639 4706 1374
23640 5729 8570
23641 4032 10421
23642 3552 1386
23643 5698 4952
23644 5673 11557
23645 9174 10758
23646 477 3590
23647 11705 4675
23648 832 2447
23649 1859 356
23650 11692 11683
23651 7587 4731
23652 11693 6052
23653 11454 7868
23654 9683 3549
23655 9533 8926
23656 2240 9712
23657 9490 2432
23658 6448 9090
23659 10541 11065
23660 8600 51
23661 9687 7538
23662 9294 191
23663 5818 9241
23664 11239 7446
23665 7318 10687
23666 1950 7319
23667 6240 1158
23668 4883 11108
23669 11312 6291
23670 7288 1725
23671 9142 984
23672 5525 9849
23673 3771 3350
23674 9824 11365
23675 3653 2199
23676 11909 1338
23677 8650 1712
23678 9334 5047
23679 207 11936
23680 10031 5625
23681 3423 8645
23682 1136 11837
23683 9216 5360
23684 11965 2240
23685 10433 2900
23686 5774 5837
23687 3020 8342
23688 544 6367
23689 3289 510
23690 3793 3193
23691 3426 2087
23692 3398 5883
23693 11812 6249
23694 10272 6898
23695 5357 9358
23696 199 9499
23697 5202 6239
23698 7223 147
23699 1049 4757
23700 10889 10268
23701 9287 597
23702 10928 10704
23703 4434 8051
23704 9645 580
23705 1856 46
23706 4274 7605
23707 7359 11643
23708 3143 3103
23709 7352 4894
23710 5362 1790
23711 390 11945
23712 8382 2377
23713 3412 3115
23714 11316 9569
23715 2395 8284
23716 3608 800
23717 10303 3538
23718 10719 8942
23719 4224 4699
23720 2127 2173
23721 5666 5368
23722 6268 2239
23723 11174 1434
23724 6919 8303
23725 4937 6687
23726 4174 8650
23727 11408 5363
23728 4646 8207
23729 5183 10498
23730 8190 10449
23731 10961 10618
23732 6095 3901
23733 1537 7300
23734 772 586
23735 2667 4285
23736 5915 5457
23737 1836 11371
23738 11263 5548
23739 4068 10806
23740 3022 5439
23741 6113 9543
23742 1954 512
23743 6433 10216
23744 10405 10219
23745 686 3940
23746 7369 7786
23747 9199 11617
23748 3884 11163
23749 8454 6141
23750 4638 3677
23751 8116 4112
23752 1490 11981
23753 8296 455
23754 8112 2920
23755 10101 7908
23756 326 8361
23757 5960 11350
23758 7859 10663
23759 2974 4464
23760 5207 3400
23761 9674 7375
23762 6281 5925
23763 11255 9743
23764 9841 9982
23765 7107 1638
23766 11772 5982
23767 7034 1970
23768 11056 965
23769 10658 5737
23770 180 7364
23771 660 2468
23772 8723 11915
23773 3851 3447
23774 5969 3649
23775 2910 2187
23776 11186 11860
23777 8868 11263
23778 3180 11133
23779 5562 9969
23780 1168 10503
23781 10095 7533
23782 534 1008
23783 7341 1731
23784 387 9673
23785 5172 3017
23786 5863 289
23787 8405 2086
23788 3916 1662
23789 197 5575
23790 3142 305
23791 1053 6813
23792 11415 5141
23793 2300 2546
23794 1126 9489
23795 10968 9669
23796 1679 2978
23797 1366 6573
23798 9276 1941
23799 1960 9907
23800 11887 3251
23801 5627 7884
23802 4015 6
23803 726 2214
23804 10994 1483
23805 9167 866
23806 3030 147
23807 1469 11845
23808 10087 474
23809 4732 11593
23810 609 1258
23811 3698 9465
23812 5574 7300
23813 29 2280
23814 3557 11025
23815 11391 8018
23816 1204 7380
23817 909 5022
23818 2719 7093
23819 11679 11564
23820 3011 8391
23821 10681 11855
23822 8759 8704
23823 6387 5296
23824 10306 7656
23825 10710 6303
23826 10886 1293
23827 1224 833
23828 2902 3913
23829 829 4559
23830 1858 5047
23831 5143 4426
23832 89 7083
23833 8139 4490
23834 7327 6500
23835 6678 495
23836 5207 3075
23837 3324 6899
23838 1443 7298
23839 301 6531
23840 8826 331
23841 2587 7913
23842 10745 6509
23843 649 11348
23844 11388 327
23845 11186 11859
23846 1755 7668
23847 993 7287
23848 5542 5089
23849 9389 8728
23850 8805 5244
23851 8796 4945
23852 9476 10662
23853 4842 9753
23854 9385 6606
23855 9722 5218
23856 7216 5693
23857 10459 10031
23858 10535 6151
23859 5211 11901
23860 24 11469
23861 6575 1269
23862 5489 11870
23863 7550 11131
23864 6655 1086
23865 11677 10483
23866 2321 8364
23867 8070 36
23868 4843 7189
23869 5061 6359
23870 11105 6908
23871 5705 2159
23872 5302 6120
23873 11063 11839
23874 9255 9973
23875 4807 1268
23876 1911 5666
23877 679 1329
23878 9684 11644
23879 6994 6258
23880 357 7774
23881 6029 11324
23882 2321 1378
23883 6382 1445
23884 1321 8053
23885 6588 2495
23886 11009 5579
23887 4304 2118
23888 519 7438
23889 8927 3036
23890 1043 8082
23891 8092 7741
23892 1823 5331
23893 7655 8388
23894 9450 4681
23895 2027 6232
23896 3466 432
23897 4015 9945
23898 3531 7958
23899 8139 6590
23900 4438 5484
23901 320 5058
23902 11426 9473
23903 4116 620
23904 6393 4007
23905 2169 488
23906 2426 2953
23907 8818 10922
23908 5699 819
23909 4949 2880
23910 10089 11109
23911 5815 8671
23912 1875 5872
23913 6160 6088
23914 604 11932
23915 2517 4307
23916 996 1304
23917 5983 700
23918 6287 4756
23919 3205 2235
23920 335 11203
23921 2511 1705
23922 10080 9362
23923 1418 3136
23924 11209 8225
23925 5383 1710
23926 6809 6655
23927 5050 3431
23928 7524 5344
23929 5666 5319
23930 826 3658
23931 11292 8461
23932 5883 8243
23933 2149 591
23934 6003 964
23935 3092 10331
23936 8458 6436
23937 6466 9217
23938 9652 704
23939 8335 5533
23940 11159 1605
23941 4005 11946
23942 10034 1984
23943 2510 10963
23944 7109 10162
23945 4948 8919
23946 7289 9946
23947 7441 4867
23948 11073 8575
23949 7052 4460
23950 9921 7030
23951 6773 7144
23952 194 11447
23953 4697 4804
23954 8003 1020
23955 6860 5952
23956 2097 1299
23957 1411 9385
23958 1545 2844
23959 7116 5407
23960 4485 8167
23961 2577 11427
23962 8541 791
23963 9970 3635
23964 6458 10378
23965 7298 4089
23966 6533 6721
23967 2223 824
23968 3977 7467
23969 1415 7666
23970 4839 7711
23971 3867 3442
23972 5401 1147
23973 1551 8824
23974 4696 9721
23975 10738 11775
23976 4134 7367
23977 9165 11388
23978 9348 6819
23979 8616 2430
23980 8556 8620
23981 10816 11594
23982 11880 2135
23983 10950 10020
23984 11720 6667
23985 7405 8125
23986 789 11060
23987 1534 9004
23988 8965 4239
23989 8267 9347
23990 6098 11088
23991 5218 1370
23992 480 166
23993 6251 8731
23994 7770 2605
23995 5314 11660
23996 10657 10271
23997 6619 4321
23998 9672 121
23999 10228 10845
24000 5445 799
24001 10327 10638
24002 5974 8461
24003 6756 7066
24004 8728 6122
24005 6384 5433
24006 8813 7907
24007 9028 5615
24008 10316 2707
24009 4064 6451
24010 11986 7193
24011 1140 4841
24012 8944 11624
24013 8560 200
24014 358 10517
24015 5540 7036
24016 7144 10504
24017 3400 7929
24018 9462 1665
24019 4430 7215
24020 11134 8147
24021 6529 3541
24022 1499 11164
24023 10529 4192
24024 7661 1677
24025 10388 10232
24026 9147 1049
24027 2839 5961
24028 9633 2905
24029 9898 3438
24030 4658 7911
24031 1869 7346
24032 4056 9163
24033 5460 909
24034 4120 1636
24035 10760 9294
24036 8523 5819
24037 2493 412
24038 6218 4194
24039 9362 2592
24040 1685 7462
24041 7774 11060
24042 7323 6557
24043 8561 8110
24044 7526 2522
24045 514 9495
24046 4236 4252
24047 532 2799
24048 3127 6677
24049 4834 11119
24050 105 5006
24051 10692 11570
24052 3803 10152
24053 5622 6564
24054 696 8895
24055 10895 4602
24056 9130 7294
24057 8352 5104
24058 10245 3139
24059 24 7042
24060 577 7360
24061 7359 8460
24062 11285 2159
24063 6933 10099
24064 2965 1434
24065 1454 5254
24066 10895 10494
24067 8050 1699
24068 9108 6774
24069 10824 3556
24070 6620 11246
24071 1478 3650
24072 9763 9425
24073 11146 11459
24074 4906 3786
24075 6536 6344
24076 6909 9202
24077 7754 1110
24078 1119 11468
24079 5181 5262
24080 1877 8268
24081 1612 9759
24082 5996 3082
24083 4452 10286
24084 4690 4680
24085 7520 1079
24086 11882 11539
24087 4859 2325
24088 2683 2336
24089 8419 2455
24090 7056 10260
24091 7497 11258
24092 2688 5639
24093 2019 3890
24094 7230 10986
24095 715 1245
24096 2577 7926
24097 4632 11356
24098 1942 835
24099 10154 10290
24100 3678 8093
24101 11166 5245
24102 2662 6512
24103 1617 10405
24104 6222 5423
24105 9534 2335
24106 721 3473
24107 7487 9422
24108 3571 10348
24109 7327 2532
24110 1976 457
24111 7217 1699
24112 21 7068
24113 1824 7186
24114 4316 5153
24115 5262 10833
24116 7572 2921
24117 3005 5627
24118 8464 7080
24119 3975 10870
24120 1790 10182
24121 361 7505
24122 490 6498
24123 8435 2471
24124 5557 7077
24125 2663 188
24126 515 3379
24127 7905 3144
24128 6622 11744
24129 2831 5103
24130 8153 238
24131 9454 5134
24132 7293 10588
24133 6797 3840
24134 4635 11504
24135 4625 8940
24136 9659 11889
24137 3238 348
24138 4152 6342
24139 3865 5367
24140 8946 8654
24141 8225 9050
24142 7359 8444
24143 9217 8926
24144 3514 1151
24145 5589 6881
24146 10978 7216
24147 2420 7674
24148 5418 6110
24149 10587 739
24150 4242 1663
24151 5753 6238
24152 8882 7351
24153 10028 9300
24154 8327 7746
24155 7051 4809
24156 391 6003
24157 1628 8313
24158 7773 3761
24159 5208 3483
24160 8754 10240
24161 10597 2285
24162 3453 267
24163 6165 4348
24164 6713 3734
24165 1744 10019
24166 3572 1301
24167 2901 335
24168 10159 5755
24169 6723 1918
24170 2647 6855
24171 11974 3713
24172 11728 10688
24173 6334 5902
24174 11079 7580
24175 1150 10971
24176 4461 8212
24177 4480 3900
24178 10138 8014
24179 9041 6081
24180 2012 1704
24181 4387 8561
24182 11833 3785
24183 811 2982
24184 10275 7999
24185 4561 1433
24186 9999 4634
24187 8609 9322
24188 8683 8189
24189 11742 11322
24190 8102 5916
24191 713 11546
24192 9616 10529
24193 11573 2035
24194 9568 236
24195 9757 3156
24196 3778 4221
24197 10144 6805
24198 4632 3113
24199 4763 4151
24200 10047 1929
24201 2534 8835
24202 6259 10262
24203 4654 2838
24204 27 11140
24205 542 6304
24206 6340 2453
24207 2463 1723
24208 9282 8430
24209 681 10331
24210 9008 8178
24211 11809 6285
24212 11310 9585
24213 7139 9461
24214 9924 6353
24215 4555 1010
24216 7116 4831
24217 6384 8471
24218 2974 10553
24219 3541 2621
24220 5117 9483
24221 3350 6217
24222 10777 3643
24223 10354 9075
24224 672 4483
24225 1869 6738
24226 11040 2450
24227 2964 7756
24228 9314 11612
24229 607 564
24230 4249 7424
24231 8039 3429
24232 3661 898
24233 6660 9160
24234 6603 6901
24235 3937 9371
24236 11667 10773
24237 4219 3287
24238 9517 3256
24239 3062 2417
24240 9056 5562
24241 1786 10785
24242 2815 9740
24243 10426 5797
24244 10653 9254
24245 522 6102
24246 10916 10980
24247 7220 779
24248 8582 8647
24249 8962 8930
24250 31 6707
24251 2079 3881
24252 9688 10686
24253 10126 10961
24254 10190 1284
24255 10294 7648
24256 4604 8305
24257 10598 7421
24258 6453 7252
24259 3977 5091
24260 2345 2099
24261 7838 11780
24262 10827 5268
24263 2036 6881
24264 1709 10890
24265 7284 3776
24266 6206 3518
24267 107 314
24268 1594 11865
24269 8303 6936
24270 2005 10193
24271 1314 11277
24272 8440 6712
24273 3375 2387
24274 4990 7061
24275 5180 4375
24276 1414 4437
24277 690 6589
24278 1947 4489
24279 9632 8921
24280 1672 2714
24281 9313 8774
24282 96 10299
24283 6444 2087
24284 5173 4876
24285 11845 7170
24286 8213 10018
24287 8593 7405
24288 7286 11900
24289 3209 11695
24290 5377 5296
24291 7921 3535
24292 7993 6034
24293 1134 8505
24294 9971 3830
24295 8555 7235
24296 1559 6415
24297 1750 7636
24298 4676 4665
24299 7165 3441
24300 2355 8359
24301 9637 10471
24302 436 1893
24303 6653 7451
24304 7893 11880
24305 10969 11904
24306 11736 8591
24307 715 7085
24308 8880 10907
24309 2703 2346
24310 5168 4737
24311 8838 7763
24312 4356 9184
24313 5103 8380
24314 11940 7415
24315 9506 6008
24316 3179 8594
24317 9733 8445
24318 11461 138
24319 3387 725
24320 231 1845
24321 11263 9890
24322 7913 8056
24323 10852 2581
24324 5457 184
24325 920 3304
24326 6690 8540
24327 11728 11304
24328 7457 8774
24329 4971 6710
24330 2625 347
24331 4539 9586
24332 11129 11409
24333 2532 2085
24334 9487 7172
24335 8930 11346
24336 6182 4335
24337 7694 6317
24338 1567 6197
24339 2953 4248
24340 5079 1368
24341 2793 10583
24342 305 4070
24343 8229 3856
24344 10593 5313
24345 8050 1049
24346 9705 1949
24347 2233 11733
24348 7141 2117
24349 8603 1140
24350 7430 552
24351 11135 1046
24352 2615 4155
24353 3840 10667
24354 2695 10783
24355 7708 9968
24356 9844 5230
24357 10220 11354
24358 11993 11790
24359 7946 1059
24360 5756 10898
24361 3759 3814
24362 10341 9074
24363 4209 3810
24364 10181 11385
24365 3343 2415
24366 10916 11883
24367 8696 5515
24368 9774 1544
24369 4919 7247
24370 3838 8160
24371 5447 11063
24372 10327 4
24373 11891 5244
24374 3569 5830
24375 259 2481
24376 8235 7301
24377 5744 1338
24378 565 4277
24379 4793 11408
24380 10810 11312
24381 11910 1041
24382 8230 5967
24383 3652 4128
24384 3502 3544
24385 6921 6806
24386 4637 11247
24387 11493 11102
24388 10812 1412
24389 8870 6581
24390 4040 4829
24391 10524 686
24392 9093 8905
24393 6138 5883
24394 5392 317
24395 2603 6084
24396 7597 7877
24397 5272 6657
24398 2812 6527
24399 7434 1471
24400 7977 3567
24401 39 5588
24402 8046 4077
24403 9810 10096
24404 4996 5408
24405 4067 6114
24406 7070 9714
24407 1825 8947
24408 5646 10040
24409 11355 8816
24410 10175 7638
24411 11764 7493
24412 1304 3305
24413 2930 9441
24414 8528 7957
24415 4898 5732
24416 1071 6418
24417 7425 10561
24418 2013 4806
24419 9185 1599
24420 9220 10916
24421 596 8514
24422 3703 8438
24423 4316 8547
24424 8099 5730
24425 9178 2997
24426 3012 3662
24427 473 2551
24428 2943 11325
24429 4006 9247
24430 9784 1438
24431 7827 11625
24432 11789 11977
24433 488 9084
24434 3275 9846
24435 9131 6317
24436 1562 11705
24437 9364 1292
24438 11199 11379
24439 5261 6593
24440 3474 10318
24441 1939 9225
24442 10595 766
24443 2940 10295
24444 7830 5671
24445 7623 6769
24446 11330 5268
24447 9717 2860
24448 9982 11714
24449 1388 448
24450 6943 8854
24451 7341 11644
24452 5959 9567
24453 6897 2051
24454 8528 10002
24455 5400 8597
24456 11256 5225
24457 8827 3144
24458 5713 9932
24459 8510 3686
24460 10538 1939
24461 5884 11415
24462 8175 10765
24463 10874 6975
24464 4469 11323
24465 4971 7624
24466 3558 5788
24467 5622 1661
24468 6166 4239
24469 9156 8389
24470 9861 7024
24471 6920 7647
24472 691 89
24473 11750 3625
24474 10413 7494
24475 8298 5557
24476 10021 785
24477 435 6883
24478 143 1892
24479 9901 3240
24480 9211 11521
24481 5416 8427
24482 9886 2009
24483 2619 9533
24484 4260 4564
24485 9042 4628
24486 418 7311
24487 9122 2644
24488 9542 219
24489 7980 6365
24490 9452 8945
24491 10681 11676
24492 10815 8127
24493 2630 784
24494 11692 53
24495 5711 3678
24496 2688 10976
24497 6987 9887
24498 7403 177
24499 3110 1686
24500 4415 7105
24501 3267 2968
24502 9140 8507
24503 2611 2369
24504 9962 1102
24505 393 2415
24506 8223 2401
24507 7614 9378
24508 3686 716
24509 1889 9444
24510 2026 363
24511 11325 10090
24512 11315 9491
24513 7560 10586
24514 5258 5050
24515 11793 2799
24516 9321 7535
24517 360 11781
24518 8028 4858
24519 2956 10096
24520 11444 4934
24521 310 3864
24522 2982 4795
24523 10582 2044
24524 5894 5175
24525 9807 2377
24526 9249 2713
24527 9456 4377
24528 1707 8096
24529 10178 8303
24530 4739 2920
24531 2328 4895
24532 10126 5284
24533 11732 10269
24534 41 4298
24535 2522 1912
24536 1890 245
24537 2051 2643
24538 4373 1337
24539 7546 4116
24540 8416 4529
24541 1072 4254
24542 3711 6543
24543 10238 4264
24544 9305 10536
24545 1013 5141
24546 2901 5655
24547 3140 154
24548 1848 7252
24549 4407 9432
24550 7555 1357
24551 506 11161
24552 7548 1947
24553 2264 4561
24554 4892 238
24555 7078 11921
24556 7142 3660
24557 11604 7383
24558 9287 10605
24559 1519 6821
24560 3783 5136
24561 6322 6048
24562 3745 9730
24563 7924 4158
24564 700 9325
24565 4656 10151
24566 2551 6729
24567 10023 997
24568 11540 10046
24569 11271 6774
24570 4467 4020
24571 947 7155
24572 2171 4710
24573 3663 1188
24574 1327 5206
24575 2117 11040
24576 3298 11271
24577 2078 11066
24578 1169 515
24579 4660 8170
24580 6684 8200
24581 4213 11237
24582 3701 7200
24583 2870 9316
24584 1487 2048
24585 6972 4291
24586 10377 7709
24587 5885 11049
24588 3717 7782
24589 11549 5972
24590 6758 986
24591 3542 10770
24592 7654 8683
24593 5273 1664
24594 7649 2893
24595 1742 9404
24596 6033 11199
24597 2776 2201
24598 9102 1719
24599 8567 11283
24600 9595 6711
24601 1343 7676
24602 1581 4397
24603 2351 8468
24604 9 10521
24605 1281 6528
24606 11253 367
24607 2930 6850
24608 2283 6498
24609 9796 9914
24610 7137 3891
24611 2216 7454
24612 4048 9375
24613 2705 10786
24614 10840 11760
24615 10029 5468
24616 9174 7913
24617 6240 7649
24618 8764 8673
24619 53 6
24620 3332 11278
24621 8130 7127
24622 4280 4058
24623 4066 6338
24624 5627 11033
24625 1797 938
24626 5592 4814
24627 2242 4355
24628 1595 3403
24629 11192 3111
24630 4552 3679
24631 10290 10614
24632 381 2526
24633 9994 8498
24634 3608 1055
24635 1326 7026
24636 9879 7976
24637 11911 11695
24638 8606 4611
24639 549 11061
24640 1009 137
24641 6347 767
24642 10861 2459
24643 6709 10433
24644 3722 891
24645 5428 11076
24646 7902 11547
24647 3845 1106
24648 7772 11738
24649 10083 1927
24650 11088 1021
24651 7206 999
24652 4196 3599
24653 1078 956
24654 9712 5268
24655 7953 1657
24656 2390 11767
24657 9649 6052
24658 5640 10676
24659 5637 96
24660 5087 7050
24661 5985 1195
24662 4709 8090
24663 6095 6666
24664 7131 5521
24665 4159 5130
24666 2618 8319
24667 2221 598
24668 1889 10465
24669 3742 2198
24670 9029 11493
24671 7017 11762
24672 9316 5288
24673 1253 9429
24674 8565 7122
24675 4258 4484
24676 8302 3045
24677 6577 1640
24678 6534 4701
24679 1912 3859
24680 10189 10670
24681 2880 3589
24682 10809 1330
24683 10118 4667
24684 10862 6371
24685 11824 2002
24686 4013 4143
24687 5471 8186
24688 3746 9227
24689 10047 5264
24690 3103 4329
24691 5124 4566
24692 505 6177
24693 11652 9678
24694 821 7490
24695 7650 3764
24696 2245 3859
24697 6279 11760
24698 7082 5866
24699 10233 5186
24700 10209 8273
24701 1091 5261
24702 5467 5222
24703 6376 1023
24704 11891 4090
24705 8265 11043
24706 6880 11625
24707 833 10044
24708 6316 3267
24709 5432 4460
24710 4158 3949
24711 1854 1836
24712 3810 4225
24713 8491 2464
24714 7831 8345
24715 10204 4042
24716 4200 6488
24717 1264 7154
24718 10369 331
24719 4756 6292
24720 949 11774
24721 6758 11236
24722 3143 2707
24723 9036 11128
24724 9596 8970
24725 4777 9323
24726 4258 7779
24727 602 7801
24728 3541 11583
24729 9935 1594
24730 10078 60
24731 1673 4970
24732 3803 7876
24733 3848 11201
24734 8466 7907
24735 4534 2539
24736 5033 8406
24737 5494 6617
24738 4789 3244
24739 1639 3310
24740 3653 7820
24741 7217 3997
24742 4586 1573
24743 11902 11826
24744 6515 11582
24745 4346 1709
24746 11312 7415
24747 4087 8051
24748 10422 6142
24749 3180 11442
24750 2785 5707
24751 1597 7508
24752 9576 5406
24753 4523 3509
24754 11596 8043
24755 1415 4375
24756 408 8117
24757 7117 9922
24758 8495 4911
24759 10633 11058
24760 7683 152
24761 4574 15
24762 6111 4125
24763 11410 2098
24764 6159 10440
24765 9860 11364
24766 5954 4835
24767 2576 3083
24768 11911 3214
24769 7667 5250
24770 10626 7900
24771 6513 3190
24772 7280 1496
24773 14 3141
24774 82 2096
24775 2668 873
24776 9502 11211
24777 3891 3676
24778 7859 1858
24779 4278 9447
24780 10079 2094
24781 7040 526
24782 9835 640
24783 213 3219
24784 9340 1691
24785 969 5291
24786 8156 10806
24787 7493 1083
24788 147 3111
24789 8014 2670
24790 10812 8422
24791 672 8648
24792 9184 3806
24793 5035 4448
24794 8867 11041
24795 8020 6379
24796 11894 834
24797 2307 11210
24798 2505 967
24799 4689 228
24800 2287 7268
24801 6756 506
24802 2106 4228
24803 9333 3337
24804 2569 9180
24805 7605 3095
24806 5640 6623
24807 4531 2135
24808 12 4348
24809 1318 7692
24810 1203 6901
24811 10239 3959
24812 6187 6888
24813 1782 1453
24814 10511 4398
24815 1512 197
24816 7189 10826
24817 7059 964
24818 1316 796
24819 7598 7115
24820 3736 8155
24821 9987 5993
24822 9934 10576
24823 8938 11414
24824 11809 5972
24825 5647 9192
24826 8314 7739
24827 4461 3323
24828 336 1150
24829 6378 48
24830 7206 10073
24831 11643 7143
24832 6960 3062
24833 2258 11041
24834 4605 1614
24835 1039 9876
24836 2852 4089
24837 1766 7121
24838 751 1720
24839 4653 1048
24840 4507 3950
24841 5112 10383
24842 851 1965
24843 3112 8845
24844 10259 1024
24845 9712 9376
24846 5250 10750
24847 8286 7462
24848 11047 11493
24849 11533 4478
24850 5681 4749
24851 6063 1468
24852 8221 9966
24853 11425 5355
24854 2749 3644
24855 3857 4806
24856 8409 6828
24857 1223 7143
24858 309 10166
24859 9827 1492
24860 11098 9109
24861 11947 66
24862 830 9787
24863 7625 3466
24864 4624 2066
24865 2595 9803
24866 4865 2645
24867 7566 7242
24868 9180 10985
24869 6042 11796
24870 8560 9659
24871 9545 3269
24872 9059 181
24873 9134 11511
24874 275 10939
24875 5550 1666
24876 7779 10037
24877 11614 6862
24878 4296 1914
24879 364 5960
24880 930 9616
24881 9686 6747
24882 4742 1199
24883 2316 5941
24884 5379 11301
24885 6349 7215
24886 3082 4730
24887 745 3862
24888 10789 8291
24889 11419 4493
24890 11235 1434
24891 7988 499
24892 5019 8781
24893 5446 4176
24894 2411 10044
24895 4399 2139
24896 7493 11428
24897 10515 5017
24898 1292 5148
24899 7075 5639
24900 5814 11170
24901 10883 11389
24902 7212 5169
24903 8317 7799
24904 3562 8170
24905 9308 6340
24906 11253 7845
24907 2937 10802
24908 10128 20
24909 4454 8166
24910 8726 3899
24911 3035 2004
24912 4220 8001
24913 2165 7536
24914 6536 2325
24915 3619 10420
24916 2367 7845
24917 6260 2124
24918 11735 9240
24919 2655 1008
24920 8528 5160
24921 7808 11817
24922 7707 4482
24923 6156 11380
24924 1458 11870
24925 11706 880
24926 1776 4236
24927 5257 3957
24928 4395 7979
24929 2316 5446
24930 3760 2559
24931 681 6107
24932 3173 1487
24933 1032 10710
24934 75 8488
24935 6717 4669
24936 7760 8045
24937 6113 3361
24938 9358 6656
24939 10495 10084
24940 566 4226
24941 7332 8576
24942 6741 8021
24943 6819 7928
24944 8821 5983
24945 11483 905
24946 4968 7213
24947 10960 4991
24948 2065 11186
24949 1798 9732
24950 1974 11891
24951 10379 2300
24952 2970 6465
24953 3115 5652
24954 7210 3166
24955 8343 4787
24956 3571 10833
24957 5103 629
24958 7454 11956
24959 7199 3658
24960 5401 10108
24961 6745 6374
24962 11271 11458
24963 10256 5589
24964 7906 9242
24965 8098 5720
24966 9462 6251
24967 7913 8970
24968 6516 494
24969 8519 8492
24970 3597 409
24971 8158 5350
24972 10690 7071
24973 9119 4403
24974 2137 2938
24975 3162 9397
24976 7419 8107
24977 10470 2891
24978 2531 8517
24979 7658 5728
24980 7870 6703
24981 5807 1515
24982 5934 5065
24983 9814 7555
24984 9171 7760
24985 8236 10352
24986 9724 8109
24987 5964 7653
24988 2288 3366
24989 10356 9576
24990 10 5432
24991 3109 2480
24992 9782 6220
24993 1715 1408
24994 11656 8797
24995 4320 3032
24996 7224 1480
24997 1835 3452
24998 10546 11105
24999 4557 2987
25000 4107 7438
25001 2512 1500
25002 6739 7547
25003 11854 1078
25004 10048 4283
25005 6748 2883
25006 2565 3804
25007 9901 4814
25008 4637 11652
25009 10813 4954
25010 3149 8334
25011 9326 7006
25012 4519 4817
25013 4806 1739
25014 1221 8676
25015 5310 7299
25016 7834 11675
25017 3099 5660
25018 11549 684
25019 11214 8543
25020 2637 5633
25021 4922 3080
25022 305 4644
25023 5888 450
25024 7276 7227
25025 4847 8864
25026 1778 5644
25027 11870 7031
25028 11208 4503
25029 1767 9493
25030 10506 10141
25031 8463 4123
25032 10955 6940
25033 7616 10404
25034 6681 4822
25035 4756 5954
25036 271 2411
25037 3496 10600
25038 9726 3714
25039 5493 3561
25040 11841 8026
25041 1017 3833
25042 2470 11679
25043 1100 2610
25044 10580 11907
25045 8868 7592
25046 4638 9927
25047 4622 5135
25048 423 824
25049 7905 9290
25050 6645 10482
25051 3584 1694
25052 4607 8566
25053 170 11128
25054 815 10374
25055 8335 4046
25056 9193 8712
25057 80 5028
25058 4730 944
25059 1026 981
25060 6783 6359
25061 11898 409
25062 11582 7223
25063 4165 2980
25064 10585 6293
25065 6546 5194
25066 10557 2375
25067 2799 8344
25068 1312 4935
25069 9187 10388
25070 7344 7694
25071 3976 6960
25072 7197 610
25073 2893 8773
25074 7251 4771
25075 5931 1836
25076 9215 6595
25077 3743 5684
25078 7740 4600
25079 253 637
25080 4361 7132
25081 8856 7903
25082 4859 11980
25083 1489 9348
25084 10118 11906
25085 5172 5776
25086 5767 10981
25087 571 9239
25088 1074 9508
25089 1217 995
25090 5996 6826
25091 127 9303
25092 122 11231
25093 9891 5658
25094 1495 3901
25095 6943 4047
25096 7133 10526
25097 3714 10010
25098 2877 4707
25099 9120 10057
25100 1377 11229
25101 2399 7937
25102 1424 11744
25103 4865 7357
25104 7629 1005
25105 9662 3388
25106 7019 9023
25107 5874 4088
25108 7062 10841
25109 9681 4485
25110 9271 5210
25111 7508 7253
25112 9527 9026
25113 5497 3250
25114 6100 4794
25115 9067 2914
25116 386 3128
25117 1672 7615
25118 11573 2931
25119 7115 2205
25120 11129 9916
25121 8277 10663
25122 7911 11118
25123 1393 4422
25124 11946 3015
25125 11355 5180
25126 339 9703
25127 8335 9408
25128 11343 4313
25129 4322 221
25130 3756 11713
25131 5991 6191
25132 1973 7374
25133 8564 3414
25134 5286 4329
25135 4442 5397
25136 6104 11079
25137 10655 6800
25138 11538 9221
25139 1283 3749
25140 11957 8717
25141 7415 11202
25142 4073 5558
25143 5059 7593
25144 7251 11388
25145 10379 840
25146 5288 11464
25147 700 5302
25148 654 8500
25149 4495 4641
25150 8236 3603
25151 2426 9558
25152 6451 6304
25153 7047 2866
25154 7412 6367
25155 517 2942
25156 3008 1927
25157 2882 11132
25158 5499 2787
25159 10090 11346
25160 5579 4769
25161 9081 8019
25162 8712 9002
25163 8662 8469
25164 6956 3306
25165 10945 1061
25166 3982 4232
25167 7324 1334
25168 4313 7930
25169 3222 11083
25170 8120 11420
25171 3603 3350
25172 9756 5234
25173 1300 9660
25174 4259 42
25175 10793 6531
25176 9944 10582
25177 2641 8930
25178 10673 6890
25179 7269 2314
25180 1466 2334
25181 11389 2096
25182 10248 1495
25183 1507 5354
25184 9128 8396
25185 10958 6537
25186 2224 1388
25187 9096 7114
25188 4044 10381
25189 8955 8620
25190 10941 5475
25191 4164 5070
25192 5631 1244
25193 9279 8194
25194 6077 8828
25195 11063 385
25196 137 1428
25197 2148 9435
25198 5116 4653
25199 4230 8135
25200 8584 10265
25201 11041 530
25202 1996 11734
25203 11795 10516
25204 3775 6823
25205 3453 3052
25206 3496 5402
25207 2601 7316
25208 4498 9960
25209 951 5471
25210 1340 9941
25211 6261 7988
25212 1026 5753
25213 510 950
25214 9408 5734
25215 3862 9000
25216 5182 11379
25217 8154 2589
25218 10164 2081
25219 8048 7558
25220 7719 1756
25221 552 6782
25222 8564 6320
25223 7147 1499
25224 8821 3775
25225 4771 7214
25226 7937 11536
25227 7714 11138
25228 9353 2046
25229 3686 7491
25230 11390 1538
25231 6421 6388
25232 9105 8351
25233 3084 4394
25234 6323 1998
25235 7322 3679
25236 10362 6910
25237 10814 2061
25238 11991 8781
25239 206 5794
25240 3092 5071
25241 10431 358
25242 8246 10617
25243 701 3265
25244 7355 9995
25245 346 11026
25246 5328 5839
25247 11571 652
25248 9831 4606
25249 4079 2141
25250 7371 8134
25251 2435 8185
25252 8552 6540
25253 11243 9212
25254 7450 4960
25255 9098 3435
25256 11431 3088
25257 3319 9766
25258 3973 5730
25259 7178 9945
25260 7516 1714
25261 5483 4750
25262 2518 2709
25263 4777 3885
25264 11703 11913
25265 11484 4474
25266 292 885
25267 1366 11553
25268 1744 4182
25269 4477 7938
25270 6190 0
25271 11342 9952
25272 10137 10000
25273 1843 9215
25274 2401 11735
25275 2094 9435
25276 4990 1713
25277 8225 7848
25278 7732 1915
25279 9061 4323
25280 6044 6765
25281 2252 1306
25282 8962 6008
25283 5185 942
25284 11178 4040
25285 2446 1417
25286 6595 1899
25287 4161 9899
25288 537 7648
25289 8954 3758
25290 6914 2403
25291 8720 2510
25292 7893 4956
25293 9662 7283
25294 7588 8915
25295 5608 7734
25296 1667 11506
25297 11997 7177
25298 6581 8164
25299 5010 11118
25300 2931 7014
25301 4297 11424
25302 9864 5577
25303 5403 9886
25304 3396 3615
25305 6031 11317
25306 2078 4028
25307 8782 882
25308 143 3297
25309 11633 3523
25310 3169 1325
25311 7507 1432
25312 6109 8160
25313 1334 8126
25314 4047 6203
25315 3593 1255
25316 10787 4160
25317 505 2367
25318 5047 1077
25319 4742 2527
25320 11230 11926
25321 1713 11579
25322 4697 9335
25323 9120 11187
25324 2783 4659
25325 1381 4693
25326 1440 3036
25327 1116 11086
25328 4973 2546
25329 7945 8736
25330 7286 11595
25331 9026 6297
25332 8348 1719
25333 10559 7377
25334 371 5812
25335 5908 329
25336 1894 10170
25337 8199 5629
25338 4641 8616
25339 9949 4941
25340 10253 2002
25341 5558 5308
25342 11631 10098
25343 1656 6204
25344 8015 6057
25345 4398 7358
25346 2104 6948
25347 2961 384
25348 4190 8542
25349 10682 7476
25350 2714 3238
25351 2233 9969
25352 11949 10801
25353 2861 4572
25354 597 10414
25355 4335 8305
25356 2299 6499
25357 837 6403
25358 7992 652
25359 11594 10721
25360 9201 8287
25361 6290 51
25362 4676 7751
25363 5406 1897
25364 11500 4073
25365 7912 7492
25366 2690 9327
25367 8190 7488
25368 5615 3470
25369 2492 4675
25370 9603 3149
25371 3146 10848
25372 4907 4800
25373 1371 9806
25374 8787 206
25375 1936 2173
25376 8791 2177
25377 9733 3720
25378 6530 4788
25379 8810 4520
25380 9524 3350
25381 11950 4618
25382 5445 10387
25383 7312 8658
25384 7941 630
25385 2736 9183
25386 3465 8131
25387 11869 3557
25388 4494 6494
25389 1004 1162
25390 6423 9319
25391 1360 3677
25392 5971 8280
25393 3968 556
25394 10625 2900
25395 1476 6068
25396 2705 3314
25397 6732 10836
25398 1082 3582
25399 8110 2138
25400 997 566
25401 8381 4832
25402 10440 8894
25403 4312 9240
25404 4776 10983
25405 2618 895
25406 1614 5287
25407 1815 1581
25408 9483 2742
25409 11859 3932
25410 364 4649
25411 5002 4066
25412 6992 11936
25413 11984 10259
25414 3729 5550
25415 2028 10236
25416 673 7774
25417 7789 1522
25418 761 9657
25419 10727 2185
25420 6710 6992
25421 6808 3059
25422 11416 9511
25423 3379 8528
25424 3106 9451
25425 42 5263
25426 4173 9433
25427 7194 8515
25428 11694 3681
25429 1357 10828
25430 1741 11318
25431 2876 2487
25432 1068 1185
25433 2042 11534
25434 3685 10745
25435 5593 11616
25436 11412 4574
25437 1419 10448
25438 2244 244
25439 11679 7424
25440 7724 7930
25441 6157 2339
25442 9985 6701
25443 2708 72
25444 5404 2845
25445 3953 4326
25446 3904 6433
25447 11008 433
25448 6948 6492
25449 10970 1
25450 6054 6073
25451 3709 6012
25452 10659 11733
25453 9122 398
25454 6466 5359
25455 9789 5062
25456 11182 4785
25457 10779 9083
25458 2317 2033
25459 6813 8096
25460 6926 9830
25461 8258 3643
25462 1 7474
25463 4261 4562
25464 935 5889
25465 7256 3993
25466 700 11757
25467 10382 4166
25468 11331 4084
25469 11535 1665
25470 7976 6189
25471 10402 8556
25472 1341 5124
25473 11016 7804
25474 2272 2025
25475 4725 7148
25476 10947 6402
25477 6475 4354
25478 6953 317
25479 4390 11213
25480 5571 7209
25481 11926 176
25482 6857 9149
25483 1011 7592
25484 541 9568
25485 205 8170
25486 1049 3570
25487 10294 233
25488 10834 7285
25489 5570 7759
25490 5483 512
25491 9217 5011
25492 9613 2645
25493 10046 10994
25494 9482 8108
25495 6964 9181
25496 10629 9760
25497 7205 85
25498 10553 1910
25499 720 4458
25500 4950 10807
25501 3653 2387
25502 8459 8039
25503 6464 11799
25504 7968 9131
25505 6259 9166
25506 844 3359
25507 8377 4906
25508 9510 65
25509 8771 7469
25510 433 4874
25511 3625 9152
25512 10889 3554
25513 740 9467
25514 4911 4950
25515 9706 5867
25516 11145 2671
25517 4988 9505
25518 6232 4490
25519 10555 1342
25520 4157 8447
25521 2012 5722
25522 7743 7094
25523 10972 8557
25524 2172 10432
25525 9148 6351
25526 465 3099
25527 6359 9645
25528 11919 2168
25529 9361 7605
25530 5282 4124
25531 10491 2603
25532 2019 11216
25533 7952 3717
25534 9718 6113
25535 6148 5351
25536 1177 7750
25537 8465 10667
25538 11364 11415
25539 5307 10727
25540 7042 11145
25541 11538 819
25542 11326 3860
25543 4489 9061
25544 8420 8000
25545 9709 1527
25546 5555 2974
25547 8899 11616
25548 9076 5642
25549 1252 7761
25550 11386 3043
25551 7042 7847
25552 6061 8506
25553 1813 823
25554 5396 666
25555 3463 6631
25556 9761 3004
25557 324 815
25558 812 4607
25559 2225 7400
25560 4691 2878
25561 1605 5304
25562 10051 787
25563 11559 1179
25564 4773 10901
25565 3878 9994
25566 10312 4930
25567 8655 11344
25568 5027 7084
25569 2883 11356
25570 7169 7929
25571 6543 11302
25572 3360 9367
25573 2081 6954
25574 11754 7400
25575 790 5279
25576 8831 2308
25577 7943 10770
25578 11626 2472
25579 2518 10907
25580 9673 758
25581 3946 3253
25582 3074 601
25583 10413 11818
25584 7174 5329
25585 4771 10297
25586 2944 8925
25587 1687 9429
25588 3489 553
25589 912 9115
25590 1359 9856
25591 8 972
25592 6743 11225
25593 11295 3084
25594 5172 11120
25595 9611 9510
25596 1757 5636
25597 6938 11719
25598 382 9824
25599 6128 7347
25600 6283 8285
25601 3471 1681
25602 2893 6879
25603 613 5264
25604 9608 8335
25605 6285 7488
25606 11486 11974
25607 8671 9829
25608 2306 9453
25609 5361 1338
25610 6508 4565
25611 11800 296
25612 7846 8492
25613 11762 720
25614 2743 8657
25615 3619 3875
25616 11654 3447
25617 4952 5387
25618 10055 6002
25619 1611 1124
25620 8277 4965
25621 7793 2409
25622 11994 2246
25623 11154 3388
25624 8017 8201
25625 11088 11340
25626 2140 4610
25627 2224 1445
25628 7615 4943
25629 3312 1348
25630 2179 4961
25631 9369 510
25632 6900 10246
25633 10465 7604
25634 1952 5549
25635 10919 8973
25636 6848 6165
25637 3381 11018
25638 10495 3872
25639 3782 3974
25640 5718 9478
25641 1718 6067
25642 6949 9823
25643 3844 891
25644 2255 10909
25645 7523 6869
25646 673 319
25647 10271 4556
25648 2242 6405
25649 7634 2829
25650 11795 1497
25651 11589 10940
25652 1575 5033
25653 8209 11982
25654 10903 5759
25655 8764 10549
25656 6653 5874
25657 5572 7042
25658 6661 11098
25659 3221 3381
25660 5452 1575
25661 5689 6420
25662 10891 9718
25663 8638 11208
25664 4966 7103
25665 7638 10340
25666 612 11067
25667 9881 8343
25668 4875 7220
25669 10697 7338
25670 4922 4648
25671 8746 259
25672 1934 4503
25673 9085 6657
25674 4206 5053
25675 6829 6259
25676 5241 1133
25677 2728 11370
25678 9147 9232
25679 8752 6642
25680 4582 7995
25681 5495 4447
25682 6955 667
25683 2180 11759
25684 6971 3920
25685 1699 11047
25686 6699 552
25687 8958 5251
25688 9701 7081
25689 4519 11192
25690 691 11628
25691 1715 8301
25692 7232 9320
25693 894 2288
25694 6187 5272
25695 6303 10779
25696 1576 4242
25697 7044 1356
25698 5124 3445
25699 5772 5960
25700 4025 7348
25701 9869 663
25702 886 10430
25703 10789 711
25704 3195 4936
25705 546 2545
25706 9185 2620
25707 7413 3409
25708 4333 152
25709 6230 6355
25710 10857 9067
25711 6300 7445
25712 6716 11319
25713 7887 2031
25714 3347 1527
25715 11796 11489
25716 9958 10632
25717 5183 3611
25718 1018 804
25719 7353 9527
25720 1067 4008
25721 10931 10304
25722 7715 7089
25723 2339 10143
25724 8066 1404
25725 3215 2150
25726 7802 8429
25727 5444 4784
25728 6798 10227
25729 11906 5001
25730 3774 3002
25731 8706 6040
25732 9436 8267
25733 5360 2858
25734 7597 7972
25735 8400 9549
25736 10589 2519
25737 4845 2482
25738 4931 4073
25739 4425 10517
25740 5524 5312
25741 9486 8204
25742 4607 5373
25743 558 9180
25744 4292 1066
25745 11831 5733
25746 2702 8259
25747 9440 11329
25748 8690 9438
25749 11304 6694
25750 6078 7910
25751 3597 1144
25752 10017 2347
25753 1348 6813
25754 827 5013
25755 11570 6213
25756 4636 162
25757 799 921
25758 7237 8510
25759 2413 7953
25760 5641 9382
25761 6516 6979
25762 1815 1098
25763 5470 11827
25764 10061 4433
25765 11516 2902
25766 6379 6642
25767 6773 8604
25768 8085 7223
25769 1323 11235
25770 1058 6476
25771 4465 5465
25772 4500 2689
25773 3040 3977
25774 2942 4242
25775 2163 8443
25776 9388 3173
25777 3799 6237
25778 11227 10665
25779 1959 8626
25780 4829 880
25781 7341 2856
25782 6465 10155
25783 7718 9000
25784 0 10957
25785 713 4911
25786 6441 4545
25787 10235 4000
25788 3367 11393
25789 11154 2968
25790 6334 5849
25791 7226 4657
25792 6817 6099
25793 3790 6525
25794 709 7312
25795 2475 10118
25796 10408 6491
25797 10059 10560
25798 9993 4508
25799 10949 8181
25800 7945 8387
25801 3990 9534
25802 5709 5663
25803 4649 6409
25804 7627 9083
25805 8286 4387
25806 1171 7965
25807 9746 9439
25808 7451 5146
25809 11335 3274
25810 8400 2478
25811 2303 1627
25812 2871 4283
25813 7219 10732
25814 7127 2412
25815 8048 3668
25816 4536 3125
25817 9399 11245
25818 1925 2877
25819 7217 7555
25820 4234 8476
25821 7572 1875
25822 3143 8309
25823 10144 1645
25824 2936 11674
25825 4038 8879
25826 9754 11722
25827 10571 10768
25828 2827 1256
25829 7069 3098
25830 11367 8018
25831 7122 4625
25832 4863 3500
25833 8043 86
25834 9630 10741
25835 5294 6662
25836 5298 3260
25837 542 9816
25838 10704 4628
25839 9277 7934
25840 1000 3902
25841 11424 3983
25842 6919 4618
25843 5618 3452
25844 529 11913
25845 5811 5891
25846 923 4182
25847 3264 6415
25848 448 7904
25849 11270 7393
25850 1666 5161
25851 11304 8804
25852 7884 6570
25853 9363 7306
25854 9027 1733
25855 1290 2760
25856 9294 9072
25857 6689 6301
25858 7298 9285
25859 7603 8757
25860 5746 167
25861 2051 6361
25862 10402 1634
25863 5155 3780
25864 4393 3532
25865 849 4598
25866 9074 8542
25867 8081 4055
25868 5066 3581
25869 10988 4513
25870 1851 1162
25871 9854 2369
25872 4240 3262
25873 3062 2987
25874 5386 8593
25875 2496 616
25876 9705 6843
25877 9595 11181
25878 7071 4643
25879 6479 6410
25880 11227 3091
25881 75 8088
25882 3920 3554
25883 4988 1932
25884 3345 10183
25885 1905 6813
25886 1426 3795
25887 4325 8021
25888 6873 9157
25889 3001 3183
25890 2589 7512
25891 11721 3036
25892 8961 156
25893 9545 5242
25894 4867 6987
25895 278 2589
25896 5084 2547
25897 8186 3525
25898 70 1586
25899 9237 1802
25900 4399 3415
25901 1632 9862
25902 3313 9488
25903 10743 4182
25904 6311 9855
25905 846 11990
25906 11345 3684
25907 987 9520
25908 2040 7198
25909 6610 1637
25910 8771 1962
25911 1546 9512
25912 6132 5511
25913 4681 652
25914 3575 5484
25915 10996 11334
25916 3544 9644
25917 9745 8326
25918 7062 8192
25919 11838 3306
25920 8813 6845
25921 6100 9808
25922 10561 5737
25923 6382 11015
25924 9810 11049
25925 7555 3929
25926 1234 3019
25927 9040 2669
25928 8349 1226
25929 11794 6513
25930 4614 5020
25931 1475 5319
25932 350 9546
25933 7915 3040
25934 5225 11774
25935 10936 7454
25936 5913 2301
25937 10590 5133
25938 9445 3462
25939 9466 4063
25940 1769 496
25941 4995 4853
25942 11650 10398
25943 9904 7375
25944 9029 7345
25945 9952 8772
25946 6811 5602
25947 4540 1576
25948 6309 7342
25949 11637 3298
25950 6845 3103
25951 3916 11958
25952 3846 638
25953 1311 2838
25954 11173 8303
25955 7209 9412
25956 11788 8846
25957 8397 7910
25958 10900 6714
25959 461 5912
25960 9632 5236
25961 2239 11439
25962 6584 9160
25963 6641 7080
25964 6840 4504
25965 3206 9757
25966 1299 7641
25967 3167 5854
25968 3040 10379
25969 5871 9124
25970 7847 769
25971 416 4987
25972 1725 8663
25973 816 6948
25974 7187 9474
25975 5063 10308
25976 6531 1060
25977 3966 7650
25978 8913 10393
25979 5468 2792
25980 5404 3015
25981 10705 8446
25982 10824 7077
25983 1821 10328
25984 3651 42
25985 8297 4398
25986 11603 6720
25987 1983 1067
25988 1761 7956
25989 7409 1824
25990 7646 10412
25991 6231 1194
25992 11265 9322
25993 3872 4554
25994 1333 5794
25995 6952 4273
25996 400 5434
25997 5305 8824
25998 1808 11830
25999 10503 9173
26000 10708 5657
26001 8418 2857
26002 10897 9721
26003 7760 10904
26004 229 837
26005 1534 1341
26006 4158 10479
26007 6032 8127
26008 10882 7911
26009 8984 5933
26010 4898 8355
26011 8042 10089
26012 7768 442
26013 9486 4241
26014 3398 2818
26015 3243 1836
26016 5662 7180
26017 6606 2294
26018 194 10376
26019 226 468
26020 11606 2174
26021 8799 4054
26022 8482 3367
26023 7482 6605
26024 3646 1702
26025 7926 7365
26026 5098 5136
26027 5135 6128
26028 607 7026
26029 10428 1758
26030 2097 9209
26031 193 6188
26032 11315 2781
26033 3914 10122
26034 1657 11719
26035 8859 1197
26036 6956 7022
26037 11703 4842
26038 1095 4128
26039 1060 9633
26040 5913 8174
26041 9869 179
26042 5287 6520
26043 1550 10670
26044 3065 3787
26045 1736 6292
26046 5433 2200
26047 4876 8226
26048 164 11823
26049 6192 4941
26050 11513 558
26051 8131 6165
26052 1871 9048
26053 6313 5533
26054 4216 4729
26055 3077 3507
26056 3311 11972
26057 11160 597
26058 11839 6900
26059 5209 960
26060 558 11056
26061 564 11481
26062 2288 6913
26063 1084 11899
26064 6768 1192
26065 4675 2039
26066 5237 3463
26067 2844 11245
26068 1747 10118
26069 4337 5400
26070 4931 1126
26071 8821 9026
26072 644 10240
26073 10657 4622
26074 1732 3768
26075 2578 573
26076 8236 6553
26077 3557 10903
26078 9074 10048
26079 4579 3927
26080 4935 6221
26081 4403 10851
26082 4637 2748
26083 4771 2386
26084 6829 720
26085 5173 1750
26086 11610 10452
26087 9674 5366
26088 9793 8190
26089 10128 654
26090 3890 2264
26091 11529 1404
26092 8910 9750
26093 2961 2072
26094 2362 11227
26095 9645 11778
26096 11303 1778
26097 9704 6803
26098 8805 10655
26099 5990 6237
26100 2442 638
26101 10407 2868
26102 8764 8837
26103 545 4457
26104 472 4330
26105 3499 6924
26106 3535 6916
26107 1202 11925
26108 2893 11048
26109 2673 3959
26110 1825 9476
26111 5287 7250
26112 6723 5859
26113 11168 5331
26114 6604 9946
26115 5911 3225
26116 8725 9382
26117 1486 2688
26118 1832 7521
26119 11514 9007
26120 1854 3819
26121 633 7358
26122 4236 7307
26123 243 11555
26124 5976 6459
26125 3168 8758
26126 1869 8535
26127 1936 848
26128 1306 9032
26129 10312 7374
26130 6413 10236
26131 4084 10119
26132 5445 8288
26133 5332 9080
26134 8023 253
26135 2504 2240
26136 2582 7899
26137 5102 6426
26138 9435 5673
26139 2974 7584
26140 1714 3441
26141 10765 5591
26142 1248 9952
26143 7278 10463
26144 4444 11637
26145 7310 8988
26146 5525 5027
26147 4748 6831
26148 4236 4914
26149 11812 11982
26150 7336 6818
26151 11575 11405
26152 7769 4905
26153 11644 7832
26154 3663 7266
26155 10441 4694
26156 8232 2883
26157 64 2555
26158 467 9888
26159 4141 5375
26160 7609 3627
26161 9059 2984
26162 2614 11693
26163 3959 11367
26164 4510 11198
26165 6787 7811
26166 8993 10136
26167 2702 2298
26168 9470 10296
26169 6162 11135
26170 5927 7512
26171 11812 2781
26172 1295 5584
26173 7768 5169
26174 5396 10634
26175 6637 2446
26176 6376 4334
26177 6644 7538
26178 8772 11496
26179 9629 326
26180 10071 6307
26181 6587 6479
26182 10965 8737
26183 6164 9906
26184 1381 5270
26185 4434 5021
26186 9672 5187
26187 8931 11750
26188 6665 8956
26189 10741 8894
26190 1146 5409
26191 10078 8158
26192 1060 6996
26193 3361 3023
26194 6234 3322
26195 4855 6741
26196 4106 2300
26197 5280 10671
26198 660 5765
26199 858 2418
26200 2854 5503
26201 1053 11661
26202 1845 9610
26203 1208 690
26204 9441 1768
26205 2477 10045
26206 11014 7250
26207 5926 1574
26208 3680 3929
26209 6912 3226
26210 7750 449
26211 11975 9670
26212 6255 5525
26213 9591 9598
26214 1362 10586
26215 2667 6211
26216 11059 7667
26217 101 9942
26218 10248 6305
26219 1366 11757
26220 10962 1317
26221 4562 9895
26222 6505 6821
26223 2161 5937
26224 6316 778
26225 9914 1309
26226 3366 4998
26227 2122 12
26228 6656 10920
26229 4307 1579
26230 3120 7693
26231 6949 11858
26232 39 9747
26233 6704 8423
26234 10120 6053
26235 3490 3720
26236 1869 4009
26237 4554 707
26238 999 7750
26239 4940 7176
26240 291 9991
26241 7105 8385
26242 462 4318
26243 7181 10966
26244 230 8624
26245 3543 5081
26246 11492 4998
26247 2945 8130
26248 2501 4475
26249 11499 11345
26250 1740 2042
26251 11837 9008
26252 8242 8811
26253 10168 1734
26254 10416 3789
26255 5815 4121
26256 3333 7443
26257 3625 11324
26258 1349 1515
26259 6010 9578
26260 2831 10716
26261 1519 10341
26262 1248 7075
26263 642 4678
26264 8687 11291
26265 7419 5160
26266 190 1937
26267 9463 599
26268 3260 10070
26269 3848 580
26270 8693 7589
26271 9777 9342
26272 4643 7651
26273 8630 11899
26274 1730 7562
26275 1177 4982
26276 9560 5920
26277 717 6777
26278 4832 1809
26279 5222 8874
26280 981 2273
26281 10935 2464
26282 2839 816
26283 8801 1126
26284 2920 6506
26285 6529 11797
26286 122 6723
26287 11228 4450
26288 7219 6535
26289 4855 11318
26290 4712 9208
26291 6367 1240
26292 8781 10152
26293 1835 3094
26294 5565 457
26295 10102 4366
26296 4229 11464
26297 6842 11136
26298 3692 9074
26299 7137 5210
26300 8195 557
26301 110 9909
26302 9583 4453
26303 2243 10897
26304 7038 5608
26305 36 11563
26306 6530 1914
26307 5869 8016
26308 10352 8753
26309 18 111
26310 1801 3307
26311 1605 3298
26312 8150 332
26313 3220 7302
26314 6089 9757
26315 6231 9658
26316 6705 1683
26317 5575 6504
26318 9123 4870
26319 1017 4197
26320 9615 1137
26321 1248 860
26322 10885 5925
26323 831 7940
26324 4934 6447
26325 4163 11415
26326 1057 7611
26327 11261 10196
26328 7686 6251
26329 10342 6615
26330 11918 7394
26331 11308 9528
26332 6273 8497
26333 8543 4222
26334 4924 10288
26335 5538 5008
26336 10237 7061
26337 9535 7186
26338 9778 9501
26339 4741 11056
26340 811 3797
26341 3100 9551
26342 7142 9604
26343 7609 10119
26344 4465 5880
26345 1734 2795
26346 7469 1456
26347 4339 5131
26348 3539 9547
26349 11378 5685
26350 11427 349
26351 5019 4057
26352 2435 10668
26353 6594 5227
26354 5197 7478
26355 4340 2388
26356 11666 670
26357 9925 11804
26358 7833 7798
26359 6425 9290
26360 6794 11396
26361 3263 5355
26362 11957 8858
26363 3682 1379
26364 6292 9956
26365 3267 11637
26366 2237 927
26367 289 10008
26368 9729 11225
26369 9247 8647
26370 875 9825
26371 10697 6398
26372 8733 516
26373 11391 6529
26374 1412 8519
26375 4369 10758
26376 4982 9615
26377 4617 7535
26378 1511 3645
26379 2415 6346
26380 9903 8442
26381 1840 6401
26382 347 611
26383 8228 4849
26384 7516 2158
26385 5353 1568
26386 6593 4473
26387 6987 2996
26388 3588 566
26389 9445 5291
26390 10771 11544
26391 2050 2347
26392 9301 8712
26393 2586 6189
26394 2352 8216
26395 5225 10619
26396 54 7586
26397 7409 2974
26398 420 4197
26399 6363 11287
26400 9800 4187
26401 5502 11854
26402 11237 11383
26403 5123 10462
26404 6463 1078
26405 11301 1717
26406 11960 8295
26407 11845 10569
26408 4423 5027
26409 2482 693
26410 9948 3299
26411 7108 10469
26412 1555 4482
26413 1140 6983
26414 5329 4364
26415 9180 5833
26416 2585 6844
26417 7789 3205
26418 8569 7049
26419 2791 3198
26420 11260 5705
26421 4667 6665
26422 4694 4387
26423 3506 3807
26424 211 511
26425 1357 4415
26426 3738 9969
26427 11966 1008
26428 3363 11321
26429 4327 2135
26430 2014 9734
26431 11425 448
26432 7582 49
26433 7267 9161
26434 3085 9028
26435 7094 4054
26436 25 4781
26437 11743 1620
26438 10696 94
26439 3844 10122
26440 2993 9337
26441 10170 8367
26442 3718 1766
26443 2293 5893
26444 892 3513
26445 9367 5696
26446 11625 25
26447 2440 4118
26448 4284 510
26449 6206 10075
26450 5313 23
26451 8996 2865
26452 9003 3762
26453 7451 1356
26454 10725 11539
26455 7671 247
26456 7881 1226
26457 6070 4363
26458 2824 99
26459 6046 5670
26460 5560 10321
26461 4836 2343
26462 6059 5563
26463 3376 2309
26464 9907 5749
26465 3541 11144
26466 2988 2322
26467 4612 5605
26468 3412 9492
26469 9927 11785
26470 8636 9547
26471 11587 8631
26472 5196 8283
26473 1758 6609
26474 9343 10496
26475 4453 7466
26476 11977 6478
26477 2022 1966
26478 5523 9411
26479 4776 5086
26480 4573 2818
26481 7098 6279
26482 6281 936
26483 674 4516
26484 10926 5475
26485 3204 1837
26486 5003 6783
26487 11826 1466
26488 3408 4000
26489 851 2492
26490 5146 611
26491 5107 1890
26492 5888 5993
26493 6128 4872
26494 7987 2665
26495 10780 5972
26496 1603 9578
26497 7386 701
26498 7406 6167
26499 11900 1550
26500 2046 9177
26501 9533 9875
26502 11594 4228
26503 530 6617
26504 4824 1725
26505 8328 4617
26506 8964 4894
26507 5305 480
26508 11590 1395
26509 3886 4960
26510 4365 10830
26511 11887 3106
26512 2657 1011
26513 7321 7658
26514 11819 7452
26515 3240 6044
26516 6279 8614
26517 4855 9470
26518 824 7487
26519 4892 6931
26520 4474 7641
26521 9299 2011
26522 9935 10732
26523 6560 10753
26524 4722 9759
26525 7917 108
26526 4455 1561
26527 6262 2324
26528 6572 8866
26529 8779 6079
26530 1177 691
26531 5858 8159
26532 1556 10512
26533 6613 1093
26534 11973 3667
26535 2707 3876
26536 2217 5585
26537 1865 10726
26538 10661 4571
26539 6237 11775
26540 9933 10920
26541 1040 4531
26542 2465 2895
26543 4290 5648
26544 10037 9728
26545 1573 5559
26546 1036 1665
26547 984 2315
26548 1584 10153
26549 4254 4360
26550 2827 8146
26551 8643 3632
26552 3593 9096
26553 5801 9142
26554 1039 10121
26555 4159 6463
26556 364 173
26557 6583 11201
26558 4746 7554
26559 5075 696
26560 9783 4252
26561 7195 9102
26562 11722 2534
26563 9001 7087
26564 7597 1904
26565 2818 5385
26566 2956 11407
26567 9251 4980
26568 5543 11238
26569 4896 5949
26570 4704 997
26571 7173 5576
26572 11964 4604
26573 97 3277
26574 3121 11999
26575 1859 8410
26576 9052 6121
26577 2416 10305
26578 6159 4365
26579 10930 1922
26580 3861 4338
26581 1011 8084
26582 8544 9747
26583 6271 6937
26584 461 9847
26585 8193 11658
26586 2276 6914
26587 6465 7632
26588 1252 4393
26589 2400 11493
26590 4460 7343
26591 2731 2524
26592 7122 2617
26593 9486 2022
26594 9063 9704
26595 11858 975
26596 1548 557
26597 5282 4346
26598 10575 6529
26599 3230 3083
26600 3972 1499
26601 11756 10969
26602 8755 11605
26603 310 9319
26604 11973 10364
26605 666 11680
26606 1687 9391
26607 7395 11482
26608 5839 4786
26609 11065 3816
26610 559 10285
26611 10661 1417
26612 7825 98
26613 3193 2012
26614 10016 438
26615 557 11946
26616 7255 11155
26617 11791 11633
26618 8997 8058
26619 10761 5521
26620 11800 8698
26621 616 8484
26622 2329 4927
26623 7244 361
26624 9328 7154
26625 11661 2443
26626 11056 5762
26627 182 4779
26628 10005 11245
26629 2514 8337
26630 7062 4292
26631 9730 93
26632 10487 10484
26633 4450 9679
26634 9464 6238
26635 7437 9055
26636 785 3585
26637 5779 6922
26638 941 11940
26639 9394 10239
26640 4602 9768
26641 2748 7594
26642 9265 4675
26643 5583 11903
26644 3050 8258
26645 518 9287
26646 9744 7128
26647 3856 8869
26648 1674 5096
26649 7810 6152
26650 1031 10774
26651 9839 5824
26652 10625 2158
26653 1734 1879
26654 10204 182
26655 859 3526
26656 1212 6296
26657 10347 5621
26658 10787 9163
26659 10048 2005
26660 7243 11756
26661 3475 11343
26662 11224 5822
26663 10449 9783
26664 2146 3478
26665 3801 11744
26666 11464 1544
26667 4954 7326
26668 9894 6921
26669 9290 3600
26670 3798 7307
26671 11458 5509
26672 11560 1504
26673 11324 4255
26674 3677 677
26675 7224 7632
26676 4748 2064
26677 10228 6113
26678 10623 3841
26679 6479 1371
26680 5510 1975
26681 10255 6811
26682 10283 10241
26683 1218 1837
26684 5256 10204
26685 1413 9540
26686 1541 2124
26687 9286 3445
26688 10326 11789
26689 5085 7903
26690 9106 4297
26691 10929 9648
26692 8786 8190
26693 8861 2179
26694 4876 7816
26695 10158 67
26696 10637 11007
26697 6013 10998
26698 6326 3168
26699 7969 1122
26700 3583 1604
26701 11156 8939
26702 7746 2019
26703 8626 10898
26704 3588 8020
26705 6549 2179
26706 5298 2782
26707 604 1354
26708 3636 5705
26709 4943 8075
26710 9388 7834
26711 635 2135
26712 634 809
26713 6330 6856
26714 11554 8519
26715 3823 8986
26716 10680 2449
26717 8022 908
26718 10254 5906
26719 8923 11289
26720 6878 3663
26721 97 11958
26722 7670 10755
26723 9726 1749
26724 1538 7030
26725 10030 6117
26726 667 4749
26727 7445 1570
26728 121 511
26729 5881 1926
26730 5296 592
26731 10988 5952
26732 3998 312
26733 8200 2646
26734 4565 11656
26735 9565 5168
26736 9581 1256
26737 1877 4404
26738 10329 6208
26739 1442 758
26740 1064 10237
26741 647 5885
26742 1587 4339
26743 8732 10660
26744 1093 1685
26745 3264 11808
26746 1583 8844
26747 1469 8478
26748 915 84
26749 7410 8871
26750 11894 7828
26751 11661 5799
26752 8621 8071
26753 6810 5526
26754 4936 3779
26755 6830 614
26756 2348 4740
26757 9114 9724
26758 5341 7695
26759 5789 9135
26760 1458 1432
26761 1062 8492
26762 7020 8330
26763 6159 2567
26764 9689 2666
26765 10283 1545
26766 4030 6195
26767 7793 9960
26768 4110 3906
26769 2013 8656
26770 5209 5140
26771 712 11123
26772 1159 189
26773 5355 10360
26774 5328 5254
26775 11484 6485
26776 817 1812
26777 6167 8995
26778 3319 9739
26779 5617 6115
26780 1885 10406
26781 10439 7801
26782 8958 4623
26783 7323 6664
26784 11312 7497
26785 2872 8567
26786 10023 880
26787 2216 3351
26788 11784 4381
26789 5693 6659
26790 6689 465
26791 11838 3860
26792 3026 9079
26793 2172 3772
26794 9795 11097
26795 10590 254
26796 4773 9529
26797 2710 10964
26798 8097 67
26799 3892 2939
26800 10757 11208
26801 1845 758
26802 1159 1090
26803 680 5121
26804 4591 1016
26805 2856 7746
26806 3800 3596
26807 3249 11092
26808 10585 10804
26809 2100 146
26810 3121 11855
26811 7322 11200
26812 4400 6306
26813 4282 7926
26814 6327 10313
26815 1825 1741
26816 6475 8582
26817 11566 6496
26818 5968 11573
26819 3173 9215
26820 11601 5480
26821 4228 10063
26822 2501 1749
26823 9492 5963
26824 9611 6374
26825 5557 8963
26826 4998 8702
26827 7596 6732
26828 1520 4458
26829 5366 1898
26830 1274 8755
26831 8902 11683
26832 7569 11385
26833 10961 7458
26834 4634 11954
26835 6140 7883
26836 9761 9543
26837 4965 9333
26838 6226 2732
26839 6688 1693
26840 2497 9964
26841 10049 2058
26842 8496 6494
26843 7437 10951
26844 4285 543
26845 7455 6290
26846 1223 2483
26847 5910 10689
26848 2400 3998
26849 4813 9195
26850 8837 6711
26851 1962 1018
26852 1591 8397
26853 282 3876
26854 331 7337
26855 9418 9002
26856 1029 9206
26857 1687 6160
26858 6892 11803
26859 2699 3854
26860 4492 1120
26861 3097 1235
26862 4948 9798
26863 6748 603
26864 2917 11356
26865 8051 3280
26866 10276 2192
26867 4345 1271
26868 8007 3491
26869 6458 4010
26870 5278 359
26871 408 6426
26872 6325 10269
26873 10982 1096
26874 5367 7454
26875 3589 10590
26876 5596 5258
26877 6855 9777
26878 7993 3580
26879 4612 7152
26880 5277 3859
26881 5730 1118
26882 9309 2298
26883 6686 7424
26884 10764 6280
26885 7634 5955
26886 8370 2352
26887 4406 751
26888 5546 10992
26889 3181 5030
26890 10792 11263
26891 2734 7744
26892 7509 3003
26893 11515 10376
26894 9870 11794
26895 4447 9996
26896 9629 5804
26897 11955 11228
26898 9826 9110
26899 10081 9898
26900 5015 2002
26901 2762 8301
26902 9825 2314
26903 9066 3775
26904 3016 11536
26905 8446 11080
26906 9754 7411
26907 2444 3872
26908 10892 11415
26909 5935 3306
26910 3672 3824
26911 3417 1576
26912 4405 10626
26913 5758 5180
26914 10109 2416
26915 10437 4497
26916 6957 2368
26917 10987 336
26918 11645 11853
26919 9452 8574
26920 11932 700
26921 11636 2218
26922 852 3766
26923 3282 10392
26924 2126 2281
26925 4209 5842
26926 1678 10788
26927 9753 11858
26928 7319 7946
26929 4617 1477
26930 1582 11780
26931 806 5406
26932 3098 7891
26933 5589 3829
26934 7612 10557
26935 8263 8949
26936 7897 1237
26937 6365 9906
26938 7948 371
26939 4221 11968
26940 8063 3607
26941 7029 8089
26942 11702 10678
26943 7330 9158
26944 8394 11385
26945 2586 5649
26946 5411 1404
26947 11340 11048
26948 3974 5646
26949 10446 4854
26950 615 400
26951 445 3296
26952 5113 232
26953 2228 10307
26954 10545 2676
26955 430 11707
26956 10888 11840
26957 2735 1116
26958 7300 7564
26959 7484 7996
26960 1794 7458
26961 617 11724
26962 11835 9908
26963 2708 6448
26964 1040 4027
26965 5298 10238
26966 9341 6779
26967 7233 5640
26968 4010 10461
26969 6562 3620
26970 11686 4087
26971 5498 562
26972 4073 4752
26973 7830 3502
26974 9702 2811
26975 910 382
26976 6171 330
26977 1654 2068
26978 11826 8021
26979 7357 2301
26980 10768 8913
26981 1810 1800
26982 6596 337
26983 2454 5097
26984 9409 9985
26985 6626 6947
26986 10739 9732
26987 6632 9522
26988 3398 2923
26989 8302 9437
26990 1336 7428
26991 8877 1545
26992 9748 11774
26993 10469 1734
26994 957 983
26995 9993 9606
26996 1552 9140
26997 6343 11099
26998 11074 10784
26999 10985 2404
27000 27 10482
27001 8456 5585
27002 1695 9219
27003 6951 5496
27004 2230 9642
27005 4663 297
27006 4841 9358
27007 8024 11792
27008 499 3465
27009 383 6858
27010 1468 1628
27011 11324 964
27012 7471 5288
27013 9709 3814
27014 636 1498
27015 4240 8252
27016 6988 8191
27017 11969 6794
27018 801 6607
27019 6731 7423
27020 7651 1748
27021 7225 1728
27022 5196 9918
27023 7131 11408
27024 2327 7401
27025 10771 1093
27026 9052 4170
27027 2317 5966
27028 4257 2403
27029 3609 8754
27030 11607 8759
27031 10152 527
27032 476 7949
27033 2647 1736
27034 11750 11762
27035 5105 10348
27036 9943 10
27037 11193 10874
27038 4552 7271
27039 11666 10818
27040 11522 10753
27041 83 4709
27042 1195 6854
27043 2902 7310
27044 5691 6189
27045 9975 8279
27046 6507 9903
27047 11033 9127
27048 9625 621
27049 7840 6675
27050 3636 1653
27051 4085 6442
27052 1920 6042
27053 11842 10324
27054 11814 10928
27055 3742 6116
27056 1986 6030
27057 2190 9773
27058 8833 6540
27059 4886 5095
27060 1175 767
27061 2891 7884
27062 9091 8490
27063 2008 957
27064 11033 2311
27065 4388 1748
27066 8982 2147
27067 3207 1566
27068 6153 2609
27069 9961 2708
27070 3318 4170
27071 360 6625
27072 5095 7564
27073 5971 6859
27074 4082 1159
27075 7911 5412
27076 3347 11241
27077 10765 8248
27078 6124 7622
27079 11292 7304
27080 4902 11836
27081 5023 603
27082 3934 4277
27083 4414 5338
27084 5165 10690
27085 9083 5242
27086 10431 5983
27087 8414 739
27088 2590 5086
27089 4319 10438
27090 8018 4551
27091 5065 5499
27092 8848 4124
27093 2357 10642
27094 11540 275
27095 5774 980
27096 2773 5494
27097 6653 4156
27098 2464 5297
27099 4512 3041
27100 1379 2820
27101 2705 8389
27102 3248 5652
27103 11995 8036
27104 1951 3358
27105 231 44
27106 2667 8609
27107 6597 1276
27108 601 11579
27109 875 722
27110 26 9325
27111 5829 1081
27112 5584 9470
27113 10043 11299
27114 11918 11917
27115 1555 7980
27116 7482 3269
27117 8594 2504
27118 7094 10238
27119 11351 5864
27120 224 1072
27121 8877 11751
27122 1288 8157
27123 7823 5868
27124 3711 2832
27125 4752 2905
27126 3630 3930
27127 640 2797
27128 7212 10918
27129 4538 157
27130 8255 3075
27131 4170 4890
27132 4474 2171
27133 1894 11627
27134 11657 8825
27135 4702 140
27136 6491 10281
27137 3067 6576
27138 8411 11236
27139 7184 1926
27140 8304 10389
27141 7150 7842
27142 3149 3673
27143 2635 8306
27144 1484 1557
27145 13 6560
27146 7577 2696
27147 8033 8774
27148 792 6108
27149 11930 10708
27150 2590 4007
27151 9496 8010
27152 4260 8658
27153 5705 4102
27154 2023 2579
27155 8789 9565
27156 11053 8974
27157 1256 3107
27158 6467 3331
27159 8524 5308
27160 11607 5424
27161 655 4356
27162 117 3964
27163 8382 11687
27164 10729 2406
27165 4469 1483
27166 6669 812
27167 3219 10449
27168 5085 4862
27169 565 11115
27170 5551 837
27171 11929 7434
27172 5096 7889
27173 3851 9494
27174 1912 3895
27175 9344 7217
27176 7303 11764
27177 4214 2161
27178 1337 2518
27179 3911 11382
27180 6913 611
27181 101 7501
27182 3827 10226
27183 10096 2806
27184 8630 5974
27185 178 2842
27186 5494 8258
27187 11557 11763
27188 9398 933
27189 3942 8929
27190 9788 9419
27191 9698 3174
27192 5879 7776
27193 6105 1700
27194 7175 11681
27195 11449 438
27196 8495 9568
27197 8813 4732
27198 11114 1199
27199 7410 1577
27200 6441 9207
27201 2302 6106
27202 9094 9812
27203 8744 3968
27204 4617 4455
27205 10549 8889
27206 9869 615
27207 9662 4492
27208 3646 992
27209 1008 27
27210 10974 8397
27211 8112 8161
27212 53 6025
27213 8804 11712
27214 5049 4180
27215 1674 3390
27216 1553 11225
27217 9675 9936
27218 256 3007
27219 11316 6626
27220 5643 6263
27221 209 5129
27222 1038 926
27223 1197 7527
27224 2243 2901
27225 8773 6240
27226 2451 1564
27227 4030 3984
27228 10869 5229
27229 2707 9253
27230 10894 4232
27231 10270 2032
27232 1743 11686
27233 3577 1811
27234 2091 10951
27235 5502 9994
27236 7735 6700
27237 3801 4502
27238 6616 5080
27239 3824 401
27240 7209 2058
27241 2395 8650
27242 11953 3094
27243 2806 10831
27244 4445 11516
27245 3814 196
27246 359 5322
27247 553 11133
27248 2021 8363
27249 3633 10424
27250 1048 7936
27251 11668 4529
27252 2341 2533
27253 5624 10926
27254 11662 2515
27255 280 7196
27256 11139 2933
27257 9229 11249
27258 2408 2844
27259 6429 7640
27260 187 5517
27261 2429 2897
27262 340 8527
27263 7897 1124
27264 5959 7398
27265 10042 3342
27266 4380 4985
27267 8948 10453
27268 6166 9587
27269 11832 9071
27270 1201 4068
27271 11032 1371
27272 8267 5148
27273 1180 8803
27274 3250 11683
27275 10207 11970
27276 6980 3742
27277 8487 9884
27278 7517 3118
27279 7724 3885
27280 2588 10368
27281 4284 4563
27282 1482 3582
27283 2930 3400
27284 9715 7531
27285 2814 11681
27286 4087 10772
27287 8738 5034
27288 4118 9367
27289 9465 11047
27290 6234 4702
27291 5003 2795
27292 7041 7307
27293 10461 11203
27294 4184 11876
27295 1556 4453
27296 230 1685
27297 943 9083
27298 11000 782
27299 4931 10025
27300 1008 1377
27301 7009 1530
27302 5301 45
27303 11759 2818
27304 8895 10067
27305 11737 1862
27306 358 7034
27307 1438 11647
27308 73 5609
27309 8993 8695
27310 2398 6901
27311 4504 7157
27312 2507 5802
27313 5371 8690
27314 3776 5550
27315 9731 8191
27316 2262 1144
27317 1986 9475
27318 10467 6925
27319 6468 7235
27320 10253 8881
27321 6177 332
27322 8618 4439
27323 7292 2803
27324 4286 2165
27325 1316 2685
27326 4202 5396
27327 5232 7259
27328 7415 4729
27329 7243 2313
27330 6949 11380
27331 8512 10895
27332 8088 7615
27333 2278 2522
27334 856 2328
27335 11365 6072
27336 6802 4303
27337 10247 2863
27338 6780 3645
27339 527 8902
27340 3278 11195
27341 6976 9895
27342 9865 1661
27343 5876 2448
27344 9333 4780
27345 10276 2353
27346 6688 3688
27347 4272 9436
27348 10920 3615
27349 70 1746
27350 1565 3949
27351 2616 1887
27352 4977 4477
27353 11471 668
27354 7059 6021
27355 9300 2699
27356 1073 1575
27357 2720 3767
27358 3672 4438
27359 9462 7623
27360 3811 7410
27361 8931 3298
27362 3773 884
27363 3491 6552
27364 1468 8965
27365 7886 10495
27366 255 7872
27367 588 7617
27368 9295 6566
27369 7323 994
27370 10824 2706
27371 8105 10701
27372 770 5291
27373 11513 7152
27374 9949 701
27375 6092 2384
27376 2531 6803
27377 3237 8526
27378 660 7678
27379 10076 5277
27380 173 4783
27381 10796 11708
27382 8492 3105
27383 6051 448
27384 5638 7413
27385 9887 11074
27386 5869 2205
27387 5170 45
27388 4185 748
27389 191 9836
27390 7985 2554
27391 8521 5527
27392 2875 10344
27393 8427 2924
27394 10807 6026
27395 10977 4675
27396 7793 9871
27397 1790 1856
27398 4892 2653
27399 2151 4649
27400 8364 9143
27401 3056 4514
27402 11541 6824
27403 9154 10941
27404 1632 3069
27405 459 5204
27406 8287 598
27407 11909 2578
27408 2832 9146
27409 9006 2630
27410 8057 8802
27411 10019 3671
27412 4202 11618
27413 7878 8431
27414 9219 11415
27415 2148 9597
27416 2610 8602
27417 7573 11455
27418 9827 8009
27419 7568 3911
27420 5983 3879
27421 8392 586
27422 5850 3265
27423 70 7826
27424 8193 7914
27425 4166 6076
27426 10812 5546
27427 6746 6247
27428 3080 10163
27429 717 11861
27430 2215 7757
27431 4297 10096
27432 11948 961
27433 7154 6960
27434 11255 8104
27435 8742 9274
27436 10168 3620
27437 11641 5277
27438 7696 3138
27439 3801 5859
27440 81 6814
27441 1429 6941
27442 8876 9858
27443 9113 10561
27444 6917 3979
27445 6458 3292
27446 8845 973
27447 374 6351
27448 10075 275
27449 6777 5040
27450 9658 7519
27451 522 5672
27452 1039 4662
27453 10957 8786
27454 11199 1131
27455 11395 7737
27456 311 7071
27457 6276 8825
27458 11551 2287
27459 3880 11485
27460 8048 8791
27461 1337 3463
27462 4715 11001
27463 5073 6142
27464 11072 731
27465 9226 973
27466 11850 11768
27467 740 4450
27468 9449 1648
27469 6373 2553
27470 5476 1658
27471 9973 9923
27472 5894 10880
27473 1733 34
27474 11884 10667
27475 8157 2627
27476 10560 9344
27477 755 7812
27478 2804 1233
27479 10051 415
27480 11434 7253
27481 9006 6834
27482 2534 6265
27483 7229 11858
27484 11455 9061
27485 11625 11841
27486 8051 1071
27487 9843 9991
27488 3340 11532
27489 1610 7218
27490 9900 2938
27491 1884 167
27492 9088 11496
27493 4377 10943
27494 8727 11402
27495 9636 9354
27496 9691 3966
27497 6678 8635
27498 101 4854
27499 1855 3656
27500 408 4830
27501 5152 7976
27502 10561 11946
27503 2669 3556
27504 1063 3450
27505 431 6960
27506 3679 4483
27507 6350 8783
27508 8475 5391
27509 9682 7823
27510 11119 10011
27511 8519 8480
27512 5745 8964
27513 116 6600
27514 5568 7738
27515 9208 138
27516 7709 8035
27517 9068 4674
27518 434 8723
27519 10419 8894
27520 3915 4514
27521 7798 1047
27522 9735 5027
27523 1736 11682
27524 9367 1693
27525 2602 8222
27526 2616 5077
27527 1156 485
27528 4215 21
27529 1530 3540
27530 810 2522
27531 11390 3469
27532 1253 152
27533 9587 8365
27534 11994 11752
27535 1347 4439
27536 10064 9417
27537 11271 5412
27538 2860 7847
27539 11620 11129
27540 536 594
27541 4860 4201
27542 7680 4408
27543 5758 10326
27544 4426 909
27545 4485 7551
27546 5635 7973
27547 1135 6581
27548 168 976
27549 8185 9549
27550 1533 1760
27551 6885 7079
27552 9277 8233
27553 5286 2293
27554 2174 9639
27555 3328 6959
27556 7361 11138
27557 1546 5590
27558 8917 10950
27559 9304 7111
27560 8158 10637
27561 9256 10398
27562 8069 5959
27563 1791 11399
27564 10144 11592
27565 8370 5448
27566 5910 3974
27567 6423 9591
27568 5840 7955
27569 1154 7501
27570 3461 4687
27571 7983 6534
27572 7690 10384
27573 3170 4090
27574 2609 2998
27575 3563 7369
27576 3260 3600
27577 8130 9127
27578 8248 11155
27579 7497 6432
27580 4967 8100
27581 4458 9036
27582 1861 4430
27583 2371 155
27584 3459 9847
27585 9750 6075
27586 9416 295
27587 2333 7056
27588 11962 2214
27589 6626 8008
27590 1202 4945
27591 3073 11633
27592 10923 6369
27593 4415 6891
27594 10011 7816
27595 4182 10875
27596 10261 2586
27597 11965 2351
27598 168 9167
27599 5450 3321
27600 10028 984
27601 4851 1492
27602 10181 5269
27603 3133 7466
27604 5268 6564
27605 1862 5790
27606 842 572
27607 3194 8841
27608 6503 10381
27609 7111 6314
27610 8242 7695
27611 6459 3138
27612 9115 8968
27613 1007 11031
27614 2988 4334
27615 3417 10671
27616 534 11937
27617 5382 3545
27618 5935 2958
27619 10123 6217
27620 3045 787
27621 11527 11866
27622 4909 1720
27623 2437 6502
27624 8048 2794
27625 6329 8978
27626 60 1280
27627 121 10642
27628 6709 8225
27629 3154 7848
27630 1604 734
27631 2251 2749
27632 11100 8929
27633 7133 11609
27634 8306 8738
27635 2578 1993
27636 5317 747
27637 6835 4976
27638 2385 6564
27639 3987 3736
27640 6537 6177
27641 1767 11765
27642 11083 4152
27643 8401 406
27644 7069 10698
27645 7241 7904
27646 8099 4435
27647 1350 7075
27648 6780 8655
27649 2243 3744
27650 6771 5993
27651 4411 11461
27652 3191 6428
27653 5241 2341
27654 1268 4646
27655 11281 513
27656 10222 9046
27657 1865 8012
27658 4801 552
27659 3713 7580
27660 9992 6193
27661 10002 1201
27662 5053 4745
27663 10501 4777
27664 1937 10213
27665 11252 11336
27666 7553 720
27667 7758 5927
27668 10911 9330
27669 4887 918
27670 4286 10916
27671 1962 6033
27672 5352 3814
27673 4581 4744
27674 8585 2073
27675 4480 4151
27676 8209 1934
27677 6662 678
27678 10379 2412
27679 8254 1231
27680 2108 5314
27681 10737 3128
27682 5904 4000
27683 10558 8304
27684 679 2497
27685 10749 2845
27686 8463 132
27687 7207 8092
27688 95 3154
27689 1464 9088
27690 565 8454
27691 5480 4840
27692 6798 3749
27693 2572 5224
27694 11567 2475
27695 11534 10821
27696 2552 7447
27697 11945 122
27698 9650 5142
27699 10922 11126
27700 10158 6802
27701 9756 10700
27702 7803 4497
27703 5532 7327
27704 489 5428
27705 3293 3649
27706 741 405
27707 4522 1395
27708 2918 1201
27709 2729 7830
27710 701 9061
27711 5166 11127
27712 1820 6550
27713 4757 8902
27714 1672 642
27715 7658 187
27716 11138 128
27717 8283 2114
27718 8913 10217
27719 3369 4633
27720 10691 4409
27721 10330 8807
27722 4987 6262
27723 2644 6363
27724 10451 4170
27725 8153 9090
27726 2988 550
27727 9576 4204
27728 10280 1986
27729 2747 7264
27730 311 4234
27731 11425 9614
27732 522 7567
27733 5348 7309
27734 7288 8494
27735 312 10265
27736 1750 892
27737 10872 1513
27738 2003 7003
27739 8375 1236
27740 9330 4132
27741 6712 11941
27742 9556 6908
27743 10540 7930
27744 8479 11013
27745 7115 7558
27746 2350 971
27747 11166 3024
27748 589 10173
27749 1165 2316
27750 6359 754
27751 4670 2303
27752 6516 964
27753 2012 5720
27754 2072 3760
27755 3927 4251
27756 3726 11860
27757 2582 8817
27758 9688 4810
27759 6288 5934
27760 3388 783
27761 9121 8285
27762 11361 2756
27763 2636 3806
27764 6467 1167
27765 5703 4791
27766 7020 9757
27767 5590 10535
27768 9614 8017
27769 5523 10350
27770 10665 1707
27771 6382 5136
27772 15 8816
27773 11451 8351
27774 458 11827
27775 8414 11904
27776 1161 302
27777 2397 11279
27778 11404 5999
27779 5689 447
27780 10009 8123
27781 4515 31
27782 2970 5907
27783 6251 2147
27784 5591 8954
27785 11414 539
27786 27 1523
27787 4843 1444
27788 1924 5403
27789 6624 11724
27790 2760 2938
27791 2319 9426
27792 1952 4617
27793 5066 11170
27794 7432 1845
27795 387 10212
27796 5615 8029
27797 9788 9175
27798 805 102
27799 2859 11173
27800 1304 9416
27801 9220 2143
27802 10512 1004
27803 2755 10970
27804 4094 2884
27805 6185 8078
27806 11210 1162
27807 3205 1003
27808 414 3627
27809 9930 793
27810 2017 1926
27811 5378 1943
27812 2591 10454
27813 1007 11558
27814 9131 548
27815 1938 11380
27816 6757 10445
27817 6663 2130
27818 9813 11975
27819 4716 2072
27820 8827 2254
27821 5692 2077
27822 11577 2844
27823 942 4782
27824 3060 5369
27825 182 3214
27826 909 5418
27827 4148 7959
27828 4943 1330
27829 8240 4067
27830 5789 7009
27831 3195 6573
27832 6391 5355
27833 1064 2185
27834 109 6210
27835 4886 9755
27836 3836 2733
27837 6763 1018
27838 5974 2491
27839 8270 6262
27840 9605 2473
27841 403 4281
27842 8763 552
27843 8052 8985
27844 10991 8805
27845 2734 7361
27846 11469 11340
27847 10683 1169
27848 3387 3933
27849 3457 126
27850 8905 1080
27851 1904 6853
27852 3089 6117
27853 5546 986
27854 5259 1855
27855 4330 11461
27856 7499 11441
27857 9927 4886
27858 7425 5108
27859 11429 9626
27860 1338 9735
27861 4737 10915
27862 10035 5128
27863 7106 1852
27864 1038 1428
27865 3825 3168
27866 7167 2687
27867 2108 3474
27868 785 2724
27869 6798 6539
27870 10901 1483
27871 7171 7273
27872 8035 33
27873 1546 9777
27874 6621 2334
27875 5905 10922
27876 5402 2760
27877 4672 865
27878 4045 8683
27879 2103 11897
27880 5176 5552
27881 5897 5158
27882 11570 9472
27883 1073 8688
27884 6417 1054
27885 639 8317
27886 6468 3657
27887 2624 269
27888 889 1603
27889 6356 5786
27890 9912 8615
27891 11983 5107
27892 11785 6768
27893 11658 1758
27894 6911 11125
27895 7728 3735
27896 6061 11983
27897 7069 3796
27898 6474 1389
27899 3996 5824
27900 4655 11935
27901 7847 6766
27902 315 11283
27903 7115 11785
27904 1542 1717
27905 7460 7758
27906 11217 1817
27907 9306 110
27908 6353 765
27909 2063 4570
27910 3428 750
27911 4060 9225
27912 3216 11538
27913 4270 3862
27914 2062 2535
27915 10182 9618
27916 5748 11276
27917 2120 3248
27918 8862 6912
27919 2190 10360
27920 5169 9181
27921 2784 1663
27922 1932 3542
27923 5536 8770
27924 4941 3787
27925 3476 11916
27926 8511 4571
27927 5845 5535
27928 2236 11968
27929 3610 950
27930 7718 1934
27931 641 2955
27932 6259 9645
27933 9131 7660
27934 4610 2024
27935 7797 678
27936 6082 8908
27937 1780 6170
27938 8226 11692
27939 7942 4255
27940 2639 676
27941 7441 7177
27942 6106 1922
27943 5706 6799
27944 2209 1650
27945 6393 1611
27946 260 9150
27947 9015 325
27948 6496 1848
27949 5654 2135
27950 8207 450
27951 1599 1932
27952 3906 5374
27953 7754 820
27954 8781 10681
27955 607 296
27956 1226 11752
27957 3999 8337
27958 9401 11575
27959 4808 6075
27960 9998 3082
27961 6105 11155
27962 11851 3784
27963 11540 9948
27964 1936 7762
27965 1079 662
27966 2090 5277
27967 9552 6668
27968 1866 7856
27969 6144 11815
27970 8819 9275
27971 4586 8960
27972 11578 11236
27973 6464 11914
27974 5279 8663
27975 3832 10583
27976 3306 4782
27977 6992 7903
27978 1073 82
27979 623 1945
27980 10247 9521
27981 3308 3465
27982 5194 3527
27983 2048 4316
27984 6659 10532
27985 10309 4495
27986 10718 11980
27987 2592 11039
27988 9915 1914
27989 171 8071
27990 9716 2600
27991 3066 11194
27992 11327 7755
27993 374 1185
27994 8043 1480
27995 417 3405
27996 6266 5325
27997 10041 6910
27998 2341 7188
27999 1660 7270
28000 590 3931
28001 11930 824
28002 11601 7275
28003 3690 3042
28004 1542 5979
28005 8648 4269
28006 5316 8392
28007 7478 9042
28008 1076 2715
28009 9724 3468
28010 2615 6465
28011 4330 7029
28012 6800 914
28013 3804 604
28014 9965 2411
28015 2042 7379
28016 2440 11877
28017 8156 9679
28018 11736 1810
28019 7854 11854
28020 4797 1819
28021 1639 8062
28022 4337 6320
28023 7985 8913
28024 3608 11470
28025 4939 7141
28026 5166 1838
28027 9159 8721
28028 6001 5482
28029 8835 6190
28030 4095 5987
28031 4421 2150
28032 11061 5219
28033 4670 10497
28034 1327 1593
28035 762 7162
28036 641 10195
28037 7081 11675
28038 1224 9558
28039 2553 2340
28040 7900 5181
28041 9251 6799
28042 1960 5928
28043 1922 1016
28044 8897 5549
28045 4931 120
28046 11671 8734
28047 10500 1785
28048 833 2810
28049 10790 9443
28050 5142 8075
28051 7806 4643
28052 4476 3023
28053 5315 3730
28054 2874 11700
28055 6763 8551
28056 5191 5459
28057 7935 5952
28058 3649 9807
28059 4587 340
28060 7396 8419
28061 9213 10703
28062 2872 7206
28063 10535 5933
28064 8929 11122
28065 10162 9433
28066 8654 6474
28067 3460 3536
28068 1210 2397
28069 5708 3303
28070 4146 7686
28071 8341 5274
28072 2670 10658
28073 11908 9421
28074 7228 5788
28075 5665 3588
28076 11666 230
28077 11164 8501
28078 7111 9783
28079 11824 9836
28080 27 2933
28081 7165 1741
28082 86 2776
28083 11497 283
28084 6217 6161
28085 724 6016
28086 8719 2782
28087 7218 6253
28088 5735 11157
28089 4897 8984
28090 7187 6816
28091 1766 776
28092 11974 6668
28093 2650 991
28094 2687 6261
28095 5251 5527
28096 4032 2603
28097 7417 9400
28098 109 5691
28099 6599 8842
28100 9900 8992
28101 4726 10338
28102 2909 293
28103 205 6800
28104 1127 7736
28105 2181 107
28106 11649 3290
28107 3625 11683
28108 3581 907
28109 8833 7204
28110 10799 11635
28111 9866 6366
28112 2625 9416
28113 11975 9583
28114 7785 7357
28115 1390 1197
28116 7493 10235
28117 11562 9683
28118 9554 8603
28119 1258 11924
28120 2895 1242
28121 11492 5478
28122 699 7828
28123 2237 9244
28124 7902 4105
28125 11517 5102
28126 3035 2658
28127 10452 3965
28128 10135 493
28129 5533 902
28130 7307 3052
28131 10696 5110
28132 7085 7318
28133 5621 5356
28134 5087 3637
28135 7585 10226
28136 6377 9624
28137 4529 1400
28138 9866 1244
28139 1448 6397
28140 9025 9503
28141 7041 8573
28142 4120 11902
28143 3851 5213
28144 866 8141
28145 10912 2089
28146 9266 3050
28147 5351 6102
28148 11561 1630
28149 3947 8396
28150 10971 1691
28151 72 11847
28152 4446 7128
28153 10693 7489
28154 5052 6439
28155 7387 11862
28156 3503 7881
28157 3527 6515
28158 10264 3977
28159 946 7694
28160 9443 9304
28161 11872 9604
28162 11097 8228
28163 1814 10224
28164 6898 11945
28165 3086 9906
28166 4239 11793
28167 1602 6809
28168 1197 11801
28169 7521 3865
28170 8576 9964
28171 4435 11414
28172 11872 11650
28173 8957 10972
28174 3010 880
28175 6849 2210
28176 8541 4120
28177 2356 11196
28178 11913 4533
28179 308 9195
28180 10864 6016
28181 9174 5909
28182 6061 6698
28183 7083 11941
28184 3101 2336
28185 7938 353
28186 432 8147
28187 4169 7576
28188 10570 5623
28189 11337 7626
28190 11650 5745
28191 2195 9070
28192 1371 4640
28193 7722 8054
28194 47 5209
28195 4224 7462
28196 10092 5818
28197 10627 7692
28198 7863 6188
28199 11510 7482
28200 11955 8317
28201 6533 10301
28202 6680 4259
28203 7126 9983
28204 3212 7416
28205 2344 7096
28206 7679 3905
28207 5911 1858
28208 2971 2215
28209 11994 6887
28210 11761 11051
28211 5682 5003
28212 11713 2080
28213 4757 4797
28214 2566 7491
28215 7150 4341
28216 8890 8921
28217 3084 2403
28218 7452 2998
28219 8311 11058
28220 4076 821
28221 4868 7004
28222 4848 3313
28223 7663 6723
28224 9324 7998
28225 2678 2408
28226 10101 11654
28227 10498 9507
28228 10193 593
28229 5255 7983
28230 9331 9774
28231 3218 6756
28232 4890 1094
28233 8277 11747
28234 8794 6966
28235 9064 11178
28236 3296 1780
28237 6169 4253
28238 4983 2884
28239 4794 10347
28240 354 10022
28241 3874 4594
28242 4167 855
28243 7869 2510
28244 9991 5127
28245 11946 5387
28246 5834 523
28247 1696 7393
28248 7250 2695
28249 11246 5511
28250 6661 11776
28251 4552 6830
28252 8906 6266
28253 7486 5065
28254 2501 917
28255 11313 10625
28256 11725 2896
28257 5226 5824
28258 6926 6037
28259 5327 4724
28260 2380 1605
28261 4019 4115
28262 2694 11199
28263 6680 7296
28264 7940 1594
28265 4600 8632
28266 4519 4382
28267 5394 7632
28268 4819 400
28269 8371 4515
28270 5515 1084
28271 7274 8480
28272 8035 11185
28273 8924 6385
28274 3766 1608
28275 3016 4966
28276 11204 1591
28277 7352 8608
28278 6041 5992
28279 5403 9895
28280 5968 6649
28281 5812 1988
28282 2353 7014
28283 1710 5237
28284 4584 3186
28285 335 227
28286 4001 9449
28287 9527 11562
28288 4559 5293
28289 7365 2995
28290 9491 9101
28291 11163 7287
28292 8620 2093
28293 9572 2515
28294 7161 6419
28295 8952 2622
28296 5599 9567
28297 11500 2399
28298 10398 9911
28299 2251 3726
28300 6837 2962
28301 8804 9444
28302 11285 1515
28303 8642 8427
28304 6884 11911
28305 9560 9189
28306 5774 6379
28307 1301 3194
28308 11634 1255
28309 3601 10113
28310 1148 2907
28311 3293 7273
28312 7097 5381
28313 9820 7034
28314 6832 3236
28315 2443 10087
28316 6768 3043
28317 2873 4715
28318 2015 2761
28319 1838 9788
28320 7965 6419
28321 8913 8997
28322 7045 3407
28323 5706 5974
28324 587 10347
28325 1663 3678
28326 8911 6884
28327 11260 384
28328 11674 262
28329 6837 11318
28330 2723 2378
28331 6418 2261
28332 11882 8564
28333 1067 11135
28334 11619 10317
28335 9824 5054
28336 6867 6996
28337 1363 2641
28338 7793 6085
28339 7070 9373
28340 5835 8099
28341 5958 1839
28342 8573 790
28343 10172 10409
28344 123 3996
28345 8584 11340
28346 4624 4588
28347 3583 11030
28348 5036 8913
28349 10173 11433
28350 1972 11171
28351 9250 3771
28352 6769 3505
28353 4195 7591
28354 715 8962
28355 588 3934
28356 3190 6448
28357 679 11833
28358 2792 11493
28359 10 5260
28360 9961 1840
28361 9548 214
28362 10105 596
28363 3192 6448
28364 7232 224
28365 9390 9810
28366 2467 741
28367 9530 8733
28368 3096 11563
28369 1576 11879
28370 237 2472
28371 5768 6790
28372 273 2043
28373 7114 8107
28374 8593 9839
28375 710 4628
28376 4369 4015
28377 11616 5199
28378 10933 9935
28379 3023 11075
28380 9589 2530
28381 8484 2407
28382 7875 11947
28383 10609 2608
28384 7089 2045
28385 6070 6510
28386 3846 10327
28387 10211 2129
28388 7001 4055
28389 1745 10910
28390 6163 4114
28391 8234 7374
28392 7975 643
28393 11934 6065
28394 3397 8940
28395 7655 7902
28396 6325 3779
28397 1098 2226
28398 5191 375
28399 3853 7528
28400 7361 6707
28401 7397 11344
28402 983 5023
28403 8208 796
28404 7155 8658
28405 5752 11912
28406 3728 9867
28407 3440 7190
28408 8522 1168
28409 7178 9283
28410 3081 2599
28411 197 1620
28412 8175 11784
28413 4363 2225
28414 8276 5580
28415 2090 1496
28416 3122 5087
28417 10970 99
28418 9352 4297
28419 5998 7516
28420 10570 7521
28421 5936 3929
28422 4829 6288
28423 8305 4620
28424 1367 10453
28425 8909 11419
28426 7876 2645
28427 862 11170
28428 5005 8490
28429 8216 2254
28430 1640 7121
28431 8546 11783
28432 9523 3906
28433 4158 5175
28434 11748 4479
28435 6777 1807
28436 1946 7767
28437 8065 4579
28438 8122 7646
28439 3648 22
28440 51 5944
28441 2125 1140
28442 1078 2254
28443 3468 7092
28444 5158 5929
28445 3990 8099
28446 721 11926
28447 11009 10315
28448 5713 6031
28449 8174 10040
28450 6703 8642
28451 9927 2250
28452 11860 11006
28453 4625 10786
28454 10939 7890
28455 6737 2786
28456 9132 6875
28457 11967 8883
28458 6597 7881
28459 591 11246
28460 10816 6917
28461 9151 11547
28462 8200 3853
28463 1223 11026
28464 1506 5010
28465 7872 3094
28466 90 6787
28467 10241 4855
28468 8047 10405
28469 8682 861
28470 10952 7072
28471 7141 8160
28472 1947 7114
28473 1697 5897
28474 5257 2468
28475 8252 1347
28476 10783 9117
28477 2295 4956
28478 3833 3644
28479 2539 7629
28480 680 9639
28481 1710 6742
28482 10649 1454
28483 6656 4253
28484 7132 6159
28485 4966 3328
28486 10491 6645
28487 11406 7315
28488 6572 10889
28489 1355 11753
28490 4973 10345
28491 11740 11969
28492 1393 1358
28493 10575 4038
28494 995 4505
28495 10464 10457
28496 9932 11361
28497 7198 8873
28498 7 6398
28499 8415 3559
28500 3903 11648
28501 11796 5111
28502 4704 2999
28503 3632 2260
28504 3491 3113
28505 4445 4829
28506 11905 1967
28507 3022 6399
28508 8042 8709
28509 8837 6730
28510 3536 4939
28511 8826 5622
28512 8664 5045
28513 10433 4335
28514 599 9373
28515 1549 5358
28516 3829 4011
28517 4872 10943
28518 4230 9481
28519 3618 3732
28520 9488 9472
28521 7494 9740
28522 1839 8920
28523 9574 4459
28524 3150 4752
28525 9520 11374
28526 11731 7220
28527 1827 6006
28528 7888 4532
28529 5948 4986
28530 1548 4738
28531 7729 5369
28532 2817 2464
28533 2363 9195
28534 3007 1870
28535 9598 8925
28536 1565 11064
28537 6253 4281
28538 3583 6033
28539 1297 696
28540 4828 2039
28541 481 1785
28542 10415 11269
28543 4381 1750
28544 4154 5565
28545 10199 9631
28546 10450 8786
28547 5085 11038
28548 11799 751
28549 11055 3685
28550 1491 6045
28551 10747 4372
28552 10130 7446
28553 7023 6323
28554 10085 7051
28555 9344 3235
28556 5170 9875
28557 6262 5424
28558 10150 2317
28559 10357 5977
28560 1811 1126
28561 2572 3320
28562 10938 10553
28563 8273 5975
28564 9376 11991
28565 10634 8063
28566 3767 5796
28567 4445 7336
28568 655 1715
28569 3302 8984
28570 1288 132
28571 2344 2469
28572 6428 2168
28573 9531 7029
28574 5986 1144
28575 5705 8378
28576 9957 3732
28577 9557 2807
28578 11270 2659
28579 10048 11992
28580 8823 7497
28581 2183 7963
28582 6880 4900
28583 8576 6619
28584 7671 11602
28585 10007 3638
28586 5993 9047
28587 8035 353
28588 4962 2080
28589 10707 4938
28590 10371 1835
28591 339 10531
28592 5338 8469
28593 751 1232
28594 11065 2208
28595 11818 3863
28596 1520 10506
28597 1776 6978
28598 8028 3920
28599 5483 11934
28600 4615 9040
28601 2594 5815
28602 11842 4790
28603 1830 2231
28604 1021 535
28605 3222 5413
28606 4299 1956
28607 8286 8884
28608 6379 4764
28609 1652 11737
28610 2661 9839
28611 11368 4997
28612 2408 1731
28613 2624 4121
28614 2110 5088
28615 5026 4489
28616 3968 6637
28617 6193 9174
28618 5569 8193
28619 9152 1910
28620 10390 8213
28621 2133 2449
28622 4172 5549
28623 11063 4907
28624 8294 10031
28625 11452 10964
28626 127 7718
28627 7118 8112
28628 8169 3432
28629 3791 142
28630 10308 3376
28631 3410 7929
28632 11411 1611
28633 4997 966
28634 8938 1878
28635 5181 7393
28636 434 8555
28637 5232 8847
28638 8790 152
28639 7804 9610
28640 1750 9548
28641 7048 4703
28642 3225 6868
28643 5980 9947
28644 10464 1253
28645 8097 3534
28646 9433 2255
28647 3762 9281
28648 6983 7791
28649 2814 9532
28650 10952 218
28651 5618 2539
28652 5369 891
28653 5200 4073
28654 2086 6067
28655 9684 10605
28656 481 7115
28657 3223 2359
28658 8135 2006
28659 5501 865
28660 8985 1520
28661 3576 383
28662 3598 6079
28663 8797 140
28664 11774 564
28665 9441 11026
28666 7327 8557
28667 10326 8617
28668 5361 7409
28669 1810 3306
28670 8437 9953
28671 9610 591
28672 5308 11459
28673 2370 10811
28674 10674 7040
28675 6399 9989
28676 1596 7130
28677 6568 11709
28678 6826 10409
28679 7650 10359
28680 1849 6086
28681 5183 2149
28682 9074 2334
28683 5438 7340
28684 1983 9379
28685 10980 11217
28686 6326 3224
28687 11079 9477
28688 2171 1809
28689 8733 1484
28690 5503 10221
28691 2163 5198
28692 4234 1651
28693 4076 2191
28694 3621 11781
28695 6480 10120
28696 9528 3873
28697 8287 858
28698 8648 4940
28699 11072 6221
28700 9040 11476
28701 9202 946
28702 2656 6338
28703 5751 4467
28704 2100 40
28705 6798 615
28706 7678 9294
28707 10876 9143
28708 3709 11881
28709 6731 9817
28710 9399 1973
28711 11542 8888
28712 8724 4548
28713 5289 1280
28714 3674 9673
28715 1096 9870
28716 773 6363
28717 5020 8941
28718 10202 4172
28719 8491 7489
28720 6111 7406
28721 3957 9613
28722 4040 1885
28723 3500 8497
28724 2374 4136
28725 2247 7108
28726 4505 9131
28727 2083 6600
28728 10219 389
28729 9110 2859
28730 7443 9817
28731 8233 7066
28732 7990 7854
28733 4248 3096
28734 6650 10478
28735 3473 8848
28736 7413 6884
28737 1430 902
28738 11065 3473
28739 3527 11246
28740 9231 6724
28741 9661 3956
28742 10266 5527
28743 3981 10292
28744 7262 677
28745 11721 5937
28746 11998 5438
28747 7117 6199
28748 11026 1982
28749 7801 4581
28750 2200 8385
28751 9081 1272
28752 9455 9450
28753 11387 5033
28754 4240 3465
28755 10175 11342
28756 7436 483
28757 2043 2935
28758 9350 3368
28759 9184 6424
28760 9509 8008
28761 3595 5687
28762 5529 2211
28763 7255 1770
28764 9583 1328
28765 3426 1397
28766 6430 8845
28767 11852 9081
28768 4097 5771
28769 11883 3952
28770 4669 11889
28771 863 8070
28772 2096 3820
28773 6491 5926
28774 8470 3635
28775 9146 2703
28776 2246 5252
28777 801 5232
28778 6496 2917
28779 776 10102
28780 4442 5154
28781 1118 4864
28782 1346 11409
28783 8737 8060
28784 4448 11984
28785 1257 9077
28786 8506 2158
28787 11087 11689
28788 1347 8001
28789 5982 323
28790 11918 6167
28791 11563 380
28792 11445 6152
28793 2473 7778
28794 10494 4659
28795 8582 8822
28796 7143 8540
28797 9492 1888
28798 10858 11740
28799 2155 1380
28800 728 1419
28801 4595 5895
28802 2055 8725
28803 4554 2984
28804 5827 9528
28805 10030 6351
28806 4197 10269
28807 10640 11467
28808 3416 6738
28809 10978 3052
28810 7899 8994
28811 2905 5772
28812 2781 8369
28813 6507 5195
28814 453 6442
28815 6860 8149
28816 11533 11893
28817 7202 273
28818 794 8885
28819 5769 6772
28820 867 10934
28821 9499 3535
28822 11232 9697
28823 8428 3303
28824 7738 4838
28825 2136 5449
28826 372 11379
28827 3698 4267
28828 3906 9178
28829 3695 8298
28830 1820 5161
28831 11550 2851
28832 9577 2395
28833 1329 1950
28834 10730 5959
28835 4017 4014
28836 8948 7639
28837 10000 6240
28838 11038 6426
28839 8143 6364
28840 2520 2743
28841 7121 2490
28842 1562 1696
28843 6624 9167
28844 9882 229
28845 959 2899
28846 1195 6378
28847 9335 1669
28848 5779 4021
28849 7953 5438
28850 3881 1375
28851 1093 8476
28852 4248 91
28853 275 2330
28854 10714 9553
28855 9648 5670
28856 11198 11199
28857 8852 6968
28858 5683 3548
28859 4444 2590
28860 6996 4817
28861 3712 4551
28862 8867 1276
28863 758 5604
28864 10170 6879
28865 6203 5862
28866 3543 7540
28867 1215 7434
28868 7579 3918
28869 3937 9204
28870 11834 8807
28871 1931 5883
28872 955 8225
28873 2553 4277
28874 3682 3929
28875 10200 7531
28876 5960 4910
28877 4633 3300
28878 653 10361
28879 8434 5024
28880 9001 4145
28881 4305 4236
28882 7643 7885
28883 6395 5634
28884 7803 8926
28885 1001 8110
28886 8027 8724
28887 6173 4814
28888 2330 3167
28889 3189 726
28890 1868 1973
28891 2617 2675
28892 6910 7917
28893 1593 4862
28894 6472 10010
28895 3740 3169
28896 11586 11797
28897 8438 1000
28898 393 442
28899 1624 9658
28900 2373 6808
28901 4571 11812
28902 3458 2295
28903 6459 2507
28904 6589 5276
28905 9781 9985
28906 11934 6945
28907 8869 8714
28908 7934 11106
28909 10526 6273
28910 7759 6421
28911 10335 7040
28912 7440 4825
28913 11928 11464
28914 5859 4342
28915 10138 2452
28916 1816 5910
28917 5377 8879
28918 5343 644
28919 4460 5195
28920 2005 3766
28921 61 3655
28922 9476 4180
28923 1802 5658
28924 9953 10263
28925 6872 2212
28926 11310 8419
28927 1994 7578
28928 6580 9704
28929 714 1549
28930 10001 2523
28931 11562 9013
28932 9017 5683
28933 8680 6469
28934 2399 4327
28935 10619 4589
28936 11493 336
28937 2340 9083
28938 10665 6197
28939 8378 667
28940 10727 10504
28941 6206 3442
28942 5291 8760
28943 7869 5174
28944 1645 3039
28945 8098 392
28946 10854 7097
28947 6277 2177
28948 2533 10276
28949 9827 4244
28950 3984 11932
28951 2243 717
28952 9396 3659
28953 1679 6126
28954 6763 11188
28955 1602 1724
28956 7196 7772
28957 7151 8197
28958 1468 9577
28959 9664 3102
28960 3633 6528
28961 6610 4816
28962 5948 3174
28963 3699 8424
28964 716 1062
28965 10512 7113
28966 37 2340
28967 3494 7431
28968 8066 3844
28969 9751 563
28970 11668 8906
28971 1071 2858
28972 309 8280
28973 4865 10952
28974 5126 2469
28975 4552 3581
28976 6294 6366
28977 10482 2831
28978 6051 10928
28979 986 7086
28980 8225 800
28981 7931 7693
28982 1360 9140
28983 3050 7815
28984 5196 5466
28985 1849 5993
28986 10975 7135
28987 995 6603
28988 4265 8310
28989 10249 9947
28990 10860 6476
28991 8252 3612
28992 1204 2260
28993 205 7831
28994 8080 3050
28995 2758 1327
28996 8852 4230
28997 6314 10847
28998 9026 11701
28999 8343 10529
29000 5331 5422
29001 2314 5834
29002 5279 10901
29003 8652 1213
29004 4957 9337
29005 11601 5216
29006 6596 6217
29007 9081 1425
29008 84 4093
29009 11638 11406
29010 534 3231
29011 495 2829
29012 8317 2717
29013 3237 4605
29014 3656 10015
29015 10637 4713
29016 10983 8189
29017 9874 1425
29018 9418 8632
29019 5376 11819
29020 1785 10873
29021 8087 6369
29022 5882 5609
29023 2777 2357
29024 3927 10430
29025 10052 4100
29026 8302 6729
29027 3460 9339
29028 7652 8990
29029 3511 2382
29030 11724 8445
29031 900 7910
29032 9864 6043
29033 6613 4895
29034 1291 7663
29035 6953 11734
29036 4865 10465
29037 2384 3832
29038 7979 6854
29039 10815 8617
29040 11565 1468
29041 8994 11904
29042 845 7297
29043 5971 7863
29044 9810 1661
29045 6062 3617
29046 5280 6897
29047 4273 11815
29048 375 2149
29049 243 4938
29050 11050 5233
29051 2046 3701
29052 5105 8930
29053 4976 5351
29054 5227 5061
29055 7007 11312
29056 1571 5306
29057 11505 8833
29058 6133 7477
29059 8609 4335
29060 6873 3939
29061 7029 9858
29062 9554 10615
29063 1102 7270
29064 817 10004
29065 2912 1006
29066 11651 10896
29067 10667 5512
29068 7640 11316
29069 8047 8374
29070 1245 9825
29071 10998 11347
29072 6652 6318
29073 6503 7557
29074 6188 5915
29075 6631 11112
29076 7884 4581
29077 11107 1630
29078 4718 87
29079 5428 11713
29080 9234 6584
29081 9185 4704
29082 1381 7502
29083 10205 10074
29084 7928 8368
29085 7675 7456
29086 9741 11694
29087 5815 3671
29088 5823 2147
29089 472 10744
29090 385 1608
29091 8861 5634
29092 5986 7702
29093 477 6360
29094 6381 10604
29095 2580 711
29096 4099 10988
29097 10760 6771
29098 3101 10403
29099 4311 4387
29100 4710 1675
29101 8486 3801
29102 7166 4504
29103 3626 11625
29104 10647 443
29105 4783 6863
29106 1360 3941
29107 454 11079
29108 9923 5880
29109 8800 11646
29110 1904 7197
29111 11167 10038
29112 2615 10225
29113 4541 11254
29114 7172 362
29115 9018 24
29116 3702 10945
29117 1220 5523
29118 10876 9934
29119 10149 508
29120 5341 2581
29121 11174 1677
29122 8321 2024
29123 9180 3591
29124 2869 3384
29125 5615 1659
29126 5021 8889
29127 4975 1951
29128 7429 1121
29129 9162 293
29130 11277 6621
29131 3405 9450
29132 5717 7128
29133 6985 9501
29134 6976 9075
29135 5155 3022
29136 6527 5584
29137 11410 1183
29138 2877 3115
29139 1814 784
29140 2414 11004
29141 4253 9046
29142 1858 2322
29143 2539 8604
29144 5145 3653
29145 3912 11187
29146 1007 611
29147 9590 3767
29148 2745 7285
29149 6539 6637
29150 10331 6863
29151 3641 5304
29152 5111 9768
29153 6901 5542
29154 3560 5146
29155 6755 9635
29156 7512 2705
29157 9405 3938
29158 2293 2926
29159 11582 3682
29160 10350 11547
29161 6543 11139
29162 9140 9757
29163 5066 4498
29164 802 8290
29165 10303 1739
29166 9791 6200
29167 9903 5262
29168 10375 11237
29169 369 8961
29170 5192 9708
29171 11231 9234
29172 3165 1343
29173 9794 8508
29174 11963 9707
29175 5953 7022
29176 9947 5108
29177 2462 7268
29178 2641 8662
29179 1676 1865
29180 8807 8125
29181 11097 1856
29182 11736 883
29183 289 8446
29184 7540 7658
29185 822 7895
29186 8195 2497
29187 1079 3243
29188 72 7224
29189 9558 4843
29190 2949 3173
29191 4190 1575
29192 1437 1227
29193 2271 11538
29194 8176 6782
29195 3961 11086
29196 1886 10398
29197 11476 578
29198 11542 1780
29199 6395 2005
29200 1237 5517
29201 10387 9932
29202 7107 9737
29203 10688 3210
29204 611 4229
29205 646 966
29206 11615 4234
29207 2801 2843
29208 5993 9110
29209 5804 605
29210 6099 1202
29211 11647 10723
29212 6540 11246
29213 3875 5458
29214 1196 1453
29215 2667 9038
29216 11973 11496
29217 9130 5371
29218 3738 7208
29219 4111 11864
29220 4912 5986
29221 2397 8023
29222 8182 417
29223 6295 4062
29224 4739 3757
29225 9780 3384
29226 8177 6237
29227 6313 4907
29228 2991 9033
29229 5437 112
29230 9671 10443
29231 9903 4183
29232 4608 3012
29233 11325 11663
29234 4331 7161
29235 1540 4868
29236 7036 10550
29237 5344 1207
29238 7849 6968
29239 3557 1056
29240 9221 8331
29241 2985 9585
29242 2702 3470
29243 9105 4323
29244 4085 9847
29245 11120 2126
29246 8236 11102
29247 3437 4182
29248 3034 10251
29249 9403 7071
29250 2329 6258
29251 5792 4645
29252 2304 9804
29253 8775 800
29254 6858 7496
29255 11266 9144
29256 4710 10077
29257 11912 3461
29258 9595 7601
29259 9549 3090
29260 9025 11862
29261 11051 11037
29262 137 2800
29263 8742 2174
29264 11336 10910
29265 2815 2304
29266 9157 1466
29267 11038 6701
29268 177 5021
29269 1251 5371
29270 8181 8970
29271 9170 7578
29272 9925 8047
29273 11556 4872
29274 279 10503
29275 2936 739
29276 4248 6140
29277 491 4929
29278 4242 5617
29279 352 4359
29280 772 3133
29281 6772 6139
29282 11433 7441
29283 1086 3320
29284 926 5342
29285 2270 5317
29286 3591 924
29287 10071 4741
29288 9619 9759
29289 4192 71
29290 7919 9456
29291 3655 10025
29292 10544 1208
29293 4793 63
29294 9133 3623
29295 4773 197
29296 2122 4147
29297 5054 6974
29298 6156 9687
29299 2309 4208
29300 11190 10834
29301 627 7478
29302 4264 9371
29303 8009 3020
29304 10545 9812
29305 271 8895
29306 10811 8988
29307 2815 27
29308 8008 10135
29309 11300 3204
29310 6625 9067
29311 966 7325
29312 1214 3796
29313 629 8672
29314 1434 7115
29315 2630 4636
29316 8916 8473
29317 797 10236
29318 11941 8872
29319 4178 99
29320 9452 11411
29321 8327 6257
29322 5465 1087
29323 6820 7544
29324 6058 1230
29325 7429 421
29326 4814 8732
29327 1636 7607
29328 1062 5650
29329 10778 775
29330 10412 3891
29331 7756 8678
29332 7144 5795
29333 7416 9636
29334 6695 5911
29335 11144 4876
29336 9834 10828
29337 10171 9150
29338 11773 7997
29339 11040 1393
29340 7177 7677
29341 1207 11941
29342 11428 11370
29343 8648 5673
29344 2276 989
29345 9930 1872
29346 8650 2453
29347 8410 11703
29348 9328 4797
29349 10713 7069
29350 3163 6853
29351 8440 6989
29352 8209 11778
29353 4773 8450
29354 8838 6411
29355 881 2815
29356 11981 4945
29357 5418 6217
29358 5705 4758
29359 6061 3229
29360 1715 7141
29361 7254 6416
29362 7785 467
29363 9630 2195
29364 6187 1386
29365 11927 6656
29366 11169 7440
29367 11301 6379
29368 4507 41
29369 3374 3582
29370 2788 91
29371 8972 2302
29372 11384 11108
29373 11411 9552
29374 240 5192
29375 523 5759
29376 7399 4002
29377 3488 1688
29378 11487 7628
29379 7967 4806
29380 1150 5818
29381 9339 2681
29382 8292 11687
29383 2109 1977
29384 5505 2930
29385 2040 2565
29386 1278 4270
29387 127 1931
29388 5293 5634
29389 7291 6176
29390 8798 4395
29391 1521 2975
29392 10990 9376
29393 8542 7580
29394 9493 4414
29395 1717 5847
29396 3521 1823
29397 3523 757
29398 10643 4088
29399 4323 1751
29400 11962 2304
29401 2522 987
29402 5450 6543
29403 2776 11594
29404 9065 4260
29405 3711 10443
29406 9767 6408
29407 180 9222
29408 1984 11584
29409 10180 6077
29410 7053 9248
29411 6946 8873
29412 4736 9599
29413 7665 95
29414 9603 8120
29415 9158 4762
29416 7420 3999
29417 3602 5973
29418 3510 11229
29419 8590 6543
29420 231 10771
29421 6636 6317
29422 5098 8818
29423 5788 1853
29424 3844 5270
29425 1012 5864
29426 1533 1273
29427 7515 8208
29428 6843 1796
29429 7122 5269
29430 4046 9434
29431 7113 11063
29432 6668 4277
29433 4634 6202
29434 8226 11584
29435 8574 9015
29436 7852 7955
29437 3049 2435
29438 3735 9127
29439 10761 4324
29440 1913 5710
29441 5269 10253
29442 3287 3504
29443 3501 10981
29444 9613 5855
29445 2653 10245
29446 7946 10168
29447 8257 11428
29448 4241 9306
29449 1788 1493
29450 10159 8512
29451 2756 9939
29452 115 4436
29453 4255 9414
29454 4378 6239
29455 2408 9854
29456 4979 11196
29457 8782 614
29458 4464 2272
29459 9908 8464
29460 6553 10307
29461 329 6905
29462 8334 2238
29463 2780 1143
29464 8308 145
29465 6336 3685
29466 8736 2176
29467 10266 10134
29468 1697 2342
29469 341 7521
29470 10823 12000
29471 7950 146
29472 1979 4101
29473 10496 13
29474 4424 6805
29475 6241 1965
29476 468 4897
29477 1256 11432
29478 1343 6081
29479 6156 620
29480 6299 1113
29481 4832 987
29482 1857 6381
29483 10750 558
29484 6561 2628
29485 651 9294
29486 2682 4706
29487 3117 9214
29488 6591 8339
29489 2691 2684
29490 6067 4468
29491 148 998
29492 10580 7376
29493 9328 7070
29494 6060 3002
29495 9452 10396
29496 1954 5064
29497 8235 11057
29498 11288 11149
29499 10580 10724
29500 993 8342
29501 1409 8311
29502 8653 212
29503 7812 67
29504 11750 3366
29505 5548 4969
29506 8030 1420
29507 192 4985
29508 2897 1651
29509 3608 6001
29510 2610 6609
29511 11774 4730
29512 10337 9991
29513 4443 9340
29514 6096 7902
29515 10753 9016
29516 9305 1076
29517 1553 5102
29518 5069 2525
29519 1212 2424
29520 3026 1622
29521 2991 11961
29522 7691 11666
29523 4476 6101
29524 3238 2042
29525 9249 9562
29526 8692 6942
29527 2414 11864
29528 1089 10668
29529 5409 9563
29530 11549 187
29531 3914 8749
29532 1196 10204
29533 2099 10107
29534 2554 5968
29535 6985 6965
29536 5405 4052
29537 11332 11136
29538 4767 1151
29539 3363 1897
29540 10754 5019
29541 190 589
29542 8082 9356
29543 8915 2706
29544 10244 8342
29545 426 11431
29546 9140 3803
29547 10813 8596
29548 11522 9769
29549 4805 415
29550 1279 11199
29551 11540 10491
29552 1200 4200
29553 10369 2506
29554 10020 8950
29555 3934 7020
29556 10822 6629
29557 7801 4279
29558 5004 6418
29559 7933 3214
29560 5390 2531
29561 3298 3460
29562 3524 8488
29563 7254 11706
29564 3023 4072
29565 754 11175
29566 2720 10492
29567 9645 652
29568 6473 2789
29569 6033 7378
29570 798 7092
29571 1820 7183
29572 6772 5483
29573 10380 1154
29574 7635 3721
29575 4379 8469
29576 6974 6095
29577 7482 5305
29578 5641 632
29579 5411 1710
29580 660 1939
29581 512 11560
29582 9692 4404
29583 9853 7426
29584 8378 6051
29585 5228 4014
29586 345 39
29587 187 6345
29588 8450 7033
29589 3138 4602
29590 7129 10845
29591 3724 1908
29592 2841 10788
29593 1886 1345
29594 6553 8358
29595 2814 792
29596 5228 3609
29597 11462 7992
29598 1396 412
29599 6955 5196
29600 7560 5188
29601 5574 4720
29602 10403 11634
29603 7485 6900
29604 8693 4926
29605 11863 7084
29606 11369 7788
29607 644 8658
29608 10269 8719
29609 11110 4433
29610 4571 11585
29611 6142 2315
29612 6301 2888
29613 4597 10985
29614 11300 7069
29615 5441 5192
29616 221 9960
29617 11020 8542
29618 1157 7750
29619 901 670
29620 2092 8119
29621 11957 11819
29622 3693 1199
29623 9329 8086
29624 11457 3806
29625 1409 2323
29626 4006 3919
29627 480 2915
29628 602 7203
29629 10744 10236
29630 2573 9234
29631 2501 5758
29632 755 7149
29633 1826 4061
29634 8489 5144
29635 707 8341
29636 4713 1423
29637 5526 11338
29638 7173 9556
29639 9750 10511
29640 1161 4601
29641 3882 468
29642 155 3343
29643 6886 4102
29644 8643 9552
29645 6849 535
29646 6543 501
29647 8024 7047
29648 10566 7097
29649 4646 11474
29650 8558 8520
29651 5331 7315
29652 7840 7780
29653 8407 5728
29654 10457 584
29655 1303 1136
29656 8380 142
29657 11136 1497
29658 11913 5860
29659 448 489
29660 2936 3458
29661 3115 3975
29662 2916 6164
29663 267 1249
29664 10276 2091
29665 238 10394
29666 4761 6176
29667 6321 5735
29668 5149 4646
29669 9856 11235
29670 4521 4370
29671 9285 2930
29672 10515 10960
29673 8471 545
29674 5076 3581
29675 10659 9869
29676 10671 4450
29677 10445 7755
29678 11539 6443
29679 752 9326
29680 479 1725
29681 1457 9137
29682 9249 8246
29683 4843 11762
29684 11450 690
29685 2303 9724
29686 4434 3919
29687 5862 389
29688 9473 10672
29689 11214 10655
29690 4965 10477
29691 1702 4185
29692 6415 999
29693 3480 940
29694 11185 5863
29695 11541 1636
29696 3994 7239
29697 9787 11557
29698 1985 1982
29699 11668 4527
29700 8558 9132
29701 11812 5771
29702 11735 10643
29703 2801 10703
29704 901 7708
29705 2837 9164
29706 8626 9974
29707 8278 4919
29708 11650 3652
29709 9694 8610
29710 230 10992
29711 10108 6494
29712 2633 3357
29713 3099 3145
29714 9746 9158
29715 7191 3119
29716 7674 1599
29717 3387 7124
29718 3222 5868
29719 1535 10444
29720 9116 2675
29721 7904 2872
29722 4173 1413
29723 5840 2161
29724 11039 8968
29725 2404 4537
29726 9837 4339
29727 2341 6582
29728 4435 6853
29729 142 1461
29730 4720 10717
29731 6579 6254
29732 6448 2155
29733 4618 1978
29734 7225 10592
29735 5832 6563
29736 8291 7478
29737 4146 11711
29738 2156 5790
29739 7224 5160
29740 339 7456
29741 7209 2745
29742 8819 2201
29743 4513 7419
29744 2616 49
29745 2490 6887
29746 4380 2695
29747 6466 756
29748 6065 5945
29749 118 3449
29750 791 9882
29751 8115 2058
29752 2545 5688
29753 4498 987
29754 4179 10251
29755 4728 11838
29756 5465 8392
29757 2822 1713
29758 7868 4962
29759 10651 5045
29760 8559 3982
29761 7719 3555
29762 153 10577
29763 6605 8381
29764 6312 5735
29765 7975 6641
29766 2125 6438
29767 9294 4395
29768 6315 5300
29769 10958 11580
29770 6809 11455
29771 5215 3645
29772 211 1665
29773 619 67
29774 9734 11662
29775 10657 8425
29776 7511 918
29777 8952 2280
29778 10610 138
29779 2815 1219
29780 2900 1470
29781 11506 11348
29782 11713 7980
29783 4496 5614
29784 10931 5353
29785 7140 10576
29786 10503 7376
29787 515 1352
29788 8487 11315
29789 10465 10467
29790 6553 11027
29791 3335 5144
29792 11597 2141
29793 7341 843
29794 6370 2596
29795 3998 7726
29796 9744 8226
29797 1599 7889
29798 10216 5016
29799 10924 7303
29800 10884 6484
29801 10520 11317
29802 1721 543
29803 5217 11276
29804 10615 4239
29805 7175 7190
29806 6231 9928
29807 5821 5198
29808 4335 7375
29809 57 11250
29810 4988 2034
29811 4518 1413
29812 2940 7330
29813 8893 8591
29814 5717 498
29815 5636 3542
29816 4852 5562
29817 4341 782
29818 11054 2484
29819 6109 8239
29820 7962 6435
29821 7998 3255
29822 3434 6661
29823 1735 7578
29824 11306 1044
29825 9961 3764
29826 5255 7137
29827 8833 7607
29828 477 2206
29829 8502 7718
29830 11030 1776
29831 8762 8666
29832 8699 123
29833 6129 2693
29834 9059 9093
29835 8323 3303
29836 955 8069
29837 6684 3684
29838 11932 10563
29839 206 3441
29840 1715 5324
29841 2637 11407
29842 6913 8166
29843 6373 5103
29844 3353 835
29845 8619 5911
29846 9405 261
29847 7772 6988
29848 2199 9018
29849 9963 9740
29850 6722 9792
29851 7939 2620
29852 2064 2374
29853 2749 6486
29854 2671 10639
29855 4486 6223
29856 301 9042
29857 270 4240
29858 7047 8559
29859 6682 10071
29860 4511 4741
29861 10741 8760
29862 1467 5270
29863 8155 7740
29864 5389 79
29865 11910 9481
29866 9182 11067
29867 589 8693
29868 2588 6521
29869 4774 7303
29870 1291 10969
29871 7870 5495
29872 2081 1529
29873 2005 5758
29874 5827 1010
29875 8460 6053
29876 958 4564
29877 8301 5271
29878 11153 4312
29879 6971 4537
29880 6814 6842
29881 4095 2157
29882 6586 8954
29883 9608 3418
29884 7125 1476
29885 3001 6832
29886 10559 8011
29887 10128 11725
29888 4618 7447
29889 10935 258
29890 10205 5067
29891 2573 2379
29892 7648 154
29893 9837 4116
29894 8635 4726
29895 10343 10112
29896 9591 11960
29897 6846 786
29898 6786 6433
29899 4560 5735
29900 4868 5611
29901 9184 7530
29902 11878 5663
29903 9904 1553
29904 1509 10049
29905 7543 11862
29906 9188 11251
29907 11315 5821
29908 5852 4255
29909 4047 3728
29910 9585 8747
29911 4107 504
29912 2641 11605
29913 3824 10215
29914 8877 5007
29915 4962 10647
29916 3673 7815
29917 4675 2303
29918 2852 1072
29919 11905 4708
29920 1931 2617
29921 10689 9136
29922 8223 1730
29923 11481 6121
29924 1392 9078
29925 2572 6289
29926 7736 2132
29927 4822 6172
29928 5720 4116
29929 9085 6639
29930 3376 10349
29931 9289 8488
29932 2983 3060
29933 9601 10043
29934 3848 11779
29935 5283 5204
29936 9740 2849
29937 3303 5309
29938 129 94
29939 2049 8459
29940 10972 1438
29941 4632 4335
29942 3127 4188
29943 7940 11839
29944 11810 6711
29945 9024 11318
29946 10548 1127
29947 6414 4277
29948 11543 9281
29949 11520 11482
29950 1895 10290
29951 4477 9682
29952 1684 1110
29953 4764 11579
29954 1531 8506
29955 335 4181
29956 6812 2917
29957 11268 8989
29958 221 7107
29959 3314 2127
29960 4638 5507
29961 9058 9273
29962 2571 2823
29963 9797 5053
29964 3487 6050
29965 5280 8157
29966 9735 9111
29967 206 10373
29968 11927 2572
29969 4160 8583
29970 2981 10241
29971 290 976
29972 6750 1246
29973 9820 4801
29974 641 11616
29975 8076 8601
29976 1655 3433
29977 2303 680
29978 2705 6275
29979 9562 3868
29980 11236 209
29981 8342 11697
29982 2121 449
29983 1457 1233
29984 5419 6891
29985 9657 1984
29986 5536 4234
29987 9849 6051
29988 8127 8173
29989 9974 5988
29990 8716 3715
29991 8181 2456
29992 8777 5849
29993 4976 4884
29994 1409 6327
29995 9005 4439
29996 8678 7925
29997 7137 6956
29998 11966 11245
29999 792 8716
30000 11381 5550
30001 6207 720
30002 220 7809
30003 3634 469
30004 11250 3477
30005 1253 7835
30006 11578 1680
30007 6003 5368
30008 3541 6318
30009 10748 1706
30010 1274 4744
30011 11660 6234
30012 4486 2561
30013 11873 7632
30014 11961 7129
30015 7327 7972
30016 5823 7269
30017 11306 7861
30018 11634 837
30019 758 4125
30020 11552 9229
30021 10494 6639
30022 5605 2472
30023 3302 4535
30024 9121 8787
30025 7400 4264
30026 6065 5180
30027 8041 4964
30028 7230 8577
30029 11841 2526
30030 9452 5547
30031 4350 6161
30032 6779 7840
30033 1709 1640
30034 10885 3131
30035 1097 6006
30036 6150 2968
30037 3145 4930
30038 7740 6545
30039 256 7736
30040 9519 2670
30041 2187 3429
30042 1680 5897
30043 4818 4308
30044 8590 6405
30045 6925 4216
30046 11790 8530
30047 10113 5078
30048 6746 5068
30049 4866 5794
30050 3164 2219
30051 1546 308
30052 3526 7613
30053 10232 10754
30054 3345 6828
30055 771 11382
30056 4042 11857
30057 10160 9946
30058 7849 1718
30059 3971 519
30060 10163 4972
30061 2285 8102
30062 2341 8288
30063 8915 5493
30064 3790 3573
30065 3287 2406
30066 4122 4854
30067 4659 9474
30068 2866 10631
30069 9900 2205
30070 1423 5275
30071 7188 2344
30072 3155 1073
30073 242 4794
30074 11440 3980
30075 7332 5316
30076 601 9940
30077 935 4890
30078 9309 8453
30079 2253 6321
30080 955 1999
30081 9738 10491
30082 1360 11330
30083 8426 9525
30084 11237 5991
30085 7681 4433
30086 1985 11665
30087 10641 5059
30088 1783 4790
30089 149 11469
30090 759 4963
30091 10998 1561
30092 40 9703
30093 6528 2942
30094 5946 2912
30095 563 5013
30096 67 8123
30097 6465 285
30098 9524 2372
30099 9335 1541
30100 11579 9189
30101 1602 6455
30102 9172 4805
30103 10193 8318
30104 8622 7369
30105 5254 7948
30106 7679 5566
30107 7542 11686
30108 9386 4861
30109 1947 6097
30110 2508 2749
30111 7814 11935
30112 1578 1450
30113 2553 6183
30114 9321 6885
30115 3032 8729
30116 5212 3294
30117 8267 9406
30118 3666 2151
30119 5623 5885
30120 1348 1777
30121 6774 5382
30122 9373 7769
30123 6603 7280
30124 10594 10058
30125 6204 3874
30126 4226 2951
30127 2589 10542
30128 2242 6070
30129 3413 4258
30130 4844 10665
30131 9233 6980
30132 5732 9284
30133 6472 10749
30134 8832 11882
30135 4410 10258
30136 9677 3149
30137 9595 3270
30138 4021 7782
30139 7312 9422
30140 503 2105
30141 2097 3685
30142 11617 10527
30143 4392 11724
30144 5662 5786
30145 9178 10568
30146 1390 6746
30147 5973 6124
30148 3754 1783
30149 7761 3965
30150 5839 9498
30151 2703 3082
30152 7581 1785
30153 6107 11395
30154 3406 7666
30155 3805 7210
30156 9254 7577
30157 2082 9983
30158 580 11882
30159 4504 2592
30160 5393 11823
30161 4023 5807
30162 6834 2028
30163 11471 11672
30164 5589 3867
30165 2311 1543
30166 596 8151
30167 8239 9182
30168 246 7129
30169 10099 2282
30170 5303 1381
30171 81 9260
30172 7130 8317
30173 1073 11572
30174 6851 11448
30175 5084 249
30176 2782 7911
30177 4637 549
30178 5366 9560
30179 11320 6175
30180 2172 5704
30181 3331 4777
30182 11620 2093
30183 1945 9934
30184 10692 10
30185 11874 3810
30186 288 3072
30187 4345 3816
30188 4004 6667
30189 4059 8831
30190 8153 4616
30191 5683 6686
30192 3166 3385
30193 118 497
30194 3833 2369
30195 7771 6207
30196 4705 2341
30197 6844 2981
30198 7198 4215
30199 7705 7718
30200 1484 2410
30201 11059 3726
30202 8499 5381
30203 4958 3367
30204 6152 6105
30205 6520 2617
30206 3110 7799
30207 4170 9773
30208 75 1834
30209 8843 6404
30210 3574 6643
30211 3899 11186
30212 4379 2173
30213 11020 11905
30214 2858 10681
30215 8789 974
30216 2236 69
30217 8555 3399
30218 4854 2384
30219 1926 3626
30220 95 1164
30221 5658 2846
30222 1640 2424
30223 8670 8040
30224 2386 3802
30225 2674 89
30226 8362 2592
30227 10776 6390
30228 1865 9139
30229 3316 10318
30230 11158 11888
30231 8682 3107
30232 5198 10871
30233 5449 6172
30234 6856 8687
30235 978 5422
30236 8391 7688
30237 3448 2563
30238 4137 1680
30239 11469 11442
30240 7814 5775
30241 848 6406
30242 7402 5100
30243 2361 802
30244 2098 8099
30245 6192 3562
30246 11821 6227
30247 198 1132
30248 11237 8597
30249 3755 7862
30250 4646 11335
30251 11080 8057
30252 903 5951
30253 1587 5124
30254 5266 1833
30255 7885 181
30256 9988 2832
30257 8619 2483
30258 5183 6491
30259 5366 5104
30260 5944 9236
30261 11924 4872
30262 9544 7923
30263 5721 620
30264 10634 4604
30265 7377 2707
30266 10038 6825
30267 2821 9089
30268 4384 4155
30269 11359 414
30270 430 142
30271 5376 3234
30272 11497 11986
30273 6693 6629
30274 8684 2316
30275 4375 5497
30276 8981 7867
30277 10461 2548
30278 11517 8663
30279 1999 8058
30280 5872 6235
30281 7958 2484
30282 2972 730
30283 6202 1875
30284 5554 11009
30285 5793 1185
30286 8138 5066
30287 3166 1846
30288 11709 8473
30289 7949 9213
30290 7708 536
30291 8822 977
30292 3625 10476
30293 9407 5178
30294 8031 6517
30295 8697 2304
30296 5908 8853
30297 8277 6377
30298 4405 6146
30299 5112 10238
30300 8033 3568
30301 8392 5866
30302 2291 3523
30303 3366 6146
30304 38 9149
30305 7899 7327
30306 11822 712
30307 11679 1783
30308 3144 1311
30309 4656 4703
30310 1063 1931
30311 3743 6940
30312 2479 1085
30313 206 2417
30314 3463 286
30315 11158 4045
30316 5823 7582
30317 7813 3023
30318 33 8173
30319 11055 5289
30320 1308 10201
30321 2778 6450
30322 11226 8764
30323 6187 8510
30324 3074 5221
30325 2821 7705
30326 8619 830
30327 9223 6504
30328 10266 2582
30329 5551 11054
30330 8663 7345
30331 8595 10264
30332 3513 5340
30333 8957 1670
30334 3267 4143
30335 159 6992
30336 10068 32
30337 6666 9370
30338 4994 7726
30339 3240 2914
30340 7208 11896
30341 5864 11206
30342 7560 6551
30343 4814 7236
30344 412 9980
30345 4539 9234
30346 2810 9277
30347 6207 8655
30348 1491 7382
30349 2297 2870
30350 1769 3515
30351 1288 11753
30352 9456 8658
30353 9537 4534
30354 7021 8341
30355 9978 2899
30356 9426 5304
30357 7744 9004
30358 7347 1714
30359 5252 5948
30360 8399 3969
30361 11934 3545
30362 5053 3650
30363 10833 10320
30364 1990 4467
30365 7862 6754
30366 2363 8789
30367 4884 10991
30368 11687 856
30369 7269 4675
30370 1442 11542
30371 3047 11224
30372 3783 2074
30373 6755 219
30374 3864 3810
30375 9840 6592
30376 232 3263
30377 4263 6543
30378 2956 211
30379 6674 11964
30380 5117 11714
30381 7826 4729
30382 9446 5800
30383 7277 9501
30384 1353 11643
30385 4536 7070
30386 5038 11683
30387 8022 9789
30388 5563 9673
30389 7613 11045
30390 6828 11593
30391 634 7715
30392 2508 2911
30393 8516 4540
30394 6186 5768
30395 9980 930
30396 11215 4257
30397 7163 1458
30398 8480 8298
30399 8931 9622
30400 11416 4500
30401 11465 8634
30402 9434 1610
30403 3018 9255
30404 1498 10601
30405 2819 9561
30406 1068 809
30407 755 10471
30408 731 6233
30409 6783 6157
30410 4436 877
30411 9588 7303
30412 10853 6272
30413 9140 10431
30414 6433 9954
30415 8694 3886
30416 7888 7341
30417 7757 1327
30418 1799 524
30419 2632 8914
30420 11944 8285
30421 5711 11557
30422 4055 10602
30423 11208 7567
30424 474 6820
30425 1892 5832
30426 4157 4502
30427 9904 5569
30428 5081 3803
30429 11034 5006
30430 1344 1850
30431 2917 2699
30432 9196 1882
30433 5522 8609
30434 7916 3806
30435 10179 11092
30436 4731 4303
30437 7257 10616
30438 4457 5273
30439 5147 3171
30440 3188 9725
30441 10898 8614
30442 5720 878
30443 9937 5139
30444 1560 2319
30445 9124 11788
30446 557 5133
30447 3669 3958
30448 1812 1006
30449 11681 7923
30450 6712 1781
30451 4678 11352
30452 4859 4059
30453 6314 6837
30454 7349 9172
30455 7590 6570
30456 4571 4210
30457 7377 9712
30458 5316 8531
30459 10509 1450
30460 3421 2376
30461 842 4197
30462 3596 8294
30463 8772 5034
30464 6706 156
30465 6965 1025
30466 1356 292
30467 7616 645
30468 5748 9049
30469 9879 2413
30470 7777 7020
30471 4380 5122
30472 5721 5550
30473 11156 1267
30474 1146 5281
30475 11334 9741
30476 2696 6910
30477 11381 4143
30478 3250 4977
30479 6716 10508
30480 9056 8967
30481 2435 8541
30482 7188 965
30483 1700 627
30484 8509 1597
30485 6673 77
30486 5331 7718
30487 11860 9746
30488 4917 5683
30489 6705 8436
30490 917 7100
30491 9008 5223
30492 7360 10335
30493 5922 11601
30494 9674 1452
30495 10515 10986
30496 1215 8182
30497 10470 7205
30498 10514 9062
30499 6148 24
30500 10128 8407
30501 11845 1531
30502 11216 11382
30503 4013 9872
30504 1308 1230
30505 10426 2003
30506 57 402
30507 10675 2437
30508 3778 8545
30509 8972 4187
30510 10977 6340
30511 9455 7635
30512 8369 6271
30513 686 6910
30514 9788 9047
30515 7084 6031
30516 627 682
30517 11423 5068
30518 5062 3280
30519 8709 11962
30520 9657 10573
30521 7082 726
30522 11722 8883
30523 4623 2692
30524 9234 10869
30525 4132 6711
30526 6256 10901
30527 2915 2831
30528 8333 1000
30529 3642 8510
30530 6465 1541
30531 2690 7603
30532 2217 1875
30533 9699 2455
30534 3753 5512
30535 7948 2588
30536 7650 5745
30537 2306 9761
30538 6682 5065
30539 3109 7779
30540 4607 6941
30541 4365 9653
30542 11186 4554
30543 5646 4366
30544 2462 947
30545 2538 77
30546 8711 9299
30547 2785 8410
30548 6131 256
30549 6653 144
30550 3641 2217
30551 4866 5263
30552 7891 5991
30553 10391 7708
30554 193 1863
30555 10595 6564
30556 6438 7193
30557 4706 9782
30558 832 5539
30559 6459 5832
30560 3851 190
30561 7758 7485
30562 8433 980
30563 3180 8645
30564 1067 9314
30565 8340 7320
30566 10765 9750
30567 453 7910
30568 5293 10717
30569 9054 1426
30570 1121 5039
30571 3761 3864
30572 1098 11564
30573 9085 11039
30574 380 4547
30575 2491 10683
30576 10947 7446
30577 400 7022
30578 1095 1859
30579 5318 1756
30580 8333 5686
30581 10465 4816
30582 8152 11202
30583 9224 489
30584 6903 8616
30585 2618 10951
30586 1847 6905
30587 11037 2496
30588 10609 4153
30589 6108 10624
30590 1162 5141
30591 3422 7189
30592 8559 10255
30593 6716 10758
30594 4438 2571
30595 3337 7089
30596 6155 6141
30597 2257 10547
30598 11218 7922
30599 2142 11334
30600 7538 8237
30601 8759 5295
30602 275 11301
30603 2128 6483
30604 11469 427
30605 3486 8969
30606 2728 11723
30607 2690 4899
30608 10583 11198
30609 5994 3139
30610 3666 9512
30611 5717 4969
30612 695 3919
30613 24 11302
30614 10573 8209
30615 80 2359
30616 9261 2807
30617 11159 9043
30618 7997 964
30619 8907 5990
30620 4705 8122
30621 1877 4707
30622 9362 3526
30623 8725 2203
30624 9879 2360
30625 11074 8768
30626 8484 8017
30627 11940 8619
30628 6265 8037
30629 9126 7398
30630 4294 9782
30631 2803 11129
30632 5640 2541
30633 7484 8213
30634 11495 3143
30635 11936 9447
30636 6153 4204
30637 4298 6778
30638 11230 2415
30639 9628 7368
30640 1253 7833
30641 2057 2908
30642 11750 8196
30643 4009 7575
30644 8272 1959
30645 11995 3162
30646 2790 6124
30647 4278 5587
30648 2481 10415
30649 3106 7344
30650 4557 4367
30651 49 8321
30652 10462 180
30653 2060 10057
30654 8209 3350
30655 332 7086
30656 8530 7901
30657 10690 6049
30658 3041 8766
30659 9111 6393
30660 6849 3902
30661 4223 8898
30662 1961 556
30663 6805 1609
30664 3116 2390
30665 10657 9637
30666 973 10050
30667 838 7297
30668 2916 5261
30669 3476 3135
30670 4290 6429
30671 2717 8681
30672 3314 10292
30673 7402 3242
30674 8317 11906
30675 8678 4977
30676 939 11157
30677 2045 10812
30678 2296 2902
30679 8337 6797
30680 7555 8159
30681 468 1122
30682 7225 2637
30683 1508 8123
30684 6636 11634
30685 5765 4670
30686 1438 11413
30687 2482 2505
30688 11177 3918
30689 10269 4974
30690 9908 9782
30691 2436 7474
30692 1489 10448
30693 6652 4738
30694 5213 1496
30695 6467 3081
30696 2636 1182
30697 4145 6048
30698 4941 4399
30699 4940 5610
30700 11471 7105
30701 8024 10361
30702 801 5252
30703 7275 1915
30704 11750 697
30705 2412 9485
30706 4606 4441
30707 9018 4990
30708 10616 11053
30709 995 7486
30710 8703 11129
30711 10632 9638
30712 779 9915
30713 657 4954
30714 11616 587
30715 8371 7529
30716 7561 5043
30717 946 6991
30718 671 4682
30719 3609 9346
30720 8590 3190
30721 4519 1182
30722 4353 9830
30723 8515 10905
30724 10966 4550
30725 9780 8709
30726 1024 64
30727 3696 3778
30728 10143 10057
30729 1356 11381
30730 2341 7509
30731 591 7430
30732 9248 10412
30733 4020 7432
30734 1491 8142
30735 3094 9655
30736 9200 8310
30737 1907 7084
30738 6101 10074
30739 10566 9310
30740 5671 4127
30741 2526 7974
30742 6245 10398
30743 9256 116
30744 3442 9855
30745 7617 9834
30746 2522 442
30747 2062 2841
30748 11095 1984
30749 8970 1112
30750 9802 3198
30751 10080 4232
30752 9521 1537
30753 9062 6862
30754 1724 1181
30755 3148 4394
30756 9268 9614
30757 8077 10757
30758 5248 2527
30759 9729 2357
30760 2175 7914
30761 11115 8067
30762 8036 9759
30763 7304 3798
30764 9736 9752
30765 11410 3856
30766 823 2652
30767 3575 6197
30768 8941 753
30769 82 2643
30770 7373 5204
30771 7667 3667
30772 6704 3720
30773 11823 8249
30774 8363 7319
30775 11814 1659
30776 6838 4762
30777 2342 4412
30778 11597 1750
30779 1516 7251
30780 7689 8099
30781 1659 10268
30782 10494 4827
30783 8116 8770
30784 4535 11661
30785 1781 11894
30786 6529 5163
30787 4829 5245
30788 7448 2750
30789 10090 1920
30790 8490 2434
30791 2281 9099
30792 9870 520
30793 6140 2880
30794 5374 765
30795 3460 4137
30796 162 7676
30797 3191 11794
30798 4759 10758
30799 11198 10489
30800 8860 7507
30801 5893 1868
30802 2986 2778
30803 4231 1179
30804 11119 10237
30805 2450 11614
30806 3371 2672
30807 208 5252
30808 11102 10660
30809 293 5654
30810 6409 157
30811 10208 3121
30812 8576 9471
30813 3254 7576
30814 1866 5660
30815 5844 6561
30816 5162 3928
30817 2233 5124
30818 6610 9463
30819 5526 6532
30820 2050 3868
30821 10843 4960
30822 1987 11081
30823 1950 3394
30824 223 7890
30825 6960 10483
30826 2166 9650
30827 751 11239
30828 421 8354
30829 6792 10069
30830 11507 10061
30831 8249 10933
30832 1314 11345
30833 5994 6795
30834 5415 656
30835 11926 4872
30836 898 7942
30837 4011 2301
30838 556 1487
30839 5552 3153
30840 7162 11707
30841 7949 1165
30842 3122 1331
30843 7314 2483
30844 6335 8361
30845 11323 748
30846 9761 2575
30847 3368 11792
30848 2766 4315
30849 4219 4213
30850 4120 10211
30851 11119 4009
30852 2233 4578
30853 2070 4460
30854 7655 9282
30855 3067 473
30856 7704 1133
30857 7695 7857
30858 8075 9412
30859 5641 10552
30860 8266 7649
30861 7011 4541
30862 877 1502
30863 3834 7764
30864 697 4535
30865 6743 3283
30866 10416 5635
30867 3811 2395
30868 5487 7288
30869 11695 3004
30870 7562 2516
30871 10234 2791
30872 3548 399
30873 6060 5641
30874 875 6798
30875 9231 5723
30876 10699 1202
30877 5317 8831
30878 287 3021
30879 3098 7313
30880 4963 4188
30881 11334 8661
30882 7863 5642
30883 11560 4581
30884 437 5003
30885 2970 123
30886 11228 9717
30887 1467 10029
30888 11807 3145
30889 7777 4012
30890 9304 6986
30891 6612 9747
30892 1481 10653
30893 1416 94
30894 7559 6417
30895 4390 10739
30896 8668 3674
30897 5355 8005
30898 11930 7889
30899 7433 5947
30900 3132 6144
30901 130 5254
30902 2420 3863
30903 9208 9944
30904 10365 2278
30905 165 8442
30906 2449 9262
30907 8760 9808
30908 156 10579
30909 3954 5047
30910 2882 6161
30911 7593 9814
30912 5432 7488
30913 8824 10793
30914 963 1796
30915 10893 2703
30916 4447 4344
30917 11122 5217
30918 4875 10337
30919 529 7661
30920 4571 414
30921 9476 7776
30922 546 10730
30923 8884 10678
30924 5308 2696
30925 6644 6352
30926 4484 4870
30927 4332 9123
30928 9257 1903
30929 9638 9211
30930 1702 6322
30931 7369 10175
30932 585 7896
30933 8672 2218
30934 4440 10621
30935 6458 9610
30936 6190 7439
30937 95 9216
30938 10786 11757
30939 5196 3396
30940 9726 9013
30941 3487 1546
30942 2968 7140
30943 11588 7577
30944 4063 74
30945 581 905
30946 10795 5210
30947 914 11635
30948 11485 10735
30949 4698 3527
30950 10221 9542
30951 2862 6737
30952 1520 3036
30953 1501 6248
30954 3673 10754
30955 2349 10192
30956 3957 4081
30957 648 5125
30958 4523 4717
30959 8732 7525
30960 1318 4538
30961 3442 3698
30962 1175 9645
30963 3411 178
30964 224 2901
30965 11675 5113
30966 2305 4398
30967 5244 4835
30968 1984 5926
30969 1463 4307
30970 9656 270
30971 6699 7075
30972 11893 9262
30973 4796 11062
30974 5010 4678
30975 8538 141
30976 6770 4270
30977 5753 10361
30978 7578 11403
30979 1362 3578
30980 3301 6649
30981 232 1031
30982 1368 7528
30983 10892 6920
30984 4564 5023
30985 10293 9221
30986 9594 8949
30987 7893 3155
30988 8957 4013
30989 5153 4600
30990 442 10209
30991 7994 8032
30992 6594 4288
30993 5763 9247
30994 3293 2052
30995 429 6540
30996 7608 7063
30997 1589 5864
30998 10860 1927
30999 10382 5542
31000 5085 7949
31001 6850 7403
31002 6097 6760
31003 9409 6991
31004 1347 4155
31005 9666 8610
31006 2288 3668
31007 10719 7591
31008 11779 6558
31009 2974 10637
31010 6034 5988
31011 5410 2908
31012 5557 8116
31013 8745 3216
31014 10712 707
31015 3850 11487
31016 5262 7781
31017 1026 9306
31018 10491 1347
31019 9587 3885
31020 1206 7887
31021 1222 11517
31022 1038 9597
31023 1039 7545
31024 1841 8565
31025 7778 8718
31026 2084 11163
31027 4164 2876
31028 519 2119
31029 11128 4905
31030 9625 4096
31031 3437 10734
31032 11745 4109
31033 10470 1214
31034 11275 195
31035 4721 7288
31036 5755 3612
31037 8692 9201
31038 6978 2247
31039 8865 1339
31040 1059 10281
31041 9992 2786
31042 3502 9958
31043 4596 10796
31044 9361 5112
31045 9470 5076
31046 2096 6380
31047 7651 800
31048 1469 5218
31049 7266 8480
31050 11897 9981
31051 3221 9642
31052 931 4471
31053 3512 135
31054 5974 6313
31055 4936 7223
31056 4817 306
31057 9285 6965
31058 9931 9553
31059 2071 1022
31060 10111 1502
31061 11366 2645
31062 7169 3438
31063 880 9996
31064 4419 7581
31065 1072 7346
31066 6654 11326
31067 2218 7290
31068 1973 3164
31069 1186 9803
31070 4677 2130
31071 3602 7039
31072 7079 5447
31073 10123 4529
31074 1409 11398
31075 1927 2785
31076 5413 6642
31077 5584 9112
31078 2907 10491
31079 2404 7901
31080 10941 9831
31081 2338 5010
31082 3777 5442
31083 3597 7518
31084 10322 11882
31085 9421 11461
31086 10584 8380
31087 4258 10086
31088 1125 11185
31089 5717 10462
31090 999 5580
31091 11027 10690
31092 3109 11895
31093 858 11807
31094 4756 5596
31095 2400 2344
31096 1603 5666
31097 5959 11657
31098 6182 5335
31099 7830 3506
31100 3508 3138
31101 8682 11864
31102 3780 5637
31103 206 4918
31104 7450 4521
31105 3018 3324
31106 2366 8412
31107 8588 7142
31108 6595 3017
31109 9096 5667
31110 827 3677
31111 9741 5322
31112 2715 7991
31113 10451 9161
31114 9143 5889
31115 7656 3236
31116 3238 5849
31117 1946 5697
31118 10484 2681
31119 6893 11167
31120 10279 7146
31121 11001 5811
31122 1820 11015
31123 195 11675
31124 11363 363
31125 1734 7222
31126 1319 3466
31127 2821 3126
31128 7699 1121
31129 886 4349
31130 11797 787
31131 8917 5192
31132 6293 6017
31133 9949 405
31134 4338 10740
31135 11621 7180
31136 10194 1949
31137 2747 8803
31138 7425 7825
31139 1000 3027
31140 5601 1979
31141 4993 11048
31142 7450 11467
31143 11113 1840
31144 5208 11849
31145 1677 10701
31146 8549 10383
31147 10218 3248
31148 2017 4185
31149 1140 3455
31150 6640 6639
31151 9805 5893
31152 402 8176
31153 6704 1695
31154 6740 3560
31155 1274 1080
31156 1951 8766
31157 10122 10470
31158 4881 7007
31159 2394 7110
31160 6001 2873
31161 3044 10295
31162 8873 3638
31163 5282 4485
31164 7011 3391
31165 2080 356
31166 6486 2716
31167 4952 6773
31168 11385 5854
31169 1561 148
31170 6104 5714
31171 4353 5952
31172 9680 7097
31173 9049 7665
31174 3465 2537
31175 5971 6253
31176 2688 1222
31177 338 9385
31178 1829 5598
31179 3166 6129
31180 11795 9303
31181 7372 11506
31182 1691 6519
31183 2569 1779
31184 6499 5243
31185 10533 5998
31186 302 729
31187 3924 11187
31188 4141 380
31189 4646 5777
31190 10620 5942
31191 4341 5971
31192 5337 3561
31193 1362 8048
31194 5052 8998
31195 5358 2812
31196 7913 7984
31197 860 798
31198 5937 3884
31199 11333 2972
31200 7123 3809
31201 10912 5615
31202 11604 3341
31203 10752 1618
31204 8859 11849
31205 9723 6177
31206 3270 10910
31207 3716 10733
31208 11796 232
31209 8337 3737
31210 9996 2454
31211 9082 8135
31212 8746 9432
31213 1229 2515
31214 1860 3286
31215 11567 10424
31216 11063 133
31217 6413 7036
31218 7771 9181
31219 10871 2085
31220 5248 4232
31221 9341 2388
31222 4440 2384
31223 5260 7249
31224 8104 11053
31225 9698 10174
31226 886 6626
31227 2980 8032
31228 8406 3662
31229 2743 760
31230 11527 4263
31231 9018 5052
31232 11042 6571
31233 7835 4410
31234 606 11847
31235 3376 6028
31236 5294 4637
31237 2815 7610
31238 9034 4530
31239 11168 1301
31240 1871 11866
31241 9212 3845
31242 1329 9064
31243 9595 5800
31244 856 1923
31245 11126 1508
31246 307 1793
31247 10465 10856
31248 5949 11569
31249 6208 8537
31250 10893 1518
31251 10330 1788
31252 7917 11339
31253 11443 6113
31254 10084 5610
31255 7467 4087
31256 1681 8926
31257 10328 11041
31258 569 10910
31259 7781 8842
31260 8447 11335
31261 6509 11724
31262 3968 2501
31263 3276 10168
31264 691 5791
31265 6308 11809
31266 9502 10480
31267 861 9989
31268 7200 933
31269 7883 3953
31270 8427 3860
31271 2148 11573
31272 1726 9900
31273 7250 1035
31274 1018 4937
31275 8553 4358
31276 9051 4577
31277 331 7709
31278 7150 7481
31279 3823 1214
31280 4988 4733
31281 3197 9909
31282 9880 2621
31283 10355 1171
31284 7936 9466
31285 4296 10447
31286 2386 722
31287 1470 9335
31288 9581 1217
31289 9484 3129
31290 729 4593
31291 4172 5689
31292 1639 11444
31293 2003 985
31294 5713 4301
31295 9288 7795
31296 7298 8184
31297 4627 5482
31298 8485 3825
31299 3106 3266
31300 6257 2748
31301 84 11666
31302 11341 5303
31303 10255 10510
31304 2960 9837
31305 4085 1498
31306 8975 4397
31307 2128 6565
31308 4126 9656
31309 2175 9219
31310 9226 9785
31311 3208 7377
31312 3320 3235
31313 1934 11042
31314 7316 9337
31315 6729 6491
31316 139 7508
31317 3392 5416
31318 2492 9461
31319 7789 1092
31320 9553 7814
31321 6249 7512
31322 6942 8859
31323 211 11486
31324 11699 11485
31325 7183 5010
31326 339 8583
31327 2726 9635
31328 3957 9915
31329 5187 9918
31330 9947 7423
31331 8275 172
31332 7568 8676
31333 9890 1379
31334 3332 256
31335 8017 11059
31336 9502 3902
31337 9364 10624
31338 8225 5070
31339 8998 6066
31340 9471 367
31341 3670 10441
31342 6737 11546
31343 10745 8233
31344 2343 5422
31345 7937 7976
31346 8843 102
31347 2266 9257
31348 11652 5314
31349 7339 3975
31350 6408 10009
31351 6503 11006
31352 1854 4706
31353 10710 5409
31354 2186 4743
31355 6337 11123
31356 3041 4087
31357 7345 8913
31358 2235 4106
31359 9467 3615
31360 6208 3806
31361 4385 5397
31362 11969 9310
31363 1784 10347
31364 9655 7530
31365 3406 4864
31366 1581 3251
31367 11239 9974
31368 11625 10107
31369 6651 3919
31370 4521 8755
31371 6612 4150
31372 5170 11190
31373 1840 10298
31374 10801 7724
31375 1810 6285
31376 8725 5814
31377 6910 2840
31378 8487 9098
31379 420 2381
31380 1435 9792
31381 7512 4814
31382 11283 1356
31383 6359 6750
31384 10667 301
31385 11305 8328
31386 2610 5649
31387 2445 6315
31388 5969 550
31389 1644 3221
31390 11860 9849
31391 7305 2947
31392 1791 2675
31393 1064 1262
31394 861 2229
31395 8670 8570
31396 11414 7467
31397 6892 10439
31398 659 11295
31399 9699 2442
31400 3303 4005
31401 11251 8300
31402 5416 9552
31403 2885 11507
31404 3394 6967
31405 7766 4018
31406 3561 1582
31407 10466 11575
31408 2822 2170
31409 7199 5958
31410 11535 143
31411 2138 83
31412 7417 3045
31413 7968 2452
31414 2136 7159
31415 10210 827
31416 8146 10616
31417 5332 9725
31418 11415 11753
31419 5659 11444
31420 3008 845
31421 1722 9338
31422 7178 4060
31423 4567 2639
31424 2058 325
31425 6968 6317
31426 7296 10078
31427 1098 1540
31428 4422 4840
31429 2955 2519
31430 10664 204
31431 7257 10931
31432 617 6129
31433 9136 11330
31434 1323 1240
31435 11576 610
31436 1797 340
31437 11568 8926
31438 9834 11264
31439 2861 1942
31440 8377 1707
31441 11529 7283
31442 9986 5801
31443 8147 1081
31444 4659 5436
31445 10087 10090
31446 3883 6963
31447 7033 1659
31448 3361 1169
31449 4953 2386
31450 548 2398
31451 8199 1386
31452 12000 6319
31453 5748 5678
31454 3458 4705
31455 4732 9357
31456 4440 1474
31457 2654 4297
31458 2850 11126
31459 5522 5357
31460 134 1860
31461 7707 4326
31462 2583 3125
31463 6416 7770
31464 6040 4213
31465 9783 7400
31466 11217 6269
31467 5619 9025
31468 629 8996
31469 11847 10101
31470 1893 7800
31471 10717 10901
31472 8944 6482
31473 3157 8978
31474 916 6583
31475 6094 5977
31476 9258 10225
31477 3559 1849
31478 3657 2131
31479 10117 6719
31480 8865 4182
31481 7723 4917
31482 10810 3287
31483 10629 11601
31484 135 3625
31485 10713 6576
31486 5286 3410
31487 7186 7990
31488 1270 59
31489 7462 6334
31490 11915 160
31491 6108 3426
31492 5339 10915
31493 5833 6129
31494 6289 6603
31495 9382 5082
31496 7036 5608
31497 1380 172
31498 8496 625
31499 11194 9214
31500 4937 3806
31501 10570 1067
31502 158 4571
31503 9740 11827
31504 7161 8768
31505 11315 11144
31506 9265 781
31507 11514 4408
31508 11116 8825
31509 1382 10849
31510 2718 4970
31511 11552 4087
31512 2500 10285
31513 8516 1441
31514 2137 1901
31515 1239 11382
31516 6805 11180
31517 11379 8444
31518 11031 11611
31519 1803 8908
31520 1846 2941
31521 225 9104
31522 5403 913
31523 2450 7832
31524 7259 2824
31525 6784 10977
31526 5377 4278
31527 6988 3666
31528 5551 4469
31529 718 10541
31530 8378 10891
31531 11292 119
31532 1996 10358
31533 4896 8511
31534 3594 2674
31535 4993 4483
31536 9164 9989
31537 11889 935
31538 7370 9958
31539 11626 3849
31540 9735 7157
31541 1506 6857
31542 2793 1193
31543 1400 132
31544 4212 2448
31545 10129 5928
31546 5489 10179
31547 7093 1909
31548 8212 6384
31549 2944 11675
31550 477 2756
31551 1212 2714
31552 8579 9561
31553 7132 1256
31554 3018 7653
31555 3822 3613
31556 11094 1058
31557 1408 8204
31558 9344 2819
31559 11248 2262
31560 37 3956
31561 820 11034
31562 11625 11499
31563 11093 2945
31564 2074 1033
31565 8681 6964
31566 4594 6315
31567 3798 10441
31568 4861 8078
31569 4479 2846
31570 1233 10545
31571 1440 9518
31572 5429 7543
31573 7313 9544
31574 5189 11505
31575 236 6450
31576 184 950
31577 1938 11017
31578 8399 7946
31579 5507 1186
31580 6913 4187
31581 9167 6481
31582 7523 3094
31583 6609 11181
31584 8980 10057
31585 2995 2923
31586 1286 11455
31587 5525 4819
31588 559 375
31589 7927 6431
31590 1728 5596
31591 10131 7660
31592 6085 6220
31593 9961 3789
31594 8998 1305
31595 2570 9386
31596 9741 9735
31597 8929 1278
31598 10151 10596
31599 3150 11374
31600 388 11769
31601 9566 3038
31602 680 2237
31603 2576 1995
31604 10726 8323
31605 10223 10165
31606 9601 6798
31607 9630 6412
31608 6105 791
31609 2825 11456
31610 8322 10081
31611 7899 5788
31612 9600 11727
31613 3270 9644
31614 4611 3362
31615 1486 11900
31616 7334 4864
31617 5141 8589
31618 3747 10050
31619 8270 1308
31620 9425 4180
31621 9463 1907
31622 8987 650
31623 1553 3355
31624 1373 2661
31625 9161 9737
31626 2163 31
31627 2301 7619
31628 7208 4499
31629 9894 10216
31630 5469 5953
31631 11523 5784
31632 7148 4211
31633 5760 7446
31634 271 8055
31635 11954 6817
31636 7021 7992
31637 3207 6377
31638 10038 10329
31639 9541 5090
31640 2209 4006
31641 7760 10699
31642 11974 8107
31643 3245 1439
31644 5467 6621
31645 5066 1489
31646 6924 8545
31647 10694 5173
31648 8807 7008
31649 11799 8702
31650 2443 5185
31651 8799 1492
31652 10501 1210
31653 1717 8851
31654 3073 11889
31655 2482 7798
31656 2468 8954
31657 8761 5643
31658 6717 6250
31659 8220 7208
31660 379 8768
31661 7008 2397
31662 10914 3425
31663 8745 11453
31664 2950 11028
31665 893 7047
31666 9816 11388
31667 4400 3327
31668 5313 8274
31669 3257 11376
31670 4172 4919
31671 5246 8492
31672 2240 5989
31673 7803 9947
31674 5328 5450
31675 592 4926
31676 3262 6157
31677 2861 9227
31678 3831 5251
31679 3417 5723
31680 8395 5545
31681 3371 7100
31682 7664 2034
31683 1162 5457
31684 11177 3432
31685 4500 3433
31686 8795 4392
31687 8093 6434
31688 7634 7413
31689 7988 9573
31690 10276 2707
31691 2230 4726
31692 2723 3321
31693 8064 3182
31694 7401 2107
31695 7251 6095
31696 3082 4456
31697 2330 2483
31698 278 7266
31699 4083 4713
31700 7534 814
31701 8736 3338
31702 8144 4974
31703 11398 2077
31704 9051 9257
31705 9034 915
31706 780 8025
31707 10141 3115
31708 7317 6124
31709 1861 4071
31710 10176 8901
31711 4267 1259
31712 9145 10073
31713 11995 3889
31714 9053 11986
31715 1024 7472
31716 4941 7573
31717 943 1869
31718 6241 8583
31719 1652 10349
31720 11160 6805
31721 10477 10904
31722 980 13
31723 7603 11356
31724 2998 68
31725 4624 7631
31726 2332 8711
31727 9653 731
31728 7928 7680
31729 10742 1223
31730 8654 8399
31731 9581 1688
31732 11744 6441
31733 2337 3753
31734 6882 8261
31735 889 7987
31736 1568 3966
31737 8063 5640
31738 1577 3691
31739 6365 10129
31740 8498 7425
31741 7219 7782
31742 5815 564
31743 11042 5848
31744 1345 11229
31745 274 5457
31746 5752 7633
31747 3103 3913
31748 7931 71
31749 6571 11561
31750 8778 9609
31751 2632 4235
31752 11058 6947
31753 8537 2071
31754 7762 3403
31755 10790 5098
31756 5875 5514
31757 2057 11206
31758 4338 8917
31759 7388 7454
31760 221 2018
31761 3664 4235
31762 4917 5786
31763 6751 11355
31764 2551 5454
31765 11072 8697
31766 7001 3875
31767 1741 3688
31768 2930 8305
31769 3567 9664
31770 579 5039
31771 8701 5531
31772 11926 6596
31773 10628 467
31774 5301 5175
31775 3279 11407
31776 1598 7104
31777 932 2208
31778 10085 10582
31779 11162 5481
31780 11661 9876
31781 11202 9926
31782 7156 4959
31783 10766 1937
31784 9091 1235
31785 11636 9328
31786 6014 4069
31787 10716 9999
31788 5069 9992
31789 5553 3404
31790 10522 3998
31791 4935 8313
31792 10873 6320
31793 6930 5619
31794 6783 7220
31795 2060 8767
31796 6147 5232
31797 8302 11160
31798 7948 8864
31799 330 1976
31800 2626 10325
31801 11969 10305
31802 6409 5988
31803 5748 4376
31804 8905 3467
31805 981 2575
31806 2916 3699
31807 9633 6598
31808 9090 3064
31809 10891 3220
31810 3228 999
31811 6951 7319
31812 2982 11988
31813 21 11960
31814 4638 9130
31815 11528 2310
31816 7357 9094
31817 6134 5498
31818 1339 9184
31819 8837 7117
31820 6464 2122
31821 312 7946
31822 11636 8235
31823 7327 7120
31824 11214 11156
31825 7322 3053
31826 7258 556
31827 7853 2438
31828 10243 4473
31829 4762 3318
31830 1919 9622
31831 1718 2285
31832 645 9115
31833 5807 458
31834 5845 3299
31835 6394 4601
31836 10657 9553
31837 2299 9488
31838 230 6028
31839 3068 433
31840 11799 1950
31841 6188 7475
31842 256 0
31843 611 8254
31844 4019 2585
31845 922 10427
31846 11524 4520
31847 9351 6699
31848 7703 9793
31849 1021 8174
31850 11227 7884
31851 815 1041
31852 4986 7069
31853 11165 223
31854 10638 10251
31855 985 4371
31856 3027 978
31857 2664 10505
31858 3312 5871
31859 9805 3682
31860 9835 3404
31861 11544 47
31862 511 9539
31863 6424 3630
31864 10049 3802
31865 3349 5151
31866 7279 9310
31867 4702 11148
31868 7782 9777
31869 7190 5661
31870 10334 6084
31871 3371 6122
31872 9093 7967
31873 5770 7726
31874 71 2064
31875 11767 10330
31876 8494 9184
31877 4933 3699
31878 5860 1575
31879 2085 577
31880 5198 5716
31881 7919 1590
31882 3855 9008
31883 1777 7815
31884 108 9707
31885 6767 1804
31886 1924 8331
31887 9039 1778
31888 4865 3134
31889 3439 8700
31890 10648 10299
31891 576 9377
31892 10943 4202
31893 101 120
31894 11084 11681
31895 1629 8689
31896 2458 9319
31897 7768 3428
31898 10842 5481
31899 621 4001
31900 11345 4069
31901 10767 6948
31902 5980 4022
31903 11367 8800
31904 8003 1528
31905 8585 4847
31906 6264 8634
31907 7443 2696
31908 9247 7804
31909 3717 8939
31910 4663 2241
31911 2712 6502
31912 8884 1973
31913 2674 5755
31914 198 5592
31915 1704 6010
31916 10329 7646
31917 3129 4815
31918 11481 5997
31919 4444 6753
31920 7344 2486
31921 3097 5462
31922 1480 1400
31923 11768 1236
31924 8706 9677
31925 133 766
31926 10397 973
31927 6167 2269
31928 8830 9396
31929 9134 10804
31930 8510 4818
31931 3459 4550
31932 1912 3522
31933 10203 165
31934 9744 7537
31935 11063 8427
31936 9745 11771
31937 8139 9345
31938 2135 8571
31939 3348 2530
31940 1596 66
31941 11920 3288
31942 1144 10380
31943 6361 5101
31944 6521 11960
31945 3112 10877
31946 8506 11315
31947 419 8318
31948 5578 767
31949 10202 5362
31950 5045 5336
31951 11367 1921
31952 2695 5541
31953 3037 10590
31954 4029 8695
31955 9818 8617
31956 8209 9038
31957 1397 1363
31958 10976 4833
31959 3059 10976
31960 7986 6839
31961 3387 3326
31962 11323 2635
31963 9029 8246
31964 7965 8446
31965 4006 8761
31966 1071 1545
31967 10172 7395
31968 7326 11427
31969 10151 11259
31970 9223 1779
31971 6047 11736
31972 1687 8933
31973 2802 7040
31974 4574 10779
31975 9266 9646
31976 3663 6460
31977 3135 7330
31978 3846 2243
31979 9180 4996
31980 9350 8507
31981 9739 5775
31982 11107 10307
31983 836 10902
31984 11716 10420
31985 4968 8158
31986 5260 4503
31987 897 3001
31988 1405 2368
31989 1355 3808
31990 2837 2155
31991 4115 7330
31992 3582 9401
31993 10747 161
31994 7741 2675
31995 3403 1273
31996 4654 239
31997 6917 10940
31998 7988 1266
31999 10183 8577
32000 8566 6876
32001 11376 9098
32002 11302 7411
32003 8847 9347
32004 4399 6059
32005 6532 5133
32006 5005 9557
32007 7498 1252
32008 7390 7837
32009 2006 6221
32010 9537 7143
32011 1637 5594
32012 8620 5030
32013 871 9077
32014 351 10432
32015 2458 3767
32016 617 6885
32017 6614 11435
32018 7904 7680
32019 3387 11191
32020 9074 3060
32021 8513 527
32022 1408 6472
32023 9387 10996
32024 10421 1480
32025 9925 8974
32026 2694 9585
32027 1046 11995
32028 10650 6368
32029 640 136
32030 219 10528
32031 3950 8587
32032 9616 4741
32033 6014 10675
32034 4565 7573
32035 7145 1309
32036 2810 10852
32037 7806 6385
32038 10332 10856
32039 6515 919
32040 6955 9200
32041 2048 8209
32042 6002 8086
32043 1825 1115
32044 2170 8024
32045 7546 1428
32046 1964 6050
32047 7576 2068
32048 3410 3962
32049 8513 9523
32050 3831 672
32051 7235 2418
32052 7402 2063
32053 2101 10000
32054 9538 5136
32055 8063 9994
32056 2533 6948
32057 1766 8214
32058 551 8238
32059 11043 9288
32060 7078 9421
32061 9041 8001
32062 7133 9450
32063 1351 8614
32064 4841 9937
32065 5548 11917
32066 4224 1400
32067 1801 2168
32068 11687 150
32069 7740 6748
32070 11074 10337
32071 11457 710
32072 841 9337
32073 3023 1906
32074 10787 9243
32075 2798 3725
32076 2644 4882
32077 10218 11637
32078 11699 8585
32079 5478 6782
32080 2718 2965
32081 3777 4827
32082 9888 6957
32083 3082 4952
32084 9164 2402
32085 7618 6689
32086 1420 11514
32087 6680 1155
32088 11237 1907
32089 3579 1921
32090 10720 2954
32091 11719 6945
32092 1827 11338
32093 1795 1352
32094 10635 7780
32095 7937 11803
32096 8947 3584
32097 11482 4498
32098 5405 1080
32099 9215 9599
32100 1439 2808
32101 10740 3445
32102 6468 7674
32103 7848 6512
32104 2237 2862
32105 4646 839
32106 5207 9743
32107 11665 5658
32108 8670 6138
32109 1202 10622
32110 11060 6442
32111 2468 4841
32112 6668 2561
32113 8940 5720
32114 7793 2466
32115 11286 11433
32116 8850 11813
32117 7931 202
32118 2367 4441
32119 573 6989
32120 9364 205
32121 10669 11845
32122 4707 2765
32123 11787 3079
32124 3155 5929
32125 1691 2312
32126 3783 441
32127 6084 7084
32128 6592 3702
32129 11610 672
32130 6258 3059
32131 10108 688
32132 5237 3747
32133 4188 2197
32134 9868 7072
32135 7533 1454
32136 975 11757
32137 2714 1308
32138 8878 11176
32139 10686 1899
32140 3253 8461
32141 11180 3596
32142 10793 7005
32143 11794 5340
32144 11913 1947
32145 9346 9800
32146 5168 9500
32147 9941 5894
32148 1255 4572
32149 45 725
32150 7273 5262
32151 3561 10300
32152 4023 1591
32153 10243 5465
32154 9382 9818
32155 6134 1056
32156 2512 8419
32157 8738 4364
32158 4653 4498
32159 3813 7192
32160 1261 8258
32161 4896 11319
32162 7675 3453
32163 1937 11048
32164 2548 5333
32165 7936 10467
32166 1539 3419
32167 3362 3743
32168 11750 3453
32169 8142 10917
32170 8791 5346
32171 3431 8443
32172 4637 11185
32173 136 6033
32174 9706 2243
32175 500 1067
32176 1683 3397
32177 11422 7430
32178 2282 7798
32179 2967 10437
32180 971 4549
32181 3653 7522
32182 3151 3784
32183 11964 2792
32184 6502 4054
32185 1009 9108
32186 3498 6796
32187 9704 5394
32188 4459 10047
32189 7674 9538
32190 1540 9426
32191 5047 11458
32192 2846 11269
32193 3631 1126
32194 11400 7451
32195 2200 8896
32196 11547 6732
32197 8735 3891
32198 110 7994
32199 6872 2188
32200 7442 9369
32201 10164 6932
32202 9596 5123
32203 7898 3528
32204 1231 11615
32205 11039 7555
32206 10377 6080
32207 6781 5484
32208 9248 9933
32209 4454 6144
32210 7115 10022
32211 3914 5605
32212 8267 11519
32213 7943 4284
32214 2301 5908
32215 1385 11631
32216 11287 2713
32217 6921 8899
32218 11153 9333
32219 8983 8260
32220 3353 4025
32221 7919 1082
32222 9783 2159
32223 9615 7494
32224 3924 358
32225 520 1889
32226 10575 3157
32227 6650 561
32228 7376 11392
32229 3731 10279
32230 4746 2287
32231 4416 594
32232 11959 8641
32233 9832 9621
32234 7852 4250
32235 9818 9146
32236 8665 10889
32237 4421 7088
32238 8868 573
32239 1643 544
32240 6764 11385
32241 7643 10184
32242 5220 4893
32243 902 11298
32244 3432 4077
32245 320 9199
32246 1954 1594
32247 6476 5100
32248 4052 546
32249 10358 791
32250 6169 5057
32251 2276 10971
32252 9036 8326
32253 3080 4733
32254 5410 3497
32255 1308 4150
32256 966 8487
32257 10876 7893
32258 4935 10213
32259 6481 11846
32260 3337 11339
32261 10757 10271
32262 1972 6593
32263 1142 1351
32264 345 9095
32265 1543 467
32266 7846 4605
32267 4710 7136
32268 1214 5857
32269 7998 7874
32270 7599 6315
32271 11101 8883
32272 8607 192
32273 9142 6145
32274 9634 2182
32275 3616 10662
32276 6376 289
32277 5438 4623
32278 2833 10771
32279 9501 741
32280 6747 4666
32281 5249 8115
32282 7517 5642
32283 5493 3505
32284 7493 5547
32285 5776 11795
32286 2781 4132
32287 1801 4651
32288 11115 411
32289 235 6555
32290 7369 9220
32291 1563 3485
32292 5056 9375
32293 8467 8657
32294 1711 9061
32295 9231 7462
32296 10640 10907
32297 9466 9861
32298 2769 8342
32299 4800 470
32300 10772 3783
32301 10853 10696
32302 9373 3121
32303 8303 7715
32304 9331 7350
32305 6041 5869
32306 11585 3246
32307 11617 1604
32308 4295 3792
32309 4744 1463
32310 2745 11678
32311 4007 6250
32312 4659 5439
32313 4630 66
32314 6444 3462
32315 1011 11454
32316 7839 8058
32317 7603 4439
32318 88 4297
32319 9376 631
32320 10054 1737
32321 11370 6325
32322 3080 5273
32323 9018 649
32324 5640 4786
32325 949 1756
32326 10352 4693
32327 4279 2558
32328 3035 5203
32329 8117 3389
32330 1377 10780
32331 2059 4387
32332 7331 1121
32333 10938 6959
32334 7684 3580
32335 3457 1396
32336 4745 5269
32337 10303 6923
32338 3353 10156
32339 11485 9965
32340 7209 904
32341 9198 5365
32342 2528 2954
32343 9605 7223
32344 4867 9084
32345 8448 11005
32346 1487 10957
32347 1212 10465
32348 4928 4768
32349 11848 1395
32350 6710 8685
32351 10505 3461
32352 6391 7474
32353 7724 8028
32354 5424 5721
32355 7969 8037
32356 3852 1707
32357 8820 4469
32358 4353 5297
32359 8506 4928
32360 9411 11082
32361 2511 5082
32362 6974 9505
32363 6748 5953
32364 1444 7950
32365 3289 10883
32366 2149 11127
32367 8139 1310
32368 9654 6521
32369 9513 8107
32370 5834 7862
32371 9544 9962
32372 9336 1676
32373 1697 815
32374 5870 5386
32375 10625 10324
32376 1357 1430
32377 1310 1553
32378 5171 2259
32379 8539 10442
32380 3135 3280
32381 8217 10817
32382 3443 9693
32383 8734 3050
32384 4645 5478
32385 10114 8169
32386 7939 8142
32387 3456 9218
32388 6196 10376
32389 3027 6184
32390 8799 11596
32391 5693 5557
32392 6484 11970
32393 2389 5510
32394 2856 8619
32395 1207 857
32396 8003 196
32397 5180 7779
32398 9965 8778
32399 2548 5233
32400 2348 9620
32401 2596 46
32402 2247 3350
32403 623 8474
32404 515 1260
32405 2087 5325
32406 2688 3694
32407 3434 10525
32408 5184 885
32409 6045 3167
32410 5280 30
32411 11986 6930
32412 4463 2169
32413 7559 10828
32414 7634 10617
32415 4522 626
32416 7071 2113
32417 7307 7394
32418 1839 2467
32419 8785 5602
32420 1941 1337
32421 5342 8814
32422 5283 3069
32423 11124 6277
32424 2453 6816
32425 7081 7069
32426 10436 1207
32427 2681 9747
32428 5428 2008
32429 6717 3349
32430 4704 11575
32431 4459 3798
32432 11410 1192
32433 6104 11167
32434 3532 10722
32435 1595 5260
32436 9453 10965
32437 4082 2175
32438 10329 7092
32439 7452 9649
32440 7627 4135
32441 371 2351
32442 2742 389
32443 6357 7606
32444 6877 10836
32445 8318 3548
32446 2278 1159
32447 8100 1005
32448 2631 7719
32449 9015 1815
32450 9272 4331
32451 10636 5760
32452 4586 6579
32453 4369 4849
32454 5128 9559
32455 11105 10869
32456 2657 4441
32457 7213 4545
32458 10938 11810
32459 7517 8358
32460 4047 5695
32461 5254 9244
32462 9332 3367
32463 6494 7209
32464 6529 2562
32465 7297 4388
32466 6160 3970
32467 11558 760
32468 10616 10371
32469 726 2770
32470 6427 11584
32471 2732 10695
32472 10611 3943
32473 7859 5396
32474 9585 4018
32475 529 11355
32476 1392 11360
32477 10931 4284
32478 7821 2845
32479 2639 11899
32480 3525 1329
32481 7198 177
32482 1831 3488
32483 8961 7369
32484 10490 7638
32485 10839 8280
32486 6472 5374
32487 3300 7821
32488 5625 844
32489 9774 1054
32490 3693 2030
32491 11230 4878
32492 880 2630
32493 4677 6411
32494 7850 4115
32495 1087 63
32496 3192 1934
32497 5115 8484
32498 10699 6566
32499 7552 10958
32500 5783 4311
32501 1549 11884
32502 11300 6819
32503 11014 5825
32504 4987 2359
32505 1552 3067
32506 2855 8032
32507 4270 9478
32508 2876 10394
32509 1258 806
32510 964 10802
32511 4514 6278
32512 5107 8883
32513 456 9592
32514 1480 11460
32515 1522 6423
32516 10133 3386
32517 11216 8123
32518 1420 8197
32519 5806 3333
32520 5565 3991
32521 8350 2305
32522 2678 8825
32523 7620 9205
32524 446 3834
32525 6952 9118
32526 5768 4653
32527 10632 10622
32528 10358 3553
32529 6766 27
32530 5199 7383
32531 4759 8487
32532 5679 7374
32533 6255 7960
32534 3846 1791
32535 5343 11092
32536 8866 3762
32537 531 7829
32538 11806 10238
32539 11038 7340
32540 3033 8611
32541 8231 6964
32542 3001 5063
32543 6967 8734
32544 10831 11086
32545 8946 2345
32546 9563 2173
32547 35 8678
32548 11281 4627
32549 8171 8992
32550 7999 10326
32551 4121 430
32552 8848 10654
32553 11485 9769
32554 8294 2122
32555 6335 2551
32556 5631 8644
32557 6982 3611
32558 7259 501
32559 11309 627
32560 2291 8538
32561 7527 3598
32562 2983 11331
32563 6042 6446
32564 80 1045
32565 6695 6718
32566 9083 3674
32567 3207 174
32568 9998 8100
32569 52 6447
32570 6844 738
32571 7656 10311
32572 10697 3661
32573 7156 627
32574 1500 11668
32575 7559 7103
32576 10913 529
32577 900 4252
32578 5553 5921
32579 10176 2711
32580 8455 5461
32581 6324 3137
32582 9388 9646
32583 10867 1768
32584 2846 5328
32585 6363 585
32586 1456 9430
32587 1123 10367
32588 11129 82
32589 1499 4500
32590 3095 3262
32591 10477 934
32592 11000 1863
32593 8423 4288
32594 4024 1388
32595 7707 7391
32596 168 11178
32597 10714 900
32598 9003 10939
32599 5143 2661
32600 175 11419
32601 8458 1825
32602 3756 2348
32603 1135 321
32604 10700 7922
32605 8694 5473
32606 9122 2528
32607 97 6728
32608 196 9070
32609 3676 9115
32610 5337 8227
32611 7232 372
32612 6172 8330
32613 1814 7889
32614 1556 3164
32615 2777 7955
32616 6643 4022
32617 526 10780
32618 3243 5679
32619 7728 10267
32620 8387 3756
32621 7087 216
32622 2993 3655
32623 1369 1262
32624 996 3665
32625 1745 8345
32626 10420 1649
32627 6390 8779
32628 11716 8748
32629 10398 2672
32630 1021 1106
32631 11634 7225
32632 2520 6643
32633 2425 2995
32634 8857 9614
32635 8818 7772
32636 6687 10845
32637 4976 2367
32638 1620 4368
32639 974 6343
32640 1093 3003
32641 11434 3155
32642 8228 4109
32643 8586 2334
32644 4175 8337
32645 293 11372
32646 6509 2626
32647 11794 3609
32648 7043 9044
32649 11774 11335
32650 4941 9410
32651 2618 8728
32652 5309 764
32653 8577 9712
32654 2742 8561
32655 1489 411
32656 9381 7031
32657 3589 3825
32658 6582 304
32659 1560 6519
32660 1490 5811
32661 7635 6781
32662 1812 549
32663 7343 1803
32664 2456 6106
32665 5001 10544
32666 5490 10585
32667 5363 237
32668 5834 7
32669 11063 10128
32670 6520 11996
32671 7876 6782
32672 4100 6232
32673 5337 8781
32674 10919 1314
32675 6711 11888
32676 9795 9259
32677 8384 2860
32678 10912 2307
32679 8189 5263
32680 5978 3756
32681 1135 10031
32682 365 10823
32683 2737 1275
32684 1286 9791
32685 5930 9747
32686 3878 10482
32687 4853 675
32688 1595 3880
32689 5378 5433
32690 7722 11867
32691 7428 2160
32692 3532 2897
32693 598 4467
32694 470 3960
32695 7030 4476
32696 5939 3906
32697 10252 5611
32698 1570 11231
32699 590 6654
32700 11472 5583
32701 847 3202
32702 11031 2798
32703 11856 7067
32704 10067 865
32705 3327 4214
32706 6646 5923
32707 7991 8873
32708 9041 11210
32709 4862 3139
32710 9174 5297
32711 80 193
32712 6062 8992
32713 8400 10253
32714 7119 3113
32715 2938 7361
32716 2334 11441
32717 229 3506
32718 7696 868
32719 1151 10661
32720 2817 5562
32721 7786 5938
32722 10873 4114
32723 112 4378
32724 11690 3173
32725 9713 10161
32726 2296 7745
32727 8611 3366
32728 9715 3114
32729 4177 8248
32730 10842 11372
32731 3377 5142
32732 2953 7320
32733 6182 696
32734 3309 4601
32735 6460 8896
32736 9236 9838
32737 3488 927
32738 6234 4732
32739 7717 11259
32740 5346 4062
32741 557 6025
32742 5425 10848
32743 7219 5362
32744 4230 5272
32745 6754 1714
32746 10746 2415
32747 3141 1675
32748 2003 9453
32749 6484 6523
32750 2326 3950
32751 11525 11835
32752 2815 10070
32753 1557 10157
32754 3527 7131
32755 11139 2274
32756 10758 7421
32757 8209 4558
32758 3513 6694
32759 3732 3745
32760 6324 7040
32761 4209 10937
32762 10289 11490
32763 5799 4782
32764 9922 2510
32765 11800 7146
32766 2611 3844
32767 9479 2144
32768 8017 4998
32769 2375 3675
32770 4292 10009
32771 5675 425
32772 5738 11113
32773 11226 2061
32774 9527 6935
32775 3205 10576
32776 4943 7727
32777 11719 929
32778 3260 5259
32779 490 3490
32780 7388 10045
32781 5651 8150
32782 9266 7719
32783 7899 5997
32784 4192 3057
32785 11725 11472
32786 2586 11662
32787 9 7074
32788 3180 11731
32789 5711 10254
32790 2343 4596
32791 10567 8529
32792 6079 7349
32793 9254 4200
32794 9474 1113
32795 9150 1989
32796 8754 1050
32797 299 10565
32798 8032 2140
32799 9618 3927
32800 7538 2554
32801 4035 8513
32802 655 1843
32803 1628 3624
32804 812 4828
32805 6007 11178
32806 10094 1361
32807 9617 10604
32808 4552 9482
32809 6974 5206
32810 4485 1146
32811 1712 1075
32812 9804 510
32813 11492 7982
32814 9223 359
32815 659 1772
32816 94 5851
32817 6899 9689
32818 8258 77
32819 10746 1894
32820 3965 11353
32821 5214 10861
32822 1277 10453
32823 3195 8904
32824 1745 1786
32825 9709 4592
32826 9646 5848
32827 3131 7953
32828 7428 1633
32829 2863 6859
32830 9130 3684
32831 3489 6859
32832 7258 11385
32833 7463 11514
32834 7155 1035
32835 8527 200
32836 8186 6766
32837 5146 7607
32838 6674 2732
32839 10212 6344
32840 7533 7016
32841 8474 1030
32842 6198 6947
32843 2229 3868
32844 9404 943
32845 5795 679
32846 711 7782
32847 966 8050
32848 5291 8374
32849 11802 10163
32850 8276 2304
32851 2721 6508
32852 6591 6466
32853 4442 6597
32854 8963 6242
32855 11360 8755
32856 4923 7702
32857 9581 10835
32858 3237 7236
32859 2285 11225
32860 5338 7869
32861 1120 11852
32862 5787 8876
32863 7188 4218
32864 7699 1397
32865 4145 5633
32866 10723 1214
32867 4433 2921
32868 3380 9686
32869 7810 10985
32870 6709 5197
32871 4429 2714
32872 8995 9610
32873 1926 11953
32874 1817 9876
32875 397 3326
32876 3637 9940
32877 4684 7395
32878 8653 1624
32879 10970 7658
32880 4539 6920
32881 5505 2431
32882 8768 8261
32883 10295 8422
32884 2827 11420
32885 4871 9167
32886 8841 5132
32887 8978 4363
32888 1147 10708
32889 9305 588
32890 3012 5710
32891 1623 6409
32892 5639 6739
32893 3222 10341
32894 8713 9145
32895 205 2290
32896 8083 8214
32897 4764 5412
32898 2372 3043
32899 517 9774
32900 1789 1190
32901 8938 2081
32902 4451 7565
32903 7015 157
32904 1979 9513
32905 7047 214
32906 11053 172
32907 1884 4410
32908 9475 8079
32909 4874 7546
32910 8768 9109
32911 8743 8600
32912 3258 2193
32913 6980 7083
32914 8056 4626
32915 4219 1791
32916 8087 11849
32917 5321 3540
32918 8653 4753
32919 6121 4503
32920 1504 3558
32921 9457 11713
32922 1605 6754
32923 11460 4659
32924 3796 961
32925 2026 11968
32926 5501 7665
32927 1946 1001
32928 9846 7265
32929 4608 7442
32930 4838 2164
32931 440 10233
32932 7332 2715
32933 960 2889
32934 5880 6344
32935 1772 4134
32936 4256 3064
32937 5057 9602
32938 7487 7449
32939 8076 11895
32940 2660 6571
32941 615 3
32942 2537 1610
32943 4117 7634
32944 5754 1686
32945 8093 7368
32946 2666 7181
32947 10159 992
32948 8530 3530
32949 10115 3089
32950 2284 6665
32951 7509 10051
32952 4863 9050
32953 7517 906
32954 6416 10378
32955 3568 977
32956 6974 11266
32957 8072 3936
32958 147 9376
32959 7726 1584
32960 7050 3474
32961 8817 6249
32962 2584 6469
32963 2683 7038
32964 3909 2553
32965 2031 2087
32966 4233 931
32967 44 11876
32968 11353 9928
32969 2105 3027
32970 1380 11809
32971 11847 2227
32972 4976 5426
32973 2840 3770
32974 11389 11264
32975 7254 8617
32976 6979 6732
32977 1921 11427
32978 4988 11764
32979 1575 10752
32980 6970 2401
32981 11335 440
32982 3147 10797
32983 2072 2989
32984 7777 11902
32985 6631 10827
32986 187 9785
32987 1663 4902
32988 8308 7498
32989 5177 7891
32990 924 7421
32991 3874 6573
32992 9507 4590
32993 7827 4259
32994 2407 9451
32995 2068 8122
32996 2381 4543
32997 405 4688
32998 2330 7253
32999 10562 1720
33000 2242 10715
33001 1580 3347
33002 472 3115
33003 3399 5995
33004 209 6656
33005 3583 8522
33006 10856 6810
33007 362 6557
33008 4571 2447
33009 7268 833
33010 10348 6060
33011 9355 3840
33012 6818 10039
33013 1427 7588
33014 3848 6400
33015 4093 486
33016 3660 11963
33017 10964 419
33018 5753 5611
33019 2562 3073
33020 6626 7374
33021 3708 3471
33022 6536 1960
33023 9390 6178
33024 3628 4914
33025 443 6240
33026 3406 3721
33027 7418 8591
33028 463 10424
33029 6226 11170
33030 5965 9000
33031 5593 9233
33032 1275 6178
33033 9216 5209
33034 11354 1430
33035 2023 9884
33036 1074 10920
33037 2650 9358
33038 5003 4227
33039 7724 7255
33040 6638 1902
33041 3000 1752
33042 5767 5452
33043 7356 9223
33044 3823 9375
33045 11093 7310
33046 11739 3785
33047 9375 6588
33048 5200 6299
33049 8127 10136
33050 5162 1192
33051 986 7998
33052 10710 2011
33053 11041 5259
33054 9564 3891
33055 1493 11400
33056 7352 5903
33057 9329 11825
33058 11161 8516
33059 6885 6404
33060 11831 9339
33061 88 6697
33062 2630 1192
33063 6703 4929
33064 11801 2806
33065 7593 9219
33066 9994 9036
33067 11950 428
33068 11650 6125
33069 7335 3183
33070 3468 6336
33071 9637 9729
33072 4157 4657
33073 7325 11042
33074 206 2938
33075 2303 1775
33076 376 6825
33077 891 7752
33078 4136 10917
33079 11148 2148
33080 7622 714
33081 3150 5939
33082 7743 7903
33083 1607 9322
33084 11017 4894
33085 6236 1320
33086 7354 11657
33087 11366 6750
33088 9470 10892
33089 9524 4556
33090 4146 7950
33091 7522 3311
33092 11769 6825
33093 167 1111
33094 3638 7109
33095 11793 6769
33096 2937 6780
33097 3381 1113
33098 5274 4910
33099 2915 9333
33100 5890 5245
33101 4205 7377
33102 2214 11701
33103 6293 7914
33104 11310 5371
33105 11892 11518
33106 8206 10867
33107 1608 10501
33108 43 8794
33109 1207 1920
33110 11148 7134
33111 4900 9937
33112 3040 5899
33113 8585 7681
33114 1936 6729
33115 9290 8593
33116 2012 4794
33117 5104 9225
33118 4766 9561
33119 11836 8338
33120 10103 922
33121 10708 8650
33122 1648 3997
33123 11289 10951
33124 8046 10617
33125 5924 7872
33126 9274 4220
33127 1284 5264
33128 10796 1583
33129 1250 11348
33130 6623 4029
33131 7597 951
33132 2971 10018
33133 8840 1316
33134 9162 1876
33135 4214 11404
33136 725 4427
33137 1508 7915
33138 1755 3692
33139 2739 4679
33140 10896 10706
33141 5026 2823
33142 3741 5447
33143 267 4218
33144 3981 2138
33145 1054 7377
33146 6391 3061
33147 4587 11746
33148 2498 11422
33149 1375 3882
33150 2973 9495
33151 3703 8018
33152 6317 4518
33153 1445 5607
33154 7526 1419
33155 11793 11956
33156 1442 6584
33157 1660 3863
33158 897 5983
33159 9440 7268
33160 8647 180
33161 6705 9579
33162 8255 10745
33163 6721 6179
33164 5963 1338
33165 10575 7854
33166 9054 10536
33167 1854 1677
33168 391 2021
33169 4616 7887
33170 2103 11928
33171 7070 238
33172 4594 2997
33173 1411 2256
33174 5856 10912
33175 2275 11724
33176 2652 6538
33177 3357 644
33178 5681 1879
33179 3265 7192
33180 10605 1412
33181 9271 7854
33182 11446 2610
33183 6417 8793
33184 7983 9860
33185 2868 3282
33186 1481 11911
33187 9709 4201
33188 4139 1426
33189 6064 2941
33190 8052 8540
33191 8948 4067
33192 11964 5534
33193 10374 6664
33194 4043 8361
33195 10080 1644
33196 1026 376
33197 7407 1626
33198 11331 7819
33199 3458 11251
33200 4939 1089
33201 2616 8980
33202 3492 7899
33203 2595 4188
33204 4807 8053
33205 2326 6439
33206 10623 5003
33207 840 367
33208 4594 5599
33209 11946 9155
33210 5237 10584
33211 440 229
33212 2973 7987
33213 10652 10921
33214 10778 7305
33215 1439 1849
33216 557 1684
33217 2790 1366
33218 10982 3647
33219 4015 8386
33220 9642 8894
33221 1096 9455
33222 5216 8006
33223 10662 4018
33224 2846 11587
33225 11118 10036
33226 303 1539
33227 1548 10367
33228 3802 743
33229 5173 6339
33230 7156 7714
33231 8588 6403
33232 4426 9256
33233 4902 9360
33234 10340 9563
33235 10940 6639
33236 4875 11563
33237 9214 4053
33238 6201 989
33239 8061 8306
33240 8491 7054
33241 585 8000
33242 2485 7019
33243 10475 2364
33244 6813 1772
33245 2662 1705
33246 2974 10394
33247 11299 2534
33248 5460 5971
33249 6392 7752
33250 1805 7034
33251 382 7441
33252 3045 3745
33253 7935 316
33254 7619 130
33255 10490 11154
33256 4143 7630
33257 9081 11907
33258 7188 2687
33259 11022 1509
33260 9867 9076
33261 8482 7095
33262 5667 11925
33263 2276 9221
33264 3050 1012
33265 7675 11226
33266 2684 1687
33267 6496 9944
33268 2815 7048
33269 1774 6817
33270 3535 7980
33271 9340 10882
33272 2057 3235
33273 528 9664
33274 8928 8856
33275 3700 3096
33276 177 7475
33277 8093 11363
33278 6601 2618
33279 7029 1439
33280 5468 11763
33281 3074 1880
33282 4494 5281
33283 1792 7569
33284 10450 2698
33285 287 6103
33286 1783 10293
33287 9361 4739
33288 1655 6724
33289 7906 3003
33290 4067 9008
33291 1490 10869
33292 2609 9957
33293 7561 8443
33294 8203 7901
33295 2813 3465
33296 8217 4085
33297 5224 11366
33298 7245 6626
33299 4119 6460
33300 4036 2223
33301 9271 6133
33302 9232 5650
33303 8458 11579
33304 1523 258
33305 283 8889
33306 10385 6362
33307 811 11895
33308 8570 8926
33309 836 6076
33310 3612 2217
33311 5253 10342
33312 10535 1835
33313 3233 8585
33314 10275 10309
33315 6369 8023
33316 7929 7781
33317 2896 1880
33318 1777 1309
33319 9021 2598
33320 8075 6764
33321 4642 11082
33322 10624 1307
33323 4358 3594
33324 5793 3943
33325 910 2452
33326 1600 11894
33327 2771 10933
33328 5987 140
33329 11353 3397
33330 7126 8219
33331 3178 706
33332 102 760
33333 9017 6025
33334 6466 4473
33335 9869 7596
33336 826 456
33337 8630 10657
33338 11206 2442
33339 3844 5758
33340 2059 4125
33341 6087 8554
33342 11638 11764
33343 2064 5665
33344 1338 2859
33345 8315 2145
33346 5626 10050
33347 9725 6698
33348 11755 4934
33349 8686 1394
33350 8784 6169
33351 6689 8310
33352 10674 11891
33353 1140 7134
33354 10209 1534
33355 11265 5054
33356 10690 10322
33357 6121 11476
33358 11538 3678
33359 8844 9110
33360 8088 6481
33361 2887 5104
33362 2720 6238
33363 3091 11998
33364 9422 8100
33365 2223 3192
33366 9441 5797
33367 3498 385
33368 7519 10476
33369 7941 5037
33370 10672 1020
33371 11691 5674
33372 2537 6342
33373 6702 7544
33374 513 11211
33375 2155 2453
33376 3260 11929
33377 2840 3315
33378 9719 2441
33379 793 2227
33380 3681 3847
33381 603 4958
33382 5644 11556
33383 1619 11165
33384 10025 9539
33385 9534 9104
33386 1328 4210
33387 5575 4875
33388 8130 6102
33389 9656 4425
33390 11653 11734
33391 6557 1375
33392 7487 11391
33393 10241 7096
33394 5896 11564
33395 9864 7575
33396 11759 6583
33397 10035 2279
33398 6165 104
33399 1881 5076
33400 6178 3514
33401 9211 3393
33402 8308 188
33403 976 10561
33404 8566 7565
33405 1110 3967
33406 1409 1862
33407 891 5875
33408 7972 4993
33409 3321 7093
33410 153 11051
33411 1815 6860
33412 3363 8842
33413 6502 7275
33414 5202 8247
33415 3903 10889
33416 11860 457
33417 2049 2808
33418 690 5406
33419 8458 2807
33420 10347 2448
33421 5736 8450
33422 7394 6999
33423 6347 1594
33424 3121 8340
33425 4218 1634
33426 1122 3781
33427 2863 3858
33428 6286 2455
33429 7109 10595
33430 10622 72
33431 8288 2092
33432 6024 2204
33433 6673 6022
33434 10211 6798
33435 6967 5086
33436 5807 6489
33437 6002 10208
33438 9005 6071
33439 11559 10295
33440 4827 9397
33441 8553 2754
33442 6158 10828
33443 5730 4374
33444 9326 6537
33445 2635 10017
33446 11946 7211
33447 8584 2319
33448 10363 8482
33449 6149 10039
33450 3275 2071
33451 1028 2843
33452 11870 5448
33453 1280 11090
33454 3623 10991
33455 5357 6144
33456 4684 9014
33457 5534 120
33458 6216 10695
33459 1276 9811
33460 1780 7500
33461 1095 1884
33462 9951 8654
33463 2027 7508
33464 5580 4726
33465 2127 4209
33466 2563 8978
33467 1105 5800
33468 11238 7593
33469 7987 10115
33470 11564 6246
33471 690 11676
33472 6996 9432
33473 10176 3207
33474 10816 8510
33475 3911 3667
33476 5765 2041
33477 903 5892
33478 11203 4810
33479 10309 8510
33480 4715 7240
33481 10543 8607
33482 3493 540
33483 6385 9180
33484 7206 508
33485 7637 6816
33486 1335 2482
33487 8726 10221
33488 8261 93
33489 11134 674
33490 9891 2443
33491 9316 9108
33492 5694 3180
33493 9988 3871
33494 10153 1240
33495 1840 6164
33496 101 1105
33497 10960 11190
33498 9688 7997
33499 413 1837
33500 3236 10722
33501 7666 11933
33502 2890 4995
33503 10009 7682
33504 5244 11268
33505 2968 9593
33506 10124 691
33507 10927 1966
33508 11615 5957
33509 5281 3287
33510 11365 5979
33511 11778 6599
33512 8084 5310
33513 199 6182
33514 8317 1134
33515 7943 4581
33516 9263 11806
33517 4837 6919
33518 6323 4412
33519 9948 2411
33520 8392 795
33521 9524 7801
33522 4228 6418
33523 4343 6514
33524 5709 4515
33525 1824 10566
33526 9339 9853
33527 3126 3633
33528 1002 10933
33529 6372 11529
33530 10545 1932
33531 7886 4022
33532 868 5403
33533 2451 4470
33534 4018 3205
33535 8136 3193
33536 1 6610
33537 4558 10164
33538 10285 9668
33539 500 1198
33540 4860 1020
33541 1626 149
33542 5858 11256
33543 7397 11418
33544 7041 6521
33545 1870 8610
33546 4116 9145
33547 3990 1771
33548 4276 8589
33549 2601 5130
33550 9823 9287
33551 9253 4667
33552 4273 788
33553 11366 4181
33554 9626 2549
33555 6853 2875
33556 2724 3768
33557 2134 8607
33558 3219 9017
33559 175 640
33560 10817 3133
33561 371 10135
33562 6031 11126
33563 11006 1061
33564 9563 10645
33565 4341 2027
33566 8816 4083
33567 7076 3034
33568 5644 9882
33569 1940 5248
33570 8196 2307
33571 1884 10230
33572 494 10585
33573 3337 6563
33574 11137 1657
33575 179 7623
33576 2482 4535
33577 8626 7661
33578 2068 9463
33579 6785 10419
33580 9758 8945
33581 11684 6330
33582 5370 1413
33583 5134 11492
33584 11861 7114
33585 3132 1157
33586 8383 4684
33587 9982 2525
33588 6811 1940
33589 8309 4225
33590 4950 11609
33591 8502 1880
33592 4903 7325
33593 10584 7251
33594 712 8153
33595 164 6463
33596 9939 8310
33597 8018 5202
33598 3046 4207
33599 10966 935
33600 9284 10128
33601 6507 11308
33602 4313 7254
33603 6708 7359
33604 735 8961
33605 9143 9216
33606 267 11943
33607 7388 9497
33608 1374 1357
33609 261 5305
33610 2254 10273
33611 3497 3220
33612 2351 3868
33613 126 5405
33614 3358 6193
33615 1560 8235
33616 9933 7853
33617 1232 10652
33618 2137 2624
33619 2256 1442
33620 314 2528
33621 5551 129
33622 10946 666
33623 10716 1595
33624 8142 3188
33625 8670 8843
33626 8280 1619
33627 3187 247
33628 4255 4655
33629 11340 2685
33630 1796 6658
33631 8636 6033
33632 3008 11168
33633 4903 3769
33634 7873 4181
33635 787 8668
33636 9775 9014
33637 4572 4504
33638 4437 1987
33639 8715 4374
33640 8306 6463
33641 592 10531
33642 9858 10825
33643 7112 7145
33644 1481 3066
33645 4967 3573
33646 3472 9614
33647 9282 7999
33648 3924 8450
33649 2757 8764
33650 4885 1953
33651 5506 6426
33652 9013 9230
33653 10555 5099
33654 9581 8523
33655 409 3123
33656 9419 10231
33657 6682 11411
33658 7255 4186
33659 11554 8543
33660 7224 5984
33661 6720 3029
33662 8183 6259
33663 6742 11547
33664 3943 3006
33665 10930 1343
33666 7153 8617
33667 1756 4143
33668 7363 5892
33669 185 2307
33670 4395 10011
33671 9530 8319
33672 8364 8898
33673 11057 5309
33674 6609 6475
33675 4964 9809
33676 9767 8476
33677 7392 1049
33678 918 6229
33679 4952 11906
33680 7629 9954
33681 8538 3270
33682 3495 9536
33683 7366 3293
33684 4950 6081
33685 5607 6534
33686 7264 5664
33687 1062 8181
33688 10864 11833
33689 10379 11114
33690 5873 2775
33691 3570 4876
33692 6287 6671
33693 4629 8023
33694 8981 8359
33695 8772 12
33696 6337 11598
33697 9288 7130
33698 2130 11431
33699 1881 7750
33700 2305 9883
33701 11684 3478
33702 7014 10533
33703 11587 6279
33704 2492 4129
33705 4001 3735
33706 9772 119
33707 11927 4310
33708 7081 11621
33709 10523 7407
33710 12 8929
33711 4397 3397
33712 4297 2810
33713 5886 4664
33714 7675 2656
33715 2145 5293
33716 7829 11381
33717 548 3895
33718 8906 8765
33719 9162 1861
33720 8574 2846
33721 3485 166
33722 5929 7221
33723 10270 11990
33724 10078 10596
33725 5007 905
33726 879 4361
33727 1822 1913
33728 9453 3795
33729 1425 652
33730 8826 7024
33731 7992 449
33732 11295 11547
33733 10957 2490
33734 4608 10670
33735 4616 2118
33736 2953 4671
33737 8693 11314
33738 11930 8607
33739 10506 6692
33740 3452 265
33741 10923 8595
33742 8915 6681
33743 8861 6742
33744 11260 10420
33745 11258 2641
33746 3010 2567
33747 4755 9031
33748 2439 10690
33749 8858 4256
33750 4648 9843
33751 5404 9856
33752 879 208
33753 348 9315
33754 9005 2530
33755 589 2024
33756 3247 1883
33757 9265 6239
33758 10746 10660
33759 5729 2346
33760 1465 6767
33761 5623 7583
33762 1243 4190
33763 34 5532
33764 11596 6887
33765 10405 7362
33766 2706 9759
33767 875 4914
33768 11413 2418
33769 2334 5778
33770 4291 9311
33771 8766 9763
33772 1085 5413
33773 3799 9292
33774 4831 11105
33775 11051 11606
33776 3091 4383
33777 4540 9422
33778 1371 6507
33779 8915 7373
33780 5684 10192
33781 383 6258
33782 6568 5636
33783 8550 8372
33784 2244 10606
33785 11051 5406
33786 6796 4510
33787 3876 9273
33788 7856 11873
33789 8038 9956
33790 1525 6269
33791 2696 7389
33792 8591 10517
33793 1393 1772
33794 8744 7016
33795 11657 11001
33796 7652 3985
33797 517 8969
33798 9417 9993
33799 9801 3630
33800 1232 674
33801 6373 6211
33802 3411 6132
33803 957 5501
33804 2467 2262
33805 7716 11887
33806 2274 2258
33807 1798 5705
33808 9406 4304
33809 8479 1300
33810 8917 2109
33811 2593 8308
33812 6479 3118
33813 11321 4460
33814 5976 8365
33815 153 7420
33816 7002 6565
33817 872 10757
33818 3845 2014
33819 11174 6252
33820 11724 11534
33821 10672 4478
33822 5890 11398
33823 6780 6357
33824 8833 10880
33825 8093 7936
33826 7014 11967
33827 1510 8697
33828 9929 1565
33829 8720 1912
33830 1157 4417
33831 7757 2865
33832 4512 1394
33833 7379 2997
33834 1558 6309
33835 9324 3199
33836 7426 2939
33837 10036 11145
33838 935 6882
33839 7133 3652
33840 6710 6340
33841 8795 1667
33842 8861 2545
33843 8153 6412
33844 9657 11531
33845 6788 6220
33846 9415 4349
33847 8788 6396
33848 2211 9118
33849 5710 4127
33850 7403 7257
33851 5006 3667
33852 1888 7121
33853 6821 1721
33854 10163 5127
33855 9419 11654
33856 7960 5990
33857 4870 15
33858 8509 11990
33859 10487 4378
33860 2530 2947
33861 1979 4057
33862 6146 315
33863 11639 4001
33864 5138 1278
33865 209 1357
33866 4359 10503
33867 1573 7203
33868 7786 7226
33869 7924 8778
33870 9600 6918
33871 786 5432
33872 6205 8767
33873 4516 7731
33874 10817 11505
33875 1801 3848
33876 2295 7501
33877 10496 3953
33878 8569 942
33879 13 4464
33880 6537 680
33881 4148 6606
33882 7200 486
33883 5056 6275
33884 2783 11087
33885 10741 6609
33886 2444 7228
33887 3859 10881
33888 4945 1725
33889 2670 6028
33890 6211 9532
33891 11383 9252
33892 1328 1867
33893 4771 941
33894 1884 2712
33895 5368 9864
33896 4487 3925
33897 7905 4978
33898 9017 10627
33899 2812 7166
33900 1432 57
33901 8409 10147
33902 7340 11580
33903 10326 8885
33904 8632 6080
33905 7591 1783
33906 4862 11047
33907 1839 9809
33908 11164 11686
33909 10847 7346
33910 8268 6478
33911 2785 1501
33912 11438 10484
33913 1071 964
33914 9358 10338
33915 9330 8651
33916 11738 9791
33917 908 5493
33918 6013 1413
33919 9028 5242
33920 8909 1785
33921 6820 2552
33922 2255 495
33923 10945 1668
33924 8320 4672
33925 4888 4955
33926 2446 9982
33927 3616 10171
33928 10766 4129
33929 8773 1343
33930 9776 7449
33931 4295 78
33932 11665 2520
33933 4228 10592
33934 5838 5857
33935 2403 11972
33936 580 737
33937 9368 6269
33938 10722 9877
33939 3136 8013
33940 9969 3186
33941 7086 2433
33942 509 2380
33943 5791 8057
33944 4314 7784
33945 8011 72
33946 7739 6804
33947 10800 1464
33948 7770 11246
33949 5610 2449
33950 11058 8824
33951 3839 4196
33952 916 3665
33953 10128 127
33954 10407 7014
33955 973 8752
33956 7003 11412
33957 11529 10070
33958 5031 11614
33959 4596 8630
33960 6152 5165
33961 9931 11906
33962 10850 9910
33963 7433 1154
33964 359 10125
33965 5100 1003
33966 4080 9984
33967 10595 3071
33968 10037 10947
33969 3471 10840
33970 11019 9977
33971 180 9705
33972 7395 9411
33973 3734 1985
33974 2522 5576
33975 9293 2788
33976 2714 3043
33977 917 11715
33978 3629 10714
33979 4099 9879
33980 5177 722
33981 6971 11228
33982 11304 6268
33983 3852 6759
33984 11204 3631
33985 7453 1972
33986 6231 944
33987 9484 3999
33988 4441 2037
33989 2725 10121
33990 5181 7365
33991 2825 6136
33992 9840 11356
33993 11270 6785
33994 1887 9741
33995 5435 3432
33996 2750 10958
33997 9195 2324
33998 11084 6822
33999 2428 9603
34000 7703 10947
34001 4605 6019
34002 11001 792
34003 1471 11475
34004 4282 1092
34005 2814 4738
34006 4773 10224
34007 9320 9537
34008 3889 4983
34009 4062 1800
34010 5034 8092
34011 2227 5543
34012 2242 3942
34013 11530 9985
34014 9264 7572
34015 5174 1138
34016 11038 3045
34017 3780 8458
34018 8513 9575
34019 1091 5055
34020 9488 10013
34021 4312 8137
34022 5215 11460
34023 5731 0
34024 6979 3542
34025 2321 8194
34026 4674 8435
34027 6027 1969
34028 8490 2501
34029 1032 7122
34030 3227 593
34031 3351 4823
34032 3441 1900
34033 3775 5263
34034 8383 618
34035 4784 296
34036 6559 2887
34037 9375 11647
34038 10854 5054
34039 651 4601
34040 8965 3336
34041 6516 11995
34042 10563 11843
34043 6449 7769
34044 9835 2995
34045 1427 11994
34046 8690 4814
34047 2147 10536
34048 3156 2402
34049 10741 43
34050 3902 3993
34051 6394 10893
34052 11104 1272
34053 11809 4351
34054 8602 701
34055 7612 4632
34056 10678 9816
34057 859 3211
34058 10951 6982
34059 5374 2954
34060 2377 2456
34061 4549 6731
34062 3854 2359
34063 1258 7277
34064 3578 3960
34065 8020 2566
34066 4460 10346
34067 7071 8398
34068 1315 9354
34069 6928 6163
34070 10883 10
34071 2926 9757
34072 1211 8016
34073 50 2090
34074 8270 8578
34075 2051 495
34076 5993 6196
34077 2760 6883
34078 4573 3743
34079 5553 1238
34080 9593 4305
34081 5699 10929
34082 1718 4658
34083 2483 452
34084 1602 4024
34085 8993 7976
34086 2556 1229
34087 1371 2464
34088 6405 4896
34089 6278 3180
34090 10006 7362
34091 3916 1341
34092 4728 2483
34093 3211 9156
34094 11422 8059
34095 10770 9087
34096 4538 5925
34097 9876 3308
34098 9345 7527
34099 3380 5058
34100 6278 2578
34101 10353 3773
34102 10520 11623
34103 252 1082
34104 1230 11491
34105 2780 265
34106 11529 6152
34107 2851 3573
34108 6052 2549
34109 1546 1301
34110 6015 862
34111 3849 964
34112 8163 5819
34113 7824 4029
34114 5009 8768
34115 5521 7686
34116 9894 9774
34117 1827 6829
34118 2599 3521
34119 9017 11811
34120 10647 5465
34121 8527 9815
34122 3474 1774
34123 3460 5623
34124 849 4102
34125 9605 11645
34126 11137 564
34127 4788 11340
34128 6973 3310
34129 7817 2319
34130 4029 7653
34131 5725 11059
34132 9753 10390
34133 899 8998
34134 5534 10959
34135 7873 1659
34136 10320 8207
34137 11085 6847
34138 11625 10860
34139 831 9909
34140 5910 11287
34141 11296 641
34142 3276 4087
34143 2384 10774
34144 7689 10464
34145 3131 5252
34146 3206 7398
34147 2320 11398
34148 2507 4500
34149 9015 10418
34150 8635 6206
34151 4616 2085
34152 4847 11702
34153 7937 10519
34154 4662 5517
34155 783 8480
34156 3596 11880
34157 8219 4718
34158 1358 3900
34159 9129 9204
34160 5585 855
34161 191 745
34162 1848 3658
34163 3698 10028
34164 2013 364
34165 3720 3276
34166 10249 4158
34167 705 4443
34168 7300 11425
34169 331 10812
34170 6380 4267
34171 2275 1197
34172 7828 8290
34173 283 4261
34174 1777 10861
34175 7020 9611
34176 10164 3754
34177 3508 3261
34178 931 5065
34179 6011 11261
34180 8100 2502
34181 4838 9758
34182 3625 9007
34183 11282 2367
34184 6441 1100
34185 8646 1705
34186 1221 10754
34187 3466 10135
34188 8984 11409
34189 10025 10057
34190 10614 4074
34191 3757 3510
34192 8556 1156
34193 1880 3058
34194 1866 4851
34195 8824 2555
34196 550 9142
34197 112 11264
34198 3637 11774
34199 9551 7099
34200 9287 3145
34201 231 9345
34202 5560 7878
34203 11780 735
34204 1386 5998
34205 10549 2997
34206 7685 7437
34207 2127 10039
34208 187 6491
34209 4197 7071
34210 758 8646
34211 576 3992
34212 3690 4379
34213 5730 5047
34214 11051 467
34215 5885 2463
34216 761 3938
34217 6261 7012
34218 8596 1571
34219 7571 2364
34220 1953 11943
34221 7150 10502
34222 7371 3331
34223 1789 10893
34224 6006 9461
34225 7844 5653
34226 4042 5612
34227 4005 6968
34228 11556 4053
34229 5940 7395
34230 1966 11585
34231 10287 3900
34232 2043 11214
34233 1619 6748
34234 4706 1548
34235 6244 7330
34236 475 3847
34237 5150 10907
34238 11408 5916
34239 10157 2881
34240 1357 8453
34241 7472 5335
34242 11959 10446
34243 9806 769
34244 10583 9628
34245 6782 4172
34246 9137 7135
34247 8755 809
34248 11306 5857
34249 8264 414
34250 10904 9100
34251 10223 10860
34252 8143 8980
34253 8094 3822
34254 2052 5915
34255 6348 4211
34256 11980 9988
34257 2721 3421
34258 5814 5219
34259 2249 8838
34260 2765 6261
34261 5738 1148
34262 8434 5342
34263 1907 220
34264 11953 548
34265 9675 1054
34266 10741 875
34267 1399 4788
34268 2223 3444
34269 6824 1213
34270 6402 8177
34271 10162 11617
34272 939 6679
34273 2051 8462
34274 7072 11918
34275 179 6455
34276 10733 718
34277 2561 8284
34278 8407 452
34279 2293 4258
34280 6328 6072
34281 8798 9358
34282 9688 6180
34283 6403 8959
34284 6106 524
34285 7558 1564
34286 11912 5823
34287 1458 2694
34288 8043 5109
34289 3064 571
34290 1564 8703
34291 6214 1200
34292 3346 6553
34293 9878 1521
34294 7339 11026
34295 5049 9873
34296 7884 3992
34297 876 11615
34298 4984 489
34299 7842 3595
34300 1570 6046
34301 7477 11615
34302 3647 4347
34303 3600 5085
34304 2203 10099
34305 8208 11528
34306 4772 8639
34307 9378 1359
34308 4148 387
34309 4448 256
34310 7264 1430
34311 1109 10444
34312 11464 5695
34313 3020 7981
34314 3570 6700
34315 1400 8987
34316 1412 10094
34317 3557 2936
34318 11002 5924
34319 10222 11811
34320 2203 3494
34321 10548 5811
34322 5567 2522
34323 6360 7999
34324 3855 556
34325 7325 83
34326 3290 406
34327 5129 8785
34328 9738 6730
34329 6624 9912
34330 8387 2295
34331 7868 992
34332 1945 2254
34333 4149 9825
34334 3406 3237
34335 9347 5973
34336 5471 8697
34337 9208 4403
34338 418 5447
34339 1407 11252
34340 7772 3506
34341 8016 8250
34342 392 4014
34343 5817 216
34344 171 1194
34345 11199 10508
34346 1832 8462
34347 9164 10762
34348 7048 5510
34349 1365 9867
34350 2410 10801
34351 646 4975
34352 8787 3200
34353 2497 7756
34354 8370 1708
34355 11583 357
34356 5099 2328
34357 10939 2658
34358 4014 2270
34359 7202 3172
34360 1671 1656
34361 3862 7058
34362 946 7451
34363 4005 10602
34364 7776 10099
34365 8118 3423
34366 8570 11781
34367 4221 5368
34368 6632 9649
34369 225 2830
34370 2583 1513
34371 2987 1611
34372 58 10816
34373 2278 6618
34374 7696 9537
34375 8480 11077
34376 769 6270
34377 59 3226
34378 3553 4993
34379 10004 1266
34380 1697 5408
34381 11977 11507
34382 9995 9538
34383 7205 6061
34384 11569 4166
34385 9724 7435
34386 4719 2386
34387 11794 6340
34388 4947 10884
34389 2279 8089
34390 11948 7856
34391 2373 4489
34392 8036 7478
34393 11988 3169
34394 6960 1482
34395 1152 7875
34396 10109 2618
34397 5351 7653
34398 2912 4024
34399 3011 4783
34400 481 213
34401 10075 862
34402 618 10678
34403 6379 788
34404 157 1959
34405 5625 4437
34406 8917 3620
34407 7419 7055
34408 3346 9404
34409 5282 8903
34410 4572 6821
34411 4982 10203
34412 7287 1063
34413 768 11184
34414 6854 9801
34415 6608 2585
34416 115 1821
34417 10906 7005
34418 6587 42
34419 4442 901
34420 406 791
34421 5176 9634
34422 10403 7477
34423 4916 4558
34424 5078 8409
34425 11411 8515
34426 2710 7188
34427 2459 6980
34428 8831 5948
34429 3816 4714
34430 7581 6766
34431 1372 8660
34432 1932 3790
34433 2021 4072
34434 4973 4590
34435 118 8861
34436 6874 4315
34437 10669 5300
34438 7239 6125
34439 10001 685
34440 5533 9015
34441 5112 2821
34442 792 110
34443 659 6429
34444 203 5060
34445 4305 7916
34446 6011 8430
34447 7083 796
34448 1767 6849
34449 5007 7410
34450 9147 11410
34451 1858 2050
34452 3884 11779
34453 4090 2166
34454 5345 4193
34455 7076 3900
34456 10824 2521
34457 8284 9373
34458 3896 8449
34459 5942 3284
34460 4146 4469
34461 6829 1442
34462 4422 11804
34463 3831 3437
34464 5213 7856
34465 4225 2709
34466 3130 6024
34467 7466 2580
34468 9085 5149
34469 215 10811
34470 8442 1703
34471 3656 5795
34472 2351 1001
34473 8586 5117
34474 11479 9863
34475 4738 3919
34476 1785 4572
34477 8031 9480
34478 2156 8091
34479 8061 7293
34480 3141 4298
34481 9770 5474
34482 11740 6777
34483 9886 9673
34484 6872 10008
34485 4473 5606
34486 11839 239
34487 8566 11265
34488 1811 7498
34489 3893 7709
34490 4853 804
34491 3852 10480
34492 5519 1638
34493 2577 6619
34494 3782 4289
34495 8782 11510
34496 5447 1206
34497 10059 3854
34498 9943 10004
34499 10357 7756
34500 11361 6387
34501 5002 10800
34502 3600 6198
34503 6048 10264
34504 6117 6754
34505 3599 1169
34506 7212 3440
34507 9411 11527
34508 9125 1774
34509 11011 7809
34510 2541 5185
34511 2632 5407
34512 2246 11510
34513 6904 6720
34514 4153 5156
34515 7397 6289
34516 6129 6484
34517 5257 6325
34518 1702 6329
34519 3004 11738
34520 5288 3257
34521 5967 628
34522 8268 4147
34523 1847 2651
34524 8269 5113
34525 7818 1218
34526 10692 206
34527 9984 5168
34528 5013 6263
34529 10399 9487
34530 1835 8226
34531 11773 1442
34532 11977 2712
34533 10369 11649
34534 4388 10351
34535 2233 8255
34536 11249 8341
34537 10219 965
34538 8171 9653
34539 11955 1661
34540 5694 8847
34541 410 7314
34542 4594 5160
34543 2042 8751
34544 3720 3849
34545 5019 1834
34546 4766 1785
34547 8464 11694
34548 323 3460
34549 7102 2859
34550 8678 8535
34551 2574 6775
34552 1800 8385
34553 4507 8891
34554 3394 7952
34555 6226 2326
34556 7931 3529
34557 6655 10069
34558 6619 3727
34559 8240 6168
34560 6632 7081
34561 6366 703
34562 8074 8033
34563 1848 8857
34564 9278 7830
34565 5210 11547
34566 2975 8971
34567 3749 9937
34568 7225 8898
34569 6264 3587
34570 11442 5763
34571 9113 7206
34572 5636 5272
34573 5439 5671
34574 2428 5140
34575 9777 6994
34576 2278 836
34577 3173 7853
34578 8519 9913
34579 5330 2995
34580 2311 11597
34581 11160 9778
34582 7904 694
34583 5203 8262
34584 8863 5271
34585 1143 3018
34586 10465 8277
34587 9127 11541
34588 10870 6532
34589 2004 1625
34590 11080 2752
34591 8136 6436
34592 458 7405
34593 9284 2101
34594 9049 4223
34595 7826 5002
34596 2458 3839
34597 7583 687
34598 6928 6139
34599 337 9196
34600 3451 6592
34601 1220 3063
34602 3268 2149
34603 1203 1570
34604 11737 9701
34605 1311 11724
34606 2589 7703
34607 3126 10735
34608 6536 7277
34609 9374 7251
34610 314 8387
34611 10823 8424
34612 8275 11088
34613 2984 11160
34614 9438 1159
34615 4498 9447
34616 7054 3247
34617 409 2459
34618 3228 5688
34619 1938 5000
34620 6802 598
34621 10161 2520
34622 7940 10085
34623 2685 4080
34624 7766 7341
34625 11257 8676
34626 6163 4280
34627 3971 6217
34628 3091 11106
34629 9271 4584
34630 776 11260
34631 11288 4236
34632 11697 2339
34633 7254 945
34634 10274 914
34635 8490 3638
34636 2338 10486
34637 8219 6825
34638 5522 10794
34639 3466 11256
34640 7919 2483
34641 5660 10024
34642 1575 11820
34643 8410 6980
34644 1201 8760
34645 5369 7504
34646 5374 1665
34647 8607 7644
34648 7648 9990
34649 11627 10227
34650 8593 8600
34651 4952 962
34652 3669 11494
34653 8063 10524
34654 9118 9680
34655 5744 4623
34656 11171 11716
34657 4367 1578
34658 8355 5894
34659 3702 7201
34660 9729 1312
34661 9543 6887
34662 7633 6847
34663 6814 11112
34664 10456 4426
34665 2608 8044
34666 2840 10690
34667 10183 11250
34668 4747 4786
34669 8657 5065
34670 3054 2620
34671 8240 2100
34672 493 10926
34673 5294 6314
34674 3481 6097
34675 8074 705
34676 10512 8235
34677 7205 5212
34678 1780 8525
34679 7175 8234
34680 11554 3775
34681 1670 4968
34682 4730 4077
34683 7745 2559
34684 3388 8631
34685 10506 6057
34686 3334 10722
34687 7494 2534
34688 7204 10796
34689 712 5709
34690 10166 11312
34691 10200 9153
34692 358 263
34693 8821 10742
34694 5339 5770
34695 10038 1498
34696 8156 4984
34697 7880 6891
34698 6194 7825
34699 10347 9440
34700 11184 4684
34701 6723 4436
34702 5498 9442
34703 3667 3269
34704 966 10902
34705 8253 6000
34706 4508 7405
34707 7964 4557
34708 2126 8034
34709 11740 11095
34710 3722 7235
34711 2550 2798
34712 4055 9365
34713 4441 5997
34714 3976 2278
34715 2930 9437
34716 2726 8643
34717 6284 4111
34718 8874 4593
34719 4394 1933
34720 5597 8763
34721 1800 7406
34722 308 11682
34723 1837 2031
34724 213 10897
34725 4389 6945
34726 8382 2297
34727 10303 10020
34728 8443 5567
34729 9125 10848
34730 5103 6291
34731 7527 3641
34732 1802 10174
34733 7781 5935
34734 1296 4881
34735 2024 9773
34736 11881 10415
34737 7765 1417
34738 2114 1871
34739 2411 4981
34740 9909 7900
34741 1641 2970
34742 6288 7675
34743 10663 11711
34744 9477 5919
34745 2077 8594
34746 4666 5526
34747 1660 8313
34748 10890 8852
34749 11857 2941
34750 3943 8382
34751 8806 9786
34752 10185 10862
34753 5672 2298
34754 10960 11783
34755 160 2508
34756 9216 5036
34757 7368 454
34758 11292 2126
34759 236 7978
34760 2611 1368
34761 9515 5149
34762 3457 4236
34763 9876 5190
34764 1521 2042
34765 11452 6632
34766 3192 11920
34767 8635 10102
34768 7363 1400
34769 3701 9522
34770 2982 8655
34771 6972 4791
34772 103 2359
34773 5509 9848
34774 8760 3574
34775 7026 946
34776 6432 8517
34777 1532 6206
34778 7856 7181
34779 11013 8354
34780 3934 5648
34781 8599 10060
34782 3112 11492
34783 1197 3462
34784 9462 4743
34785 3737 6025
34786 5976 5704
34787 4091 3280
34788 8371 6017
34789 6929 10624
34790 6613 3669
34791 6737 10771
34792 5217 4414
34793 3287 821
34794 365 6234
34795 458 1046
34796 8463 11899
34797 11638 8253
34798 4641 5752
34799 4379 11588
34800 10278 791
34801 6221 5651
34802 9179 1838
34803 4442 5726
34804 9148 11455
34805 8865 779
34806 3790 9326
34807 2483 9467
34808 1101 400
34809 5088 2451
34810 3918 8424
34811 964 7168
34812 2247 9929
34813 10627 3430
34814 4702 5432
34815 9359 7218
34816 2084 3112
34817 6988 6994
34818 8247 11360
34819 7773 8089
34820 3951 5832
34821 6738 10144
34822 10376 6328
34823 10 2030
34824 10815 10740
34825 9008 9721
34826 1851 1923
34827 441 2102
34828 1211 3981
34829 3416 2312
34830 7902 4977
34831 6625 9493
34832 1955 7761
34833 3031 8404
34834 5985 1748
34835 9280 4085
34836 6531 1568
34837 8514 4434
34838 10344 9932
34839 2980 10647
34840 1699 6037
34841 7019 2156
34842 11201 231
34843 2520 3889
34844 10769 8280
34845 7254 9323
34846 6082 3738
34847 1189 3652
34848 9024 623
34849 1254 2775
34850 9401 8529
34851 8635 2503
34852 6606 494
34853 7348 3189
34854 648 2101
34855 1506 8798
34856 3968 10576
34857 4691 11481
34858 9239 6465
34859 6208 9494
34860 2706 975
34861 5326 1152
34862 3680 6127
34863 2548 697
34864 8856 11909
34865 10387 6614
34866 1246 10318
34867 5653 1946
34868 8593 7396
34869 5234 11508
34870 3390 4989
34871 6042 2690
34872 6610 4030
34873 7925 10880
34874 909 8006
34875 4993 4464
34876 3606 11079
34877 7647 6666
34878 5832 7085
34879 8653 5936
34880 2463 115
34881 366 7335
34882 1243 2808
34883 10921 5977
34884 3159 448
34885 11821 9736
34886 10012 11538
34887 11984 349
34888 965 5603
34889 9117 11368
34890 5711 9542
34891 8317 204
34892 849 6709
34893 8543 264
34894 9000 8092
34895 6465 10130
34896 5396 9588
34897 9992 5149
34898 4358 2641
34899 2917 8238
34900 4322 9535
34901 6708 5446
34902 45 1745
34903 7024 3533
34904 7128 5120
34905 7612 4738
34906 1598 392
34907 2543 6048
34908 10494 4335
34909 6440 5314
34910 11573 751
34911 2754 6171
34912 3062 9006
34913 10664 7135
34914 5693 8767
34915 9138 2043
34916 6433 5754
34917 4732 714
34918 7651 1230
34919 615 11960
34920 2565 3754
34921 8301 4439
34922 7260 5177
34923 9314 9385
34924 9187 8933
34925 10343 4639
34926 6457 5848
34927 1434 2714
34928 31 7459
34929 6651 9584
34930 5173 5261
34931 3547 2098
34932 2384 1689
34933 1833 3519
34934 11189 6957
34935 9958 8012
34936 10308 2673
34937 9012 9390
34938 3271 4034
34939 3128 6289
34940 9128 3270
34941 11470 10274
34942 1853 1667
34943 3996 7086
34944 10205 5982
34945 5713 9895
34946 7190 10997
34947 936 11678
34948 8898 11071
34949 7567 11465
34950 3779 5780
34951 3418 4013
34952 57 4243
34953 4221 1095
34954 6528 8337
34955 2030 1857
34956 1277 2391
34957 3065 11412
34958 6910 11463
34959 6074 10428
34960 414 6238
34961 8295 6598
34962 9087 2729
34963 7835 11525
34964 1691 1038
34965 534 3369
34966 7234 6777
34967 1886 2391
34968 1322 4309
34969 7876 664
34970 1757 172
34971 8235 5302
34972 9303 10826
34973 8518 1482
34974 1073 3559
34975 8117 342
34976 7367 9458
34977 8983 4719
34978 2813 7576
34979 1091 3301
34980 10773 2679
34981 3108 3390
34982 6677 2096
34983 8993 2813
34984 8127 9398
34985 1797 5865
34986 1831 10142
34987 5867 4265
34988 4294 878
34989 3886 4079
34990 697 4724
34991 4041 3706
34992 3077 3083
34993 10728 8757
34994 3367 8209
34995 476 7389
34996 1169 2962
34997 4390 9916
34998 773 166
34999 10848 2034
35000 3240 10080
35001 7367 11639
35002 5643 2892
35003 9974 7730
35004 239 6697
35005 9240 4942
35006 655 11702
35007 4507 4943
35008 2756 11907
35009 5822 948
35010 2677 6956
35011 2252 1651
35012 8709 7219
35013 8566 5541
35014 8809 8015
35015 1308 1669
35016 6393 2310
35017 7681 11727
35018 7232 6543
35019 2847 10082
35020 1675 4019
35021 10222 2919
35022 5650 4852
35023 8997 3659
35024 349 10875
35025 543 10022
35026 6355 8341
35027 5731 10953
35028 1688 8645
35029 10185 2491
35030 5328 9186
35031 1207 5946
35032 868 489
35033 8099 6
35034 5996 3044
35035 1908 10544
35036 478 7348
35037 1116 4194
35038 9808 865
35039 11063 4424
35040 3715 204
35041 7948 4993
35042 3574 7271
35043 4816 8922
35044 7218 9965
35045 7122 10960
35046 7973 8559
35047 10235 3484
35048 4174 9815
35049 8385 9030
35050 3127 10358
35051 553 6079
35052 11503 6705
35053 7955 801
35054 7004 4993
35055 6552 1603
35056 3945 11349
35057 1350 4501
35058 3114 900
35059 8320 10166
35060 641 10031
35061 6109 11785
35062 4366 9672
35063 2004 11704
35064 7492 10019
35065 4140 9897
35066 9241 3365
35067 4933 9137
35068 6039 5402
35069 6992 9083
35070 7888 6725
35071 4297 1653
35072 596 3295
35073 1352 3383
35074 6369 3174
35075 5824 2210
35076 3273 11219
35077 819 11373
35078 7636 7529
35079 2368 11205
35080 3149 10598
35081 6327 1009
35082 1312 4276
35083 9698 4407
35084 10877 4039
35085 3965 1103
35086 7982 4921
35087 9341 4657
35088 4217 5075
35089 3300 37
35090 11433 10904
35091 7000 7072
35092 10992 11632
35093 11020 11013
35094 11267 9147
35095 7274 11884
35096 7276 492
35097 8132 1742
35098 1682 6168
35099 7654 164
35100 9254 9010
35101 10845 6073
35102 6058 4473
35103 1850 45
35104 688 804
35105 1191 5630
35106 7643 85
35107 10421 2772
35108 10258 9124
35109 849 6579
35110 460 1888
35111 2780 8019
35112 8774 2946
35113 1573 11808
35114 7639 7707
35115 3788 11894
35116 2963 2311
35117 5197 1164
35118 7661 1805
35119 9013 8503
35120 4601 8675
35121 876 5311
35122 5006 3065
35123 6147 23
35124 3623 1673
35125 1365 1519
35126 4175 1568
35127 1101 6231
35128 4231 6710
35129 4922 5674
35130 1578 5757
35131 11225 6246
35132 1803 10019
35133 2110 9158
35134 786 9899
35135 7600 4324
35136 3691 11918
35137 10943 2526
35138 7380 11821
35139 5879 7950
35140 4230 5909
35141 925 7779
35142 7104 7779
35143 1449 10887
35144 8326 3979
35145 9322 9819
35146 4647 5200
35147 1155 1929
35148 6332 2380
35149 10181 6756
35150 6762 8657
35151 4466 338
35152 1627 11050
35153 8270 10474
35154 4684 8760
35155 9706 1171
35156 8273 9153
35157 8505 11881
35158 8848 11112
35159 4503 5106
35160 10795 11272
35161 830 4170
35162 6114 11651
35163 309 8244
35164 11768 2993
35165 4547 10192
35166 6490 2544
35167 9580 10254
35168 7387 1921
35169 11296 3105
35170 11946 3803
35171 4668 229
35172 7232 3415
35173 7180 9156
35174 2293 2441
35175 8153 4596
35176 6664 3877
35177 5554 8107
35178 5570 4663
35179 2706 3151
35180 4306 6819
35181 4552 4297
35182 8313 765
35183 9184 10819
35184 908 1197
35185 207 9251
35186 2998 8426
35187 9869 6120
35188 1302 150
35189 4969 4425
35190 9421 11932
35191 617 1516
35192 1587 10683
35193 9047 6421
35194 11009 3283
35195 5561 9502
35196 4749 5723
35197 4067 6897
35198 9291 3611
35199 1359 6706
35200 2849 3320
35201 10455 8169
35202 813 6157
35203 4448 4735
35204 7842 5250
35205 5660 4213
35206 3386 11474
35207 11089 4834
35208 4554 7504
35209 4953 6421
35210 8048 8652
35211 5103 211
35212 8549 905
35213 2256 724
35214 10918 3633
35215 2941 11735
35216 5408 3055
35217 6800 7491
35218 8035 8655
35219 11516 7937
35220 5669 10643
35221 2763 3084
35222 4806 2092
35223 7899 10788
35224 5273 7838
35225 3728 6815
35226 7195 6623
35227 3390 8929
35228 2185 2136
35229 4836 2171
35230 4969 6179
35231 5233 5455
35232 10999 1346
35233 1765 3472
35234 1026 7869
35235 6727 3706
35236 5742 10500
35237 5561 2597
35238 2331 31
35239 2853 10777
35240 325 10348
35241 8318 7674
35242 8017 6501
35243 5630 8836
35244 2913 5862
35245 4181 9758
35246 10689 75
35247 5140 7084
35248 1866 8167
35249 3234 7691
35250 2226 4841
35251 3557 10436
35252 8760 1654
35253 5511 59
35254 3885 7299
35255 7400 3678
35256 7728 5541
35257 7753 5752
35258 6292 1601
35259 9068 6155
35260 8144 10090
35261 4149 1178
35262 8647 152
35263 7383 8980
35264 1797 11008
35265 2636 361
35266 9503 8294
35267 11340 9691
35268 8422 5639
35269 2614 3661
35270 8876 795
35271 1881 4068
35272 11263 438
35273 37 103
35274 2323 11899
35275 10496 5896
35276 10559 481
35277 730 9603
35278 3762 10773
35279 10036 5559
35280 6049 5420
35281 1766 11472
35282 925 7230
35283 6837 11015
35284 3587 4427
35285 6837 6004
35286 9691 970
35287 1827 309
35288 8817 2821
35289 710 4038
35290 9852 4349
35291 2161 10921
35292 10703 7132
35293 10494 5432
35294 3191 7593
35295 5476 2135
35296 1695 3467
35297 2070 1122
35298 1247 9635
35299 1671 9651
35300 1747 1423
35301 11856 8769
35302 3725 10671
35303 10525 5772
35304 11913 4582
35305 5814 1198
35306 9919 10494
35307 5697 6517
35308 9751 10079
35309 11072 7719
35310 3220 4867
35311 5164 8976
35312 2976 3448
35313 1792 10853
35314 4983 6622
35315 2321 11956
35316 11126 1056
35317 8524 1432
35318 8136 587
35319 3797 84
35320 1529 443
35321 6839 4709
35322 1009 4797
35323 286 8636
35324 5813 11793
35325 5803 1071
35326 3206 9582
35327 669 3811
35328 1736 1581
35329 10460 5382
35330 5473 1878
35331 6564 5626
35332 7901 7633
35333 10617 2773
35334 8587 11638
35335 8803 1454
35336 7918 1665
35337 8566 2428
35338 2777 2640
35339 8890 1030
35340 3373 7082
35341 9588 8382
35342 4064 2228
35343 10424 2613
35344 7337 8625
35345 6918 5675
35346 6443 3262
35347 9844 5415
35348 7650 11434
35349 3119 1443
35350 8175 10708
35351 9311 7313
35352 5885 11291
35353 1830 10334
35354 8949 1724
35355 2759 8126
35356 4189 3742
35357 10009 8780
35358 8662 6136
35359 10927 7901
35360 7586 1773
35361 10852 1488
35362 11391 5059
35363 10750 8924
35364 3147 9726
35365 11257 8315
35366 6027 3526
35367 5969 10491
35368 8709 6102
35369 2902 532
35370 1914 3469
35371 4938 6911
35372 5427 2624
35373 11797 6700
35374 5252 8551
35375 10245 5407
35376 4473 5397
35377 3612 1786
35378 3877 7674
35379 731 8037
35380 69 2283
35381 3108 6790
35382 2884 5648
35383 8484 3039
35384 373 555
35385 9404 9015
35386 4410 9601
35387 4214 3007
35388 2818 59
35389 4181 5513
35390 916 5212
35391 10263 763
35392 11884 4527
35393 4266 9460
35394 5144 8391
35395 3454 496
35396 7421 4709
35397 4153 11935
35398 8728 5385
35399 1913 10203
35400 4023 3658
35401 1796 10019
35402 7062 5494
35403 10134 8356
35404 10453 757
35405 7303 5803
35406 9768 1216
35407 15 971
35408 3646 8543
35409 10615 4893
35410 6849 3443
35411 9011 5014
35412 1201 9901
35413 1588 3912
35414 5237 3545
35415 8316 10100
35416 10995 10172
35417 8644 1646
35418 5777 8756
35419 3672 3391
35420 2947 6612
35421 5738 6290
35422 6587 6312
35423 7365 7202
35424 7981 8867
35425 3636 5775
35426 6385 11461
35427 6950 3025
35428 8333 8219
35429 9990 2652
35430 7661 10262
35431 8951 0
35432 7185 5403
35433 4176 6906
35434 4346 510
35435 5851 4390
35436 1349 3225
35437 5050 8975
35438 1702 4795
35439 3155 9732
35440 11906 10671
35441 7153 5206
35442 239 3701
35443 4636 6232
35444 1166 8594
35445 6435 880
35446 6068 7743
35447 7467 11468
35448 8377 6077
35449 6141 985
35450 722 9519
35451 11857 11520
35452 3573 9227
35453 8645 8743
35454 3992 1735
35455 5846 10945
35456 3465 3111
35457 6902 9087
35458 6725 4350
35459 7058 7158
35460 10526 11380
35461 10040 2267
35462 6906 3123
35463 11140 2688
35464 9195 3555
35465 8281 6034
35466 220 753
35467 10123 5956
35468 11473 53
35469 970 1367
35470 7536 1250
35471 9613 8020
35472 7359 3910
35473 8282 5734
35474 2626 4061
35475 5213 3426
35476 9267 4589
35477 983 5203
35478 10003 7452
35479 1996 2006
35480 8621 349
35481 6239 4385
35482 4773 3872
35483 6678 7275
35484 11574 8363
35485 7447 9860
35486 10900 3894
35487 9918 8353
35488 3875 4140
35489 11727 5812
35490 7648 4002
35491 4253 2571
35492 4750 4696
35493 8252 577
35494 3638 712
35495 4072 6204
35496 3728 1521
35497 10695 3336
35498 9662 2202
35499 4768 10852
35500 11557 11440
35501 8280 6474
35502 1144 9407
35503 9347 1139
35504 6583 787
35505 5784 8515
35506 7414 6820
35507 9730 273
35508 5364 224
35509 1843 11809
35510 258 7539
35511 3017 4564
35512 4289 357
35513 2869 6589
35514 3551 2021
35515 2979 2217
35516 1817 8477
35517 3130 6718
35518 4826 7317
35519 11488 2057
35520 2007 10288
35521 9063 4796
35522 10356 10991
35523 10575 9034
35524 702 8275
35525 7590 3412
35526 9813 6798
35527 3736 5898
35528 8051 3819
35529 726 11965
35530 5267 4489
35531 6937 135
35532 10494 2827
35533 5320 1435
35534 4023 7176
35535 2906 8677
35536 10948 1649
35537 9283 11666
35538 9127 5551
35539 4573 466
35540 167 3038
35541 949 11756
35542 8064 7304
35543 6063 8633
35544 2239 9415
35545 7945 10761
35546 2699 281
35547 6861 2351
35548 11042 5640
35549 2502 4207
35550 5722 11931
35551 9039 1235
35552 5662 10843
35553 1661 9400
35554 3940 586
35555 70 3660
35556 7170 5771
35557 7892 6007
35558 10186 8356
35559 4894 5826
35560 2880 5654
35561 9482 6726
35562 837 7879
35563 9961 1681
35564 4560 742
35565 4696 1057
35566 1611 10806
35567 3000 8316
35568 3191 1564
35569 8044 9580
35570 4287 7433
35571 5170 5555
35572 7114 144
35573 3852 5097
35574 7217 4739
35575 7277 10782
35576 7362 8480
35577 10178 559
35578 9571 629
35579 1234 7106
35580 10386 7488
35581 10671 4501
35582 8913 4152
35583 4934 7584
35584 4745 7296
35585 4259 9824
35586 8856 6852
35587 674 9174
35588 6671 2723
35589 691 6447
35590 8781 4864
35591 7352 10446
35592 5248 4711
35593 1120 8165
35594 6307 3851
35595 11810 1681
35596 5062 8592
35597 4752 4444
35598 11403 8514
35599 11247 10775
35600 9957 10439
35601 9051 4136
35602 1547 7534
35603 3645 11581
35604 10911 11751
35605 7212 9721
35606 9858 1293
35607 7343 2979
35608 918 9520
35609 3026 8565
35610 7488 4026
35611 2636 2961
35612 8351 11613
35613 4273 2715
35614 11937 10158
35615 2567 4290
35616 4533 9906
35617 1950 11038
35618 6187 11878
35619 8957 8409
35620 1972 5837
35621 5548 11928
35622 1191 4905
35623 6253 224
35624 6231 2546
35625 6749 1967
35626 10528 5866
35627 7359 9643
35628 506 4808
35629 6151 10636
35630 7547 10647
35631 758 4476
35632 7679 9618
35633 1465 5153
35634 8939 4869
35635 4225 9149
35636 3411 9551
35637 1259 11089
35638 611 1708
35639 3008 8101
35640 9285 449
35641 7211 8003
35642 3982 9420
35643 6074 9055
35644 8698 4100
35645 11947 8233
35646 6284 1114
35647 2678 10573
35648 10217 10237
35649 2607 10147
35650 3043 10291
35651 4737 10694
35652 5812 11741
35653 7381 3088
35654 10854 10164
35655 1678 4440
35656 768 8708
35657 5335 11308
35658 9597 8576
35659 7487 1877
35660 4296 1052
35661 3704 6189
35662 6017 10419
35663 5760 7044
35664 10199 1631
35665 9733 837
35666 836 3803
35667 5096 2026
35668 1701 8309
35669 7452 4167
35670 5248 4492
35671 9640 4633
35672 5200 2290
35673 9351 2047
35674 11970 2007
35675 39 3957
35676 1826 772
35677 3004 225
35678 3500 849
35679 11991 5386
35680 2794 6904
35681 9687 1011
35682 10166 10332
35683 1953 11913
35684 9005 4681
35685 5887 1571
35686 5585 9415
35687 9396 8134
35688 7247 9186
35689 5849 9179
35690 8033 8862
35691 5639 250
35692 511 3188
35693 4591 2801
35694 3374 9101
35695 4276 11777
35696 8931 11097
35697 4196 10989
35698 6256 8298
35699 10935 1870
35700 10813 8965
35701 7536 4276
35702 7582 10029
35703 11375 9767
35704 9247 219
35705 9002 6758
35706 2845 954
35707 3952 6708
35708 1274 7249
35709 9052 4426
35710 51 1414
35711 3122 6111
35712 5192 9566
35713 3228 3710
35714 7280 7996
35715 7259 1813
35716 1069 2173
35717 11903 4971
35718 10401 576
35719 11372 8218
35720 4313 10226
35721 3018 11484
35722 9698 1413
35723 1871 1099
35724 1063 6397
35725 7463 4385
35726 5444 5415
35727 9318 7982
35728 7969 9449
35729 3146 1311
35730 8209 7531
35731 7934 468
35732 7344 1421
35733 4299 2870
35734 10063 260
35735 1227 4313
35736 3804 7346
35737 4444 9732
35738 8111 3574
35739 7256 5521
35740 9908 4277
35741 2006 11696
35742 546 7471
35743 5194 1166
35744 550 2860
35745 6214 8940
35746 7161 7110
35747 7451 1071
35748 1923 3574
35749 151 9143
35750 10511 1697
35751 2751 1672
35752 9217 2156
35753 4059 86
35754 5866 2890
35755 4024 10744
35756 7591 9485
35757 11568 10451
35758 10912 5938
35759 11692 308
35760 834 1464
35761 7411 11806
35762 4872 5504
35763 11155 525
35764 1225 2700
35765 2405 4546
35766 666 9337
35767 5539 10561
35768 132 5150
35769 2629 9026
35770 7905 1518
35771 4206 6690
35772 4160 4206
35773 10184 10707
35774 9987 7152
35775 6377 2797
35776 2609 5394
35777 3997 516
35778 8098 5447
35779 1169 11053
35780 10100 1116
35781 10697 9582
35782 233 527
35783 11088 3371
35784 7479 8812
35785 7163 5543
35786 3770 7276
35787 9471 6606
35788 9598 11491
35789 7857 2016
35790 10442 5268
35791 11269 11368
35792 2125 6552
35793 9841 4161
35794 10484 11022
35795 4673 6180
35796 3253 542
35797 10739 8906
35798 6801 3545
35799 5928 7315
35800 4324 3091
35801 5210 7322
35802 11432 5164
35803 5210 3177
35804 6727 10150
35805 1763 11650
35806 3854 10587
35807 2020 2031
35808 11091 8923
35809 10567 8555
35810 6499 10243
35811 4743 9295
35812 8122 3800
35813 8828 7682
35814 5312 8479
35815 10218 10669
35816 4733 4556
35817 3960 6930
35818 5740 10279
35819 8720 5512
35820 5924 9954
35821 10451 2599
35822 5272 11328
35823 6118 8187
35824 480 2979
35825 4200 5503
35826 5848 10043
35827 2879 4792
35828 2070 4713
35829 4907 9062
35830 9064 1066
35831 7320 520
35832 9283 6983
35833 5125 2576
35834 9311 4677
35835 11650 10722
35836 1512 5592
35837 1703 1548
35838 805 9752
35839 11530 1194
35840 9179 9748
35841 11238 4607
35842 2778 6397
35843 11525 993
35844 1012 10713
35845 11152 8550
35846 5107 6900
35847 4190 9780
35848 9963 1762
35849 3378 751
35850 3670 5502
35851 5305 3482
35852 510 2849
35853 4035 7854
35854 8566 6573
35855 1803 9685
35856 110 1532
35857 9050 11453
35858 7141 1216
35859 7423 11052
35860 1588 11867
35861 9083 624
35862 7452 5115
35863 2637 2709
35864 387 7608
35865 4832 7235
35866 2756 5942
35867 10349 4924
35868 11339 7751
35869 11097 11934
35870 7269 10506
35871 2740 5441
35872 8477 2858
35873 1743 5274
35874 10910 9042
35875 8799 2341
35876 1770 7784
35877 7328 7191
35878 9906 6610
35879 9099 3461
35880 9425 11814
35881 11308 5150
35882 6959 1002
35883 7273 4676
35884 276 3598
35885 4375 9388
35886 324 1009
35887 10454 7832
35888 3112 3424
35889 1680 1557
35890 593 6113
35891 2807 11774
35892 4925 1657
35893 813 7806
35894 7321 11979
35895 1141 180
35896 7520 7584
35897 931 756
35898 6771 836
35899 7903 7724
35900 6304 4809
35901 10768 8552
35902 10157 321
35903 5622 1028
35904 8916 5699
35905 8632 6370
35906 7537 10048
35907 6885 3938
35908 166 7456
35909 8265 184
35910 875 6696
35911 2712 5777
35912 3334 11631
35913 188 9069
35914 5658 11150
35915 7067 6823
35916 3703 10031
35917 11831 4536
35918 4977 10466
35919 3892 5174
35920 9220 3863
35921 5441 668
35922 9270 4559
35923 11655 6422
35924 5627 558
35925 6064 10368
35926 7139 6129
35927 606 6107
35928 1132 6746
35929 9946 11446
35930 2921 9579
35931 4541 11012
35932 1917 9844
35933 1402 2073
35934 3629 10755
35935 11287 9937
35936 5833 10176
35937 2449 11481
35938 469 5408
35939 5114 9138
35940 2800 10669
35941 3097 5765
35942 7278 8291
35943 10742 7910
35944 1123 4066
35945 8773 5661
35946 6463 891
35947 5914 5109
35948 1258 130
35949 6180 11608
35950 7274 7191
35951 8615 3288
35952 5695 5214
35953 7128 1479
35954 5390 4227
35955 6282 1191
35956 8231 11185
35957 9415 10961
35958 2215 7165
35959 8273 10231
35960 1614 10935
35961 9154 1221
35962 9386 6093
35963 9244 3102
35964 1929 923
35965 9268 4919
35966 564 7146
35967 7100 801
35968 1721 1893
35969 1332 1130
35970 5443 1909
35971 4401 674
35972 3086 3526
35973 4634 4837
35974 3335 5985
35975 1040 4412
35976 3512 1304
35977 2679 2127
35978 11151 1772
35979 10855 10070
35980 2364 5470
35981 9887 368
35982 1062 7609
35983 5258 7709
35984 7337 3409
35985 7510 6886
35986 5781 3262
35987 1440 8185
35988 1703 8512
35989 4995 9993
35990 2424 9585
35991 6285 5425
35992 3531 7956
35993 11267 11356
35994 7632 4652
35995 6675 2825
35996 6959 7931
35997 10187 9299
35998 8475 10949
35999 4365 8017
36000 1584 2453
36001 2059 6813
36002 1386 9572
36003 1170 4077
36004 10545 9255
36005 1012 4818
36006 2849 5403
36007 10799 4930
36008 4698 4863
36009 6733 2632
36010 7069 2467
36011 1336 8758
36012 11526 8412
36013 3027 3795
36014 2478 5828
36015 600 7873
36016 4044 1271
36017 9778 8929
36018 4478 1474
36019 5937 11865
36020 1887 10712
36021 9123 5756
36022 4847 9876
36023 8251 3237
36024 6090 8722
36025 11565 8601
36026 7756 7496
36027 7769 5815
36028 5337 8593
36029 9498 3200
36030 4843 5049
36031 4404 2386
36032 8829 7875
36033 5939 8261
36034 499 1908
36035 10261 472
36036 2770 2561
36037 7204 9617
36038 3223 9792
36039 3861 7380
36040 5975 10365
36041 1974 5602
36042 9724 5825
36043 8820 4052
36044 3417 2862
36045 551 9010
36046 1934 3895
36047 6369 755
36048 10081 8001
36049 8765 6707
36050 11072 3170
36051 3568 8928
36052 2927 10873
36053 2802 4752
36054 8535 5654
36055 996 8658
36056 1270 150
36057 7331 6081
36058 4673 4761
36059 5645 164
36060 1910 1113
36061 9925 5766
36062 10896 8676
36063 11452 2251
36064 7808 1147
36065 8371 6210
36066 2982 807
36067 9894 4941
36068 3350 6808
36069 7675 2783
36070 1649 2095
36071 6230 8519
36072 10711 804
36073 268 9143
36074 2050 9359
36075 9901 10833
36076 9540 5176
36077 3505 4412
36078 1599 11397
36079 4114 6840
36080 5643 3091
36081 11917 8053
36082 3425 0
36083 596 11623
36084 448 7706
36085 2006 2377
36086 11101 8473
36087 530 1035
36088 7061 2454
36089 10211 9475
36090 11996 1457
36091 7889 557
36092 5476 7624
36093 3796 10106
36094 6822 7314
36095 2400 8147
36096 11059 10343
36097 6666 5855
36098 6598 8220
36099 2886 3826
36100 9803 7142
36101 10132 4558
36102 1335 9876
36103 4120 8167
36104 5436 11902
36105 2348 10164
36106 6466 9369
36107 9589 10464
36108 5668 2080
36109 3164 5269
36110 9734 4126
36111 8905 3304
36112 2948 4949
36113 2913 5073
36114 5667 2748
36115 10015 6338
36116 705 7764
36117 7398 7069
36118 4346 9732
36119 5889 9371
36120 3761 9575
36121 1592 3663
36122 632 4172
36123 8958 2477
36124 1559 7310
36125 3645 9393
36126 9659 7002
36127 5710 1783
36128 4677 3867
36129 987 10887
36130 8675 8255
36131 4288 9407
36132 5608 3915
36133 999 7140
36134 11134 8908
36135 4219 6418
36136 10517 4155
36137 2584 11253
36138 10019 9847
36139 372 283
36140 10428 6653
36141 4692 4768
36142 172 1300
36143 6360 6691
36144 10788 11590
36145 7615 10517
36146 11578 3942
36147 7317 1021
36148 9741 6201
36149 3892 5641
36150 4800 11965
36151 8129 11934
36152 2418 9572
36153 7857 1251
36154 5828 2249
36155 9451 9271
36156 6075 6500
36157 10757 11877
36158 4972 1934
36159 11230 4795
36160 6234 3117
36161 4605 3431
36162 2438 11453
36163 10911 1698
36164 4039 2723
36165 8066 6229
36166 8592 5712
36167 10686 3125
36168 9971 8846
36169 1588 2963
36170 7345 4640
36171 3800 175
36172 7406 3528
36173 7718 11954
36174 11155 5880
36175 1193 375
36176 7895 7465
36177 8290 6205
36178 2444 1919
36179 5803 10806
36180 1910 2476
36181 6662 11256
36182 10777 9349
36183 4691 616
36184 7322 6567
36185 4164 5986
36186 7943 5496
36187 11674 7550
36188 7008 8780
36189 2899 7057
36190 6377 4123
36191 3877 6916
36192 4935 2747
36193 2355 9666
36194 583 1857
36195 11808 283
36196 8363 3013
36197 10331 10214
36198 2145 11305
36199 331 4913
36200 6238 4327
36201 4928 6563
36202 9745 11985
36203 354 10140
36204 11842 5810
36205 9085 2626
36206 1843 2771
36207 3952 920
36208 10899 9352
36209 1146 2589
36210 453 5381
36211 11556 9270
36212 6335 2004
36213 11703 11273
36214 431 5561
36215 9238 4828
36216 2890 1420
36217 8436 9475
36218 9635 9433
36219 1254 5318
36220 2214 7428
36221 11218 10637
36222 6501 11472
36223 9641 11647
36224 8922 2484
36225 2199 10502
36226 859 10204
36227 4712 8520
36228 9461 5866
36229 1027 8789
36230 4646 2000
36231 8646 945
36232 1721 8964
36233 35 6005
36234 1634 1247
36235 4936 10312
36236 11358 6814
36237 5280 6699
36238 4498 7262
36239 8218 2361
36240 4878 8517
36241 2683 5112
36242 215 2282
36243 1067 1864
36244 5678 11747
36245 7701 9811
36246 3325 9960
36247 11629 1166
36248 411 3222
36249 6805 8396
36250 493 10843
36251 5050 1379
36252 773 10042
36253 3523 10790
36254 10948 3050
36255 1506 3838
36256 4391 3944
36257 8753 721
36258 11868 1137
36259 5548 11975
36260 5272 6938
36261 825 3428
36262 7875 10696
36263 7016 4895
36264 9375 6407
36265 1404 11760
36266 11208 9604
36267 2307 5838
36268 8653 1243
36269 10319 4877
36270 11325 11467
36271 6693 1481
36272 9339 3373
36273 6430 9588
36274 6473 2883
36275 1383 7276
36276 5010 1954
36277 2441 1101
36278 7950 11476
36279 9082 11487
36280 131 8051
36281 8100 10730
36282 2183 2644
36283 2803 4615
36284 3905 11576
36285 240 10450
36286 9984 4705
36287 9527 11920
36288 7807 4088
36289 9347 3767
36290 6407 7134
36291 11472 4721
36292 9052 11800
36293 5186 2913
36294 6880 7045
36295 11676 4535
36296 836 1494
36297 730 8286
36298 10332 120
36299 1639 11541
36300 5379 11175
36301 9498 6982
36302 10990 787
36303 2383 9750
36304 1135 6309
36305 10958 10005
36306 8753 4968
36307 10293 10345
36308 3067 4564
36309 5915 7250
36310 6055 8773
36311 3233 396
36312 1770 6980
36313 1541 2655
36314 2536 11579
36315 11555 11589
36316 9504 3656
36317 1133 7766
36318 1767 308
36319 7092 8278
36320 4878 2158
36321 8738 11337
36322 11939 6202
36323 7751 6924
36324 2379 7268
36325 9598 2099
36326 7534 10009
36327 4769 6709
36328 5171 808
36329 4439 7775
36330 7229 9056
36331 3659 8186
36332 4672 3147
36333 3730 6203
36334 7262 6194
36335 5286 5275
36336 13 5333
36337 7901 11120
36338 5530 9516
36339 7766 2068
36340 9504 8149
36341 8493 5814
36342 11735 9702
36343 6245 7328
36344 7373 11862
36345 11146 7704
36346 7364 1096
36347 11182 151
36348 8864 11248
36349 6755 10003
36350 1696 3572
36351 4514 1113
36352 5951 11837
36353 420 7133
36354 7649 3520
36355 4415 7969
36356 9060 17
36357 162 10100
36358 8317 2212
36359 11191 5860
36360 2405 1045
36361 64 6522
36362 6417 2292
36363 6119 8002
36364 389 8779
36365 3481 11989
36366 11886 5143
36367 10919 3154
36368 1302 3047
36369 2109 8758
36370 9835 11864
36371 9688 10307
36372 725 9255
36373 965 6177
36374 607 7622
36375 1094 8128
36376 7948 3764
36377 1782 10599
36378 9017 4537
36379 8128 7907
36380 4160 9570
36381 6430 2196
36382 4535 344
36383 8007 3976
36384 6277 6457
36385 11073 10891
36386 11384 2794
36387 1619 10589
36388 5281 6478
36389 3990 9924
36390 11661 11366
36391 9699 3052
36392 1749 3961
36393 9552 2556
36394 8793 8229
36395 1511 10137
36396 7722 6905
36397 4911 332
36398 11974 3659
36399 4789 1254
36400 3368 5132
36401 3603 4510
36402 7586 10931
36403 5357 8049
36404 8713 2375
36405 3831 7402
36406 9976 10073
36407 9302 1836
36408 11584 911
36409 7613 10515
36410 5042 11083
36411 9710 2656
36412 8136 7601
36413 11203 1859
36414 5299 9029
36415 6448 5368
36416 243 11684
36417 320 8886
36418 6720 1749
36419 4603 3630
36420 10918 8054
36421 3925 6641
36422 219 11959
36423 608 11065
36424 10267 4935
36425 10315 928
36426 233 11151
36427 290 9576
36428 5245 8378
36429 5888 9345
36430 3116 4471
36431 223 11472
36432 9309 7978
36433 2304 4894
36434 5981 5174
36435 8950 516
36436 10866 4436
36437 11655 803
36438 4727 3183
36439 11788 7120
36440 2900 9297
36441 4839 9531
36442 8522 1732
36443 2254 2826
36444 3783 2747
36445 7374 6116
36446 4432 8297
36447 4624 10663
36448 10042 361
36449 1291 10019
36450 6955 8475
36451 2380 8053
36452 6973 11793
36453 3805 3858
36454 7533 5294
36455 5700 9773
36456 4955 2836
36457 10610 2328
36458 390 11787
36459 8847 7588
36460 692 9558
36461 1910 6960
36462 5438 5746
36463 8183 8204
36464 7120 8433
36465 9697 9433
36466 11566 758
36467 7693 3459
36468 11509 5027
36469 4034 11877
36470 9350 3897
36471 3742 9175
36472 6678 3695
36473 527 3496
36474 11386 1253
36475 2326 615
36476 7707 1552
36477 4686 11435
36478 2878 4545
36479 5448 7775
36480 11498 1314
36481 9972 8209
36482 8971 9463
36483 4615 4264
36484 1891 7692
36485 8737 3673
36486 771 7631
36487 11407 10519
36488 7598 933
36489 10615 8646
36490 1825 7654
36491 5453 2605
36492 957 287
36493 8444 2626
36494 8157 6978
36495 397 5115
36496 265 6964
36497 8508 9939
36498 3685 8519
36499 5401 5373
36500 3753 4809
36501 11133 8664
36502 11565 10245
36503 5833 10288
36504 4188 769
36505 4673 8926
36506 9586 10700
36507 9867 11930
36508 9995 4809
36509 488 4391
36510 4207 5915
36511 761 2851
36512 1214 8638
36513 1293 10453
36514 11726 191
36515 1284 1786
36516 2603 4433
36517 3416 8804
36518 6153 1825
36519 6913 1908
36520 984 4364
36521 7250 1167
36522 1650 3570
36523 8976 10888
36524 943 6731
36525 10067 4684
36526 11801 11014
36527 6311 1987
36528 9713 6753
36529 9074 8898
36530 7147 11046
36531 142 4887
36532 5732 3777
36533 6433 382
36534 7651 8567
36535 10173 11819
36536 8340 1431
36537 1492 9497
36538 5633 4881
36539 2799 6983
36540 3488 3218
36541 10691 5359
36542 10156 2116
36543 9550 1177
36544 1047 3480
36545 8185 5298
36546 3659 3230
36547 3757 11484
36548 4343 1338
36549 10032 3653
36550 2453 6988
36551 5406 4905
36552 2671 25
36553 1856 6795
36554 7326 10735
36555 4322 961
36556 1254 10560
36557 2182 2847
36558 5199 2316
36559 6301 10060
36560 3239 10853
36561 927 9050
36562 4529 7719
36563 11418 2349
36564 2159 7653
36565 4194 2734
36566 6224 6898
36567 4560 1668
36568 9340 10715
36569 3785 3370
36570 9703 5216
36571 2587 6475
36572 2926 2117
36573 10279 502
36574 10435 10028
36575 8945 675
36576 3057 803
36577 56 5927
36578 4623 2590
36579 10982 844
36580 3319 6368
36581 10654 3927
36582 7343 3022
36583 3072 8179
36584 887 10440
36585 1379 9003
36586 1271 11113
36587 5661 1909
36588 8361 3369
36589 7166 5592
36590 7374 10460
36591 4953 7407
36592 3131 11392
36593 9710 11659
36594 9738 9773
36595 7604 4849
36596 5125 4634
36597 6375 4198
36598 8343 9250
36599 6928 2455
36600 11461 3369
36601 9649 8751
36602 8398 277
36603 3099 6095
36604 5590 3431
36605 5127 7556
36606 6743 7949
36607 10692 11216
36608 8701 108
36609 1076 11906
36610 4393 2217
36611 5893 10089
36612 3110 799
36613 7335 993
36614 6019 1024
36615 6869 11756
36616 11732 46
36617 4359 8970
36618 4041 8146
36619 6541 10761
36620 11545 734
36621 6803 846
36622 3787 10005
36623 1312 8047
36624 2910 826
36625 11696 8727
36626 6764 1571
36627 883 11409
36628 696 10212
36629 11444 5535
36630 1388 3335
36631 3857 9071
36632 8854 3466
36633 2457 7264
36634 11608 7256
36635 1961 11861
36636 6829 1354
36637 1363 1378
36638 9327 8718
36639 3094 8071
36640 8210 2794
36641 8149 11665
36642 8351 5987
36643 3934 2879
36644 1302 5277
36645 1776 10673
36646 5855 10499
36647 7863 8553
36648 2703 11147
36649 2342 7271
36650 6386 13
36651 6650 7051
36652 5460 8243
36653 8472 1571
36654 316 6198
36655 741 3372
36656 6351 2153
36657 5671 1646
36658 10653 4925
36659 752 7806
36660 6969 1593
36661 429 2206
36662 5381 4093
36663 2215 9678
36664 11500 10462
36665 5298 3022
36666 11811 6605
36667 7807 5288
36668 9694 6025
36669 8909 5392
36670 6104 7730
36671 3206 11572
36672 932 9646
36673 6571 8928
36674 1603 8098
36675 6624 8637
36676 6463 1798
36677 8076 2443
36678 26 1243
36679 6360 8646
36680 8012 3830
36681 11228 10033
36682 1146 6334
36683 3714 6530
36684 411 11131
36685 10910 643
36686 5250 3417
36687 5789 11987
36688 2960 11603
36689 9191 2093
36690 11525 6924
36691 4442 6350
36692 2742 453
36693 8571 4547
36694 5426 6851
36695 5258 2513
36696 11508 551
36697 424 3629
36698 2487 7577
36699 9340 10314
36700 1186 11010
36701 6129 9377
36702 7382 7807
36703 11167 9108
36704 4275 2636
36705 1022 9071
36706 9271 5303
36707 8832 11103
36708 6638 6623
36709 1502 2163
36710 10554 9195
36711 4305 10734
36712 7309 4005
36713 7001 4248
36714 11229 2344
36715 8010 6933
36716 10793 379
36717 4459 9060
36718 186 5185
36719 6820 5638
36720 9599 3878
36721 7567 2659
36722 9494 11178
36723 5288 10584
36724 8140 6098
36725 937 8949
36726 11815 8931
36727 8324 1920
36728 10995 9401
36729 8311 4941
36730 18 8208
36731 6926 7341
36732 5965 7477
36733 10901 1743
36734 6737 7771
36735 7197 4822
36736 6549 11258
36737 2666 8710
36738 2972 6689
36739 1067 9692
36740 7007 6554
36741 3608 6753
36742 5579 884
36743 1937 10073
36744 10837 9754
36745 7560 7356
36746 7926 4061
36747 10109 9658
36748 2533 10969
36749 2756 11202
36750 4262 11346
36751 7524 1915
36752 8590 7331
36753 2722 2052
36754 1903 4087
36755 10367 1367
36756 6552 8296
36757 5032 90
36758 2321 7926
36759 1294 5239
36760 10484 7578
36761 319 11204
36762 934 10214
36763 4637 209
36764 10720 10423
36765 5668 9992
36766 6883 3436
36767 2615 2664
36768 4116 4131
36769 1407 11702
36770 1137 7666
36771 9234 1403
36772 56 4249
36773 8995 17
36774 7749 2281
36775 3495 5257
36776 773 11078
36777 7464 3672
36778 5848 5672
36779 579 4463
36780 2075 7275
36781 11926 6078
36782 1532 289
36783 8501 11150
36784 4752 1081
36785 4787 10226
36786 2825 5736
36787 1886 614
36788 7063 11156
36789 2678 7845
36790 5671 629
36791 637 6278
36792 4588 3883
36793 9926 9031
36794 11737 6591
36795 9973 10990
36796 240 4127
36797 8869 10158
36798 11185 10070
36799 4844 10763
36800 6161 11238
36801 8981 1233
36802 11609 3543
36803 8645 1471
36804 6395 10235
36805 9788 302
36806 10739 9173
36807 4779 8658
36808 3856 11707
36809 8519 7908
36810 4341 6711
36811 11490 5890
36812 11362 1652
36813 11856 8332
36814 5697 1011
36815 2896 7390
36816 5593 7894
36817 7648 9663
36818 6656 891
36819 1502 11500
36820 11232 7402
36821 1935 7539
36822 5782 10360
36823 7383 9076
36824 9567 5
36825 22 11837
36826 3727 6554
36827 4682 720
36828 4119 9319
36829 202 8385
36830 8693 749
36831 8688 7014
36832 5070 7053
36833 5258 726
36834 6291 10906
36835 8671 2751
36836 6514 9885
36837 10992 3450
36838 7435 9023
36839 4174 10841
36840 1078 5380
36841 11961 11336
36842 7692 8818
36843 1198 5054
36844 8387 9391
36845 11833 4569
36846 2523 5617
36847 2972 9495
36848 1139 3164
36849 660 3263
36850 8099 6813
36851 5835 8185
36852 11312 1339
36853 11799 2017
36854 11313 6623
36855 4460 10902
36856 8527 239
36857 10653 3713
36858 9728 9858
36859 7244 1164
36860 10496 10431
36861 852 11472
36862 8628 11793
36863 10549 6002
36864 5887 2204
36865 10734 5887
36866 11573 9252
36867 3831 7873
36868 4893 5478
36869 4205 10151
36870 1159 938
36871 9727 4626
36872 3865 5929
36873 6178 1054
36874 3687 6431
36875 5732 3014
36876 2995 4332
36877 7502 5051
36878 1013 2428
36879 3356 7359
36880 3479 10258
36881 322 11239
36882 2461 8999
36883 800 6959
36884 7786 8516
36885 5533 7248
36886 4075 600
36887 9771 5906
36888 7998 5847
36889 1509 768
36890 11289 9424
36891 2119 7781
36892 1491 5919
36893 11607 10736
36894 11545 7304
36895 10351 4957
36896 4839 1742
36897 6598 6396
36898 8510 830
36899 211 182
36900 11204 2022
36901 3621 1952
36902 11124 3590
36903 4388 9649
36904 9859 7241
36905 10095 11064
36906 8834 6444
36907 1113 2753
36908 9612 10123
36909 7328 843
36910 9446 10369
36911 10761 9504
36912 3131 7799
36913 4764 4411
36914 7393 7411
36915 5433 7543
36916 11543 3179
36917 4549 3123
36918 8029 3488
36919 7098 6145
36920 2040 3236
36921 4321 4651
36922 5119 3638
36923 246 6636
36924 5480 9730
36925 5087 2008
36926 9156 10659
36927 163 7852
36928 4695 3892
36929 313 629
36930 2709 9510
36931 10276 9505
36932 4039 9956
36933 5979 4948
36934 8129 11091
36935 8724 2082
36936 8813 397
36937 7783 4980
36938 2725 11026
36939 9611 2165
36940 9315 2626
36941 11016 7873
36942 2424 1362
36943 4855 8257
36944 11369 6786
36945 1417 2518
36946 5755 774
36947 3316 7662
36948 9636 2872
36949 8528 6453
36950 9097 1244
36951 3546 6199
36952 11261 9865
36953 493 520
36954 10086 3964
36955 10006 4564
36956 3050 3977
36957 3433 3893
36958 1817 9157
36959 3881 6796
36960 9374 5385
36961 9204 11840
36962 2692 9094
36963 9391 7437
36964 4500 6419
36965 6689 8616
36966 649 8309
36967 11940 9428
36968 7867 7489
36969 2160 3176
36970 2291 7735
36971 8586 3793
36972 8034 7180
36973 4605 8372
36974 9624 5934
36975 4743 10674
36976 10036 6401
36977 9343 7796
36978 8612 6249
36979 7274 9757
36980 4919 1775
36981 10827 2924
36982 5585 11689
36983 6479 4970
36984 8461 8456
36985 10028 3077
36986 1649 9864
36987 8881 7540
36988 3025 10306
36989 4438 9830
36990 4116 9434
36991 7849 8833
36992 6676 6166
36993 4677 2204
36994 4247 5944
36995 5763 3805
36996 6968 6042
36997 10219 184
36998 10484 1634
36999 5778 7653
37000 10793 8765
37001 4756 7862
37002 11084 10377
37003 7547 8784
37004 11938 2256
37005 11735 2931
37006 9454 9749
37007 738 8443
37008 992 7803
37009 6579 442
37010 8051 6497
37011 9227 6876
37012 10213 9149
37013 8672 3253
37014 7127 7924
37015 2410 7966
37016 3266 3362
37017 158 5721
37018 8376 9129
37019 2374 3087
37020 7328 9571
37021 1807 4176
37022 7167 2845
37023 8814 6474
37024 40 7795
37025 6796 2244
37026 3711 8910
37027 9820 5927
37028 11370 11600
37029 8748 10050
37030 4072 10477
37031 11204 5285
37032 5098 9237
37033 2836 910
37034 3930 5858
37035 1951 4290
37036 4690 9687
37037 386 3106
37038 9454 9791
37039 8541 6315
37040 10405 8717
37041 187 1906
37042 2620 5265
37043 4738 3446
37044 2322 3368
37045 8124 10644
37046 328 7572
37047 5988 1330
37048 8167 387
37049 4699 8575
37050 5589 11441
37051 10704 7920
37052 2149 2403
37053 1475 11415
37054 5204 7388
37055 7233 10714
37056 9542 1823
37057 11361 6204
37058 4354 8762
37059 4254 892
37060 7743 7769
37061 4981 3812
37062 8964 2540
37063 8752 11454
37064 6927 8478
37065 2912 3715
37066 5037 6393
37067 344 3980
37068 11585 7026
37069 9078 618
37070 10448 8443
37071 6863 6785
37072 9675 2801
37073 11985 6902
37074 3005 6734
37075 4278 6648
37076 11086 10671
37077 1470 7398
37078 11663 1938
37079 2445 6299
37080 4371 5234
37081 9788 9119
37082 3533 7650
37083 3446 11882
37084 2351 5312
37085 3059 9400
37086 2116 7088
37087 488 3079
37088 2151 8516
37089 3838 11992
37090 2469 10283
37091 1020 11854
37092 11139 11912
37093 6728 9951
37094 625 8669
37095 5549 2706
37096 11699 10953
37097 6069 8652
37098 7155 6106
37099 7490 1003
37100 8349 10284
37101 5354 3223
37102 3894 8346
37103 8566 1920
37104 2493 1097
37105 10413 2432
37106 3109 3249
37107 9807 10421
37108 11272 863
37109 9448 1962
37110 1702 1835
37111 4214 10130
37112 4042 7854
37113 1480 1817
37114 10702 2733
37115 8346 11299
37116 10935 11249
37117 6166 5378
37118 8306 4709
37119 2648 11717
37120 7429 7489
37121 6929 5446
37122 1783 7971
37123 7021 11746
37124 4049 3621
37125 11712 621
37126 2840 1176
37127 5990 7786
37128 960 11101
37129 10890 4331
37130 2339 11840
37131 6322 6338
37132 3683 8179
37133 613 5442
37134 227 2239
37135 9105 8128
37136 10533 9309
37137 983 10746
37138 2377 5011
37139 2954 7674
37140 11317 10359
37141 1109 514
37142 5030 3332
37143 2112 11688
37144 5291 10270
37145 3328 3601
37146 1273 1380
37147 6903 9502
37148 11961 4389
37149 3474 9274
37150 6892 6791
37151 4149 10688
37152 1444 3549
37153 637 3818
37154 7121 4361
37155 4031 6691
37156 8104 784
37157 7701 6089
37158 2696 3971
37159 5063 7156
37160 2221 5708
37161 3533 11279
37162 11396 933
37163 5504 9278
37164 2969 6151
37165 11024 10580
37166 6718 6293
37167 9885 3029
37168 6344 1956
37169 3035 8920
37170 2698 10412
37171 1650 3552
37172 2332 140
37173 6489 3467
37174 11809 281
37175 10698 5627
37176 10182 3119
37177 11763 946
37178 2857 5163
37179 10050 2218
37180 11991 6138
37181 2583 5470
37182 8728 10262
37183 214 6619
37184 3711 8020
37185 6843 7273
37186 7788 697
37187 8988 1360
37188 10244 8854
37189 4179 6307
37190 8286 11557
37191 9278 764
37192 10643 3930
37193 6340 11866
37194 1506 4586
37195 1902 2921
37196 4861 7084
37197 1138 8447
37198 4330 333
37199 2579 1029
37200 5337 11086
37201 4959 1063
37202 1329 6416
37203 3626 10624
37204 10135 9434
37205 8311 1326
37206 9140 10895
37207 3492 5824
37208 2717 3881
37209 9567 8177
37210 679 9996
37211 5512 1628
37212 5950 1912
37213 1283 3091
37214 11595 9455
37215 6738 5462
37216 3529 10134
37217 2127 8037
37218 11244 9753
37219 6888 8151
37220 1044 1517
37221 10654 11316
37222 6440 8280
37223 11187 162
37224 1257 4743
37225 10813 6631
37226 4654 9181
37227 3090 3046
37228 20 5151
37229 4114 3520
37230 2246 3695
37231 4479 4857
37232 11617 7764
37233 4843 2155
37234 8521 83
37235 7793 11530
37236 5242 7437
37237 6820 5321
37238 7221 11668
37239 10699 5084
37240 5789 2821
37241 9533 1712
37242 2941 2575
37243 9635 5597
37244 10279 5888
37245 7492 7428
37246 1191 10732
37247 52 10790
37248 5591 2971
37249 6732 1967
37250 10911 3816
37251 489 1515
37252 399 3234
37253 6662 11791
37254 320 7663
37255 10557 9489
37256 7830 11184
37257 11689 824
37258 4623 5691
37259 9341 3285
37260 679 8848
37261 7293 1036
37262 9131 1143
37263 10404 5113
37264 667 87
37265 739 11347
37266 8352 3659
37267 2011 3406
37268 3275 7044
37269 8091 1649
37270 10378 3022
37271 4275 7659
37272 10164 16
37273 7764 4773
37274 2610 1059
37275 8583 4459
37276 9718 10408
37277 1324 1081
37278 5260 9256
37279 8727 8338
37280 7176 9835
37281 7601 11393
37282 7896 8266
37283 4394 4171
37284 4677 1616
37285 1059 8004
37286 4088 9067
37287 7705 2763
37288 202 10785
37289 11254 3535
37290 8710 7724
37291 5329 8554
37292 664 11279
37293 11161 6824
37294 10969 5287
37295 2603 3446
37296 2001 9248
37297 6817 2456
37298 4195 8961
37299 1317 5409
37300 11093 11559
37301 3222 7357
37302 1455 5225
37303 5810 5679
37304 3655 7850
37305 3053 6275
37306 62 7556
37307 8553 8382
37308 9844 568
37309 11662 10189
37310 3485 5684
37311 10250 1782
37312 2280 3470
37313 697 5154
37314 3576 3095
37315 5108 556
37316 4251 5031
37317 3321 9964
37318 6761 5165
37319 2374 11055
37320 8487 11205
37321 9482 3437
37322 2476 11898
37323 1865 8000
37324 1501 6661
37325 4535 3491
37326 1084 9489
37327 4405 11391
37328 5562 8216
37329 7278 2092
37330 127 9237
37331 2411 6935
37332 10062 1378
37333 9169 6085
37334 1578 6398
37335 9105 6399
37336 6743 302
37337 10924 4370
37338 11028 2959
37339 6383 921
37340 6367 9100
37341 9092 11651
37342 1961 3608
37343 3918 514
37344 6759 3326
37345 8150 2615
37346 145 4858
37347 2133 11585
37348 1844 9379
37349 1593 625
37350 6587 8592
37351 10416 9185
37352 2932 2071
37353 3503 7052
37354 734 11737
37355 11586 11116
37356 3395 8318
37357 8510 4084
37358 9416 9839
37359 2644 106
37360 7746 6414
37361 9522 11169
37362 9859 10341
37363 6614 8049
37364 191 10031
37365 10430 3496
37366 4340 3694
37367 2890 2644
37368 2966 6930
37369 2293 1381
37370 9919 11279
37371 1419 5399
37372 9489 2376
37373 11837 1261
37374 11714 1862
37375 10582 11157
37376 2459 4394
37377 3816 11789
37378 5381 832
37379 6504 5227
37380 496 11678
37381 9370 1292
37382 8088 6048
37383 6164 1495
37384 8235 2056
37385 8716 9637
37386 2797 3364
37387 2801 1671
37388 8548 2605
37389 7309 11970
37390 6065 11903
37391 1772 3057
37392 8812 8380
37393 3635 6007
37394 8435 5608
37395 3271 11453
37396 9598 2525
37397 9914 1735
37398 8621 2713
37399 2865 2366
37400 2613 243
37401 9865 5228
37402 7954 1011
37403 10395 4219
37404 1562 1201
37405 9737 6773
37406 2898 9157
37407 486 10765
37408 9907 9077
37409 9399 7221
37410 5495 3690
37411 9087 7129
37412 1587 6365
37413 7047 1252
37414 5060 4357
37415 1700 9659
37416 4180 10906
37417 7870 74
37418 808 7502
37419 9561 4113
37420 10571 6278
37421 7258 9285
37422 5678 8874
37423 3532 7242
37424 5220 1393
37425 1028 8905
37426 6263 7481
37427 4264 655
37428 5239 5739
37429 5064 8434
37430 8513 3730
37431 3877 8241
37432 2600 9821
37433 11794 4699
37434 3840 9101
37435 4462 5119
37436 8071 4486
37437 10393 11876
37438 9801 8278
37439 8616 4543
37440 8633 6794
37441 9446 10483
37442 906 594
37443 3998 1037
37444 3967 10787
37445 1330 7031
37446 10750 11583
37447 10152 5533
37448 3886 5977
37449 10061 7393
37450 9144 1947
37451 3605 10437
37452 3772 2063
37453 9396 1054
37454 2322 2996
37455 1130 461
37456 6156 9298
37457 10271 11086
37458 10452 7740
37459 9269 4731
37460 9961 4137
37461 2505 1080
37462 3051 8960
37463 11776 176
37464 166 975
37465 10707 3748
37466 8655 10973
37467 1474 5665
37468 431 6266
37469 5557 1363
37470 6786 4220
37471 6221 2661
37472 8970 7731
37473 4323 11647
37474 10060 4230
37475 1230 2751
37476 9020 6940
37477 11639 3237
37478 9367 5880
37479 8339 4701
37480 6571 3244
37481 3513 7305
37482 3339 9820
37483 11104 290
37484 3681 6977
37485 7743 2226
37486 9430 4337
37487 2421 9928
37488 9757 8155
37489 2904 8380
37490 8339 9403
37491 7204 3927
37492 5592 11453
37493 1355 10355
37494 2382 2719
37495 2835 5329
37496 1959 11391
37497 4841 8679
37498 8083 11274
37499 4616 4859
37500 8864 9768
37501 2209 5873
37502 10255 638
37503 2694 5900
37504 1745 8209
37505 6706 7957
37506 5326 4117
37507 7978 452
37508 11599 9304
37509 9641 2822
37510 4396 5416
37511 10731 3601
37512 4585 9994
37513 5015 1322
37514 9568 9766
37515 10921 8672
37516 1078 6282
37517 6702 9910
37518 1645 10572
37519 644 5228
37520 5866 9016
37521 11727 3009
37522 3952 6750
37523 6043 3494
37524 6769 1816
37525 7565 11244
37526 4267 7295
37527 1811 362
37528 4020 10238
37529 8968 654
37530 4761 5823
37531 6675 2009
37532 7053 921
37533 2876 7713
37534 7343 5438
37535 7696 6822
37536 711 6824
37537 4595 4672
37538 5845 3429
37539 5777 8832
37540 10406 6842
37541 5138 10585
37542 1865 1309
37543 4017 1747
37544 6947 3799
37545 6329 9345
37546 8562 3441
37547 978 520
37548 1908 645
37549 2095 2858
37550 3657 9692
37551 4043 5915
37552 3743 2701
37553 3620 9272
37554 1983 1848
37555 663 11263
37556 5361 2094
37557 11144 7048
37558 2557 11397
37559 8 130
37560 227 5559
37561 8117 835
37562 8170 11242
37563 3160 2660
37564 2969 5316
37565 3504 10801
37566 2484 2119
37567 835 7922
37568 10053 209
37569 2963 5199
37570 9060 7303
37571 1975 11486
37572 8979 3909
37573 4951 7588
37574 590 10855
37575 10779 1992
37576 3852 9666
37577 4182 9577
37578 941 9884
37579 812 5897
37580 9034 9000
37581 2391 5846
37582 879 1005
37583 5313 8372
37584 7448 8130
37585 7304 1393
37586 6482 9697
37587 7924 1456
37588 83 451
37589 2864 10338
37590 9853 2506
37591 5539 8540
37592 11645 2473
37593 2654 7079
37594 2924 2449
37595 1441 8497
37596 2178 6716
37597 1559 3150
37598 4695 9214
37599 9143 6416
37600 2227 3366
37601 6041 3013
37602 2464 4529
37603 1994 5916
37604 9333 11093
37605 5013 5854
37606 9642 8777
37607 5651 9753
37608 3924 2410
37609 9834 5712
37610 1404 6880
37611 5556 5701
37612 3022 6733
37613 6462 11591
37614 4649 11966
37615 8661 1854
37616 96 1036
37617 837 9008
37618 2683 1642
37619 739 9792
37620 1436 10765
37621 147 6970
37622 1281 2417
37623 2315 1913
37624 5087 7444
37625 5477 1438
37626 9019 8325
37627 1237 5593
37628 11060 8918
37629 6148 9100
37630 3443 7630
37631 11388 11814
37632 1981 4647
37633 2656 11879
37634 5979 11902
37635 1186 3917
37636 11374 1273
37637 9683 4921
37638 8905 3306
37639 3870 9749
37640 4183 4288
37641 3792 5229
37642 386 2986
37643 1506 3769
37644 5845 8940
37645 9900 11518
37646 11977 10130
37647 6928 6186
37648 9958 11729
37649 3465 10521
37650 9577 1709
37651 6057 11610
37652 4090 5255
37653 440 6053
37654 6434 6012
37655 9679 4759
37656 10935 10662
37657 4985 6104
37658 6147 1225
37659 7557 7405
37660 10289 10958
37661 9392 7236
37662 9515 7023
37663 2071 857
37664 6286 3996
37665 11952 3377
37666 10111 811
37667 2389 6217
37668 3995 5246
37669 10051 10292
37670 11132 8147
37671 5115 4724
37672 2786 1861
37673 6283 6915
37674 1001 11458
37675 11521 10602
37676 5795 1919
37677 7918 5614
37678 9267 10093
37679 10719 10200
37680 11080 11994
37681 5003 4919
37682 8141 8549
37683 3302 6269
37684 2662 8082
37685 7550 4292
37686 3516 6909
37687 1316 9053
37688 5424 7722
37689 425 2153
37690 4187 1878
37691 11333 5780
37692 2892 3717
37693 5099 7175
37694 3190 11353
37695 5734 1064
37696 11420 9964
37697 1858 11152
37698 4892 11548
37699 3242 1645
37700 9432 5767
37701 6435 4952
37702 2262 11411
37703 2130 5804
37704 8585 5006
37705 11911 4213
37706 8807 3373
37707 774 10222
37708 11491 9831
37709 3456 3350
37710 10030 4327
37711 954 1923
37712 11998 2410
37713 223 2149
37714 7016 11842
37715 4427 642
37716 3465 10619
37717 6377 3115
37718 4641 48
37719 7143 9693
37720 6138 7787
37721 7705 5550
37722 3946 8673
37723 1235 5269
37724 10578 9370
37725 8733 4225
37726 9130 6441
37727 3180 5973
37728 5685 4909
37729 5998 3223
37730 7916 7720
37731 4646 11294
37732 8943 6435
37733 1274 11415
37734 2053 8055
37735 3588 2797
37736 1938 10416
37737 10836 5298
37738 2945 4354
37739 6405 2036
37740 11177 4362
37741 11606 8715
37742 9837 7032
37743 8040 2176
37744 11650 9195
37745 9644 10205
37746 1074 9445
37747 5970 3265
37748 2540 7799
37749 10014 8752
37750 5685 5718
37751 10016 1917
37752 7594 10665
37753 6382 454
37754 4333 7657
37755 8533 6669
37756 8840 4321
37757 2856 5450
37758 9082 7956
37759 1857 6922
37760 5043 6121
37761 9711 684
37762 1250 2948
37763 8099 10739
37764 1981 8134
37765 5056 11005
37766 1083 5433
37767 11698 3139
37768 11402 7084
37769 524 6600
37770 7154 1856
37771 9399 10434
37772 11736 4710
37773 1714 4314
37774 9121 4870
37775 5141 4503
37776 8829 7301
37777 10871 509
37778 10976 3846
37779 9198 5623
37780 8422 114
37781 10294 10529
37782 1041 7873
37783 5266 7869
37784 9785 10568
37785 1393 6323
37786 9186 3980
37787 9353 11198
37788 2162 5454
37789 1338 5042
37790 4150 8738
37791 1524 4748
37792 1671 801
37793 399 10466
37794 5233 704
37795 11187 5253
37796 6683 5583
37797 5470 4187
37798 1111 11623
37799 1677 6283
37800 9143 5243
37801 7785 1073
37802 3118 7760
37803 1093 5295
37804 9790 10742
37805 11124 8261
37806 11851 7975
37807 6827 7466
37808 9976 405
37809 4743 5096
37810 416 4362
37811 10319 6704
37812 8426 2108
37813 4779 5908
37814 3564 9759
37815 7747 1565
37816 7155 2248
37817 6018 6105
37818 8081 10156
37819 10772 7096
37820 9918 10492
37821 7000 6531
37822 4469 11476
37823 179 10441
37824 11104 10325
37825 270 7722
37826 10760 11229
37827 7917 6884
37828 930 1942
37829 5943 1204
37830 3291 58
37831 1869 6101
37832 3921 3291
37833 5689 4043
37834 735 4780
37835 872 217
37836 441 4313
37837 7702 1728
37838 6763 10011
37839 683 9215
37840 3079 4455
37841 7850 8659
37842 7898 11059
37843 9941 6001
37844 7214 451
37845 521 1597
37846 4600 5387
37847 10274 11413
37848 9408 4317
37849 6791 2603
37850 8179 8971
37851 6548 9232
37852 3776 3212
37853 287 177
37854 4445 11520
37855 4286 6106
37856 11843 10679
37857 10472 9148
37858 1059 10211
37859 7831 8647
37860 7145 7308
37861 2613 8240
37862 7826 5131
37863 8657 1205
37864 3561 6504
37865 8211 11486
37866 11722 6814
37867 5822 6456
37868 10612 7985
37869 5570 4768
37870 8343 6111
37871 9517 911
37872 6018 1474
37873 11663 10457
37874 7610 1133
37875 10267 11550
37876 5861 6988
37877 8194 9319
37878 1305 8340
37879 1375 1671
37880 4316 4169
37881 8074 11179
37882 2217 7904
37883 9733 3636
37884 3572 10724
37885 3827 1247
37886 3892 1667
37887 2833 198
37888 9753 2271
37889 909 620
37890 2600 7124
37891 165 382
37892 9905 7699
37893 8400 11353
37894 2169 3262
37895 0 2949
37896 4532 9621
37897 7515 4837
37898 4756 3605
37899 3491 6688
37900 181 11048
37901 5555 9342
37902 1652 8946
37903 1342 6364
37904 5924 5529
37905 5859 10204
37906 751 9959
37907 3610 2687
37908 1421 151
37909 10883 10849
37910 3119 7155
37911 11556 1750
37912 7076 2236
37913 1343 5036
37914 5870 3715
37915 7802 5633
37916 9935 1187
37917 4569 7142
37918 2785 6263
37919 4318 11749
37920 2840 6046
37921 7959 4729
37922 3138 9612
37923 2243 6771
37924 5687 6556
37925 10551 7522
37926 1780 4387
37927 4033 3782
37928 10431 11751
37929 3524 2138
37930 9233 3838
37931 11469 10529
37932 3886 1609
37933 2234 7787
37934 5491 3140
37935 10178 3046
37936 7992 9696
37937 4032 4591
37938 9711 8270
37939 2199 975
37940 11591 11205
37941 730 2269
37942 7440 3428
37943 7577 9890
37944 5633 10265
37945 10689 9569
37946 2982 5719
37947 1585 5220
37948 10776 8216
37949 3709 6858
37950 7785 1154
37951 2788 6455
37952 11540 1717
37953 1024 11463
37954 4739 10321
37955 4116 2277
37956 222 3727
37957 4393 4128
37958 260 6138
37959 6628 4034
37960 11360 11881
37961 3621 6898
37962 3519 9047
37963 3122 1094
37964 3304 170
37965 3362 8085
37966 4254 232
37967 12000 3822
37968 2309 9348
37969 5953 9175
37970 385 10831
37971 4657 11471
37972 10036 11015
37973 11371 10374
37974 7563 2764
37975 11275 8425
37976 10788 8016
37977 3818 2858
37978 7702 2225
37979 6560 5021
37980 3596 175
37981 8840 8556
37982 4914 11180
37983 1118 7288
37984 7443 5035
37985 11200 3797
37986 3022 10358
37987 6396 1470
37988 9109 6929
37989 1172 6956
37990 5498 7649
37991 6470 10652
37992 9831 7342
37993 11534 2154
37994 11068 11009
37995 11627 8754
37996 5518 9204
37997 3755 10958
37998 10223 440
37999 11176 11620
38000 7535 5755
38001 9655 1092
38002 10496 6517
38003 1576 2188
38004 9832 9458
38005 7973 411
38006 10837 11103
38007 7492 2125
38008 5109 7424
38009 271 5185
38010 7631 6424
38011 8961 5163
38012 4502 8325
38013 1240 10873
38014 1153 1346
38015 7710 5042
38016 3147 8609
38017 9757 5280
38018 3473 8885
38019 10896 5375
38020 3643 3700
38021 6387 10477
38022 10985 5793
38023 7789 3478
38024 2968 5860
38025 5984 3427
38026 5042 2067
38027 11900 8645
38028 3428 10334
38029 6419 10241
38030 11472 11629
38031 4940 8014
38032 11782 8389
38033 11649 8582
38034 8235 6073
38035 5861 8822
38036 2672 6327
38037 11955 8672
38038 8583 541
38039 3348 2692
38040 10775 6421
38041 7376 991
38042 6981 7305
38043 5019 2472
38044 587 8506
38045 10447 2667
38046 9672 9521
38047 425 8501
38048 3132 3458
38049 7713 4173
38050 4786 5722
38051 7471 7731
38052 1546 11128
38053 1850 5385
38054 9888 3182
38055 8379 7767
38056 8152 9379
38057 6911 1645
38058 8776 11782
38059 3736 4260
38060 3816 8177
38061 7340 6083
38062 2929 4686
38063 11496 9528
38064 10741 6252
38065 2339 6393
38066 9041 5191
38067 9738 1127
38068 7206 5255
38069 973 9052
38070 10932 1634
38071 10872 4135
38072 7439 1250
38073 543 3136
38074 8888 7835
38075 4856 4624
38076 7737 134
38077 5787 2593
38078 6020 6863
38079 8468 282
38080 11378 8021
38081 9314 1590
38082 1977 1116
38083 783 6764
38084 7839 3275
38085 10291 6716
38086 2797 2376
38087 4510 7781
38088 10294 1980
38089 9865 6064
38090 4891 11509
38091 9104 68
38092 11304 6139
38093 9350 10951
38094 909 2048
38095 1997 8022
38096 8493 7291
38097 5017 323
38098 224 5417
38099 9762 6299
38100 11241 933
38101 3400 10559
38102 8033 5442
38103 3839 8855
38104 11847 1895
38105 10124 11503
38106 4520 11340
38107 10541 5059
38108 8878 4345
38109 4310 1742
38110 3810 3976
38111 8569 4260
38112 7963 619
38113 4948 1426
38114 2413 4061
38115 423 3004
38116 3828 1117
38117 11826 1884
38118 2895 767
38119 7438 8206
38120 1578 9198
38121 10636 11655
38122 7389 622
38123 2923 1916
38124 10097 3002
38125 3312 10640
38126 754 7623
38127 6211 9499
38128 5746 11814
38129 4394 8387
38130 11359 5584
38131 8426 2895
38132 10087 6230
38133 10955 11743
38134 7796 57
38135 2882 4657
38136 4779 7763
38137 11349 9534
38138 11049 7456
38139 8945 9569
38140 7485 6236
38141 11235 4995
38142 11358 8033
38143 3665 10408
38144 2527 5825
38145 11344 8647
38146 11809 11256
38147 3736 950
38148 2553 1766
38149 4830 1024
38150 4011 11359
38151 3061 2447
38152 4649 8933
38153 1863 1773
38154 4355 5824
38155 7181 2683
38156 4980 5281
38157 8335 9499
38158 5526 11601
38159 8324 8996
38160 5526 1450
38161 6974 8448
38162 85 5393
38163 827 6703
38164 5731 7623
38165 503 6045
38166 1928 6060
38167 9525 3186
38168 7295 11012
38169 7021 4384
38170 409 7904
38171 6450 4424
38172 3813 8287
38173 2636 1642
38174 7725 4565
38175 1828 10589
38176 767 867
38177 7498 1241
38178 6163 7189
38179 10697 3016
38180 2162 8589
38181 6239 3561
38182 4208 1118
38183 637 1320
38184 10273 1876
38185 9644 11702
38186 6736 1976
38187 3892 2161
38188 5479 4468
38189 9426 2683
38190 11759 8565
38191 1947 6282
38192 5011 6642
38193 72 11478
38194 8373 5090
38195 6164 7114
38196 778 4177
38197 7383 1411
38198 4890 7509
38199 11465 6063
38200 9712 6569
38201 9426 1730
38202 4665 5159
38203 4403 2669
38204 9005 2954
38205 2075 5556
38206 6403 8514
38207 3745 4485
38208 2883 7108
38209 3837 2341
38210 2605 8661
38211 10753 9949
38212 8786 11962
38213 2812 1238
38214 11223 4700
38215 2462 8663
38216 9826 6062
38217 4911 2878
38218 5841 6212
38219 4151 2034
38220 10253 8175
38221 11662 5458
38222 2678 326
38223 2691 1690
38224 3805 3320
38225 602 4925
38226 7202 900
38227 2588 1681
38228 8135 9658
38229 7488 8600
38230 7686 301
38231 1458 7789
38232 11609 6995
38233 9466 5413
38234 2810 9388
38235 9889 6355
38236 2341 10349
38237 6363 6422
38238 8610 1240
38239 2624 2963
38240 11262 8900
38241 8170 2461
38242 4628 8532
38243 6167 9814
38244 10232 3279
38245 1113 4285
38246 4628 947
38247 3138 261
38248 645 2168
38249 1134 2692
38250 3927 10429
38251 2369 2274
38252 2399 3136
38253 4369 10624
38254 8642 6608
38255 10362 11044
38256 1660 4561
38257 6470 4172
38258 8112 3990
38259 10437 2523
38260 11939 7560
38261 8023 4925
38262 533 2266
38263 1761 11572
38264 74 11545
38265 3265 6850
38266 10621 553
38267 779 5319
38268 8442 8334
38269 191 4543
38270 11359 7955
38271 11451 1225
38272 2225 5307
38273 7597 3097
38274 6919 1189
38275 7586 1325
38276 1430 11244
38277 5858 1669
38278 1847 2120
38279 904 10861
38280 11914 6762
38281 7876 4886
38282 8975 6216
38283 10908 11707
38284 6771 9111
38285 5685 418
38286 11522 11636
38287 6410 3335
38288 3097 3726
38289 9583 2936
38290 9975 677
38291 11675 3876
38292 5313 182
38293 2020 11316
38294 8737 6208
38295 11105 257
38296 2068 9934
38297 10223 981
38298 10053 4664
38299 9295 1344
38300 8345 6750
38301 5649 1853
38302 7930 4443
38303 7318 4058
38304 9067 11303
38305 5625 4743
38306 9276 10213
38307 11346 10380
38308 6630 4163
38309 1520 2117
38310 3588 8385
38311 189 6101
38312 6744 11877
38313 7505 2388
38314 6911 10603
38315 6353 11767
38316 1370 10682
38317 8417 2674
38318 11571 4709
38319 2170 5191
38320 2251 7524
38321 2055 9180
38322 5279 2426
38323 2923 9994
38324 8109 3981
38325 3603 5341
38326 3327 6007
38327 1427 9131
38328 5734 3383
38329 8991 3079
38330 11911 1401
38331 10968 586
38332 1475 6493
38333 10433 4732
38334 3117 6936
38335 7211 11480
38336 276 8583
38337 2450 11496
38338 11691 10665
38339 9957 6954
38340 7291 3218
38341 7006 10436
38342 11473 6613
38343 2133 686
38344 3856 5291
38345 885 3023
38346 11893 4066
38347 8100 7467
38348 8179 3526
38349 10327 7313
38350 3128 4151
38351 3853 6171
38352 2042 7405
38353 2298 6160
38354 1910 10151
38355 3927 7599
38356 786 2438
38357 6069 9883
38358 9534 331
38359 2319 11556
38360 2352 11179
38361 4244 9187
38362 10497 8521
38363 11609 7107
38364 11534 3430
38365 11467 2852
38366 8859 7451
38367 9291 5893
38368 9832 2051
38369 8483 1779
38370 2955 7524
38371 2015 731
38372 3019 4029
38373 6468 6576
38374 7418 671
38375 9182 9225
38376 5813 9126
38377 8493 8601
38378 7094 249
38379 4048 10264
38380 2562 3920
38381 9684 5597
38382 5205 5388
38383 2639 6306
38384 2010 4034
38385 4876 5797
38386 10115 11956
38387 3566 5884
38388 1385 9458
38389 1988 6195
38390 382 3498
38391 5784 9655
38392 269 8907
38393 3736 6131
38394 72 5644
38395 317 7359
38396 3909 2565
38397 625 8400
38398 9807 4051
38399 11593 7693
38400 10532 5972
38401 11241 2018
38402 6817 7795
38403 4234 1802
38404 1478 8960
38405 10318 4834
38406 4918 3883
38407 903 3807
38408 4342 7034
38409 7401 5319
38410 8880 11189
38411 5972 1563
38412 8000 1741
38413 5739 956
38414 5548 7385
38415 616 1359
38416 699 3730
38417 586 7907
38418 8693 6037
38419 3097 3584
38420 2528 2092
38421 2011 499
38422 5164 8295
38423 9814 5975
38424 4188 3318
38425 234 8603
38426 2995 8989
38427 9600 1804
38428 7044 10429
38429 783 7819
38430 8126 4511
38431 11312 2934
38432 7311 9887
38433 9191 7764
38434 4021 859
38435 2256 7782
38436 4063 410
38437 10646 4013
38438 5006 3675
38439 11856 7415
38440 8811 1780
38441 5897 8349
38442 5082 9974
38443 9771 2784
38444 8681 10263
38445 10446 9256
38446 5001 7176
38447 5007 6988
38448 5411 11970
38449 6936 2973
38450 8900 2960
38451 6015 3030
38452 6906 4911
38453 3400 2407
38454 7721 5640
38455 8372 11829
38456 2280 1633
38457 3457 6701
38458 2459 4197
38459 8501 6416
38460 7075 5932
38461 2822 3101
38462 2113 10132
38463 2905 11427
38464 8336 3406
38465 3025 4940
38466 1112 1251
38467 4317 11751
38468 8115 5493
38469 6308 9814
38470 6828 8047
38471 10174 7950
38472 11749 6670
38473 5599 5856
38474 1807 5467
38475 6657 9706
38476 3333 11628
38477 8687 9316
38478 1176 9181
38479 11456 11853
38480 6795 1883
38481 1629 2833
38482 10537 1907
38483 5619 1012
38484 6236 3609
38485 1969 7079
38486 6123 142
38487 930 392
38488 8226 6694
38489 6322 6957
38490 6195 3988
38491 2149 6154
38492 8209 11651
38493 10525 6650
38494 8702 11595
38495 6778 8233
38496 5328 53
38497 9886 1440
38498 4831 8011
38499 8319 1281
38500 6680 628
38501 6059 6393
38502 9046 6249
38503 4932 10167
38504 5075 8989
38505 3556 9895
38506 5699 9271
38507 3666 1849
38508 1767 441
38509 9669 3543
38510 7039 5720
38511 5925 9203
38512 3033 8096
38513 7386 1489
38514 3977 4361
38515 4025 7852
38516 1334 2854
38517 9507 10466
38518 1566 2352
38519 8483 1699
38520 2221 7167
38521 8147 5898
38522 11134 7957
38523 6516 4304
38524 122 9436
38525 5057 308
38526 2946 2652
38527 5581 8933
38528 11759 10144
38529 2618 936
38530 11363 5918
38531 10430 7143
38532 8024 4228
38533 10257 11871
38534 2230 9892
38535 336 827
38536 4848 1356
38537 8969 4468
38538 10581 9093
38539 7252 5036
38540 5693 5290
38541 9055 9128
38542 2584 11326
38543 9530 10695
38544 10877 8167
38545 11935 146
38546 7339 4982
38547 11909 986
38548 6315 7489
38549 11247 7987
38550 1212 10507
38551 8344 605
38552 8105 9494
38553 626 7958
38554 7725 2330
38555 4284 9638
38556 9460 234
38557 9113 2941
38558 6896 11444
38559 5017 6969
38560 5286 7687
38561 7240 3383
38562 6188 9085
38563 498 9485
38564 2963 5960
38565 9566 1318
38566 8427 190
38567 11335 8314
38568 3358 4206
38569 2090 10380
38570 4454 459
38571 10178 7760
38572 11120 6965
38573 7411 11225
38574 2687 5303
38575 358 11471
38576 9369 2002
38577 3550 865
38578 1678 2759
38579 6664 4338
38580 10929 3803
38581 2002 1688
38582 1776 674
38583 4663 2729
38584 4638 9389
38585 5420 9876
38586 6021 10951
38587 10888 10649
38588 1838 11112
38589 10566 11963
38590 11366 4189
38591 4874 4931
38592 10414 11325
38593 4057 4422
38594 6230 8553
38595 6746 11651
38596 3369 3338
38597 5888 10256
38598 7695 5758
38599 10912 4068
38600 10349 6426
38601 4169 122
38602 10868 726
38603 11801 2065
38604 5216 10260
38605 11198 1084
38606 7843 8937
38607 6219 720
38608 5529 2668
38609 8109 6055
38610 9911 6372
38611 2311 8078
38612 2347 8979
38613 7378 403
38614 5676 5180
38615 341 439
38616 2863 1652
38617 11593 9472
38618 8255 6057
38619 7321 11111
38620 9200 5219
38621 3111 3436
38622 95 9102
38623 2353 5907
38624 6051 11295
38625 5362 5446
38626 2580 8191
38627 8329 10816
38628 1384 5615
38629 4251 8117
38630 3007 10313
38631 7340 9776
38632 2001 2538
38633 3506 270
38634 2029 8676
38635 176 2784
38636 9634 4610
38637 10712 7936
38638 6309 10628
38639 1504 2506
38640 105 9563
38641 997 5726
38642 5623 7751
38643 3924 2330
38644 2739 501
38645 8513 10028
38646 7438 7334
38647 5402 5316
38648 722 4491
38649 4170 9983
38650 8458 5604
38651 580 1195
38652 9743 5331
38653 5345 7450
38654 10979 10854
38655 2022 11617
38656 1021 5649
38657 6092 7641
38658 11127 391
38659 10685 2858
38660 8243 5144
38661 1238 2778
38662 5711 10894
38663 655 881
38664 9865 4816
38665 7909 4131
38666 9128 4053
38667 1551 8301
38668 5073 4472
38669 1226 7711
38670 7072 3291
38671 294 11063
38672 830 11039
38673 6339 10204
38674 78 870
38675 5002 6035
38676 10828 6807
38677 3342 5333
38678 5949 10793
38679 1090 6460
38680 6050 2592
38681 8893 3527
38682 3880 5554
38683 3759 45
38684 10469 9240
38685 9264 7897
38686 8411 5931
38687 1160 2512
38688 2389 2631
38689 1247 8247
38690 3248 9440
38691 1903 6230
38692 3006 62
38693 5847 9053
38694 2826 3477
38695 9646 10904
38696 1439 1542
38697 7605 8310
38698 3628 6555
38699 5874 11810
38700 4969 4839
38701 671 4564
38702 9875 1459
38703 9841 7482
38704 11721 9131
38705 814 5793
38706 8743 11230
38707 1094 1282
38708 1418 11501
38709 10270 5934
38710 236 4861
38711 4254 140
38712 11005 6764
38713 7863 4975
38714 5053 10137
38715 10269 11623
38716 7735 3077
38717 7132 9428
38718 2277 2797
38719 6027 6934
38720 1905 11321
38721 2229 11894
38722 6492 10833
38723 5445 5689
38724 6043 9380
38725 10448 4998
38726 6774 1614
38727 2678 5504
38728 4973 8835
38729 1523 3960
38730 263 3147
38731 1999 4788
38732 440 9686
38733 6273 4034
38734 4996 2794
38735 1035 6333
38736 5943 3496
38737 4460 10736
38738 5636 7300
38739 9183 8828
38740 323 3703
38741 6585 988
38742 1238 6529
38743 772 10684
38744 172 3036
38745 6080 213
38746 11899 6892
38747 7849 5232
38748 10953 10190
38749 948 2304
38750 7401 9477
38751 11931 7982
38752 11333 43
38753 9214 1563
38754 3692 7352
38755 5122 1000
38756 2663 2347
38757 2373 8858
38758 7572 9652
38759 6204 2115
38760 8980 4211
38761 9799 563
38762 10141 10085
38763 3466 2156
38764 2073 7527
38765 11907 1961
38766 5701 212
38767 5701 10943
38768 4859 11662
38769 6785 2994
38770 11640 416
38771 6639 1874
38772 9022 11417
38773 402 687
38774 8995 873
38775 912 11332
38776 2955 8225
38777 6644 7209
38778 9447 9379
38779 6301 6498
38780 2632 5618
38781 906 11808
38782 314 2119
38783 11254 5877
38784 11640 5320
38785 4093 6776
38786 4457 10986
38787 3755 6572
38788 5225 959
38789 4347 5763
38790 9012 10986
38791 2368 3255
38792 1284 5075
38793 1990 8285
38794 8334 10633
38795 4951 4729
38796 5512 11540
38797 6454 10517
38798 10650 5523
38799 8605 5195
38800 8935 11944
38801 5673 886
38802 3927 4747
38803 2274 10076
38804 1601 11466
38805 4473 5924
38806 4472 1605
38807 1968 7904
38808 7526 654
38809 1685 4046
38810 11570 8819
38811 3131 11571
38812 102 7159
38813 5176 1086
38814 11285 5058
38815 1395 2323
38816 7254 2271
38817 3279 7830
38818 761 8602
38819 702 4040
38820 6883 11861
38821 5548 11216
38822 1880 10215
38823 4961 6662
38824 11060 4889
38825 9629 1227
38826 3579 2839
38827 1821 11357
38828 9670 10695
38829 11515 11329
38830 10404 2606
38831 7795 6875
38832 1446 7791
38833 4110 4334
38834 4434 1634
38835 3812 3270
38836 5282 9955
38837 7606 2581
38838 7141 4044
38839 4858 9892
38840 1816 3924
38841 8549 1084
38842 1706 11091
38843 4013 4019
38844 10696 282
38845 7358 3096
38846 10197 10023
38847 6709 11115
38848 4203 3654
38849 6682 9297
38850 8141 974
38851 9304 5964
38852 2776 5937
38853 10816 1954
38854 5056 628
38855 8594 6755
38856 4477 10883
38857 10610 9810
38858 1831 8939
38859 2195 9849
38860 217 375
38861 2327 3833
38862 4062 2493
38863 229 11252
38864 8196 7640
38865 506 5589
38866 4367 5427
38867 8078 7496
38868 2357 6635
38869 9903 10712
38870 11963 869
38871 10303 1260
38872 3500 11046
38873 9767 5711
38874 7629 9844
38875 4051 3746
38876 6560 6308
38877 7 6866
38878 11344 8616
38879 5803 760
38880 1436 2463
38881 10985 10072
38882 8651 2950
38883 6317 1123
38884 5820 3321
38885 9253 3753
38886 10008 4935
38887 5524 105
38888 8701 5646
38889 7981 8832
38890 9973 4027
38891 4472 8224
38892 3390 5460
38893 2462 3998
38894 6753 6845
38895 9838 2332
38896 5685 8718
38897 1385 11827
38898 3890 6878
38899 6563 9703
38900 11989 6977
38901 10051 5225
38902 10143 11025
38903 4846 9940
38904 11178 7804
38905 5684 5622
38906 3173 3896
38907 4422 1547
38908 3056 9244
38909 9270 9943
38910 6380 5084
38911 10786 8144
38912 6789 11287
38913 525 11587
38914 4263 990
38915 1789 6040
38916 10546 1748
38917 5937 11317
38918 9657 1614
38919 9218 3135
38920 10471 8220
38921 3422 8356
38922 5991 5730
38923 11253 6285
38924 3652 616
38925 7772 2603
38926 1048 4130
38927 4135 303
38928 5692 7992
38929 3678 3387
38930 4782 9962
38931 6895 7055
38932 1190 9195
38933 11150 2101
38934 7199 1990
38935 2596 4141
38936 6680 2689
38937 6585 11554
38938 2707 5840
38939 9525 6354
38940 8650 5335
38941 6633 5861
38942 11278 7413
38943 6820 6203
38944 8533 2557
38945 7026 8856
38946 2493 8018
38947 2957 1540
38948 9443 3626
38949 4055 6288
38950 6750 9847
38951 5870 659
38952 5187 7975
38953 9222 5185
38954 10736 2968
38955 10526 11367
38956 6797 4607
38957 10916 7791
38958 2239 6095
38959 3575 2443
38960 4425 8478
38961 6109 9890
38962 10464 8242
38963 8320 10847
38964 10832 2552
38965 5236 2564
38966 5345 264
38967 2427 11781
38968 9838 5185
38969 10309 10359
38970 2499 8799
38971 6496 1705
38972 10299 2796
38973 1071 10218
38974 2139 11490
38975 4280 3935
38976 6154 10829
38977 9430 1488
38978 8490 6424
38979 2632 11236
38980 8966 2843
38981 2060 4532
38982 10840 8511
38983 5003 183
38984 4883 4592
38985 8652 750
38986 4132 10763
38987 9219 2812
38988 11949 9569
38989 1431 6403
38990 672 7277
38991 3799 2427
38992 7058 8965
38993 190 6222
38994 10767 3741
38995 5411 6907
38996 11854 7525
38997 8980 2760
38998 7980 6883
38999 4952 5775
39000 174 7450
39001 2701 8048
39002 6940 10333
39003 2847 9268
39004 9392 6632
39005 11786 4582
39006 2795 5564
39007 10872 3835
39008 8903 53
39009 5155 7671
39010 11201 296
39011 8688 3068
39012 3847 8579
39013 4142 7852
39014 6240 1438
39015 10302 6786
39016 3069 5072
39017 4982 8746
39018 11717 70
39019 780 766
39020 8781 8218
39021 4008 8795
39022 11606 7517
39023 10125 2378
39024 11238 10126
39025 3305 3181
39026 1187 1333
39027 4279 10135
39028 625 5456
39029 921 2560
39030 3755 11591
39031 1173 6486
39032 9201 9200
39033 4005 5132
39034 4861 7817
39035 1794 5743
39036 127 6894
39037 9982 288
39038 7036 6472
39039 6525 8665
39040 11428 3635
39041 5779 10689
39042 4933 83
39043 8334 8489
39044 11086 8833
39045 8484 6450
39046 4282 37
39047 6970 6602
39048 9997 1782
39049 10896 7769
39050 11736 3766
39051 612 7090
39052 3410 11765
39053 1177 9197
39054 260 4931
39055 2436 616
39056 7733 11244
39057 5586 1349
39058 5622 1071
39059 3721 9853
39060 6911 1334
39061 7476 9124
39062 7901 9072
39063 6884 3190
39064 8936 11726
39065 2074 11196
39066 11418 11444
39067 628 10764
39068 3955 8770
39069 7546 8150
39070 5759 1038
39071 11 6539
39072 2225 11687
39073 1270 4279
39074 259 2035
39075 3628 1248
39076 3401 7229
39077 11100 11000
39078 11745 3589
39079 3808 9474
39080 9055 10037
39081 2776 6617
39082 5474 10013
39083 9831 9270
39084 3173 6512
39085 3700 5352
39086 3368 7051
39087 2366 7354
39088 6378 10953
39089 6153 798
39090 1150 11300
39091 274 6750
39092 10594 11101
39093 11202 6266
39094 4140 9838
39095 4310 6277
39096 5278 1472
39097 4298 8186
39098 8422 1660
39099 6744 5776
39100 11050 4885
39101 4678 7283
39102 9818 3515
39103 9459 5335
39104 4730 934
39105 4832 2691
39106 7348 8287
39107 5219 8502
39108 5035 7932
39109 7580 2517
39110 5091 8612
39111 3210 2117
39112 10107 2135
39113 6867 52
39114 11400 1981
39115 9994 10142
39116 5692 6517
39117 8576 6759
39118 890 10824
39119 5197 7732
39120 514 8582
39121 2209 8151
39122 9441 9478
39123 7026 9801
39124 6929 1305
39125 10346 10860
39126 7947 1269
39127 8852 10726
39128 10262 11197
39129 11503 4330
39130 1578 5644
39131 7843 7442
39132 974 7248
39133 11852 9166
39134 1748 159
39135 330 3386
39136 4698 7090
39137 8563 6875
39138 11331 6717
39139 5804 9832
39140 276 9635
39141 4171 2258
39142 11713 6056
39143 8650 1715
39144 11731 11198
39145 6002 5003
39146 11283 2913
39147 8683 11960
39148 11377 8913
39149 6371 8050
39150 9800 54
39151 4538 6307
39152 7293 5997
39153 304 4953
39154 7148 3779
39155 3647 7937
39156 6688 11991
39157 9580 3996
39158 2153 7315
39159 3162 9492
39160 9734 1394
39161 9214 7186
39162 7693 3245
39163 9988 7115
39164 6994 7450
39165 8705 8550
39166 3317 4146
39167 6613 8691
39168 960 2377
39169 8711 6416
39170 11439 3570
39171 5918 6277
39172 7965 5834
39173 5467 2635
39174 10008 4504
39175 9370 7706
39176 8071 5018
39177 8187 10492
39178 7556 197
39179 11327 8343
39180 10512 10057
39181 297 3948
39182 8311 11955
39183 2132 863
39184 10508 2186
39185 9690 9700
39186 1959 4872
39187 9724 6027
39188 7823 2915
39189 2025 2169
39190 9919 4588
39191 7452 8463
39192 4837 7154
39193 4063 11985
39194 9530 2329
39195 8000 11543
39196 3392 10179
39197 5827 11704
39198 6131 8130
39199 7035 2252
39200 3947 7379
39201 11560 2584
39202 3862 4651
39203 10268 425
39204 274 1303
39205 10473 5530
39206 8838 6321
39207 3868 8488
39208 8398 6446
39209 1295 2029
39210 4443 10460
39211 1302 5932
39212 10001 1610
39213 2339 11280
39214 3572 7283
39215 10548 2323
39216 169 8103
39217 9384 5689
39218 2765 4274
39219 8470 4270
39220 9558 11970
39221 1642 7416
39222 7397 892
39223 8417 4514
39224 9851 9003
39225 5536 9657
39226 2842 10112
39227 2039 5250
39228 11209 6869
39229 3330 2823
39230 1612 5620
39231 10875 5621
39232 7504 6010
39233 6415 497
39234 5473 2512
39235 3908 9710
39236 6029 11096
39237 767 172
39238 6293 5850
39239 6637 10702
39240 10089 7129
39241 3079 54
39242 11567 11442
39243 5608 3992
39244 10479 2646
39245 9929 4875
39246 2064 1751
39247 9447 9230
39248 1757 11889
39249 9789 10738
39250 2614 8338
39251 7138 11896
39252 2005 10431
39253 5975 8559
39254 5742 8583
39255 9178 8446
39256 2628 8613
39257 8258 3252
39258 4245 3005
39259 2038 8281
39260 10743 106
39261 11152 455
39262 7207 7856
39263 6089 10283
39264 10425 1864
39265 8070 11145
39266 6082 1912
39267 8988 713
39268 6201 5708
39269 7464 8221
39270 4374 2576
39271 8289 8494
39272 4630 11305
39273 6742 914
39274 11179 3629
39275 565 7571
39276 960 8016
39277 5850 6789
39278 9846 9926
39279 10640 2048
39280 10978 10102
39281 1032 10641
39282 9978 9518
39283 11392 1300
39284 1739 5893
39285 9559 7219
39286 2174 3582
39287 9055 5128
39288 6351 6584
39289 11137 7775
39290 4772 4181
39291 2718 6646
39292 6888 4654
39293 10178 894
39294 2159 104
39295 9521 3511
39296 3285 9579
39297 8038 478
39298 4563 1202
39299 5820 5930
39300 328 6861
39301 3870 10593
39302 3564 10500
39303 9204 9982
39304 8514 6276
39305 10296 2721
39306 7051 1445
39307 9444 112
39308 6116 1333
39309 3760 8196
39310 6476 1269
39311 4889 5610
39312 3734 5146
39313 9617 10734
39314 7075 2059
39315 6499 6173
39316 593 11487
39317 4898 2217
39318 292 1959
39319 5710 11223
39320 11997 11651
39321 10452 9821
39322 2612 8858
39323 8546 8902
39324 8689 2380
39325 2664 4167
39326 10127 2896
39327 11806 4923
39328 4375 8471
39329 8187 11996
39330 3846 11321
39331 7520 11185
39332 11767 2845
39333 8158 4532
39334 1503 3885
39335 7113 3622
39336 2612 9836
39337 939 5745
39338 7192 6919
39339 283 11822
39340 8879 10451
39341 941 8740
39342 7565 8130
39343 2663 7418
39344 6821 6874
39345 5661 8982
39346 2875 7500
39347 11446 9702
39348 5789 6174
39349 4045 2950
39350 10190 9386
39351 2417 3015
39352 4264 4897
39353 10854 9628
39354 7162 8646
39355 366 1641
39356 7983 4374
39357 1928 9530
39358 2122 9908
39359 3579 1913
39360 6908 4203
39361 2933 3564
39362 11514 2144
39363 1494 5540
39364 3094 2197
39365 8516 9848
39366 7945 5921
39367 4249 8616
39368 5285 11943
39369 8014 6966
39370 131 4299
39371 3882 6132
39372 3277 5755
39373 1498 9004
39374 1351 6562
39375 1202 2873
39376 3328 9396
39377 3973 8628
39378 1108 3445
39379 1756 6420
39380 10128 3447
39381 11481 9927
39382 5446 8675
39383 9233 4130
39384 9165 3463
39385 1506 6934
39386 11519 3711
39387 4124 5984
39388 2626 9698
39389 958 3113
39390 6697 8717
39391 8678 1167
39392 5223 8505
39393 7676 4301
39394 11885 9685
39395 6189 1553
39396 2446 2392
39397 1457 10009
39398 213 7753
39399 368 11149
39400 5079 11157
39401 6301 8900
39402 6144 1246
39403 3982 7877
39404 7972 6800
39405 4459 7802
39406 831 1940
39407 8766 240
39408 11557 2816
39409 11978 5486
39410 862 1930
39411 3522 422
39412 5356 5988
39413 9219 7706
39414 6038 7284
39415 4885 11498
39416 5222 6176
39417 6784 10176
39418 8447 5629
39419 3071 3479
39420 1829 1108
39421 8434 11657
39422 358 4433
39423 9727 11609
39424 6837 684
39425 2908 11967
39426 9228 2744
39427 4934 9859
39428 10803 4479
39429 4230 4272
39430 9074 11451
39431 658 10363
39432 11553 6369
39433 990 7634
39434 1023 2979
39435 4572 1148
39436 7607 7716
39437 8319 10510
39438 9454 7079
39439 2364 10212
39440 1125 5847
39441 6221 10967
39442 10032 7316
39443 11172 10341
39444 10019 9132
39445 5404 6918
39446 5584 2690
39447 8285 7372
39448 7395 7118
39449 2925 4410
39450 5248 7384
39451 11252 6017
39452 7551 5134
39453 2182 4420
39454 5965 607
39455 111 6194
39456 9531 5582
39457 7085 3594
39458 8 6365
39459 3971 4709
39460 9668 9399
39461 107 10888
39462 8220 2999
39463 11075 6810
39464 1692 9888
39465 8503 9111
39466 375 4054
39467 7527 1626
39468 6989 4297
39469 11369 4235
39470 3861 8752
39471 3442 1556
39472 8083 5421
39473 418 9501
39474 6886 9982
39475 4014 10333
39476 5927 2720
39477 7319 2121
39478 10258 9901
39479 1804 9340
39480 8852 956
39481 3940 1237
39482 8281 3144
39483 279 871
39484 6191 1522
39485 6359 5502
39486 6562 2439
39487 10283 2449
39488 10038 7281
39489 9132 10168
39490 5018 2811
39491 8640 5211
39492 9820 755
39493 7792 6434
39494 3592 2962
39495 8058 5179
39496 11870 4540
39497 10003 3688
39498 5337 2326
39499 11047 2184
39500 3039 11927
39501 5280 2817
39502 2640 7099
39503 10342 8008
39504 4818 4725
39505 5480 11169
39506 5471 10979
39507 6804 3950
39508 8199 11761
39509 2623 11826
39510 1329 10257
39511 4843 11622
39512 6036 1609
39513 5847 4603
39514 9075 5867
39515 5717 11424
39516 3170 4610
39517 1639 3679
39518 3979 6310
39519 10795 8642
39520 1611 793
39521 7598 3835
39522 7314 8202
39523 8248 2646
39524 3161 11523
39525 9494 1922
39526 5967 747
39527 243 11729
39528 6315 6529
39529 8272 4980
39530 9736 5779
39531 2388 356
39532 8936 11045
39533 1483 8163
39534 9547 11790
39535 10256 11524
39536 186 5185
39537 8310 11007
39538 6025 2365
39539 5654 1703
39540 6681 3440
39541 1111 2766
39542 5218 5700
39543 2523 11764
39544 11164 5539
39545 6725 9436
39546 3557 11787
39547 2597 6253
39548 1993 6047
39549 732 10202
39550 6045 8202
39551 7384 6272
39552 6700 8870
39553 2553 1664
39554 2335 830
39555 1949 3030
39556 5049 6638
39557 1000 8770
39558 291 11064
39559 6422 6888
39560 10548 4098
39561 3508 4812
39562 790 509
39563 6003 7235
39564 2794 4651
39565 6131 3846
39566 9317 489
39567 5731 7892
39568 4003 1505
39569 8690 9857
39570 4776 6354
39571 4761 9566
39572 11376 1818
39573 10006 10157
39574 10931 11022
39575 6522 1505
39576 3293 6720
39577 128 10101
39578 8217 3717
39579 11896 2362
39580 6956 6890
39581 5225 11538
39582 2791 9938
39583 2018 901
39584 8652 3906
39585 8724 10909
39586 1831 8260
39587 452 2557
39588 5524 8458
39589 5584 4824
39590 9561 10621
39591 2823 11855
39592 11568 1655
39593 2850 2170
39594 10939 11749
39595 7693 7525
39596 2421 11834
39597 10251 4001
39598 4939 11008
39599 10158 2840
39600 2850 9500
39601 10436 3363
39602 5494 10242
39603 6702 8079
39604 5335 5350
39605 2288 5502
39606 8456 3076
39607 7769 1134
39608 3578 3222
39609 6545 8173
39610 9258 8280
39611 4671 4411
39612 1474 7712
39613 7913 6665
39614 3553 6935
39615 5679 786
39616 2939 11940
39617 167 5133
39618 1469 1214
39619 10971 8725
39620 7934 7821
39621 2033 4784
39622 8916 4105
39623 8953 11450
39624 662 8138
39625 8334 10369
39626 8736 1251
39627 11468 6721
39628 11106 4545
39629 9393 2460
39630 10938 1393
39631 7609 4515
39632 11644 8343
39633 11694 2676
39634 4975 171
39635 6936 3312
39636 2457 6663
39637 416 7948
39638 4679 10225
39639 10908 385
39640 5339 1811
39641 2517 906
39642 519 7057
39643 407 2596
39644 1369 1655
39645 1364 4769
39646 1183 5000
39647 8729 1935
39648 684 11097
39649 11898 2463
39650 11479 4459
39651 10992 7196
39652 1445 10625
39653 989 8910
39654 11269 3034
39655 9861 8050
39656 6140 6920
39657 3625 5092
39658 3503 3449
39659 11782 762
39660 4937 700
39661 10329 1389
39662 2065 159
39663 4570 4670
39664 8793 5459
39665 1405 10432
39666 9680 10868
39667 6118 8660
39668 2474 666
39669 4388 4363
39670 711 3107
39671 206 8632
39672 10813 9267
39673 5161 1929
39674 5839 3860
39675 7328 4929
39676 10787 8829
39677 8590 5312
39678 4044 8252
39679 1086 7806
39680 6711 10354
39681 7702 10250
39682 3572 575
39683 1476 4503
39684 8540 3647
39685 7650 4088
39686 144 4866
39687 5560 2663
39688 5841 4525
39689 2374 1568
39690 8512 10695
39691 4661 5454
39692 5315 5355
39693 10455 7347
39694 934 2557
39695 889 11041
39696 7301 8097
39697 11011 2082
39698 7737 528
39699 1246 1705
39700 7339 5855
39701 3421 5478
39702 1196 9479
39703 5136 10016
39704 8986 9367
39705 9398 51
39706 461 3890
39707 411 8942
39708 2827 4764
39709 8504 75
39710 1676 7224
39711 6786 1141
39712 6812 1108
39713 10326 4373
39714 10563 8306
39715 6350 10445
39716 723 57
39717 4920 1549
39718 6459 11512
39719 7868 9803
39720 10966 58
39721 8143 3222
39722 11704 8644
39723 8917 2581
39724 2026 3084
39725 4425 2277
39726 9368 250
39727 10133 1061
39728 3062 11499
39729 2092 1811
39730 1186 3882
39731 932 6126
39732 2202 1869
39733 3053 7371
39734 5306 3032
39735 574 3156
39736 9329 10036
39737 604 2550
39738 10043 7324
39739 1920 11377
39740 8229 277
39741 11167 6996
39742 7841 3886
39743 11878 11081
39744 6286 7254
39745 4167 6128
39746 579 7492
39747 5392 9759
39748 6452 7765
39749 3904 10828
39750 10289 9263
39751 2580 4238
39752 1555 11980
39753 5741 3863
39754 8163 7449
39755 133 1064
39756 11817 11863
39757 4141 4104
39758 7699 3204
39759 1667 6191
39760 6201 1436
39761 8641 10081
39762 3846 3395
39763 6456 6114
39764 9688 11006
39765 3722 6023
39766 576 9579
39767 10950 4604
39768 24 7513
39769 7321 7798
39770 7406 1362
39771 3796 3467
39772 10686 11677
39773 3820 3342
39774 11012 8291
39775 9616 7009
39776 9362 4947
39777 1931 5642
39778 1820 8060
39779 10996 2695
39780 8059 1805
39781 6247 236
39782 2982 5333
39783 3566 5214
39784 4117 11164
39785 10520 286
39786 942 11486
39787 11992 956
39788 10713 8969
39789 11405 10204
39790 9907 11195
39791 9403 10904
39792 439 3555
39793 7712 4808
39794 5621 1458
39795 2974 1185
39796 8198 1912
39797 2849 9404
39798 644 6915
39799 3392 9158
39800 3869 6223
39801 288 7026
39802 7770 3297
39803 1285 7743
39804 10353 5184
39805 379 6421
39806 1902 6034
39807 5575 1773
39808 9890 4120
39809 4612 1985
39810 6416 11257
39811 3078 1868
39812 2371 10632
39813 4492 4216
39814 10861 4840
39815 10270 11257
39816 6610 26
39817 42 11747
39818 1045 8131
39819 6962 11056
39820 5659 2944
39821 8063 11521
39822 2066 3537
39823 7013 8425
39824 4124 5926
39825 9972 9396
39826 2226 6455
39827 8274 5714
39828 11990 1761
39829 7719 7067
39830 6540 7873
39831 10532 6941
39832 11323 7359
39833 9956 9616
39834 516 3744
39835 1234 763
39836 5528 4689
39837 8301 2710
39838 3814 10613
39839 1161 1515
39840 282 3553
39841 4125 9728
39842 137 2738
39843 6043 7008
39844 8762 8524
39845 1280 3651
39846 11313 11517
39847 1648 2743
39848 1600 8584
39849 5565 5059
39850 4268 10338
39851 7313 7996
39852 10738 637
39853 2916 8356
39854 7623 6014
39855 11426 2405
39856 11109 4426
39857 1388 9983
39858 1081 4845
39859 4125 4178
39860 9311 4250
39861 5399 10356
39862 4170 1372
39863 9781 2420
39864 10297 8631
39865 4917 3700
39866 7671 5992
39867 8477 1636
39868 10633 11927
39869 2351 5333
39870 7215 5301
39871 5712 3312
39872 1257 2138
39873 6611 3869
39874 919 1953
39875 8542 3739
39876 5593 7030
39877 7295 2895
39878 8336 2599
39879 6901 7218
39880 2030 10503
39881 5967 9398
39882 5561 5077
39883 792 4053
39884 9014 1888
39885 10486 3059
39886 5771 2797
39887 11854 6098
39888 9371 1647
39889 5419 3144
39890 9259 7646
39891 6703 8796
39892 985 4582
39893 9326 7684
39894 7992 11146
39895 3702 3134
39896 2979 7217
39897 8707 3173
39898 3282 8656
39899 3128 91
39900 6023 5923
39901 2842 4244
39902 2599 11479
39903 7396 5878
39904 2155 7079
39905 10116 10536
39906 11330 8928
39907 7688 10546
39908 5223 6394
39909 1517 10975
39910 1463 2515
39911 3650 10705
39912 2644 6208
39913 7795 11501
39914 11577 7034
39915 10067 5125
39916 569 4309
39917 5303 1809
39918 5047 6161
39919 10633 11926
39920 3705 405
39921 2486 2908
39922 2103 11714
39923 10074 210
39924 5902 11848
39925 4397 2026
39926 8054 7065
39927 9077 11565
39928 9026 2747
39929 5715 943
39930 10477 1959
39931 1025 3556
39932 6693 1201
39933 8530 3379
39934 4845 10187
39935 3065 2137
39936 10774 6749
39937 11636 7364
39938 8125 10819
39939 3524 88
39940 10449 917
39941 10164 2741
39942 10276 8875
39943 8513 5602
39944 4500 191
39945 8486 5036
39946 4775 11988
39947 8654 10928
39948 5715 5641
39949 803 4424
39950 6399 11813
39951 8482 9343
39952 6324 3337
39953 1418 291
39954 153 2299
39955 245 9534
39956 11195 9130
39957 5587 1670
39958 3674 11175
39959 1154 4994
39960 2028 7914
39961 9067 2901
39962 5740 4619
39963 5327 8271
39964 6181 8195
39965 8345 3128
39966 4390 10739
39967 1052 11160
39968 8853 8933
39969 6252 362
39970 443 438
39971 11892 4992
39972 4358 2018
39973 7350 5352
39974 16 9687
39975 4849 3443
39976 10486 6429
39977 8094 1525
39978 670 2828
39979 7691 2636
39980 2161 6068
39981 10376 4614
39982 3470 10496
39983 11860 4324
39984 5548 10177
39985 5330 3805
39986 8372 10979
39987 11450 3557
39988 10806 4455
39989 8217 1687
39990 516 5903
39991 6130 11005
39992 2898 6817
39993 1421 2336
39994 5694 632
39995 6727 7540
39996 9081 1009
39997 3339 11114
39998 6037 11853
39999 9017 5773
40000 11344 3179
