700
8000
1 1924 516
2 972 2005
3 2348 2402
4 2277 1625
5 1230 716
6 1362 626
7 2250 1376
8 2010 942
9 2412 1499
10 1973 1310
11 799 1321
12 1711 1837
13 1923 976
14 1858 2250
15 1683 1508
16 1522 1805
17 1473 2699
18 1253 400
19 2392 1087
20 1319 1938
21 2094 2132
22 956 1338
23 1505 1288
24 1594 1979
25 1655 1944
26 1327 904
27 1496 1922
28 2119 1468
29 1616 814
30 1833 925
31 1892 1738
32 1773 2531
33 366 1933
34 1801 1578
35 1759 1944
36 1722 551
37 1164 1523
38 1824 1868
39 1656 1613
40 1911 1269
41 1341 1807
42 1468 1120
43 1369 2098
44 964 934
45 1186 2450
46 819 1686
47 958 1638
48 2014 1168
49 1324 1938
50 2240 829
51 2012 1740
52 1222 1064
53 1695 1750
54 1506 1168
55 1526 1343
56 2019 2596
57 1628 1834
58 2002 1287
59 1176 1378
60 1105 1710
61 1710 1972
62 1351 1816
63 582 1921
64 1180 2132
65 1602 1946
66 1235 908
67 1581 1220
68 1037 1326
69 1350 1967
70 1431 1542
71 1724 1222
72 1278 1563
73 1604 927
74 1325 1458
75 1343 1324
76 1269 1583
77 2336 1647
78 2457 596
79 472 367
80 1239 1141
81 1328 1611
82 1892 1709
83 1955 1210
84 1859 773
85 1788 1539
86 1045 1587
87 1862 1566
88 1870 2273
89 1383 1992
90 1770 1021
91 971 1431
92 2386 452
93 1635 2428
94 1913 1329
95 1293 825
96 2377 1454
97 1207 748
98 953 1320
99 1569 1789
100 1603 1823
101 1118 856
102 1604 1398
103 2118 1129
104 1843 2258
105 560 2011
106 846 1602
107 1536 2021
108 1930 1012
109 576 1982
110 1551 915
111 898 1376
112 1953 2582
113 454 1952
114 1651 1550
115 909 1779
116 2650 1217
117 1163 1069
118 1760 2194
119 1225 2092
120 1690 1905
121 1438 1738
122 1248 1578
123 1761 1772
124 1310 1553
125 626 1623
126 733 1688
127 1241 2541
128 1933 475
129 1853 2018
130 1212 818
131 1060 1159
132 2005 686
133 1401 1600
134 899 1714
135 1421 1571
136 2645 895
137 1860 2107
138 2018 829
139 923 1513
140 1824 2067
141 1555 2273
142 1683 1468
143 1335 2123
144 1245 1510
145 1617 1549
146 1613 898
147 1189 1389
148 241 2253
149 1771 1498
150 2064 1972
151 1619 1295
152 1075 2117
153 1776 2180
154 1653 1600
155 1563 1278
156 2191 1046
157 807 810
158 1802 1865
159 1675 871
160 482 1384
161 1512 2304
162 1275 2124
163 1286 1823
164 1367 258
165 2408 1325
166 1184 1917
167 1761 1480
168 1553 2018
169 2041 1734
170 1767 1078
171 1139 1592
172 551 1166
173 1545 1463
174 2092 1811
175 1602 1550
176 1040 1348
177 1742 994
178 1460 961
179 2062 1987
180 1252 2010
181 1888 1095
182 2377 1697
183 1751 1298
184 2053 899
185 1073 1213
186 1214 1875
187 959 557
188 1661 684
189 1478 1982
190 1564 1959
191 1063 1965
192 1058 1424
193 1196 1140
194 945 2744
195 1489 922
196 1640 1860
197 2406 1383
198 1075 1525
199 2484 2208
200 1842 902
201 1736 1864
202 1822 709
203 236 1193
204 1859 1815
205 1882 1210
206 621 1089
207 1338 1901
208 1582 1975
209 1559 1550
210 1248 1281
211 2346 1198
212 668 1055
213 432 1070
214 1300 1041
215 2016 1933
216 1606 2405
217 1738 664
218 2244 1979
219 1055 1276
220 765 1723
221 1190 985
222 922 2260
223 1180 1705
224 1635 1303
225 2597 2072
226 1682 1469
227 122 799
228 1131 502
229 1428 1672
230 817 2323
231 1347 1082
232 1797 2652
233 2020 1905
234 1838 1152
235 2290 522
236 825 1600
237 1952 506
238 1312 1211
239 1053 1032
240 1019 2592
241 838 1377
242 2051 1769
243 1422 2242
244 1519 1709
245 738 1238
246 1204 1757
247 1797 1348
248 1852 1130
249 1216 1045
250 1820 982
251 1694 1273
252 1438 1761
253 1103 2317
254 1822 821
255 1389 1117
256 897 1698
257 1501 1798
258 1512 1318
259 1419 1023
260 1674 318
261 2376 610
262 1690 977
263 928 1692
264 538 1072
265 1647 2451
266 1733 1055
267 1915 927
268 459 1776
269 1929 1047
270 2403 1545
271 874 1845
272 519 936
273 880 1226
274 1371 1252
275 2170 997
276 1390 988
277 1067 919
278 909 1222
279 1826 1379
280 1526 2376
281 1351 552
282 2438 1380
283 1945 522
284 1046 1977
285 1069 1972
286 2573 431
287 1627 2035
288 1336 2057
289 1619 992
290 1460 1709
291 1455 909
292 843 1782
293 942 1287
294 1748 1417
295 1747 1567
296 831 1478
297 1751 1760
298 1779 1641
299 1302 1182
300 1710 1648
301 779 1863
302 1525 1086
303 2018 1636
304 2029 1494
305 1095 1827
306 768 2117
307 2263 2340
308 1337 1594
309 1335 1456
310 586 504
311 1604 1578
312 593 1117
313 1814 737
314 2454 1385
315 951 1466
316 697 1738
317 1766 2572
318 1370 1171
319 1513 1051
320 270 2386
321 2228 1071
322 1817 1194
323 1288 1858
324 1663 1070
325 1115 1087
326 1855 1231
327 463 1959
328 1190 1322
329 2134 1367
330 1181 1748
331 1837 1438
332 1555 1052
333 1037 943
334 1945 2121
335 1863 737
336 621 1098
337 1247 2255
338 1805 1298
339 2235 657
340 1522 2287
341 1226 1266
342 1785 1748
343 1156 1335
344 1617 1620
345 1246 997
346 2292 2462
347 687 1997
348 607 1062
349 1509 1948
350 1565 1112
351 1222 1927
352 1646 1670
353 1123 1667
354 1622 1760
355 1053 1482
356 1105 1405
357 1501 717
358 1153 2472
359 1839 2487
360 1480 1449
361 905 1463
362 1854 1659
363 2455 1465
364 1793 2488
365 1146 1873
366 1041 1694
367 1229 1301
368 1074 1972
369 2477 1951
370 749 866
371 1695 1666
372 1356 1676
373 434 1190
374 239 1367
375 1542 1004
376 1283 1762
377 2354 1352
378 979 1059
379 1809 1244
380 1327 1491
381 929 925
382 764 1775
383 2260 2084
384 1662 1977
385 2323 1611
386 1303 1421
387 1913 1406
388 1434 1564
389 522 1871
390 1077 1410
391 1483 961
392 2546 1352
393 2066 1182
394 1416 929
395 324 662
396 2152 2199
397 1600 1696
398 2174 1544
399 949 1596
400 1572 1728
401 1668 1598
402 1297 1418
403 286 1602
404 1697 1234
405 1684 573
406 1923 535
407 455 1998
408 1438 1375
409 1550 2060
410 1622 1576
411 2030 1779
412 978 2343
413 1395 1959
414 1516 1721
415 1443 2015
416 1233 2405
417 1334 1496
418 2422 1738
419 2148 1011
420 1015 2441
421 1951 849
422 1523 1836
423 1396 969
424 988 1499
425 937 1806
426 611 1377
427 822 1518
428 1153 1488
429 782 529
430 847 1098
431 1471 1123
432 2108 1411
433 1090 1635
434 1280 2101
435 1605 943
436 2060 1132
437 2123 1366
438 1312 2163
439 675 1996
440 476 1851
441 1626 781
442 1364 1611
443 830 2309
444 799 756
445 1543 1702
446 1218 1085
447 783 358
448 1555 1478
449 1199 1166
450 2003 1526
451 1166 1390
452 2174 782
453 2089 297
454 1491 500
455 746 815
456 1348 1094
457 1081 2559
458 1926 1589
459 1461 1095
460 1099 1914
461 1559 2115
462 1394 1795
463 1749 1848
464 1273 1988
465 1913 427
466 1581 1798
467 955 1041
468 1470 1892
469 723 1084
470 2099 1793
471 1985 955
472 1586 1067
473 715 1099
474 1013 1614
475 1791 1033
476 1968 2118
477 1356 1078
478 1577 1701
479 1287 2674
480 2224 1554
481 1097 1244
482 758 2238
483 817 1402
484 1271 2203
485 1555 2371
486 1012 1470
487 1943 2427
488 1648 1584
489 659 1394
490 1428 1779
491 1470 1115
492 1916 1060
493 2653 1913
494 2519 1063
495 993 1119
496 2048 2653
497 1233 1385
498 2153 1823
499 1107 2395
500 903 1789
501 1057 1020
502 932 1530
503 2154 1088
504 1489 1714
505 2155 2110
506 825 2152
507 2071 1478
508 1771 1063
509 934 2599
510 1257 1735
511 2095 1490
512 1718 1941
513 1319 1506
514 1639 769
515 2140 1612
516 1554 1926
517 2667 1723
518 1495 969
519 1878 2014
520 913 2194
521 2038 1943
522 1706 1339
523 1053 1588
524 2116 658
525 1152 1422
526 1024 1503
527 1506 1240
528 1624 2318
529 1174 1940
530 1134 1687
531 1290 1129
532 2247 1301
533 1320 1036
534 2084 1690
535 1186 1016
536 2782 1001
537 1397 1055
538 1734 1062
539 2009 1373
540 1654 2802
541 1154 682
542 637 1057
543 1344 928
544 1894 1519
545 2180 1433
546 1358 684
547 1805 1615
548 1459 1211
549 1918 1297
550 1339 2213
551 1840 1995
552 1221 2403
553 821 1472
554 2119 649
555 1946 969
556 2480 1747
557 1748 1575
558 1078 1244
559 1494 391
560 1843 996
561 515 1118
562 1068 362
563 1644 982
564 2156 1810
565 612 989
566 1646 1756
567 2197 1359
568 641 1244
569 1293 1445
570 738 2041
571 1139 2320
572 1295 2268
573 2663 2188
574 767 1816
575 623 1376
576 1784 1469
577 1158 1140
578 1597 1245
579 1412 1309
580 2207 998
581 1883 1529
582 723 1786
583 1943 833
584 1247 1830
585 1859 1977
586 1702 584
587 1255 1535
588 1847 1271
589 1909 1973
590 2312 1264
591 1369 1858
592 2125 1523
593 1960 1758
594 938 1251
595 1973 2110
596 2236 938
597 1255 1519
598 1868 2285
599 1411 1867
600 769 2366
601 837 2133
602 1831 1610
603 1501 1499
604 1700 1487
605 2002 2010
606 596 1645
607 1518 1050
608 313 1400
609 2194 1203
610 1697 1392
611 1791 1731
612 1755 972
613 1896 1163
614 841 1390
615 1881 1980
616 1726 631
617 1335 1904
618 1244 1932
619 1713 1535
620 1444 2448
621 1189 1086
622 1097 1318
623 836 1491
624 1168 1514
625 674 738
626 1589 1897
627 1265 1559
628 1050 1028
629 1251 1913
630 2022 846
631 1579 967
632 1306 1645
633 1169 1216
634 1698 1465
635 2286 1881
636 1594 1342
637 923 1460
638 1802 1101
639 386 945
640 1800 1980
641 1260 899
642 1488 1586
643 2675 478
644 1657 916
645 1296 1259
646 1623 1206
647 1081 665
648 959 1078
649 2412 1972
650 983 2100
651 1484 2107
652 2255 1643
653 636 1340
654 1331 1629
655 757 2249
656 1155 1056
657 1043 1743
658 2107 1700
659 1894 1714
660 1857 1433
661 467 1959
662 644 1473
663 1622 2294
664 1843 1533
665 918 2686
666 2075 463
667 815 2324
668 1870 948
669 1600 1282
670 1583 1721
671 1334 1325
672 808 1525
673 1776 1111
674 1391 1353
675 2383 1026
676 1084 1475
677 789 1855
678 986 734
679 1420 2181
680 2433 1508
681 1644 1562
682 1075 1696
683 719 1718
684 1947 1658
685 1359 1549
686 1945 1247
687 1047 1131
688 1146 2195
689 1158 1749
690 2330 1449
691 986 2387
692 2614 1363
693 1813 1020
694 1807 1213
695 2872 1473
696 2421 1988
697 1179 1478
698 728 2218
699 2350 2226
700 1326 1965
701 1821 1961
702 1694 2108
703 1128 1103
704 1360 2015
705 2629 1842
706 1547 1325
707 1071 1875
708 971 1087
709 1958 1346
710 1199 871
711 850 1332
712 611 568
713 1758 907
714 1517 1926
715 2249 698
716 2019 472
717 1520 1823
718 1708 2016
719 1687 2517
720 1744 1948
721 1449 1718
722 1137 997
723 1380 1323
724 1606 2098
725 2055 2015
726 1850 1545
727 145 2738
728 2599 2469
729 1403 1265
730 1817 796
731 1609 1341
732 1449 2061
733 1019 507
734 2629 2190
735 2382 1643
736 876 851
737 1082 1912
738 1475 1874
739 2236 1039
740 1078 1731
741 1375 1492
742 542 1710
743 1040 1164
744 1433 1413
745 1368 1508
746 1988 2154
747 2086 675
748 1100 1311
749 933 1687
750 1784 2303
751 1588 1760
752 1836 789
753 2738 1916
754 2225 842
755 2010 1415
756 2039 1901
757 1633 1796
758 1585 1756
759 827 2421
760 1279 717
761 1791 2374
762 2269 1760
763 987 829
764 1500 1398
765 1225 1387
766 1121 2068
767 1025 1760
768 1600 1370
769 1726 1791
770 507 1733
771 1793 1621
772 655 995
773 1135 1004
774 1813 1627
775 585 1601
776 2230 1793
777 2250 2092
778 1705 1902
779 1345 1744
780 2126 1300
781 1070 2004
782 822 1759
783 1583 1228
784 1045 2162
785 2074 1159
786 1447 981
787 1184 1812
788 1372 1374
789 1084 2594
790 1579 2569
791 274 1354
792 667 2226
793 1089 1099
794 1163 1941
795 1013 1090
796 926 1965
797 2303 1330
798 1984 2125
799 1172 1346
800 951 2507
801 1405 1229
802 2357 1895
803 1267 2270
804 1130 1227
805 1982 2199
806 2255 1402
807 1841 891
808 1536 1664
809 1249 1690
810 1093 2505
811 941 1949
812 1018 411
813 1595 1976
814 1839 1058
815 595 1802
816 1923 901
817 1791 835
818 2166 2277
819 540 900
820 1344 934
821 944 2091
822 1721 1223
823 1243 386
824 2198 1605
825 986 624
826 2132 1543
827 185 1703
828 618 766
829 1922 1083
830 851 711
831 2029 1684
832 2149 1886
833 2284 475
834 1846 1419
835 1316 1725
836 503 2067
837 1553 1159
838 1767 1114
839 1020 1868
840 1630 1019
841 1804 2022
842 1827 1677
843 661 2132
844 1684 948
845 1057 1319
846 1230 1758
847 2144 1414
848 1474 667
849 1347 1188
850 1208 1658
851 1092 526
852 522 1637
853 2076 884
854 1948 2167
855 1774 1374
856 1120 1173
857 2685 1116
858 2161 1378
859 1494 926
860 1112 1706
861 1825 1386
862 1444 1927
863 211 1212
864 1264 1527
865 1352 1275
866 1345 1286
867 2111 1539
868 978 1305
869 411 2101
870 1428 1468
871 2210 1310
872 975 519
873 1078 1061
874 684 517
875 1471 612
876 797 344
877 644 1630
878 1957 2000
879 391 2052
880 1950 943
881 1087 1832
882 1915 1271
883 1028 1306
884 1386 1098
885 1939 1719
886 1721 1379
887 2187 1023
888 1168 1007
889 1201 1218
890 1086 933
891 1785 1177
892 1350 907
893 1146 1146
894 2087 1377
895 1137 2067
896 2189 1641
897 981 2851
898 2151 1442
899 1880 1356
900 1992 1952
901 2030 1654
902 2506 1167
903 2156 2571
904 990 1573
905 1094 1290
906 1371 1158
907 1913 1665
908 1987 1917
909 1096 746
910 1509 1311
911 1019 1876
912 1737 516
913 1945 640
914 875 1856
915 928 635
916 1665 1153
917 1945 1480
918 2164 1394
919 1404 1605
920 1615 1525
921 1805 1385
922 877 1871
923 1402 1619
924 2202 1599
925 2241 1832
926 2043 1671
927 1021 1673
928 1873 2544
929 1157 1192
930 1983 1465
931 1366 1946
932 1086 1970
933 1612 2063
934 1525 2305
935 2398 1628
936 1106 2676
937 1461 1662
938 1649 1217
939 550 1183
940 1690 1084
941 1745 1475
942 815 1137
943 1878 2080
944 1868 1129
945 420 2029
946 1129 1535
947 1598 1371
948 1041 1749
949 1591 843
950 1927 1142
951 1371 484
952 937 865
953 1079 1435
954 1926 1380
955 1763 2031
956 811 1317
957 2296 1354
958 694 1068
959 1126 1776
960 1277 1624
961 1458 280
962 1567 1681
963 1528 2127
964 1569 688
965 389 1389
966 1002 1616
967 1808 1162
968 165 2259
969 1928 2386
970 1557 1944
971 1395 1774
972 1353 1519
973 1771 1586
974 1519 977
975 1327 1273
976 1770 1771
977 898 1541
978 1558 311
979 1598 1683
980 599 1733
981 1820 1725
982 1987 1522
983 1709 1166
984 2685 1356
985 2244 1434
986 463 1616
987 1514 971
988 1069 1520
989 2248 656
990 1166 1045
991 2288 1240
992 1524 1124
993 682 1519
994 1692 1215
995 1219 1577
996 957 568
997 1964 1625
998 893 2054
999 1604 1757
1000 1650 1199
1001 1531 1488
1002 1650 869
1003 1371 1612
1004 2420 1330
1005 1983 1871
1006 1316 1421
1007 1152 1791
1008 2011 1905
1009 2421 1723
1010 1968 2630
1011 1731 1138
1012 1073 1089
1013 2236 1102
1014 2272 1636
1015 2227 1865
1016 1072 1620
1017 1776 1525
1018 1464 878
1019 1094 2041
1020 2228 1646
1021 1637 1151
1022 701 1172
1023 2246 1700
1024 786 2299
1025 1978 2073
1026 1622 1762
1027 1344 2083
1028 2159 1531
1029 1749 1510
1030 1423 1754
1031 1171 1622
1032 1603 994
1033 1262 1854
1034 1878 1326
1035 1595 2621
1036 516 1562
1037 1568 1013
1038 1054 1537
1039 1103 1243
1040 362 1494
1041 1792 1571
1042 1659 1287
1043 1332 1958
1044 1054 965
1045 1960 1233
1046 1560 1015
1047 888 1060
1048 1158 1117
1049 1237 1078
1050 1400 1059
1051 903 1554
1052 1202 1947
1053 1084 1257
1054 2300 1132
1055 1921 1851
1056 1863 1525
1057 1846 1571
1058 1898 1540
1059 836 1890
1060 862 1203
1061 1329 1645
1062 1769 1642
1063 979 1453
1064 1981 1848
1065 845 1937
1066 1588 1229
1067 1481 828
1068 1135 1067
1069 913 1482
1070 1644 2572
1071 838 1531
1072 1570 698
1073 760 1664
1074 1703 1038
1075 1587 1079
1076 1862 1253
1077 1476 962
1078 893 1688
1079 1541 1429
1080 1560 1670
1081 1574 2187
1082 1497 1590
1083 905 1396
1084 408 1397
1085 1968 2257
1086 1438 1145
1087 1389 1960
1088 919 1320
1089 1116 551
1090 881 900
1091 560 1968
1092 621 1135
1093 1589 1288
1094 874 1817
1095 576 1381
1096 383 1261
1097 1161 1100
1098 1778 562
1099 1056 2427
1100 1874 1723
1101 2227 1090
1102 1021 1981
1103 1144 1593
1104 2497 1130
1105 2349 1491
1106 1572 1338
1107 1682 2695
1108 1954 1584
1109 2152 1158
1110 1885 1669
1111 1783 1540
1112 1899 1506
1113 1248 1412
1114 1107 1664
1115 1048 1467
1116 1852 1591
1117 1090 1698
1118 2401 1475
1119 1715 1793
1120 2050 1963
1121 1017 957
1122 1729 1748
1123 1424 551
1124 1629 1839
1125 849 1301
1126 1873 1825
1127 1533 1467
1128 996 1326
1129 1652 2056
1130 1347 1718
1131 1220 1261
1132 1791 790
1133 1255 1319
1134 1545 1823
1135 1426 1141
1136 1328 1640
1137 1496 1126
1138 1386 2170
1139 925 2327
1140 976 1844
1141 2228 1532
1142 385 1573
1143 2246 1154
1144 1760 1621
1145 1257 1891
1146 1428 1976
1147 838 1240
1148 1951 2130
1149 580 2029
1150 1183 1412
1151 1450 1494
1152 1824 828
1153 1082 2178
1154 1175 1634
1155 1737 2003
1156 1914 1989
1157 2485 735
1158 1044 844
1159 1271 684
1160 2200 1045
1161 1876 1151
1162 1414 1341
1163 1823 1823
1164 1687 1778
1165 1780 1065
1166 856 1905
1167 2003 1896
1168 2015 1879
1169 1299 1355
1170 1959 1084
1171 1751 1477
1172 940 1803
1173 1740 1571
1174 876 1229
1175 547 254
1176 932 2016
1177 1215 1853
1178 1071 1078
1179 1744 2001
1180 2646 820
1181 1486 1176
1182 1772 1796
1183 1297 2030
1184 992 1821
1185 1076 2260
1186 2084 2428
1187 470 1966
1188 1037 1709
1189 2420 2582
1190 1256 1782
1191 1942 1058
1192 2438 1248
1193 964 1476
1194 2066 1282
1195 1352 1533
1196 1340 1907
1197 1972 1496
1198 1631 1082
1199 1961 2190
1200 850 1613
1201 1870 1834
1202 1996 1883
1203 1868 580
1204 1754 1562
1205 1698 1320
1206 1357 1021
1207 2117 1955
1208 1377 1108
1209 1476 1943
1210 1796 1537
1211 1907 1196
1212 1044 942
1213 903 1896
1214 2018 715
1215 1742 1563
1216 990 1181
1217 1266 2215
1218 1252 1793
1219 594 1224
1220 2313 1208
1221 1084 819
1222 2017 1284
1223 2298 1302
1224 1758 838
1225 1363 1799
1226 1939 1617
1227 1835 1924
1228 1196 1284
1229 1692 960
1230 1064 2409
1231 1762 1366
1232 1857 2546
1233 1380 1485
1234 1587 503
1235 1242 2341
1236 1395 1454
1237 1747 1130
1238 1776 1246
1239 1346 2535
1240 890 1139
1241 2576 2220
1242 1433 1715
1243 662 2224
1244 1359 1054
1245 1473 1911
1246 1913 1298
1247 1945 1146
1248 1368 2384
1249 2485 318
1250 1599 1173
1251 441 1564
1252 2046 1535
1253 2084 817
1254 977 1605
1255 1528 1522
1256 2276 1561
1257 872 1238
1258 850 1580
1259 2332 1245
1260 2676 1540
1261 1274 2534
1262 1097 1719
1263 1133 1231
1264 1269 1492
1265 1314 896
1266 1623 969
1267 1321 1546
1268 2460 1868
1269 2286 1721
1270 1183 1256
1271 1134 1569
1272 1732 1601
1273 1370 1580
1274 2248 1460
1275 1508 1329
1276 1696 1463
1277 1372 1869
1278 1133 2370
1279 1439 1256
1280 322 1607
1281 264 1955
1282 2161 842
1283 558 1138
1284 1285 343
1285 490 1299
1286 1490 2182
1287 948 964
1288 1364 958
1289 2070 1574
1290 1828 916
1291 743 869
1292 1728 1070
1293 1110 908
1294 1790 1338
1295 2078 1009
1296 1226 1819
1297 1204 1881
1298 913 1766
1299 1119 1305
1300 817 1302
1301 899 1065
1302 1874 2186
1303 1710 2065
1304 1145 1462
1305 1826 1893
1306 1507 1230
1307 1732 1867
1308 1121 1600
1309 1937 1492
1310 1237 2135
1311 1388 1578
1312 1374 573
1313 1894 2151
1314 1213 1836
1315 2046 1171
1316 1777 2312
1317 978 1501
1318 1548 1127
1319 1701 1916
1320 1500 1810
1321 966 1667
1322 1235 799
1323 1568 952
1324 1614 2317
1325 1244 1333
1326 1700 821
1327 2452 1374
1328 2582 1444
1329 1270 2724
1330 1644 2434
1331 2243 2507
1332 2183 2415
1333 1745 2090
1334 1802 1750
1335 1840 1602
1336 2134 962
1337 1391 1823
1338 573 1186
1339 1341 1462
1340 1282 2081
1341 1421 1332
1342 1974 2241
1343 1284 1830
1344 962 1405
1345 1719 1267
1346 2294 2149
1347 2073 1812
1348 2482 1803
1349 1290 1137
1350 1922 1451
1351 2269 1183
1352 1497 1758
1353 1073 1525
1354 1279 1042
1355 997 1438
1356 1281 1914
1357 894 1240
1358 2428 1949
1359 803 1501
1360 1499 1700
1361 1429 1101
1362 1308 2061
1363 2315 1802
1364 1629 414
1365 1550 1493
1366 1851 2001
1367 1008 655
1368 1616 1805
1369 1366 1274
1370 1667 915
1371 2004 863
1372 1792 1536
1373 654 1385
1374 2080 1742
1375 1244 1672
1376 2002 1596
1377 2018 2100
1378 828 1870
1379 1318 2254
1380 2227 1726
1381 2911 1241
1382 1972 1226
1383 2001 1109
1384 1532 1616
1385 1391 1706
1386 874 1006
1387 698 1603
1388 2037 1852
1389 2121 1098
1390 2052 1702
1391 1204 1354
1392 425 2165
1393 2485 1400
1394 1221 529
1395 1690 1665
1396 1539 1770
1397 1427 1747
1398 2033 1605
1399 765 2277
1400 1991 1429
1401 1968 1628
1402 1575 1966
1403 1541 2218
1404 1898 2238
1405 1208 844
1406 1682 2033
1407 2286 1120
1408 253 1647
1409 837 1873
1410 2458 1495
1411 955 1080
1412 1670 2046
1413 1385 747
1414 1525 1798
1415 1839 2663
1416 657 1635
1417 1404 1914
1418 1152 989
1419 1409 1741
1420 1293 1601
1421 1315 566
1422 1682 1725
1423 1505 2451
1424 1808 782
1425 894 1353
1426 1815 2361
1427 1691 2063
1428 2132 1667
1429 888 813
1430 804 2192
1431 208 1196
1432 973 1411
1433 2667 1850
1434 994 1619
1435 1707 1184
1436 2016 1335
1437 2520 470
1438 1296 807
1439 1841 1252
1440 1540 1294
1441 2297 1690
1442 1436 1521
1443 1210 2207
1444 633 2283
1445 1625 1236
1446 1961 1783
1447 2129 930
1448 1533 1631
1449 2034 1368
1450 2039 1955
1451 695 1637
1452 1565 1888
1453 1378 1777
1454 1336 1369
1455 1832 1797
1456 523 1690
1457 681 1905
1458 2728 852
1459 624 1761
1460 1919 1714
1461 1679 1545
1462 1463 1417
1463 258 1388
1464 1126 1689
1465 982 1209
1466 2103 659
1467 1892 1729
1468 917 1467
1469 1579 1902
1470 1359 2073
1471 871 1831
1472 657 1497
1473 1629 1078
1474 1872 2246
1475 1558 2364
1476 1244 2278
1477 1461 461
1478 1524 1341
1479 1013 2315
1480 722 1713
1481 1371 2159
1482 2331 2468
1483 2340 1658
1484 1182 1894
1485 1818 1448
1486 913 1226
1487 1748 1297
1488 1095 1422
1489 1692 2724
1490 1579 1853
1491 1145 1999
1492 920 2044
1493 1656 800
1494 912 1224
1495 2108 1528
1496 1034 631
1497 1441 1103
1498 1137 2106
1499 1550 910
1500 2192 1443
1501 1338 933
1502 574 1464
1503 768 978
1504 1557 1561
1505 1111 622
1506 1658 1914
1507 1094 1358
1508 1865 622
1509 1779 1676
1510 2766 2407
1511 1501 1413
1512 2310 1896
1513 1535 1214
1514 1058 1678
1515 1821 985
1516 1102 1285
1517 699 915
1518 2161 2400
1519 2097 1901
1520 1287 1095
1521 1134 1442
1522 1088 2041
1523 448 979
1524 1054 655
1525 1722 2432
1526 1855 1354
1527 859 1518
1528 1751 1881
1529 1751 1208
1530 1666 957
1531 2232 1111
1532 991 1775
1533 1827 1325
1534 1325 1340
1535 1584 310
1536 1373 971
1537 297 1664
1538 1742 1692
1539 1042 1812
1540 1816 1641
1541 707 885
1542 1959 1481
1543 1994 1724
1544 1341 1150
1545 1370 1504
1546 1452 1447
1547 1944 1699
1548 2050 1567
1549 697 486
1550 2143 1560
1551 1566 1222
1552 1255 1281
1553 1318 364
1554 1357 1596
1555 1608 2353
1556 682 1116
1557 1302 1939
1558 1577 1516
1559 1441 278
1560 2612 974
1561 1510 869
1562 1639 1165
1563 1228 1689
1564 1563 1144
1565 1939 1514
1566 1090 1509
1567 989 1389
1568 1269 871
1569 1103 1755
1570 1256 808
1571 2441 1395
1572 969 1484
1573 1505 2515
1574 1932 1349
1575 1643 1235
1576 2226 1096
1577 1930 1272
1578 1846 1333
1579 1351 1846
1580 1752 1824
1581 1362 1324
1582 1208 2455
1583 1459 978
1584 656 1147
1585 741 2311
1586 1985 439
1587 2001 1536
1588 1844 701
1589 1562 2121
1590 1112 1392
1591 1591 1301
1592 1503 1528
1593 1294 1469
1594 1331 2024
1595 1541 1245
1596 1310 1064
1597 1383 1336
1598 2072 1038
1599 1050 1301
1600 1685 551
1601 1686 1449
1602 1222 2100
1603 698 2188
1604 1763 1667
1605 1606 2071
1606 1688 2535
1607 752 1973
1608 919 697
1609 1333 1158
1610 1377 1640
1611 2476 548
1612 1469 1675
1613 2020 780
1614 1867 1519
1615 1561 1386
1616 1039 1342
1617 1849 1513
1618 1046 1749
1619 1422 1265
1620 2137 2396
1621 1510 882
1622 2430 1139
1623 1334 1482
1624 972 1667
1625 499 1102
1626 739 550
1627 2545 1491
1628 1356 1766
1629 649 2011
1630 1326 2207
1631 519 1730
1632 1640 1169
1633 1373 613
1634 1602 1377
1635 1656 1405
1636 1092 400
1637 2179 1427
1638 1385 1250
1639 1559 1096
1640 908 1289
1641 1343 1347
1642 1980 2085
1643 1477 1697
1644 1738 1798
1645 1361 710
1646 1536 1801
1647 565 1644
1648 2162 2161
1649 1975 2026
1650 1723 1231
1651 1442 1417
1652 2015 927
1653 1508 856
1654 1730 1492
1655 1426 834
1656 922 1305
1657 2221 2519
1658 1404 1117
1659 1707 1667
1660 457 783
1661 2001 1638
1662 1732 2424
1663 1701 1563
1664 1386 2034
1665 1350 1833
1666 853 1446
1667 1712 785
1668 2073 2435
1669 1430 724
1670 818 982
1671 1405 1945
1672 1679 1893
1673 2257 1073
1674 1398 2181
1675 1474 2562
1676 1329 1266
1677 1630 502
1678 1293 1706
1679 1637 1495
1680 1187 1688
1681 1349 1664
1682 2192 835
1683 1703 916
1684 1941 1680
1685 749 1776
1686 384 911
1687 1677 1267
1688 1764 780
1689 807 976
1690 2289 612
1691 1111 1661
1692 1505 1568
1693 1076 2189
1694 1684 941
1695 1458 1725
1696 2017 1595
1697 1854 1994
1698 1203 1873
1699 1074 758
1700 1759 1527
1701 1583 1404
1702 937 1712
1703 1650 1736
1704 1336 1704
1705 1827 1356
1706 1211 930
1707 1170 472
1708 1796 1483
1709 687 1486
1710 1256 1680
1711 2049 663
1712 1504 1551
1713 1049 1668
1714 1090 1609
1715 2267 2275
1716 1713 1099
1717 1302 1357
1718 1089 1719
1719 1230 1332
1720 1881 1932
1721 1481 1155
1722 1577 1090
1723 1341 1853
1724 794 978
1725 1158 1175
1726 824 1162
1727 1297 2007
1728 1948 1199
1729 1707 1106
1730 1962 2125
1731 1544 1159
1732 1305 2036
1733 1484 803
1734 2077 491
1735 772 1799
1736 1203 2093
1737 1034 1881
1738 2031 1597
1739 635 1614
1740 971 1675
1741 1814 1326
1742 1963 1361
1743 1695 1475
1744 2239 2432
1745 973 1736
1746 2605 1314
1747 2574 949
1748 1338 1925
1749 1595 1312
1750 2535 2466
1751 1895 2728
1752 619 2134
1753 1705 1665
1754 748 1714
1755 2008 1866
1756 1932 1857
1757 1275 1116
1758 1565 851
1759 892 2233
1760 1827 1956
1761 1834 2432
1762 1140 1874
1763 2523 1238
1764 830 1005
1765 1043 1270
1766 1365 1158
1767 1695 1301
1768 1202 1362
1769 1075 909
1770 887 1593
1771 1315 1081
1772 2084 1603
1773 2336 1653
1774 1544 2066
1775 1912 486
1776 1892 1294
1777 2034 533
1778 2021 1224
1779 1714 1410
1780 1857 2063
1781 625 196
1782 2174 1218
1783 1387 1048
1784 872 1542
1785 1762 919
1786 1179 1820
1787 1355 2278
1788 1974 2210
1789 1762 733
1790 483 1767
1791 926 2528
1792 1579 1829
1793 1780 2045
1794 2097 2393
1795 2661 1425
1796 1932 2036
1797 930 1179
1798 2103 1566
1799 1877 1367
1800 1595 2562
1801 2050 1037
1802 2185 2001
1803 1396 1269
1804 2156 1560
1805 1775 1735
1806 1483 1953
1807 2053 1322
1808 1609 1727
1809 1462 967
1810 2379 959
1811 1875 1046
1812 114 1120
1813 1747 986
1814 882 1084
1815 1395 2115
1816 1827 1575
1817 755 963
1818 1512 2331
1819 2145 1620
1820 1691 730
1821 2305 1449
1822 1461 1149
1823 2422 1116
1824 2482 1057
1825 1385 1890
1826 1468 1856
1827 1263 1273
1828 1457 1861
1829 1884 1717
1830 1680 1770
1831 1344 1367
1832 1215 1839
1833 763 1803
1834 1676 1663
1835 1622 1183
1836 1700 1707
1837 1807 1321
1838 1403 1393
1839 968 2788
1840 790 1601
1841 1513 2217
1842 1256 1355
1843 1024 2101
1844 765 1310
1845 900 1290
1846 1479 1991
1847 987 2211
1848 1668 2418
1849 1586 1414
1850 1246 1871
1851 1233 1566
1852 2314 1986
1853 1729 1470
1854 1934 2428
1855 2347 1235
1856 818 1254
1857 850 1252
1858 1241 1117
1859 1983 721
1860 1297 1874
1861 829 1713
1862 2398 1717
1863 1303 1136
1864 1648 1619
1865 1022 2087
1866 2203 1308
1867 1096 918
1868 655 2502
1869 596 643
1870 1025 1201
1871 1161 1523
1872 2270 1510
1873 1607 1112
1874 418 1498
1875 1400 1489
1876 1597 1404
1877 1293 1079
1878 946 1508
1879 1678 1673
1880 953 1466
1881 2012 2002
1882 1914 747
1883 1150 1280
1884 1935 1241
1885 1293 1502
1886 1026 690
1887 1753 809
1888 1341 984
1889 1280 1319
1890 1047 2320
1891 968 1144
1892 1777 2405
1893 1100 1644
1894 1228 1631
1895 1353 2098
1896 1741 1784
1897 1462 838
1898 881 1965
1899 1712 1546
1900 1454 597
1901 1720 1901
1902 1550 476
1903 1294 1462
1904 1120 472
1905 2251 1471
1906 1980 1353
1907 741 1777
1908 1685 1707
1909 1262 783
1910 1495 1272
1911 900 1230
1912 1123 661
1913 664 1932
1914 1805 2023
1915 1656 1814
1916 1385 2026
1917 2097 1220
1918 1599 1460
1919 1715 1988
1920 667 1979
1921 2148 2335
1922 2221 1159
1923 2014 2366
1924 1885 849
1925 366 1496
1926 2184 1071
1927 1246 460
1928 1272 1543
1929 1458 1910
1930 2442 970
1931 1015 1798
1932 1849 1822
1933 632 1255
1934 1826 1797
1935 1702 2105
1936 1524 1872
1937 1099 587
1938 1497 1458
1939 1673 2097
1940 1255 1634
1941 2067 1878
1942 1850 1337
1943 1706 724
1944 1531 2524
1945 1776 2159
1946 1268 2132
1947 2010 1636
1948 2228 918
1949 1234 1264
1950 1181 1574
1951 1189 1192
1952 882 1991
1953 1137 1273
1954 1916 1109
1955 1444 997
1956 1637 1856
1957 1254 1528
1958 1174 1430
1959 2325 1482
1960 1110 2251
1961 1533 1029
1962 1837 933
1963 2081 626
1964 2289 2577
1965 2131 1411
1966 1125 2217
1967 1818 1507
1968 1653 1102
1969 1903 770
1970 1601 1441
1971 1834 1933
1972 717 2192
1973 1144 1428
1974 1280 2224
1975 1907 1129
1976 913 1284
1977 1954 667
1978 1222 793
1979 1231 1308
1980 1553 1414
1981 1285 858
1982 1355 2061
1983 1473 1592
1984 928 1795
1985 1913 1503
1986 2597 945
1987 2193 1694
1988 2446 2362
1989 1549 1721
1990 2496 1195
1991 1554 1594
1992 2430 1094
1993 2407 1399
1994 2110 860
1995 1061 1048
1996 1612 1099
1997 775 1573
1998 1545 1862
1999 2077 1241
2000 1753 2328
2001 2042 2132
2002 1104 1400
2003 2394 1567
2004 2183 1187
2005 1736 2112
2006 1981 1950
2007 2175 1078
2008 1894 2075
2009 914 1496
2010 1488 714
2011 2545 1037
2012 967 1654
2013 1553 809
2014 2756 1474
2015 1703 886
2016 1626 1205
2017 2182 2333
2018 998 1906
2019 1506 576
2020 2463 1788
2021 2051 1169
2022 2106 1314
2023 1406 1582
2024 609 1651
2025 1759 1187
2026 1817 1585
2027 950 2091
2028 1189 1144
2029 2192 1524
2030 568 1865
2031 2001 2141
2032 1450 1549
2033 1896 1960
2034 1487 1293
2035 1045 1950
2036 1013 1462
2037 624 1637
2038 1563 1317
2039 980 1144
2040 1937 2014
2041 1499 1687
2042 1611 1654
2043 1347 1683
2044 1396 1290
2045 1480 2264
2046 2453 2659
2047 1306 2271
2048 939 1544
2049 1724 1274
2050 1125 1846
2051 1181 559
2052 1687 1243
2053 1195 1382
2054 2289 1289
2055 1201 1043
2056 1223 1687
2057 1835 1355
2058 1131 1133
2059 2101 1073
2060 1737 924
2061 1379 1796
2062 1560 802
2063 1305 2139
2064 1771 1680
2065 1505 1109
2066 1708 976
2067 2339 1382
2068 1519 1765
2069 2018 1920
2070 1427 1242
2071 1233 1379
2072 1818 1099
2073 2137 1579
2074 1045 529
2075 1267 672
2076 1847 694
2077 1476 1073
2078 1837 1596
2079 1868 1750
2080 1730 847
2081 1381 887
2082 1275 1083
2083 1402 766
2084 529 1058
2085 1127 1255
2086 1968 1233
2087 1535 1163
2088 1952 1087
2089 1976 2108
2090 1983 1615
2091 1903 619
2092 1229 2603
2093 1062 1411
2094 1022 1382
2095 1408 730
2096 1248 749
2097 1889 1396
2098 1381 854
2099 1837 2397
2100 1257 1691
2101 1204 1253
2102 1647 1613
2103 882 692
2104 996 1228
2105 607 737
2106 1511 1185
2107 1075 1364
2108 1750 2096
2109 2403 1606
2110 1760 1269
2111 1665 1874
2112 1953 1694
2113 1430 1528
2114 1220 1792
2115 1597 1713
2116 2181 132
2117 2363 1368
2118 1800 1062
2119 1317 2243
2120 1756 789
2121 2049 856
2122 1725 2094
2123 1858 1023
2124 561 1084
2125 889 1927
2126 1492 1891
2127 1685 2035
2128 1230 832
2129 1461 1346
2130 1176 1186
2131 1520 1606
2132 2135 684
2133 1451 916
2134 2504 1280
2135 1320 1434
2136 897 1499
2137 1168 2099
2138 1563 2178
2139 1752 1281
2140 1960 1894
2141 874 1011
2142 1150 2251
2143 1141 1841
2144 1483 1145
2145 1448 1510
2146 1720 261
2147 2130 474
2148 1350 1121
2149 727 1617
2150 1222 941
2151 2454 1954
2152 800 1895
2153 1779 1784
2154 1837 1348
2155 1345 2503
2156 616 1432
2157 2073 1951
2158 1533 2396
2159 589 2029
2160 1790 1175
2161 1426 2357
2162 1133 1849
2163 1138 1600
2164 1181 1670
2165 2058 963
2166 1268 2148
2167 2010 1173
2168 1203 1105
2169 1343 1830
2170 2079 2305
2171 1050 2359
2172 628 463
2173 1463 1664
2174 871 2020
2175 1944 1038
2176 795 764
2177 1581 1974
2178 1471 1693
2179 1204 1293
2180 777 1675
2181 2354 2420
2182 2071 1716
2183 1171 1844
2184 1589 1673
2185 1695 1702
2186 461 1245
2187 1227 1359
2188 1460 1196
2189 2192 838
2190 1086 2081
2191 1945 1898
2192 2059 1932
2193 1379 1599
2194 1952 2092
2195 1542 1487
2196 2187 1047
2197 903 1801
2198 1487 1715
2199 1312 1001
2200 1441 1079
2201 1329 1503
2202 1805 1580
2203 1724 1049
2204 1994 1862
2205 1197 1994
2206 2430 1025
2207 1856 1913
2208 1506 2051
2209 536 1078
2210 1260 1488
2211 1601 1173
2212 270 1407
2213 1624 1586
2214 1694 1786
2215 2114 2468
2216 1675 1458
2217 2040 1408
2218 1283 1544
2219 1474 2178
2220 1453 2060
2221 1682 2155
2222 746 1531
2223 1555 1472
2224 1337 1975
2225 1012 1816
2226 1968 1890
2227 1114 576
2228 1827 1277
2229 1287 1452
2230 1669 1819
2231 1566 1013
2232 1699 2292
2233 1333 1860
2234 1592 2412
2235 1657 1693
2236 1253 953
2237 926 1378
2238 1187 1378
2239 1907 1110
2240 1029 2554
2241 1556 1449
2242 1126 1614
2243 2148 761
2244 1566 1336
2245 1159 1483
2246 1602 2245
2247 1996 1459
2248 2444 1393
2249 1388 1460
2250 454 1309
2251 2692 548
2252 1289 530
2253 1185 1237
2254 870 1798
2255 2056 1653
2256 1460 1450
2257 2034 1670
2258 2057 1907
2259 2040 1718
2260 2150 1509
2261 1520 1391
2262 804 1259
2263 1885 534
2264 326 1192
2265 1035 1225
2266 1557 1310
2267 1185 1539
2268 1103 1168
2269 1679 826
2270 879 1784
2271 1385 1011
2272 2137 1701
2273 975 1730
2274 1103 818
2275 1192 1607
2276 1187 2304
2277 1436 1877
2278 1954 496
2279 1939 641
2280 1393 1043
2281 1309 1257
2282 1322 1424
2283 1529 783
2284 2130 1726
2285 1430 1399
2286 1270 1927
2287 1026 2249
2288 1518 2048
2289 2619 2327
2290 1306 693
2291 1798 875
2292 1792 1287
2293 2065 1368
2294 1561 1199
2295 1898 1694
2296 1876 1265
2297 211 1462
2298 1556 1327
2299 1136 2437
2300 1263 651
2301 1217 1451
2302 1498 1017
2303 1375 1487
2304 1539 1251
2305 2207 1474
2306 561 996
2307 1290 752
2308 548 1848
2309 840 1880
2310 1959 2292
2311 1949 1473
2312 1791 1127
2313 938 820
2314 1302 1523
2315 2348 1016
2316 2262 2663
2317 2152 864
2318 1445 1499
2319 2505 1283
2320 612 1434
2321 874 1365
2322 1236 2129
2323 1422 905
2324 2440 2053
2325 2294 1200
2326 1472 2159
2327 1892 1738
2328 1425 1415
2329 1477 2424
2330 869 1116
2331 1462 2349
2332 1961 700
2333 1347 2214
2334 1691 1558
2335 810 2057
2336 1248 1275
2337 2068 1490
2338 1116 665
2339 1447 2000
2340 1793 1373
2341 2640 1869
2342 989 1543
2343 1421 2332
2344 1093 2445
2345 1195 2625
2346 1470 2421
2347 1706 1599
2348 2166 1537
2349 2321 2120
2350 1383 1780
2351 1529 1970
2352 1548 1209
2353 671 359
2354 1353 1545
2355 2048 1315
2356 1899 2492
2357 1484 1478
2358 2145 996
2359 2271 1572
2360 1762 1517
2361 1367 2151
2362 1523 362
2363 1210 826
2364 1394 2104
2365 978 1014
2366 1257 2070
2367 825 1593
2368 1089 1373
2369 1132 1147
2370 883 762
2371 1186 2425
2372 1849 1973
2373 1427 1630
2374 2510 1716
2375 2437 2052
2376 1316 1438
2377 1163 1454
2378 1033 1223
2379 1736 937
2380 884 2203
2381 1348 1799
2382 1159 1293
2383 1857 1749
2384 1575 1617
2385 1512 1488
2386 1915 1757
2387 1092 1447
2388 1130 1892
2389 1296 1332
2390 2262 1351
2391 441 1433
2392 840 2100
2393 1957 2003
2394 1799 1817
2395 2028 1742
2396 1683 1314
2397 1491 1314
2398 1890 2010
2399 1763 1752
2400 2128 1040
2401 852 1510
2402 1503 1089
2403 1261 1181
2404 2313 1851
2405 416 1246
2406 2012 2215
2407 1244 1857
2408 1561 1178
2409 1536 718
2410 1052 1365
2411 1902 2070
2412 1851 1485
2413 1591 1355
2414 326 2258
2415 2047 1361
2416 1657 1558
2417 975 1038
2418 1674 2586
2419 689 1086
2420 2417 2234
2421 989 2151
2422 1758 1400
2423 892 1443
2424 2450 1563
2425 1103 1961
2426 1345 1031
2427 2396 2415
2428 2226 1378
2429 917 2131
2430 916 1880
2431 489 1072
2432 2329 1380
2433 1692 1836
2434 2377 1150
2435 1134 1053
2436 2244 2527
2437 1544 1177
2438 1737 2413
2439 1586 1513
2440 958 502
2441 1157 1277
2442 1322 541
2443 228 1489
2444 1889 1587
2445 1422 797
2446 1639 2007
2447 990 1235
2448 818 1167
2449 2117 1324
2450 1093 1584
2451 1611 1515
2452 1487 1336
2453 1808 1268
2454 881 1410
2455 1812 2127
2456 1197 1835
2457 1581 1796
2458 2486 1353
2459 1661 1494
2460 1015 2134
2461 2036 1001
2462 1466 1681
2463 1743 1153
2464 1513 751
2465 1161 1516
2466 798 1787
2467 1524 815
2468 875 1527
2469 2238 924
2470 715 1121
2471 1593 848
2472 2506 960
2473 1185 538
2474 1691 587
2475 1442 1455
2476 1112 1120
2477 1538 1636
2478 1936 1174
2479 710 1285
2480 1146 2275
2481 866 1463
2482 1796 2366
2483 733 1015
2484 960 741
2485 1281 2736
2486 1678 953
2487 1680 1869
2488 1543 1114
2489 2096 1358
2490 1395 2447
2491 990 1902
2492 965 898
2493 1513 1132
2494 2152 964
2495 546 1739
2496 2045 1820
2497 284 1756
2498 1421 1972
2499 779 696
2500 1832 840
2501 1470 1339
2502 1339 1656
2503 1303 1835
2504 1173 1421
2505 2084 614
2506 1596 1586
2507 2229 678
2508 1822 2255
2509 752 1582
2510 2129 1665
2511 1311 1517
2512 1052 1526
2513 1564 2269
2514 2296 2171
2515 1578 1736
2516 1750 1971
2517 2577 1765
2518 1863 1159
2519 1440 418
2520 2184 521
2521 1688 1316
2522 1372 1376
2523 2100 1263
2524 391 1801
2525 1066 1694
2526 1212 1331
2527 1805 843
2528 2225 1995
2529 1257 1117
2530 1286 1862
2531 1793 842
2532 934 730
2533 1825 2380
2534 2254 1299
2535 808 1108
2536 884 2006
2537 1756 1009
2538 1329 1262
2539 1883 1798
2540 2118 980
2541 789 1119
2542 1079 2115
2543 2267 1994
2544 1841 1234
2545 1839 2086
2546 1530 884
2547 1920 1772
2548 1490 793
2549 1649 1289
2550 1407 922
2551 1953 973
2552 1071 1463
2553 1038 1119
2554 534 1262
2555 1536 1048
2556 1484 2457
2557 1459 1525
2558 795 2654
2559 1817 2106
2560 1261 1360
2561 767 1417
2562 1812 817
2563 1196 1973
2564 1964 1817
2565 802 2343
2566 1606 1750
2567 2322 1140
2568 668 1424
2569 566 1317
2570 892 1584
2571 1205 1458
2572 2159 1975
2573 1833 1268
2574 1156 1911
2575 1358 1512
2576 1571 1422
2577 1057 1743
2578 2271 1560
2579 2338 1199
2580 1405 1770
2581 1704 1262
2582 369 650
2583 1896 765
2584 1346 571
2585 1982 1593
2586 670 2300
2587 1702 1312
2588 1853 1532
2589 2255 1438
2590 1363 1384
2591 1875 1053
2592 1750 1113
2593 2000 490
2594 1507 897
2595 645 2352
2596 1840 1353
2597 1236 2087
2598 487 1785
2599 1272 1631
2600 568 1821
2601 2021 2296
2602 2207 1425
2603 2334 2321
2604 1090 1695
2605 1200 2007
2606 1161 1530
2607 1772 1453
2608 1209 1634
2609 768 1845
2610 2565 1416
2611 779 2333
2612 2217 1951
2613 1953 1491
2614 1746 2149
2615 1993 1279
2616 1243 502
2617 2230 1459
2618 832 615
2619 1336 1174
2620 1900 1180
2621 997 1039
2622 1409 1408
2623 1390 2543
2624 1267 1677
2625 1095 1984
2626 910 2019
2627 2131 1275
2628 1118 1072
2629 2183 1787
2630 2383 1295
2631 1326 2596
2632 1216 1756
2633 2194 1592
2634 1752 1920
2635 1431 1814
2636 1022 2246
2637 1397 1279
2638 1818 1393
2639 2290 1611
2640 1730 2122
2641 1751 1575
2642 1653 1565
2643 1663 1335
2644 1532 1980
2645 2780 1955
2646 705 1639
2647 2064 1300
2648 1455 629
2649 1802 1255
2650 1390 2107
2651 2111 2092
2652 930 2117
2653 1325 1262
2654 379 1748
2655 2034 446
2656 1765 1731
2657 1881 1928
2658 1628 2070
2659 1651 2170
2660 1662 2075
2661 410 927
2662 1557 2233
2663 1007 792
2664 1058 1744
2665 1348 1399
2666 1622 965
2667 1423 1241
2668 1822 1023
2669 1976 1430
2670 1853 1893
2671 2163 1929
2672 1058 1047
2673 1217 1322
2674 1054 1598
2675 1716 1917
2676 2297 1579
2677 1947 1926
2678 2264 1552
2679 1723 1492
2680 760 796
2681 1405 1945
2682 1373 1573
2683 2292 1749
2684 811 963
2685 1536 1518
2686 1559 827
2687 1912 1510
2688 2053 950
2689 1197 1777
2690 1418 1402
2691 1875 2215
2692 2508 1260
2693 2836 1096
2694 1236 1448
2695 1649 934
2696 1976 1091
2697 1025 1594
2698 2297 1529
2699 2462 976
2700 1212 719
2701 1481 2547
2702 2018 657
2703 1680 842
2704 2298 1379
2705 815 1340
2706 1196 1524
2707 1255 2145
2708 2133 1383
2709 1746 1443
2710 1437 1470
2711 2094 2003
2712 1814 1123
2713 2109 1603
2714 1615 1880
2715 1670 1304
2716 1798 1799
2717 1813 1192
2718 1700 1464
2719 1846 1283
2720 1167 1073
2721 1278 1617
2722 1634 1737
2723 1781 718
2724 665 1430
2725 1782 973
2726 1129 1984
2727 1396 643
2728 1229 1495
2729 1179 900
2730 1535 2736
2731 1591 1118
2732 1174 1675
2733 1791 1042
2734 1516 1869
2735 1825 674
2736 1449 1307
2737 2276 1274
2738 375 1928
2739 1567 706
2740 1504 1996
2741 1993 1811
2742 1132 1011
2743 548 504
2744 861 782
2745 905 1309
2746 1201 1570
2747 1995 1901
2748 782 2196
2749 1730 1123
2750 1311 1509
2751 507 1749
2752 1790 2607
2753 1203 459
2754 1411 1445
2755 1199 1189
2756 1279 2050
2757 1875 1684
2758 1386 1122
2759 1114 2670
2760 1022 1470
2761 787 1775
2762 1821 1690
2763 1677 1353
2764 1862 1399
2765 1729 987
2766 1032 1356
2767 2318 1340
2768 1917 1135
2769 1181 1425
2770 2238 1307
2771 1259 1528
2772 2169 992
2773 1714 792
2774 1173 879
2775 932 1101
2776 2215 1502
2777 1926 1758
2778 2308 1118
2779 2599 1582
2780 1415 1942
2781 2234 1702
2782 931 675
2783 1256 1532
2784 2274 1420
2785 1664 617
2786 1724 1821
2787 601 2008
2788 1109 1290
2789 1660 1398
2790 1183 1498
2791 1059 1283
2792 967 1943
2793 1786 1577
2794 2373 1085
2795 522 1662
2796 1838 2129
2797 1821 498
2798 1395 1200
2799 1799 798
2800 2303 2105
2801 1784 1382
2802 1028 877
2803 1981 1368
2804 1304 943
2805 1693 2509
2806 1465 2221
2807 1859 1272
2808 1156 1258
2809 2111 1521
2810 1688 1873
2811 1383 2015
2812 1204 1822
2813 1389 1414
2814 1052 1537
2815 2240 1627
2816 641 2013
2817 1308 1327
2818 2069 758
2819 1338 1851
2820 1084 796
2821 1351 1570
2822 720 1914
2823 2112 2119
2824 1366 2286
2825 1815 2215
2826 1635 1611
2827 1824 1816
2828 1624 661
2829 1983 1976
2830 1599 743
2831 666 1668
2832 834 2493
2833 2214 1119
2834 1530 1616
2835 1030 1727
2836 1540 1355
2837 1854 1491
2838 2131 1313
2839 936 1719
2840 1368 1905
2841 833 1555
2842 1041 1890
2843 1407 1117
2844 1698 884
2845 1742 2051
2846 1864 1066
2847 1278 1157
2848 1339 2026
2849 743 786
2850 1843 1206
2851 1350 1920
2852 545 1672
2853 848 1252
2854 1115 1574
2855 1563 2434
2856 1532 1245
2857 2611 1052
2858 1695 1895
2859 1273 1871
2860 2126 1177
2861 254 1959
2862 1049 1483
2863 1508 1018
2864 1969 1115
2865 1341 1313
2866 1109 1674
2867 2415 2154
2868 1662 745
2869 999 1911
2870 1393 698
2871 1691 1869
2872 1926 1234
2873 1893 1930
2874 1696 1028
2875 2063 1049
2876 921 2358
2877 2437 1409
2878 1163 1233
2879 2102 1542
2880 1087 994
2881 1237 663
2882 2622 1241
2883 1126 1897
2884 2136 2290
2885 609 1038
2886 1389 639
2887 1488 1919
2888 1519 391
2889 2380 769
2890 570 496
2891 818 954
2892 2224 939
2893 1339 2125
2894 1566 1271
2895 725 1253
2896 2435 1453
2897 805 2305
2898 2251 2281
2899 897 1287
2900 2102 1331
2901 1546 889
2902 1399 1265
2903 1792 1011
2904 1169 1118
2905 1711 1504
2906 1628 1092
2907 1392 1570
2908 1207 1633
2909 1839 1331
2910 1862 289
2911 1392 1305
2912 1189 1488
2913 929 2259
2914 2143 1606
2915 1859 1221
2916 2321 1552
2917 1408 1413
2918 1959 1745
2919 1294 1524
2920 1559 1835
2921 1087 1124
2922 1600 1561
2923 2146 1095
2924 965 747
2925 2137 1407
2926 1383 1344
2927 1924 1466
2928 1446 1880
2929 1342 1818
2930 1662 1562
2931 1907 1824
2932 417 1393
2933 1488 705
2934 2329 1853
2935 2689 1838
2936 998 2009
2937 1814 2046
2938 2735 1341
2939 1950 2207
2940 1744 1502
2941 1190 2139
2942 1613 623
2943 598 1077
2944 825 1848
2945 1644 1714
2946 1250 1567
2947 1242 924
2948 1871 1541
2949 2080 883
2950 1680 731
2951 888 1017
2952 1338 1475
2953 1708 1651
2954 1517 2151
2955 502 472
2956 1413 1679
2957 1768 1579
2958 1532 1666
2959 1038 2087
2960 1331 1111
2961 1077 1033
2962 1139 2312
2963 1676 2778
2964 1361 2240
2965 1586 2239
2966 1550 1683
2967 1578 1046
2968 1904 1995
2969 2304 1620
2970 1159 459
2971 1304 1421
2972 1856 1242
2973 1498 1011
2974 1803 1856
2975 2049 650
2976 1507 1053
2977 1599 1676
2978 2139 1394
2979 2117 1689
2980 1561 2056
2981 2530 2310
2982 1446 1443
2983 339 1275
2984 2403 1218
2985 1621 1680
2986 1242 2129
2987 1609 1397
2988 1545 1966
2989 1539 1537
2990 1896 814
2991 2046 2113
2992 1582 557
2993 1683 984
2994 1677 1298
2995 664 1933
2996 2032 1681
2997 887 835
2998 1738 2069
2999 1491 330
3000 2375 1587
3001 974 2056
3002 957 1482
3003 1181 811
3004 1687 1588
3005 714 2591
3006 1391 1015
3007 1030 1868
3008 786 281
3009 1417 1628
3010 1635 1913
3011 1028 1047
3012 1514 1105
3013 2123 1684
3014 644 2770
3015 790 1280
3016 2318 1493
3017 1401 1068
3018 1777 2030
3019 692 2003
3020 1750 2489
3021 1393 1193
3022 618 1670
3023 899 1960
3024 1481 1268
3025 1037 631
3026 1224 1044
3027 1322 1716
3028 1111 1723
3029 2230 1167
3030 1753 1579
3031 415 1932
3032 2147 1381
3033 1515 1091
3034 1732 1754
3035 1292 1541
3036 1006 1996
3037 930 461
3038 635 1124
3039 1189 1893
3040 1783 1488
3041 1563 533
3042 1502 2351
3043 1023 1446
3044 1686 1169
3045 2294 1864
3046 1246 1691
3047 1174 1344
3048 577 766
3049 2125 2083
3050 1609 1224
3051 1558 2216
3052 2057 204
3053 1626 2143
3054 1608 1886
3055 1451 2128
3056 832 151
3057 1744 1803
3058 2343 2252
3059 2191 1642
3060 1960 740
3061 1551 787
3062 655 2018
3063 1448 2476
3064 2001 1849
3065 1308 857
3066 425 2309
3067 1371 2481
3068 1614 1466
3069 1821 1234
3070 1218 1903
3071 964 814
3072 1240 1461
3073 1032 1588
3074 1542 1758
3075 1920 1611
3076 1119 1272
3077 844 335
3078 928 1593
3079 1189 1234
3080 2012 1072
3081 1281 766
3082 2045 1908
3083 1764 1965
3084 1090 2044
3085 985 1248
3086 605 1358
3087 1424 1690
3088 1625 1321
3089 1318 1088
3090 1172 1815
3091 1073 2498
3092 2087 673
3093 662 1498
3094 1864 2555
3095 917 1469
3096 890 1919
3097 1588 1576
3098 2026 1765
3099 2607 2342
3100 1466 2359
3101 1013 1385
3102 1988 1191
3103 1716 1104
3104 760 2400
3105 789 2541
3106 622 1326
3107 1219 1761
3108 1489 811
3109 1690 1488
3110 1101 1669
3111 1701 1273
3112 1719 2192
3113 1145 883
3114 1457 1238
3115 1968 862
3116 1447 1275
3117 1422 1759
3118 1131 2227
3119 1499 1201
3120 1982 1397
3121 1327 2075
3122 1342 1925
3123 2243 1443
3124 947 1736
3125 2070 2056
3126 1730 1247
3127 1828 1481
3128 2503 1660
3129 1815 963
3130 1313 2610
3131 1931 2052
3132 1830 899
3133 1404 1711
3134 1408 912
3135 2859 1734
3136 1109 1108
3137 1287 2596
3138 711 2209
3139 1361 1614
3140 2531 716
3141 893 889
3142 1051 1831
3143 1401 953
3144 1030 535
3145 1826 2028
3146 940 1419
3147 1799 1625
3148 1573 1450
3149 996 1417
3150 1206 1284
3151 914 1596
3152 2169 2138
3153 547 438
3154 714 1962
3155 1544 1616
3156 1387 692
3157 1925 664
3158 1787 1842
3159 2184 1870
3160 1430 1008
3161 2019 1259
3162 1121 1305
3163 1798 1564
3164 2345 2097
3165 1752 2338
3166 1913 1597
3167 1778 1912
3168 1639 2156
3169 826 1060
3170 1999 1360
3171 893 1547
3172 2248 350
3173 1052 2061
3174 1939 1950
3175 1956 1789
3176 1611 1088
3177 1014 1457
3178 1337 1014
3179 1441 2131
3180 1884 1119
3181 2762 1614
3182 1422 1195
3183 783 1848
3184 2050 1116
3185 1070 1948
3186 1942 1737
3187 1925 1155
3188 2274 774
3189 2343 1385
3190 1861 2293
3191 2057 1228
3192 1759 915
3193 1773 1537
3194 1137 2579
3195 1636 1591
3196 1284 1263
3197 1285 2198
3198 969 1675
3199 1575 769
3200 1416 541
3201 1374 1448
3202 1629 802
3203 535 1929
3204 907 1874
3205 1441 1502
3206 1025 1228
3207 2516 1105
3208 805 1291
3209 688 1514
3210 2045 1272
3211 2092 1853
3212 2002 1117
3213 1653 664
3214 711 654
3215 1382 563
3216 688 739
3217 1937 1916
3218 1495 1500
3219 1705 2179
3220 1508 1017
3221 1700 1468
3222 659 2006
3223 1637 1451
3224 960 1477
3225 1117 1016
3226 1844 890
3227 1303 2162
3228 1266 1983
3229 1149 2071
3230 1628 1631
3231 1405 1852
3232 695 1716
3233 1442 773
3234 1266 1545
3235 1427 1781
3236 1372 1034
3237 2068 734
3238 2140 1260
3239 1199 961
3240 1694 1624
3241 1288 1885
3242 1350 1199
3243 1456 1458
3244 1883 2106
3245 1627 1386
3246 881 1379
3247 2290 1893
3248 1281 834
3249 1653 1279
3250 1506 1301
3251 1804 1312
3252 1850 1600
3253 951 1813
3254 2180 1948
3255 1526 1903
3256 1683 1522
3257 1431 893
3258 1059 1652
3259 492 1963
3260 1532 718
3261 1765 1344
3262 2030 1218
3263 1683 1462
3264 1939 1520
3265 1759 1598
3266 1946 2150
3267 869 2405
3268 1562 1235
3269 1782 1191
3270 2261 2318
3271 993 703
3272 1885 2398
3273 1622 1397
3274 2039 1893
3275 1650 1479
3276 1050 1941
3277 1819 1883
3278 2025 808
3279 1753 1573
3280 1426 290
3281 1610 1994
3282 1163 1191
3283 1476 1221
3284 2287 1900
3285 1705 1343
3286 1817 879
3287 1931 684
3288 1132 1510
3289 1357 1373
3290 979 1767
3291 1436 1225
3292 1121 1203
3293 516 969
3294 2021 499
3295 1583 926
3296 1695 1522
3297 1683 883
3298 956 1851
3299 1256 1621
3300 1310 1802
3301 1666 2252
3302 684 2469
3303 2296 1772
3304 558 1858
3305 1061 1075
3306 1734 1430
3307 1057 1106
3308 1849 1824
3309 1549 2529
3310 1393 1627
3311 1609 1747
3312 1006 2226
3313 746 2604
3314 1429 2112
3315 796 1448
3316 894 1009
3317 475 1437
3318 2481 1203
3319 1438 2230
3320 1485 2023
3321 1163 1076
3322 1549 602
3323 2201 1770
3324 1474 1530
3325 1448 937
3326 1866 1211
3327 488 987
3328 1200 1460
3329 1377 1670
3330 622 861
3331 2381 1711
3332 1953 1421
3333 2087 1928
3334 1593 1542
3335 778 1478
3336 1909 1344
3337 1736 1236
3338 1276 1800
3339 2152 2417
3340 1632 1666
3341 2093 2074
3342 549 1004
3343 1478 1079
3344 1468 1757
3345 1776 1508
3346 1298 2164
3347 1364 1672
3348 1969 1622
3349 1771 936
3350 1582 1260
3351 914 2295
3352 2071 532
3353 1436 1440
3354 1421 1469
3355 1633 1709
3356 801 308
3357 1631 1536
3358 2091 1714
3359 1430 1626
3360 1642 1953
3361 2045 1067
3362 719 1227
3363 1584 1131
3364 2019 841
3365 1279 1243
3366 1184 574
3367 1631 2015
3368 1563 2143
3369 1458 1621
3370 2109 1520
3371 1039 1645
3372 2327 1567
3373 1211 1238
3374 1657 1858
3375 1365 1237
3376 1043 326
3377 650 1769
3378 1692 287
3379 2129 2197
3380 1643 2076
3381 1717 1573
3382 1726 2042
3383 766 1240
3384 1173 1600
3385 701 1526
3386 1205 1829
3387 789 1544
3388 1851 1999
3389 2001 667
3390 1295 1722
3391 1025 1105
3392 963 1356
3393 542 887
3394 1278 1904
3395 2359 888
3396 1329 2245
3397 1520 1871
3398 1742 1201
3399 1443 752
3400 2188 1539
3401 1980 1932
3402 2709 925
3403 1369 1751
3404 1029 1139
3405 1388 1629
3406 2381 674
3407 622 1688
3408 2312 1177
3409 929 2288
3410 999 2444
3411 2106 1503
3412 1512 745
3413 1605 1932
3414 1893 2122
3415 613 881
3416 841 1775
3417 2278 753
3418 791 1573
3419 1868 928
3420 2056 1518
3421 1269 1343
3422 1162 1695
3423 1353 1996
3424 1398 1500
3425 1159 2133
3426 517 1715
3427 2009 2330
3428 1342 733
3429 1184 238
3430 1807 1615
3431 1762 1506
3432 1768 2279
3433 1794 1785
3434 1427 601
3435 1450 1228
3436 1579 2335
3437 2123 1230
3438 1607 1681
3439 927 1993
3440 2065 594
3441 1666 1743
3442 1648 1926
3443 2638 2123
3444 718 2389
3445 1009 1238
3446 841 2099
3447 1367 752
3448 924 1167
3449 1748 1867
3450 2194 2104
3451 899 1995
3452 1272 1487
3453 1801 1524
3454 1403 509
3455 1164 750
3456 2171 715
3457 2174 1035
3458 1276 2276
3459 2187 1630
3460 1937 1144
3461 1765 1673
3462 1301 880
3463 829 1173
3464 1388 1641
3465 938 1971
3466 2201 2042
3467 1179 438
3468 1885 1939
3469 2595 513
3470 1312 1440
3471 1943 1484
3472 819 1665
3473 1202 1132
3474 2306 1237
3475 1335 1124
3476 1752 1099
3477 2010 2218
3478 1614 1548
3479 1192 1831
3480 960 2163
3481 1448 1322
3482 2215 558
3483 1564 1435
3484 1505 901
3485 1303 1363
3486 1141 1473
3487 2298 895
3488 1756 1878
3489 955 1288
3490 1222 570
3491 1432 1819
3492 1217 2318
3493 1348 1752
3494 1388 2027
3495 1548 652
3496 2241 1784
3497 1290 2055
3498 1351 1134
3499 879 1159
3500 1191 2017
3501 2223 1692
3502 2540 1929
3503 2519 1807
3504 1689 1377
3505 1753 1142
3506 1879 1271
3507 1315 560
3508 1316 905
3509 2080 2002
3510 2027 1749
3511 912 942
3512 1438 1861
3513 1196 872
3514 1639 219
3515 782 1307
3516 2456 1545
3517 1599 1339
3518 1178 1683
3519 1449 1414
3520 2601 1160
3521 2353 2151
3522 1169 1618
3523 890 1822
3524 2171 2260
3525 1501 2585
3526 409 797
3527 1091 2161
3528 985 1736
3529 1830 1961
3530 1311 1789
3531 2108 1586
3532 1789 2117
3533 1913 1076
3534 641 1495
3535 1852 1381
3536 1869 1795
3537 1177 1606
3538 422 1538
3539 1832 1684
3540 1241 1517
3541 1551 1179
3542 1370 1433
3543 1538 1551
3544 1714 1792
3545 1624 1371
3546 887 1192
3547 1211 997
3548 1208 748
3549 1355 1544
3550 1325 1657
3551 1183 1768
3552 2108 1713
3553 1704 2090
3554 1288 1084
3555 1728 1656
3556 1956 1187
3557 826 1766
3558 2339 361
3559 947 1099
3560 1781 2091
3561 2324 1216
3562 904 1636
3563 2091 2198
3564 1041 2120
3565 1506 687
3566 2131 1275
3567 1303 1859
3568 2215 1855
3569 1123 1499
3570 1999 593
3571 498 1684
3572 1117 1126
3573 1304 1471
3574 1378 2220
3575 2226 1902
3576 2762 1322
3577 1145 978
3578 1546 1715
3579 1454 1784
3580 1168 1320
3581 1600 1997
3582 1046 1416
3583 1177 619
3584 1334 1573
3585 1419 2241
3586 1713 2631
3587 1166 1081
3588 1523 981
3589 1117 2304
3590 1140 1502
3591 2618 2350
3592 1373 443
3593 2356 2128
3594 1160 2329
3595 961 2040
3596 634 1253
3597 1326 870
3598 909 1077
3599 1468 1683
3600 2278 1864
3601 1458 565
3602 1493 1282
3603 1911 1819
3604 1771 1343
3605 1008 1051
3606 1657 861
3607 1200 2096
3608 1502 2039
3609 2369 1550
3610 2214 2049
3611 1440 1582
3612 831 541
3613 662 1018
3614 994 1901
3615 1963 1146
3616 1198 2102
3617 2437 1087
3618 1349 1884
3619 1795 1185
3620 1563 2445
3621 1633 1222
3622 1570 1947
3623 706 1497
3624 2342 1513
3625 844 1921
3626 2340 1720
3627 1612 435
3628 918 994
3629 1776 2678
3630 1241 2096
3631 1032 1193
3632 1776 1169
3633 1019 1498
3634 2801 1603
3635 1674 1638
3636 2116 1015
3637 2300 1554
3638 1387 1826
3639 1091 1420
3640 1904 1912
3641 1604 1584
3642 1526 1868
3643 1262 1798
3644 1717 1592
3645 799 956
3646 1662 480
3647 2105 1310
3648 2347 884
3649 2205 703
3650 1754 1348
3651 1637 1433
3652 1030 580
3653 809 1514
3654 553 1234
3655 1799 1138
3656 1409 1408
3657 2083 1555
3658 1101 1926
3659 1632 397
3660 1811 798
3661 2152 1006
3662 408 1929
3663 1622 1642
3664 1434 1028
3665 2252 614
3666 1749 2580
3667 1263 2018
3668 2277 1076
3669 1243 1708
3670 1160 1539
3671 1356 2142
3672 2351 1610
3673 1894 1171
3674 1946 1806
3675 2539 1767
3676 2584 1315
3677 1368 1912
3678 1389 411
3679 1117 456
3680 1422 1168
3681 1233 556
3682 1325 1593
3683 1982 1666
3684 1316 1717
3685 1623 387
3686 2382 1211
3687 1531 1450
3688 792 1466
3689 1128 1534
3690 1091 2533
3691 2311 1367
3692 1085 1767
3693 1661 839
3694 2776 1645
3695 718 1925
3696 927 1709
3697 912 1816
3698 1804 806
3699 1958 1029
3700 1633 831
3701 1312 1148
3702 1527 1202
3703 2385 2360
3704 1850 1433
3705 1442 1586
3706 1368 1651
3707 2016 1615
3708 501 1374
3709 1665 1684
3710 1077 997
3711 1674 1872
3712 1491 1493
3713 1428 1645
3714 1995 1345
3715 1462 1463
3716 1496 2369
3717 1490 2211
3718 1517 1694
3719 1847 1574
3720 1935 1518
3721 1268 1656
3722 1182 1607
3723 1214 2115
3724 1806 920
3725 1016 1019
3726 1453 687
3727 1054 582
3728 1082 957
3729 1441 2704
3730 2116 1184
3731 948 1418
3732 1254 1674
3733 1483 2100
3734 1601 2137
3735 1996 2108
3736 888 699
3737 1327 1238
3738 2389 1981
3739 2090 2021
3740 2505 1945
3741 1854 1362
3742 1551 1231
3743 470 1223
3744 1520 1907
3745 2378 1456
3746 1276 1388
3747 2483 2415
3748 1552 2242
3749 2324 2159
3750 1381 1862
3751 1988 1669
3752 1413 1373
3753 1040 1447
3754 1913 2019
3755 1083 1627
3756 1742 2098
3757 1323 1686
3758 1234 1563
3759 1004 1246
3760 2046 1038
3761 747 1964
3762 1374 2229
3763 1318 1158
3764 1510 1348
3765 2108 1237
3766 1289 1605
3767 1066 1152
3768 948 1196
3769 1728 602
3770 1809 1216
3771 1894 1960
3772 2190 1731
3773 1842 1508
3774 1414 2098
3775 1176 1799
3776 935 1580
3777 2062 1257
3778 2079 734
3779 864 1284
3780 1732 1082
3781 2407 1979
3782 1713 1206
3783 1761 1497
3784 2252 1218
3785 1658 1305
3786 1302 1818
3787 1940 1424
3788 2144 1574
3789 1651 819
3790 1513 1624
3791 1515 1823
3792 1724 1660
3793 1274 1516
3794 2369 1805
3795 1182 1746
3796 1690 1857
3797 777 1351
3798 729 1333
3799 2260 2444
3800 1673 2010
3801 1349 1250
3802 1372 1613
3803 1161 1015
3804 1276 944
3805 1494 1477
3806 1813 1866
3807 1230 1188
3808 1937 997
3809 1180 1686
3810 2348 1662
3811 2277 1290
3812 1161 2144
3813 1170 1463
3814 1109 1193
3815 2037 2057
3816 2032 1504
3817 1772 1664
3818 1363 1501
3819 1146 1162
3820 787 607
3821 1236 944
3822 1758 2349
3823 1413 1395
3824 1992 1535
3825 1880 561
3826 1144 1721
3827 1618 2124
3828 865 967
3829 1153 727
3830 1059 924
3831 954 2251
3832 1260 674
3833 1360 1830
3834 966 1238
3835 670 1749
3836 1535 2616
3837 1777 1165
3838 1519 1682
3839 442 1807
3840 2492 1033
3841 2229 75
3842 1211 1027
3843 720 1661
3844 1526 1031
3845 2647 929
3846 1830 1558
3847 1888 1010
3848 694 1973
3849 1175 1658
3850 1689 1630
3851 1228 1457
3852 906 2345
3853 2396 1203
3854 2355 1788
3855 1640 1688
3856 543 2201
3857 1017 1494
3858 1523 746
3859 1176 333
3860 1807 2705
3861 837 1017
3862 1250 1315
3863 1004 1801
3864 904 2195
3865 2430 1313
3866 1475 974
3867 1822 902
3868 1367 2141
3869 2094 2230
3870 869 1091
3871 2333 1635
3872 1234 586
3873 1948 1685
3874 1842 1298
3875 79 1763
3876 1456 1491
3877 1501 1681
3878 1711 1553
3879 1827 1331
3880 872 1720
3881 1650 915
3882 1770 1850
3883 1567 901
3884 2090 503
3885 1871 1296
3886 1331 1783
3887 1680 1015
3888 1809 1172
3889 2014 2217
3890 1533 899
3891 1570 2299
3892 1566 1621
3893 964 689
3894 794 1506
3895 992 2794
3896 1671 1665
3897 1781 1705
3898 1062 1014
3899 1380 1170
3900 1925 2638
3901 1715 1976
3902 1924 1877
3903 2743 1950
3904 2035 2157
3905 847 1394
3906 2170 642
3907 1544 1144
3908 1670 1512
3909 2153 2659
3910 2104 1065
3911 1665 1556
3912 1399 2064
3913 1120 2400
3914 1225 2411
3915 931 1389
3916 1380 1556
3917 975 2137
3918 1346 1521
3919 1979 1538
3920 1134 797
3921 1769 1327
3922 1429 1437
3923 1586 1835
3924 843 1164
3925 1480 1201
3926 1815 924
3927 1060 1827
3928 1485 1753
3929 1701 1873
3930 1760 2189
3931 1716 2104
3932 1259 1596
3933 1589 1853
3934 1238 2161
3935 1759 1929
3936 1954 2080
3937 625 2043
3938 511 1685
3939 1075 1181
3940 966 1380
3941 1449 1769
3942 796 1893
3943 2321 1441
3944 1618 1798
3945 1208 1913
3946 610 2195
3947 1277 1408
3948 1024 722
3949 489 1547
3950 1357 2002
3951 1400 854
3952 1598 816
3953 2426 1451
3954 1130 1703
3955 1773 1377
3956 2176 1576
3957 995 1330
3958 1656 2437
3959 972 1913
3960 1422 1167
3961 1734 926
3962 497 903
3963 300 2350
3964 1196 1353
3965 1007 2404
3966 1064 1696
3967 2136 2137
3968 2072 1212
3969 1124 1801
3970 1385 563
3971 889 2072
3972 2532 1322
3973 1034 1798
3974 1801 997
3975 1622 909
3976 2373 1497
3977 1130 1223
3978 2160 2136
3979 1027 1331
3980 1354 1784
3981 1746 1883
3982 2245 1019
3983 1727 1138
3984 2631 1457
3985 1410 1050
3986 1415 1649
3987 1592 1469
3988 2210 2102
3989 1562 1724
3990 1565 2041
3991 1496 1866
3992 1727 2127
3993 1328 1613
3994 906 1888
3995 1258 1405
3996 2327 1954
3997 1061 616
3998 1401 1390
3999 1538 1962
4000 1011 1693
4001 1020 1436
4002 1066 1364
4003 1435 1033
4004 1596 1416
4005 1803 2194
4006 502 1254
4007 1327 967
4008 1669 970
4009 1397 1187
4010 1165 1392
4011 1646 616
4012 2134 980
4013 998 921
4014 1747 1248
4015 2262 1547
4016 1448 1918
4017 2315 913
4018 1712 1045
4019 1774 1618
4020 837 2651
4021 1293 1946
4022 1648 1642
4023 1310 1983
4024 2041 1381
4025 1347 1466
4026 472 1092
4027 982 1645
4028 1437 1216
4029 1615 1428
4030 1015 1188
4031 845 1413
4032 1557 729
4033 1338 2122
4034 1254 1017
4035 714 2058
4036 526 2406
4037 1799 1815
4038 347 685
4039 1413 1458
4040 2339 1229
4041 1435 801
4042 385 1960
4043 1355 2441
4044 1806 1502
4045 956 2442
4046 1769 2202
4047 1437 2397
4048 2155 2755
4049 1205 2373
4050 2045 1636
4051 1141 2215
4052 2474 1001
4053 1836 1898
4054 2089 829
4055 1892 2555
4056 1809 511
4057 1639 944
4058 1831 1481
4059 1848 997
4060 1652 1290
4061 820 1884
4062 1763 1822
4063 2732 1292
4064 2134 2093
4065 2057 1652
4066 1544 652
4067 958 1894
4068 1018 1302
4069 1296 1912
4070 1721 1355
4071 1175 1701
4072 2123 1959
4073 1419 858
4074 958 1969
4075 2295 1392
4076 1864 1861
4077 1864 1644
4078 1165 1583
4079 1619 1362
4080 1845 1677
4081 1508 2003
4082 959 1789
4083 1016 1432
4084 1097 1268
4085 1791 1698
4086 1181 1661
4087 1287 1284
4088 1281 1390
4089 772 1340
4090 1920 2192
4091 2064 2563
4092 1694 2314
4093 2198 1818
4094 1331 887
4095 1553 1755
4096 1510 2217
4097 1893 1279
4098 1388 1190
4099 1301 1355
4100 1509 2193
4101 1989 1768
4102 1231 1036
4103 2289 1384
4104 832 1691
4105 1695 936
4106 1541 1826
4107 1579 1624
4108 589 1719
4109 2054 936
4110 802 1391
4111 2647 2713
4112 1046 1410
4113 2679 1815
4114 1667 2001
4115 716 1232
4116 2234 1584
4117 2085 2046
4118 1905 1431
4119 1162 451
4120 959 1255
4121 1167 1111
4122 1483 1978
4123 1918 2418
4124 601 1870
4125 2074 839
4126 1028 2388
4127 1483 1299
4128 1882 2338
4129 1287 1142
4130 1731 2109
4131 1909 1223
4132 2030 1590
4133 941 2438
4134 1141 1264
4135 1551 2537
4136 867 1888
4137 1122 1455
4138 2433 1029
4139 1697 2012
4140 2297 1301
4141 844 1892
4142 1709 1819
4143 1591 1679
4144 2199 2619
4145 1782 1090
4146 1438 1408
4147 2245 1260
4148 896 703
4149 2395 1589
4150 1113 2096
4151 1835 694
4152 2745 724
4153 1662 2377
4154 1893 1059
4155 1758 1394
4156 640 2631
4157 1934 1843
4158 1814 2049
4159 1732 1968
4160 1481 1560
4161 1828 1289
4162 735 2253
4163 1405 1369
4164 1446 1576
4165 2299 1426
4166 1531 946
4167 2358 1017
4168 1996 2432
4169 812 285
4170 1718 2625
4171 2258 1329
4172 1994 2530
4173 1534 1199
4174 1957 1099
4175 696 822
4176 1864 1351
4177 1424 2033
4178 1641 664
4179 1417 1022
4180 2239 196
4181 1770 1705
4182 1608 1013
4183 1541 1607
4184 2455 1199
4185 1962 1096
4186 1343 648
4187 2478 1042
4188 1803 883
4189 1546 1286
4190 1770 1658
4191 1781 535
4192 927 1420
4193 1120 701
4194 1349 1817
4195 1694 1753
4196 2053 1256
4197 1266 1443
4198 1002 1172
4199 965 2436
4200 953 1062
4201 1013 596
4202 1986 1822
4203 1315 1443
4204 700 871
4205 896 1045
4206 1292 1034
4207 1874 1639
4208 889 2071
4209 1638 875
4210 2122 1532
4211 1299 1573
4212 2472 1266
4213 1979 1847
4214 925 1371
4215 815 813
4216 402 497
4217 965 1419
4218 297 1473
4219 1647 1575
4220 1324 1174
4221 1136 1111
4222 1706 2104
4223 1431 1134
4224 1954 2058
4225 1247 1552
4226 2013 1132
4227 1297 1155
4228 1645 2554
4229 2326 1596
4230 1222 1701
4231 929 2173
4232 1095 1646
4233 1659 1502
4234 2574 1333
4235 1788 549
4236 2057 1528
4237 1706 1632
4238 1493 1891
4239 2105 1512
4240 2509 1347
4241 1263 1572
4242 2099 336
4243 1774 1728
4244 1316 1909
4245 1666 355
4246 1035 1233
4247 1301 1725
4248 1678 902
4249 1659 968
4250 642 1015
4251 1967 1879
4252 473 1557
4253 2056 1595
4254 1107 1653
4255 1196 1735
4256 1937 1035
4257 980 1773
4258 2116 1908
4259 2210 954
4260 1259 1403
4261 418 1367
4262 1314 1441
4263 2121 1792
4264 1318 867
4265 1190 1373
4266 2278 1312
4267 412 2155
4268 822 1184
4269 1009 1376
4270 1621 1310
4271 1687 635
4272 1086 1537
4273 1378 2001
4274 2489 1386
4275 1177 1293
4276 1687 1166
4277 1701 1538
4278 1441 1543
4279 2357 1277
4280 2207 1785
4281 1952 2189
4282 1320 1789
4283 2085 1418
4284 647 702
4285 2158 1530
4286 1782 1285
4287 1803 1581
4288 1480 1258
4289 1254 1278
4290 2075 1668
4291 1851 1513
4292 1351 116
4293 2108 2303
4294 2050 1547
4295 1610 921
4296 2272 1110
4297 1140 1857
4298 1715 1896
4299 1000 1903
4300 743 1333
4301 1318 1226
4302 756 1087
4303 1236 1533
4304 2161 831
4305 1731 2206
4306 1547 1702
4307 247 1458
4308 1153 1221
4309 577 1362
4310 1497 1817
4311 1807 2368
4312 1906 1667
4313 2215 1418
4314 1571 1697
4315 916 740
4316 1550 2334
4317 2011 2192
4318 922 1189
4319 1324 1195
4320 1349 1257
4321 1185 1818
4322 1748 1460
4323 573 1176
4324 2243 1335
4325 1085 728
4326 1783 981
4327 774 849
4328 1656 2271
4329 1155 989
4330 792 2075
4331 1964 968
4332 592 1744
4333 1066 2540
4334 979 1979
4335 1547 1028
4336 1248 1021
4337 1722 1543
4338 2082 1415
4339 1639 1528
4340 1372 2703
4341 1194 1476
4342 1120 1351
4343 1407 1231
4344 588 2320
4345 1410 1578
4346 1571 885
4347 1828 818
4348 1592 1340
4349 1285 1804
4350 1663 1230
4351 1101 1668
4352 968 1732
4353 1406 1181
4354 1349 2442
4355 1800 1529
4356 1308 1905
4357 1931 2138
4358 936 2013
4359 1149 1540
4360 1174 844
4361 2345 1580
4362 1971 1662
4363 1243 1944
4364 257 868
4365 1146 872
4366 1501 848
4367 1296 729
4368 1981 1736
4369 1580 1901
4370 1606 1819
4371 1059 1636
4372 574 1367
4373 1644 923
4374 1095 1795
4375 924 1317
4376 1147 1654
4377 686 1224
4378 1543 1415
4379 1260 1235
4380 2157 2411
4381 1654 793
4382 1710 2294
4383 1393 1460
4384 1962 1330
4385 2384 1617
4386 1117 560
4387 1185 1704
4388 949 855
4389 818 1685
4390 1085 2217
4391 2375 1405
4392 1006 1227
4393 1885 2197
4394 1819 1990
4395 1951 894
4396 1837 855
4397 1323 1938
4398 1630 1414
4399 1880 1304
4400 553 1922
4401 1134 1113
4402 1500 533
4403 1394 1585
4404 1376 1621
4405 643 1976
4406 1878 1457
4407 1177 2166
4408 1425 2365
4409 1600 1368
4410 777 1725
4411 1370 1691
4412 2124 1510
4413 1073 2032
4414 2049 1699
4415 2401 1941
4416 1882 788
4417 2227 2143
4418 1737 2288
4419 2015 1082
4420 2006 1492
4421 1574 1723
4422 1462 1768
4423 2457 1925
4424 815 2132
4425 1553 1296
4426 2307 1712
4427 1598 1264
4428 1920 1282
4429 2442 2046
4430 2225 1788
4431 2066 1156
4432 2826 1988
4433 367 851
4434 1391 1542
4435 811 1198
4436 1128 1108
4437 1282 1560
4438 967 705
4439 1472 1988
4440 1268 1680
4441 1774 1825
4442 1757 936
4443 853 1782
4444 1154 1842
4445 2114 1683
4446 1579 1497
4447 702 1419
4448 1251 628
4449 619 1342
4450 1154 830
4451 2111 2218
4452 1773 1232
4453 1161 2079
4454 2284 1266
4455 1331 916
4456 1919 1599
4457 1625 1723
4458 828 1182
4459 1885 1293
4460 1719 1655
4461 1296 296
4462 1595 2175
4463 2154 1150
4464 986 1419
4465 950 1993
4466 588 1672
4467 825 1496
4468 1828 2118
4469 1582 1182
4470 2180 1306
4471 733 797
4472 955 1421
4473 2285 1426
4474 1395 1948
4475 2124 1022
4476 2143 627
4477 1713 1576
4478 1990 1844
4479 965 830
4480 679 2408
4481 1983 826
4482 1716 2423
4483 1243 699
4484 1940 1785
4485 1491 2023
4486 1930 1132
4487 1864 1860
4488 1063 1824
4489 679 2339
4490 1586 1707
4491 1425 1387
4492 1337 1088
4493 922 964
4494 1455 1710
4495 1951 1121
4496 1169 874
4497 1473 1201
4498 2436 2539
4499 1507 1754
4500 1037 2200
4501 1802 1886
4502 1640 743
4503 962 864
4504 1510 1068
4505 1348 1995
4506 629 931
4507 2077 1701
4508 1863 266
4509 1569 1338
4510 1359 813
4511 1702 1762
4512 2014 682
4513 1645 1730
4514 1124 1942
4515 1889 1778
4516 2083 1289
4517 1196 1750
4518 1041 1316
4519 1414 255
4520 1348 2792
4521 1134 1825
4522 1189 1212
4523 2237 990
4524 2751 1514
4525 1504 1211
4526 2081 1411
4527 1393 756
4528 1901 1836
4529 1655 791
4530 2047 1777
4531 2105 1068
4532 1105 923
4533 1218 1144
4534 1389 1928
4535 1644 2218
4536 783 1973
4537 1924 1595
4538 1242 1857
4539 773 637
4540 2310 973
4541 1130 844
4542 1229 983
4543 1682 1309
4544 1569 2259
4545 1106 2343
4546 1437 2270
4547 1659 2424
4548 1497 1560
4549 2568 1314
4550 1652 1838
4551 1356 1834
4552 2057 1307
4553 1453 939
4554 1490 1333
4555 1902 1545
4556 1064 2025
4557 1472 1276
4558 758 1545
4559 813 1219
4560 1056 1520
4561 1863 1730
4562 1713 2087
4563 715 1334
4564 1142 1433
4565 717 807
4566 1321 1652
4567 2444 2016
4568 2140 1338
4569 1913 1090
4570 1260 2302
4571 1175 1977
4572 1340 1378
4573 1586 1728
4574 1323 224
4575 1324 2130
4576 2270 1538
4577 1869 1769
4578 2119 1246
4579 1383 808
4580 1133 1754
4581 1153 1375
4582 1907 1547
4583 1766 2235
4584 1702 720
4585 1421 1338
4586 1097 1586
4587 373 1498
4588 1271 1903
4589 2010 608
4590 1464 1494
4591 769 1475
4592 1419 1287
4593 1875 1679
4594 1783 1011
4595 353 1721
4596 1000 1223
4597 1540 1036
4598 1443 1281
4599 1618 1740
4600 1285 619
4601 2117 1657
4602 1674 1589
4603 2594 2634
4604 1244 1897
4605 1648 1470
4606 2284 1656
4607 1918 2083
4608 875 1277
4609 1024 1209
4610 1750 1497
4611 1777 1618
4612 2335 959
4613 1367 2451
4614 894 1766
4615 1249 2163
4616 1071 1819
4617 1028 1467
4618 2099 653
4619 607 1157
4620 1985 1593
4621 927 676
4622 1467 2410
4623 1324 626
4624 1051 1147
4625 1174 1301
4626 1427 2239
4627 1509 1372
4628 1232 1341
4629 1080 1861
4630 1598 1907
4631 991 917
4632 2063 1165
4633 1881 1814
4634 2129 1432
4635 1744 615
4636 1610 1684
4637 1821 1607
4638 1901 1215
4639 1524 611
4640 1324 1268
4641 1504 1292
4642 1645 1167
4643 1376 1330
4644 1055 1356
4645 1845 912
4646 1802 1677
4647 1164 2214
4648 1112 994
4649 1103 1065
4650 2554 1826
4651 1677 1945
4652 1112 760
4653 1672 1020
4654 1854 1824
4655 1542 715
4656 999 1439
4657 1112 2132
4658 1611 1753
4659 2812 1017
4660 1762 1902
4661 1108 2043
4662 2341 1249
4663 2268 1671
4664 1721 2111
4665 1056 1156
4666 636 1327
4667 1862 2175
4668 1481 2681
4669 1397 2121
4670 1815 989
4671 2253 1027
4672 1074 1175
4673 1893 2058
4674 450 1044
4675 1134 1302
4676 2166 639
4677 983 495
4678 1407 1557
4679 1493 1595
4680 1275 2228
4681 1316 1798
4682 1383 1169
4683 2135 2007
4684 1859 1461
4685 1658 1408
4686 1377 1547
4687 1451 2474
4688 1029 1978
4689 753 1657
4690 719 2330
4691 2258 970
4692 2367 1780
4693 1176 1572
4694 2276 1564
4695 1654 1916
4696 1313 1431
4697 1950 1139
4698 960 1512
4699 1788 910
4700 825 984
4701 1604 1686
4702 1816 1668
4703 2184 2134
4704 1741 2661
4705 1456 1398
4706 803 1778
4707 591 593
4708 1471 1164
4709 524 2198
4710 1362 914
4711 1401 1584
4712 1736 1579
4713 2110 1703
4714 1738 2213
4715 1478 1864
4716 1903 1801
4717 1131 1273
4718 1748 1954
4719 2470 2052
4720 660 693
4721 2165 2118
4722 1763 2561
4723 1106 565
4724 1404 2271
4725 1746 1424
4726 755 1015
4727 1892 1377
4728 737 1655
4729 1215 530
4730 1334 1338
4731 1033 643
4732 1775 1617
4733 1275 1350
4734 908 2369
4735 817 1244
4736 2761 1216
4737 1249 1833
4738 2145 1370
4739 1747 1973
4740 2123 2081
4741 1940 1915
4742 601 992
4743 1845 1217
4744 850 1687
4745 1427 1555
4746 2098 1115
4747 2217 1417
4748 1041 1371
4749 893 1423
4750 2146 1901
4751 2038 1672
4752 1920 1510
4753 1089 800
4754 1119 1608
4755 965 1593
4756 1944 1364
4757 1631 1602
4758 1194 1163
4759 1264 2007
4760 959 746
4761 2040 1553
4762 1382 1048
4763 2282 649
4764 1748 1674
4765 2110 465
4766 1569 1276
4767 2009 1980
4768 1479 1966
4769 1789 1282
4770 1986 1181
4771 1557 1056
4772 1813 1618
4773 1783 1561
4774 1942 1020
4775 1546 1958
4776 1919 1050
4777 651 1879
4778 1510 1681
4779 1387 721
4780 2253 1782
4781 1569 1513
4782 941 1704
4783 1082 1643
4784 1463 769
4785 997 1782
4786 1356 1450
4787 1147 1387
4788 1750 1663
4789 1981 1981
4790 1245 1388
4791 481 1361
4792 1126 869
4793 1446 1800
4794 985 1923
4795 1126 2307
4796 1060 496
4797 988 1022
4798 1426 1392
4799 1534 1628
4800 1385 1940
4801 1683 864
4802 1207 1201
4803 1456 488
4804 1097 1549
4805 2192 635
4806 1090 1448
4807 1730 2147
4808 1314 1580
4809 1356 218
4810 1577 1167
4811 1783 972
4812 2062 931
4813 1968 1869
4814 1234 2372
4815 479 1352
4816 1585 1155
4817 1042 963
4818 1358 1215
4819 1088 842
4820 1147 1367
4821 773 1294
4822 1212 1492
4823 589 1040
4824 1781 1935
4825 1557 1071
4826 660 1066
4827 2116 1452
4828 1404 1266
4829 1837 2009
4830 2203 1224
4831 1949 2623
4832 905 1557
4833 980 643
4834 1888 1798
4835 1066 1507
4836 1606 2238
4837 1414 1593
4838 1943 1807
4839 1549 1756
4840 1405 1898
4841 1056 1743
4842 1010 2117
4843 1253 1605
4844 1595 682
4845 1667 1808
4846 1153 1471
4847 1510 1302
4848 2561 1478
4849 1805 1924
4850 1800 471
4851 1390 1960
4852 1044 1937
4853 1612 1564
4854 1570 900
4855 1453 1373
4856 568 963
4857 2325 1088
4858 1210 1565
4859 965 1961
4860 1212 1908
4861 1478 944
4862 2098 1510
4863 2192 1164
4864 657 1148
4865 1575 1945
4866 1535 2341
4867 2034 2577
4868 2278 1762
4869 1616 977
4870 1053 1358
4871 1803 1115
4872 2196 1177
4873 1881 1621
4874 1048 1086
4875 911 464
4876 2042 834
4877 359 1473
4878 1315 1938
4879 1279 1530
4880 1768 839
4881 1146 1504
4882 776 2363
4883 1349 1416
4884 1088 1979
4885 899 1243
4886 1313 816
4887 1275 1317
4888 2067 2104
4889 1556 1405
4890 1573 1872
4891 907 1337
4892 1565 664
4893 1532 1620
4894 1858 1047
4895 1940 712
4896 1680 1594
4897 1077 601
4898 631 2284
4899 1537 1664
4900 2453 1001
4901 1745 1800
4902 964 612
4903 1696 768
4904 1210 1377
4905 1001 890
4906 1746 1374
4907 495 1379
4908 1310 1980
4909 1859 1707
4910 1510 2494
4911 1955 1239
4912 981 1376
4913 1444 139
4914 1388 1692
4915 1149 1919
4916 1450 1387
4917 1845 911
4918 850 1937
4919 1634 1447
4920 1512 762
4921 1090 1996
4922 1260 2038
4923 1697 1265
4924 1412 1884
4925 1077 1067
4926 1968 916
4927 2383 1775
4928 1419 719
4929 1726 2333
4930 2165 1547
4931 2027 2026
4932 1711 1402
4933 2126 1142
4934 2077 658
4935 798 782
4936 1185 2342
4937 2107 2156
4938 1328 747
4939 2132 1132
4940 1338 2607
4941 1913 1875
4942 1483 862
4943 1688 1491
4944 1160 1268
4945 1530 1634
4946 1190 1556
4947 2321 936
4948 2168 1343
4949 2465 2246
4950 1128 1511
4951 1900 454
4952 1107 951
4953 1931 1465
4954 1030 1996
4955 1214 1403
4956 1050 1546
4957 1410 1718
4958 2386 1613
4959 1546 1104
4960 1512 1366
4961 1467 1558
4962 2400 1446
4963 1632 2351
4964 1512 819
4965 2376 1319
4966 1539 1480
4967 808 1194
4968 1890 1691
4969 1913 364
4970 2221 1893
4971 1207 1801
4972 974 599
4973 1601 1379
4974 1552 613
4975 2121 1123
4976 1512 1626
4977 1755 2110
4978 1958 2378
4979 1935 1502
4980 975 845
4981 1663 1230
4982 1954 1574
4983 1577 1427
4984 1619 2060
4985 1486 1434
4986 1639 1729
4987 1490 1179
4988 1244 1286
4989 1996 1640
4990 951 1472
4991 1018 1046
4992 1703 1141
4993 1687 1905
4994 1730 1106
4995 1418 1823
4996 2223 923
4997 1632 1790
4998 949 1830
4999 1675 1913
5000 1765 1357
5001 1437 1898
5002 1809 1755
5003 1510 2050
5004 1663 832
5005 481 1294
5006 1097 1269
5007 1525 1552
5008 1740 2140
5009 1632 1420
5010 937 1833
5011 507 1657
5012 1726 2000
5013 1541 1351
5014 1860 1847
5015 1256 1405
5016 2123 2156
5017 1632 1672
5018 428 2119
5019 1535 941
5020 1134 1226
5021 1852 1961
5022 1396 1261
5023 1508 781
5024 2062 1223
5025 2530 753
5026 1420 1243
5027 610 1954
5028 1137 1121
5029 1963 690
5030 1956 1814
5031 1928 1382
5032 1007 2420
5033 1882 1595
5034 1694 2033
5035 1518 1179
5036 1718 1632
5037 730 2260
5038 1484 1672
5039 1569 1543
5040 1529 1886
5041 1175 1283
5042 1704 2037
5043 1931 1614
5044 904 1905
5045 1656 1997
5046 1089 1196
5047 1317 1742
5048 1523 2238
5049 1079 1521
5050 1888 1939
5051 1691 2321
5052 2261 1382
5053 1401 1188
5054 576 1734
5055 1525 2053
5056 956 1847
5057 2007 1316
5058 1618 986
5059 2113 889
5060 1773 1848
5061 2301 1078
5062 1777 1606
5063 1263 1888
5064 2475 2324
5065 1918 996
5066 1721 1533
5067 1750 1977
5068 2083 1301
5069 1708 1438
5070 1062 2409
5071 1622 770
5072 1962 1408
5073 733 924
5074 1822 1861
5075 2105 1158
5076 371 1791
5077 1562 2227
5078 987 1001
5079 1863 551
5080 1784 1500
5081 2177 2370
5082 860 1612
5083 1471 1357
5084 1726 1227
5085 2246 1954
5086 1522 1056
5087 2076 607
5088 1453 616
5089 1342 1009
5090 1203 1099
5091 1742 596
5092 720 880
5093 2222 1000
5094 1548 1026
5095 1471 2141
5096 1427 2212
5097 1451 1941
5098 1669 739
5099 1407 1468
5100 1574 819
5101 834 1294
5102 1879 1282
5103 1777 1500
5104 1918 2582
5105 1557 2245
5106 2120 1719
5107 1006 1963
5108 1578 1575
5109 1109 1869
5110 1400 1248
5111 1602 2206
5112 474 428
5113 2050 1301
5114 1998 2744
5115 1476 1597
5116 459 1550
5117 1250 1848
5118 1969 1669
5119 897 2091
5120 1078 2470
5121 756 697
5122 1705 1446
5123 1429 2445
5124 2408 1683
5125 1330 1525
5126 922 1523
5127 925 1116
5128 1267 576
5129 1029 760
5130 1797 1622
5131 752 781
5132 1992 1515
5133 1614 1114
5134 1144 2005
5135 2414 1673
5136 2702 1714
5137 1693 1944
5138 2344 1248
5139 2317 2088
5140 695 1622
5141 1416 1810
5142 1885 1403
5143 2140 1833
5144 1344 1287
5145 566 1638
5146 1523 1542
5147 1116 1831
5148 1430 1796
5149 2891 1351
5150 773 2223
5151 656 1431
5152 1247 1197
5153 999 682
5154 1560 901
5155 2343 1764
5156 1639 1874
5157 1143 1080
5158 853 1334
5159 1183 1880
5160 1408 1657
5161 2170 2285
5162 1652 1767
5163 1111 1340
5164 971 2538
5165 2399 1692
5166 1123 1891
5167 1299 1006
5168 880 1210
5169 2064 1090
5170 1229 1186
5171 2025 1965
5172 747 1013
5173 1436 1483
5174 1034 699
5175 1293 1597
5176 1641 1589
5177 1078 1110
5178 1422 1433
5179 2389 1048
5180 2390 1630
5181 998 1308
5182 554 1559
5183 1249 1725
5184 1546 2085
5185 1791 1817
5186 1049 681
5187 835 1823
5188 1874 1018
5189 1865 2105
5190 2115 1479
5191 1644 2142
5192 1631 1418
5193 1362 1171
5194 1786 1079
5195 1891 1962
5196 2071 983
5197 1588 2520
5198 881 1865
5199 1675 2452
5200 703 685
5201 559 1100
5202 2352 1349
5203 888 1407
5204 1520 2353
5205 1397 1366
5206 422 1637
5207 2010 2195
5208 1303 1759
5209 1405 1424
5210 891 2365
5211 2010 1770
5212 1116 1573
5213 1851 287
5214 1378 1468
5215 1476 626
5216 936 1628
5217 1286 1832
5218 1754 1291
5219 1480 1368
5220 1949 2613
5221 1397 650
5222 1625 850
5223 989 1162
5224 211 1401
5225 1576 883
5226 1984 1666
5227 1649 1643
5228 1679 360
5229 1846 1151
5230 1987 778
5231 1087 1499
5232 1967 881
5233 1673 2224
5234 1146 1217
5235 1619 1397
5236 1201 2205
5237 2328 2275
5238 1327 969
5239 1485 2515
5240 951 601
5241 1520 272
5242 1373 669
5243 1637 1697
5244 1783 1425
5245 1986 919
5246 2017 2131
5247 1678 2381
5248 2198 1485
5249 2082 1548
5250 1534 2690
5251 2028 1740
5252 1689 1532
5253 1910 1517
5254 1192 1270
5255 1789 585
5256 1215 1436
5257 1921 1952
5258 1427 2029
5259 1630 1184
5260 1245 1378
5261 1303 1122
5262 1144 1801
5263 1552 1536
5264 2438 2011
5265 891 1398
5266 1776 1038
5267 1781 2249
5268 1763 1483
5269 1392 2105
5270 1218 1723
5271 1019 2210
5272 1872 1246
5273 1204 801
5274 1343 1063
5275 2182 622
5276 359 1079
5277 1163 1273
5278 1647 2702
5279 1738 1672
5280 2037 572
5281 670 398
5282 1197 1584
5283 2282 707
5284 900 1669
5285 263 1606
5286 1034 1491
5287 2187 1654
5288 1802 1732
5289 1840 1520
5290 1222 1673
5291 1083 867
5292 1454 716
5293 1364 1010
5294 1163 1197
5295 1872 1479
5296 2172 1122
5297 2631 1856
5298 1948 1146
5299 1966 2081
5300 2129 994
5301 1703 1275
5302 1135 1947
5303 2239 2217
5304 1678 1450
5305 852 1468
5306 1429 1766
5307 965 1394
5308 2108 1408
5309 1345 1082
5310 1147 1757
5311 1414 1247
5312 2559 910
5313 1375 1168
5314 2122 1821
5315 1866 1849
5316 1088 1363
5317 1716 1582
5318 1245 979
5319 1186 1815
5320 1091 1027
5321 1867 368
5322 1748 1322
5323 1791 1476
5324 1334 1758
5325 2129 674
5326 750 1456
5327 1519 466
5328 1261 2597
5329 502 2275
5330 1461 1970
5331 1867 1220
5332 697 2268
5333 1107 1160
5334 1446 1357
5335 1049 1519
5336 1688 271
5337 1589 1771
5338 1188 1453
5339 1686 1447
5340 1648 1582
5341 1823 732
5342 1409 1494
5343 1634 1842
5344 1619 1384
5345 860 1779
5346 1334 2071
5347 1870 1282
5348 1432 1518
5349 1782 1554
5350 2119 1711
5351 1504 2527
5352 1472 1702
5353 1140 1489
5354 1951 1444
5355 544 1050
5356 1585 1257
5357 1991 1273
5358 466 693
5359 1354 1616
5360 1604 405
5361 1099 533
5362 1123 1693
5363 2611 1016
5364 534 996
5365 1186 1815
5366 828 1775
5367 1783 1489
5368 1507 1241
5369 1015 2314
5370 1925 1373
5371 1975 2219
5372 1390 1052
5373 1029 1465
5374 1626 2188
5375 1134 1663
5376 1089 1459
5377 2180 1325
5378 1159 1248
5379 1094 1311
5380 2022 1605
5381 1469 1485
5382 1100 1216
5383 789 2259
5384 1505 1693
5385 1645 1744
5386 2027 947
5387 1369 1888
5388 1976 1069
5389 1792 1477
5390 1798 1651
5391 1718 1698
5392 1523 1386
5393 597 1207
5394 1131 1557
5395 922 1688
5396 2397 1289
5397 1975 1394
5398 1378 1455
5399 1380 1273
5400 1046 961
5401 755 744
5402 1339 302
5403 1984 1105
5404 1682 805
5405 1344 1214
5406 1983 1059
5407 2024 1887
5408 1680 639
5409 1508 1074
5410 2213 276
5411 753 1598
5412 1633 1897
5413 519 925
5414 1284 1068
5415 986 1760
5416 1582 2503
5417 1409 1862
5418 1050 2279
5419 2070 1753
5420 676 1521
5421 953 2186
5422 1235 1531
5423 1385 1037
5424 1289 1467
5425 1747 949
5426 2073 1588
5427 1473 2387
5428 1082 1092
5429 1841 1469
5430 1983 1632
5431 1927 1223
5432 709 1580
5433 2070 1562
5434 1550 1497
5435 1691 1383
5436 1123 1147
5437 1724 1956
5438 2361 1778
5439 669 1438
5440 1550 1733
5441 1694 2396
5442 2379 1930
5443 1328 578
5444 2243 1094
5445 2261 1769
5446 2075 1271
5447 1882 1394
5448 1595 1080
5449 1819 1736
5450 1181 1996
5451 1186 1579
5452 1912 1339
5453 2095 1279
5454 1161 2307
5455 1754 1352
5456 2189 1309
5457 811 1708
5458 2001 2039
5459 1376 1813
5460 1432 1427
5461 2435 739
5462 1496 1518
5463 1584 1438
5464 1442 2359
5465 2530 1458
5466 600 1556
5467 1389 1570
5468 1250 1333
5469 1114 1890
5470 2131 1752
5471 2579 1539
5472 1039 968
5473 951 1517
5474 1949 1976
5475 1605 951
5476 1828 1806
5477 1825 1623
5478 1905 1258
5479 2069 1858
5480 1802 1302
5481 1294 2173
5482 1008 1770
5483 2179 882
5484 2334 2704
5485 1563 638
5486 1793 1394
5487 1727 1840
5488 1802 1477
5489 852 762
5490 2310 1960
5491 1163 1412
5492 2286 2088
5493 2263 1984
5494 1435 1307
5495 1624 1160
5496 1999 1854
5497 1851 2323
5498 1447 1512
5499 741 2454
5500 199 2272
5501 944 1174
5502 1916 1087
5503 1942 2119
5504 1613 2391
5505 1834 1854
5506 757 2201
5507 2472 2219
5508 1547 1448
5509 1033 1976
5510 817 2735
5511 1915 517
5512 2454 1665
5513 1532 969
5514 978 2008
5515 1463 1034
5516 1181 427
5517 1125 1622
5518 1897 1031
5519 1277 758
5520 1953 1075
5521 1815 2212
5522 1671 1290
5523 1486 1794
5524 1299 1665
5525 2252 2077
5526 1943 1165
5527 1524 1794
5528 1616 493
5529 1057 1204
5530 1086 775
5531 584 1519
5532 2093 1085
5533 1603 1736
5534 1507 1552
5535 1792 1114
5536 2380 1019
5537 1806 1549
5538 861 2001
5539 2112 891
5540 1466 462
5541 698 1974
5542 1738 2143
5543 1679 1269
5544 1822 1753
5545 1101 2609
5546 602 1783
5547 1883 1827
5548 2031 2171
5549 1275 2075
5550 770 1040
5551 1391 1675
5552 2079 1332
5553 1867 621
5554 1557 2194
5555 926 1110
5556 1497 1937
5557 1462 1188
5558 1035 991
5559 2578 1013
5560 1737 882
5561 1784 1856
5562 1415 404
5563 1641 1748
5564 2172 1280
5565 1587 1792
5566 1633 2149
5567 2426 949
5568 2044 1894
5569 1836 1153
5570 2034 1982
5571 1709 1882
5572 754 1773
5573 1845 1182
5574 1177 1607
5575 2035 2066
5576 1755 1334
5577 1600 1587
5578 1986 1762
5579 560 1919
5580 1895 1213
5581 2161 1626
5582 878 1320
5583 1232 1395
5584 1025 802
5585 732 1491
5586 2043 1206
5587 1547 1406
5588 1128 1107
5589 1378 1330
5590 785 1999
5591 1330 1393
5592 1495 1626
5593 935 1944
5594 817 1824
5595 1667 1775
5596 1735 1513
5597 2312 2042
5598 1855 1208
5599 1357 1070
5600 1756 1008
5601 998 738
5602 1950 1648
5603 1447 1715
5604 852 1538
5605 1808 1261
5606 1304 1914
5607 525 1583
5608 940 1942
5609 2335 972
5610 2062 449
5611 555 1753
5612 1212 1479
5613 1776 1394
5614 2281 1759
5615 1680 805
5616 2069 951
5617 955 2205
5618 1959 1689
5619 810 1279
5620 1522 2140
5621 2216 1797
5622 1454 1753
5623 1721 1150
5624 1950 923
5625 1892 1090
5626 1090 901
5627 1856 2059
5628 1570 2223
5629 606 1355
5630 569 1484
5631 1772 1299
5632 830 2041
5633 671 1339
5634 1563 1689
5635 1234 1449
5636 1627 922
5637 2230 2617
5638 1811 1061
5639 1941 1227
5640 1753 1519
5641 898 1470
5642 1274 2674
5643 779 1658
5644 1194 1351
5645 1490 1429
5646 1496 2302
5647 1552 1880
5648 2239 1126
5649 1290 1415
5650 2549 76
5651 1011 1232
5652 1785 1903
5653 1937 467
5654 1632 912
5655 1036 933
5656 1864 1295
5657 1845 1294
5658 2579 1633
5659 1134 1264
5660 1658 1216
5661 1886 1192
5662 1153 1740
5663 1097 1157
5664 2133 2318
5665 1868 2353
5666 1227 1905
5667 1646 1636
5668 998 2462
5669 1452 994
5670 1431 1631
5671 1085 1681
5672 1606 1588
5673 171 1794
5674 1124 1873
5675 1052 1297
5676 2378 1921
5677 1492 2280
5678 1300 2041
5679 1596 2164
5680 1168 1499
5681 1501 1537
5682 1593 987
5683 1121 1611
5684 701 1482
5685 2600 618
5686 947 1432
5687 1496 1318
5688 1195 1090
5689 1514 1599
5690 1852 1348
5691 995 1969
5692 2000 1507
5693 982 1449
5694 1473 2300
5695 1313 2391
5696 1253 2149
5697 1268 1298
5698 1704 1101
5699 1799 1158
5700 1443 1288
5701 2057 1275
5702 1909 475
5703 1985 1556
5704 1617 1657
5705 1605 1033
5706 2768 1283
5707 1697 1541
5708 599 1288
5709 1587 1560
5710 2389 1608
5711 1377 1555
5712 2105 700
5713 744 997
5714 842 955
5715 1943 1056
5716 1275 1757
5717 1015 2402
5718 1057 2315
5719 1350 2375
5720 682 1177
5721 1135 1596
5722 2623 2227
5723 1087 354
5724 2411 1122
5725 1250 2005
5726 1402 1231
5727 2679 1489
5728 1791 957
5729 1027 2542
5730 1475 749
5731 1169 1147
5732 1317 1785
5733 1144 1090
5734 2177 1170
5735 1597 633
5736 522 788
5737 1669 893
5738 1883 978
5739 730 1779
5740 1357 1243
5741 2126 900
5742 2509 1476
5743 2174 2052
5744 1186 1503
5745 1610 1265
5746 1715 1919
5747 1439 1080
5748 1982 1325
5749 2354 1164
5750 2094 1757
5751 2129 1527
5752 910 1406
5753 733 1133
5754 1638 827
5755 1358 1020
5756 991 1563
5757 2061 1695
5758 1874 1813
5759 1767 1004
5760 1348 1623
5761 2155 2432
5762 941 1515
5763 937 2128
5764 855 1513
5765 2149 1469
5766 1627 1740
5767 1824 1317
5768 742 2086
5769 1607 2545
5770 573 1342
5771 1908 2299
5772 1419 1259
5773 2044 446
5774 589 1912
5775 1353 1448
5776 1220 2243
5777 1784 2022
5778 2279 1445
5779 1452 1852
5780 722 1546
5781 1434 1631
5782 1524 1297
5783 1844 2578
5784 863 1291
5785 2198 869
5786 1520 1992
5787 1810 2036
5788 1807 2181
5789 1449 739
5790 1249 908
5791 2200 1793
5792 1325 2162
5793 2049 1305
5794 1771 1366
5795 1905 804
5796 1643 956
5797 1600 1732
5798 775 2451
5799 819 1105
5800 1066 1771
5801 1365 1463
5802 2518 1703
5803 2093 1940
5804 907 1400
5805 1127 2132
5806 2046 1307
5807 1510 1425
5808 1782 906
5809 1270 1674
5810 1692 1816
5811 866 1777
5812 2233 1734
5813 1074 2064
5814 1591 1552
5815 683 2336
5816 1855 1674
5817 1148 1528
5818 2322 2153
5819 775 2300
5820 2166 1723
5821 1081 1630
5822 1643 1542
5823 1910 816
5824 2382 2109
5825 1244 2428
5826 1492 1911
5827 1389 614
5828 1767 1718
5829 966 1581
5830 1144 1064
5831 1108 1270
5832 1385 1141
5833 2391 1349
5834 1973 1937
5835 1484 1349
5836 1968 1674
5837 2199 1943
5838 514 2125
5839 1844 1042
5840 1436 1953
5841 2377 992
5842 1129 927
5843 717 1384
5844 1902 1227
5845 1602 1483
5846 1059 983
5847 1649 945
5848 1488 986
5849 1371 1276
5850 516 1625
5851 1751 1353
5852 2231 1084
5853 870 1436
5854 1413 1559
5855 2749 1474
5856 979 1583
5857 528 670
5858 1692 838
5859 1329 959
5860 1782 1396
5861 1427 1367
5862 1000 2054
5863 1399 377
5864 711 1364
5865 1320 848
5866 1227 1161
5867 2104 984
5868 674 1647
5869 2442 1150
5870 932 786
5871 617 2442
5872 2124 1009
5873 915 1529
5874 1596 1361
5875 2281 898
5876 595 1859
5877 1831 1980
5878 870 1823
5879 1951 962
5880 1291 632
5881 1835 1153
5882 2358 816
5883 974 1382
5884 1347 1274
5885 1875 2090
5886 1089 1470
5887 2124 1091
5888 1174 937
5889 2236 789
5890 1065 1516
5891 1403 1654
5892 1563 2061
5893 560 653
5894 1809 2496
5895 498 1715
5896 1333 1582
5897 2527 1642
5898 1227 1865
5899 1937 809
5900 1833 1045
5901 701 793
5902 1065 972
5903 2348 1386
5904 2148 1401
5905 906 1103
5906 2116 2148
5907 1106 1221
5908 1717 554
5909 1210 1432
5910 1155 1408
5911 2176 897
5912 2509 1063
5913 1866 2297
5914 1071 708
5915 408 1114
5916 1924 1307
5917 1961 1874
5918 1669 1397
5919 1325 1578
5920 979 981
5921 1380 608
5922 723 931
5923 1022 1472
5924 1092 1938
5925 1270 1084
5926 1743 1712
5927 1188 1789
5928 2472 1759
5929 2086 1500
5930 2521 1405
5931 1153 1886
5932 1938 2570
5933 1793 2372
5934 1789 1796
5935 1044 1714
5936 1572 1095
5937 1151 1367
5938 2069 1773
5939 2483 2508
5940 2131 1224
5941 1655 1125
5942 1867 1211
5943 1223 1340
5944 1239 1645
5945 468 1068
5946 1685 1625
5947 1323 1519
5948 490 2482
5949 1688 1693
5950 1854 1705
5951 1416 1517
5952 1167 1895
5953 1340 2044
5954 777 1845
5955 1002 1371
5956 1620 2383
5957 1588 1636
5958 2157 1196
5959 272 849
5960 1721 1179
5961 2544 1781
5962 1149 1040
5963 2396 1589
5964 1313 2677
5965 1496 1607
5966 1669 1518
5967 1617 761
5968 551 1422
5969 1246 1054
5970 2032 273
5971 2157 921
5972 445 1174
5973 1948 1435
5974 870 2138
5975 2013 1752
5976 1127 1103
5977 1110 1134
5978 983 1298
5979 1515 1569
5980 1923 1369
5981 1937 2172
5982 1437 2183
5983 975 1257
5984 1520 1276
5985 746 1366
5986 2429 1219
5987 1487 1621
5988 1205 1657
5989 1934 1089
5990 1390 1404
5991 575 1325
5992 1492 1526
5993 1522 881
5994 1551 931
5995 964 883
5996 812 617
5997 216 2583
5998 1958 1661
5999 1488 2341
6000 1439 1819
6001 1554 811
6002 1229 2026
6003 2553 1386
6004 1863 1899
6005 1840 1902
6006 1623 1876
6007 2035 2253
6008 332 1269
6009 1830 598
6010 1381 2284
6011 1101 1424
6012 1408 2015
6013 1733 1827
6014 1006 1776
6015 1688 2251
6016 929 1257
6017 2100 1598
6018 1371 1971
6019 941 1640
6020 857 1917
6021 454 1401
6022 1883 727
6023 2135 1237
6024 1281 1393
6025 1231 1532
6026 1048 1759
6027 1687 1464
6028 253 1733
6029 1054 937
6030 1183 1563
6031 632 1840
6032 2145 554
6033 1355 959
6034 2548 1711
6035 1625 1220
6036 1455 863
6037 1563 2081
6038 1211 1052
6039 2196 1186
6040 1735 1265
6041 1389 874
6042 1530 1860
6043 1585 911
6044 629 2233
6045 1898 1378
6046 974 1506
6047 1736 1106
6048 2190 812
6049 1612 1395
6050 2189 1183
6051 812 1624
6052 881 1319
6053 562 1788
6054 1185 2075
6055 2170 1431
6056 1775 1158
6057 1715 1567
6058 1894 2045
6059 1040 1185
6060 1264 1788
6061 1972 986
6062 1931 2226
6063 1352 2065
6064 1264 1720
6065 1609 1710
6066 2484 2413
6067 2112 1550
6068 1548 1752
6069 1079 1082
6070 1680 2125
6071 1274 1951
6072 674 1674
6073 996 2307
6074 2014 995
6075 2247 2382
6076 1367 1698
6077 808 775
6078 1460 1169
6079 1588 2071
6080 1299 2655
6081 1678 1597
6082 719 1754
6083 1526 124
6084 598 2202
6085 1383 1558
6086 1307 1500
6087 1374 1003
6088 634 1095
6089 331 1737
6090 1420 1958
6091 809 996
6092 1484 1662
6093 1501 1345
6094 1183 1797
6095 2098 968
6096 1674 1471
6097 2086 1633
6098 1955 1424
6099 1658 905
6100 2508 2005
6101 1117 2139
6102 1919 1816
6103 736 1953
6104 1788 2065
6105 1674 1701
6106 1997 1511
6107 1548 1737
6108 2802 747
6109 1766 1991
6110 1619 1629
6111 623 1644
6112 2626 1888
6113 777 1294
6114 2234 1241
6115 1728 644
6116 1572 1478
6117 595 2307
6118 1979 2054
6119 1539 1025
6120 2162 1275
6121 1926 2244
6122 1246 800
6123 1781 1505
6124 1788 906
6125 789 1750
6126 1752 1443
6127 954 1821
6128 488 1679
6129 1847 1361
6130 1242 2028
6131 1361 1667
6132 1230 2317
6133 1140 1828
6134 1103 1588
6135 756 1927
6136 1505 1751
6137 1611 1111
6138 862 1571
6139 1874 1920
6140 706 2193
6141 1922 2047
6142 2348 1592
6143 1427 1517
6144 2030 1812
6145 1588 1466
6146 1859 2117
6147 754 2320
6148 2511 1212
6149 2331 2155
6150 1570 1391
6151 1882 1820
6152 2093 2054
6153 1322 2059
6154 1686 866
6155 2006 840
6156 1677 1311
6157 968 1760
6158 1477 2803
6159 2083 2011
6160 2539 1833
6161 1507 1754
6162 1267 299
6163 721 1457
6164 1548 2555
6165 1682 1656
6166 1262 2304
6167 956 1106
6168 1968 1288
6169 1396 903
6170 662 1545
6171 483 1252
6172 1821 1471
6173 2045 1485
6174 1580 1631
6175 2074 2200
6176 1320 1562
6177 1296 1562
6178 1626 1148
6179 571 2344
6180 1617 1573
6181 1914 875
6182 2212 878
6183 1777 1014
6184 1221 1309
6185 2362 1523
6186 1372 1541
6187 933 465
6188 700 1292
6189 1519 2090
6190 1844 2070
6191 1425 1201
6192 1503 1087
6193 1660 1238
6194 1806 1380
6195 1672 1818
6196 1971 2174
6197 960 1629
6198 1817 1962
6199 1836 822
6200 1792 1628
6201 2003 859
6202 1479 1411
6203 2294 1154
6204 1441 1341
6205 1660 1447
6206 805 1535
6207 1290 638
6208 1665 2173
6209 2293 687
6210 1611 2108
6211 1602 1815
6212 1948 797
6213 1994 1443
6214 1543 1954
6215 1145 1771
6216 1651 2706
6217 1720 1261
6218 1462 1201
6219 942 1074
6220 1102 1360
6221 1884 1803
6222 1974 1706
6223 1498 1497
6224 849 1708
6225 1999 1891
6226 853 1376
6227 1041 1884
6228 1338 1374
6229 1331 1286
6230 1790 1704
6231 1662 1880
6232 2388 1578
6233 2203 1170
6234 2640 1112
6235 792 1465
6236 1893 1759
6237 1075 2276
6238 1057 383
6239 2599 580
6240 1149 380
6241 1543 819
6242 1602 1740
6243 1970 807
6244 2260 1577
6245 1704 1169
6246 1605 1197
6247 1336 842
6248 1514 396
6249 728 1627
6250 1393 1577
6251 1418 1641
6252 670 853
6253 2689 2476
6254 738 2218
6255 2488 1468
6256 1776 2153
6257 1712 1820
6258 980 1424
6259 1571 672
6260 624 1527
6261 1376 1239
6262 1870 1152
6263 1928 1127
6264 2285 394
6265 2268 1982
6266 1615 1084
6267 1936 759
6268 2285 1196
6269 1845 1564
6270 1170 2042
6271 1397 2008
6272 2119 1057
6273 1087 1180
6274 1331 1370
6275 1051 1915
6276 1708 2049
6277 1551 1085
6278 1313 1127
6279 2459 1441
6280 1524 1822
6281 2238 247
6282 910 2563
6283 1205 767
6284 505 1321
6285 1842 884
6286 1312 676
6287 1220 585
6288 2197 1551
6289 1216 1327
6290 1796 2599
6291 1730 842
6292 2365 1308
6293 1381 335
6294 890 708
6295 1006 1070
6296 721 1407
6297 1116 2046
6298 1364 1665
6299 1164 1686
6300 1574 2282
6301 1693 1914
6302 1553 1741
6303 1944 628
6304 1889 2636
6305 1397 1769
6306 324 2001
6307 2212 1889
6308 1629 1397
6309 1102 1660
6310 1026 1976
6311 1831 906
6312 1687 892
6313 1817 1970
6314 1141 1888
6315 660 1274
6316 1442 943
6317 2068 1736
6318 1831 1361
6319 1443 1887
6320 1778 2359
6321 2056 691
6322 1873 1877
6323 1329 897
6324 821 1352
6325 943 1198
6326 1306 1350
6327 2120 1091
6328 1700 1792
6329 303 1648
6330 1151 1284
6331 1190 1958
6332 1166 875
6333 1094 2490
6334 1486 1854
6335 1485 1848
6336 2203 1662
6337 800 1313
6338 1194 873
6339 1490 1828
6340 2015 1976
6341 1823 1453
6342 1638 2004
6343 1656 1637
6344 1534 916
6345 1487 1959
6346 1581 1141
6347 1696 1226
6348 1516 1892
6349 1823 2332
6350 1595 861
6351 1627 790
6352 1503 2417
6353 1517 1488
6354 1532 1460
6355 1781 1812
6356 1715 1692
6357 1877 1500
6358 725 1497
6359 1857 2677
6360 1120 2059
6361 889 1623
6362 1357 1939
6363 495 1656
6364 446 1230
6365 1489 583
6366 830 808
6367 995 1812
6368 2011 1852
6369 1470 2283
6370 1194 1626
6371 1598 846
6372 1967 1475
6373 1053 1347
6374 498 2125
6375 1465 2614
6376 1240 1530
6377 1511 1354
6378 1435 1525
6379 1992 1002
6380 1981 1214
6381 1744 1377
6382 1919 1413
6383 1821 1724
6384 1070 1562
6385 943 1605
6386 625 1353
6387 1654 959
6388 2440 1450
6389 1333 440
6390 2176 1434
6391 1190 1135
6392 1395 1020
6393 1263 2109
6394 1064 1931
6395 1777 1379
6396 826 1974
6397 1684 2019
6398 1742 2271
6399 1520 1352
6400 1274 1345
6401 1483 892
6402 1331 1324
6403 1102 1669
6404 402 1035
6405 2126 1075
6406 834 1757
6407 1922 1471
6408 1688 709
6409 1435 1269
6410 544 2451
6411 652 1299
6412 2460 1765
6413 1689 476
6414 858 1708
6415 710 1558
6416 671 584
6417 1502 1671
6418 1211 2161
6419 1497 2367
6420 2268 1896
6421 1344 2453
6422 2311 2067
6423 1370 1606
6424 2158 2269
6425 2355 1049
6426 1065 1828
6427 1804 1996
6428 1454 752
6429 1802 2333
6430 2091 1019
6431 2137 1698
6432 1630 1399
6433 2513 1202
6434 1924 1555
6435 1667 1502
6436 1075 2378
6437 706 1451
6438 1912 1465
6439 1566 1608
6440 384 1983
6441 1144 1771
6442 1138 1328
6443 2381 1132
6444 1292 1672
6445 1665 1476
6446 1222 1828
6447 897 618
6448 1619 673
6449 647 786
6450 1221 1496
6451 1291 1739
6452 2742 1633
6453 1918 1678
6454 357 1696
6455 1066 1535
6456 2324 2058
6457 1255 1790
6458 2081 1888
6459 1401 1324
6460 1938 1548
6461 2482 873
6462 1087 1302
6463 2305 1948
6464 1628 2039
6465 1634 1351
6466 1732 610
6467 963 1117
6468 1563 2388
6469 1883 1781
6470 1582 1080
6471 1664 1192
6472 2154 1313
6473 2457 1387
6474 1824 1909
6475 1232 1287
6476 751 1237
6477 1423 1409
6478 1303 1596
6479 825 2110
6480 934 2013
6481 1935 2025
6482 942 1493
6483 1802 1367
6484 1222 889
6485 2605 1369
6486 1902 1400
6487 1588 743
6488 1375 775
6489 1466 548
6490 1467 1303
6491 1912 2196
6492 1758 2189
6493 634 1399
6494 1600 1808
6495 2387 1288
6496 1787 1636
6497 1650 1749
6498 2702 1304
6499 674 2023
6500 788 1203
6501 1579 1392
6502 840 1561
6503 860 1096
6504 1002 299
6505 1187 2023
6506 1929 1218
6507 1497 870
6508 907 1527
6509 898 1549
6510 1268 963
6511 1795 1195
6512 1982 1279
6513 2114 1240
6514 1173 632
6515 1018 959
6516 1267 1533
6517 2428 1040
6518 2276 1573
6519 996 1765
6520 787 1588
6521 2011 1055
6522 1743 845
6523 1405 1010
6524 1997 1866
6525 1355 2025
6526 1606 1893
6527 916 1605
6528 1587 2169
6529 1562 1774
6530 1713 1119
6531 671 1783
6532 1228 642
6533 1201 1745
6534 2300 1521
6535 665 1874
6536 347 1899
6537 1573 1568
6538 1666 183
6539 2259 1190
6540 2060 922
6541 1618 1295
6542 1693 841
6543 923 1113
6544 1615 1766
6545 1101 1205
6546 1271 2553
6547 1804 823
6548 1682 1817
6549 1200 451
6550 1108 930
6551 1819 1718
6552 1052 2250
6553 2391 2604
6554 2065 582
6555 1864 2034
6556 758 2278
6557 1259 1226
6558 2060 1945
6559 2143 682
6560 936 1218
6561 954 1733
6562 1406 1233
6563 1815 1265
6564 1799 2420
6565 1480 1140
6566 1182 1382
6567 824 1493
6568 1807 1061
6569 1762 2087
6570 1928 922
6571 2106 1099
6572 628 676
6573 2071 2086
6574 1838 1424
6575 1257 1423
6576 2420 1107
6577 1648 2058
6578 1090 903
6579 738 1079
6580 2437 1304
6581 1282 1146
6582 1229 1464
6583 977 720
6584 1140 2011
6585 1314 1382
6586 891 1685
6587 1592 1766
6588 1387 550
6589 1771 758
6590 1815 1505
6591 1554 549
6592 1409 2456
6593 1895 2709
6594 1384 1677
6595 1401 1949
6596 2645 1383
6597 1402 2341
6598 2035 1145
6599 2727 1991
6600 938 571
6601 1260 1468
6602 590 1786
6603 345 2119
6604 1532 1710
6605 1481 2299
6606 875 904
6607 1810 317
6608 1262 1455
6609 1318 1540
6610 2488 1939
6611 969 1819
6612 661 1537
6613 1860 2008
6614 1213 1410
6615 1051 1227
6616 2297 1888
6617 1313 2017
6618 1192 1355
6619 1506 319
6620 1629 1511
6621 950 1491
6622 653 1591
6623 1696 1875
6624 2009 1432
6625 1264 2089
6626 2589 1234
6627 142 916
6628 1212 798
6629 2094 585
6630 1742 1355
6631 2128 1613
6632 1549 1716
6633 1832 1073
6634 1298 604
6635 2171 1102
6636 1632 979
6637 1734 1302
6638 600 801
6639 1789 1692
6640 1368 952
6641 952 1255
6642 752 922
6643 726 1666
6644 1408 1821
6645 1655 2033
6646 2415 879
6647 1312 1205
6648 1309 1738
6649 1677 1525
6650 368 1198
6651 1553 907
6652 1310 2033
6653 1213 1094
6654 864 1599
6655 1436 1343
6656 406 1760
6657 1223 2328
6658 2123 1967
6659 2445 1141
6660 1470 1926
6661 1400 1042
6662 1506 1722
6663 2034 1614
6664 1332 716
6665 2154 1440
6666 1799 1628
6667 1155 1320
6668 2478 1635
6669 1392 905
6670 1239 1100
6671 636 323
6672 618 1718
6673 1123 2171
6674 1275 1922
6675 1724 1842
6676 1147 1271
6677 1591 2580
6678 935 1483
6679 1866 2002
6680 660 1286
6681 840 1472
6682 1669 1610
6683 2059 1048
6684 1323 1468
6685 1397 1932
6686 1887 1712
6687 1922 1350
6688 1688 1340
6689 1254 973
6690 1505 1013
6691 1603 2358
6692 2455 1289
6693 2251 1045
6694 1114 585
6695 1808 823
6696 1600 1520
6697 1540 2392
6698 2316 935
6699 1474 2140
6700 1330 1471
6701 956 1125
6702 2098 1394
6703 1295 2299
6704 1657 857
6705 1122 792
6706 1437 2363
6707 1206 2435
6708 353 1914
6709 2202 2015
6710 957 2206
6711 1867 794
6712 1639 1408
6713 1683 574
6714 881 1165
6715 1151 1139
6716 1857 2124
6717 848 854
6718 1926 2014
6719 776 1343
6720 814 1601
6721 1711 1104
6722 1963 689
6723 2625 614
6724 568 2164
6725 343 1196
6726 1760 1362
6727 2368 2024
6728 1809 1579
6729 1795 1465
6730 1727 1729
6731 1328 1314
6732 943 1527
6733 920 1200
6734 1400 2262
6735 503 1890
6736 1930 2350
6737 2585 2346
6738 1899 1076
6739 1360 1158
6740 1832 1366
6741 1557 1515
6742 1865 1091
6743 1285 2543
6744 1619 1832
6745 1129 861
6746 1337 1332
6747 2425 700
6748 1529 1606
6749 972 1482
6750 1841 1282
6751 1636 969
6752 806 1777
6753 764 1895
6754 1820 1435
6755 2033 2028
6756 1105 1837
6757 1345 870
6758 2228 1896
6759 1756 983
6760 2009 1793
6761 1683 1586
6762 1432 964
6763 1871 891
6764 1881 1970
6765 859 995
6766 2252 1306
6767 1501 530
6768 517 1767
6769 2337 2304
6770 2256 1741
6771 2160 1287
6772 1364 788
6773 430 1831
6774 1407 1617
6775 917 1202
6776 2363 917
6777 1525 551
6778 1701 965
6779 1229 1636
6780 1009 1961
6781 1762 1102
6782 580 2082
6783 950 2045
6784 1654 1810
6785 1143 679
6786 1860 2328
6787 1745 1266
6788 1651 1727
6789 1923 1835
6790 1853 1983
6791 611 1957
6792 2264 836
6793 1123 1265
6794 1100 1024
6795 1384 1578
6796 2145 1968
6797 1237 1294
6798 1279 1807
6799 2098 1137
6800 2313 2029
6801 1027 1402
6802 2108 1527
6803 1433 1418
6804 2104 595
6805 1022 1493
6806 1234 1741
6807 1611 1252
6808 2016 2218
6809 1335 1850
6810 1085 2079
6811 1001 1746
6812 1121 1212
6813 1933 811
6814 1872 1564
6815 1853 1881
6816 1949 1764
6817 943 1233
6818 2268 1036
6819 1818 1742
6820 732 2043
6821 964 1556
6822 1578 1836
6823 1824 1359
6824 1398 1690
6825 1372 1568
6826 1440 1474
6827 1236 2366
6828 2698 2205
6829 1366 1938
6830 1877 1635
6831 1348 992
6832 1700 2017
6833 1983 929
6834 1699 1864
6835 1321 957
6836 1867 1704
6837 1087 2021
6838 1676 2153
6839 881 1319
6840 636 926
6841 864 1450
6842 1376 2131
6843 1769 918
6844 1923 765
6845 1210 1187
6846 1951 1350
6847 1232 1284
6848 1849 2120
6849 1108 887
6850 1981 994
6851 599 2198
6852 1366 1549
6853 1582 1249
6854 2179 1518
6855 1774 1550
6856 1515 849
6857 1921 1762
6858 1964 1425
6859 2365 1293
6860 1575 1863
6861 769 1007
6862 1944 1241
6863 1614 1764
6864 1514 1713
6865 1347 1454
6866 1683 1238
6867 1345 1868
6868 1657 661
6869 1015 1171
6870 1324 2436
6871 1865 1046
6872 1652 1420
6873 1642 1243
6874 1462 773
6875 1300 1089
6876 1067 1987
6877 1963 1996
6878 1440 1428
6879 1487 760
6880 1271 1516
6881 1499 1778
6882 1795 1335
6883 981 1094
6884 1054 1957
6885 998 806
6886 1430 1654
6887 1128 1592
6888 1191 1701
6889 1876 1166
6890 2178 1260
6891 1501 1901
6892 618 843
6893 1147 816
6894 2177 819
6895 1779 1398
6896 756 665
6897 2569 1541
6898 1072 916
6899 1631 1638
6900 619 1493
6901 1779 1554
6902 1444 1826
6903 984 1035
6904 813 1756
6905 1654 1595
6906 608 2242
6907 1249 2046
6908 2175 694
6909 1841 664
6910 1812 2192
6911 2052 2093
6912 1913 1386
6913 1871 1500
6914 1149 1726
6915 1616 1669
6916 1161 2115
6917 1167 1247
6918 1224 1724
6919 1721 1608
6920 1174 2458
6921 2015 1309
6922 1442 1192
6923 1037 1600
6924 1871 1844
6925 1288 1031
6926 1909 1245
6927 736 865
6928 2110 1474
6929 1148 1821
6930 1280 1804
6931 1988 1272
6932 1565 1563
6933 1084 1476
6934 875 503
6935 1278 2262
6936 1687 1347
6937 1371 1047
6938 963 1621
6939 2066 1672
6940 1339 1112
6941 1631 2190
6942 1773 2157
6943 1093 1751
6944 1748 1601
6945 1274 2034
6946 1543 2135
6947 1779 1162
6948 1123 1666
6949 728 1355
6950 1951 2868
6951 1960 1560
6952 1457 1953
6953 1007 1700
6954 1364 1085
6955 1205 2020
6956 1335 1360
6957 1524 1544
6958 1442 1654
6959 507 1338
6960 1609 2375
6961 1891 1513
6962 2258 1580
6963 922 1615
6964 1782 1679
6965 1205 1629
6966 1628 1239
6967 1076 1436
6968 1486 1465
6969 1639 1688
6970 1276 1323
6971 529 787
6972 1710 1738
6973 913 2077
6974 1757 1774
6975 1064 812
6976 1490 1508
6977 1953 993
6978 1215 1601
6979 1991 2303
6980 1474 826
6981 2513 1453
6982 1440 1474
6983 1248 1498
6984 2193 603
6985 600 1554
6986 2079 1776
6987 233 1076
6988 1714 1708
6989 1914 1093
6990 1646 1697
6991 1122 1412
6992 1105 2620
6993 1277 1182
6994 2008 1533
6995 992 1904
6996 628 1593
6997 1890 1361
6998 1831 1566
6999 1936 1277
7000 732 1683
7001 2045 1828
7002 1290 1332
7003 1102 1281
7004 1284 1091
7005 1030 1258
7006 1671 2341
7007 1504 972
7008 1689 905
7009 2046 964
7010 1342 1806
7011 1018 921
7012 1211 1297
7013 2040 845
7014 1299 1130
7015 2031 1452
7016 1267 1660
7017 1510 1433
7018 1759 1301
7019 1369 1395
7020 1049 1962
7021 457 2352
7022 2015 2100
7023 903 2119
7024 1096 1989
7025 586 1862
7026 2005 1846
7027 1601 734
7028 1731 1729
7029 1930 1553
7030 669 1557
7031 841 1203
7032 2141 2557
7033 1015 1582
7034 1198 1149
7035 1566 2431
7036 906 511
7037 470 1512
7038 1787 1645
7039 1677 2108
7040 1992 1096
7041 1945 1370
7042 325 1677
7043 1757 2117
7044 1800 1474
7045 952 1587
7046 2265 1821
7047 1219 1319
7048 1119 1299
7049 1404 1482
7050 2516 1402
7051 812 1883
7052 1558 1235
7053 965 1891
7054 1321 2009
7055 2378 2408
7056 1208 1146
7057 1600 1801
7058 1669 1284
7059 2470 625
7060 1913 1642
7061 1421 1574
7062 818 955
7063 555 1380
7064 2134 1281
7065 2139 1204
7066 1566 1188
7067 1356 1280
7068 1581 1197
7069 2305 2407
7070 1113 662
7071 1310 1750
7072 2109 2306
7073 1857 2535
7074 1524 1966
7075 1704 845
7076 1536 1228
7077 1034 2229
7078 1334 2547
7079 2471 1434
7080 503 2060
7081 1305 1784
7082 682 1741
7083 2398 1233
7084 2327 2342
7085 1484 960
7086 1787 1177
7087 2141 1528
7088 443 947
7089 2051 2044
7090 2589 710
7091 1310 1493
7092 2271 1550
7093 1185 1377
7094 1144 729
7095 1785 900
7096 1616 513
7097 1647 1174
7098 1316 1675
7099 1520 1581
7100 1102 1278
7101 758 1175
7102 1202 2139
7103 1466 1257
7104 1463 1891
7105 1315 1436
7106 2039 2231
7107 1338 596
7108 1357 1008
7109 1316 839
7110 1448 1332
7111 2167 1966
7112 1570 949
7113 1522 1059
7114 1154 1898
7115 1639 2139
7116 1600 1336
7117 1307 2071
7118 861 2411
7119 2465 1745
7120 1997 1740
7121 1790 2498
7122 1453 760
7123 1054 694
7124 1770 1593
7125 1330 989
7126 1941 1961
7127 2018 1393
7128 1132 1942
7129 1502 1452
7130 898 2252
7131 2077 2251
7132 1274 1502
7133 2332 2304
7134 1768 1382
7135 1854 1636
7136 1295 1050
7137 1222 541
7138 1453 702
7139 1860 1484
7140 2439 1715
7141 1125 242
7142 1415 1800
7143 2266 2727
7144 1381 1601
7145 1062 1197
7146 899 2043
7147 1097 1141
7148 785 1973
7149 1282 1527
7150 769 802
7151 1431 205
7152 1529 2055
7153 1648 1612
7154 1872 1653
7155 1826 1264
7156 2074 1949
7157 1136 2022
7158 1572 2043
7159 1918 2329
7160 1712 1083
7161 1087 818
7162 1747 779
7163 1705 1020
7164 1227 567
7165 876 1661
7166 1528 1376
7167 2254 888
7168 1593 1033
7169 2196 2166
7170 1140 1745
7171 546 1732
7172 1117 1375
7173 876 1853
7174 1317 1044
7175 2301 667
7176 873 2432
7177 910 946
7178 1397 2800
7179 2013 1610
7180 1211 803
7181 1682 423
7182 706 1312
7183 1466 1652
7184 990 1086
7185 1818 1145
7186 1279 1363
7187 1545 1333
7188 2039 1082
7189 1147 1320
7190 1590 1269
7191 1351 1445
7192 1058 1688
7193 1345 1344
7194 1779 590
7195 1149 1444
7196 831 1091
7197 1663 2316
7198 2010 2006
7199 2488 1114
7200 1531 1609
7201 1667 1654
7202 1973 1093
7203 2233 1363
7204 1003 1256
7205 2522 1956
7206 1713 1455
7207 1133 1783
7208 1679 2237
7209 1389 772
7210 1457 1571
7211 1343 1006
7212 1146 1535
7213 1109 2198
7214 1605 2370
7215 939 2081
7216 1112 2337
7217 1826 1534
7218 731 2078
7219 462 1071
7220 1522 672
7221 1401 600
7222 1677 1631
7223 1272 2265
7224 1458 1115
7225 1292 1777
7226 1557 2272
7227 598 1486
7228 2672 929
7229 1824 1861
7230 1678 2182
7231 1822 1492
7232 552 1830
7233 1264 1416
7234 1020 1755
7235 1650 1685
7236 1721 1220
7237 1378 2272
7238 1276 961
7239 1911 1197
7240 938 1678
7241 811 1551
7242 2646 1888
7243 1979 1638
7244 883 832
7245 935 1586
7246 2038 1949
7247 2327 1417
7248 1610 1280
7249 1379 1269
7250 1423 1918
7251 2402 1451
7252 1784 873
7253 992 828
7254 1748 1556
7255 2153 1030
7256 2219 1955
7257 2067 1531
7258 1735 799
7259 2078 2055
7260 1422 641
7261 1643 2259
7262 1159 1563
7263 1409 706
7264 1794 1157
7265 1608 1618
7266 2198 1401
7267 1292 1272
7268 1156 1223
7269 1329 1543
7270 1457 2308
7271 1405 874
7272 1889 1401
7273 2018 1896
7274 827 1335
7275 1064 918
7276 1064 2639
7277 1755 2141
7278 2135 1716
7279 1514 1801
7280 1853 979
7281 1339 979
7282 1387 1663
7283 1138 2271
7284 1960 1928
7285 1457 949
7286 1787 1048
7287 1281 1511
7288 1854 1242
7289 1349 1180
7290 1581 2147
7291 867 633
7292 1664 1497
7293 2350 1639
7294 1494 1783
7295 1038 1664
7296 1835 2043
7297 1508 1860
7298 1094 454
7299 1726 861
7300 1867 545
7301 1294 1423
7302 652 1352
7303 1206 1003
7304 1334 1919
7305 2427 1864
7306 1536 2202
7307 760 1352
7308 1519 1447
7309 2685 2347
7310 1691 1998
7311 792 1130
7312 740 1543
7313 1527 1694
7314 1383 1992
7315 2017 1661
7316 1566 1475
7317 1458 1923
7318 617 1067
7319 395 676
7320 1385 1915
7321 1301 1065
7322 1685 788
7323 2046 2280
7324 1161 1432
7325 755 1934
7326 1997 1328
7327 212 329
7328 895 1649
7329 1727 757
7330 1012 1428
7331 1699 867
7332 1259 1661
7333 2743 1472
7334 1489 1127
7335 1512 880
7336 1576 1358
7337 1742 622
7338 1498 834
7339 841 1393
7340 918 1519
7341 1612 1682
7342 1233 2049
7343 1347 1247
7344 1073 794
7345 1705 2338
7346 1250 1532
7347 2326 1485
7348 1128 1901
7349 2089 1957
7350 2024 1698
7351 1218 2406
7352 1634 1689
7353 1338 2243
7354 1118 1297
7355 401 1321
7356 1064 1224
7357 1407 673
7358 2546 2776
7359 1888 1649
7360 1348 1123
7361 1868 1971
7362 1806 1066
7363 2385 1239
7364 1433 967
7365 905 1647
7366 1360 1722
7367 1472 1207
7368 1496 713
7369 1429 976
7370 661 1825
7371 1122 1758
7372 1405 1751
7373 1483 1339
7374 1235 1100
7375 2417 1493
7376 1194 1535
7377 1473 1946
7378 2015 1191
7379 1234 1211
7380 1691 1035
7381 2441 1561
7382 1824 1247
7383 1992 1298
7384 1026 1153
7385 1573 698
7386 1265 1516
7387 1611 1274
7388 678 2690
7389 1491 2517
7390 1937 1272
7391 2076 2405
7392 1150 1906
7393 1257 590
7394 1622 1669
7395 1579 1193
7396 1270 1287
7397 1548 1614
7398 2045 467
7399 1015 1275
7400 653 2312
7401 1841 932
7402 1151 1016
7403 1878 1921
7404 1087 823
7405 1722 1183
7406 1918 711
7407 1335 1691
7408 735 1811
7409 2016 1799
7410 1291 1341
7411 2366 1148
7412 1057 1391
7413 1114 1848
7414 1565 1280
7415 1232 1093
7416 1855 1413
7417 2150 1353
7418 919 1943
7419 1517 948
7420 1106 2118
7421 2440 1939
7422 1043 1071
7423 1605 835
7424 2130 1486
7425 2172 1956
7426 1639 1320
7427 1239 1355
7428 2224 1894
7429 593 1558
7430 1457 1423
7431 1660 842
7432 2225 1804
7433 1411 820
7434 1597 1166
7435 1561 1671
7436 1250 1649
7437 834 1012
7438 637 2896
7439 884 1156
7440 2172 679
7441 1935 1620
7442 1907 1489
7443 624 1428
7444 468 1140
7445 467 866
7446 391 2339
7447 1536 1133
7448 1430 1209
7449 1239 817
7450 1170 2612
7451 1810 1238
7452 1547 1146
7453 1587 784
7454 471 2110
7455 739 1299
7456 1539 1899
7457 1595 1763
7458 1585 1543
7459 1790 1254
7460 1792 1796
7461 1654 1556
7462 795 1012
7463 952 1502
7464 1213 1453
7465 1461 1976
7466 1388 1441
7467 1509 952
7468 838 1183
7469 2052 1555
7470 1537 1742
7471 1047 1364
7472 1418 2135
7473 726 1730
7474 1714 1711
7475 835 1742
7476 1759 1734
7477 552 1435
7478 1438 762
7479 1534 825
7480 726 760
7481 1584 1626
7482 689 1181
7483 497 1157
7484 1025 1574
7485 1015 1493
7486 1946 1014
7487 1334 1410
7488 1792 817
7489 1213 987
7490 1681 1000
7491 2262 1375
7492 1434 1383
7493 1432 557
7494 1532 1542
7495 1499 1208
7496 1946 1727
7497 2030 1119
7498 1440 2061
7499 1855 1756
7500 1644 1826
7501 794 1609
7502 1815 2024
7503 1115 1496
7504 672 1826
7505 2317 1527
7506 2069 1086
7507 1148 2077
7508 1960 1846
7509 1887 1715
7510 1413 885
7511 2495 490
7512 2307 1130
7513 2118 745
7514 407 892
7515 1359 1538
7516 2184 364
7517 2090 1590
7518 1610 690
7519 542 578
7520 1925 1435
7521 1323 1432
7522 1382 1136
7523 1669 2145
7524 1590 1059
7525 1446 1778
7526 1571 1513
7527 2051 2443
7528 1047 851
7529 988 1767
7530 344 1873
7531 2129 1507
7532 2099 1033
7533 1633 1723
7534 1700 1094
7535 919 2107
7536 1706 1857
7537 1453 2753
7538 925 1364
7539 1494 2459
7540 1070 2396
7541 1865 1451
7542 1840 1456
7543 2430 2434
7544 1634 1427
7545 2021 1256
7546 1467 1789
7547 1313 2000
7548 2057 1196
7549 1608 670
7550 2158 2424
7551 1747 1450
7552 1925 747
7553 2536 1141
7554 1229 1699
7555 773 2176
7556 1875 1265
7557 1883 1608
7558 963 1468
7559 2356 724
7560 2141 2086
7561 1485 611
7562 444 1077
7563 739 1905
7564 1259 1201
7565 803 1895
7566 1077 1407
7567 1325 2056
7568 1100 2035
7569 2100 779
7570 2725 2310
7571 2029 987
7572 1535 748
7573 889 1149
7574 1628 1671
7575 1843 1311
7576 1759 1502
7577 1449 2396
7578 1031 1413
7579 1446 1788
7580 992 2038
7581 1181 1546
7582 1685 1696
7583 1609 1233
7584 594 2642
7585 1652 1628
7586 1839 1683
7587 1719 1541
7588 1630 1009
7589 1554 1971
7590 1375 1535
7591 2065 1283
7592 1808 844
7593 924 1949
7594 1203 1728
7595 1340 559
7596 2639 1324
7597 1739 1941
7598 1573 1634
7599 1856 2542
7600 1237 2161
7601 1415 1661
7602 1928 1442
7603 1436 1604
7604 1362 1595
7605 1680 1582
7606 1984 545
7607 944 1244
7608 1543 1469
7609 1487 1414
7610 1695 1033
7611 1446 996
7612 594 1377
7613 1902 1929
7614 850 1523
7615 1155 1569
7616 936 843
7617 1648 1509
7618 749 2249
7619 1801 1860
7620 1480 1703
7621 1081 1180
7622 1880 1177
7623 448 1821
7624 684 1689
7625 1305 1770
7626 2125 1406
7627 1287 1918
7628 1008 2011
7629 998 1366
7630 1686 1258
7631 1871 2037
7632 563 1681
7633 624 1737
7634 1922 302
7635 1002 1249
7636 1651 2586
7637 2476 901
7638 2114 1996
7639 2216 1619
7640 1274 1592
7641 2096 2421
7642 722 1374
7643 1099 1237
7644 1795 1290
7645 1694 790
7646 1750 643
7647 1784 1214
7648 2177 575
7649 1284 2000
7650 1515 1313
7651 2612 1679
7652 1396 1060
7653 1192 664
7654 1312 758
7655 1203 1227
7656 1591 1209
7657 1174 1119
7658 977 1423
7659 2444 898
7660 1057 2610
7661 1619 1221
7662 1773 1210
7663 2053 1850
7664 1649 1643
7665 1937 2136
7666 1297 2004
7667 1438 2092
7668 2096 1284
7669 1236 1715
7670 2389 1254
7671 2065 1577
7672 436 1688
7673 1759 1306
7674 1970 697
7675 1392 2659
7676 1263 1755
7677 1566 2119
7678 1976 2457
7679 662 1804
7680 1606 2114
7681 1942 2164
7682 1011 1677
7683 1701 2067
7684 508 1682
7685 2162 1764
7686 1692 1607
7687 715 2084
7688 2262 1062
7689 618 1810
7690 1852 2108
7691 2093 1216
7692 1383 1985
7693 1433 1200
7694 1580 1985
7695 1897 2196
7696 2233 1708
7697 1478 1826
7698 1158 1780
7699 1293 1115
7700 1793 1041
7701 950 2066
7702 1413 1508
7703 1461 1207
7704 1778 1192
7705 1737 1745
7706 1461 1462
7707 1876 1457
7708 2207 1695
7709 1918 2454
7710 1026 1887
7711 1371 1851
7712 433 1846
7713 948 1236
7714 1910 1508
7715 1935 1868
7716 817 1852
7717 1367 413
7718 690 1356
7719 1281 1035
7720 1188 1508
7721 1485 1020
7722 1011 2521
7723 1368 1338
7724 1236 749
7725 2895 1518
7726 2002 1388
7727 1464 2119
7728 1118 1836
7729 1084 2155
7730 1104 2284
7731 836 650
7732 1037 2293
7733 1283 959
7734 1514 677
7735 1835 1224
7736 1061 1536
7737 1084 1590
7738 1983 1206
7739 1466 1143
7740 648 1611
7741 542 2001
7742 1227 2141
7743 1867 1904
7744 1567 1284
7745 870 1390
7746 2193 2014
7747 1349 2502
7748 2706 1302
7749 1850 1770
7750 952 852
7751 1800 1631
7752 1984 1044
7753 1833 1741
7754 2019 1066
7755 699 2279
7756 1354 897
7757 1405 1236
7758 2050 1211
7759 715 861
7760 1691 1406
7761 1090 1760
7762 1194 772
7763 1619 809
7764 791 1525
7765 2488 1920
7766 1101 1983
7767 1708 1282
7768 791 1532
7769 1216 1101
7770 1733 1381
7771 2275 2168
7772 1787 1265
7773 1901 2132
7774 2299 954
7775 1427 1321
7776 2524 1252
7777 2033 1253
7778 1919 1184
7779 1820 1121
7780 1794 1219
7781 1285 2165
7782 2268 1475
7783 1301 1609
7784 797 1602
7785 1035 1883
7786 1053 2073
7787 1740 1912
7788 1179 1050
7789 1650 1583
7790 1162 1152
7791 836 1838
7792 2414 1562
7793 116 2027
7794 1885 2265
7795 1582 1285
7796 1563 648
7797 1584 1162
7798 1709 906
7799 1816 1685
7800 1351 979
7801 1562 1642
7802 978 1752
7803 1651 2173
7804 1946 1398
7805 1365 795
7806 1350 899
7807 1714 2060
7808 1714 1632
7809 1085 1050
7810 1878 1745
7811 1080 1661
7812 1195 2331
7813 961 1531
7814 1361 1574
7815 1823 729
7816 1776 799
7817 1197 1508
7818 1542 1202
7819 2039 1537
7820 1617 1737
7821 2349 841
7822 932 2422
7823 2158 752
7824 1241 1943
7825 1319 1896
7826 1329 1468
7827 698 1554
7828 2655 1651
7829 942 1276
7830 1397 992
7831 1947 1388
7832 994 1023
7833 1483 1255
7834 1793 752
7835 1667 1840
7836 726 1712
7837 1438 1354
7838 1104 1337
7839 1895 1229
7840 811 1501
7841 1751 2114
7842 1268 2173
7843 1330 2159
7844 1648 1785
7845 1857 1746
7846 1788 1469
7847 1583 1768
7848 1558 1876
7849 1294 999
7850 1331 1578
7851 2084 2673
7852 1531 1933
7853 1431 1614
7854 668 1178
7855 333 1624
7856 1863 1882
7857 856 1496
7858 1555 302
7859 1096 1440
7860 1577 2354
7861 1320 1065
7862 2111 1276
7863 1680 1627
7864 2390 2045
7865 1595 1959
7866 1781 992
7867 1130 1127
7868 1583 1795
7869 1415 962
7870 1709 1288
7871 1421 996
7872 1508 1121
7873 2339 1712
7874 1014 2080
7875 1386 1407
7876 916 1206
7877 2262 598
7878 1690 1670
7879 1908 612
7880 1469 1316
7881 1760 1553
7882 1618 2403
7883 1560 836
7884 1302 2477
7885 1619 1020
7886 1706 1841
7887 1770 995
7888 1476 2265
7889 2183 1489
7890 1989 1254
7891 1251 1040
7892 1268 1603
7893 1147 893
7894 1108 1527
7895 1234 1195
7896 1363 2291
7897 1105 981
7898 1340 1900
7899 1626 546
7900 1396 1288
7901 1808 2477
7902 2334 2415
7903 1854 953
7904 1563 160
7905 1447 1567
7906 1038 808
7907 1630 910
7908 1661 649
7909 2271 1424
7910 1157 1096
7911 2002 1171
7912 1992 853
7913 1269 1915
7914 844 491
7915 1923 973
7916 1286 2343
7917 807 1403
7918 2046 1312
7919 2692 1519
7920 2350 1909
7921 1577 1681
7922 2440 2047
7923 2064 2061
7924 1801 1161
7925 1525 2156
7926 1962 1346
7927 1189 942
7928 761 982
7929 1388 753
7930 211 1437
7931 1786 1760
7932 1305 1539
7933 753 1657
7934 1888 1776
7935 749 2553
7936 1165 1910
7937 1627 1505
7938 2442 1532
7939 2493 2064
7940 552 884
7941 1324 1047
7942 906 1601
7943 1989 2291
7944 1416 2101
7945 1456 1069
7946 1324 1734
7947 1704 1926
7948 2084 849
7949 1635 1461
7950 1750 56
7951 654 2106
7952 2232 1080
7953 1651 807
7954 1369 1550
7955 1555 1543
7956 1728 624
7957 784 984
7958 1838 2318
7959 919 1408
7960 2210 2745
7961 878 2025
7962 1762 1462
7963 2240 466
7964 1597 819
7965 732 2553
7966 2226 1383
7967 2363 1625
7968 1229 1855
7969 1477 1919
7970 1375 1621
7971 1518 1637
7972 1226 790
7973 1523 2050
7974 1829 1209
7975 1918 1271
7976 1197 2362
7977 1164 1022
7978 2128 2119
7979 1472 1544
7980 1678 1506
7981 2408 995
7982 1123 1341
7983 1708 2189
7984 1663 2141
7985 1226 2033
7986 997 1278
7987 1029 1958
7988 1400 1909
7989 1885 1164
7990 1244 1639
7991 1916 1224
7992 758 603
7993 890 701
7994 735 1189
7995 1991 1218
7996 1410 2206
7997 1651 1272
7998 1635 1342
7999 1416 1469
8000 1421 1309
