750
10000
1 1 8063
2 1 3285
3 1 1936
4 1 4142
5 1 5830
6 0 430
7 1 3492
8 1 8275
9 0 9281
10 0 1390
11 1 2336
12 0 5242
13 1 9879
14 0 5974
15 1 7956
16 0 2250
17 0 7311
18 1 8740
19 1 6623
20 0 5779
21 0 7010
22 1 6626
23 1 2822
24 1 8723
25 0 1726
26 1 6469
27 1 6145
28 0 1619
29 1 9226
30 1 1861
31 0 9235
32 1 7476
33 1 1179
34 0 8197
35 1 7815
36 1 5163
37 1 811
38 0 4959
39 1 1544
40 0 4863
41 0 849
42 1 7618
43 1 3921
44 0 6696
45 0 7995
46 1 4771
47 0 9657
48 1 2488
49 1 335
50 1 7078
51 0 3397
52 0 25
53 1 2073
54 0 5884
55 0 7269
56 0 2230
57 1 3621
58 0 1382
59 1 4367
60 0 570
61 0 7246
62 0 3293
63 0 5721
64 1 510
65 1 8365
66 1 1937
67 1 4236
68 0 9240
69 1 9677
70 1 9515
71 0 9940
72 1 189
73 0 8817
74 1 2877
75 0 1959
76 1 7094
77 1 4775
78 1 579
79 0 8357
80 1 1474
81 0 2113
82 1 5575
83 1 2443
84 0 2233
85 0 905
86 0 6416
87 0 9599
88 0 1163
89 1 3300
90 0 8443
91 1 5265
92 0 1742
93 0 1431
94 1 5725
95 1 753
96 1 9841
97 0 3027
98 1 7559
99 0 2828
100 0 7720
101 0 3574
102 0 2476
103 0 5333
104 1 2086
105 0 2086
106 0 9762
107 0 5977
108 0 5767
109 1 973
110 1 1296
111 0 5957
112 0 9748
113 0 1457
114 1 8476
115 1 3771
116 0 2071
117 1 9600
118 1 5908
119 0 5148
120 1 5323
121 0 9210
122 1 9556
123 0 7245
124 0 2625
125 0 9502
126 1 6506
127 0 5404
128 1 3035
129 0 6195
130 1 4056
131 0 3571
132 1 376
133 1 7138
134 0 9028
135 0 1182
136 0 452
137 1 9640
138 0 2931
139 1 9237
140 0 3572
141 0 6583
142 0 116
143 1 2472
144 0 7979
145 0 8576
146 0 609
147 0 7389
148 1 2978
149 1 6273
150 0 6683
151 1 1265
152 0 5654
153 1 3736
154 0 712
155 1 5355
156 0 3954
157 0 9265
158 1 2298
159 0 4106
160 1 1986
161 0 3569
162 1 7962
163 1 6415
164 1 8203
165 1 5228
166 0 6575
167 0 4573
168 1 683
169 1 912
170 0 4502
171 0 9014
172 0 4674
173 0 3916
174 0 1715
175 1 8147
176 1 4442
177 1 3225
178 1 1082
179 1 4210
180 1 5572
181 1 7665
182 1 4265
183 0 9751
184 1 603
185 0 2903
186 1 7805
187 0 6810
188 1 5673
189 1 8822
190 0 8596
191 1 7903
192 1 2118
193 0 3461
194 1 2785
195 0 3844
196 1 839
197 0 266
198 1 8405
199 1 7555
200 1 9193
201 0 2582
202 1 6803
203 0 7793
204 0 519
205 1 329
206 0 4261
207 0 6651
208 1 1753
209 1 6550
210 0 5571
211 1 1822
212 1 3474
213 0 7432
214 1 9391
215 0 1991
216 0 7512
217 1 8560
218 0 131
219 1 9062
220 0 5489
221 1 3510
222 1 3776
223 0 3450
224 0 4630
225 1 78
226 0 7876
227 1 626
228 0 1523
229 0 4346
230 0 7872
231 0 2075
232 1 8214
233 0 3483
234 0 8333
235 1 7610
236 0 647
237 0 8392
238 0 6577
239 0 7543
240 1 497
241 1 8129
242 1 5384
243 1 13
244 0 7599
245 1 1886
246 1 8295
247 0 3344
248 1 4873
249 1 6364
250 0 9740
251 0 1040
252 1 5400
253 0 4502
254 0 522
255 1 9238
256 1 298
257 1 601
258 1 1896
259 0 993
260 0 5283
261 0 8102
262 1 6079
263 0 7229
264 0 5246
265 0 4344
266 0 9259
267 1 2647
268 1 2418
269 0 1003
270 1 3500
271 0 6744
272 0 9956
273 1 9436
274 1 2320
275 0 5066
276 1 7716
277 1 2487
278 1 7053
279 1 947
280 1 6327
281 1 4411
282 1 2945
283 0 2357
284 1 8342
285 0 3049
286 0 7267
287 1 1827
288 1 9591
289 0 5881
290 1 220
291 1 7880
292 0 2217
293 0 3422
294 1 7052
295 1 569
296 1 1354
297 0 8925
298 1 3471
299 0 901
300 1 4739
301 0 53
302 1 4217
303 0 7029
304 0 4577
305 0 7592
306 1 4522
307 1 3470
308 1 6994
309 0 4143
310 1 8317
311 0 8915
312 1 3707
313 0 5954
314 0 1459
315 1 189
316 0 8783
317 0 8556
318 0 7205
319 0 3246
320 1 6851
321 0 7572
322 0 8724
323 0 3607
324 0 9755
325 0 6454
326 1 4493
327 0 3565
328 0 5164
329 1 6515
330 0 8283
331 0 8237
332 1 6186
333 1 1053
334 0 8826
335 0 8083
336 1 7618
337 0 9205
338 0 7515
339 0 9265
340 1 3642
341 0 3652
342 1 3928
343 0 8874
344 1 3354
345 0 1427
346 1 582
347 0 3113
348 0 8812
349 0 5510
350 0 1348
351 1 8644
352 1 6872
353 0 4640
354 1 5244
355 1 5484
356 0 4939
357 0 8380
358 1 7442
359 0 3679
360 1 3596
361 1 6382
362 0 5095
363 0 666
364 1 4389
365 1 7853
366 1 7396
367 0 8212
368 0 6184
369 0 7257
370 0 5024
371 0 2676
372 0 1696
373 0 2274
374 0 881
375 1 20
376 1 2112
377 1 6199
378 1 349
379 1 7843
380 0 3988
381 0 3860
382 0 8811
383 1 2756
384 0 3162
385 0 9537
386 0 1694
387 1 8747
388 1 5166
389 0 9220
390 0 2900
391 1 6108
392 0 1869
393 1 2585
394 0 6116
395 1 8239
396 0 9133
397 0 8922
398 1 3900
399 0 6441
400 0 125
401 0 5440
402 1 6662
403 0 7909
404 0 3864
405 0 7228
406 0 7668
407 0 5288
408 1 5017
409 1 1886
410 1 7938
411 1 6672
412 0 1043
413 0 455
414 0 2650
415 0 4474
416 0 6532
417 1 8752
418 0 9650
419 1 2286
420 1 6951
421 0 7266
422 1 3920
423 1 2766
424 0 6500
425 0 784
426 1 9740
427 1 3466
428 1 2106
429 1 3811
430 1 2939
431 0 1689
432 0 1962
433 0 8592
434 1 6974
435 0 9802
436 0 7914
437 0 3340
438 1 2456
439 1 4945
440 1 7325
441 1 7067
442 1 8880
443 1 6060
444 1 9868
445 1 787
446 1 5448
447 1 7166
448 0 4362
449 1 6194
450 1 585
451 1 2760
452 1 2161
453 1 4856
454 1 4444
455 0 122
456 0 617
457 0 7755
458 1 540
459 1 5608
460 1 3893
461 0 4141
462 0 6540
463 0 3401
464 1 2634
465 1 3797
466 0 162
467 0 1893
468 0 1154
469 0 6172
470 1 4251
471 1 4060
472 1 3915
473 1 9462
474 1 8133
475 1 7505
476 1 4238
477 0 5550
478 1 8974
479 1 181
480 0 6159
481 1 2454
482 0 4063
483 0 9427
484 1 2795
485 0 9504
486 1 8405
487 0 3336
488 0 4508
489 1 4151
490 1 783
491 0 1861
492 1 2141
493 0 5572
494 0 1727
495 0 7239
496 1 7421
497 1 3904
498 1 1790
499 0 6712
500 0 4969
501 0 9656
502 1 5060
503 1 2108
504 1 8568
505 0 3828
506 1 390
507 0 8961
508 0 6061
509 1 914
510 1 4727
511 0 7736
512 1 4765
513 1 2422
514 0 7173
515 0 4070
516 1 8646
517 1 4621
518 0 6368
519 0 1525
520 1 5700
521 1 3530
522 0 7890
523 0 7769
524 0 3942
525 0 8121
526 0 9422
527 1 3082
528 1 7773
529 0 8595
530 0 1845
531 1 1566
532 1 8214
533 1 9054
534 1 8971
535 1 6056
536 1 9621
537 0 7857
538 0 3001
539 0 1843
540 0 6807
541 1 5765
542 1 2774
543 1 992
544 0 107
545 1 8954
546 0 8087
547 0 5085
548 0 5354
549 1 6940
550 1 1454
551 1 9521
552 1 9598
553 1 2257
554 1 9254
555 1 425
556 1 3542
557 0 9182
558 0 6432
559 0 8196
560 1 2449
561 1 2584
562 1 347
563 1 1322
564 0 8647
565 1 4043
566 1 945
567 0 6655
568 0 930
569 1 1923
570 1 7431
571 0 2755
572 0 5546
573 1 263
574 1 8920
575 1 5168
576 1 8332
577 1 1658
578 1 3770
579 1 9891
580 1 9614
581 0 1070
582 0 2938
583 0 626
584 1 3717
585 0 6807
586 1 6170
587 0 9162
588 1 4361
589 0 1721
590 0 7692
591 0 3929
592 1 9594
593 0 7708
594 0 4676
595 1 7014
596 0 5012
597 0 9987
598 1 3996
599 1 5965
600 1 8074
601 0 7957
602 0 713
603 0 2687
604 1 5672
605 0 3379
606 0 8834
607 0 7390
608 0 7095
609 0 4536
610 0 7588
611 0 2054
612 1 1780
613 0 1825
614 1 8640
615 1 5233
616 0 3471
617 1 5664
618 0 9805
619 0 1376
620 1 1030
621 1 3172
622 1 5868
623 1 2965
624 1 2904
625 0 5971
626 0 843
627 1 9512
628 0 5266
629 1 4359
630 0 3453
631 1 8866
632 1 2962
633 0 7343
634 1 5402
635 0 2348
636 1 6462
637 0 5166
638 0 4192
639 1 4277
640 1 3723
641 1 2347
642 0 9769
643 0 6399
644 0 6879
645 1 7257
646 0 3223
647 1 9823
648 1 4696
649 1 8066
650 1 8050
651 0 4302
652 0 266
653 1 7217
654 1 5389
655 0 7248
656 0 352
657 0 4958
658 0 5332
659 1 8880
660 0 4560
661 1 4322
662 0 5477
663 0 3423
664 1 788
665 0 4178
666 1 7990
667 0 5637
668 0 6530
669 1 3271
670 0 5031
671 1 2801
672 1 8421
673 1 4547
674 0 7478
675 0 222
676 1 3724
677 0 7053
678 0 6547
679 1 9484
680 0 6110
681 1 9715
682 1 2466
683 1 2746
684 1 4648
685 1 4843
686 1 296
687 0 3708
688 1 3517
689 0 6047
690 0 4997
691 0 3831
692 1 2282
693 1 2092
694 0 7808
695 1 1928
696 1 7216
697 1 5243
698 1 5955
699 1 2155
700 1 3238
701 0 4113
702 1 5628
703 0 3168
704 0 2588
705 1 7267
706 1 8468
707 0 7180
708 0 9385
709 1 2722
710 0 1191
711 1 1357
712 1 3268
713 0 1435
714 1 5807
715 0 5182
716 0 6474
717 1 5737
718 0 6636
719 0 5781
720 1 4999
721 0 4827
722 0 8741
723 1 4403
724 1 7537
725 0 3499
726 0 3529
727 1 7739
728 1 238
729 0 5039
730 0 8832
731 0 8011
732 0 2440
733 1 1914
734 1 57
735 0 1171
736 1 9473
737 1 2946
738 0 6410
739 0 820
740 1 7930
741 1 5984
742 1 880
743 0 8227
744 1 5023
745 1 3381
746 0 1755
747 1 9127
748 1 7536
749 1 9014
750 0 6184
751 0 8346
752 0 794
753 0 3790
754 0 2895
755 1 7859
756 0 9550
757 0 4514
758 1 4241
759 0 9212
760 0 1369
761 0 5419
762 0 9905
763 0 3082
764 1 6144
765 1 2226
766 0 7875
767 0 598
768 0 5615
769 0 4106
770 1 2685
771 0 5086
772 0 3650
773 1 9219
774 1 5842
775 1 9714
776 1 1957
777 0 319
778 1 1577
779 0 9144
780 1 8486
781 0 4551
782 0 8564
783 1 6046
784 0 4624
785 1 452
786 0 3156
787 1 4083
788 1 3630
789 0 9283
790 1 2536
791 0 2302
792 1 4157
793 0 5555
794 1 8042
795 1 8130
796 0 6591
797 1 3254
798 0 1050
799 1 7845
800 0 9977
801 1 2488
802 1 7553
803 1 1437
804 0 2163
805 0 2539
806 1 8189
807 0 8
808 1 9128
809 1 404
810 0 9408
811 0 3694
812 1 1730
813 1 5394
814 0 1749
815 0 7164
816 1 4128
817 0 759
818 1 9356
819 0 3583
820 0 3363
821 1 6312
822 0 8499
823 0 6423
824 0 1124
825 1 1378
826 0 8370
827 0 8420
828 1 9664
829 0 2368
830 0 6505
831 0 3366
832 0 6408
833 1 1220
834 1 4032
835 0 3851
836 0 386
837 0 6988
838 0 8805
839 0 7426
840 0 2007
841 1 1811
842 1 3502
843 0 9014
844 1 5345
845 0 5948
846 1 1458
847 1 2179
848 0 8228
849 0 2182
850 1 1129
851 1 3003
852 1 1738
853 1 5056
854 0 1260
855 1 6206
856 1 5503
857 0 4522
858 0 4735
859 1 3123
860 1 4133
861 1 3920
862 0 9103
863 1 2397
864 0 198
865 1 5320
866 1 4738
867 0 336
868 0 931
869 0 3594
870 1 1658
871 0 1249
872 1 2884
873 1 512
874 1 6369
875 1 2413
876 0 1182
877 1 7684
878 0 6416
879 1 2297
880 1 7831
881 1 773
882 0 2599
883 1 1452
884 0 4250
885 0 263
886 0 8699
887 1 4764
888 1 96
889 0 4826
890 0 9662
891 1 3664
892 0 1333
893 0 5923
894 1 6159
895 0 2421
896 1 3120
897 1 5543
898 0 126
899 1 2007
900 1 8985
901 1 9044
902 0 2964
903 1 4439
904 1 804
905 1 8887
906 1 2312
907 1 9278
908 1 6977
909 0 5013
910 0 9868
911 1 8705
912 1 6673
913 0 4824
914 0 4617
915 0 2573
916 1 927
917 0 4232
918 1 9551
919 0 6935
920 0 5674
921 0 8562
922 1 3331
923 1 5878
924 1 4989
925 1 3918
926 1 1480
927 0 8969
928 1 3089
929 1 8508
930 0 2464
931 0 4347
932 1 950
933 0 9125
934 1 9165
935 0 7062
936 1 1844
937 1 1846
938 0 821
939 1 6844
940 0 8262
941 0 4754
942 0 9372
943 0 3726
944 1 5883
945 1 246
946 0 167
947 0 5189
948 0 453
949 0 4569
950 1 5931
951 0 7066
952 0 3155
953 0 3687
954 0 1621
955 1 2862
956 1 8627
957 1 8206
958 0 7417
959 1 7238
960 1 1925
961 1 1563
962 0 877
963 0 211
964 1 1974
965 1 2441
966 1 3343
967 0 3511
968 1 9725
969 1 6204
970 1 3601
971 0 8317
972 0 31
973 1 7555
974 0 7745
975 1 6087
976 1 1215
977 1 8515
978 0 447
979 1 3728
980 1 2195
981 1 8578
982 0 6600
983 1 5676
984 0 8385
985 0 7808
986 0 4418
987 0 7834
988 0 916
989 1 4685
990 0 3847
991 1 9331
992 0 133
993 1 5128
994 0 2115
995 0 9011
996 1 8688
997 1 7455
998 1 5103
999 0 6503
1000 0 4503
1001 1 9094
1002 1 4530
1003 1 8864
1004 1 1840
1005 0 455
1006 0 9558
1007 0 1118
1008 1 9018
1009 1 4227
1010 0 364
1011 0 7092
1012 0 6505
1013 1 9539
1014 0 2692
1015 0 4191
1016 0 3113
1017 1 3092
1018 0 2027
1019 1 3815
1020 0 5712
1021 1 852
1022 1 2587
1023 1 9858
1024 0 3227
1025 1 6601
1026 1 7233
1027 1 459
1028 0 7573
1029 0 8225
1030 1 9228
1031 0 8835
1032 1 2102
1033 0 3858
1034 1 2908
1035 1 8043
1036 0 1181
1037 0 9008
1038 0 4508
1039 1 4949
1040 0 290
1041 1 6172
1042 1 5457
1043 0 5424
1044 0 1627
1045 1 1563
1046 0 1012
1047 0 1680
1048 1 1117
1049 1 6665
1050 0 173
1051 0 6329
1052 1 2557
1053 1 6340
1054 0 4426
1055 1 2182
1056 0 3864
1057 0 929
1058 0 3314
1059 1 9325
1060 1 4995
1061 1 8332
1062 0 566
1063 0 5469
1064 1 7127
1065 1 2289
1066 0 8147
1067 1 723
1068 0 6451
1069 1 6079
1070 1 7316
1071 1 1032
1072 0 7973
1073 0 9708
1074 0 4002
1075 0 4770
1076 0 3274
1077 1 3247
1078 1 5057
1079 0 8560
1080 1 2462
1081 1 7399
1082 1 304
1083 1 5457
1084 1 1720
1085 1 3869
1086 1 4988
1087 0 7247
1088 0 1963
1089 0 8881
1090 0 7085
1091 1 3244
1092 0 6376
1093 1 7922
1094 1 7662
1095 1 3364
1096 0 5665
1097 1 150
1098 0 1821
1099 1 1606
1100 0 4399
1101 0 4212
1102 0 2161
1103 1 8516
1104 1 2475
1105 1 2974
1106 1 5723
1107 0 2269
1108 0 6193
1109 1 1886
1110 1 7425
1111 0 2476
1112 1 4990
1113 1 844
1114 1 2799
1115 1 7353
1116 0 4956
1117 0 9692
1118 1 2911
1119 0 6043
1120 1 6042
1121 1 8827
1122 0 5131
1123 0 1715
1124 1 5061
1125 0 7008
1126 0 2076
1127 1 6089
1128 1 5926
1129 1 6529
1130 1 6891
1131 0 5418
1132 0 4325
1133 1 9029
1134 1 1438
1135 0 5465
1136 0 2415
1137 1 8029
1138 0 3837
1139 0 8722
1140 1 2067
1141 1 5319
1142 1 4502
1143 0 8265
1144 0 3217
1145 0 5358
1146 1 5719
1147 0 3180
1148 1 8011
1149 1 8548
1150 1 9330
1151 1 6298
1152 1 1859
1153 0 7426
1154 0 1488
1155 1 9549
1156 0 8345
1157 1 5437
1158 1 2320
1159 1 2077
1160 0 2130
1161 1 5739
1162 0 8036
1163 1 6828
1164 0 5689
1165 1 5785
1166 0 3623
1167 0 1816
1168 1 3072
1169 0 1555
1170 1 5753
1171 1 5314
1172 1 912
1173 0 39
1174 1 7390
1175 1 8227
1176 1 8868
1177 0 9468
1178 0 2711
1179 0 1145
1180 1 5615
1181 0 2354
1182 0 9076
1183 0 5378
1184 0 1712
1185 0 4872
1186 1 5252
1187 0 8066
1188 0 3306
1189 0 9355
1190 0 6289
1191 0 5685
1192 0 1664
1193 1 8466
1194 1 9651
1195 1 9756
1196 1 1149
1197 1 5884
1198 1 8921
1199 1 2982
1200 0 6683
1201 1 8459
1202 1 3872
1203 0 4998
1204 1 8263
1205 1 4665
1206 1 8041
1207 1 8446
1208 1 6220
1209 0 7276
1210 1 7530
1211 1 2440
1212 0 4870
1213 1 3845
1214 0 9894
1215 0 8580
1216 1 2654
1217 1 5592
1218 1 3354
1219 1 8741
1220 0 5632
1221 0 9025
1222 1 4203
1223 0 3517
1224 0 8774
1225 1 6547
1226 0 5747
1227 0 4093
1228 0 1230
1229 1 4484
1230 1 1543
1231 1 1580
1232 0 515
1233 1 9520
1234 0 6302
1235 1 6776
1236 0 6560
1237 0 1620
1238 1 5848
1239 1 5890
1240 0 1612
1241 1 9004
1242 0 1872
1243 0 5095
1244 1 8021
1245 0 7552
1246 1 1454
1247 1 5524
1248 1 9296
1249 0 7583
1250 1 4302
1251 1 5060
1252 1 5992
1253 0 2428
1254 0 2127
1255 0 1958
1256 0 9448
1257 0 3718
1258 0 4451
1259 0 7424
1260 1 4952
1261 1 8937
1262 0 7911
1263 0 216
1264 1 1731
1265 1 4737
1266 0 7959
1267 0 5060
1268 0 3982
1269 0 4987
1270 1 5322
1271 1 66
1272 0 6864
1273 0 7316
1274 0 4121
1275 0 172
1276 1 8725
1277 1 7097
1278 0 7488
1279 1 2305
1280 1 4481
1281 0 7970
1282 0 6644
1283 0 1419
1284 0 8702
1285 0 3557
1286 0 8189
1287 0 8559
1288 1 3732
1289 1 97
1290 0 8817
1291 1 8009
1292 1 7596
1293 1 1556
1294 0 7663
1295 0 4781
1296 1 4479
1297 1 2878
1298 0 2517
1299 0 2235
1300 0 5528
1301 0 4358
1302 0 6609
1303 1 8474
1304 0 958
1305 1 6079
1306 1 3975
1307 1 9603
1308 0 9116
1309 1 2269
1310 0 3153
1311 1 8916
1312 1 5725
1313 0 6591
1314 1 5418
1315 1 5412
1316 0 3148
1317 0 2035
1318 1 798
1319 1 1877
1320 0 8327
1321 0 9072
1322 0 1514
1323 0 5485
1324 1 1840
1325 0 3873
1326 1 8665
1327 0 8683
1328 0 3174
1329 1 715
1330 0 5042
1331 1 7528
1332 1 8814
1333 1 4264
1334 0 2368
1335 0 9837
1336 0 4099
1337 1 6345
1338 1 8445
1339 1 3784
1340 0 4756
1341 1 5503
1342 1 374
1343 1 9303
1344 1 1264
1345 1 6025
1346 0 2118
1347 0 2124
1348 1 4323
1349 1 9061
1350 1 6964
1351 0 2385
1352 0 1310
1353 0 2556
1354 1 5850
1355 0 9530
1356 1 2981
1357 0 1040
1358 0 7303
1359 0 4202
1360 1 8357
1361 0 9081
1362 0 7660
1363 1 2088
1364 0 9342
1365 1 794
1366 0 83
1367 1 174
1368 0 2465
1369 0 8203
1370 0 5430
1371 0 6381
1372 0 5542
1373 1 9727
1374 1 8564
1375 0 8746
1376 0 2217
1377 0 9790
1378 1 1481
1379 0 6342
1380 0 1483
1381 1 3861
1382 0 4869
1383 1 6269
1384 0 2310
1385 0 3692
1386 1 9098
1387 0 529
1388 0 2753
1389 1 3319
1390 0 7819
1391 0 7814
1392 0 4968
1393 0 3116
1394 0 9240
1395 0 4634
1396 1 9512
1397 0 9868
1398 0 6638
1399 0 459
1400 1 5221
1401 1 2836
1402 0 6650
1403 1 4021
1404 0 433
1405 0 4273
1406 0 3934
1407 0 3835
1408 1 9907
1409 0 1902
1410 1 7500
1411 1 8825
1412 1 4553
1413 0 5968
1414 0 5232
1415 0 362
1416 0 7201
1417 1 1242
1418 0 3135
1419 0 8502
1420 1 5979
1421 0 1088
1422 0 249
1423 0 6314
1424 0 6812
1425 0 3971
1426 0 1234
1427 1 4805
1428 0 2478
1429 1 2194
1430 1 7105
1431 1 7244
1432 1 9366
1433 0 3718
1434 1 4088
1435 0 6651
1436 1 1420
1437 1 6002
1438 1 15
1439 1 2209
1440 0 3620
1441 0 1049
1442 0 7772
1443 1 9171
1444 0 2877
1445 0 5772
1446 1 8832
1447 1 8402
1448 1 8550
1449 1 5138
1450 1 9158
1451 0 8339
1452 1 6608
1453 0 7570
1454 0 6111
1455 0 9749
1456 1 2060
1457 0 9687
1458 0 9454
1459 1 6529
1460 1 8781
1461 0 2640
1462 0 8444
1463 0 4382
1464 1 4011
1465 1 1821
1466 0 9917
1467 1 6361
1468 0 3719
1469 0 9147
1470 0 4871
1471 0 7818
1472 1 7844
1473 0 4534
1474 1 2881
1475 1 886
1476 1 3345
1477 0 936
1478 0 681
1479 1 1815
1480 0 7413
1481 0 3798
1482 1 1201
1483 0 6515
1484 0 1100
1485 1 162
1486 0 7957
1487 0 4652
1488 1 9004
1489 0 6597
1490 1 6926
1491 1 1634
1492 1 756
1493 0 1284
1494 1 7229
1495 1 5884
1496 0 2124
1497 1 9938
1498 0 2901
1499 0 9553
1500 0 6121
1501 1 4537
1502 0 3942
1503 0 8314
1504 1 4828
1505 1 4439
1506 1 9792
1507 0 8023
1508 0 8216
1509 0 8361
1510 0 2622
1511 0 791
1512 1 3069
1513 1 817
1514 1 525
1515 1 685
1516 1 629
1517 1 7761
1518 0 4740
1519 1 4614
1520 0 3367
1521 0 3240
1522 0 9143
1523 1 1154
1524 0 8642
1525 1 1936
1526 0 1841
1527 1 1375
1528 1 8307
1529 0 4694
1530 0 5617
1531 1 115
1532 1 395
1533 1 6014
1534 1 5518
1535 1 3283
1536 0 5950
1537 0 5004
1538 1 272
1539 0 7983
1540 1 7766
1541 1 771
1542 1 7262
1543 0 8321
1544 1 6512
1545 0 1818
1546 1 5180
1547 1 1757
1548 0 7208
1549 0 7872
1550 1 3278
1551 1 9570
1552 0 6393
1553 0 7743
1554 1 4152
1555 1 4815
1556 0 8854
1557 1 1681
1558 0 2147
1559 1 2033
1560 0 4892
1561 0 9644
1562 0 535
1563 1 6054
1564 1 7910
1565 0 5970
1566 1 1275
1567 0 769
1568 0 9342
1569 1 478
1570 1 8008
1571 0 6695
1572 0 2666
1573 1 5516
1574 1 8093
1575 0 1117
1576 1 6251
1577 0 2601
1578 1 9354
1579 0 1433
1580 0 2719
1581 0 8516
1582 1 55
1583 1 2449
1584 1 8876
1585 1 4742
1586 0 6542
1587 0 9712
1588 0 9235
1589 1 3982
1590 1 15
1591 0 3578
1592 0 1555
1593 1 3405
1594 0 9401
1595 0 9366
1596 0 594
1597 1 9597
1598 0 4375
1599 1 4405
1600 1 7176
1601 0 540
1602 1 6652
1603 0 2372
1604 1 104
1605 0 725
1606 0 9510
1607 1 4173
1608 1 3995
1609 1 9875
1610 0 3062
1611 0 6592
1612 0 4794
1613 0 4519
1614 0 5226
1615 0 3126
1616 1 3101
1617 1 9564
1618 1 6739
1619 1 8437
1620 0 9849
1621 0 3384
1622 0 7809
1623 1 9795
1624 1 886
1625 0 2581
1626 1 4883
1627 1 7647
1628 1 9816
1629 0 1180
1630 1 4934
1631 1 2226
1632 0 1885
1633 1 6513
1634 1 3021
1635 0 7755
1636 0 5899
1637 1 9318
1638 0 1262
1639 0 7241
1640 1 3472
1641 0 8699
1642 0 3832
1643 0 1481
1644 1 1656
1645 0 6864
1646 1 1755
1647 0 6088
1648 0 8971
1649 1 3911
1650 1 4324
1651 1 1882
1652 1 7966
1653 1 8078
1654 1 2
1655 0 5124
1656 0 1218
1657 1 8517
1658 0 8112
1659 0 2393
1660 1 8694
1661 0 6786
1662 0 7165
1663 1 2648
1664 0 6625
1665 1 5791
1666 0 2620
1667 1 7443
1668 0 6622
1669 0 496
1670 1 868
1671 0 6523
1672 1 498
1673 1 8086
1674 0 6345
1675 0 8488
1676 0 1715
1677 0 2
1678 1 6692
1679 1 6386
1680 0 6929
1681 1 2547
1682 0 7118
1683 1 6406
1684 0 1911
1685 1 2136
1686 1 2130
1687 1 5040
1688 1 3637
1689 0 6049
1690 0 5751
1691 0 8651
1692 0 9206
1693 1 1828
1694 0 3651
1695 0 9773
1696 1 7419
1697 0 749
1698 1 8051
1699 0 4904
1700 1 8923
1701 1 8294
1702 1 3527
1703 1 8330
1704 0 712
1705 0 5040
1706 0 2059
1707 0 5726
1708 1 7101
1709 0 7538
1710 1 6206
1711 1 4472
1712 0 2842
1713 0 4124
1714 1 5912
1715 0 668
1716 1 9103
1717 0 3168
1718 0 4656
1719 0 5584
1720 0 9685
1721 1 4621
1722 0 2760
1723 1 7270
1724 0 9761
1725 0 3815
1726 1 3414
1727 0 1033
1728 0 2126
1729 0 7103
1730 1 8711
1731 1 9936
1732 0 1517
1733 0 4120
1734 0 5198
1735 0 1693
1736 1 8065
1737 1 5570
1738 1 1694
1739 0 3206
1740 0 1401
1741 1 6506
1742 1 3340
1743 0 7823
1744 0 2765
1745 0 3313
1746 0 1294
1747 1 4348
1748 0 8900
1749 0 8380
1750 0 5096
1751 1 9176
1752 0 8774
1753 1 8494
1754 1 8591
1755 0 3385
1756 1 7375
1757 1 6954
1758 0 2922
1759 1 9817
1760 0 2101
1761 0 7236
1762 0 7770
1763 1 7437
1764 1 4293
1765 0 1534
1766 0 5776
1767 1 3850
1768 1 5866
1769 0 9797
1770 1 9046
1771 0 8020
1772 0 6130
1773 1 1562
1774 1 5037
1775 0 8989
1776 1 8185
1777 0 3435
1778 1 4615
1779 0 7112
1780 1 7549
1781 1 6131
1782 1 7589
1783 1 4294
1784 1 7090
1785 0 7680
1786 1 3459
1787 0 8688
1788 0 1514
1789 0 106
1790 1 199
1791 0 1067
1792 1 1373
1793 1 9446
1794 0 6531
1795 1 8798
1796 0 4009
1797 0 6246
1798 1 1032
1799 1 2118
1800 1 3675
1801 1 1653
1802 1 6325
1803 1 1104
1804 0 5014
1805 1 6517
1806 0 9060
1807 1 5796
1808 0 4272
1809 0 8268
1810 0 2390
1811 0 5795
1812 1 6988
1813 1 8901
1814 0 9726
1815 0 8384
1816 1 3321
1817 1 7435
1818 1 193
1819 1 9391
1820 1 4696
1821 1 5524
1822 1 3468
1823 0 9690
1824 1 3409
1825 0 7263
1826 0 1401
1827 0 1565
1828 1 4161
1829 1 1167
1830 1 1736
1831 0 207
1832 0 2825
1833 1 134
1834 1 1151
1835 0 2660
1836 1 7256
1837 0 7161
1838 1 780
1839 0 1791
1840 1 1218
1841 0 129
1842 1 5877
1843 0 5547
1844 1 1820
1845 1 367
1846 0 4059
1847 0 8317
1848 0 2637
1849 1 3991
1850 1 3635
1851 0 25
1852 0 7165
1853 0 3497
1854 1 5868
1855 1 4759
1856 0 7891
1857 0 3285
1858 1 7930
1859 0 4899
1860 1 8681
1861 0 4620
1862 1 848
1863 0 9473
1864 0 7135
1865 1 857
1866 1 9258
1867 0 5158
1868 0 9740
1869 0 7815
1870 1 3017
1871 1 3020
1872 1 9748
1873 1 1290
1874 1 9733
1875 1 255
1876 0 808
1877 0 7509
1878 1 686
1879 1 779
1880 1 4116
1881 0 3943
1882 0 5280
1883 1 5720
1884 1 8399
1885 1 29
1886 0 1092
1887 0 6181
1888 0 6676
1889 0 4966
1890 1 3165
1891 1 8683
1892 0 538
1893 1 7723
1894 1 6723
1895 1 4730
1896 1 6141
1897 1 8193
1898 1 6330
1899 1 6668
1900 0 2074
1901 0 3345
1902 0 9545
1903 0 1068
1904 1 6581
1905 0 1906
1906 1 3344
1907 0 9536
1908 0 4748
1909 0 9434
1910 0 9072
1911 0 99
1912 0 6779
1913 0 4956
1914 0 4082
1915 1 3680
1916 0 135
1917 1 8167
1918 1 497
1919 1 6239
1920 1 636
1921 0 9431
1922 0 9091
1923 1 281
1924 0 3181
1925 1 9578
1926 0 7166
1927 0 2561
1928 0 9289
1929 1 4147
1930 1 2873
1931 0 5951
1932 1 4369
1933 0 6083
1934 1 1033
1935 0 9116
1936 0 6143
1937 1 8411
1938 1 3224
1939 0 7647
1940 1 117
1941 1 6883
1942 1 950
1943 0 6557
1944 0 3941
1945 1 2766
1946 1 3114
1947 0 5295
1948 1 6605
1949 1 9699
1950 1 6677
1951 0 4925
1952 0 5570
1953 1 2461
1954 0 8515
1955 0 6039
1956 0 8078
1957 1 3901
1958 0 7159
1959 0 9169
1960 1 4800
1961 1 5706
1962 1 7253
1963 0 2321
1964 0 7523
1965 0 6623
1966 0 9650
1967 1 1595
1968 0 135
1969 0 213
1970 1 2050
1971 0 6833
1972 0 2442
1973 1 5127
1974 0 6820
1975 1 8392
1976 1 7603
1977 1 5570
1978 1 2398
1979 0 6676
1980 1 5330
1981 0 5875
1982 1 3033
1983 0 3171
1984 1 3167
1985 0 3200
1986 1 6222
1987 0 7588
1988 1 7805
1989 1 1276
1990 0 691
1991 0 7589
1992 0 2708
1993 0 5926
1994 1 3653
1995 1 8370
1996 1 3248
1997 0 5957
1998 1 362
1999 1 4372
2000 1 9149
2001 1 2482
2002 0 5069
2003 0 2649
2004 1 2009
2005 0 3626
2006 0 1178
2007 0 9362
2008 1 3329
2009 1 8075
2010 1 4026
2011 0 3308
2012 0 3770
2013 0 2317
2014 1 1590
2015 0 4158
2016 1 82
2017 1 5120
2018 1 9383
2019 0 9683
2020 1 5737
2021 0 6092
2022 0 1090
2023 1 7737
2024 1 7878
2025 1 3004
2026 0 2495
2027 1 5891
2028 1 7973
2029 1 2832
2030 0 8533
2031 1 5575
2032 0 1984
2033 1 7882
2034 1 314
2035 1 3663
2036 0 2763
2037 1 7997
2038 1 713
2039 1 8477
2040 0 8086
2041 1 5196
2042 1 8718
2043 0 2979
2044 0 3846
2045 1 2439
2046 0 4949
2047 1 3280
2048 1 4728
2049 1 5053
2050 0 9189
2051 1 4535
2052 1 1074
2053 1 2088
2054 1 9277
2055 1 1846
2056 0 5863
2057 1 6746
2058 0 6315
2059 0 9256
2060 1 4932
2061 1 4036
2062 0 8934
2063 0 8441
2064 1 2611
2065 1 9559
2066 0 5384
2067 1 3868
2068 1 8500
2069 0 774
2070 0 1329
2071 0 4369
2072 1 6274
2073 1 6794
2074 0 7112
2075 0 4393
2076 1 8126
2077 0 3656
2078 1 8042
2079 0 6476
2080 1 7171
2081 0 4289
2082 1 2101
2083 1 9561
2084 0 6497
2085 1 9251
2086 0 7963
2087 1 309
2088 1 993
2089 0 2050
2090 0 6800
2091 0 337
2092 1 3555
2093 1 9448
2094 1 6697
2095 1 6587
2096 0 6364
2097 1 9086
2098 1 5008
2099 1 1500
2100 1 5101
2101 1 3824
2102 0 5419
2103 0 9196
2104 0 7328
2105 0 7305
2106 0 8039
2107 1 8180
2108 0 3890
2109 0 4117
2110 0 662
2111 0 2407
2112 1 3724
2113 0 2272
2114 0 7349
2115 1 4510
2116 0 674
2117 0 9148
2118 0 318
2119 1 8114
2120 1 2430
2121 1 5855
2122 0 469
2123 0 2555
2124 0 8381
2125 0 4763
2126 1 1739
2127 1 1206
2128 1 2569
2129 1 9869
2130 0 910
2131 1 8291
2132 1 1662
2133 0 998
2134 0 4032
2135 0 3431
2136 0 699
2137 1 2664
2138 0 5930
2139 1 769
2140 1 944
2141 1 7731
2142 1 9261
2143 0 4510
2144 1 5203
2145 1 5532
2146 1 7893
2147 0 3103
2148 0 6381
2149 1 509
2150 1 1505
2151 0 7966
2152 1 677
2153 1 7920
2154 0 1482
2155 1 2122
2156 0 5618
2157 0 8851
2158 1 3079
2159 0 3294
2160 0 5111
2161 0 7371
2162 1 1801
2163 0 7111
2164 0 617
2165 0 1860
2166 1 3205
2167 0 8833
2168 1 2146
2169 0 7464
2170 0 8290
2171 0 506
2172 0 1187
2173 0 9546
2174 1 1115
2175 1 5189
2176 0 3907
2177 0 3570
2178 1 8874
2179 0 4882
2180 1 982
2181 0 5946
2182 1 5673
2183 1 792
2184 0 7883
2185 1 1118
2186 1 3533
2187 1 7237
2188 0 3706
2189 0 4823
2190 1 2549
2191 1 9304
2192 1 4610
2193 1 794
2194 1 3519
2195 0 6519
2196 0 4214
2197 0 9181
2198 0 3318
2199 1 8154
2200 0 6057
2201 1 9319
2202 1 9594
2203 1 9490
2204 0 873
2205 1 3028
2206 0 9180
2207 0 9897
2208 0 6152
2209 1 4507
2210 1 8235
2211 0 3065
2212 1 143
2213 0 4435
2214 1 6584
2215 0 7991
2216 1 6008
2217 0 5668
2218 0 6802
2219 0 8175
2220 1 1952
2221 1 2651
2222 1 2278
2223 0 5130
2224 0 8823
2225 1 228
2226 1 2146
2227 1 3322
2228 0 3200
2229 0 1906
2230 0 3170
2231 0 4503
2232 1 4482
2233 0 9866
2234 1 9292
2235 0 6551
2236 0 594
2237 0 7121
2238 1 9777
2239 0 1418
2240 1 8375
2241 0 57
2242 0 9093
2243 0 8775
2244 0 9131
2245 1 6335
2246 1 2977
2247 0 401
2248 1 2923
2249 1 3704
2250 1 532
2251 1 3938
2252 0 2939
2253 0 4329
2254 0 4188
2255 1 3631
2256 0 2531
2257 1 6438
2258 0 2934
2259 0 4116
2260 0 9833
2261 0 6488
2262 0 3262
2263 0 8831
2264 1 5658
2265 1 754
2266 1 9463
2267 1 4894
2268 1 8056
2269 0 259
2270 0 1496
2271 1 2921
2272 1 8288
2273 1 4157
2274 1 4463
2275 0 7355
2276 0 744
2277 1 2629
2278 0 4732
2279 0 9401
2280 1 3
2281 1 6286
2282 0 1869
2283 1 8224
2284 1 6801
2285 0 5385
2286 1 7206
2287 1 7361
2288 1 896
2289 0 3385
2290 1 1535
2291 0 9909
2292 0 5994
2293 0 8240
2294 0 3492
2295 0 1741
2296 0 9315
2297 0 1264
2298 0 6566
2299 0 963
2300 1 2739
2301 1 5134
2302 1 5456
2303 0 9806
2304 1 379
2305 0 2019
2306 0 4732
2307 0 2118
2308 0 6599
2309 0 2583
2310 1 1956
2311 0 5257
2312 1 6358
2313 0 3764
2314 1 9124
2315 1 4736
2316 1 525
2317 0 5310
2318 0 8847
2319 0 105
2320 0 50
2321 0 262
2322 0 3973
2323 0 411
2324 1 6950
2325 0 1497
2326 1 4455
2327 0 3878
2328 0 7762
2329 1 1990
2330 1 554
2331 0 2185
2332 0 4571
2333 1 1349
2334 1 4876
2335 1 7952
2336 1 6116
2337 0 2187
2338 0 9814
2339 1 2871
2340 0 8006
2341 0 7928
2342 0 8011
2343 0 739
2344 1 8064
2345 0 5393
2346 0 5451
2347 1 9174
2348 0 7237
2349 1 8997
2350 1 5369
2351 1 4245
2352 1 5478
2353 0 8246
2354 1 3350
2355 0 8857
2356 1 3723
2357 1 7042
2358 1 1692
2359 1 8991
2360 1 9538
2361 0 82
2362 1 7400
2363 0 6842
2364 1 8043
2365 0 2099
2366 1 771
2367 1 2803
2368 0 7422
2369 0 7356
2370 0 3585
2371 0 257
2372 1 6989
2373 0 9086
2374 1 1670
2375 0 1557
2376 1 8592
2377 1 6490
2378 1 7901
2379 1 5504
2380 0 1829
2381 1 3820
2382 0 5987
2383 0 2633
2384 1 3295
2385 0 1173
2386 0 3808
2387 0 8532
2388 0 1858
2389 0 1092
2390 0 3259
2391 1 7514
2392 1 9176
2393 1 469
2394 1 6710
2395 0 4983
2396 0 1708
2397 0 9859
2398 1 1943
2399 0 480
2400 0 5071
2401 0 8779
2402 0 9623
2403 0 8136
2404 0 2234
2405 1 6302
2406 0 1683
2407 1 75
2408 0 9675
2409 1 6499
2410 1 2854
2411 1 4998
2412 0 245
2413 1 460
2414 1 5573
2415 0 7773
2416 1 8674
2417 1 9987
2418 1 4720
2419 0 2943
2420 1 3248
2421 0 6857
2422 1 1345
2423 0 7800
2424 0 2573
2425 0 3381
2426 0 6011
2427 1 7528
2428 0 297
2429 0 6734
2430 1 9665
2431 0 2703
2432 0 2602
2433 0 8475
2434 1 5139
2435 1 145
2436 1 2410
2437 0 8770
2438 1 4132
2439 0 3690
2440 0 8191
2441 1 7685
2442 0 4590
2443 0 2624
2444 1 415
2445 1 9580
2446 1 5444
2447 1 9350
2448 0 8542
2449 0 7670
2450 1 9465
2451 0 4108
2452 0 6623
2453 0 5744
2454 0 3491
2455 1 3061
2456 0 205
2457 1 4994
2458 0 4699
2459 0 4930
2460 1 3368
2461 1 2214
2462 1 7255
2463 1 5048
2464 1 1585
2465 1 4447
2466 0 622
2467 1 7274
2468 0 8232
2469 0 9613
2470 1 1049
2471 0 7531
2472 1 6896
2473 0 7656
2474 1 8467
2475 1 7990
2476 1 8944
2477 1 1668
2478 1 3312
2479 1 4543
2480 1 4870
2481 1 3164
2482 0 8230
2483 0 6008
2484 1 7101
2485 1 3193
2486 1 1377
2487 1 5987
2488 0 7724
2489 1 683
2490 1 4630
2491 0 9255
2492 1 1221
2493 0 304
2494 1 8570
2495 0 3471
2496 0 1660
2497 0 9439
2498 0 6287
2499 1 125
2500 0 3514
2501 1 8441
2502 0 5818
2503 0 4707
2504 0 9841
2505 0 9559
2506 1 4107
2507 1 3016
2508 0 732
2509 1 6208
2510 1 1597
2511 0 3941
2512 0 1456
2513 1 5867
2514 1 6435
2515 0 1560
2516 1 4322
2517 1 3086
2518 1 6148
2519 1 8855
2520 0 4213
2521 1 9161
2522 1 6313
2523 0 8941
2524 1 5166
2525 1 7560
2526 0 8008
2527 0 8832
2528 1 3378
2529 1 2152
2530 0 4877
2531 1 2097
2532 0 704
2533 1 5796
2534 0 1031
2535 1 1638
2536 1 9610
2537 1 5900
2538 1 7317
2539 1 6727
2540 1 7120
2541 1 9629
2542 0 955
2543 0 7185
2544 0 6380
2545 1 6269
2546 0 7968
2547 1 4731
2548 0 4409
2549 0 6529
2550 1 8721
2551 0 8969
2552 1 6967
2553 1 9949
2554 1 8643
2555 0 4005
2556 1 5121
2557 1 3353
2558 1 3700
2559 1 1679
2560 0 1152
2561 0 3483
2562 0 3768
2563 1 7040
2564 0 6965
2565 1 3173
2566 0 3498
2567 1 6674
2568 1 5210
2569 0 341
2570 1 1909
2571 1 9757
2572 1 1161
2573 0 5967
2574 1 9739
2575 0 4423
2576 1 228
2577 0 3588
2578 0 7193
2579 0 3298
2580 0 7130
2581 0 5956
2582 1 7710
2583 1 4535
2584 1 9434
2585 0 403
2586 0 7922
2587 1 9443
2588 1 8801
2589 1 9156
2590 0 1037
2591 1 3889
2592 0 1091
2593 1 8933
2594 1 6862
2595 0 7403
2596 1 2779
2597 0 3245
2598 1 5969
2599 1 5671
2600 1 982
2601 1 3505
2602 0 625
2603 0 6861
2604 0 1585
2605 1 4475
2606 0 7572
2607 1 5388
2608 0 512
2609 0 4768
2610 0 9692
2611 1 1854
2612 0 4059
2613 1 6412
2614 0 1155
2615 1 2027
2616 1 1431
2617 0 8774
2618 0 207
2619 1 9759
2620 1 7716
2621 0 6672
2622 0 474
2623 1 6242
2624 0 5720
2625 0 7322
2626 1 3116
2627 0 3481
2628 1 5993
2629 0 6547
2630 1 5392
2631 0 4590
2632 1 7872
2633 0 5138
2634 1 1393
2635 1 7665
2636 1 297
2637 1 1603
2638 1 456
2639 0 6100
2640 1 2149
2641 0 4984
2642 0 1895
2643 1 6418
2644 1 6778
2645 0 9354
2646 0 4509
2647 0 8902
2648 0 4471
2649 1 6200
2650 1 9938
2651 0 4948
2652 0 6175
2653 1 1398
2654 0 2236
2655 0 8617
2656 0 3280
2657 1 6274
2658 1 5515
2659 0 7539
2660 0 2921
2661 1 7594
2662 0 2376
2663 1 3850
2664 1 6389
2665 0 8844
2666 1 4275
2667 0 1194
2668 1 3976
2669 1 9017
2670 1 2896
2671 1 2928
2672 0 8175
2673 0 9698
2674 0 9647
2675 0 6392
2676 0 8592
2677 1 4255
2678 1 7734
2679 1 3377
2680 1 7940
2681 0 7367
2682 1 7516
2683 0 4242
2684 0 9223
2685 0 1668
2686 0 604
2687 0 687
2688 0 5981
2689 0 8830
2690 1 6595
2691 1 1630
2692 1 9198
2693 0 9334
2694 0 351
2695 0 636
2696 1 6543
2697 1 6076
2698 1 4302
2699 0 2627
2700 1 1074
2701 0 2126
2702 1 6589
2703 0 2799
2704 0 1226
2705 0 3466
2706 0 9506
2707 1 1370
2708 0 6008
2709 1 1217
2710 1 4016
2711 1 3094
2712 1 341
2713 1 8369
2714 0 713
2715 0 6590
2716 0 9683
2717 1 2896
2718 0 3696
2719 0 828
2720 0 9817
2721 0 7464
2722 0 4860
2723 0 4749
2724 1 4138
2725 1 1433
2726 1 428
2727 1 1030
2728 1 1495
2729 1 5013
2730 0 6016
2731 0 3401
2732 0 6351
2733 0 5360
2734 0 106
2735 0 4773
2736 1 1002
2737 0 6618
2738 0 1535
2739 0 6547
2740 0 371
2741 1 3571
2742 1 6257
2743 0 2053
2744 1 3526
2745 1 2057
2746 1 6914
2747 0 4684
2748 1 5154
2749 1 4353
2750 0 5666
2751 0 8637
2752 0 4396
2753 0 8496
2754 1 3424
2755 0 11
2756 1 4915
2757 0 6587
2758 0 6047
2759 0 3635
2760 1 4092
2761 1 2902
2762 1 316
2763 1 5809
2764 0 5961
2765 0 8489
2766 1 2986
2767 0 4546
2768 1 4345
2769 0 9403
2770 0 2278
2771 1 8930
2772 1 73
2773 1 280
2774 0 6562
2775 1 1539
2776 1 6803
2777 0 2516
2778 0 6381
2779 0 1393
2780 1 7104
2781 0 2661
2782 0 6171
2783 1 8246
2784 1 4337
2785 1 7670
2786 1 7288
2787 0 8811
2788 1 9000
2789 0 7985
2790 1 4687
2791 1 3451
2792 0 5605
2793 0 8005
2794 1 9523
2795 0 5795
2796 0 5571
2797 1 7499
2798 1 6907
2799 1 8055
2800 0 5000
2801 0 6428
2802 1 5837
2803 1 8272
2804 1 8633
2805 1 6049
2806 1 1911
2807 0 250
2808 1 2888
2809 0 7803
2810 1 2634
2811 0 2328
2812 0 402
2813 0 692
2814 0 588
2815 0 8016
2816 1 9799
2817 0 8275
2818 1 3034
2819 1 4088
2820 1 5972
2821 0 4481
2822 0 9671
2823 0 397
2824 0 5120
2825 1 3339
2826 0 9059
2827 1 9604
2828 0 5915
2829 1 6436
2830 1 9602
2831 1 4492
2832 1 5556
2833 0 1371
2834 1 4770
2835 0 1745
2836 1 5842
2837 0 9727
2838 0 6461
2839 1 4878
2840 1 9612
2841 0 4320
2842 1 2681
2843 0 6218
2844 1 190
2845 0 5399
2846 1 3614
2847 1 3165
2848 1 4545
2849 1 8705
2850 1 8831
2851 0 9252
2852 0 2469
2853 1 2185
2854 1 5910
2855 1 5484
2856 0 8094
2857 0 9555
2858 0 1917
2859 0 1755
2860 1 2338
2861 0 7031
2862 0 6880
2863 0 2039
2864 0 8116
2865 0 3272
2866 1 2188
2867 0 2030
2868 1 4654
2869 0 1504
2870 0 3320
2871 1 1903
2872 0 734
2873 0 5001
2874 1 9744
2875 0 2515
2876 0 8297
2877 0 5028
2878 1 232
2879 1 3935
2880 0 6824
2881 0 162
2882 0 9930
2883 1 2712
2884 1 7780
2885 0 5921
2886 0 3974
2887 1 1568
2888 1 3059
2889 0 9189
2890 1 3690
2891 0 1645
2892 0 8790
2893 0 3540
2894 0 3655
2895 1 841
2896 0 1220
2897 1 2054
2898 0 6065
2899 0 8284
2900 1 9029
2901 1 4310
2902 0 9873
2903 1 1896
2904 1 6369
2905 1 4643
2906 1 7450
2907 0 6564
2908 0 9329
2909 0 8613
2910 0 2743
2911 1 7173
2912 1 706
2913 0 569
2914 1 7181
2915 0 4452
2916 0 6453
2917 0 9678
2918 0 5266
2919 1 1449
2920 1 6864
2921 0 650
2922 1 3937
2923 1 2262
2924 0 5818
2925 1 5888
2926 0 972
2927 0 7317
2928 1 9919
2929 0 4556
2930 0 3117
2931 1 994
2932 1 5933
2933 0 68
2934 0 558
2935 1 6105
2936 0 5424
2937 0 5515
2938 1 2045
2939 1 946
2940 0 421
2941 1 8710
2942 1 1347
2943 0 7948
2944 1 1189
2945 0 3096
2946 0 4918
2947 0 5911
2948 1 4139
2949 1 318
2950 1 184
2951 0 7992
2952 0 2808
2953 1 6677
2954 1 5988
2955 1 7830
2956 1 3307
2957 0 8657
2958 0 6806
2959 1 3525
2960 1 861
2961 1 6329
2962 1 8976
2963 0 7658
2964 0 6165
2965 0 8437
2966 0 5185
2967 1 1400
2968 1 7478
2969 0 3154
2970 0 737
2971 0 3625
2972 1 5909
2973 0 2282
2974 1 1716
2975 1 1496
2976 0 8301
2977 1 1285
2978 1 2315
2979 1 8161
2980 1 3517
2981 0 7575
2982 0 4833
2983 0 2005
2984 0 985
2985 1 4685
2986 1 9392
2987 1 9000
2988 0 2089
2989 1 6311
2990 0 2429
2991 1 4552
2992 0 7870
2993 1 4895
2994 0 326
2995 1 9932
2996 0 1833
2997 1 8027
2998 1 4787
2999 0 5393
3000 0 3247
3001 1 9137
3002 0 8508
3003 0 9153
3004 1 1853
3005 0 5076
3006 0 209
3007 0 7876
3008 1 8836
3009 1 4456
3010 1 1933
3011 0 5329
3012 0 349
3013 1 2780
3014 0 4003
3015 1 1576
3016 0 1661
3017 0 8021
3018 0 6534
3019 0 2260
3020 1 1193
3021 0 5306
3022 1 3474
3023 1 7699
3024 0 3312
3025 0 2690
3026 1 379
3027 1 6637
3028 0 6228
3029 1 6537
3030 0 6069
3031 0 3679
3032 1 349
3033 1 8850
3034 1 3929
3035 0 8967
3036 1 149
3037 1 917
3038 0 4857
3039 1 6879
3040 1 9816
3041 0 7486
3042 0 6437
3043 1 5475
3044 0 7963
3045 0 6671
3046 1 3626
3047 1 3367
3048 0 7175
3049 0 3697
3050 0 3615
3051 0 5472
3052 0 2535
3053 1 3530
3054 0 6565
3055 1 4348
3056 0 9877
3057 1 8610
3058 0 1375
3059 1 8844
3060 1 9465
3061 1 215
3062 0 3331
3063 0 174
3064 1 8753
3065 0 8357
3066 0 7540
3067 1 6044
3068 0 4013
3069 1 8964
3070 1 8908
3071 1 5167
3072 0 8277
3073 0 6405
3074 1 2489
3075 1 6994
3076 1 7533
3077 1 2742
3078 0 6567
3079 0 5533
3080 1 9443
3081 1 8950
3082 1 3736
3083 1 6237
3084 0 2549
3085 1 2415
3086 0 3195
3087 1 990
3088 1 4523
3089 0 2126
3090 1 7069
3091 1 2205
3092 1 2809
3093 0 8622
3094 0 8795
3095 0 5493
3096 0 3375
3097 1 8438
3098 1 8632
3099 0 9963
3100 1 1233
3101 1 1871
3102 1 5649
3103 1 1860
3104 0 4772
3105 1 8656
3106 1 9656
3107 0 7627
3108 0 4738
3109 1 8781
3110 1 719
3111 0 8417
3112 0 3284
3113 0 584
3114 0 6368
3115 0 4306
3116 1 8788
3117 1 2377
3118 1 2061
3119 0 5019
3120 1 8810
3121 0 6285
3122 1 4921
3123 1 8634
3124 1 2445
3125 0 7581
3126 1 6256
3127 1 2974
3128 1 9518
3129 0 2869
3130 0 3800
3131 1 3518
3132 0 7652
3133 1 3744
3134 0 4165
3135 1 9096
3136 0 2887
3137 1 4404
3138 1 8804
3139 0 3410
3140 0 9537
3141 1 2437
3142 1 5098
3143 0 2272
3144 1 4721
3145 1 3818
3146 1 9658
3147 0 4866
3148 1 2875
3149 0 4223
3150 1 2530
3151 1 706
3152 1 8816
3153 1 8420
3154 1 7417
3155 0 9951
3156 1 2923
3157 0 4053
3158 0 6567
3159 0 7644
3160 1 5286
3161 1 7191
3162 1 2160
3163 1 8500
3164 0 8288
3165 1 7477
3166 0 8521
3167 1 6953
3168 0 7639
3169 1 8976
3170 0 2516
3171 0 5850
3172 1 9509
3173 0 2358
3174 1 4156
3175 1 3311
3176 0 8031
3177 0 6474
3178 1 9965
3179 1 5464
3180 0 3400
3181 0 372
3182 0 5605
3183 1 8333
3184 1 7156
3185 0 2025
3186 0 83
3187 0 9676
3188 0 3555
3189 0 211
3190 1 9634
3191 0 9881
3192 0 4203
3193 1 8336
3194 1 2985
3195 1 5419
3196 1 928
3197 0 7087
3198 1 2453
3199 1 1282
3200 1 9899
3201 0 7846
3202 1 6608
3203 0 7880
3204 0 3532
3205 1 4516
3206 0 4169
3207 1 7370
3208 0 8343
3209 1 4486
3210 0 6919
3211 0 4502
3212 0 7098
3213 0 4031
3214 1 4531
3215 1 1975
3216 0 8211
3217 0 1061
3218 1 9631
3219 1 9039
3220 1 5566
3221 1 1350
3222 0 1453
3223 1 8568
3224 0 1170
3225 1 4868
3226 0 8691
3227 0 5547
3228 1 146
3229 0 6211
3230 1 9857
3231 0 9686
3232 1 34
3233 1 2391
3234 0 5245
3235 0 6516
3236 1 9520
3237 0 4822
3238 1 7350
3239 1 6414
3240 0 1078
3241 0 1878
3242 1 5068
3243 0 7727
3244 0 196
3245 0 139
3246 0 4598
3247 0 8485
3248 1 5106
3249 1 3656
3250 1 6891
3251 0 9362
3252 0 3037
3253 1 2629
3254 1 1807
3255 0 4508
3256 1 4042
3257 1 7859
3258 1 5332
3259 1 9330
3260 0 1048
3261 0 7065
3262 0 9907
3263 1 2418
3264 1 8000
3265 1 7425
3266 1 1730
3267 0 6078
3268 0 4220
3269 0 3592
3270 1 4785
3271 1 6618
3272 1 5383
3273 1 6395
3274 1 3575
3275 1 9610
3276 0 7641
3277 1 2930
3278 1 1751
3279 0 2946
3280 1 9045
3281 1 830
3282 0 7430
3283 0 5315
3284 1 9472
3285 0 6623
3286 0 3566
3287 0 2139
3288 1 2408
3289 0 7730
3290 0 1378
3291 0 5982
3292 1 5229
3293 1 5684
3294 1 6613
3295 1 2577
3296 1 9943
3297 1 9024
3298 1 7374
3299 0 4660
3300 0 6945
3301 0 4105
3302 0 8995
3303 1 1883
3304 0 3855
3305 1 6235
3306 0 9346
3307 1 9044
3308 0 57
3309 0 6114
3310 0 4489
3311 0 8212
3312 1 9887
3313 1 5361
3314 0 822
3315 0 7371
3316 1 3988
3317 1 2188
3318 1 20
3319 0 5657
3320 1 9083
3321 0 4876
3322 1 9281
3323 1 1274
3324 1 5981
3325 0 9333
3326 0 7599
3327 1 5910
3328 0 718
3329 0 6060
3330 0 8047
3331 0 717
3332 0 1916
3333 1 8817
3334 0 9406
3335 0 2023
3336 0 984
3337 1 4982
3338 1 4684
3339 1 8378
3340 0 8099
3341 1 2454
3342 1 6044
3343 1 15
3344 0 3031
3345 1 339
3346 1 8332
3347 0 1953
3348 1 2084
3349 1 2835
3350 0 1419
3351 1 5281
3352 1 5330
3353 1 1642
3354 0 4745
3355 1 2555
3356 0 2111
3357 1 2525
3358 0 797
3359 0 3680
3360 0 7397
3361 0 3045
3362 0 8398
3363 1 270
3364 1 4378
3365 0 284
3366 1 9880
3367 1 7971
3368 0 8991
3369 1 1901
3370 1 3752
3371 1 3871
3372 1 2394
3373 0 324
3374 0 5339
3375 1 7895
3376 0 7049
3377 0 832
3378 1 7412
3379 0 1508
3380 1 9754
3381 0 7981
3382 1 6577
3383 1 5873
3384 1 6090
3385 1 6572
3386 1 1792
3387 1 3668
3388 1 2006
3389 1 6470
3390 1 7066
3391 0 6705
3392 1 5006
3393 0 4506
3394 1 1024
3395 1 9723
3396 0 512
3397 0 3545
3398 1 471
3399 1 7061
3400 0 4066
3401 1 6021
3402 0 4875
3403 1 7880
3404 0 4414
3405 1 3315
3406 0 5092
3407 0 1061
3408 1 2776
3409 1 8839
3410 0 2638
3411 1 6092
3412 0 945
3413 1 2588
3414 0 1482
3415 1 4399
3416 1 4962
3417 0 1867
3418 0 5680
3419 1 7739
3420 0 930
3421 0 6540
3422 0 9635
3423 1 2641
3424 1 3368
3425 0 6679
3426 1 6031
3427 1 9748
3428 1 2444
3429 1 7323
3430 0 5885
3431 0 7346
3432 1 6074
3433 1 1628
3434 0 969
3435 0 6294
3436 1 5022
3437 1 6592
3438 0 4064
3439 0 2371
3440 0 9130
3441 1 3132
3442 1 665
3443 0 4477
3444 0 1854
3445 1 9668
3446 1 2688
3447 0 7599
3448 1 5471
3449 1 8628
3450 1 8684
3451 0 3441
3452 0 9207
3453 0 1049
3454 1 8904
3455 0 8108
3456 1 855
3457 0 697
3458 1 2249
3459 1 6129
3460 1 3963
3461 1 2442
3462 1 6170
3463 1 4967
3464 1 989
3465 1 242
3466 1 7746
3467 1 7045
3468 0 2868
3469 0 3054
3470 0 7213
3471 1 2540
3472 0 9520
3473 0 7559
3474 0 4745
3475 0 9252
3476 0 5248
3477 1 866
3478 0 5448
3479 0 2028
3480 1 5268
3481 1 8900
3482 0 5575
3483 1 3314
3484 1 4752
3485 1 7928
3486 0 1153
3487 0 9504
3488 0 4053
3489 0 8835
3490 1 6835
3491 0 1520
3492 1 6437
3493 1 8599
3494 0 2319
3495 1 862
3496 0 9758
3497 0 3461
3498 0 4087
3499 1 8719
3500 1 9852
3501 0 8264
3502 1 4632
3503 1 4238
3504 0 211
3505 0 190
3506 0 1694
3507 0 345
3508 1 669
3509 1 7756
3510 1 7417
3511 0 8810
3512 0 7260
3513 1 535
3514 0 1805
3515 1 6112
3516 0 6654
3517 1 4036
3518 1 4910
3519 0 8084
3520 0 6762
3521 0 8494
3522 0 5677
3523 1 222
3524 1 7433
3525 1 3897
3526 1 7532
3527 0 635
3528 1 9001
3529 1 1071
3530 0 186
3531 1 4448
3532 1 3435
3533 0 8888
3534 0 9745
3535 1 9354
3536 0 7974
3537 1 8124
3538 0 9501
3539 1 2788
3540 0 1552
3541 0 6760
3542 0 1782
3543 1 4186
3544 0 7263
3545 1 9165
3546 1 1192
3547 1 2181
3548 0 4892
3549 1 1666
3550 0 72
3551 1 5637
3552 1 6296
3553 0 5160
3554 0 206
3555 1 35
3556 1 5592
3557 0 280
3558 0 8287
3559 1 8704
3560 1 6093
3561 0 6277
3562 1 5432
3563 1 3
3564 0 2044
3565 1 6407
3566 1 3400
3567 0 4184
3568 0 713
3569 1 5346
3570 1 1666
3571 0 6955
3572 0 6394
3573 1 454
3574 0 217
3575 1 916
3576 1 5196
3577 1 7106
3578 0 1874
3579 0 9711
3580 0 836
3581 1 3980
3582 0 2981
3583 1 3620
3584 0 4923
3585 1 1509
3586 1 4463
3587 0 2982
3588 0 9634
3589 1 3551
3590 1 1092
3591 1 9372
3592 1 4662
3593 1 1042
3594 1 5134
3595 1 2164
3596 0 8478
3597 0 6213
3598 0 256
3599 1 8724
3600 0 8935
3601 1 5942
3602 0 5157
3603 0 2260
3604 1 6731
3605 1 2473
3606 0 8633
3607 1 6278
3608 0 1680
3609 1 9195
3610 0 4054
3611 0 1453
3612 1 7470
3613 0 6484
3614 1 8337
3615 0 4950
3616 1 7103
3617 1 6792
3618 1 4995
3619 1 8118
3620 1 5467
3621 1 6431
3622 1 8286
3623 1 7345
3624 0 3894
3625 0 6172
3626 0 3975
3627 0 206
3628 0 3181
3629 0 8795
3630 1 190
3631 1 2056
3632 0 2274
3633 1 7552
3634 0 9772
3635 0 435
3636 0 4668
3637 0 9934
3638 0 1744
3639 0 8830
3640 1 6635
3641 1 2673
3642 1 4436
3643 0 967
3644 1 1423
3645 0 5748
3646 0 5251
3647 0 4047
3648 0 2133
3649 0 3045
3650 1 508
3651 0 6957
3652 0 6506
3653 1 2539
3654 0 4600
3655 0 6353
3656 1 9626
3657 1 7556
3658 0 6966
3659 0 4569
3660 0 3480
3661 1 8229
3662 0 399
3663 1 630
3664 1 6767
3665 0 9794
3666 1 9936
3667 0 3622
3668 0 3221
3669 1 4375
3670 1 7908
3671 0 814
3672 0 290
3673 1 1202
3674 1 9808
3675 1 1258
3676 1 3757
3677 0 541
3678 1 8605
3679 0 6890
3680 1 776
3681 0 223
3682 1 6013
3683 0 6989
3684 0 2758
3685 0 5759
3686 1 4791
3687 0 6949
3688 1 4159
3689 1 9216
3690 0 422
3691 1 2638
3692 0 2901
3693 0 3756
3694 0 782
3695 1 903
3696 0 6073
3697 0 6910
3698 0 6955
3699 0 1011
3700 0 5252
3701 1 1394
3702 1 2900
3703 1 5860
3704 1 1962
3705 0 6827
3706 1 1921
3707 0 9607
3708 0 7963
3709 1 4143
3710 1 6991
3711 0 9876
3712 1 2299
3713 1 4014
3714 1 3397
3715 1 9720
3716 1 576
3717 0 7627
3718 0 450
3719 0 7374
3720 1 9270
3721 1 7050
3722 0 5016
3723 1 9381
3724 0 9211
3725 1 4009
3726 0 2016
3727 1 5412
3728 0 6974
3729 1 1310
3730 1 921
3731 0 1623
3732 0 9349
3733 0 2516
3734 0 2880
3735 1 5891
3736 0 7221
3737 0 8225
3738 0 2342
3739 1 881
3740 1 1724
3741 0 8333
3742 1 1517
3743 0 7686
3744 1 283
3745 1 5293
3746 1 8992
3747 1 3936
3748 0 4622
3749 0 8586
3750 0 7662
3751 0 9106
3752 0 6548
3753 0 8996
3754 0 879
3755 1 2227
3756 0 4232
3757 1 7887
3758 0 7141
3759 1 51
3760 0 5077
3761 0 8093
3762 1 4292
3763 0 1698
3764 0 5993
3765 1 1552
3766 0 3457
3767 0 8904
3768 0 8118
3769 0 5634
3770 0 8552
3771 1 7770
3772 1 6762
3773 1 8436
3774 1 7844
3775 1 2714
3776 0 1745
3777 0 5471
3778 1 2788
3779 0 1664
3780 1 7318
3781 1 5922
3782 1 1046
3783 1 8676
3784 1 9317
3785 1 7455
3786 0 8891
3787 1 2035
3788 0 6231
3789 1 1459
3790 0 6033
3791 1 6090
3792 0 1585
3793 0 4937
3794 0 5081
3795 0 4435
3796 0 7488
3797 0 2618
3798 0 8428
3799 0 9243
3800 0 9579
3801 0 891
3802 1 1901
3803 1 6379
3804 0 6338
3805 0 5086
3806 1 2615
3807 0 2917
3808 1 5124
3809 0 166
3810 0 3325
3811 1 7061
3812 0 9607
3813 1 2929
3814 0 7640
3815 1 3604
3816 0 6289
3817 1 1404
3818 1 5333
3819 1 6557
3820 1 9958
3821 0 1517
3822 1 7866
3823 0 1959
3824 1 3081
3825 0 9476
3826 1 7384
3827 0 3047
3828 0 8388
3829 1 3900
3830 1 2042
3831 1 8096
3832 0 5887
3833 0 186
3834 1 9199
3835 0 9227
3836 1 1555
3837 1 270
3838 0 4539
3839 0 2123
3840 1 6609
3841 0 3317
3842 1 5346
3843 0 9683
3844 0 7805
3845 0 681
3846 0 6284
3847 0 6018
3848 0 1408
3849 1 5221
3850 0 6429
3851 1 3975
3852 1 6799
3853 1 3470
3854 1 1052
3855 0 9727
3856 0 3531
3857 0 4526
3858 1 7680
3859 0 1561
3860 1 210
3861 0 46
3862 1 5532
3863 0 8196
3864 0 2400
3865 1 5200
3866 1 2257
3867 1 8963
3868 1 8834
3869 1 9163
3870 1 4378
3871 0 7387
3872 1 8135
3873 1 2434
3874 0 2093
3875 1 4769
3876 0 724
3877 0 5715
3878 0 7599
3879 0 4033
3880 1 7682
3881 1 6394
3882 0 6844
3883 0 9417
3884 0 4685
3885 0 5806
3886 1 6984
3887 1 2050
3888 1 5420
3889 1 8980
3890 1 9668
3891 1 6213
3892 1 3316
3893 1 7366
3894 1 2030
3895 0 4808
3896 0 1511
3897 1 7169
3898 1 6649
3899 1 6516
3900 0 7436
3901 0 9926
3902 1 8838
3903 0 274
3904 1 1343
3905 0 3511
3906 0 1786
3907 0 8604
3908 0 7870
3909 0 6757
3910 0 9359
3911 1 7479
3912 1 4817
3913 0 7501
3914 0 1885
3915 0 2380
3916 0 298
3917 0 5846
3918 0 8018
3919 0 1398
3920 1 6571
3921 0 4257
3922 0 7321
3923 1 9378
3924 0 6700
3925 0 2270
3926 0 2514
3927 1 9642
3928 0 9598
3929 0 5167
3930 1 9527
3931 1 2184
3932 1 6452
3933 1 9800
3934 0 946
3935 0 675
3936 0 4638
3937 1 794
3938 1 2861
3939 0 2441
3940 0 1202
3941 0 8920
3942 0 1764
3943 0 7264
3944 0 1153
3945 0 2447
3946 1 3368
3947 1 5706
3948 0 323
3949 0 8521
3950 1 9889
3951 0 6924
3952 1 7855
3953 1 1815
3954 0 5150
3955 0 2584
3956 1 5657
3957 0 4250
3958 1 6214
3959 0 6603
3960 1 5745
3961 1 7585
3962 1 1666
3963 0 2393
3964 0 3463
3965 1 2680
3966 1 1529
3967 1 8819
3968 1 4105
3969 0 3645
3970 1 667
3971 1 6915
3972 0 7000
3973 0 1966
3974 0 639
3975 0 8993
3976 0 4952
3977 0 1869
3978 1 5084
3979 1 1093
3980 1 8704
3981 1 95
3982 1 9596
3983 1 1758
3984 1 917
3985 0 8037
3986 0 9973
3987 1 5800
3988 0 800
3989 0 8208
3990 0 3081
3991 0 6505
3992 1 5157
3993 0 9369
3994 1 9924
3995 0 3884
3996 1 3193
3997 0 6174
3998 0 5139
3999 0 6025
4000 0 2725
4001 1 1508
4002 0 7655
4003 1 8943
4004 0 8456
4005 0 5000
4006 1 1284
4007 1 4321
4008 1 9159
4009 1 9503
4010 1 8316
4011 0 1965
4012 1 3517
4013 0 6968
4014 1 8299
4015 1 7374
4016 0 3924
4017 1 4155
4018 0 7807
4019 1 7789
4020 0 2847
4021 1 2273
4022 1 9355
4023 1 6599
4024 0 9097
4025 1 7092
4026 0 241
4027 0 6937
4028 0 6572
4029 0 7986
4030 0 1816
4031 0 4059
4032 1 9451
4033 1 1059
4034 0 9523
4035 1 3158
4036 0 6886
4037 1 2446
4038 1 9450
4039 0 4404
4040 0 5050
4041 1 3757
4042 0 5404
4043 1 1440
4044 1 5816
4045 0 8479
4046 0 7942
4047 1 8835
4048 0 3116
4049 1 7403
4050 1 9896
4051 1 2579
4052 1 8482
4053 0 2867
4054 0 92
4055 0 5069
4056 0 316
4057 1 1384
4058 0 2822
4059 1 3419
4060 0 5263
4061 1 9230
4062 1 6192
4063 1 5325
4064 0 971
4065 0 5992
4066 1 7099
4067 0 5605
4068 0 2366
4069 0 4866
4070 0 3041
4071 0 3773
4072 0 1135
4073 1 5364
4074 1 2999
4075 0 6773
4076 0 5969
4077 1 9504
4078 0 6291
4079 1 6647
4080 0 5727
4081 1 7978
4082 0 1363
4083 0 7740
4084 1 7960
4085 0 2829
4086 1 134
4087 1 4464
4088 1 7138
4089 0 2972
4090 0 4311
4091 0 3674
4092 0 5966
4093 1 4146
4094 0 2239
4095 0 4950
4096 0 7314
4097 0 8333
4098 0 7197
4099 1 5453
4100 0 2242
4101 1 2539
4102 1 3179
4103 1 8774
4104 0 2506
4105 1 7017
4106 1 5203
4107 0 6949
4108 0 1779
4109 1 2238
4110 1 6530
4111 0 936
4112 1 5002
4113 1 1841
4114 1 6913
4115 0 158
4116 0 2444
4117 0 9065
4118 0 7829
4119 1 5760
4120 0 88
4121 0 4433
4122 1 9731
4123 1 2985
4124 1 795
4125 1 5951
4126 0 9727
4127 0 1645
4128 0 5198
4129 1 4128
4130 1 2844
4131 1 5931
4132 1 6413
4133 1 2204
4134 1 3500
4135 0 9452
4136 1 8901
4137 1 1968
4138 1 6695
4139 0 43
4140 1 1889
4141 1 3034
4142 1 8852
4143 0 5099
4144 0 5016
4145 1 3719
4146 0 133
4147 0 1123
4148 1 4903
4149 0 1437
4150 0 4780
4151 1 6312
4152 1 8820
4153 1 9760
4154 0 9039
4155 1 1257
4156 0 6639
4157 1 9090
4158 0 9841
4159 0 9580
4160 0 6666
4161 0 4128
4162 0 4781
4163 1 8808
4164 0 9541
4165 0 8053
4166 1 7442
4167 1 9779
4168 0 7380
4169 1 211
4170 1 3431
4171 0 3430
4172 1 1783
4173 0 5684
4174 1 5483
4175 1 8322
4176 0 5527
4177 1 5089
4178 0 8954
4179 1 6514
4180 0 1446
4181 1 7729
4182 0 8458
4183 1 3423
4184 1 3931
4185 1 564
4186 0 3308
4187 1 5303
4188 1 47
4189 0 899
4190 0 1602
4191 1 1093
4192 0 4199
4193 0 6485
4194 0 6987
4195 1 1899
4196 1 6795
4197 0 7771
4198 1 1138
4199 1 7695
4200 0 4921
4201 1 9545
4202 0 1141
4203 0 4454
4204 1 151
4205 0 7233
4206 0 2870
4207 1 2659
4208 1 781
4209 1 3071
4210 0 7494
4211 1 8083
4212 1 7462
4213 0 1927
4214 1 3520
4215 1 6538
4216 1 7784
4217 1 2460
4218 1 7372
4219 0 123
4220 1 1648
4221 1 6983
4222 0 6241
4223 1 5145
4224 1 102
4225 1 6368
4226 1 3732
4227 1 9172
4228 1 9882
4229 1 6735
4230 1 6267
4231 0 8101
4232 0 331
4233 0 2459
4234 0 9953
4235 0 1574
4236 1 2456
4237 1 1995
4238 0 7419
4239 0 1718
4240 1 9226
4241 0 6895
4242 0 2825
4243 0 3116
4244 0 179
4245 1 7911
4246 1 9386
4247 0 512
4248 0 6992
4249 1 6923
4250 1 9971
4251 0 4081
4252 1 2494
4253 1 4566
4254 0 6187
4255 1 666
4256 0 7561
4257 0 1782
4258 0 1770
4259 1 8246
4260 1 9972
4261 0 3428
4262 0 6324
4263 0 9638
4264 1 3281
4265 1 1348
4266 0 1538
4267 0 8194
4268 1 4551
4269 0 3468
4270 1 2027
4271 1 5919
4272 1 2990
4273 0 1933
4274 1 280
4275 1 4306
4276 1 2235
4277 1 3569
4278 1 2600
4279 0 4381
4280 0 4323
4281 1 2413
4282 0 8193
4283 0 5220
4284 1 5131
4285 1 40
4286 0 9647
4287 0 2935
4288 0 9372
4289 0 6501
4290 0 9443
4291 1 4594
4292 0 9724
4293 1 3037
4294 0 7708
4295 1 6788
4296 0 7059
4297 1 4450
4298 1 6150
4299 0 1083
4300 0 4067
4301 1 8000
4302 0 8512
4303 1 7402
4304 1 3385
4305 1 5152
4306 1 1029
4307 1 9971
4308 1 7586
4309 0 4497
4310 1 1040
4311 1 7040
4312 0 6164
4313 0 7642
4314 1 4378
4315 1 7246
4316 1 6493
4317 0 534
4318 1 2468
4319 0 3633
4320 0 3220
4321 1 1215
4322 1 7319
4323 1 6448
4324 0 34
4325 1 4243
4326 1 6443
4327 0 346
4328 0 2695
4329 0 4400
4330 0 6157
4331 0 4960
4332 1 8973
4333 0 6838
4334 0 1976
4335 0 3327
4336 1 8808
4337 0 7375
4338 1 84
4339 1 3389
4340 1 2741
4341 0 1896
4342 1 3226
4343 1 3781
4344 0 892
4345 0 3797
4346 1 3093
4347 0 9807
4348 1 4127
4349 0 3413
4350 0 9122
4351 1 3797
4352 1 4279
4353 1 6501
4354 0 3770
4355 0 2474
4356 0 7258
4357 1 312
4358 0 7619
4359 1 2720
4360 1 7752
4361 1 7650
4362 1 324
4363 1 36
4364 0 7524
4365 1 9019
4366 1 2448
4367 0 2657
4368 1 2988
4369 0 4749
4370 0 2508
4371 1 628
4372 0 5232
4373 1 8283
4374 0 6952
4375 1 8220
4376 0 8251
4377 0 2006
4378 0 7983
4379 1 917
4380 1 8940
4381 0 1270
4382 1 9422
4383 0 6469
4384 1 4132
4385 1 170
4386 1 7209
4387 1 148
4388 1 930
4389 0 275
4390 0 9684
4391 0 5818
4392 0 6569
4393 0 2054
4394 0 199
4395 0 1701
4396 0 682
4397 0 7617
4398 0 3194
4399 1 9210
4400 1 9404
4401 1 2919
4402 1 2476
4403 1 6741
4404 1 9557
4405 0 9927
4406 0 4631
4407 0 6647
4408 1 5130
4409 1 9948
4410 0 2128
4411 0 7386
4412 0 1915
4413 0 5795
4414 0 6340
4415 1 7690
4416 0 3866
4417 0 164
4418 1 1992
4419 1 8501
4420 0 4746
4421 1 9569
4422 1 7371
4423 1 3482
4424 1 7728
4425 1 2415
4426 0 4906
4427 0 5058
4428 1 3518
4429 0 1253
4430 0 8735
4431 0 9154
4432 1 4378
4433 0 4542
4434 1 2492
4435 0 6590
4436 0 3705
4437 0 5396
4438 1 9652
4439 1 7958
4440 0 3273
4441 1 1220
4442 0 7373
4443 1 115
4444 1 249
4445 1 2068
4446 0 3876
4447 1 337
4448 0 4739
4449 0 2733
4450 1 2967
4451 0 7459
4452 1 1109
4453 0 3743
4454 0 8969
4455 1 8987
4456 1 1038
4457 1 4843
4458 0 117
4459 0 4503
4460 1 7094
4461 0 4188
4462 0 4469
4463 1 9406
4464 1 8310
4465 1 9922
4466 0 9979
4467 1 947
4468 0 7502
4469 1 3174
4470 1 946
4471 1 2690
4472 0 536
4473 1 8040
4474 0 7526
4475 1 2687
4476 1 2134
4477 1 7293
4478 0 9102
4479 1 2642
4480 1 9833
4481 1 2752
4482 0 9524
4483 1 7344
4484 0 4822
4485 0 4818
4486 1 6767
4487 0 2065
4488 0 4387
4489 1 8010
4490 1 3877
4491 1 7084
4492 0 4635
4493 1 5437
4494 1 3193
4495 1 168
4496 0 8300
4497 1 9944
4498 1 6885
4499 1 9008
4500 1 5978
4501 0 3085
4502 0 7112
4503 1 9506
4504 0 3047
4505 1 1325
4506 0 4607
4507 0 8679
4508 1 886
4509 0 1068
4510 1 3952
4511 1 3278
4512 0 2972
4513 1 2702
4514 1 1282
4515 1 2633
4516 1 149
4517 1 7683
4518 0 4172
4519 1 1396
4520 0 703
4521 0 6083
4522 0 2987
4523 0 4202
4524 1 6547
4525 0 1882
4526 1 1986
4527 0 8726
4528 0 3413
4529 0 5657
4530 1 458
4531 0 266
4532 0 5788
4533 0 5391
4534 0 7266
4535 0 846
4536 0 4109
4537 0 2026
4538 0 7242
4539 1 2484
4540 0 3164
4541 1 8165
4542 1 6729
4543 1 7301
4544 0 1584
4545 1 4535
4546 1 1469
4547 1 2587
4548 0 2582
4549 1 7192
4550 0 8845
4551 0 6268
4552 1 8451
4553 1 6825
4554 0 1107
4555 0 2018
4556 1 9344
4557 0 3029
4558 0 3925
4559 1 212
4560 1 3364
4561 1 8114
4562 1 1112
4563 1 1711
4564 1 7095
4565 1 7670
4566 1 4890
4567 1 4847
4568 0 1295
4569 1 3744
4570 1 6894
4571 1 5539
4572 0 410
4573 1 8537
4574 1 7659
4575 0 7422
4576 0 7194
4577 0 9789
4578 1 8126
4579 0 5963
4580 0 9612
4581 1 740
4582 1 3347
4583 0 8693
4584 0 9467
4585 1 701
4586 0 4672
4587 0 4443
4588 1 4430
4589 1 7731
4590 1 1144
4591 1 8152
4592 0 9927
4593 1 7051
4594 1 7469
4595 1 1949
4596 1 5689
4597 1 2969
4598 1 6743
4599 1 7216
4600 1 5560
4601 0 4197
4602 0 9848
4603 1 9813
4604 0 7492
4605 1 4001
4606 0 5524
4607 0 7481
4608 0 9733
4609 1 2451
4610 0 123
4611 1 8623
4612 0 1241
4613 0 9988
4614 1 4563
4615 1 7220
4616 0 8359
4617 0 2857
4618 1 5297
4619 0 7812
4620 1 9701
4621 0 837
4622 0 8196
4623 0 9867
4624 1 6822
4625 1 8891
4626 1 8795
4627 0 9787
4628 1 1300
4629 1 1900
4630 1 9618
4631 1 7724
4632 0 4779
4633 0 798
4634 0 1825
4635 0 9614
4636 0 6789
4637 1 9503
4638 1 480
4639 1 9534
4640 1 6280
4641 0 1140
4642 0 1354
4643 0 4096
4644 1 4063
4645 1 1974
4646 1 688
4647 0 9947
4648 0 7791
4649 0 4660
4650 0 5781
4651 0 2859
4652 0 7362
4653 1 6697
4654 1 3633
4655 0 5752
4656 0 9632
4657 1 3662
4658 1 7208
4659 0 2236
4660 0 5143
4661 1 3478
4662 0 237
4663 0 2633
4664 0 6524
4665 1 9968
4666 0 2003
4667 0 8612
4668 1 1064
4669 1 6519
4670 1 7980
4671 0 6589
4672 1 4585
4673 1 2780
4674 0 875
4675 0 9850
4676 0 7639
4677 0 827
4678 1 5345
4679 1 5655
4680 0 4041
4681 0 5949
4682 0 3738
4683 1 2589
4684 1 7159
4685 0 4409
4686 0 2883
4687 1 7305
4688 0 5197
4689 1 9127
4690 0 6527
4691 1 3262
4692 1 1796
4693 1 9438
4694 1 1481
4695 1 1735
4696 1 1663
4697 0 1766
4698 1 1591
4699 0 5501
4700 0 437
4701 0 4665
4702 0 6233
4703 0 8939
4704 0 9763
4705 1 2942
4706 1 822
4707 1 1052
4708 1 2514
4709 1 2004
4710 1 609
4711 0 1916
4712 1 7229
4713 1 6747
4714 0 1380
4715 1 2459
4716 0 5392
4717 1 88
4718 1 4995
4719 1 2614
4720 0 8232
4721 0 2186
4722 0 5224
4723 0 9440
4724 1 517
4725 0 5887
4726 0 1522
4727 1 4785
4728 0 1238
4729 1 7236
4730 1 4186
4731 0 5790
4732 0 8874
4733 0 6625
4734 1 5813
4735 1 4603
4736 0 1614
4737 1 3029
4738 1 8746
4739 1 590
4740 1 4444
4741 1 7624
4742 0 6884
4743 0 2496
4744 0 7437
4745 0 4710
4746 1 1245
4747 0 8500
4748 0 2780
4749 0 328
4750 0 5782
4751 1 6013
4752 1 5682
4753 0 8665
4754 0 5903
4755 0 4907
4756 0 492
4757 1 1459
4758 0 1745
4759 1 2189
4760 0 356
4761 0 6473
4762 1 4402
4763 1 4544
4764 1 8791
4765 0 7216
4766 1 4726
4767 1 555
4768 1 4201
4769 0 2828
4770 0 3446
4771 1 8505
4772 0 4019
4773 1 6242
4774 1 1711
4775 0 153
4776 1 1366
4777 1 5871
4778 1 8143
4779 1 6984
4780 0 7450
4781 0 533
4782 1 9263
4783 1 9210
4784 1 4836
4785 0 6437
4786 1 1344
4787 0 563
4788 1 4857
4789 1 5019
4790 0 7707
4791 0 9982
4792 0 1032
4793 1 5685
4794 0 8281
4795 1 449
4796 1 8694
4797 0 8245
4798 1 5731
4799 0 8273
4800 1 299
4801 1 1339
4802 1 4778
4803 1 5582
4804 0 598
4805 0 3350
4806 0 940
4807 1 9266
4808 0 3211
4809 1 9579
4810 1 8832
4811 1 8086
4812 0 4344
4813 1 8289
4814 0 7106
4815 1 6016
4816 1 640
4817 1 5401
4818 0 8114
4819 1 2286
4820 0 8119
4821 0 2240
4822 1 7034
4823 0 8875
4824 1 9467
4825 0 818
4826 0 7661
4827 1 941
4828 1 2673
4829 1 5704
4830 1 6369
4831 1 9257
4832 1 1207
4833 0 8020
4834 0 3093
4835 1 1756
4836 1 8923
4837 0 830
4838 0 8004
4839 0 8746
4840 1 3688
4841 1 4633
4842 1 7258
4843 1 3652
4844 1 482
4845 0 5633
4846 1 5413
4847 1 7901
4848 0 830
4849 0 8064
4850 0 549
4851 1 3979
4852 0 7983
4853 0 7843
4854 1 4047
4855 1 1815
4856 1 9499
4857 0 3736
4858 1 8959
4859 0 3152
4860 0 3862
4861 0 9890
4862 1 7774
4863 1 9792
4864 0 6025
4865 0 9572
4866 1 5628
4867 1 6511
4868 1 7290
4869 0 3026
4870 1 2299
4871 0 8801
4872 1 8847
4873 1 9572
4874 0 3386
4875 1 102
4876 0 8973
4877 0 1340
4878 1 3760
4879 0 3764
4880 1 1367
4881 1 9426
4882 1 3142
4883 1 1127
4884 0 1384
4885 1 1786
4886 1 9134
4887 1 2815
4888 0 7978
4889 0 798
4890 0 9028
4891 0 5245
4892 1 1445
4893 0 6359
4894 1 1594
4895 1 3859
4896 1 4142
4897 0 5270
4898 0 4402
4899 0 3349
4900 0 4184
4901 0 4673
4902 0 3296
4903 1 8242
4904 1 9904
4905 1 2657
4906 1 7002
4907 0 720
4908 0 1981
4909 1 6647
4910 0 532
4911 0 3249
4912 1 8206
4913 0 7229
4914 1 8451
4915 1 7350
4916 1 6721
4917 1 2893
4918 1 9911
4919 0 9961
4920 1 8066
4921 0 6681
4922 0 7886
4923 1 5767
4924 0 6345
4925 0 8661
4926 0 4628
4927 0 1804
4928 1 2073
4929 1 9326
4930 0 2876
4931 0 9613
4932 0 4268
4933 0 8292
4934 1 9578
4935 1 5863
4936 1 7401
4937 0 3075
4938 1 2171
4939 0 5267
4940 0 6929
4941 1 4900
4942 0 7068
4943 1 7774
4944 0 5196
4945 1 9683
4946 1 9891
4947 1 6643
4948 0 5807
4949 0 9997
4950 0 8413
4951 0 9318
4952 1 4949
4953 0 207
4954 1 8958
4955 1 8742
4956 0 3382
4957 1 8602
4958 0 2681
4959 1 2248
4960 1 873
4961 1 9218
4962 1 7783
4963 1 2159
4964 0 1182
4965 0 7216
4966 0 7433
4967 0 4491
4968 0 5142
4969 1 8904
4970 1 8639
4971 0 395
4972 0 4928
4973 0 2217
4974 1 208
4975 0 8568
4976 0 5449
4977 1 2546
4978 0 1463
4979 1 6984
4980 1 1629
4981 0 4835
4982 0 1201
4983 0 4565
4984 1 7246
4985 0 8139
4986 0 7764
4987 0 9291
4988 0 5574
4989 1 1458
4990 1 2144
4991 1 2243
4992 0 4391
4993 0 8319
4994 1 3454
4995 0 3149
4996 1 7677
4997 0 1406
4998 1 6069
4999 1 4447
5000 0 937
5001 0 6788
5002 1 4705
5003 1 6640
5004 1 632
5005 0 5431
5006 1 7594
5007 0 5040
5008 1 3950
5009 0 6487
5010 1 7419
5011 0 3389
5012 0 1334
5013 1 5398
5014 1 8537
5015 1 9931
5016 1 219
5017 0 9263
5018 0 3665
5019 0 1196
5020 0 5992
5021 0 1846
5022 1 3454
5023 0 5362
5024 1 9217
5025 0 2178
5026 0 5246
5027 0 2966
5028 0 8164
5029 0 8955
5030 0 2450
5031 1 9050
5032 1 2621
5033 1 7688
5034 1 7992
5035 0 1053
5036 1 683
5037 1 9210
5038 1 8221
5039 1 7954
5040 1 3755
5041 0 7041
5042 1 7342
5043 0 7214
5044 1 8406
5045 0 4690
5046 0 5571
5047 1 4194
5048 1 433
5049 0 7358
5050 1 767
5051 1 4935
5052 1 5430
5053 1 7554
5054 0 8166
5055 1 7422
5056 1 2798
5057 0 7463
5058 0 3355
5059 1 6364
5060 0 2370
5061 1 3724
5062 0 458
5063 0 6687
5064 1 7773
5065 1 2917
5066 1 8528
5067 1 6146
5068 1 8142
5069 1 3096
5070 0 7379
5071 0 4746
5072 1 9080
5073 0 947
5074 1 7941
5075 1 6804
5076 1 7805
5077 1 8593
5078 0 8294
5079 1 7469
5080 0 1879
5081 0 8510
5082 1 3745
5083 0 5795
5084 1 8099
5085 1 3888
5086 0 4877
5087 1 945
5088 1 5556
5089 1 3373
5090 0 5785
5091 1 7545
5092 0 6106
5093 1 6388
5094 0 6024
5095 0 5035
5096 1 9132
5097 0 802
5098 0 1083
5099 1 6822
5100 1 4672
5101 0 8064
5102 0 2565
5103 0 8491
5104 0 7604
5105 0 2353
5106 1 8429
5107 1 4125
5108 1 4762
5109 1 6942
5110 0 2373
5111 1 820
5112 1 5531
5113 0 2552
5114 1 9660
5115 1 1472
5116 0 8009
5117 0 5281
5118 1 7385
5119 1 6031
5120 0 1876
5121 0 5635
5122 0 6912
5123 0 4052
5124 1 9415
5125 1 3596
5126 0 3662
5127 1 5886
5128 1 8655
5129 1 2206
5130 0 1159
5131 0 8172
5132 0 8748
5133 0 574
5134 1 8871
5135 1 3540
5136 1 7546
5137 0 8802
5138 1 616
5139 0 8356
5140 1 7766
5141 1 2017
5142 0 5742
5143 0 3267
5144 1 2212
5145 1 5380
5146 0 4769
5147 0 7764
5148 1 2493
5149 1 7066
5150 0 7433
5151 0 8410
5152 0 4362
5153 0 7449
5154 0 8885
5155 0 7197
5156 0 8711
5157 1 4371
5158 0 8459
5159 1 6550
5160 1 8487
5161 0 1460
5162 0 178
5163 0 5348
5164 1 3627
5165 1 5657
5166 1 7777
5167 1 8513
5168 0 4405
5169 1 4464
5170 1 9362
5171 0 8917
5172 0 6847
5173 1 5615
5174 0 7037
5175 1 8425
5176 0 9589
5177 1 2670
5178 1 2812
5179 1 6278
5180 1 6760
5181 1 9574
5182 0 2308
5183 0 6434
5184 1 5177
5185 0 5001
5186 0 5727
5187 0 6398
5188 0 1039
5189 0 2672
5190 1 977
5191 0 1378
5192 0 4443
5193 1 3042
5194 1 9845
5195 0 1447
5196 1 4431
5197 0 1541
5198 1 9301
5199 1 4678
5200 1 312
5201 0 9226
5202 0 5827
5203 0 5885
5204 1 6442
5205 1 9653
5206 1 4374
5207 1 4468
5208 0 4273
5209 1 214
5210 0 1271
5211 0 4394
5212 1 6490
5213 0 9119
5214 1 988
5215 0 2056
5216 1 4729
5217 0 6854
5218 1 7468
5219 0 3919
5220 1 3999
5221 1 8918
5222 1 7184
5223 0 4934
5224 0 3427
5225 1 198
5226 1 7242
5227 1 2758
5228 1 1639
5229 0 5938
5230 0 6743
5231 1 1495
5232 1 331
5233 1 6751
5234 0 7208
5235 0 6414
5236 1 8198
5237 1 2198
5238 1 3205
5239 0 1498
5240 0 4884
5241 1 6787
5242 0 658
5243 0 8912
5244 1 7927
5245 0 8468
5246 1 7612
5247 0 2358
5248 0 1690
5249 0 8586
5250 0 5051
5251 1 4552
5252 1 2702
5253 0 6213
5254 0 9387
5255 0 6962
5256 1 1771
5257 1 8552
5258 1 9050
5259 0 9794
5260 1 3318
5261 1 5596
5262 1 2289
5263 1 4734
5264 1 3632
5265 1 4521
5266 0 1341
5267 0 2145
5268 0 4773
5269 0 961
5270 1 7016
5271 1 3143
5272 0 9458
5273 1 285
5274 1 8690
5275 1 1791
5276 0 9434
5277 1 8311
5278 0 2038
5279 1 6122
5280 1 9497
5281 0 2173
5282 1 5824
5283 0 7754
5284 1 2042
5285 0 3566
5286 1 2066
5287 1 9816
5288 0 3983
5289 1 1905
5290 1 9439
5291 0 8862
5292 0 3999
5293 1 4491
5294 0 9182
5295 1 3512
5296 0 9721
5297 0 44
5298 1 308
5299 1 9647
5300 1 1205
5301 0 9898
5302 0 9828
5303 0 1871
5304 1 3080
5305 0 4489
5306 1 3553
5307 0 5250
5308 1 3827
5309 0 4039
5310 1 2654
5311 0 8371
5312 1 6623
5313 0 5775
5314 0 6466
5315 1 2918
5316 1 7809
5317 1 4146
5318 0 149
5319 1 584
5320 1 940
5321 1 9293
5322 0 822
5323 1 7303
5324 1 2110
5325 1 7021
5326 0 1902
5327 0 3435
5328 0 6635
5329 0 7276
5330 1 8753
5331 1 6932
5332 0 5791
5333 1 7753
5334 0 1160
5335 0 1033
5336 1 9397
5337 1 7338
5338 0 8796
5339 1 4517
5340 1 9818
5341 1 8619
5342 1 3020
5343 1 141
5344 0 810
5345 1 7625
5346 1 4138
5347 0 6191
5348 0 2111
5349 0 9057
5350 1 508
5351 0 4945
5352 1 4604
5353 1 2288
5354 1 2179
5355 0 2587
5356 1 4250
5357 0 7234
5358 0 5586
5359 1 544
5360 1 6225
5361 1 3856
5362 1 3184
5363 0 8221
5364 0 3886
5365 1 7340
5366 1 2136
5367 0 8592
5368 1 1541
5369 1 1894
5370 1 2561
5371 1 4028
5372 0 4332
5373 1 8676
5374 1 1831
5375 1 3998
5376 0 9265
5377 1 9942
5378 0 5231
5379 0 9896
5380 1 7408
5381 1 1029
5382 0 7140
5383 0 553
5384 0 4297
5385 0 9206
5386 1 4005
5387 1 1683
5388 0 1071
5389 1 7044
5390 0 3701
5391 0 8062
5392 1 2841
5393 0 4782
5394 0 2201
5395 1 7301
5396 0 6401
5397 0 3755
5398 1 258
5399 1 7724
5400 0 8527
5401 0 6739
5402 1 4605
5403 0 2645
5404 0 2187
5405 0 293
5406 0 8787
5407 1 3160
5408 1 2675
5409 1 7575
5410 1 4645
5411 1 6563
5412 1 8184
5413 0 4293
5414 0 2553
5415 1 674
5416 1 2348
5417 0 9398
5418 1 6092
5419 0 4549
5420 0 104
5421 1 2166
5422 0 8424
5423 0 8774
5424 0 1952
5425 1 4147
5426 1 234
5427 0 5148
5428 1 2035
5429 1 3310
5430 1 6509
5431 0 9252
5432 0 3214
5433 1 6264
5434 0 4361
5435 1 647
5436 0 4060
5437 0 7041
5438 1 5997
5439 1 9917
5440 1 6423
5441 1 1406
5442 1 4497
5443 0 282
5444 1 3054
5445 1 8314
5446 0 5318
5447 1 7303
5448 0 1527
5449 0 7560
5450 0 8386
5451 1 4062
5452 0 154
5453 1 8306
5454 1 6206
5455 1 4626
5456 1 5168
5457 0 4729
5458 1 5142
5459 0 1570
5460 1 971
5461 1 8580
5462 0 6604
5463 0 586
5464 1 1859
5465 1 7334
5466 0 4287
5467 1 4919
5468 1 3646
5469 1 1527
5470 0 6922
5471 1 2680
5472 0 7888
5473 1 9394
5474 0 3325
5475 0 5366
5476 1 790
5477 0 1187
5478 0 9122
5479 1 1777
5480 0 1774
5481 1 8922
5482 1 5603
5483 1 1016
5484 0 8123
5485 1 6720
5486 0 2257
5487 1 521
5488 0 6321
5489 1 1892
5490 1 9146
5491 1 8651
5492 0 5679
5493 1 7676
5494 1 6616
5495 0 3053
5496 0 9620
5497 1 269
5498 0 7225
5499 1 397
5500 1 4700
5501 1 7709
5502 1 5501
5503 0 2249
5504 1 3094
5505 0 3900
5506 0 8842
5507 1 4517
5508 0 3722
5509 0 4194
5510 0 4160
5511 0 6186
5512 1 685
5513 0 9423
5514 0 9143
5515 1 2773
5516 1 5705
5517 1 6329
5518 1 2217
5519 1 7931
5520 0 9245
5521 1 5264
5522 1 8634
5523 0 1368
5524 0 6206
5525 0 7418
5526 1 4375
5527 1 7451
5528 1 5439
5529 1 618
5530 0 4785
5531 0 6364
5532 1 7573
5533 1 9226
5534 0 9600
5535 0 7495
5536 1 1915
5537 1 8994
5538 0 3641
5539 1 2023
5540 1 9657
5541 1 4778
5542 0 9790
5543 0 6227
5544 1 5436
5545 1 9323
5546 0 9473
5547 0 5852
5548 0 3268
5549 0 5781
5550 1 4669
5551 0 9807
5552 0 4551
5553 0 7863
5554 1 9412
5555 1 47
5556 1 2263
5557 0 3712
5558 0 4626
5559 0 3939
5560 1 8301
5561 1 2094
5562 1 7098
5563 1 5121
5564 1 4592
5565 0 3322
5566 0 4875
5567 0 1570
5568 0 2062
5569 1 1178
5570 1 8736
5571 1 7291
5572 0 534
5573 0 7628
5574 0 7071
5575 1 7049
5576 0 895
5577 1 2963
5578 1 2775
5579 1 7025
5580 0 44
5581 0 7293
5582 1 7622
5583 1 113
5584 0 6410
5585 0 5871
5586 1 2926
5587 1 7659
5588 0 229
5589 1 2898
5590 0 1628
5591 1 275
5592 1 6349
5593 1 9031
5594 1 7173
5595 1 7714
5596 0 8745
5597 1 8019
5598 1 791
5599 0 8699
5600 0 5238
5601 0 1909
5602 1 717
5603 0 4026
5604 1 7448
5605 0 7263
5606 1 1958
5607 1 765
5608 0 6878
5609 0 3505
5610 1 709
5611 1 3793
5612 0 1179
5613 1 2323
5614 1 8091
5615 1 711
5616 1 4846
5617 0 9398
5618 0 4011
5619 1 706
5620 1 3633
5621 0 5164
5622 1 108
5623 0 1313
5624 1 1601
5625 0 2053
5626 1 2926
5627 1 6597
5628 0 2968
5629 0 2122
5630 1 5716
5631 0 4049
5632 0 4767
5633 0 951
5634 1 4507
5635 1 8305
5636 0 6951
5637 0 8011
5638 0 7723
5639 1 6366
5640 1 5184
5641 0 8112
5642 0 9114
5643 0 8097
5644 1 9823
5645 0 6725
5646 0 4136
5647 1 7791
5648 0 1564
5649 1 2933
5650 0 8816
5651 1 5593
5652 1 7768
5653 1 7934
5654 1 4593
5655 1 6101
5656 1 6173
5657 0 5411
5658 1 1814
5659 0 7361
5660 1 1039
5661 1 1120
5662 0 6898
5663 0 1324
5664 1 8531
5665 0 5995
5666 1 3466
5667 0 5266
5668 1 9282
5669 0 5596
5670 1 3370
5671 0 4247
5672 1 6764
5673 1 7693
5674 1 7569
5675 1 8427
5676 1 2534
5677 0 1310
5678 0 351
5679 0 51
5680 1 9323
5681 1 6683
5682 0 6215
5683 1 8166
5684 0 458
5685 0 8064
5686 0 3031
5687 1 4992
5688 1 8658
5689 1 9422
5690 1 364
5691 1 1136
5692 0 4056
5693 1 6319
5694 0 3742
5695 1 6406
5696 1 1113
5697 1 2182
5698 0 9865
5699 0 9905
5700 1 2504
5701 0 8193
5702 1 4588
5703 1 4157
5704 0 4713
5705 0 6093
5706 0 5891
5707 0 5425
5708 1 4613
5709 0 4582
5710 0 2053
5711 0 6366
5712 1 6098
5713 0 9793
5714 0 8847
5715 1 7530
5716 0 3165
5717 0 6436
5718 0 8847
5719 0 844
5720 1 1170
5721 1 7639
5722 0 8897
5723 1 4970
5724 1 2794
5725 1 6392
5726 0 6097
5727 0 9823
5728 1 6822
5729 1 3366
5730 1 5859
5731 1 2199
5732 0 4254
5733 0 8174
5734 1 2002
5735 0 3424
5736 0 4735
5737 0 3413
5738 0 1538
5739 1 3724
5740 1 5900
5741 1 5440
5742 1 8662
5743 1 6908
5744 1 4407
5745 1 1892
5746 1 9916
5747 0 6024
5748 1 8983
5749 0 6780
5750 1 3489
5751 0 2957
5752 0 6130
5753 0 7227
5754 0 9354
5755 0 9096
5756 1 6606
5757 0 7951
5758 0 6992
5759 1 7520
5760 0 8663
5761 1 9433
5762 0 8843
5763 1 9165
5764 1 5745
5765 0 4083
5766 0 5039
5767 0 5658
5768 1 4594
5769 0 8452
5770 1 7889
5771 1 5988
5772 0 7226
5773 0 5135
5774 0 9371
5775 1 6598
5776 0 5521
5777 0 6813
5778 1 1712
5779 0 213
5780 1 800
5781 1 2038
5782 1 1946
5783 1 4878
5784 0 3088
5785 0 7066
5786 1 4564
5787 1 3688
5788 0 7585
5789 1 7432
5790 1 9431
5791 1 5423
5792 1 7678
5793 0 5467
5794 1 4220
5795 1 5578
5796 1 2902
5797 1 9870
5798 1 8791
5799 1 4310
5800 1 5248
5801 1 407
5802 0 9700
5803 1 6063
5804 0 629
5805 0 7046
5806 1 3230
5807 1 5004
5808 0 2246
5809 0 8145
5810 1 6821
5811 1 3089
5812 0 2018
5813 1 9584
5814 0 885
5815 1 573
5816 1 5887
5817 1 5020
5818 1 5376
5819 1 469
5820 0 5621
5821 1 8836
5822 0 8547
5823 0 5675
5824 0 7302
5825 1 1751
5826 0 8550
5827 0 8287
5828 1 6139
5829 0 9162
5830 1 6682
5831 0 3552
5832 0 8518
5833 0 3885
5834 0 5428
5835 0 2816
5836 0 8341
5837 1 5214
5838 1 894
5839 0 9429
5840 0 2195
5841 0 929
5842 1 3792
5843 1 4165
5844 0 417
5845 1 4194
5846 0 7381
5847 0 1045
5848 1 111
5849 1 9119
5850 0 3916
5851 0 8348
5852 0 1481
5853 0 6137
5854 1 2426
5855 0 2790
5856 0 8173
5857 0 5109
5858 0 5383
5859 0 8087
5860 0 5714
5861 0 4945
5862 1 9217
5863 1 4456
5864 1 7939
5865 1 7908
5866 0 5977
5867 1 7097
5868 1 2682
5869 1 4841
5870 1 4060
5871 0 9344
5872 0 7625
5873 0 3685
5874 1 2204
5875 0 7375
5876 1 2503
5877 1 3024
5878 0 8755
5879 1 8850
5880 0 6241
5881 1 7079
5882 0 7218
5883 0 6385
5884 0 7200
5885 0 7385
5886 0 2751
5887 1 999
5888 0 6437
5889 1 5016
5890 1 2458
5891 0 5273
5892 0 4196
5893 0 2089
5894 1 9438
5895 0 912
5896 0 703
5897 0 2409
5898 0 3679
5899 0 150
5900 0 1868
5901 1 8906
5902 1 7447
5903 0 4501
5904 1 2046
5905 0 3389
5906 1 4186
5907 0 8659
5908 1 4454
5909 0 8975
5910 1 1042
5911 0 3818
5912 0 1871
5913 0 380
5914 0 7343
5915 1 9134
5916 1 3818
5917 0 2142
5918 0 8565
5919 0 4645
5920 0 7382
5921 0 8207
5922 1 5201
5923 0 9554
5924 0 1342
5925 1 4392
5926 1 6069
5927 1 5630
5928 0 1922
5929 1 9737
5930 0 3139
5931 0 2035
5932 1 4122
5933 0 5611
5934 1 7472
5935 0 2547
5936 1 8576
5937 1 6
5938 1 8197
5939 0 5721
5940 1 1309
5941 1 7467
5942 0 5786
5943 1 7031
5944 0 1966
5945 0 8445
5946 1 2993
5947 1 6734
5948 0 3957
5949 1 9206
5950 0 8602
5951 1 2294
5952 0 6604
5953 1 217
5954 0 9828
5955 0 7629
5956 0 6906
5957 0 9078
5958 0 2923
5959 1 7455
5960 1 4812
5961 0 7984
5962 0 1555
5963 0 1694
5964 0 1681
5965 0 3853
5966 1 9532
5967 1 7418
5968 0 5884
5969 1 2081
5970 1 7306
5971 1 9654
5972 1 1731
5973 1 327
5974 0 2385
5975 1 9531
5976 1 3791
5977 1 8233
5978 1 5873
5979 1 8900
5980 1 5807
5981 1 5053
5982 0 938
5983 0 3781
5984 1 6611
5985 0 272
5986 0 9058
5987 1 3135
5988 0 761
5989 1 7806
5990 1 402
5991 1 5655
5992 0 7188
5993 0 2796
5994 1 3188
5995 1 7143
5996 0 6518
5997 0 6690
5998 1 1434
5999 0 2454
6000 0 6472
6001 1 5191
6002 0 7907
6003 0 4347
6004 1 2199
6005 0 3151
6006 1 7678
6007 1 7999
6008 1 9626
6009 0 813
6010 1 3309
6011 1 7326
6012 1 9519
6013 0 3965
6014 1 6810
6015 0 4933
6016 1 218
6017 0 1429
6018 1 7828
6019 0 6450
6020 0 1609
6021 0 7710
6022 1 8027
6023 1 5031
6024 1 3307
6025 1 6181
6026 1 2332
6027 1 3238
6028 0 734
6029 1 5760
6030 1 5631
6031 0 5740
6032 1 7046
6033 1 3665
6034 1 6753
6035 0 3139
6036 0 9358
6037 1 8855
6038 1 9444
6039 1 533
6040 0 4831
6041 0 1317
6042 1 6695
6043 1 7426
6044 1 292
6045 1 2082
6046 0 2396
6047 0 4294
6048 0 6482
6049 1 6191
6050 1 4607
6051 0 915
6052 1 6821
6053 0 1405
6054 1 2063
6055 1 8135
6056 0 5853
6057 0 3995
6058 0 3752
6059 1 6138
6060 0 3037
6061 0 4365
6062 1 6446
6063 0 273
6064 1 2071
6065 0 91
6066 1 8840
6067 0 7889
6068 0 2483
6069 1 5134
6070 1 9573
6071 0 3564
6072 1 9621
6073 0 1402
6074 1 3733
6075 1 316
6076 1 9515
6077 0 276
6078 1 7495
6079 0 508
6080 0 2
6081 1 8741
6082 1 2739
6083 1 4860
6084 1 1731
6085 0 3971
6086 1 250
6087 0 8494
6088 1 3188
6089 0 3887
6090 0 2032
6091 0 4301
6092 0 4301
6093 1 3390
6094 1 280
6095 0 8092
6096 1 5582
6097 1 783
6098 1 1733
6099 0 4389
6100 1 3755
6101 1 1702
6102 1 614
6103 1 5239
6104 0 5117
6105 0 7177
6106 1 907
6107 1 5262
6108 1 2518
6109 0 3863
6110 0 720
6111 1 533
6112 0 2895
6113 1 8797
6114 0 9167
6115 1 9885
6116 0 2461
6117 1 6768
6118 1 6671
6119 1 4021
6120 0 6262
6121 0 7336
6122 0 7504
6123 1 3595
6124 0 1625
6125 1 2030
6126 1 6230
6127 1 6786
6128 0 2860
6129 1 3489
6130 1 1752
6131 0 692
6132 1 470
6133 0 234
6134 0 9720
6135 1 8054
6136 1 4945
6137 1 9239
6138 1 1545
6139 1 5384
6140 0 1947
6141 0 5045
6142 0 3485
6143 0 9283
6144 1 1698
6145 1 4124
6146 1 4183
6147 0 1967
6148 0 4350
6149 0 9777
6150 0 1817
6151 0 8390
6152 0 9067
6153 0 4318
6154 0 8092
6155 1 2725
6156 0 3824
6157 1 282
6158 1 6744
6159 0 965
6160 1 5356
6161 0 6569
6162 0 3211
6163 1 8859
6164 0 9990
6165 0 2045
6166 0 4191
6167 0 2597
6168 0 2540
6169 0 6805
6170 0 1465
6171 1 7669
6172 0 176
6173 0 8682
6174 1 246
6175 0 1477
6176 1 174
6177 0 8162
6178 0 1957
6179 0 2884
6180 1 1061
6181 1 2582
6182 1 2214
6183 1 5026
6184 0 3784
6185 0 6724
6186 1 3851
6187 1 7317
6188 0 2637
6189 0 2431
6190 1 53
6191 0 9510
6192 0 4617
6193 0 9952
6194 0 6588
6195 0 848
6196 1 7083
6197 1 8178
6198 0 2092
6199 0 6800
6200 1 3798
6201 1 7557
6202 1 7205
6203 0 2781
6204 1 3882
6205 1 7573
6206 0 1982
6207 0 7830
6208 1 5732
6209 0 1689
6210 0 5228
6211 1 6137
6212 0 4195
6213 0 5981
6214 1 7444
6215 1 4546
6216 0 6832
6217 0 9360
6218 0 7004
6219 0 4725
6220 0 27
6221 1 235
6222 0 2597
6223 0 3924
6224 1 292
6225 0 511
6226 1 8729
6227 0 2673
6228 0 7233
6229 0 5248
6230 0 4566
6231 0 9823
6232 1 397
6233 1 7917
6234 0 2982
6235 0 1241
6236 0 1856
6237 1 2289
6238 0 2733
6239 1 6652
6240 0 2870
6241 1 119
6242 0 1391
6243 1 3174
6244 0 7524
6245 0 1371
6246 1 6155
6247 1 9823
6248 1 4218
6249 0 8001
6250 1 4876
6251 0 6182
6252 1 8621
6253 1 984
6254 0 5683
6255 1 8348
6256 1 6897
6257 1 5080
6258 1 1139
6259 1 969
6260 0 7460
6261 1 6085
6262 1 965
6263 1 5942
6264 0 6879
6265 0 6709
6266 0 4636
6267 1 7773
6268 0 2571
6269 0 8928
6270 1 2927
6271 0 1475
6272 1 3517
6273 0 5193
6274 1 7743
6275 1 1071
6276 0 2722
6277 0 8297
6278 1 7155
6279 0 1643
6280 0 3163
6281 1 3
6282 1 1296
6283 0 5518
6284 0 5678
6285 1 3980
6286 1 5918
6287 1 7260
6288 1 2535
6289 0 1920
6290 1 7152
6291 1 9610
6292 0 9630
6293 0 7050
6294 0 7615
6295 1 3869
6296 1 2085
6297 1 4614
6298 0 6614
6299 1 32
6300 0 1839
6301 0 1519
6302 0 8244
6303 0 5362
6304 0 8615
6305 0 2192
6306 1 8811
6307 0 7612
6308 0 1263
6309 0 6
6310 0 8541
6311 1 8375
6312 1 1711
6313 1 5892
6314 0 8136
6315 0 2477
6316 0 4259
6317 0 1509
6318 1 5430
6319 1 9827
6320 0 4362
6321 1 6198
6322 1 6044
6323 0 5155
6324 1 7195
6325 1 4189
6326 1 688
6327 1 7203
6328 1 4102
6329 0 3578
6330 0 8446
6331 1 6031
6332 0 7670
6333 0 3237
6334 1 4107
6335 1 6953
6336 1 7089
6337 1 8863
6338 0 2475
6339 0 7635
6340 1 5055
6341 1 8087
6342 0 2128
6343 1 5083
6344 1 9580
6345 0 4186
6346 0 2058
6347 0 5722
6348 0 9548
6349 0 981
6350 0 9023
6351 0 8685
6352 1 4954
6353 0 5588
6354 0 5359
6355 1 6198
6356 1 8670
6357 0 3656
6358 0 204
6359 1 8680
6360 1 6122
6361 1 6517
6362 0 7696
6363 0 338
6364 0 5053
6365 0 9167
6366 1 7597
6367 0 5403
6368 0 9731
6369 1 2583
6370 0 3824
6371 1 9906
6372 1 7806
6373 1 5000
6374 1 2447
6375 0 2909
6376 0 8022
6377 0 9342
6378 0 7918
6379 0 201
6380 1 4377
6381 0 953
6382 1 8861
6383 1 1637
6384 0 7416
6385 1 1228
6386 1 1182
6387 1 8985
6388 0 2091
6389 1 3060
6390 0 2413
6391 1 9403
6392 0 4773
6393 1 1297
6394 1 534
6395 0 6250
6396 0 6368
6397 0 5810
6398 1 775
6399 0 2614
6400 0 7413
6401 0 7516
6402 0 3033
6403 1 6050
6404 1 3313
6405 1 8316
6406 1 2549
6407 0 2770
6408 1 3482
6409 0 1162
6410 0 8217
6411 0 2521
6412 0 2594
6413 0 6015
6414 1 2387
6415 0 415
6416 0 551
6417 1 8113
6418 0 3067
6419 0 3092
6420 1 8509
6421 0 2241
6422 1 2406
6423 0 692
6424 0 5363
6425 1 4189
6426 0 2577
6427 1 1322
6428 0 1127
6429 1 4463
6430 1 6201
6431 0 9493
6432 1 8215
6433 1 2677
6434 0 8452
6435 1 5015
6436 1 5463
6437 0 5273
6438 0 6901
6439 0 3256
6440 0 2983
6441 0 9847
6442 1 7386
6443 1 4481
6444 1 3369
6445 0 4404
6446 0 4585
6447 0 1097
6448 0 5751
6449 1 4336
6450 1 1786
6451 1 6451
6452 0 9038
6453 0 8420
6454 1 5933
6455 0 6064
6456 0 7084
6457 0 9827
6458 0 9867
6459 1 4580
6460 0 9623
6461 1 3689
6462 1 4500
6463 0 5966
6464 1 4257
6465 0 5528
6466 1 7054
6467 1 6732
6468 0 9315
6469 0 1274
6470 0 6931
6471 0 7279
6472 1 12
6473 0 2171
6474 0 8922
6475 0 6628
6476 0 7887
6477 0 563
6478 1 2644
6479 1 5352
6480 0 7411
6481 1 1939
6482 0 4844
6483 1 4657
6484 0 6757
6485 0 5628
6486 0 6978
6487 0 1466
6488 1 2818
6489 1 6581
6490 0 553
6491 0 9726
6492 1 6156
6493 0 1593
6494 1 380
6495 0 4999
6496 1 8600
6497 0 4446
6498 1 7460
6499 0 5405
6500 1 7958
6501 1 1036
6502 0 3660
6503 1 5360
6504 1 8244
6505 0 486
6506 1 2353
6507 0 1741
6508 0 9039
6509 0 993
6510 0 2463
6511 1 4411
6512 1 6701
6513 1 9653
6514 1 9469
6515 0 8648
6516 1 4539
6517 1 4551
6518 0 9679
6519 1 6840
6520 0 1233
6521 0 3016
6522 1 2560
6523 0 9783
6524 1 4836
6525 0 6808
6526 1 4020
6527 0 790
6528 0 3119
6529 0 4997
6530 0 708
6531 0 6989
6532 0 3907
6533 0 5313
6534 0 8647
6535 0 4335
6536 0 3483
6537 1 482
6538 1 9057
6539 1 3087
6540 1 6662
6541 0 3402
6542 0 8567
6543 1 9669
6544 1 1441
6545 1 1494
6546 1 6165
6547 0 8825
6548 0 9026
6549 1 7373
6550 0 6908
6551 1 3852
6552 0 4998
6553 0 2685
6554 0 3125
6555 1 9881
6556 0 761
6557 1 2124
6558 1 4732
6559 0 9301
6560 1 9891
6561 1 9667
6562 1 336
6563 1 3680
6564 1 5862
6565 0 1668
6566 1 557
6567 1 8507
6568 1 8387
6569 1 9002
6570 0 3544
6571 0 8211
6572 0 7978
6573 0 1354
6574 0 9051
6575 0 5136
6576 1 6688
6577 1 8373
6578 1 121
6579 0 8777
6580 0 3826
6581 1 7648
6582 0 8217
6583 0 5863
6584 0 5489
6585 1 7046
6586 1 5865
6587 0 7681
6588 1 4061
6589 0 5188
6590 1 8010
6591 1 8142
6592 1 4335
6593 0 4352
6594 0 7891
6595 1 7849
6596 1 7318
6597 1 7126
6598 0 2673
6599 0 4044
6600 0 7084
6601 0 3962
6602 0 2105
6603 0 7218
6604 1 4948
6605 0 4036
6606 1 6276
6607 0 628
6608 1 2117
6609 1 3307
6610 1 5465
6611 1 3774
6612 1 931
6613 0 7737
6614 1 4706
6615 1 615
6616 1 705
6617 1 272
6618 0 3339
6619 0 5058
6620 0 7413
6621 1 582
6622 1 4199
6623 1 5018
6624 1 1647
6625 0 6260
6626 0 3141
6627 0 3276
6628 0 8606
6629 0 8654
6630 1 7957
6631 1 2997
6632 1 4887
6633 0 4983
6634 1 5019
6635 0 8498
6636 1 3191
6637 1 4865
6638 0 1138
6639 0 4689
6640 1 7902
6641 1 6624
6642 1 9896
6643 1 7668
6644 0 7313
6645 0 5132
6646 1 3700
6647 0 4293
6648 1 8730
6649 1 3089
6650 0 3350
6651 0 4986
6652 0 5712
6653 0 2228
6654 1 1583
6655 0 1838
6656 0 8106
6657 0 3087
6658 1 2039
6659 0 9305
6660 1 8518
6661 0 8358
6662 0 6949
6663 1 156
6664 1 6054
6665 0 1225
6666 1 8173
6667 1 3426
6668 0 6109
6669 0 9812
6670 1 6023
6671 0 6613
6672 0 7734
6673 1 1461
6674 0 5517
6675 1 9394
6676 1 3142
6677 0 7891
6678 0 7286
6679 1 3334
6680 0 645
6681 1 9579
6682 0 5387
6683 1 9554
6684 0 9529
6685 1 3938
6686 1 2064
6687 0 4697
6688 1 1280
6689 1 7937
6690 0 5007
6691 0 5688
6692 1 2699
6693 0 7037
6694 1 8591
6695 1 1013
6696 1 9580
6697 1 6394
6698 1 5672
6699 1 3888
6700 1 1742
6701 0 1975
6702 1 515
6703 1 6909
6704 0 6817
6705 1 7703
6706 0 1171
6707 0 9367
6708 0 8668
6709 0 6706
6710 1 8639
6711 1 692
6712 0 6797
6713 0 7161
6714 1 4575
6715 1 4745
6716 0 8762
6717 1 7230
6718 1 5278
6719 0 19
6720 1 9319
6721 1 1353
6722 0 3657
6723 0 7664
6724 1 4890
6725 0 4670
6726 1 1719
6727 0 87
6728 1 6241
6729 0 8468
6730 0 6540
6731 0 504
6732 0 2224
6733 1 2797
6734 0 3979
6735 0 7952
6736 0 474
6737 1 3586
6738 1 5092
6739 0 7109
6740 1 7525
6741 0 8467
6742 1 5162
6743 1 4554
6744 1 3887
6745 1 6007
6746 1 1701
6747 0 9527
6748 1 2940
6749 0 5450
6750 1 4206
6751 1 7937
6752 1 4513
6753 1 3945
6754 1 4637
6755 0 2657
6756 0 9132
6757 0 8475
6758 1 9741
6759 0 8564
6760 1 6650
6761 1 7846
6762 1 1710
6763 0 4638
6764 1 1346
6765 1 6920
6766 1 3727
6767 0 6911
6768 1 8020
6769 0 8183
6770 0 9558
6771 0 7946
6772 0 1060
6773 1 2640
6774 0 7820
6775 0 9592
6776 1 68
6777 1 2460
6778 0 8914
6779 1 501
6780 1 3158
6781 0 525
6782 1 7568
6783 1 5039
6784 1 1825
6785 1 225
6786 1 8512
6787 1 7929
6788 1 7731
6789 0 8320
6790 1 4908
6791 1 4192
6792 0 4474
6793 0 7145
6794 0 1606
6795 0 6318
6796 1 4003
6797 0 7576
6798 0 10000
6799 0 8394
6800 0 7159
6801 1 792
6802 1 3743
6803 1 2807
6804 0 6051
6805 0 9891
6806 0 3415
6807 1 9278
6808 0 2696
6809 0 6073
6810 1 8899
6811 0 424
6812 0 2627
6813 1 5849
6814 1 3037
6815 0 8505
6816 1 2220
6817 0 5705
6818 1 246
6819 1 1948
6820 1 7653
6821 1 8281
6822 0 6612
6823 1 8706
6824 0 9316
6825 1 6818
6826 1 9426
6827 0 7678
6828 1 5681
6829 0 1745
6830 1 7849
6831 0 6723
6832 1 4581
6833 1 4405
6834 0 5227
6835 0 8250
6836 0 6209
6837 1 579
6838 0 543
6839 1 4525
6840 0 8439
6841 1 7087
6842 0 3805
6843 1 1329
6844 1 3665
6845 0 5876
6846 1 4460
6847 1 2578
6848 0 1953
6849 1 8613
6850 1 9191
6851 1 8335
6852 1 2755
6853 0 6651
6854 1 2420
6855 1 7234
6856 0 6675
6857 1 7607
6858 0 192
6859 1 3886
6860 1 4692
6861 0 1292
6862 1 6646
6863 0 6570
6864 0 3026
6865 0 5805
6866 1 6750
6867 1 4902
6868 0 3920
6869 0 9297
6870 0 9637
6871 0 3130
6872 0 7384
6873 0 5173
6874 0 7711
6875 1 7536
6876 1 9336
6877 1 1130
6878 1 6191
6879 1 260
6880 1 1289
6881 0 1261
6882 0 7975
6883 1 6731
6884 0 4757
6885 0 5751
6886 0 2318
6887 1 8640
6888 1 3484
6889 1 3456
6890 0 6951
6891 1 591
6892 1 9766
6893 0 2339
6894 1 3148
6895 1 5990
6896 1 3237
6897 0 6482
6898 0 9186
6899 0 6148
6900 1 9689
6901 0 3
6902 0 427
6903 0 5714
6904 1 6768
6905 0 5300
6906 1 984
6907 0 8178
6908 1 5377
6909 1 5675
6910 0 5435
6911 1 8004
6912 1 6230
6913 0 9077
6914 0 4229
6915 1 9606
6916 1 3614
6917 1 4820
6918 0 2317
6919 1 3115
6920 0 8669
6921 0 4304
6922 1 8339
6923 1 8844
6924 0 4087
6925 0 9850
6926 1 4779
6927 1 5202
6928 1 4378
6929 0 1799
6930 0 7343
6931 0 4273
6932 0 4820
6933 1 3355
6934 0 3284
6935 1 2946
6936 1 8043
6937 0 3183
6938 1 4377
6939 0 8359
6940 0 6334
6941 1 4411
6942 0 7709
6943 1 7222
6944 0 7125
6945 0 8006
6946 1 3343
6947 0 5219
6948 1 9503
6949 0 8007
6950 1 5045
6951 1 8458
6952 1 1557
6953 1 58
6954 1 6099
6955 1 4820
6956 0 8321
6957 1 3077
6958 1 6719
6959 1 4773
6960 0 3790
6961 1 4237
6962 1 4898
6963 0 3829
6964 1 3152
6965 0 8535
6966 1 9093
6967 0 2433
6968 0 8627
6969 0 202
6970 0 3195
6971 1 7566
6972 1 7377
6973 0 4833
6974 1 5652
6975 0 5285
6976 0 2146
6977 0 7654
6978 0 8424
6979 0 2953
6980 1 6980
6981 1 782
6982 1 8297
6983 0 4177
6984 1 3342
6985 0 8034
6986 0 3841
6987 1 8572
6988 1 7068
6989 1 8779
6990 1 2611
6991 1 4397
6992 0 8332
6993 0 4161
6994 0 6899
6995 1 1487
6996 0 5193
6997 0 8901
6998 1 207
6999 0 368
7000 0 4408
7001 0 8881
7002 0 6384
7003 0 6685
7004 1 9833
7005 0 9017
7006 1 6687
7007 1 3504
7008 0 279
7009 0 3831
7010 0 6387
7011 0 1613
7012 0 2139
7013 0 9365
7014 1 4009
7015 1 3853
7016 0 7211
7017 0 6283
7018 0 9199
7019 0 8184
7020 1 5099
7021 0 9731
7022 0 8667
7023 0 2690
7024 0 9688
7025 0 2136
7026 0 6500
7027 1 6888
7028 1 1653
7029 0 4074
7030 1 598
7031 0 4686
7032 1 9582
7033 0 130
7034 1 1642
7035 1 8829
7036 0 7920
7037 0 3106
7038 1 5032
7039 0 104
7040 0 6620
7041 1 5806
7042 0 1850
7043 0 123
7044 1 9137
7045 1 7783
7046 0 6041
7047 0 5440
7048 1 3679
7049 0 4434
7050 1 8183
7051 0 8160
7052 1 6904
7053 1 7195
7054 1 1619
7055 0 7312
7056 0 6482
7057 1 4591
7058 1 3654
7059 0 3883
7060 1 8328
7061 1 1512
7062 1 9244
7063 1 2632
7064 1 8171
7065 0 3030
7066 1 5443
7067 0 4668
7068 0 9437
7069 1 578
7070 0 8466
7071 0 8743
7072 1 6886
7073 1 890
7074 1 4124
7075 1 4824
7076 1 4182
7077 1 1228
7078 1 3563
7079 1 12
7080 0 1937
7081 0 6173
7082 1 1341
7083 1 4311
7084 1 7029
7085 1 8734
7086 1 353
7087 1 7814
7088 0 142
7089 0 6223
7090 0 1393
7091 0 7871
7092 1 1449
7093 1 1818
7094 0 1370
7095 1 1192
7096 1 6765
7097 1 3675
7098 0 1130
7099 0 4402
7100 0 9190
7101 0 6887
7102 1 1965
7103 1 9646
7104 1 4593
7105 0 3023
7106 0 2175
7107 0 8094
7108 1 9348
7109 0 7604
7110 0 6254
7111 0 4953
7112 1 3453
7113 1 1491
7114 1 9253
7115 0 8637
7116 1 6328
7117 1 4958
7118 0 6962
7119 1 115
7120 1 1591
7121 1 5044
7122 1 6419
7123 0 9971
7124 0 3720
7125 1 4239
7126 0 4973
7127 0 2542
7128 1 4451
7129 0 58
7130 1 1932
7131 1 9519
7132 1 424
7133 0 3974
7134 0 3709
7135 0 3421
7136 0 7776
7137 1 3976
7138 0 3795
7139 1 4571
7140 0 5571
7141 0 2917
7142 1 4110
7143 1 7502
7144 1 6434
7145 1 1539
7146 0 5865
7147 0 9364
7148 0 5430
7149 1 6001
7150 1 3078
7151 1 2158
7152 0 8305
7153 0 489
7154 1 5727
7155 1 3536
7156 0 8220
7157 1 6466
7158 1 6853
7159 1 3463
7160 1 9105
7161 0 2239
7162 1 8094
7163 0 2809
7164 1 5500
7165 1 1679
7166 0 379
7167 1 5772
7168 1 7502
7169 0 9592
7170 1 8100
7171 1 1384
7172 0 4630
7173 0 2811
7174 1 5604
7175 1 1452
7176 1 1244
7177 1 4448
7178 0 376
7179 1 2188
7180 0 8530
7181 1 4959
7182 1 7575
7183 1 9354
7184 1 610
7185 0 1845
7186 1 9620
7187 0 4981
7188 0 7958
7189 0 9948
7190 1 1980
7191 0 835
7192 1 6834
7193 0 235
7194 1 3898
7195 0 793
7196 0 5028
7197 1 7605
7198 0 1740
7199 1 165
7200 0 6748
7201 1 8695
7202 1 8169
7203 1 6277
7204 0 2612
7205 0 1935
7206 0 5593
7207 0 6961
7208 0 4273
7209 1 7477
7210 1 7046
7211 0 7461
7212 0 9710
7213 0 1523
7214 0 8079
7215 0 8595
7216 1 8042
7217 0 1659
7218 1 6192
7219 1 4591
7220 0 7018
7221 0 7866
7222 1 3951
7223 1 2036
7224 0 728
7225 0 4666
7226 0 9708
7227 1 2262
7228 0 5020
7229 0 218
7230 0 9535
7231 0 5089
7232 1 6861
7233 1 475
7234 0 400
7235 0 2869
7236 0 933
7237 0 2668
7238 1 8686
7239 0 3041
7240 0 668
7241 1 3574
7242 1 6554
7243 1 742
7244 1 3057
7245 1 424
7246 1 2529
7247 0 8486
7248 1 6859
7249 1 7465
7250 1 2402
7251 0 5487
7252 0 7609
7253 1 4028
7254 1 6779
7255 0 928
7256 0 3442
7257 1 1893
7258 1 6508
7259 1 1746
7260 0 8759
7261 0 9481
7262 1 3028
7263 0 3288
7264 0 9516
7265 1 8593
7266 0 5941
7267 1 9384
7268 1 9861
7269 0 4968
7270 1 6312
7271 0 256
7272 1 7541
7273 1 6229
7274 1 9674
7275 0 3897
7276 1 664
7277 0 7691
7278 0 6129
7279 0 8314
7280 0 140
7281 0 2737
7282 1 9712
7283 0 9196
7284 1 6259
7285 0 4849
7286 0 3872
7287 1 2798
7288 0 6293
7289 1 3132
7290 0 3409
7291 1 807
7292 0 2544
7293 0 2222
7294 1 5590
7295 0 9742
7296 0 9370
7297 0 4455
7298 0 5102
7299 1 2588
7300 0 6666
7301 0 9671
7302 0 4945
7303 1 1073
7304 1 5065
7305 0 8361
7306 0 1116
7307 1 6383
7308 1 6909
7309 0 4907
7310 1 5525
7311 1 1927
7312 1 5426
7313 1 5327
7314 0 2099
7315 1 1363
7316 0 6325
7317 1 1953
7318 1 1043
7319 0 9799
7320 1 3607
7321 1 8297
7322 1 5604
7323 0 4168
7324 0 2887
7325 1 9504
7326 0 7251
7327 1 6011
7328 0 9812
7329 0 2156
7330 1 4124
7331 1 9394
7332 1 1781
7333 1 3156
7334 0 7433
7335 1 2024
7336 0 8754
7337 1 6564
7338 0 8999
7339 0 7325
7340 1 8231
7341 1 5264
7342 0 2018
7343 0 1983
7344 1 7038
7345 0 5896
7346 0 1337
7347 1 2650
7348 0 2474
7349 1 1311
7350 1 6889
7351 1 6233
7352 1 9218
7353 0 1540
7354 0 1231
7355 1 77
7356 1 9799
7357 1 9023
7358 0 2887
7359 0 4604
7360 1 652
7361 0 3862
7362 0 149
7363 0 8405
7364 1 6684
7365 0 2041
7366 1 622
7367 0 1099
7368 0 4410
7369 1 911
7370 0 8786
7371 1 2085
7372 1 3625
7373 0 3174
7374 1 6280
7375 0 2576
7376 0 2503
7377 0 6369
7378 1 8507
7379 0 6395
7380 1 6916
7381 0 2646
7382 0 3486
7383 1 7618
7384 0 8231
7385 1 3462
7386 1 6561
7387 0 4612
7388 0 2501
7389 1 6223
7390 0 5943
7391 0 9811
7392 1 9006
7393 0 8264
7394 1 396
7395 1 1926
7396 1 4803
7397 0 2579
7398 1 3599
7399 1 3756
7400 0 5707
7401 1 4432
7402 0 2947
7403 1 4185
7404 1 4230
7405 1 6638
7406 1 4093
7407 1 5546
7408 0 4272
7409 0 5005
7410 1 9971
7411 0 5816
7412 1 6767
7413 1 5597
7414 1 844
7415 1 4028
7416 0 5760
7417 0 5125
7418 0 9605
7419 1 3420
7420 0 9642
7421 0 4642
7422 0 8273
7423 0 8732
7424 1 3963
7425 1 1565
7426 1 1331
7427 1 2096
7428 0 4959
7429 1 175
7430 1 4708
7431 1 5618
7432 0 2468
7433 1 3403
7434 0 2607
7435 0 2324
7436 1 8312
7437 1 3047
7438 1 6071
7439 1 7357
7440 1 2951
7441 0 1138
7442 0 1200
7443 1 6684
7444 1 6757
7445 1 8031
7446 1 3919
7447 0 9141
7448 1 7704
7449 1 1141
7450 1 947
7451 1 7681
7452 0 7200
7453 1 4862
7454 1 887
7455 0 2394
7456 1 3288
7457 1 805
7458 1 9242
7459 0 3617
7460 0 519
7461 0 3005
7462 0 1851
7463 1 7020
7464 1 630
7465 0 9588
7466 0 5726
7467 1 5890
7468 0 3814
7469 1 5350
7470 0 346
7471 1 4280
7472 1 1614
7473 1 2491
7474 1 6110
7475 0 3545
7476 1 2467
7477 1 9364
7478 1 7566
7479 1 2107
7480 0 923
7481 0 3481
7482 1 3070
7483 0 8812
7484 0 8879
7485 0 5693
7486 0 2683
7487 1 5476
7488 1 3489
7489 1 9638
7490 0 1311
7491 0 7839
7492 0 5374
7493 0 6444
7494 0 7992
7495 0 6761
7496 0 4604
7497 0 532
7498 1 5096
7499 1 5142
7500 0 3963
7501 1 9818
7502 0 779
7503 1 8514
7504 1 9566
7505 0 3068
7506 0 7181
7507 0 9815
7508 0 3159
7509 1 9994
7510 0 5115
7511 0 8868
7512 0 122
7513 1 2232
7514 0 2199
7515 1 3017
7516 0 932
7517 1 735
7518 0 408
7519 0 6939
7520 0 2354
7521 0 2959
7522 1 8296
7523 1 8882
7524 0 6228
7525 0 2488
7526 0 7094
7527 1 8592
7528 1 7570
7529 0 7832
7530 1 5700
7531 1 201
7532 0 978
7533 0 4707
7534 0 6537
7535 0 3884
7536 1 7280
7537 0 9568
7538 1 7058
7539 1 7482
7540 1 4398
7541 1 9669
7542 0 3603
7543 1 1696
7544 1 1845
7545 0 2825
7546 1 2731
7547 1 9624
7548 1 1243
7549 1 1797
7550 0 9561
7551 1 139
7552 1 9845
7553 0 5525
7554 0 5628
7555 1 7165
7556 0 4594
7557 0 1350
7558 0 5778
7559 0 9980
7560 1 290
7561 1 6956
7562 1 1391
7563 0 551
7564 0 8033
7565 0 262
7566 0 9201
7567 0 5841
7568 1 1584
7569 0 6493
7570 1 6886
7571 0 5510
7572 1 3711
7573 1 7785
7574 1 1324
7575 1 2941
7576 1 4321
7577 1 3135
7578 0 1278
7579 0 7704
7580 1 9396
7581 0 8625
7582 1 2875
7583 1 1525
7584 0 7317
7585 0 1987
7586 0 7141
7587 1 7074
7588 0 2595
7589 1 9975
7590 0 9312
7591 1 4176
7592 0 9673
7593 1 8481
7594 1 1639
7595 0 1265
7596 0 4851
7597 1 3159
7598 0 6971
7599 0 8609
7600 0 2868
7601 0 5291
7602 0 5878
7603 0 1865
7604 1 4287
7605 1 1128
7606 1 3407
7607 0 206
7608 1 401
7609 0 5539
7610 1 2308
7611 0 7657
7612 0 2662
7613 0 7555
7614 0 36
7615 1 3999
7616 0 5088
7617 1 8986
7618 0 6458
7619 0 5073
7620 0 4125
7621 1 2054
7622 0 8867
7623 1 7547
7624 0 5944
7625 0 5343
7626 0 9512
7627 1 1499
7628 1 6382
7629 0 4089
7630 0 6808
7631 1 2967
7632 0 1258
7633 0 9382
7634 0 8295
7635 0 1712
7636 1 9750
7637 0 3086
7638 1 2592
7639 0 731
7640 0 8400
7641 1 5732
7642 0 6607
7643 0 1327
7644 1 2222
7645 1 393
7646 1 6645
7647 1 1545
7648 1 8567
7649 0 5518
7650 0 758
7651 0 7546
7652 0 4888
7653 0 4579
7654 0 6492
7655 0 7940
7656 1 3572
7657 0 5005
7658 1 1583
7659 0 8808
7660 0 6216
7661 0 6976
7662 0 3726
7663 0 909
7664 1 2965
7665 0 9605
7666 1 6232
7667 0 6978
7668 1 3491
7669 1 4777
7670 1 4176
7671 0 232
7672 0 2653
7673 1 9805
7674 0 4495
7675 0 5395
7676 1 6954
7677 1 755
7678 1 9785
7679 0 2822
7680 1 275
7681 1 5083
7682 0 6671
7683 0 3518
7684 0 3896
7685 0 815
7686 0 7214
7687 0 5143
7688 0 105
7689 0 2260
7690 0 8003
7691 0 9933
7692 1 1549
7693 0 6584
7694 0 5433
7695 0 2456
7696 1 9428
7697 1 7915
7698 0 4572
7699 0 1642
7700 1 9860
7701 1 8797
7702 1 3050
7703 1 1432
7704 1 6543
7705 0 3566
7706 0 1340
7707 1 3836
7708 0 4944
7709 0 2397
7710 0 9988
7711 0 1380
7712 0 2813
7713 1 6198
7714 1 9788
7715 0 932
7716 0 642
7717 0 2574
7718 0 5712
7719 0 1934
7720 1 908
7721 0 6702
7722 0 1851
7723 1 1592
7724 0 2579
7725 0 4215
7726 1 3988
7727 1 9743
7728 1 4284
7729 1 4237
7730 0 4642
7731 1 1532
7732 0 1866
7733 0 2018
7734 0 4990
7735 1 7441
7736 0 1405
7737 1 5510
7738 1 6276
7739 1 2528
7740 0 2590
7741 0 7465
7742 1 7559
7743 1 8666
7744 0 2699
7745 1 3265
7746 0 5480
7747 0 8634
7748 1 6342
7749 0 1434
7750 1 5532
7751 0 4884
7752 0 5895
7753 1 1985
7754 0 2614
7755 1 7382
7756 1 2888
7757 0 994
7758 0 8152
7759 1 6940
7760 1 8686
7761 0 5885
7762 1 389
7763 1 7754
7764 0 8370
7765 1 6956
7766 0 4067
7767 0 5256
7768 1 4275
7769 0 4412
7770 0 2327
7771 0 1041
7772 1 2707
7773 0 3670
7774 1 3958
7775 0 3206
7776 1 7998
7777 1 5892
7778 1 9854
7779 1 5529
7780 1 3788
7781 1 6206
7782 0 6178
7783 1 3946
7784 1 4825
7785 1 7901
7786 1 763
7787 0 2183
7788 0 688
7789 1 8494
7790 0 6095
7791 0 7636
7792 1 5186
7793 0 9497
7794 1 6724
7795 0 3357
7796 1 8977
7797 1 247
7798 1 6720
7799 1 8266
7800 1 925
7801 1 5055
7802 0 7601
7803 0 9606
7804 0 4412
7805 0 6026
7806 1 298
7807 0 7395
7808 1 931
7809 0 6964
7810 1 3218
7811 1 1166
7812 1 3337
7813 0 1147
7814 1 29
7815 0 9385
7816 0 4290
7817 0 7467
7818 0 2051
7819 0 9303
7820 1 6133
7821 0 7220
7822 0 1297
7823 0 8956
7824 0 3943
7825 1 2604
7826 0 5452
7827 0 2196
7828 1 1609
7829 0 1297
7830 1 1399
7831 0 5216
7832 1 2898
7833 0 3161
7834 0 2313
7835 1 3535
7836 1 6646
7837 1 3758
7838 1 1214
7839 1 8036
7840 1 2282
7841 0 9900
7842 0 5262
7843 1 5991
7844 1 8586
7845 0 9092
7846 0 5771
7847 0 4212
7848 1 7646
7849 0 884
7850 1 9255
7851 0 6210
7852 0 8290
7853 1 8570
7854 1 6786
7855 1 8469
7856 0 261
7857 0 9032
7858 1 107
7859 1 4146
7860 1 7640
7861 0 681
7862 0 3501
7863 1 2400
7864 1 9662
7865 1 1081
7866 0 9563
7867 0 3607
7868 1 8531
7869 0 9261
7870 1 7761
7871 0 7863
7872 1 3786
7873 0 1457
7874 1 8718
7875 1 3152
7876 0 6167
7877 1 8422
7878 0 3254
7879 0 5708
7880 1 3120
7881 1 5854
7882 1 8820
7883 1 3003
7884 0 7112
7885 0 7649
7886 1 3321
7887 1 3310
7888 1 5759
7889 0 4640
7890 1 9543
7891 0 3103
7892 0 1306
7893 1 7991
7894 1 9958
7895 1 1308
7896 0 2405
7897 1 9421
7898 0 2814
7899 1 7977
7900 0 5573
7901 1 4745
7902 1 4819
7903 1 8445
7904 1 9130
7905 1 5433
7906 1 2136
7907 0 1287
7908 1 3757
7909 1 8872
7910 0 6235
7911 0 5056
7912 0 9221
7913 0 8813
7914 1 6207
7915 1 7223
7916 0 1888
7917 0 1517
7918 1 6007
7919 0 4405
7920 1 8947
7921 0 4335
7922 0 7567
7923 1 7794
7924 1 518
7925 1 3744
7926 1 171
7927 1 4911
7928 0 7331
7929 0 2892
7930 1 1245
7931 1 1271
7932 0 4151
7933 0 9624
7934 1 8009
7935 0 7476
7936 1 9526
7937 0 2956
7938 1 1168
7939 0 8326
7940 0 2590
7941 1 3958
7942 1 5925
7943 1 6073
7944 1 7103
7945 0 9576
7946 0 5943
7947 1 8095
7948 0 7158
7949 1 8730
7950 1 458
7951 0 409
7952 0 8231
7953 1 6806
7954 1 1455
7955 1 1466
7956 0 4935
7957 0 2543
7958 0 7820
7959 0 1321
7960 0 6452
7961 1 2545
7962 0 6418
7963 0 1851
7964 0 739
7965 1 3044
7966 1 8385
7967 1 7033
7968 0 9676
7969 0 7023
7970 0 1666
7971 1 8338
7972 0 5654
7973 1 3796
7974 1 8370
7975 0 903
7976 1 8005
7977 0 6779
7978 0 9352
7979 1 1387
7980 1 8431
7981 1 327
7982 1 7619
7983 0 4343
7984 0 2215
7985 0 8930
7986 1 8173
7987 1 1200
7988 1 7164
7989 0 6678
7990 0 8732
7991 1 1274
7992 1 4899
7993 1 6016
7994 0 7972
7995 0 7921
7996 1 9053
7997 1 1650
7998 0 3297
7999 0 8782
8000 1 9742
8001 0 7770
8002 0 1128
8003 1 9130
8004 1 3561
8005 1 8571
8006 0 7109
8007 1 4269
8008 0 9114
8009 0 6383
8010 1 1113
8011 1 527
8012 1 9740
8013 1 1075
8014 0 8119
8015 0 322
8016 0 6686
8017 0 6852
8018 1 3359
8019 1 4884
8020 0 381
8021 1 6336
8022 1 3685
8023 0 8844
8024 1 196
8025 1 2029
8026 1 9138
8027 0 7523
8028 1 9559
8029 0 9867
8030 1 1407
8031 1 8964
8032 0 1269
8033 1 8861
8034 0 8851
8035 0 4102
8036 0 7244
8037 0 9080
8038 1 8710
8039 0 724
8040 1 2831
8041 1 7999
8042 0 8191
8043 0 8279
8044 1 9379
8045 1 3103
8046 1 7998
8047 0 2155
8048 1 4248
8049 0 2450
8050 1 9281
8051 1 1343
8052 1 903
8053 1 3948
8054 0 8775
8055 0 9620
8056 1 9793
8057 1 7094
8058 0 8169
8059 0 1121
8060 1 5682
8061 0 1185
8062 1 8091
8063 0 2021
8064 0 6325
8065 0 8883
8066 0 1288
8067 1 4462
8068 1 1516
8069 1 7357
8070 0 7318
8071 1 7662
8072 0 7346
8073 1 4415
8074 1 2818
8075 1 2214
8076 1 5206
8077 1 2310
8078 0 4570
8079 1 8949
8080 0 539
8081 1 692
8082 0 2056
8083 0 6085
8084 0 5067
8085 0 2053
8086 1 3975
8087 1 571
8088 0 5511
8089 0 7495
8090 1 5922
8091 0 865
8092 0 4485
8093 0 2581
8094 0 9049
8095 1 1728
8096 0 6783
8097 0 4135
8098 1 9366
8099 1 932
8100 1 4029
8101 0 7984
8102 1 3448
8103 1 992
8104 0 3229
8105 1 8867
8106 0 5902
8107 0 4355
8108 0 6574
8109 0 1245
8110 0 3583
8111 1 2301
8112 0 1837
8113 0 8617
8114 1 4888
8115 0 2141
8116 0 4993
8117 1 4591
8118 0 2883
8119 1 1571
8120 1 7426
8121 0 2034
8122 0 2484
8123 0 2859
8124 0 9522
8125 1 9594
8126 0 832
8127 0 2443
8128 1 916
8129 0 4408
8130 1 1617
8131 1 4523
8132 1 9867
8133 1 6158
8134 1 7557
8135 0 9797
8136 0 8219
8137 0 3880
8138 1 4485
8139 1 2172
8140 1 7443
8141 0 4526
8142 1 1544
8143 0 7993
8144 0 436
8145 0 9020
8146 1 4779
8147 0 7883
8148 1 1660
8149 0 6651
8150 1 2102
8151 1 4731
8152 0 5104
8153 0 5350
8154 1 2534
8155 1 4299
8156 0 9716
8157 0 8296
8158 1 7810
8159 1 1699
8160 0 965
8161 1 1176
8162 0 5946
8163 0 9151
8164 1 4934
8165 0 8384
8166 1 7597
8167 0 4468
8168 1 4578
8169 1 8753
8170 0 6599
8171 1 5882
8172 0 4203
8173 1 68
8174 0 7252
8175 1 8288
8176 0 3893
8177 0 5205
8178 1 7065
8179 1 9644
8180 1 8147
8181 1 4977
8182 1 2256
8183 0 5520
8184 1 3564
8185 1 1402
8186 1 289
8187 0 3600
8188 0 2936
8189 0 3579
8190 0 413
8191 0 7160
8192 1 5561
8193 1 5445
8194 0 7532
8195 0 3920
8196 0 5361
8197 0 995
8198 0 1092
8199 0 6917
8200 1 1397
8201 1 908
8202 1 1678
8203 1 1346
8204 0 3990
8205 1 9221
8206 0 3941
8207 0 7153
8208 0 4044
8209 0 4925
8210 1 8177
8211 1 7115
8212 1 9997
8213 0 3557
8214 0 3773
8215 1 5514
8216 0 2323
8217 1 6932
8218 0 8246
8219 1 4476
8220 1 3399
8221 1 3052
8222 0 6888
8223 0 6509
8224 0 6518
8225 0 6050
8226 1 9370
8227 0 5711
8228 0 1504
8229 1 5516
8230 0 2004
8231 1 3456
8232 0 2436
8233 0 5887
8234 0 7219
8235 1 4302
8236 0 3683
8237 1 7690
8238 1 7367
8239 1 4384
8240 0 6132
8241 0 1806
8242 0 7629
8243 1 557
8244 0 4565
8245 0 4838
8246 1 4399
8247 1 5003
8248 0 9572
8249 1 2282
8250 0 3882
8251 0 1627
8252 0 7255
8253 1 9176
8254 0 6612
8255 0 1906
8256 0 3426
8257 0 8881
8258 1 5639
8259 1 5170
8260 0 7219
8261 1 2146
8262 1 7793
8263 1 2166
8264 0 4569
8265 1 4357
8266 1 359
8267 1 161
8268 1 6953
8269 1 5338
8270 0 5798
8271 0 8103
8272 1 2244
8273 0 1210
8274 1 6049
8275 0 8273
8276 1 4071
8277 1 5070
8278 0 4952
8279 1 9900
8280 1 2349
8281 0 9946
8282 1 2146
8283 1 1974
8284 1 396
8285 1 5580
8286 1 1093
8287 0 5515
8288 0 8998
8289 0 1094
8290 1 2074
8291 0 9010
8292 0 6972
8293 1 3368
8294 0 6543
8295 0 8657
8296 0 4329
8297 1 7891
8298 0 8450
8299 1 4701
8300 0 3867
8301 1 7052
8302 0 6148
8303 1 3339
8304 1 6234
8305 1 66
8306 1 5149
8307 1 5056
8308 0 5404
8309 1 667
8310 1 1455
8311 0 6497
8312 1 985
8313 0 2028
8314 1 1896
8315 1 357
8316 0 7597
8317 1 7998
8318 1 6211
8319 0 3446
8320 1 1410
8321 1 6544
8322 1 8554
8323 1 8663
8324 1 8521
8325 1 8193
8326 0 9282
8327 1 3333
8328 0 8469
8329 0 3668
8330 0 9793
8331 1 1626
8332 0 7243
8333 1 5427
8334 1 5769
8335 1 1053
8336 1 8690
8337 1 9070
8338 1 5862
8339 0 895
8340 0 8784
8341 1 1076
8342 1 4312
8343 0 4862
8344 0 5001
8345 1 3847
8346 1 6494
8347 0 8750
8348 0 2953
8349 1 8981
8350 0 3466
8351 0 3563
8352 0 2338
8353 1 1304
8354 0 5396
8355 0 4336
8356 0 9792
8357 1 7948
8358 1 7151
8359 0 7879
8360 1 5710
8361 0 4440
8362 1 6508
8363 1 6482
8364 1 3134
8365 1 756
8366 1 2819
8367 0 6886
8368 1 8557
8369 1 4982
8370 0 4010
8371 1 3417
8372 0 1449
8373 1 8168
8374 1 2787
8375 0 1555
8376 1 5556
8377 1 5926
8378 1 5518
8379 0 1616
8380 1 1984
8381 0 3816
8382 0 9131
8383 1 3287
8384 1 7247
8385 0 3382
8386 1 2034
8387 0 3933
8388 1 5156
8389 0 905
8390 1 3387
8391 0 1878
8392 1 715
8393 1 9445
8394 1 4455
8395 1 9760
8396 0 1843
8397 1 8913
8398 1 635
8399 1 7470
8400 1 3974
8401 1 9451
8402 1 9058
8403 1 5300
8404 0 1092
8405 1 2819
8406 0 3038
8407 1 8918
8408 1 7803
8409 0 4903
8410 0 2667
8411 0 4297
8412 0 7882
8413 1 6484
8414 1 1805
8415 1 1301
8416 0 5586
8417 1 4097
8418 1 1725
8419 1 7691
8420 0 1787
8421 1 9742
8422 1 3706
8423 0 8536
8424 0 2351
8425 0 448
8426 0 6148
8427 0 7230
8428 1 4396
8429 0 5190
8430 1 1012
8431 1 8507
8432 1 2811
8433 1 2214
8434 1 8423
8435 1 8566
8436 0 9441
8437 0 7057
8438 0 9918
8439 0 2918
8440 1 1415
8441 1 6770
8442 0 785
8443 1 9102
8444 1 9820
8445 0 4490
8446 0 7743
8447 1 2169
8448 1 973
8449 0 2823
8450 1 6617
8451 1 6323
8452 1 60
8453 0 9545
8454 0 5413
8455 0 7651
8456 0 6629
8457 0 1109
8458 1 2551
8459 1 5711
8460 1 7722
8461 0 2302
8462 0 6805
8463 1 6979
8464 0 7980
8465 1 970
8466 0 8670
8467 0 1795
8468 0 7134
8469 0 2930
8470 1 3413
8471 1 6223
8472 1 4808
8473 1 9041
8474 0 5258
8475 1 286
8476 0 1972
8477 0 3982
8478 0 9072
8479 0 1166
8480 0 9273
8481 1 1671
8482 0 3590
8483 0 7517
8484 0 8579
8485 1 9440
8486 1 7956
8487 0 6674
8488 0 3460
8489 0 8166
8490 0 3836
8491 0 4712
8492 1 4190
8493 0 6815
8494 1 9336
8495 1 3687
8496 0 4356
8497 0 2831
8498 0 5192
8499 1 334
8500 1 6534
8501 0 4308
8502 0 7838
8503 1 2607
8504 1 3769
8505 1 6790
8506 1 2521
8507 0 1472
8508 1 6575
8509 1 9541
8510 1 9027
8511 1 2142
8512 0 7795
8513 0 1950
8514 0 1529
8515 0 3741
8516 1 2053
8517 1 8236
8518 0 7152
8519 0 68
8520 1 8424
8521 0 2363
8522 1 9315
8523 1 9726
8524 1 3285
8525 1 6553
8526 1 4244
8527 1 2251
8528 1 5602
8529 0 3742
8530 0 2477
8531 0 897
8532 1 1843
8533 1 3602
8534 0 9443
8535 1 8493
8536 0 6348
8537 0 6311
8538 1 1564
8539 1 7717
8540 0 4185
8541 1 4463
8542 0 2709
8543 1 885
8544 1 9863
8545 1 6604
8546 1 3563
8547 0 4266
8548 0 4541
8549 0 8739
8550 0 1533
8551 1 8445
8552 0 8273
8553 0 7808
8554 1 4988
8555 1 5381
8556 1 8701
8557 1 1344
8558 1 5976
8559 1 9308
8560 0 3613
8561 1 4739
8562 0 206
8563 1 6380
8564 1 5661
8565 1 2072
8566 1 7368
8567 1 2992
8568 0 8016
8569 0 4021
8570 0 219
8571 1 4922
8572 1 1019
8573 1 9624
8574 1 8809
8575 1 9609
8576 1 773
8577 0 596
8578 1 7107
8579 0 5820
8580 0 9942
8581 0 4315
8582 1 4783
8583 1 2601
8584 0 2704
8585 0 7623
8586 0 2389
8587 0 7027
8588 1 1409
8589 0 6768
8590 1 4005
8591 0 7218
8592 0 4874
8593 0 624
8594 0 3235
8595 1 7746
8596 1 8768
8597 1 6365
8598 1 9752
8599 0 8453
8600 0 4711
8601 0 6997
8602 1 7197
8603 1 8697
8604 0 3039
8605 0 1185
8606 1 5539
8607 1 2462
8608 1 8803
8609 1 9719
8610 1 6791
8611 1 1038
8612 1 5227
8613 1 9025
8614 0 2163
8615 1 6528
8616 1 6641
8617 0 6689
8618 0 7110
8619 0 7251
8620 0 9515
8621 0 2520
8622 0 4429
8623 1 8091
8624 0 684
8625 1 49
8626 1 5479
8627 1 1959
8628 1 6239
8629 0 1889
8630 1 3630
8631 0 1898
8632 0 1798
8633 0 3854
8634 1 1405
8635 0 3114
8636 0 9772
8637 0 9094
8638 0 6828
8639 0 6417
8640 1 8047
8641 1 6712
8642 1 5672
8643 1 6121
8644 1 690
8645 1 7915
8646 0 1531
8647 0 7815
8648 1 565
8649 0 5993
8650 0 9828
8651 0 5225
8652 1 370
8653 0 7807
8654 0 5293
8655 0 2793
8656 0 3593
8657 1 4449
8658 0 9103
8659 1 5219
8660 0 2321
8661 0 3469
8662 1 2478
8663 1 7370
8664 1 5135
8665 0 8312
8666 1 3006
8667 0 5351
8668 1 8503
8669 0 1201
8670 1 16
8671 0 4738
8672 1 199
8673 1 5446
8674 0 433
8675 1 6442
8676 0 8434
8677 0 7944
8678 0 1055
8679 1 9136
8680 0 3432
8681 0 5412
8682 1 6484
8683 1 5543
8684 0 627
8685 0 233
8686 1 8144
8687 1 8543
8688 1 1294
8689 1 9726
8690 0 3726
8691 0 5503
8692 1 3761
8693 0 2279
8694 1 7619
8695 0 1275
8696 0 1474
8697 1 931
8698 1 8527
8699 0 3817
8700 0 5470
8701 0 170
8702 0 15
8703 1 2619
8704 0 3522
8705 0 3923
8706 0 189
8707 1 1511
8708 0 2677
8709 1 6782
8710 1 8085
8711 1 4991
8712 0 7825
8713 0 6479
8714 1 8551
8715 1 9703
8716 0 5399
8717 0 3963
8718 0 7996
8719 0 2914
8720 0 2092
8721 1 8051
8722 0 3396
8723 0 2149
8724 0 2019
8725 0 7074
8726 1 8361
8727 1 2601
8728 1 1148
8729 1 390
8730 1 5590
8731 0 675
8732 1 3324
8733 1 7714
8734 1 4307
8735 0 730
8736 1 2186
8737 0 7559
8738 0 2634
8739 0 7609
8740 0 2188
8741 0 2483
8742 1 8290
8743 1 5456
8744 1 8924
8745 1 8588
8746 0 7232
8747 0 9387
8748 0 266
8749 0 4889
8750 1 7428
8751 0 1372
8752 0 6210
8753 1 3512
8754 0 5115
8755 0 6868
8756 1 5379
8757 0 3431
8758 0 4192
8759 0 9691
8760 1 2115
8761 1 9525
8762 0 413
8763 1 4767
8764 0 5679
8765 0 7136
8766 1 1278
8767 1 3447
8768 1 8379
8769 0 8445
8770 1 1275
8771 0 9759
8772 0 4321
8773 0 5854
8774 0 7295
8775 1 9663
8776 1 8435
8777 1 8783
8778 0 2065
8779 1 3346
8780 0 8366
8781 0 9993
8782 1 2521
8783 1 6333
8784 1 1728
8785 0 6023
8786 0 4022
8787 1 2777
8788 1 1056
8789 0 5125
8790 1 155
8791 1 2797
8792 0 7236
8793 0 5257
8794 1 4395
8795 1 444
8796 1 6351
8797 1 6511
8798 1 3667
8799 1 8744
8800 1 5024
8801 1 768
8802 0 7377
8803 0 5212
8804 1 2704
8805 1 3935
8806 0 9300
8807 0 3756
8808 1 9686
8809 1 2900
8810 0 6762
8811 1 8362
8812 0 2319
8813 0 3409
8814 1 7010
8815 0 3463
8816 0 5576
8817 0 4842
8818 0 2977
8819 1 6362
8820 0 2355
8821 0 7036
8822 1 9910
8823 1 8158
8824 0 2689
8825 1 7572
8826 1 5847
8827 0 8932
8828 0 9350
8829 0 473
8830 0 510
8831 1 7046
8832 1 6528
8833 0 6130
8834 0 1456
8835 1 4677
8836 1 133
8837 0 3570
8838 0 3175
8839 1 1993
8840 0 4098
8841 0 8178
8842 0 6227
8843 1 9533
8844 1 4011
8845 1 1281
8846 1 5894
8847 1 7572
8848 0 2897
8849 0 9905
8850 1 7785
8851 1 72
8852 1 9972
8853 1 708
8854 1 5352
8855 1 4673
8856 0 2284
8857 1 16
8858 0 6175
8859 0 2411
8860 1 2899
8861 0 4027
8862 1 8590
8863 1 7513
8864 0 7712
8865 1 3270
8866 1 9344
8867 0 9122
8868 0 1334
8869 0 219
8870 1 3584
8871 0 2820
8872 1 7313
8873 1 4297
8874 0 6296
8875 0 884
8876 1 9947
8877 0 4242
8878 1 690
8879 1 6230
8880 1 6447
8881 0 8303
8882 0 6247
8883 1 2522
8884 0 3295
8885 0 1743
8886 0 2750
8887 0 5838
8888 1 4305
8889 1 6852
8890 1 1592
8891 0 1148
8892 1 9205
8893 0 3227
8894 0 2351
8895 1 3480
8896 0 1884
8897 0 8175
8898 0 6124
8899 0 3225
8900 1 8514
8901 0 5676
8902 0 7615
8903 1 2834
8904 1 3134
8905 0 6185
8906 0 1755
8907 0 408
8908 0 169
8909 1 294
8910 1 3428
8911 1 5874
8912 0 9078
8913 1 8426
8914 0 3240
8915 0 1306
8916 1 4980
8917 0 2820
8918 0 8706
8919 1 8163
8920 0 6916
8921 0 5970
8922 1 6126
8923 0 1564
8924 0 7347
8925 0 506
8926 0 8508
8927 0 4481
8928 0 6668
8929 1 4006
8930 1 6190
8931 0 2505
8932 1 1502
8933 0 3395
8934 0 5669
8935 1 1289
8936 0 7735
8937 0 4342
8938 1 1718
8939 1 9869
8940 0 9564
8941 1 1661
8942 1 6434
8943 1 5470
8944 0 831
8945 1 278
8946 0 2790
8947 1 1462
8948 0 9756
8949 1 5420
8950 0 6467
8951 1 8090
8952 1 6269
8953 1 608
8954 1 5928
8955 0 3452
8956 1 3364
8957 1 2335
8958 1 2311
8959 0 7058
8960 1 2535
8961 1 8126
8962 1 8840
8963 1 5213
8964 1 1942
8965 0 9596
8966 1 4601
8967 1 2695
8968 1 6093
8969 0 7931
8970 1 4465
8971 0 8339
8972 1 1719
8973 1 3511
8974 0 5052
8975 0 5
8976 0 5504
8977 0 1755
8978 1 6469
8979 1 1646
8980 1 7828
8981 0 7001
8982 0 9368
8983 0 1899
8984 0 4900
8985 0 296
8986 1 5877
8987 1 2363
8988 0 4031
8989 1 4226
8990 0 8050
8991 0 7732
8992 1 5815
8993 1 3200
8994 0 4609
8995 1 7942
8996 0 7807
8997 0 7030
8998 1 5257
8999 1 1683
9000 1 8860
9001 1 2848
9002 0 2670
9003 0 4918
9004 0 6214
9005 1 2784
9006 0 9076
9007 0 859
9008 1 3378
9009 0 6196
9010 0 3177
9011 1 7424
9012 1 6917
9013 1 3287
9014 1 5349
9015 0 1778
9016 0 6888
9017 1 3783
9018 1 2528
9019 0 8100
9020 1 6093
9021 0 7734
9022 0 3973
9023 1 2966
9024 1 2175
9025 1 457
9026 1 5855
9027 1 3488
9028 1 3170
9029 1 1364
9030 1 613
9031 0 7043
9032 0 3199
9033 1 8731
9034 1 6842
9035 1 3015
9036 0 9787
9037 0 4801
9038 0 5487
9039 1 491
9040 1 4153
9041 1 8667
9042 1 3918
9043 0 1061
9044 0 6604
9045 1 912
9046 1 7616
9047 1 9464
9048 1 9939
9049 0 5523
9050 1 3073
9051 0 1869
9052 1 5437
9053 1 2642
9054 1 5248
9055 0 4114
9056 0 8209
9057 1 417
9058 0 608
9059 0 2353
9060 0 6784
9061 1 7321
9062 1 3775
9063 0 2799
9064 0 54
9065 0 7720
9066 1 1441
9067 1 1465
9068 0 9594
9069 0 348
9070 0 1991
9071 0 3873
9072 1 811
9073 0 9536
9074 0 3041
9075 1 739
9076 1 3013
9077 0 3837
9078 1 3365
9079 1 8153
9080 0 1005
9081 1 2616
9082 1 9775
9083 0 6651
9084 0 7025
9085 0 7770
9086 0 8159
9087 1 3985
9088 0 8064
9089 0 4474
9090 0 883
9091 0 9067
9092 1 5097
9093 1 7486
9094 1 1885
9095 0 303
9096 0 659
9097 1 2187
9098 0 8903
9099 0 4929
9100 1 161
9101 1 4313
9102 0 985
9103 1 2947
9104 1 9440
9105 1 1030
9106 0 3381
9107 0 9825
9108 0 6567
9109 1 3587
9110 0 2181
9111 1 7508
9112 1 6581
9113 0 8955
9114 0 1330
9115 0 7017
9116 1 7825
9117 0 3272
9118 0 1085
9119 1 2199
9120 0 8221
9121 1 8387
9122 0 4459
9123 0 5055
9124 0 2845
9125 0 443
9126 0 9122
9127 1 2065
9128 0 6932
9129 1 9639
9130 0 1593
9131 1 8967
9132 1 6009
9133 1 4481
9134 1 5285
9135 0 401
9136 1 4748
9137 0 969
9138 1 67
9139 0 9290
9140 0 9645
9141 1 3204
9142 0 8284
9143 1 8281
9144 0 5698
9145 0 2053
9146 0 5850
9147 0 8140
9148 1 1101
9149 0 7752
9150 1 8126
9151 1 2049
9152 1 2893
9153 1 9577
9154 1 3630
9155 0 9042
9156 0 6061
9157 0 931
9158 1 5356
9159 0 110
9160 1 6809
9161 0 6785
9162 1 6519
9163 0 2776
9164 1 8077
9165 0 8933
9166 1 9229
9167 1 8644
9168 0 4541
9169 0 8515
9170 0 8040
9171 0 205
9172 0 5077
9173 1 6714
9174 1 2456
9175 0 8817
9176 0 6863
9177 1 9687
9178 1 8708
9179 0 1518
9180 1 5627
9181 0 9905
9182 1 1828
9183 0 500
9184 0 5380
9185 0 5160
9186 0 1465
9187 0 7595
9188 0 9691
9189 1 1582
9190 1 1417
9191 1 9119
9192 0 2081
9193 1 225
9194 1 8207
9195 1 3811
9196 1 2410
9197 1 2982
9198 0 7369
9199 0 3617
9200 0 7819
9201 0 9210
9202 1 3660
9203 0 4316
9204 0 1089
9205 0 4508
9206 1 5084
9207 0 753
9208 0 2008
9209 0 2687
9210 1 5758
9211 0 9418
9212 0 2422
9213 1 456
9214 0 6589
9215 0 8562
9216 1 3775
9217 1 1734
9218 1 923
9219 0 8760
9220 0 3055
9221 0 5100
9222 0 9241
9223 0 8088
9224 1 772
9225 1 3288
9226 1 3952
9227 0 3298
9228 0 4502
9229 1 3388
9230 1 4873
9231 0 1512
9232 1 2720
9233 1 5149
9234 1 232
9235 1 5184
9236 0 9605
9237 1 2957
9238 1 6340
9239 1 429
9240 0 7780
9241 0 4509
9242 0 8455
9243 1 3144
9244 1 4946
9245 1 3480
9246 0 4943
9247 1 7677
9248 1 5048
9249 1 8958
9250 1 6628
9251 1 9822
9252 0 7052
9253 0 3065
9254 0 3403
9255 1 8836
9256 0 765
9257 0 1228
9258 1 9097
9259 0 8023
9260 0 2826
9261 1 6547
9262 1 6157
9263 0 8428
9264 0 7920
9265 1 8272
9266 1 7534
9267 1 3718
9268 1 7056
9269 0 540
9270 0 4026
9271 0 9697
9272 0 7728
9273 0 6684
9274 1 7187
9275 0 6462
9276 0 1663
9277 1 7080
9278 1 6676
9279 1 6307
9280 1 279
9281 0 6160
9282 0 92
9283 0 9712
9284 1 2674
9285 1 6677
9286 0 7924
9287 1 3154
9288 0 3666
9289 1 7660
9290 1 4759
9291 0 1521
9292 0 3129
9293 1 9370
9294 1 6815
9295 1 7120
9296 1 1322
9297 0 9707
9298 1 3834
9299 1 9431
9300 1 3910
9301 1 8544
9302 0 5714
9303 0 7362
9304 0 4137
9305 1 1272
9306 0 8729
9307 0 2467
9308 1 4079
9309 1 4824
9310 0 6146
9311 1 9399
9312 1 5003
9313 1 9660
9314 1 279
9315 1 3656
9316 1 1556
9317 1 9
9318 0 2291
9319 0 4167
9320 0 4387
9321 0 9947
9322 0 4679
9323 1 1142
9324 1 7293
9325 0 8989
9326 1 4323
9327 0 9720
9328 0 8156
9329 0 5286
9330 1 9963
9331 0 5204
9332 0 778
9333 0 5459
9334 1 6856
9335 0 5754
9336 1 5005
9337 0 5567
9338 0 5706
9339 1 8711
9340 1 6802
9341 1 5085
9342 0 8152
9343 0 3961
9344 0 8318
9345 1 2666
9346 0 150
9347 0 8768
9348 0 5841
9349 1 1430
9350 0 8877
9351 0 6790
9352 1 6790
9353 1 8442
9354 1 93
9355 0 3251
9356 0 3925
9357 0 9933
9358 0 8376
9359 1 6333
9360 0 1313
9361 1 7425
9362 1 2257
9363 1 5543
9364 0 4392
9365 1 9962
9366 1 4667
9367 1 5160
9368 0 6839
9369 1 1824
9370 1 9836
9371 1 9470
9372 1 1148
9373 1 6441
9374 0 5801
9375 0 4885
9376 0 9500
9377 1 9697
9378 1 5397
9379 0 9342
9380 0 6969
9381 0 1950
9382 0 4640
9383 0 7928
9384 1 8471
9385 0 5654
9386 1 7797
9387 0 1915
9388 1 134
9389 0 9494
9390 1 6977
9391 0 7675
9392 0 1530
9393 0 5207
9394 0 6827
9395 0 5722
9396 1 6685
9397 0 2863
9398 0 6831
9399 1 4766
9400 0 1788
9401 0 2746
9402 1 2174
9403 1 7938
9404 0 5363
9405 0 8010
9406 1 6386
9407 0 96
9408 0 5972
9409 1 2915
9410 0 8552
9411 1 434
9412 0 4401
9413 1 7573
9414 1 4538
9415 1 4504
9416 0 893
9417 1 1844
9418 1 2060
9419 1 8008
9420 1 2445
9421 1 9690
9422 0 2155
9423 1 224
9424 0 486
9425 0 119
9426 1 8408
9427 0 1742
9428 0 8329
9429 0 1988
9430 0 2684
9431 1 913
9432 1 1801
9433 0 7504
9434 0 9709
9435 0 1809
9436 0 9258
9437 0 9630
9438 0 8113
9439 1 8408
9440 1 7485
9441 1 9672
9442 0 1418
9443 1 6286
9444 0 2134
9445 1 4285
9446 1 2144
9447 1 2057
9448 1 7469
9449 0 898
9450 1 3014
9451 1 1761
9452 1 6796
9453 0 960
9454 1 2600
9455 0 5356
9456 1 2433
9457 1 5372
9458 1 3096
9459 1 8825
9460 0 2498
9461 0 2877
9462 1 6618
9463 0 7626
9464 0 4511
9465 1 2189
9466 1 7515
9467 0 2071
9468 0 8984
9469 0 583
9470 1 1344
9471 1 8158
9472 0 4499
9473 1 5335
9474 1 7700
9475 0 9091
9476 0 5329
9477 0 5181
9478 1 2167
9479 0 8008
9480 0 9683
9481 1 6677
9482 1 2712
9483 1 6415
9484 1 3734
9485 1 7657
9486 1 8292
9487 1 2629
9488 1 4210
9489 0 1304
9490 1 7681
9491 1 2423
9492 1 8418
9493 1 9325
9494 1 6553
9495 1 1366
9496 1 6586
9497 0 9952
9498 1 6283
9499 1 648
9500 1 7280
9501 0 2652
9502 0 435
9503 1 8912
9504 0 5652
9505 0 1700
9506 1 6499
9507 0 4125
9508 0 8976
9509 0 7651
9510 1 2060
9511 0 4750
9512 1 6149
9513 1 2448
9514 0 9311
9515 1 6743
9516 0 9613
9517 0 558
9518 0 8895
9519 1 3271
9520 0 5099
9521 0 5597
9522 1 7408
9523 0 4340
9524 1 9887
9525 0 2422
9526 0 5344
9527 0 4439
9528 0 1994
9529 0 9155
9530 1 9826
9531 1 7675
9532 1 5033
9533 1 8661
9534 0 2289
9535 0 6802
9536 1 4189
9537 1 5482
9538 0 3813
9539 0 9408
9540 0 5882
9541 0 1071
9542 0 7674
9543 0 6853
9544 0 5054
9545 1 3146
9546 0 1235
9547 1 3812
9548 0 3579
9549 0 9938
9550 0 4426
9551 0 1984
9552 1 6331
9553 1 1077
9554 0 2886
9555 1 4195
9556 0 2730
9557 0 3906
9558 0 4782
9559 0 4341
9560 1 4507
9561 0 5047
9562 1 9864
9563 0 4387
9564 1 4422
9565 1 9116
9566 1 6100
9567 0 6540
9568 1 4943
9569 0 1472
9570 0 4023
9571 1 298
9572 0 2428
9573 1 1053
9574 1 9757
9575 1 3923
9576 1 3939
9577 1 6588
9578 1 1071
9579 0 6945
9580 0 993
9581 0 7167
9582 0 4949
9583 0 339
9584 1 2349
9585 1 1324
9586 1 2362
9587 1 9210
9588 0 3858
9589 1 602
9590 1 8186
9591 0 9921
9592 1 4141
9593 1 925
9594 0 6600
9595 0 3717
9596 1 1608
9597 0 7456
9598 0 2732
9599 1 2263
9600 1 968
9601 0 2983
9602 1 2733
9603 1 5441
9604 0 2778
9605 1 443
9606 1 1174
9607 1 7267
9608 0 8261
9609 0 1840
9610 0 6755
9611 1 8703
9612 0 8419
9613 0 2666
9614 1 1909
9615 1 3123
9616 0 5684
9617 1 6384
9618 1 1017
9619 1 1731
9620 0 3480
9621 1 10000
9622 1 7370
9623 0 1666
9624 1 8456
9625 1 7026
9626 0 8283
9627 1 1269
9628 0 9952
9629 0 4841
9630 1 6469
9631 0 4093
9632 0 2223
9633 0 4808
9634 0 7561
9635 1 592
9636 0 522
9637 0 1259
9638 1 1228
9639 1 1391
9640 1 6675
9641 1 1916
9642 0 5155
9643 0 7817
9644 1 9570
9645 1 542
9646 1 2815
9647 1 5295
9648 1 5946
9649 0 2160
9650 0 4735
9651 0 7613
9652 1 3649
9653 0 9007
9654 1 6816
9655 1 5010
9656 1 6904
9657 0 6761
9658 0 9920
9659 1 9848
9660 1 7788
9661 1 3552
9662 0 9019
9663 0 2242
9664 0 1783
9665 0 7240
9666 1 3230
9667 1 5582
9668 0 1329
9669 0 3912
9670 1 178
9671 1 3089
9672 1 3652
9673 1 8261
9674 0 5616
9675 0 5720
9676 1 396
9677 0 932
9678 1 7199
9679 1 4192
9680 0 9124
9681 1 5293
9682 1 4367
9683 1 8074
9684 1 1208
9685 1 7483
9686 1 1438
9687 0 1075
9688 1 4093
9689 1 6805
9690 0 4749
9691 0 670
9692 1 665
9693 1 738
9694 1 2272
9695 0 5937
9696 1 1274
9697 0 4768
9698 1 1897
9699 0 8539
9700 1 2423
9701 1 7354
9702 0 5043
9703 1 4096
9704 0 238
9705 1 2532
9706 0 6094
9707 0 5803
9708 1 3762
9709 1 751
9710 0 1820
9711 1 9430
9712 1 9764
9713 0 7000
9714 0 3488
9715 1 5253
9716 0 7352
9717 1 9145
9718 1 8299
9719 1 2326
9720 1 4679
9721 1 6664
9722 0 1653
9723 1 2085
9724 0 647
9725 1 8181
9726 1 9401
9727 1 1023
9728 0 5936
9729 1 424
9730 0 3054
9731 0 5289
9732 1 2102
9733 1 4482
9734 0 3915
9735 0 4900
9736 0 2171
9737 1 3096
9738 1 7166
9739 0 6849
9740 0 7554
9741 0 5692
9742 1 9232
9743 0 95
9744 0 3832
9745 1 9283
9746 1 3484
9747 1 6615
9748 0 6974
9749 1 2327
9750 1 7746
9751 1 4981
9752 0 7033
9753 1 7326
9754 0 1802
9755 0 8538
9756 0 1606
9757 1 5753
9758 0 8576
9759 1 9872
9760 0 6830
9761 1 1513
9762 1 7745
9763 0 699
9764 1 9056
9765 0 903
9766 0 9327
9767 0 1199
9768 0 5929
9769 0 6096
9770 1 4120
9771 1 9200
9772 1 3244
9773 1 6192
9774 0 2255
9775 0 3312
9776 0 8704
9777 0 873
9778 0 3225
9779 0 8385
9780 0 6521
9781 1 1096
9782 0 1301
9783 0 9470
9784 0 6507
9785 0 7078
9786 0 2222
9787 0 4231
9788 1 2451
9789 1 3607
9790 1 7944
9791 0 7363
9792 1 1256
9793 0 3223
9794 1 6407
9795 0 1614
9796 0 227
9797 0 4941
9798 0 9751
9799 0 5698
9800 1 5227
9801 0 3292
9802 1 9081
9803 0 5403
9804 1 3093
9805 1 1890
9806 1 7620
9807 0 2492
9808 0 3617
9809 1 7434
9810 1 786
9811 1 1763
9812 1 8306
9813 1 759
9814 0 5694
9815 0 7923
9816 1 6198
9817 0 2393
9818 1 4862
9819 0 8824
9820 1 137
9821 0 2990
9822 1 3852
9823 0 9473
9824 0 812
9825 0 1231
9826 0 992
9827 1 3859
9828 1 3479
9829 0 7395
9830 0 6566
9831 1 4987
9832 1 5918
9833 1 7224
9834 0 4254
9835 1 8980
9836 0 6917
9837 1 1248
9838 0 3194
9839 0 899
9840 0 9143
9841 1 8487
9842 1 2279
9843 0 4982
9844 1 6976
9845 0 1900
9846 0 7499
9847 1 4357
9848 1 795
9849 1 8839
9850 0 9984
9851 1 3310
9852 0 4730
9853 0 1766
9854 0 5054
9855 1 4946
9856 1 5569
9857 1 3627
9858 1 5638
9859 1 7596
9860 1 6710
9861 1 7011
9862 0 8220
9863 0 325
9864 0 8420
9865 1 3061
9866 0 4356
9867 0 2576
9868 1 5266
9869 1 4259
9870 0 8958
9871 0 3652
9872 1 310
9873 0 6071
9874 1 5812
9875 1 9324
9876 1 934
9877 1 1073
9878 1 758
9879 0 1745
9880 1 8021
9881 1 3182
9882 0 8212
9883 0 3197
9884 1 2134
9885 1 9297
9886 0 269
9887 1 3315
9888 1 4727
9889 1 8035
9890 0 4502
9891 1 3816
9892 0 6193
9893 0 6811
9894 0 1253
9895 1 5996
9896 0 9777
9897 1 96
9898 0 8463
9899 0 6175
9900 0 8759
9901 1 8854
9902 1 6822
9903 1 916
9904 1 1284
9905 0 6295
9906 1 2982
9907 1 2900
9908 1 8911
9909 0 8211
9910 1 4080
9911 1 8904
9912 1 5259
9913 0 4632
9914 0 8263
9915 1 9706
9916 1 9693
9917 0 3811
9918 0 6206
9919 1 9663
9920 1 1108
9921 0 4830
9922 1 4596
9923 0 436
9924 0 8726
9925 1 5533
9926 0 7390
9927 1 6250
9928 0 6178
9929 0 7787
9930 1 150
9931 0 9938
9932 0 4452
9933 1 6767
9934 0 3408
9935 1 1429
9936 0 5810
9937 0 3714
9938 1 1802
9939 0 6485
9940 0 7837
9941 0 9190
9942 1 7464
9943 0 7856
9944 0 8020
9945 0 7457
9946 0 2626
9947 0 7975
9948 1 1251
9949 1 674
9950 0 8968
9951 1 9892
9952 0 8734
9953 1 9119
9954 0 3788
9955 1 3449
9956 0 3089
9957 0 4047
9958 0 269
9959 0 1053
9960 1 4461
9961 0 9200
9962 1 4009
9963 0 1312
9964 0 6914
9965 0 3133
9966 0 2678
9967 0 7628
9968 0 7398
9969 1 5783
9970 1 2646
9971 1 4550
9972 0 5482
9973 1 7601
9974 1 7180
9975 0 9673
9976 1 4292
9977 0 4663
9978 0 2658
9979 1 6981
9980 0 3409
9981 0 535
9982 0 837
9983 1 6425
9984 0 6439
9985 0 8150
9986 1 7033
9987 0 2604
9988 1 2017
9989 1 6586
9990 1 9254
9991 1 1748
9992 0 2866
9993 1 4151
9994 1 9585
9995 1 585
9996 0 4563
9997 1 2249
9998 1 9363
9999 1 1651
10000 1 1968
